utility,substation_name,magnitude,n_nodes_prox,n_nodes_volt,reassigned,mass_moved_frac,mass_moved_mw,avg_dist_prox_km,avg_dist_volt_km,added_dist_km,assignment_method_volt
pge,18TH STREET,1.7588229166666667,1,1,True,1.0,1.7588229166666667,2.325244,4.185726,1.8604819999999997,nearest
pge,21ST AVENUE,2.4171840277777776,1,1,True,1.0,2.4171840277777776,5.159198,7.545308,2.3861100000000004,nearest
pge,6TH AVENUE,2.269579861111111,1,1,True,1.0,2.269579861111111,4.205581,5.677227,1.4716460000000007,nearest
pge,7TH STANDARD,14.658750000000001,1,2,True,1.0,14.658750000000001,3.645788,8.481841500000002,4.836053500000002,nearest
pge,8TH AVENUE,0.8075625,1,1,True,1.0,0.8075625,1.076686,4.086173,3.0094869999999996,nearest
pge,ACTON,2.1911388888888887,1,1,True,1.0,2.1911388888888887,1.922531,6.436049,4.5135179999999995,nearest
pge,AIRWAYS,26.306604166666666,1,1,False,0.0,0.0,0.023685,0.023685,0.0,nearest
pge,ALHAMBRA,7.533729166666666,1,1,False,0.0,0.0,0.026718,0.026718,0.0,nearest
pge,ALLEGHANY,0.9009375,1,1,False,0.0,0.0,0.046128,0.046128,0.0,nearest
pge,ALMADEN,15.387107638888889,1,1,False,0.0,0.0,0.016943,0.016943,0.0,nearest
pge,ALPAUGH,10.974197916666666,1,1,False,0.0,0.0,10.861192,10.861192,0.0,nearest_voltage_fallback
pge,ALPINE,0.5767708333333332,1,1,False,0.0,0.0,17.87078,17.87078,0.0,nearest_voltage_fallback
pge,ALTO,25.231402777777777,1,1,False,0.0,0.0,0.013853,0.013853,0.0,nearest_novoltage
pge,AMES,7.832354166666666,1,1,False,0.0,0.0,0.064914,0.064914,0.0,nearest
pge,ANDERSON,6.771982638888889,1,1,False,0.0,0.0,0.042799,0.042799,0.0,nearest
pge,ANITA,6.864798611111111,1,1,False,0.0,0.0,5.735782,5.735782,0.0,nearest_novoltage
pge,ANNAPOLIS,0.2685486111111111,1,1,False,0.0,0.0,0.112003,0.112003,0.0,nearest
pge,ANTELOPE,1.6905138888888889,1,1,False,0.0,0.0,0.033474,0.033474,0.0,nearest
pge,ANTLER,1.3022604166666667,1,1,False,0.0,0.0,18.206016,18.206016,0.0,nearest_novoltage
pge,APPLE HILL,10.691211805555556,1,1,False,0.0,0.0,7.834166,7.834166,0.0,nearest_novoltage
pge,ARANA,1.092579861111111,1,1,False,0.0,0.0,0.024842,0.024842,0.0,nearest
pge,ARBUCKLE,7.814906250000001,2,2,False,0.0,0.0,5.493074,5.493074,0.0,nearest
pge,ARCATA,10.883121527777778,1,1,False,0.0,0.0,0.02891,0.02891,0.0,nearest
pge,ARLINGTON,0.4794895833333333,1,1,False,0.0,0.0,0.007053,0.007053,0.0,nearest
pge,ARVIN,6.089048611111111,1,1,False,0.0,0.0,6.394125,6.394125,0.0,nearest
pge,ASHLAN AVE,54.51189930555555,1,1,False,0.0,0.0,4.283956,4.283956,0.0,nearest_voltage_fallback
pge,ATASCADERO,8.034142361111112,1,1,False,0.0,0.0,0.031158,0.031158,0.0,nearest
pge,ATWATER,23.940145833333332,1,1,False,0.0,0.0,0.008591,0.008591,0.0,nearest
pge,AUBERRY,5.716340277777778,2,2,False,0.0,0.0,30.757908999999998,30.757908999999998,0.0,nearest_voltage_fallback
pge,AUBURN,2.76553125,1,1,False,0.0,0.0,0.020953,0.020953,0.0,nearest_novoltage
pge,AVENA,5.912597222222222,1,1,False,0.0,0.0,0.054238,0.054238,0.0,nearest
pge,AVENAL,7.084902777777778,1,1,False,0.0,0.0,7.290426,7.290426,0.0,nearest
pge,BABEL,0.5572534722222222,3,1,True,0.666667,0.3715025005659722,3.9328760671199996,3.880817,-0.052059067119999636,nearest
pge,BAHIA,20.87379513888889,1,1,False,0.0,0.0,0.030658,0.030658,0.0,nearest
pge,BAKERSFIELD,56.15476736111111,1,1,False,0.0,0.0,0.150549,0.150549,0.0,nearest_voltage_fallback
pge,BALCH NO 1,0.058093750000000006,1,1,False,0.0,0.0,22.70435,22.70435,0.0,nearest_voltage_fallback
pge,BALFOUR,1.0450069444444443,1,1,False,0.0,0.0,4.66032,4.66032,0.0,nearest
pge,BANCROFT,1.393892361111111,1,1,False,0.0,0.0,0.068682,0.068682,0.0,nearest_novoltage
pge,BANGOR,2.5195937500000003,1,1,False,0.0,0.0,0.036527,0.036527,0.0,nearest_novoltage
pge,BARRETT,1.60359375,1,1,False,0.0,0.0,0.051208,0.051208,0.0,nearest
pge,BARRY,1.689170138888889,1,1,False,0.0,0.0,0.010782,0.010782,0.0,nearest
pge,BARTON,41.15374652777778,1,1,False,0.0,0.0,3.454692,3.454692,0.0,nearest
pge,BASALT,12.705468750000001,1,1,False,0.0,0.0,0.016846,0.016846,0.0,nearest
pge,BAY MEADOWS,65.7536076388889,1,1,True,1.0,65.7536076388889,0.03455,7.563273,7.528722999999999,nearest
pge,BAYWOOD,1.1265069444444444,1,1,False,0.0,0.0,0.030379,0.030379,0.0,nearest
pge,BEACH (Q),0.7490416666666666,1,1,True,1.0,0.7490416666666666,1.971129,3.002132,1.0310030000000001,nearest
pge,BEAR VALLEY,2.555576388888889,1,1,False,0.0,0.0,12.362933,12.362933,0.0,nearest_voltage_fallback
pge,BECK STREET,0.2688715277777778,3,1,True,0.666667,0.1792477748090278,3.4379092287539996,3.43274,-0.005169228753999722,nearest
pge,BELL,15.621381944444444,1,1,False,0.0,0.0,0.022936,0.022936,0.0,nearest
pge,BELLEVUE,33.421569444444444,1,1,True,1.0,33.421569444444444,4.581323,7.552421,2.9710979999999996,nearest
pge,BELMONT,46.1036875,1,1,False,0.0,0.0,3.904728,3.904728,0.0,nearest_novoltage
pge,BEN LOMOND,1.6577395833333333,1,1,False,0.0,0.0,4.256751,4.256751,0.0,nearest
pge,BERESFORD,4.283204861111112,1,1,False,0.0,0.0,0.040101,0.040101,0.0,nearest
pge,BERKELEY F,19.751649305555556,1,1,False,0.0,0.0,0.011725,0.011725,0.0,nearest_novoltage
pge,BERKELEY T,1.5345555555555555,1,1,False,0.0,0.0,0.068896,0.068896,0.0,nearest_novoltage
pge,BIG BASIN,4.079291666666666,1,1,False,0.0,0.0,0.042964,0.042964,0.0,nearest
pge,BIG BEND,0.5164166666666667,2,2,False,0.0,0.0,23.526372000000002,23.526372000000002,0.0,nearest_voltage_fallback
pge,BIG LAGOON,0.08513888888888889,1,1,False,0.0,0.0,0.0687,0.0687,0.0,nearest
pge,BIG MEADOWS,2.462378472222222,1,1,False,0.0,0.0,15.097443,15.097443,0.0,nearest_voltage_fallback
pge,BIG RIVER,3.0257916666666667,1,1,False,0.0,0.0,0.013282,0.013282,0.0,nearest
pge,BIOLA,8.49790625,1,1,False,0.0,0.0,0.023764,0.023764,0.0,nearest
pge,BLACKWELL,2.3546458333333335,3,3,False,1.0000000000287557e-06,2.354645833401043e-06,13.701580631738999,13.701580631738999,0.0,nearest_voltage_fallback
pge,BLUE LAKE,2.4617916666666666,1,1,False,0.0,0.0,8.224626,8.224626,0.0,nearest
pge,BOGUE,21.995239583333333,1,1,False,0.0,0.0,4.747621,4.747621,0.0,nearest_voltage_fallback
pge,BOLINAS,1.8352348484848484,1,1,False,0.0,0.0,0.054169,0.054169,0.0,nearest
pge,BONITA,6.364927083333333,1,1,False,0.0,0.0,0.043746,0.043746,0.0,nearest
pge,BONNIE NOOK,0.9138125,1,1,False,0.0,0.0,16.562487,16.562487,0.0,nearest_voltage_fallback
pge,BORDEN,10.773187499999999,1,1,False,0.0,0.0,0.79428,0.79428,0.0,nearest_voltage_fallback
pge,BORONDA,2.625680555555556,1,1,False,0.0,0.0,0.036132,0.036132,0.0,nearest_voltage_fallback
pge,BOWLES,7.412673611111111,1,1,False,0.0,0.0,0.025268,0.025268,0.0,nearest
pge,BRENTWOOD,42.438722222222225,1,1,True,1.0,42.438722222222225,4.415392,7.84608,3.430688,nearest
pge,BRIDGEVILLE,0.4437048611111111,1,1,False,0.0,0.0,22.091895,22.091895,0.0,nearest_voltage_fallback
pge,BRITTON,57.65087152777778,1,1,False,0.0,0.0,0.041503,0.041503,0.0,nearest
pge,BROOKSIDE,0.5701493055555555,1,1,False,0.0,0.0,0.013811,0.013811,0.0,nearest
pge,BROWNS VALLEY,0.9801625,1,1,False,0.0,0.0,3.86925,3.86925,0.0,nearest
pge,BRUNSWICK,26.51664583333333,1,1,False,0.0,0.0,12.563202,12.563202,0.0,nearest_voltage_fallback
pge,BUCKS CREEK,0.24098958333333334,2,2,False,0.0,0.0,33.4342605,33.4342605,0.0,nearest_voltage_fallback
pge,BUELLTON,8.546833333333332,1,1,False,0.0,0.0,0.06008,0.06008,0.0,nearest
pge,BUENA VISTA,21.048600694444445,1,1,False,0.0,0.0,0.458267,0.458267,0.0,nearest
pge,BULLARD,43.91063541666667,1,1,False,0.0,0.0,4.234212,4.234212,0.0,nearest
pge,BURLINGAME,7.309159722222223,1,1,False,0.0,0.0,0.049322,0.049322,0.0,nearest
pge,BURNEY,2.526736111111111,1,1,False,0.0,0.0,3.473628,3.473628,0.0,nearest_novoltage
pge,BURNS,0.77190625,1,1,False,0.0,0.0,0.055825,0.055825,0.0,nearest
pge,BUTTE,15.801951388888888,1,1,False,0.0,0.0,0.022913,0.022913,0.0,nearest
pge,CABRILLO,4.4653125,1,1,False,0.0,0.0,0.008449,0.008449,0.0,nearest
pge,CAL WATER,7.327017361111111,1,2,True,1.0,7.327017361111111,0.026926,6.9493835,6.9224575,nearest
pge,CALAVERAS CEMENT,5.627725694444445,1,1,False,0.0,0.0,0.128199,0.128199,0.0,nearest
pge,CALFLAX,2.985513888888889,1,1,False,0.0,0.0,0.014631,0.014631,0.0,nearest
pge,CALIFORNIA AVE,49.03263888888889,1,1,True,1.0,49.03263888888889,0.027983,3.261175,3.2331920000000003,nearest
pge,CALISTOGA,7.767152777777778,1,1,False,0.0,0.0,0.062125,0.062125,0.0,nearest
pge,CALPELLA,5.854236111111111,1,1,True,1.0,5.854236111111111,2.850866,5.972556,3.12169,nearest
pge,CAMDEN,15.436322916666667,1,1,False,0.0,0.0,0.034443,0.034443,0.0,nearest
pge,CAMP EVERS,21.598506944444445,1,1,False,0.0,0.0,0.035421,0.035421,0.0,nearest
pge,CANAL,20.994590277777778,1,1,False,0.0,0.0,0.036446,0.036446,0.0,nearest_novoltage
pge,CANTUA,2.8970625,1,1,False,0.0,0.0,15.746797,15.746797,0.0,nearest_voltage_fallback
pge,CAPAY,3.5589999999999997,1,1,False,0.0,0.0,8.195736,8.195736,0.0,nearest
pge,CARLOTTA,0.9099479166666666,1,1,False,0.0,0.0,5.895977,5.895977,0.0,nearest
pge,CARNERAS,3.1813784722222223,2,2,False,0.0,0.0,4.758411000000001,4.758411000000001,0.0,nearest
pge,CAROLANDS,4.899763888888889,1,1,False,0.0,0.0,0.030406,0.030406,0.0,nearest
pge,CARQUINEZ,7.515951388888889,1,1,False,0.0,0.0,0.952029,0.952029,0.0,nearest
pge,CARRIZO PLAINS,0.2631041666666667,1,1,False,0.0,0.0,27.407071,27.407071,0.0,nearest_voltage_fallback
pge,CARUTHERS,14.990027777777776,1,1,False,0.0,0.0,0.06479,0.06479,0.0,nearest_novoltage
pge,CASSERLY,0.26394791666666667,1,1,False,0.0,0.0,2.081959,2.081959,0.0,nearest
pge,CASSIDY,9.110711805555557,1,1,False,0.0,0.0,0.018004,0.018004,0.0,nearest
pge,CASTRO,1.5086840277777778,1,1,True,1.0,1.5086840277777778,1.269232,4.7899,3.5206680000000006,nearest
pge,CASTRO VALLEY,40.072319444444446,1,1,False,0.0,0.0,0.055955,0.055955,0.0,nearest
pge,CATLETT,3.9328958333333333,1,1,False,0.0,0.0,0.009338,0.009338,0.0,nearest
pge,CAYETANO,8.878833333333333,1,1,False,0.0,0.0,0.048765,0.048765,0.0,nearest_voltage_fallback
pge,CAYUCOS,2.8725381944444446,1,1,False,0.0,0.0,0.030581,0.030581,0.0,nearest
pge,CEDAR CREEK,0.7479097222222222,1,1,False,0.0,0.0,28.291627,28.291627,0.0,nearest_novoltage
pge,CHALLENGE,1.3185520833333333,1,1,False,0.0,0.0,0.043864,0.043864,0.0,nearest
pge,CHANNEL,5.951513888888889,1,1,False,0.0,0.0,0.019911,0.019911,0.0,nearest
pge,CHARCA,9.631319444444445,1,1,False,0.0,0.0,0.005936,0.005936,0.0,nearest
pge,CHEROKEE,6.8531458333333335,1,1,False,0.0,0.0,0.02871,0.02871,0.0,nearest
pge,CHESTER,1.8316736111111114,1,1,False,0.0,0.0,17.724607,17.724607,0.0,nearest_voltage_fallback
pge,CHICO A,6.254388888888888,1,1,False,0.0,0.0,0.986901,0.986901,0.0,nearest_novoltage
pge,CHICO B,9.810979166666666,1,1,False,0.0,0.0,0.031688,0.031688,0.0,nearest
pge,CHICO C,0.3925659722222222,1,1,False,0.0,0.0,2.082094,2.082094,0.0,nearest_voltage_fallback
pge,CHOLAME,5.365079861111111,1,1,False,0.0,0.0,12.607108,12.607108,0.0,nearest_voltage_fallback
pge,CHOWCHILLA,20.381135416666666,1,1,False,0.0,0.0,17.544977,17.544977,0.0,nearest_voltage_fallback
pge,CLARK ROAD,2.484753472222222,1,1,False,0.0,0.0,16.113656,16.113656,0.0,nearest_voltage_fallback
pge,CLARKSVILLE,41.516496527777775,1,1,False,0.0,0.0,4.115283,4.115283,0.0,nearest_novoltage
pge,CLAY,6.952979166666667,1,1,False,0.0,0.0,0.006451,0.006451,0.0,nearest
pge,CLAYTON,34.36782986111111,1,1,False,0.0,0.0,0.025159,0.025159,0.0,nearest
pge,CLEAR LAKE,6.454704861111111,1,1,False,0.0,0.0,13.366873,13.366873,0.0,nearest_voltage_fallback
pge,CLOVERDALE,7.768777777777777,1,1,False,0.0,0.0,13.165186,13.165186,0.0,nearest_voltage_fallback
pge,CLOVIS,44.000618055555556,1,1,False,0.0,0.0,5.410016,5.410016,0.0,nearest
pge,COALINGA NO 1,10.082951388888889,1,1,False,0.0,0.0,6.316744,6.316744,0.0,nearest
pge,COALINGA NO 2,5.986163194444445,1,1,False,0.0,0.0,2.434067,2.434067,0.0,nearest
pge,COARSEGOLD,12.614666666666666,1,1,False,0.0,0.0,11.629693,11.629693,0.0,nearest_voltage_fallback
pge,COLONY,2.2198506944444443,1,1,False,0.0,0.0,0.078923,0.078923,0.0,nearest
pge,COLUMBIA HILL,1.3064583333333333,1,1,False,0.0,0.0,0.031728,0.031728,0.0,nearest
pge,COLUMBUS,17.38915625,1,3,True,1.0,17.38915625,0.018848,4.694444305551,4.675596305551,nearest
pge,COLUSA,7.2911215277777774,1,1,False,0.0,0.0,0.046827,0.046827,0.0,nearest
pge,COLUSA JUNCTION,2.9261770833333336,1,1,False,0.0,0.0,2.755592,2.755592,0.0,nearest
pge,CONCORD NO 1,1.308173611111111,1,1,False,0.0,0.0,1.855669,1.855669,0.0,nearest
pge,CONTRA COSTA,56.88127430555556,1,2,True,1.0,56.88127430555556,0.10125,6.256191,6.154941,nearest
pge,COPPERMINE,5.4740625,1,1,False,0.0,0.0,9.730705,9.730705,0.0,nearest_voltage_fallback
pge,COPUS,6.448194444444444,1,1,False,0.0,0.0,8.493506,8.493506,0.0,nearest
pge,CORCORAN,23.627118055555556,1,1,False,0.0,0.0,2.754155,2.754155,0.0,nearest_voltage_fallback
pge,CORDELIA,10.413277777777777,1,1,False,0.0,0.0,2.647066,2.647066,0.0,nearest
pge,CORNING,16.372659722222224,1,1,False,0.0,0.0,0.025855,0.025855,0.0,nearest
pge,CORONA,12.279246527777778,1,1,True,1.0,12.279246527777778,0.020706,5.979941,5.9592350000000005,nearest
pge,CORRAL,7.086677083333333,1,1,False,0.0,0.0,15.189965,15.189965,0.0,nearest_voltage_fallback
pge,CORTINA,2.4596458333333335,2,2,False,0.0,0.0,21.571008,21.571008,0.0,nearest_voltage_fallback
pge,COTATI,12.325958333333334,1,1,False,0.0,0.0,0.028983,0.028983,0.0,nearest
pge,COTTLE,22.58332638888889,1,1,False,0.0,0.0,2.953586,2.953586,0.0,nearest_voltage_fallback
pge,COTTONWOOD,9.334649305555555,1,1,False,0.0,0.0,6.647193,6.647193,0.0,nearest_voltage_fallback
pge,COUNTRY CLUB,11.508805555555556,1,1,False,0.0,0.0,0.074599,0.074599,0.0,nearest
pge,COVELO,1.956767361111111,1,1,False,0.0,0.0,0.031762,0.031762,0.0,nearest
pge,CRESCENT MILLS,1.541638888888889,1,1,False,0.0,0.0,8.679207,8.679207,0.0,nearest_novoltage
pge,CRESSEY,8.896625,1,1,False,0.0,0.0,0.016063,0.016063,0.0,nearest
pge,CRESTA PH,0.004774305555555556,1,1,False,0.0,0.0,34.736798,34.736798,0.0,nearest_voltage_fallback
pge,CROWS LANDING,1.5738506944444444,1,1,False,0.0,0.0,11.034427,11.034427,0.0,nearest_voltage_fallback
pge,CURTIS,25.168881944444443,1,1,False,0.0,0.0,5.893923,5.893923,0.0,nearest
pge,CUYAMA,10.144010416666667,1,1,False,0.0,0.0,24.508525,24.508525,0.0,nearest_voltage_fallback
pge,DAIRYLAND,21.625663194444442,1,1,False,0.0,0.0,14.055798,14.055798,0.0,nearest_voltage_fallback
pge,DAIRYVILLE,1.194548611111111,1,1,False,0.0,0.0,0.010237,0.010237,0.0,nearest
pge,DALY CITY,49.29435763888889,1,1,False,0.0,0.0,0.045286,0.045286,0.0,nearest
pge,DAVIS,42.392673611111114,1,1,False,0.0,0.0,0.049191,0.049191,0.0,nearest_voltage_fallback
pge,DAYTON ROAD,0.47187500000000004,1,1,False,0.0,0.0,0.867543,0.867543,0.0,nearest
pge,DEEPWATER,21.233833333333333,1,1,True,1.0,21.233833333333333,1.957399,8.855169,6.89777,nearest
pge,DEL MAR,24.91094097222222,1,1,False,0.0,0.0,0.010044,0.010044,0.0,nearest
pge,DEL MONTE,34.011381944444445,1,1,True,1.0,34.011381944444445,0.14783,2.509307,2.3614770000000003,nearest
pge,DESCHUTES,6.194583333333333,1,1,False,0.0,0.0,7.612559,7.612559,0.0,nearest_voltage_fallback
pge,DEVILS DEN,1.4765243055555555,1,1,False,0.0,0.0,0.085695,0.085695,0.0,nearest
pge,DIAMOND SPRINGS,17.932559027777778,1,1,False,0.0,0.0,0.014765,0.014765,0.0,nearest
pge,DINUBA,19.72225,1,1,False,0.0,0.0,0.037635,0.037635,0.0,nearest
pge,DIVIDE,10.896600694444444,1,1,True,1.0,10.896600694444444,0.096488,9.052815,8.956327,nearest
pge,DIXON,20.234621527777776,1,1,False,0.0,0.0,0.008335,0.008335,0.0,nearest_novoltage
pge,DIXON LANDING,51.540284722222225,1,1,True,1.0,51.540284722222225,0.061731,3.45321,3.391479,nearest
pge,DOBBINS,0.9220694444444444,1,1,False,0.0,0.0,8.141553,8.141553,0.0,nearest
pge,DOLAN ROAD,5.861090277777778,1,1,False,0.0,0.0,0.013613,0.013613,0.0,nearest_novoltage
pge,DOS PALOS,2.904527777777778,1,1,False,0.0,0.0,0.053638,0.053638,0.0,nearest_novoltage
pge,DRUM,0.29645486111111113,1,1,False,0.0,0.0,22.429372,22.429372,0.0,nearest_voltage_fallback
pge,DUMBARTON,46.37543055555555,1,1,False,0.0,0.0,0.038674,0.038674,0.0,nearest
pge,DUNBAR,9.450670138888889,1,1,False,0.0,0.0,7.60098,7.60098,0.0,nearest_voltage_fallback
pge,DUNLAP,1.7662013888888888,1,1,False,0.0,0.0,0.044806,0.044806,0.0,nearest
pge,DUNNIGAN,4.910625,1,1,False,0.0,0.0,0.055285,0.055285,0.0,nearest
pge,EAST GRAND,79.41298958333333,1,1,False,0.0,0.0,0.09298,0.09298,0.0,nearest
pge,EAST MARYSVILLE,8.312590277777778,1,1,False,0.0,0.0,0.013283,0.013283,0.0,nearest_voltage_fallback
pge,EAST NICOLAUS,4.475604166666667,1,1,False,0.0,0.0,11.404905,11.404905,0.0,nearest_voltage_fallback
pge,EAST QUINCY,2.31615625,1,1,False,0.0,0.0,1.94814,1.94814,0.0,nearest
pge,EAST STOCKTON,10.372256944444445,1,1,False,0.0,0.0,0.064983,0.064983,0.0,nearest_novoltage
pge,ECHO SUMMIT,0.4414895833333333,1,1,False,0.0,0.0,15.564697,15.564697,0.0,nearest_novoltage
pge,EDENVALE,56.32309027777777,2,2,False,0.0,0.0,0.07265049999999999,0.07265049999999999,0.0,nearest
pge,EDES,42.51688541666667,1,1,False,0.0,0.0,0.038108,0.038108,0.0,nearest
pge,EEL RIVER,5.2633680555555555,1,1,False,0.0,0.0,15.142823,15.142823,0.0,nearest_voltage_fallback
pge,EIGHT MILE,21.55101388888889,1,1,False,0.0,0.0,0.056128,0.056128,0.0,nearest
pge,EL CAPITAN,25.191854166666666,1,2,True,1.0,25.191854166666666,7.145325,9.95928,2.813955,nearest
pge,EL CERRITO G,39.86792361111111,1,1,True,1.0,39.86792361111111,0.043294,6.703321,6.6600269999999995,nearest
pge,EL DORADO PH,6.169371527777778,1,1,False,0.0,0.0,0.022944,0.022944,0.0,nearest
pge,EL NIDO,13.47670138888889,1,1,False,0.0,0.0,16.998821,16.998821,0.0,nearest_voltage_fallback
pge,EL PATIO,62.028499999999994,1,1,False,0.0,0.0,0.045912,0.045912,0.0,nearest
pge,EL PECO,9.229093749999999,1,1,False,0.0,0.0,0.028912,0.028912,0.0,nearest
pge,ELECTRA,3.534732638888889,1,1,False,0.0,0.0,9.140034,9.140034,0.0,nearest_voltage_fallback
pge,ELK,1.7166805555555555,1,1,False,0.0,0.0,21.231382,21.231382,0.0,nearest_voltage_fallback
pge,ELK CREEK,0.8836041666666667,1,1,False,0.0,0.0,24.773545,24.773545,0.0,nearest_voltage_fallback
pge,ELK HILLS,1.241767361111111,1,1,False,0.0,0.0,7.995006,7.995006,0.0,nearest
pge,EMERALD LAKE,1.448576388888889,3,3,False,1.0000000000287557e-06,1.4485763889305437e-06,4.208834457828,4.208834457828,0.0,nearest
pge,ERTA,1.0028055555555555,1,1,False,0.0,0.0,0.030304,0.030304,0.0,nearest
pge,ESQUON,2.6246354166666666,1,1,False,0.0,0.0,12.243505,12.243505,0.0,nearest_voltage_fallback
pge,ESTUDILLO,0.6940277777777778,1,1,False,0.0,0.0,1.333567,1.333567,0.0,nearest
pge,EUREKA A,7.1132534722222225,2,2,False,0.0,0.0,0.1289365,0.1289365,0.0,nearest
pge,EUREKA E,6.8402673611111116,2,2,False,0.0,0.0,0.1920135,0.1920135,0.0,nearest
pge,EVERGREEN,35.19166666666667,1,1,False,0.0,0.0,2.454546,2.454546,0.0,nearest
pge,FAIRHAVEN,1.8836979166666667,2,2,False,0.0,0.0,1.4378435,1.4378435,0.0,nearest
pge,FAIRMOUNT,1.467545138888889,1,1,False,0.0,0.0,0.043698,0.043698,0.0,nearest
pge,FAIRVIEW,17.45406597222222,1,1,False,0.0,0.0,0.194763,0.194763,0.0,nearest
pge,FAIRWAY,27.082895833333332,1,1,False,0.0,0.0,0.039828,0.039828,0.0,nearest
pge,FAMOSO,10.798197916666666,1,1,False,0.0,0.0,8.825483,8.825483,0.0,nearest
pge,FELLOWS,5.230097222222223,1,1,False,0.0,0.0,1.750054,1.750054,0.0,nearest
pge,FIGARDEN,55.457368055555555,1,1,False,0.0,0.0,0.061347,0.061347,0.0,nearest_voltage_fallback
pge,FIREBAUGH,9.126774305555555,1,1,False,0.0,0.0,2.184673,2.184673,0.0,nearest
pge,FITCH MOUNTAIN,5.783145833333333,1,1,False,0.0,0.0,12.405784,12.405784,0.0,nearest_voltage_fallback
pge,FLORENCE,0.45053125000000005,1,1,False,0.0,0.0,0.031964,0.031964,0.0,nearest_novoltage
pge,FMC,20.268166666666666,1,1,False,0.0,0.0,0.035739,0.035739,0.0,nearest
pge,FOOTHILL,3.7821388888888894,1,1,False,0.0,0.0,0.039439,0.039439,0.0,nearest
pge,FORESTHILL,3.667795138888889,1,1,False,0.0,0.0,0.109083,0.109083,0.0,nearest
pge,FORT BRAGG A,10.17248611111111,1,1,False,0.0,0.0,0.054993,0.054993,0.0,nearest
pge,FORT ORD,15.678666666666667,1,1,False,0.0,0.0,0.018956,0.018956,0.0,nearest
pge,FORT ROSS,0.7017361111111111,1,1,False,0.0,0.0,17.404716,17.404716,0.0,nearest_voltage_fallback
pge,FORT SEWARD,0.2911701388888889,1,1,False,0.0,0.0,21.932539,21.932539,0.0,nearest_voltage_fallback
pge,FRANKLIN,16.5338125,1,1,False,0.0,0.0,0.032262,0.032262,0.0,nearest
pge,FREMONT,40.47570486111111,1,1,False,0.0,0.0,3.612155,3.612155,0.0,nearest
pge,FRENCH CAMP,13.51317361111111,1,1,False,0.0,0.0,0.021823,0.021823,0.0,nearest
pge,FRENCH GULCH,0.5059270833333334,1,1,False,0.0,0.0,21.788192,21.788192,0.0,nearest_voltage_fallback
pge,FROGTOWN,8.587895833333333,1,1,False,0.0,0.0,9.90706,9.90706,0.0,nearest
pge,FRUITLAND,1.3531979166666668,1,1,False,0.0,0.0,0.092946,0.092946,0.0,nearest
pge,FRUITVALE,12.411864583333333,2,2,False,0.0,0.0,1.3635994999999999,1.3635994999999999,0.0,nearest_novoltage
pge,FULTON,23.43914236111111,1,1,False,0.0,0.0,0.076491,0.076491,0.0,nearest_voltage_fallback
pge,GABILAN,9.695107638888889,1,1,False,0.0,0.0,0.010842,0.010842,0.0,nearest
pge,GANSNER,2.2498125,1,1,False,0.0,0.0,3.941181,3.941181,0.0,nearest
pge,GANSO,6.7041562500000005,1,1,False,0.0,0.0,11.103658,11.103658,0.0,nearest_voltage_fallback
pge,GARBERVILLE,5.609597222222223,1,1,False,0.0,0.0,20.642883,20.642883,0.0,nearest_voltage_fallback
pge,GATES,11.06259375,1,1,False,0.0,0.0,10.636407,10.636407,0.0,nearest_voltage_fallback
pge,GERBER,2.9671666666666665,1,1,False,0.0,0.0,6.112705,6.112705,0.0,nearest
pge,GEYSERVILLE,7.106899305555555,1,1,False,0.0,0.0,0.029833,0.029833,0.0,nearest
pge,GIFFEN,2.085607638888889,1,1,False,0.0,0.0,12.822008,12.822008,0.0,nearest_voltage_fallback
pge,GILL,1.0332743055555556,1,3,True,1.0,1.0332743055555556,0.026873,2.854216145781,2.8273431457809997,nearest
pge,GIRVAN,4.681173611111111,1,1,False,0.0,0.0,0.019509,0.019509,0.0,nearest_novoltage
pge,GLENN,3.363076388888889,1,1,False,0.0,0.0,5.047153,5.047153,0.0,nearest_voltage_fallback
pge,GLENWOOD,12.767763888888888,1,1,False,0.0,0.0,0.03966,0.03966,0.0,nearest
pge,GOLDTREE,6.512291666666666,1,1,False,0.0,0.0,3.654817,3.654817,0.0,nearest
pge,GONZALES,10.301631944444445,1,1,False,0.0,0.0,0.05547,0.05547,0.0,nearest
pge,GOOSE LAKE,7.7732222222222225,1,1,False,0.0,0.0,12.869776,12.869776,0.0,nearest_voltage_fallback
pge,GRAND ISLAND,12.603899305555554,1,1,False,0.0,0.0,9.900277,9.900277,0.0,nearest_voltage_fallback
pge,GRANT,36.04771180555556,1,1,False,0.0,0.0,0.059513,0.059513,0.0,nearest
pge,GRASS VALLEY,6.5654861111111105,2,2,False,0.0,0.0,14.036411999999999,14.036411999999999,0.0,nearest_voltage_fallback
pge,GRAYS FLAT,0.07674652777777778,1,1,False,0.0,0.0,8.58366,8.58366,0.0,nearest
pge,GREEN VALLEY,33.11034375,1,1,True,1.0,33.11034375,0.021316,9.984973,9.963657,nearest
pge,GREENBRAE,15.128784722222223,1,1,False,0.0,0.0,0.021863,0.021863,0.0,nearest
pge,GUALALA,3.40978125,1,1,False,0.0,0.0,0.048274,0.048274,0.0,nearest
pge,GUERNSEY,16.057038194444445,1,1,False,0.0,0.0,3.251468,3.251468,0.0,nearest
pge,GUSTINE,7.647618055555556,1,1,False,0.0,0.0,9.304004,9.304004,0.0,nearest_voltage_fallback
pge,HAAS,0.24747916666666667,1,1,False,0.0,0.0,24.257661,24.257661,0.0,nearest_voltage_fallback
pge,HALF MOON BAY,15.622694444444445,1,1,False,0.0,0.0,0.063097,0.063097,0.0,nearest
pge,HALSEY,7.862871527777778,1,1,False,0.0,0.0,0.056357,0.056357,0.0,nearest
pge,HAMILTON A,2.9046909722222223,1,1,False,0.0,0.0,0.018948,0.018948,0.0,nearest_novoltage
pge,HAMILTON BRANCH,1.7874722222222224,1,1,False,0.0,0.0,6.722193,6.722193,0.0,nearest
pge,HAMMER,16.294795138888887,1,1,False,0.0,0.0,0.006262,0.006262,0.0,nearest
pge,HAMMONDS,2.3712881944444444,1,1,False,0.0,0.0,3.776677,3.776677,0.0,nearest_voltage_fallback
pge,HARDING,3.595923611111111,1,1,False,0.0,0.0,0.027457,0.027457,0.0,nearest
pge,HARRIS,9.055194444444446,1,1,False,0.0,0.0,0.051763,0.051763,0.0,nearest
pge,HARTER,18.30774652777778,1,1,False,0.0,0.0,0.028694,0.028694,0.0,nearest
pge,HARTLEY,6.636576388888889,1,1,False,0.0,0.0,7.811319,7.811319,0.0,nearest
pge,HATTON,8.552395833333334,1,1,False,0.0,0.0,0.032154,0.032154,0.0,nearest
pge,HAYWARD O,1.7190486111111112,1,1,False,0.0,0.0,0.040982,0.040982,0.0,nearest
pge,HENRIETTA,-8.138,1,1,False,0.0,-0.0,2.522922,2.522922,0.0,nearest_voltage_fallback
pge,HERDLYN,5.26246875,1,1,False,0.0,0.0,0.002191,0.002191,0.0,nearest
pge,HICKS,55.62924652777778,1,1,True,1.0,55.62924652777778,0.01411,6.178376,6.1642660000000005,nearest
pge,HIGGINS,14.278944444444445,1,1,False,0.0,0.0,8.936793,8.936793,0.0,nearest_voltage_fallback
pge,HIGHLANDS,12.655090277777779,1,1,False,0.0,0.0,11.423036,11.423036,0.0,nearest_voltage_fallback
pge,HIGHWAY,25.915934027777777,1,1,False,0.0,0.0,0.03679,0.03679,0.0,nearest_novoltage
pge,HILLSDALE,3.675670138888889,4,4,False,0.0,0.0,3.17960175,3.17960175,0.0,nearest
pge,HOLLISTER,34.757,1,1,False,0.0,0.0,9.456374,9.456374,0.0,nearest_voltage_fallback
pge,HOLLYWOOD,0.9337256944444445,1,1,True,1.0,0.9337256944444445,1.364117,2.637035,1.272918,nearest
pge,HONCUT,4.715211805555556,1,1,False,0.0,0.0,7.457266,7.457266,0.0,nearest_voltage_fallback
pge,HOOPA,2.533392361111111,1,1,False,0.0,0.0,36.809846,36.809846,0.0,nearest_voltage_fallback
pge,HOPLAND,2.9809513888888888,1,1,False,0.0,0.0,21.551399,21.551399,0.0,nearest_voltage_fallback
pge,HORSESHOE,17.480315972222222,1,1,False,0.0,0.0,0.025971,0.025971,0.0,nearest
pge,HUMBOLDT BAY PP,4.133850694444444,2,2,False,0.0,0.0,6.31456,6.31456,0.0,nearest_novoltage
pge,HURON,3.302416666666667,1,1,False,0.0,0.0,11.011919,11.011919,0.0,nearest_voltage_fallback
pge,IGNACIO,16.19498611111111,1,1,False,0.0,0.0,0.16318,0.16318,0.0,nearest_voltage_fallback
pge,INDIAN FLAT,1.7409166666666667,1,1,False,0.0,0.0,0.082169,0.082169,0.0,nearest
pge,INDUSTRIAL ACRES,2.881607638888889,1,1,False,0.0,0.0,0.045098,0.045098,0.0,nearest
pge,IONE,2.4239965277777777,1,1,False,0.0,0.0,0.039613,0.039613,0.0,nearest
pge,JACINTO,3.4540729166666666,1,1,False,0.0,0.0,0.017547,0.017547,0.0,nearest
pge,JACOBS CORNER,7.138385416666667,3,3,False,1.0000000000287557e-06,7.138385416871936e-06,9.211778121545999,9.211778121545999,0.0,nearest
pge,JAMESON,17.105774305555556,1,1,False,0.0,0.0,1.03159,1.03159,0.0,nearest
pge,JANES CREEK,9.768413194444443,1,1,False,0.0,0.0,0.015351,0.015351,0.0,nearest
pge,JARVIS,53.14384722222222,2,2,False,0.0,0.0,0.0280165,0.0280165,0.0,nearest
pge,JESSUP,8.517326388888888,1,1,True,1.0,8.517326388888888,2.337387,6.347764,4.010377,nearest
pge,JOLON,2.078875,1,1,False,0.0,0.0,0.059593,0.059593,0.0,nearest
pge,JUDAH,1.813746527777778,1,1,True,1.0,1.813746527777778,6.632046,8.568673,1.9366270000000005,nearest
pge,KANAKA,0.5939791666666667,1,1,False,0.0,0.0,12.387558,12.387558,0.0,nearest_voltage_fallback
pge,KEARNEY,8.550114583333333,2,2,False,0.0,0.0,0.3107785,0.3107785,0.0,nearest_voltage_fallback
pge,KERCKHOFF,0.25249305555555557,1,1,False,0.0,0.0,26.556709,26.556709,0.0,nearest_voltage_fallback
pge,KERMAN,23.999944444444445,1,1,False,0.0,0.0,12.229522,12.229522,0.0,nearest_voltage_fallback
pge,KERN OIL,31.338961805555552,1,1,False,0.0,0.0,0.030378,0.030378,0.0,nearest
pge,KERN POWER,28.12142013888889,2,2,False,0.0,0.0,1.8887360000000002,1.8887360000000002,0.0,nearest_voltage_fallback
pge,KETTLEMAN HILLS,3.3213854166666668,1,1,False,0.0,0.0,0.108713,0.108713,0.0,nearest
pge,KING CITY,10.500614583333334,1,1,False,0.0,0.0,1.282828,1.282828,0.0,nearest
pge,KINGSBURG,33.803361111111116,1,2,True,1.0,33.803361111111116,0.019702,5.724248,5.704546000000001,nearest
pge,KIRKER,41.07888888888888,1,2,True,1.0,41.07888888888888,0.018088,3.7795095,3.7614215,nearest
pge,KNIGHTS LANDING,3.04825,1,1,False,0.0,0.0,0.118322,0.118322,0.0,nearest_voltage_fallback
pge,KONOCTI,6.5241493055555555,1,1,False,0.0,0.0,0.030219,0.030219,0.0,nearest
pge,LAKEVIEW,10.360145833333334,1,1,False,0.0,0.0,4.868491,4.868491,0.0,nearest
pge,LAKEVILLE,9.526059027777778,1,1,False,0.0,0.0,0.099163,0.099163,0.0,nearest_voltage_fallback
pge,LAKEWOOD,59.095114583333334,1,1,True,1.0,59.095114583333334,0.046688,6.069048,6.022360000000001,nearest
pge,LAMMERS,27.330274305555555,1,1,False,0.0,0.0,5.92017,5.92017,0.0,nearest
pge,LAMONT,23.379229166666665,1,1,True,1.0,23.379229166666665,5.543556,6.847551,1.3039950000000005,nearest
pge,LAS GALLINAS A,16.850190972222222,1,1,False,0.0,0.0,0.022395,0.022395,0.0,nearest
pge,LAS POSITAS,50.12671180555556,1,1,False,0.0,0.0,4.744529,4.744529,0.0,nearest_voltage_fallback
pge,LAS PULGAS,4.504659722222223,1,1,False,0.0,0.0,0.038298,0.038298,0.0,nearest
pge,LAURELES,3.987277777777778,1,1,False,0.0,0.0,0.027958,0.027958,0.0,nearest
pge,LAWNDALE,1.3174479166666666,1,1,False,0.0,0.0,1.661668,1.661668,0.0,nearest_novoltage
pge,LAWRENCE,48.58919097222222,2,2,False,0.0,0.0,1.336364,1.336364,0.0,nearest
pge,LAYTONVILLE,2.33146875,1,1,False,0.0,0.0,0.041758,0.041758,0.0,nearest
pge,LE GRAND,9.982888888888889,1,1,False,0.0,0.0,16.904192,16.904192,0.0,nearest_voltage_fallback
pge,LEMOORE,17.363118055555557,2,2,False,0.0,0.0,0.792016,0.792016,0.0,nearest
pge,LERDO,31.309479166666662,1,1,True,1.0,31.309479166666662,4.484884,8.486274,4.00139,nearest
pge,LINCOLN,21.832378472222224,1,1,False,0.0,0.0,0.014444,0.014444,0.0,nearest_voltage_fallback
pge,LINDEN,6.942135416666667,1,1,False,0.0,0.0,0.032258,0.032258,0.0,nearest
pge,LIVE OAK,6.812013888888888,1,1,False,0.0,0.0,0.016311,0.016311,0.0,nearest
pge,LIVERMORE,6.530600694444445,1,1,False,0.0,0.0,0.030584,0.030584,0.0,nearest
pge,LIVINGSTON,12.001559027777779,1,1,False,0.0,0.0,0.021988,0.021988,0.0,nearest_novoltage
pge,LLAGAS,46.091086805555555,1,1,False,0.0,0.0,0.023594,0.023594,0.0,nearest
pge,LOCKEFORD,11.560583333333334,2,2,False,0.0,0.0,8.2232825,8.2232825,0.0,nearest_voltage_fallback
pge,LOCKHEED NO 1,9.839222222222222,1,1,False,0.0,0.0,1.228203,1.228203,0.0,nearest
pge,LOCKHEED NO 2,11.809027777777779,1,1,False,0.0,0.0,0.70949,0.70949,0.0,nearest
pge,LODI,6.467586805555555,1,1,False,0.0,0.0,0.069656,0.069656,0.0,nearest
pge,LOGAN CREEK,8.34290625,1,1,False,0.0,0.0,0.039354,0.039354,0.0,nearest
pge,LONE TREE,20.688899305555555,1,1,False,0.0,0.0,0.061274,0.061274,0.0,nearest
pge,LOS ALTOS,12.978496527777777,1,1,False,0.0,0.0,0.040935,0.040935,0.0,nearest
pge,LOS COCHES,2.9662256944444447,1,1,False,0.0,0.0,0.0378,0.0378,0.0,nearest
pge,LOS GATOS,15.536940972222222,1,1,False,0.0,0.0,0.015397,0.015397,0.0,nearest
pge,LOS MOLINOS,4.320083333333333,1,1,False,0.0,0.0,0.023923,0.023923,0.0,nearest
pge,LOS OSITOS,15.400857638888889,1,1,False,0.0,0.0,9.618384,9.618384,0.0,nearest
pge,LOW GAP,0.574954861111111,1,1,False,0.0,0.0,22.681468,22.681468,0.0,nearest_voltage_fallback
pge,LOYOLA,10.498090277777777,1,1,False,0.0,0.0,0.03804,0.03804,0.0,nearest
pge,LUCERNE,7.183937500000001,1,1,False,0.0,0.0,0.01115,0.01115,0.0,nearest
pge,MABURY,18.46136458333333,1,1,False,0.0,0.0,0.041639,0.041639,0.0,nearest
pge,MADERA,25.656885416666668,1,1,False,0.0,0.0,4.311839,4.311839,0.0,nearest
pge,MADISON,10.503437499999999,1,1,False,0.0,0.0,17.037318,17.037318,0.0,nearest_voltage_fallback
pge,MAGUNDEN,27.30504861111111,2,2,False,0.0,0.0,0.31747349999999996,0.31747349999999996,0.0,nearest_voltage_fallback
pge,MALAGA,36.80314930555556,1,1,False,0.0,0.0,0.735694,0.735694,0.0,nearest
pge,MANCHESTER,37.808625,2,1,True,0.5,18.9043125,6.9444479999999995,7.004725,0.060277000000000136,nearest
pge,MANTECA,39.46790277777777,1,1,False,0.0,0.0,0.048924,0.048924,0.0,nearest_voltage_fallback
pge,MAPLE,0.5555694444444444,1,1,True,1.0,0.5555694444444444,2.415519,4.526819,2.1112999999999995,nearest
pge,MAPLE CREEK,0.36624305555555553,1,1,False,0.0,0.0,20.136462,20.136462,0.0,nearest_novoltage
pge,MARICOPA,3.8352743055555556,1,1,False,0.0,0.0,0.086247,0.086247,0.0,nearest
pge,MARIPOSA,7.975013888888889,1,1,False,0.0,0.0,10.094162,10.094162,0.0,nearest_voltage_fallback
pge,MARTELL,7.102388888888889,1,1,False,0.0,0.0,0.038979,0.038979,0.0,nearest
pge,MARYSVILLE,17.701340277777778,1,1,False,0.0,0.0,0.012283,0.012283,0.0,nearest
pge,MAXWELL,2.3854305555555557,1,1,False,0.0,0.0,14.766202,14.766202,0.0,nearest_voltage_fallback
pge,MC ARTHUR,2.4740520833333335,1,1,False,0.0,0.0,10.110899,10.110899,0.0,nearest_voltage_fallback
pge,MC CALL,36.19260763888889,1,1,False,0.0,0.0,0.099412,0.099412,0.0,nearest_voltage_fallback
pge,MC FARLAND,7.900111111111111,1,1,False,0.0,0.0,0.013501,0.013501,0.0,nearest
pge,MC KEE,43.446937500000004,1,1,False,0.0,0.0,0.038306,0.038306,0.0,nearest
pge,MC MULLIN,11.889350694444444,1,1,False,0.0,0.0,0.027731,0.027731,0.0,nearest
pge,MCKITTRICK,0.9839340277777777,1,1,True,1.0,0.9839340277777777,6.074029,8.270084,2.1960550000000003,nearest
pge,MEADOW LANE,46.40193402777778,1,1,False,0.0,0.0,0.027706,0.027706,0.0,nearest
pge,MENDOCINO,2.0267048611111114,1,1,False,0.0,0.0,8.577532,8.577532,0.0,nearest_voltage_fallback
pge,MENDOTA,8.596128472222222,1,1,False,0.0,0.0,11.721619,11.721619,0.0,nearest_voltage_fallback
pge,MENLO,21.74119097222222,1,1,False,0.0,0.0,0.05302,0.05302,0.0,nearest
pge,MERCED,25.553166666666666,1,1,True,1.0,25.553166666666666,0.028912,7.422647,7.393735,nearest
pge,MERCED FALLS,3.7871354166666666,1,1,False,0.0,0.0,22.157602,22.157602,0.0,nearest_voltage_fallback
pge,MERIDIAN,2.38128125,1,1,False,0.0,0.0,0.051319,0.051319,0.0,nearest
pge,MESA,16.780371527777778,1,1,False,0.0,0.0,0.115937,0.115937,0.0,nearest_voltage_fallback
pge,METTLER,2.892263888888889,1,1,False,0.0,0.0,0.036429,0.036429,0.0,nearest
pge,MIDDLE RIVER,2.983125,1,1,False,0.0,0.0,6.960934,6.960934,0.0,nearest
pge,MIDDLETOWN,6.815618055555555,2,2,False,0.0,0.0,9.188123999999998,9.188123999999998,0.0,nearest_novoltage
pge,MIDWAY,10.894083333333334,1,1,False,0.0,0.0,10.172791,10.172791,0.0,nearest_voltage_fallback
pge,MILLBRAE,26.761170138888886,2,2,False,0.0,0.0,0.060892,0.060892,0.0,nearest
pge,MILPITAS,70.42689236111111,1,1,False,0.0,0.0,0.034557,0.034557,0.0,nearest
pge,MIRA VISTA,1.8299479166666666,1,1,False,0.0,0.0,0.014397,0.014397,0.0,nearest
pge,MIRABEL,5.063326388888889,1,1,False,0.0,0.0,8.953809,8.953809,0.0,nearest
pge,MIWUK,6.093065972222222,1,1,False,0.0,0.0,0.009567,0.009567,0.0,nearest
pge,MOLINO,21.777079861111112,1,1,False,0.0,0.0,0.066865,0.066865,0.0,nearest
pge,MONARCH,2.0451770833333334,1,1,False,0.0,0.0,0.024179,0.024179,0.0,nearest
pge,MONROE,30.6175,2,1,True,1.0,30.6175,3.3245465000000003,7.945001,4.6204545,nearest
pge,MONTAGUE,56.80220486111111,1,1,False,0.0,0.0,0.043705,0.043705,0.0,nearest
pge,MONTE RIO,6.889013888888889,1,1,False,0.0,0.0,0.065545,0.065545,0.0,nearest
pge,MONTICELLO,1.50475,1,1,False,0.0,0.0,19.67278,19.67278,0.0,nearest_voltage_fallback
pge,MORAGA,13.06398263888889,1,1,False,0.0,0.0,0.123588,0.123588,0.0,nearest_voltage_fallback
pge,MORGAN HILL,48.48752430555555,1,1,False,0.0,0.0,0.030172,0.030172,0.0,nearest
pge,MORMON,11.584472222222223,1,1,False,0.0,0.0,0.076346,0.076346,0.0,nearest
pge,MORRO BAY,9.468104166666667,1,1,False,0.0,0.0,0.038152,0.038152,0.0,nearest_voltage_fallback
pge,MOSHER,22.10839236111111,1,1,False,0.0,0.0,0.019446,0.019446,0.0,nearest
pge,MOUNTAIN QUARRIES,4.939878472222222,1,1,False,0.0,0.0,0.036318,0.036318,0.0,nearest
pge,MOUNTAIN VIEW,51.65581597222222,1,1,False,0.0,0.0,0.008856,0.008856,0.0,nearest
pge,MT EDEN,64.78167013888888,1,1,True,1.0,64.78167013888888,0.041719,1.472173,1.430454,nearest
pge,NAPA,24.586246527777778,1,1,True,1.0,24.586246527777778,0.042129,5.852309,5.81018,nearest
pge,NARROWS,9.93826736111111,1,1,False,0.0,0.0,4.154475,4.154475,0.0,nearest
pge,NEW HOPE,2.51134375,1,1,False,0.0,0.0,0.094815,0.094815,0.0,nearest
pge,NEWARK 12KV,11.670149305555556,1,1,False,0.0,0.0,0.246094,0.246094,0.0,nearest_voltage_fallback
pge,NEWARK 21KV,77.38321875,1,1,False,0.0,0.0,0.471709,0.471709,0.0,nearest_voltage_fallback
pge,NEWBURG,6.991309027777778,1,1,False,0.0,0.0,11.461194,11.461194,0.0,nearest_voltage_fallback
pge,NEWMAN,11.656246527777776,1,1,False,0.0,0.0,11.523738,11.523738,0.0,nearest_voltage_fallback
pge,NORCO,2.5520034722222222,1,1,False,0.0,0.0,0.052343,0.052343,0.0,nearest
pge,NORD,9.504913194444445,1,1,False,0.0,0.0,0.004841,0.004841,0.0,nearest
pge,NORIEGA,0.8760104166666667,1,1,True,1.0,0.8760104166666667,7.455655,9.799442,2.3437870000000007,nearest
pge,NORTECH,27.046940972222224,1,1,False,0.0,0.0,0.058902,0.058902,0.0,nearest
pge,NORTH DUBLIN,16.853565972222224,1,1,True,1.0,16.853565972222224,0.019934,7.548544,7.52861,nearest
pge,NORTH TOWER,16.809739583333332,1,1,False,0.0,0.0,0.065178,0.065178,0.0,nearest
pge,NOTRE DAME,13.591628472222222,1,1,False,0.0,0.0,0.01428,0.01428,0.0,nearest
pge,NOVATO,9.614041666666667,1,1,False,0.0,0.0,0.030363,0.030363,0.0,nearest
pge,OAK,0.6205173611111111,1,1,False,0.0,0.0,0.095251,0.095251,0.0,nearest
pge,OAKHURST,9.910833333333334,1,1,False,0.0,0.0,0.023569,0.023569,0.0,nearest
pge,OAKLAND C,45.95166666666667,2,2,False,0.0,0.0,0.060663,0.060663,0.0,nearest
pge,OAKLAND D,65.11557291666666,1,1,False,0.0,0.0,0.178296,0.178296,0.0,nearest
pge,OAKLAND I,1.5244270833333333,2,1,True,0.5,0.7622135416666667,1.9326355,1.879075,-0.0535604999999999,nearest
pge,OAKLAND J,119.54799652777777,1,1,False,0.0,0.0,0.042772,0.042772,0.0,nearest
pge,OAKLAND L,33.77305555555555,1,1,False,0.0,0.0,0.016043,0.016043,0.0,nearest
pge,OAKLAND X,33.70038888888889,1,1,False,0.0,0.0,0.019067,0.019067,0.0,nearest
pge,OCEAN,1.87609375,1,2,True,1.0,1.87609375,3.51678,8.132726,4.615946,nearest
pge,OCEANO,28.294302083333335,1,1,False,0.0,0.0,0.000752,0.000752,0.0,nearest
pge,OILFIELDS,3.9319340277777775,1,1,False,0.0,0.0,29.174864,29.174864,0.0,nearest_voltage_fallback
pge,OLD RIVER,17.783541666666665,1,1,False,0.0,0.0,12.070749,12.070749,0.0,nearest_voltage_fallback
pge,OLEMA,2.2608368055555554,1,1,False,0.0,0.0,0.009359,0.009359,0.0,nearest
pge,OLETA,4.0214375,1,1,False,0.0,0.0,0.013188,0.013188,0.0,nearest
pge,OLIVEHURST,12.519614583333333,1,1,False,0.0,0.0,4.507532,4.507532,0.0,nearest_voltage_fallback
pge,OREGON TRAIL,6.370864583333333,1,1,False,0.0,0.0,4.957745,4.957745,0.0,nearest
pge,ORICK,0.3895694444444444,1,1,False,0.0,0.0,0.023864,0.023864,0.0,nearest
pge,ORLAND B,7.699531250000001,1,1,False,0.0,0.0,4.392573,4.392573,0.0,nearest
pge,ORO FINO,4.126309027777777,1,1,False,0.0,0.0,21.488331,21.488331,0.0,nearest_novoltage
pge,ORO LOMA,7.857916666666666,1,1,False,0.0,0.0,6.4014,6.4014,0.0,nearest
pge,OROSI,8.211402777777778,1,1,False,0.0,0.0,0.019063,0.019063,0.0,nearest
pge,OROVILLE,10.914739583333334,2,2,False,0.0,0.0,3.4871605,3.4871605,0.0,nearest
pge,ORTIGA,7.209836805555556,1,1,False,0.0,0.0,0.031803,0.031803,0.0,nearest_novoltage
pge,OTTER,2.1224652777777777,1,1,False,0.0,0.0,0.063856,0.063856,0.0,nearest
pge,PACIFIC GROVE,2.5202743055555556,1,1,False,0.0,0.0,0.028648,0.028648,0.0,nearest
pge,PACIFICA,3.848895833333333,1,1,False,0.0,0.0,0.035711,0.035711,0.0,nearest
pge,PALMER,1.8716527777777776,1,1,False,0.0,0.0,0.039617,0.039617,0.0,nearest
pge,PALO SECO,0.6533020833333334,1,1,True,1.0,0.6533020833333334,2.190367,2.663955,0.4735879999999999,nearest
pge,PANAMA,14.388791666666666,1,1,False,0.0,0.0,0.015003,0.015003,0.0,nearest
pge,PANOCHE,5.212291666666667,1,1,False,0.0,0.0,4.775472,4.775472,0.0,nearest_voltage_fallback
pge,PANORAMA,5.022145833333333,1,1,False,0.0,0.0,3.606722,3.606722,0.0,nearest_voltage_fallback
pge,PARADISE,9.304527777777778,1,1,False,0.0,0.0,15.53075,15.53075,0.0,nearest_novoltage
pge,PARKWAY,10.753586805555555,1,1,False,0.0,0.0,0.031899,0.031899,0.0,nearest
pge,PARLIER,11.956562499999999,1,1,False,0.0,0.0,0.014723,0.014723,0.0,nearest_novoltage
pge,PARSONS,0.9217048611111112,1,1,False,0.0,0.0,0.042512,0.042512,0.0,nearest_novoltage
pge,PASO ROBLES,25.12042013888889,1,1,False,0.0,0.0,0.02053,0.02053,0.0,nearest
pge,PAUL SWEET,52.25383680555555,1,1,True,1.0,52.25383680555555,0.032653,6.683164,6.650511,nearest
pge,PEABODY,43.86074652777778,1,1,False,0.0,0.0,0.081179,0.081179,0.0,nearest_voltage_fallback
pge,PEACHTON,3.981052083333333,1,1,False,0.0,0.0,1.565417,1.565417,0.0,nearest_novoltage
pge,PEASE,11.782777777777778,1,1,False,0.0,0.0,0.017969,0.017969,0.0,nearest_voltage_fallback
pge,PENNGROVE,3.4054270833333335,1,1,False,0.0,0.0,0.023569,0.023569,0.0,nearest
pge,PENRYN,14.625833333333333,1,1,False,0.0,0.0,0.041223,0.041223,0.0,nearest
pge,PEORIA,10.274114583333334,1,1,False,0.0,0.0,5.603924,5.603924,0.0,nearest_voltage_fallback
pge,PERRY,4.15940625,1,1,False,0.0,0.0,0.059082,0.059082,0.0,nearest
pge,PETALUMA A,1.1606909722222223,1,1,False,0.0,0.0,0.038292,0.038292,0.0,nearest
pge,PETALUMA C,24.130447916666668,1,1,False,0.0,0.0,0.045876,0.045876,0.0,nearest
pge,PHILO,2.6029027777777776,1,1,False,0.0,0.0,22.383435,22.383435,0.0,nearest_voltage_fallback
pge,PIERCY,17.32292013888889,1,1,False,0.0,0.0,0.123991,0.123991,0.0,nearest
pge,PIKE CITY,0.34349999999999997,1,1,False,0.0,0.0,13.326626,13.326626,0.0,nearest_voltage_fallback
pge,PINE GROVE,7.1872638888888885,1,1,False,0.0,0.0,0.043121,0.043121,0.0,nearest
pge,PINECREST,0.06610069444444444,1,1,False,0.0,0.0,24.64169,24.64169,0.0,nearest_voltage_fallback
pge,PINEDALE,47.04622916666667,1,1,False,0.0,0.0,0.018576,0.018576,0.0,nearest
pge,PIT NO 1,1.1647916666666667,1,1,False,0.0,0.0,0.103184,0.103184,0.0,nearest
pge,PIT NO 3,1.0629374999999999,1,1,False,0.0,0.0,13.276688,13.276688,0.0,nearest_voltage_fallback
pge,PIT NO 5,0.04270486111111111,1,1,False,0.0,0.0,29.443682,29.443682,0.0,nearest_voltage_fallback
pge,PITTSBURG,0.28915277777777776,1,1,True,1.0,0.28915277777777776,0.036821,2.09792,2.0610989999999996,nearest
pge,PLACER,7.425156250000001,1,1,True,1.0,7.425156250000001,1.580236,2.576288,0.9960519999999999,nearest
pge,PLACERVILLE,14.422152777777777,1,1,False,0.0,0.0,5.565501,5.565501,0.0,nearest
pge,PLAINFIELD,7.547180555555556,1,1,True,1.0,7.547180555555556,7.317694,9.626481,2.3087869999999997,nearest
pge,PLEASANT GROVE,39.5935625,2,2,False,0.0,0.0,0.1033205,0.1033205,0.0,nearest_voltage_fallback
pge,PLUMAS,9.283840277777777,1,1,False,0.0,0.0,2.817082,2.817082,0.0,nearest
pge,PLYMOUTH,1.2882916666666668,1,1,True,1.0,1.2882916666666668,2.324578,6.86976,4.5451820000000005,nearest
pge,POINT ARENA,0.9822291666666667,1,1,False,0.0,0.0,0.11027,0.11027,0.0,nearest
pge,POINT MORETTI,1.256579861111111,1,1,False,0.0,0.0,1.825575,1.825575,0.0,nearest
pge,POINT PINOLE,7.957836805555555,1,1,False,0.0,0.0,0.017532,0.017532,0.0,nearest
pge,POSO MOUNTAIN,2.7735416666666666,1,1,False,0.0,0.0,8.443972,8.443972,0.0,nearest
pge,PRUNEDALE,10.10701388888889,1,1,False,0.0,0.0,0.054863,0.054863,0.0,nearest_novoltage
pge,PUEBLO,30.58176041666667,1,1,False,0.0,0.0,0.033064,0.033064,0.0,nearest
pge,PURISIMA,2.7479513888888887,1,1,False,0.0,0.0,0.010668,0.010668,0.0,nearest
pge,PUTAH CREEK,8.48076388888889,1,1,False,0.0,0.0,3.886213,3.886213,0.0,nearest_voltage_fallback
pge,RACETRACK,5.246041666666667,1,1,False,0.0,0.0,0.058559,0.058559,0.0,nearest
pge,RADUM,5.8747847222222225,1,1,False,0.0,0.0,0.030661,0.030661,0.0,nearest
pge,RALSTON,7.195125,1,1,False,0.0,0.0,0.032493,0.032493,0.0,nearest
pge,RANCHERS COTTON,6.101697916666667,1,1,False,0.0,0.0,1.509677,1.509677,0.0,nearest
pge,RANDOLPH,2.2480381944444443,1,1,True,1.0,2.2480381944444443,2.80278,7.209885,4.407105,nearest
pge,RAWSON,4.584326388888889,1,1,False,0.0,0.0,1.089516,1.089516,0.0,nearest
pge,RED BLUFF,12.351277777777778,1,1,False,0.0,0.0,0.011493,0.011493,0.0,nearest
pge,REDBUD,6.057173611111111,1,1,False,0.0,0.0,12.5553,12.5553,0.0,nearest_voltage_fallback
pge,REDWOOD CITY,30.402243055555555,1,1,False,0.0,0.0,0.045885,0.045885,0.0,nearest_novoltage
pge,REEDLEY,19.32898263888889,1,1,False,0.0,0.0,9.484582,9.484582,0.0,nearest_voltage_fallback
pge,RENFRO,24.341805555555553,2,2,False,0.0,0.0,7.931909,7.931909,0.0,nearest
pge,RESEARCH,12.8661875,2,2,False,0.0,0.0,0.037333,0.037333,0.0,nearest
pge,RESERVATION ROAD,6.507569444444445,1,1,False,0.0,0.0,0.053624,0.053624,0.0,nearest
pge,RESERVE OIL,1.2196944444444444,1,1,False,0.0,0.0,0.037686,0.037686,0.0,nearest
pge,RICE,5.187822916666667,1,1,False,0.0,0.0,0.074605,0.074605,0.0,nearest
pge,RICHMOND R,44.79425694444444,1,1,True,1.0,44.79425694444444,0.011099,2.637302,2.626203,nearest
pge,RIDGE,0.6844340277777777,1,1,False,0.0,0.0,0.023946,0.023946,0.0,nearest_novoltage
pge,RINCON,12.09823263888889,1,1,False,0.0,0.0,0.014033,0.014033,0.0,nearest
pge,RIO BRAVO,18.669395833333333,1,1,False,0.0,0.0,0.008733,0.008733,0.0,nearest
pge,RIO DELL,3.482572916666667,1,1,False,0.0,0.0,0.007577,0.007577,0.0,nearest
pge,RIPON,19.49951736111111,1,1,False,0.0,0.0,3.363554,3.363554,0.0,nearest_voltage_fallback
pge,RISING RIVER,0.8702465277777778,1,1,True,1.0,0.8702465277777778,7.841405,8.46306,0.6216550000000005,nearest
pge,RIVER OAKS,32.70840277777778,1,1,False,0.0,0.0,0.054804,0.054804,0.0,nearest
pge,RIVERBANK,19.116690972222223,1,1,False,0.0,0.0,5.84458,5.84458,0.0,nearest
pge,ROB ROY,12.389743055555556,1,1,False,0.0,0.0,0.026435,0.026435,0.0,nearest
pge,ROCKLIN,8.655531250000001,1,1,False,0.0,0.0,0.014171,0.014171,0.0,nearest
pge,ROSEDALE,8.507927083333334,2,2,False,0.0,0.0,0.050193,0.050193,0.0,nearest
pge,ROSSMOOR,24.81075,1,1,False,0.0,0.0,3.429156,3.429156,0.0,nearest_voltage_fallback
pge,ROUGH AND READY ISLA,4.745065972222222,1,1,False,0.0,0.0,0.054621,0.054621,0.0,nearest
pge,RUSSELL,1.433704861111111,1,1,False,0.0,0.0,0.020562,0.020562,0.0,nearest
pge,SALINAS,42.40092013888889,1,1,False,0.0,0.0,0.064045,0.064045,0.0,nearest_voltage_fallback
pge,SALMON CREEK,2.3254444444444444,1,1,False,0.0,0.0,0.008666,0.008666,0.0,nearest
pge,SALT SPRINGS,1.0754652777777778,1,1,False,0.0,0.0,3.154116,3.154116,0.0,nearest
pge,SAN ARDO,3.328097222222222,1,1,False,0.0,0.0,21.862868,21.862868,0.0,nearest_voltage_fallback
pge,SAN BENITO,7.920715277777778,1,1,False,0.0,0.0,3.577667,3.577667,0.0,nearest_voltage_fallback
pge,SAN BRUNO,6.697739583333334,1,1,False,0.0,0.0,0.017505,0.017505,0.0,nearest
pge,SAN CARLOS,21.263711805555555,1,1,False,0.0,0.0,2.849662,2.849662,0.0,nearest_novoltage
pge,SAN JOAQUIN,4.149284722222222,1,1,False,0.0,0.0,14.634863,14.634863,0.0,nearest_voltage_fallback
pge,SAN JOAQUIN #2,0.7592395833333333,1,1,False,0.0,0.0,17.943011,17.943011,0.0,nearest_voltage_fallback
pge,SAN JOAQUIN #3,2.1759340277777777,1,1,False,0.0,0.0,12.681733,12.681733,0.0,nearest_novoltage
pge,SAN JOSE A,19.01139236111111,1,1,False,0.0,0.0,0.011605,0.011605,0.0,nearest
pge,SAN JOSE B,61.35330555555556,1,1,False,0.0,0.0,0.033595,0.033595,0.0,nearest
pge,SAN JUSTO,1.599263888888889,1,1,False,0.0,0.0,0.071792,0.071792,0.0,nearest_novoltage
pge,SAN LEANDRO U,59.377333333333326,1,1,False,0.0,0.0,0.043672,0.043672,0.0,nearest
pge,SAN LUIS OBISPO,33.98340625,1,1,True,1.0,33.98340625,0.027591,7.043818,7.016227,nearest
pge,SAN MATEO,21.794350694444447,1,1,False,0.0,0.0,0.193806,0.193806,0.0,nearest_voltage_fallback
pge,SAN MIGUEL,6.1858506944444445,1,1,False,0.0,0.0,15.192763,15.192763,0.0,nearest_voltage_fallback
pge,SAN PABLO,10.065055555555555,1,1,True,1.0,10.065055555555555,0.076606,1.502212,1.4256060000000002,nearest
pge,SAN RAFAEL,42.964559027777774,1,1,True,1.0,42.964559027777774,0.043281,5.872911,5.82963,nearest
pge,SAN RAMON,88.74009027777778,1,2,True,1.0,88.74009027777778,0.076259,4.968514,4.892255,nearest
pge,SAND CREEK,1.6293819444444444,2,2,False,0.0,0.0,13.7372175,13.7372175,0.0,nearest_voltage_fallback
pge,SANGER,17.188788194444445,1,1,True,1.0,17.188788194444445,0.059234,6.491132,6.431898,nearest
pge,SANTA MARIA,41.84846527777778,1,1,False,0.0,0.0,1.392802,1.392802,0.0,nearest
pge,SANTA NELLA,9.128555555555556,1,1,False,0.0,0.0,0.018908,0.018908,0.0,nearest_novoltage
pge,SANTA RITA,3.915961805555556,1,1,False,0.0,0.0,8.925326,8.925326,0.0,nearest_novoltage
pge,SANTA ROSA A,51.417461805555554,1,1,True,1.0,51.417461805555554,0.018109,7.203298,7.185189,nearest
pge,SANTA TERESA,9.660208333333333,2,2,False,0.0,0.0,0.8139190000000001,0.8139190000000001,0.0,nearest
pge,SANTA YNEZ,12.539145833333333,1,1,False,0.0,0.0,0.035777,0.035777,0.0,nearest
pge,SARANAP,0.4147708333333333,1,1,False,0.0,0.0,0.086151,0.086151,0.0,nearest_novoltage
pge,SARATOGA,49.658138888888885,1,1,True,1.0,49.658138888888885,0.04197,5.323807,5.281837,nearest
pge,SAUSALITO,8.68307986111111,1,1,False,0.0,0.0,0.027548,0.027548,0.0,nearest_novoltage
pge,SCHINDLER,8.420819444444444,1,1,False,0.0,0.0,13.194272,13.194272,0.0,nearest_voltage_fallback
pge,SEMITROPIC,12.23871875,1,1,False,0.0,0.0,0.014363,0.014363,0.0,nearest
pge,SERRAMONTE,8.005017361111111,1,2,True,1.0,8.005017361111111,0.016982,4.520182500000001,4.503200500000001,nearest
pge,SF A (POTRERO),65.50944791666667,1,1,False,0.0,0.0,0.019866,0.019866,0.0,nearest
pge,SF E,5.949670138888889,1,1,True,1.0,5.949670138888889,1.532194,3.119415,1.587221,nearest
pge,SF H (MARTIN),43.18017361111111,1,1,True,1.0,43.18017361111111,0.080767,6.103115,6.022348,nearest
pge,SF M,5.651420138888889,1,1,True,1.0,5.651420138888889,1.67341,6.125876,4.452465999999999,nearest
pge,SF N,4.680253472222223,1,1,True,1.0,4.680253472222223,4.390287,6.300364,1.9100770000000002,nearest
pge,SF P (HUNTERS POINT),31.825586805555556,1,1,False,0.0,0.0,0.056665,0.056665,0.0,nearest
pge,SF X (MISSION),86.44581597222222,1,1,False,0.0,0.0,0.050958,0.050958,0.0,nearest
pge,SHADY GLEN,3.7502430555555555,1,1,False,0.0,0.0,0.075984,0.075984,0.0,nearest
pge,SHAFTER,13.16836111111111,1,1,False,0.0,0.0,0.00051,0.00051,0.0,nearest
pge,SHEPHERD,15.074045138888888,1,1,False,0.0,0.0,7.813433,7.813433,0.0,nearest_voltage_fallback
pge,SHINGLE SPRINGS,25.49814236111111,1,1,False,0.0,0.0,0.041157,0.041157,0.0,nearest_novoltage
pge,SILVER,0.8915833333333334,2,1,True,1.0,0.8915833333333334,2.0335105,6.121667,4.0881565,nearest
pge,SILVERADO,22.644649305555554,1,1,False,0.0,0.0,0.021512,0.021512,0.0,nearest_voltage_fallback
pge,SISQUOC,11.214288194444444,2,1,True,0.5,5.607144097222222,6.586845500000001,6.632037,0.04519149999999961,nearest
pge,SMARTVILLE,0.3998993055555556,1,1,False,0.0,0.0,0.073226,0.073226,0.0,nearest
pge,SMYRNA,15.310600694444442,1,1,False,0.0,0.0,13.13075,13.13075,0.0,nearest_voltage_fallback
pge,SNEATH LANE,10.74434375,1,1,False,0.0,0.0,0.007121,0.007121,0.0,nearest
pge,SOBRANTE,9.165538194444444,1,1,False,0.0,0.0,0.008071,0.008071,0.0,nearest_voltage_fallback
pge,SOLANO,0.6617187499999999,1,1,False,0.0,0.0,0.011585,0.011585,0.0,nearest
pge,SOLEDAD,13.835145833333334,1,1,False,0.0,0.0,0.014519,0.014519,0.0,nearest_voltage_fallback
pge,SONOMA,22.572545138888888,1,1,False,0.0,0.0,10.818705,10.818705,0.0,nearest_voltage_fallback
pge,SOTO,0.6842534722222222,1,1,False,0.0,0.0,0.040307,0.040307,0.0,nearest_novoltage
pge,SPAULDING,0.35544097222222226,1,1,False,0.0,0.0,12.701365,12.701365,0.0,nearest_voltage_fallback
pge,SPENCE,15.312163194444445,1,1,False,0.0,0.0,7.372622,7.372622,0.0,nearest
pge,SPRING GAP,1.24075,1,1,False,0.0,0.0,17.493467,17.493467,0.0,nearest_voltage_fallback
pge,STAFFORD,8.150336805555556,1,1,False,0.0,0.0,0.014494,0.014494,0.0,nearest
pge,STAGG,36.50950694444444,1,1,True,1.0,36.50950694444444,0.094571,7.891237,7.796666,nearest
pge,STANISLAUS,5.450666666666667,1,1,False,0.0,0.0,9.057861,9.057861,0.0,nearest
pge,STELLING,35.76427777777778,1,1,False,0.0,0.0,0.017993,0.017993,0.0,nearest
pge,STILLWATER,2.9482743055555556,1,1,False,0.0,0.0,0.018668,0.018668,0.0,nearest
pge,STOCKDALE,85.53359027777778,1,1,False,0.0,0.0,4.808197,4.808197,0.0,nearest_voltage_fallback
pge,STOCKTON A,38.58846527777777,1,1,True,1.0,38.58846527777777,0.031492,1.166591,1.1350989999999999,nearest
pge,STOCKTON ACRES,0.7914861111111111,1,1,False,0.0,0.0,0.034405,0.034405,0.0,nearest
pge,STONE,31.422340277777778,1,1,False,0.0,0.0,0.052677,0.052677,0.0,nearest
pge,STONE CORRAL,3.9361597222222224,1,1,False,0.0,0.0,0.054461,0.054461,0.0,nearest
pge,STOREY,33.10195486111111,2,2,False,0.0,0.0,8.6285135,8.6285135,0.0,nearest_voltage_fallback
pge,STROUD,9.286024305555555,1,1,False,0.0,0.0,12.428507,12.428507,0.0,nearest_voltage_fallback
pge,STUART,2.897746527777778,1,1,False,0.0,0.0,0.022689,0.022689,0.0,nearest
pge,SUISUN,40.93147222222222,1,1,False,0.0,0.0,0.067851,0.067851,0.0,nearest_novoltage
pge,SULLIVAN,0.3857777777777778,1,1,True,1.0,0.3857777777777778,1.477261,4.333846,2.8565850000000004,nearest
pge,SUMMIT,2.4438125,1,1,False,0.0,0.0,8.415073,8.415073,0.0,nearest_voltage_fallback
pge,SUNOL,5.3175486111111105,1,1,False,0.0,0.0,0.005159,0.005159,0.0,nearest_novoltage
pge,SWIFT,40.18940277777778,1,1,False,0.0,0.0,0.019549,0.019549,0.0,nearest
pge,SYCAMORE CREEK,25.74389930555556,1,1,False,0.0,0.0,0.069309,0.069309,0.0,nearest
pge,TAFT,8.902090277777779,1,1,False,0.0,0.0,6.225796,6.225796,0.0,nearest_voltage_fallback
pge,TAMARACK,1.0108090277777777,1,1,False,0.0,0.0,0.062747,0.062747,0.0,nearest_novoltage
pge,TAR FLAT,0.8344270833333334,1,1,False,0.0,0.0,2.038038,2.038038,0.0,nearest_voltage_fallback
pge,TARAVAL,2.231611111111111,2,1,True,1.0,2.231611111111111,6.4544765,9.364534,2.9100575000000006,nearest
pge,TASSAJARA,39.65140625,1,1,False,0.0,0.0,0.03408,0.03408,0.0,nearest
pge,TEJON,12.232534722222223,2,1,True,0.5,6.116267361111111,2.223599,2.27237,0.0487709999999999,nearest
pge,TEMBLOR,5.913684027777778,1,1,False,0.0,0.0,8.036112,8.036112,0.0,nearest
pge,TEMPLETON,30.152881944444445,1,1,False,0.0,0.0,0.014834,0.014834,0.0,nearest_voltage_fallback
pge,TERMINOUS,1.6533159722222222,1,1,False,0.0,0.0,0.099889,0.099889,0.0,nearest
pge,TIDEWATER,41.825802083333336,3,1,True,1.0,41.825802083333336,1.8441421558559998,9.408404,7.564261844144001,nearest
pge,TIVY VALLEY,4.031545138888889,1,1,False,0.0,0.0,0.059523,0.059523,0.0,nearest_novoltage
pge,TRACY,39.753347222222224,1,1,False,0.0,0.0,0.079967,0.079967,0.0,nearest_novoltage
pge,TRES PINOS,0.3566770833333333,1,1,False,0.0,0.0,18.927922,18.927922,0.0,nearest_voltage_fallback
pge,TRES VIAS,4.039006944444444,1,1,False,0.0,0.0,0.045389,0.045389,0.0,nearest_voltage_fallback
pge,TRIMBLE,74.56465277777778,1,1,False,0.0,0.0,0.111151,0.111151,0.0,nearest
pge,TRINIDAD,2.1038194444444445,1,1,False,0.0,0.0,0.034332,0.034332,0.0,nearest
pge,TUDOR,1.7554375,1,1,False,0.0,0.0,9.265944,9.265944,0.0,nearest
pge,TULARE LAKE,7.718329861111111,1,1,False,0.0,0.0,1.280881,1.280881,0.0,nearest_voltage_fallback
pge,TULUCAY,6.111451388888889,1,1,False,0.0,0.0,0.051725,0.051725,0.0,nearest_voltage_fallback
pge,TUPMAN,9.287295138888888,1,1,False,0.0,0.0,0.116877,0.116877,0.0,nearest
pge,TYLER,7.3086875000000004,1,1,False,0.0,0.0,1.110355,1.110355,0.0,nearest
pge,UKIAH,9.57125,1,1,False,0.0,0.0,0.621767,0.621767,0.0,nearest
pge,UPPER LAKE,1.4786875000000002,1,1,False,0.0,0.0,0.051438,0.051438,0.0,nearest
pge,VACA DIXON,28.84565277777778,1,1,False,0.0,0.0,0.463132,0.463132,0.0,nearest_voltage_fallback
pge,VACAVILLE,33.69099305555555,1,1,False,0.0,0.0,7.23643,7.23643,0.0,nearest_voltage_fallback
pge,VALLEJO B,7.818479166666667,1,1,False,0.0,0.0,2.751074,2.751074,0.0,nearest_novoltage
pge,VALLEJO C,0.60365625,1,1,False,0.0,0.0,1.492415,1.492415,0.0,nearest_novoltage
pge,VALLEY HOME,7.82425,1,1,False,0.0,0.0,9.755165,9.755165,0.0,nearest
pge,VALLEY VIEW,10.32570138888889,2,1,True,1.0,10.32570138888889,5.1499565,6.885609,1.7356524999999996,nearest
pge,VASCO,4.530291666666667,2,2,False,0.0,0.0,5.8859705,5.8859705,0.0,nearest_voltage_fallback
pge,VASONA,28.11851736111111,1,1,False,0.0,0.0,0.008892,0.008892,0.0,nearest
pge,VICTOR,4.731548611111111,1,1,False,0.0,0.0,5.024143,5.024143,0.0,nearest
pge,VIEJO,21.10674652777778,1,1,False,0.0,0.0,0.026229,0.026229,0.0,nearest
pge,VIERRA,35.583083333333335,1,1,True,1.0,35.583083333333335,0.039737,8.381866,8.342129,nearest
pge,VINA,1.3370694444444444,1,1,False,0.0,0.0,0.035062,0.035062,0.0,nearest
pge,VINEYARD,42.83942013888889,1,1,False,0.0,0.0,0.041225,0.041225,0.0,nearest_voltage_fallback
pge,VIRGINIA,0.6187986111111111,1,1,False,0.0,0.0,0.009704,0.009704,0.0,nearest
pge,VOLTA,3.3783333333333334,1,1,False,0.0,0.0,24.029378,24.029378,0.0,nearest_voltage_fallback
pge,WAHTOKE,24.163184027777778,1,1,False,0.0,0.0,6.222496,6.222496,0.0,nearest_voltage_fallback
pge,WALDO,0.48609722222222224,1,1,False,0.0,0.0,0.042722,0.042722,0.0,nearest
pge,WALL,0.98315625,1,1,False,0.0,0.0,1.362088,1.362088,0.0,nearest
pge,WALNUT CREEK,0.6936284722222221,1,1,False,0.0,0.0,0.00942,0.00942,0.0,nearest_novoltage
pge,WARD,1.2166770833333334,1,1,False,0.0,0.0,0.038958,0.038958,0.0,nearest
pge,WASCO,7.1990034722222225,1,1,False,0.0,0.0,0.021221,0.021221,0.0,nearest
pge,WATERLOO,3.5109826388888887,1,1,False,0.0,0.0,0.051698,0.051698,0.0,nearest
pge,WATERSHED,0.5642152777777778,1,1,False,0.0,0.0,0.104829,0.104829,0.0,nearest
pge,WATSONVILLE,7.689378472222223,1,1,False,0.0,0.0,0.065459,0.065459,0.0,nearest
pge,WEBER,56.20257638888889,1,1,False,0.0,0.0,1.645064,1.645064,0.0,nearest_voltage_fallback
pge,WEEDPATCH,12.853159722222223,1,1,False,0.0,0.0,0.017042,0.017042,0.0,nearest
pge,WEIMAR,2.81096875,1,1,False,0.0,0.0,0.027417,0.027417,0.0,nearest
pge,WELLFIELD,4.392684027777778,1,1,False,0.0,0.0,0.091997,0.091997,0.0,nearest
pge,WEST FRESNO,49.37485763888889,1,1,True,1.0,49.37485763888889,2.524957,7.572367,5.047409999999999,nearest
pge,WEST LANE,9.061496527777777,1,1,False,0.0,0.0,0.043443,0.043443,0.0,nearest
pge,WEST POINT,4.171038194444445,1,1,False,0.0,0.0,0.082265,0.082265,0.0,nearest
pge,WEST SACRAMENTO,39.704861111111114,1,1,False,0.0,0.0,0.034989,0.034989,0.0,nearest_voltage_fallback
pge,WESTLAKE,0.9701493055555557,1,1,True,1.0,0.9701493055555557,2.278372,5.810683,3.532311,nearest
pge,WESTLEY,7.9960555555555555,1,1,True,1.0,7.9960555555555555,0.050483,7.039164,6.988681000000001,nearest
pge,WESTPARK,39.81766319444444,1,1,False,0.0,0.0,0.013774,0.013774,0.0,nearest
pge,WHEATLAND,5.156975694444444,1,1,False,0.0,0.0,11.804165,11.804165,0.0,nearest_voltage_fallback
pge,WHEELER RIDGE,7.600222222222222,1,1,False,0.0,0.0,7.085554,7.085554,0.0,nearest
pge,WHISMAN,33.693135416666664,1,1,False,0.0,0.0,0.042565,0.042565,0.0,nearest
pge,WHITMORE,0.6677048611111112,1,1,False,0.0,0.0,31.775093,31.775093,0.0,nearest_voltage_fallback
pge,WHITNEY,0.42259375,2,2,False,0.0,0.0,1.7287835,1.7287835,0.0,nearest
pge,WILKINS SLOUGH,3.6049652777777776,1,1,False,0.0,0.0,13.915592,13.915592,0.0,nearest_voltage_fallback
pge,WILLIAMS,7.2909375,1,1,False,0.0,0.0,13.978341,13.978341,0.0,nearest_voltage_fallback
pge,WILLITS,9.604666666666667,1,1,False,0.0,0.0,27.802781,27.802781,0.0,nearest_voltage_fallback
pge,WILLOW CREEK,2.99821875,2,2,False,0.0,0.0,36.710573,36.710573,0.0,nearest_voltage_fallback
pge,WILLOW PASS,12.942034722222223,1,1,True,1.0,12.942034722222223,1.476488,7.272106,5.795618,nearest
pge,WILLOWS A,4.316923611111111,2,2,False,0.0,0.0,6.534129999999999,6.534129999999999,0.0,nearest_voltage_fallback
pge,WILSON,6.597729166666666,1,1,False,0.0,0.0,0.019791,0.019791,0.0,nearest_voltage_fallback
pge,WINDSOR,9.40340625,1,1,False,0.0,0.0,9.81266,9.81266,0.0,nearest
pge,WINTERS,2.215027777777778,1,1,False,0.0,0.0,0.116087,0.116087,0.0,nearest
pge,WOLFE,36.632777777777775,1,1,False,0.0,0.0,0.042516,0.042516,0.0,nearest
pge,WOOD,0.7117083333333334,1,1,False,0.0,0.0,1.153357,1.153357,0.0,nearest
pge,WOODACRE,5.0240833333333335,1,1,False,0.0,0.0,0.056923,0.056923,0.0,nearest
pge,WOODLAND,49.496795138888885,1,1,False,0.0,0.0,0.078193,0.078193,0.0,nearest
pge,WOODSIDE,15.079618055555557,1,1,False,0.0,0.0,0.016882,0.016882,0.0,nearest
pge,WOODWARD,34.17556944444445,1,2,True,1.0,34.17556944444445,2.174773,6.893204000000001,4.718431000000001,nearest
pge,WRIGHT,4.179340277777778,1,1,False,0.0,0.0,6.613847,6.613847,0.0,nearest
pge,WYANDOTTE,27.589177083333333,1,1,False,0.0,0.0,2.65575,2.65575,0.0,nearest_voltage_fallback
pge,YOSEMITE,1.4349166666666666,2,1,True,1.0,1.4349166666666666,1.9524499999999998,5.98729,4.03484,nearest
pge,ZACA,4.66871875,1,1,False,0.0,0.0,0.023083,0.023083,0.0,nearest
pge,ZAMORA,5.615559027777778,1,1,False,0.0,0.0,10.532938,10.532938,0.0,nearest_voltage_fallback
sce,Acton,10.517465277777779,1,1,False,0.0,0.0,5.469877,5.469877,0.0,nearest
sce,Alder,36.58038194444444,1,1,False,0.0,0.0,0.027086,0.027086,0.0,nearest
sce,Alessandro,80.25111111111111,1,1,False,0.0,0.0,0.061399,0.061399,0.0,nearest
sce,Alhambra,35.271076388888886,1,1,False,0.0,0.0,0.055252,0.055252,0.0,nearest
sce,Alola,0.0,1,2,True,1.0,0.0,4.556134,5.3366025,0.7804684999999996,nearest
sce,Alon,6.796805555555555,1,1,False,0.0,0.0,0.028282,0.028282,0.0,nearest
sce,Amador,35.12663194444444,1,1,False,0.0,0.0,0.048814,0.048814,0.0,nearest
sce,Amalia,8.372743055555555,1,1,False,0.0,0.0,0.015217,0.015217,0.0,nearest
sce,Amargo,0.8215625000000001,1,1,False,0.0,0.0,6.001463,6.001463,0.0,nearest_voltage_fallback
sce,Amboy,0.014270833333333335,1,1,False,0.0,0.0,53.916009,53.916009,0.0,nearest_voltage_fallback
sce,Anaverde,39.56975694444444,1,1,False,0.0,0.0,0.133304,0.133304,0.0,nearest
sce,Anita,35.250972222222224,1,1,False,0.0,0.0,0.072177,0.072177,0.0,nearest
sce,Apple Valley,40.96552083333333,1,1,False,0.0,0.0,0.1128,0.1128,0.0,nearest
sce,Aqueduct,36.61,1,1,False,0.0,0.0,0.034617,0.034617,0.0,nearest
sce,Arcadia,43.12409722222222,1,1,False,0.0,0.0,0.016941,0.016941,0.0,nearest
sce,Archibald,31.678611111111113,1,1,False,0.0,0.0,0.001864,0.001864,0.0,nearest
sce,Archline,41.710902777777775,1,1,False,0.0,0.0,0.015395,0.015395,0.0,nearest
sce,Arro,4.1134375,1,1,False,0.0,0.0,0.034964,0.034964,0.0,nearest
sce,Arrowhead,3.343125,1,1,False,0.0,0.0,0.133489,0.133489,0.0,nearest_voltage_fallback
sce,Arroyo,16.945208333333333,1,1,False,0.0,0.0,0.194901,0.194901,0.0,nearest
sce,Athens,4.41201388888889,1,1,False,0.0,0.0,0.035502,0.035502,0.0,nearest
sce,Atwood,16.30565972222222,1,1,False,0.0,0.0,0.017926,0.017926,0.0,nearest
sce,Auld,50.985034722222224,1,1,False,0.0,0.0,7.368313,7.368313,0.0,nearest
sce,Bain,27.179201388888888,1,1,False,0.0,0.0,0.142332,0.142332,0.0,nearest
sce,Bandini,26.09673611111111,1,1,False,0.0,0.0,0.03402,0.03402,0.0,nearest
sce,Banducci,7.2315625,1,1,False,0.0,0.0,9.586939,9.586939,0.0,nearest
sce,Banning,7.189201388888888,1,1,True,1.0,7.189201388888888,0.018715,5.433203,5.4144879999999995,nearest
sce,Barre,33.69170138888889,1,1,False,0.0,0.0,0.211239,0.211239,0.0,nearest
sce,Barstow,3.751701388888889,1,1,False,0.0,0.0,0.005126,0.005126,0.0,nearest
sce,Bassett,44.404513888888886,1,1,False,0.0,0.0,0.045106,0.045106,0.0,nearest
sce,Basta,1.7407291666666667,1,1,False,0.0,0.0,0.056704,0.056704,0.0,nearest
sce,Bayside,47.154687499999994,1,1,False,0.0,0.0,0.03039,0.03039,0.0,nearest
sce,Beaumont,1.4749652777777778,1,1,False,0.0,0.0,0.02488,0.02488,0.0,nearest
sce,Bedford,3.8154699166666664,1,1,False,0.0,0.0,1.153934,1.153934,0.0,nearest
sce,Belding,2.3143402777777777,1,1,False,0.0,0.0,0.090043,0.090043,0.0,nearest
sce,Belmont,4.488125,1,1,False,0.0,0.0,0.017164,0.017164,0.0,nearest
sce,Belvedere,3.861041666666667,1,1,False,0.0,0.0,0.007361,0.007361,0.0,nearest
sce,Beverly,47.583506944444444,1,1,False,0.0,0.0,0.01085,0.01085,0.0,nearest
sce,Bicknell,2.6855208333333334,1,1,False,0.0,0.0,0.020362,0.020362,0.0,nearest
sce,Big Bend Bia,0.9273958333333332,1,1,False,0.0,0.0,33.456172,33.456172,0.0,nearest_voltage_fallback
sce,Bixby,2.6878472222222225,1,1,False,0.0,0.0,1.345268,1.345268,0.0,nearest
sce,Black Meadows,0.0,1,1,False,0.0,0.0,24.893496,24.893496,0.0,nearest_voltage_fallback
sce,Bliss,18.203229166666667,1,1,False,0.0,0.0,11.155284,11.155284,0.0,nearest_voltage_fallback
sce,Bloomington,47.69871527777778,1,1,False,0.0,0.0,0.155278,0.155278,0.0,nearest
sce,Bluff Cove,4.275034722222222,1,1,False,0.0,0.0,0.036759,0.036759,0.0,nearest
sce,Blythe (Walc),0.0,1,1,False,0.0,0.0,0.105994,0.105994,0.0,nearest_voltage_fallback
sce,Blythe City,23.88715277777778,1,1,False,0.0,0.0,0.051719,0.051719,0.0,nearest
sce,Bolsa,22.478854166666665,1,1,False,0.0,0.0,0.024895,0.024895,0.0,nearest
sce,Borrego,21.662534722222222,1,1,False,0.0,0.0,0.020624,0.020624,0.0,nearest
sce,Bovine,29.730694444444445,1,1,False,0.0,0.0,0.030428,0.030428,0.0,nearest
sce,Bowl,20.78027777777778,1,1,False,0.0,0.0,0.028623,0.028623,0.0,nearest
sce,Boxwood,6.3067013888888885,1,1,False,0.0,0.0,20.246234,20.246234,0.0,nearest_voltage_fallback
sce,Bradbury,38.44989583333333,1,1,False,0.0,0.0,0.035651,0.035651,0.0,nearest
sce,Brea,20.923958333333335,1,1,False,0.0,0.0,0.133095,0.133095,0.0,nearest
sce,Brewster,4.198263888888889,1,1,False,0.0,0.0,0.044856,0.044856,0.0,nearest
sce,Bridge,8.08954861111111,1,1,False,0.0,0.0,0.013019,0.013019,0.0,nearest
sce,Bridgeport,2.1180208333333335,1,1,False,0.0,0.0,31.374855,31.374855,0.0,nearest_voltage_fallback
sce,Brighton,27.00204861111111,1,1,False,0.0,0.0,0.032529,0.032529,0.0,nearest
sce,Broadway,24.362708333333334,1,1,False,0.0,0.0,0.026798,0.026798,0.0,nearest
sce,Brookhurst,29.903541666666666,1,1,False,0.0,0.0,0.123177,0.123177,0.0,nearest
sce,Browning,0.2961111111111111,1,1,False,0.0,0.0,6.861445,6.861445,0.0,nearest
sce,Bryan,45.491458333333334,1,1,False,0.0,0.0,0.10644,0.10644,0.0,nearest
sce,Bryman,1.116076388888889,1,1,False,0.0,0.0,8.886688,8.886688,0.0,nearest
sce,Bullis,40.937951388888884,1,1,False,0.0,0.0,0.052343,0.052343,0.0,nearest
sce,Bunker,38.3984375,1,1,False,0.0,0.0,0.085613,0.085613,0.0,nearest
sce,Burnt Mill,17.023402777777775,1,1,False,0.0,0.0,0.037389,0.037389,0.0,nearest
sce,Cabazon,1.9707986111111113,1,1,False,0.0,0.0,8.198902,8.198902,0.0,nearest
sce,Cabrillo,55.0590625,1,1,False,0.0,0.0,0.021305,0.021305,0.0,nearest
sce,Cady,1.4709375,1,1,False,0.0,0.0,13.200447,13.200447,0.0,nearest_voltage_fallback
sce,Cajalco,24.188645833333332,1,1,False,0.0,0.0,0.079139,0.079139,0.0,nearest
sce,Cal City 'A',3.0591319444444443,1,1,False,0.0,0.0,27.343825,27.343825,0.0,nearest_voltage_fallback
sce,Cal City 'B',3.786770833333333,1,1,False,0.0,0.0,27.343825,27.343825,0.0,nearest_voltage_fallback
sce,Calden,7.611666666666666,1,1,False,0.0,0.0,0.011142,0.011142,0.0,nearest
sce,Calectric,0.24534722222222222,1,1,False,0.0,0.0,0.035074,0.035074,0.0,nearest
sce,Camarillo,33.93090277777778,1,1,False,0.0,0.0,0.096182,0.096182,0.0,nearest
sce,Camden,21.0590625,1,1,False,0.0,0.0,0.035259,0.035259,0.0,nearest
sce,Cameron,7.366527777777778,2,2,False,0.0,0.0,1.45462,1.45462,0.0,nearest
sce,Camp 10,204.16746527777778,1,1,False,0.0,0.0,36.900263,36.900263,0.0,nearest_voltage_fallback
sce,Cantil,0.042777777777777776,1,1,False,0.0,0.0,37.896855,37.896855,0.0,nearest_voltage_fallback
sce,Canyon,13.862256944444445,1,1,False,0.0,0.0,0.101248,0.101248,0.0,nearest
sce,Canyon Lake,7.2254861111111115,1,1,False,0.0,0.0,5.619523,5.619523,0.0,nearest_voltage_fallback
sce,Capitan,1.8387847222222224,1,1,False,0.0,0.0,14.344812,14.344812,0.0,nearest_voltage_fallback
sce,Cardiff,41.15756944444444,1,1,False,0.0,0.0,0.056223,0.056223,0.0,nearest
sce,Carmenita,21.527673611111112,1,1,False,0.0,0.0,0.011042,0.011042,0.0,nearest
sce,Carodean,7.803576388888889,1,1,False,0.0,0.0,6.559844,6.559844,0.0,nearest
sce,Carolina,36.86829861111111,1,1,False,0.0,0.0,0.025282,0.025282,0.0,nearest
sce,Carpinteria,24.609548611111112,1,1,False,0.0,0.0,0.062158,0.062158,0.0,nearest
sce,Carson,8.177465277777777,1,1,False,0.0,0.0,0.573145,0.573145,0.0,nearest
sce,Casa Diablo,0.14368055555555556,1,1,False,0.0,0.0,36.844167,36.844167,0.0,nearest_voltage_fallback
sce,Casitas,24.151111111111113,1,1,False,0.0,0.0,6.433824,6.433824,0.0,nearest
sce,Cedarwood,0.9333680555555556,1,1,False,0.0,0.0,0.043801,0.043801,0.0,nearest
sce,Center,34.10340277777778,1,1,False,0.0,0.0,0.008141,0.008141,0.0,nearest
sce,Channel Island,31.78013888888889,1,1,False,0.0,0.0,0.011429,0.011429,0.0,nearest
sce,Chase,38.73246527777778,1,1,False,0.0,0.0,0.038495,0.038495,0.0,nearest
sce,Chatham,2.4127083333333332,1,1,False,0.0,0.0,6.563836,6.563836,0.0,nearest
sce,Chatsworth,10.639375,1,1,False,0.0,0.0,0.129997,0.129997,0.0,nearest
sce,Cherry,9.7425,1,1,False,0.0,0.0,0.034107,0.034107,0.0,nearest
sce,Chestnut,59.48204861111112,1,1,False,0.0,0.0,0.079859,0.079859,0.0,nearest
sce,Chino,34.1721875,1,1,False,0.0,0.0,0.096282,0.096282,0.0,nearest
sce,Chiquita,38.65114583333334,1,1,False,0.0,0.0,4.251374,4.251374,0.0,nearest
sce,Cima,0.0,1,1,False,0.0,0.0,67.799966,67.799966,0.0,nearest_voltage_fallback
sce,Citrus,35.369236111111114,1,1,False,0.0,0.0,0.02321,0.02321,0.0,nearest
sce,Clark,7.432291666666667,1,1,False,0.0,0.0,0.03854,0.03854,0.0,nearest
sce,Coffee,18.570173611111112,2,2,False,0.0,0.0,0.059762499999999996,0.059762499999999996,0.0,nearest
sce,Colonia,32.48322916666667,1,1,False,0.0,0.0,4.063139,4.063139,0.0,nearest
sce,Colorado,17.84263888888889,1,1,False,0.0,0.0,0.742766,0.742766,0.0,nearest
sce,Colton,23.669652777777777,2,2,False,0.0,0.0,0.8044915,0.8044915,0.0,nearest
sce,Columbine,0.2829861111111111,1,1,False,0.0,0.0,0.23493,0.23493,0.0,nearest
sce,Compton,3.3955208333333333,1,1,False,0.0,0.0,0.072736,0.072736,0.0,nearest
sce,Concho,48.82819444444445,1,1,False,0.0,0.0,0.104576,0.104576,0.0,nearest
sce,Converse Flats,0.014270833333333335,2,2,False,0.0,0.0,5.165659,5.165659,0.0,nearest
sce,Cornuta,27.495902777777776,1,1,False,0.0,0.0,0.021111,0.021111,0.0,nearest
sce,Corona,60.202083333333334,1,1,False,0.0,0.0,0.055122,0.055122,0.0,nearest
sce,Cortez,42.1428125,1,1,False,0.0,0.0,0.049369,0.049369,0.0,nearest
sce,Corum,0.06930555555555556,1,1,False,0.0,0.0,21.646061,21.646061,0.0,nearest_voltage_fallback
sce,Coso,0.06065972222222222,1,1,False,0.0,0.0,1.339248,1.339248,0.0,nearest
sce,Cottage Grove,0.4097222222222222,1,1,False,0.0,0.0,1.110418,1.110418,0.0,nearest
sce,Cottonwood,0.00034722222222222224,1,1,False,0.0,0.0,7.385274,7.385274,0.0,nearest
sce,Crater,7.113194444444444,1,1,False,0.0,0.0,0.129208,0.129208,0.0,nearest
sce,Crest,33.108333333333334,1,1,False,0.0,0.0,0.043864,0.043864,0.0,nearest
sce,Crestwind U.g.s.,0.6897222222222221,1,1,False,0.0,0.0,2.966983,2.966983,0.0,nearest
sce,Crown,45.84246527777778,1,1,False,0.0,0.0,0.131237,0.131237,0.0,nearest
sce,Cucamonga,53.96378472222222,1,1,False,0.0,0.0,0.034749,0.034749,0.0,nearest
sce,Cudahy,55.81256944444445,1,1,False,0.0,0.0,0.057558,0.057558,0.0,nearest
sce,Culver,45.20420138888889,2,2,False,0.0,0.0,0.0356615,0.0356615,0.0,nearest
sce,Cummings,5.578368055555555,1,1,False,0.0,0.0,0.15395,0.15395,0.0,nearest
sce,Cypress,43.648472222222225,1,1,False,0.0,0.0,0.037631,0.037631,0.0,nearest
sce,Daggett,0.6501736111111112,1,1,False,0.0,0.0,0.365591,0.365591,0.0,nearest
sce,Daisy,2.914270833333333,1,1,False,0.0,0.0,0.220889,0.220889,0.0,nearest
sce,Dalton,18.842361111111114,1,1,False,0.0,0.0,0.250693,0.250693,0.0,nearest
sce,Declez,40.28829861111112,1,1,False,0.0,0.0,0.14248,0.14248,0.0,nearest
sce,Deep Springs,0.0,1,1,False,0.0,0.0,0.193337,0.193337,0.0,nearest
sce,Defrain,1.019409722222222,1,1,False,0.0,0.0,5.788927,5.788927,0.0,nearest
sce,Del Amo,5.395520833333333,1,1,False,0.0,0.0,0.059682,0.059682,0.0,nearest
sce,Del Rosa,34.78413194444445,1,1,False,0.0,0.0,0.061158,0.061158,0.0,nearest
sce,Del Sur,3.1271875,1,1,False,0.0,0.0,3.577496,3.577496,0.0,nearest
sce,Delano,16.439444444444447,1,1,False,0.0,0.0,0.039198,0.039198,0.0,nearest
sce,Desert Outpost,3.9593749999999996,1,1,True,1.0,3.9593749999999996,0.005447,4.589354,4.583907,nearest
sce,Devers,25.653645833333332,1,1,False,0.0,0.0,3.46478,3.46478,0.0,nearest
sce,Diamond Bar,11.075868055555555,1,1,False,0.0,0.0,0.125177,0.125177,0.0,nearest
sce,Dike,0.0,1,1,False,0.0,0.0,0.326155,0.326155,0.0,nearest
sce,Ditmar,28.96121527777778,1,1,False,0.0,0.0,0.046184,0.046184,0.0,nearest
sce,Doheny,1.963090277777778,1,1,False,0.0,0.0,1.99218,1.99218,0.0,nearest
sce,Downey,5.229618055555556,1,1,False,0.0,0.0,0.021871,0.021871,0.0,nearest
sce,Downs,20.24482638888889,1,1,False,0.0,0.0,0.179703,0.179703,0.0,nearest_voltage_fallback
sce,Duarte,3.3677430555555556,1,1,False,0.0,0.0,0.016816,0.016816,0.0,nearest
sce,Dunes,0.2359722222222222,1,1,False,0.0,0.0,0.084029,0.084029,0.0,nearest
sce,Dunn Siding,0.09298611111111112,1,1,False,0.0,0.0,21.697078,21.697078,0.0,nearest_voltage_fallback
sce,Eagle Mountain,0.7876736111111111,1,1,False,0.0,0.0,48.399556,48.399556,0.0,nearest_voltage_fallback
sce,Earlimart,11.094756944444445,1,1,False,0.0,0.0,0.170374,0.170374,0.0,nearest
sce,East Barstow,1.4711805555555555,1,1,False,0.0,0.0,2.256073,2.256073,0.0,nearest
sce,Eaton,19.805104166666666,1,1,False,0.0,0.0,0.011524,0.011524,0.0,nearest
sce,Edinger,2.2647222222222223,1,1,False,0.0,0.0,0.023883,0.023883,0.0,nearest
sce,Edwards,0.0,2,2,False,0.0,0.0,18.390269,18.390269,0.0,nearest_voltage_fallback
sce,Eisenhower,51.375,1,1,False,0.0,0.0,0.052726,0.052726,0.0,nearest
sce,El Casco,69.40819444444445,1,1,True,1.0,69.40819444444445,5.391046,7.36644,1.9753939999999997,nearest
sce,El Nido,48.11225694444445,1,1,False,0.0,0.0,0.559361,0.559361,0.0,nearest
sce,El Sobrante,9.315416666666668,1,1,False,0.0,0.0,0.029526,0.029526,0.0,nearest
sce,Elizabeth Lake,12.690416666666668,1,1,False,0.0,0.0,0.12507,0.12507,0.0,nearest
sce,Ellis,26.907152777777778,2,2,False,0.0,0.0,0.1217705,0.1217705,0.0,nearest
sce,Elsinore,42.81434027777778,1,1,False,0.0,0.0,0.030838,0.030838,0.0,nearest
sce,Ely,22.99833333333333,1,1,False,0.0,0.0,0.052917,0.052917,0.0,nearest
sce,Eric,31.900520833333335,1,1,False,0.0,0.0,0.015938,0.015938,0.0,nearest
sce,Estero,12.323715277777778,1,1,False,0.0,0.0,1.86359,1.86359,0.0,nearest
sce,Estrella,25.389930555555555,1,1,False,0.0,0.0,0.06687,0.06687,0.0,nearest
sce,Etiwanda,10.393680555555555,2,2,False,0.0,0.0,0.8743245,0.8743245,0.0,nearest
sce,Euclid,2.574236111111111,1,1,False,0.0,0.0,2.03414,2.03414,0.0,nearest
sce,Fairfax,30.218298611111113,1,1,False,0.0,0.0,0.038743,0.038743,0.0,nearest
sce,Fairview,38.86708333333333,1,1,False,0.0,0.0,0.070338,0.070338,0.0,nearest
sce,Falcon Ridge,18.447534722222223,1,1,False,0.0,0.0,2.997448,2.997448,0.0,nearest
sce,Farrell,31.80336805555556,1,1,False,0.0,0.0,0.086943,0.086943,0.0,nearest
sce,Felton,20.89746527777778,1,1,False,0.0,0.0,0.040519,0.040519,0.0,nearest
sce,Fernwood,20.735069444444445,2,2,False,0.0,0.0,0.1490335,0.1490335,0.0,nearest
sce,Fillmore,17.783194444444447,1,1,False,0.0,0.0,0.034375,0.034375,0.0,nearest
sce,Firehouse,34.845,1,1,False,0.0,0.0,0.098744,0.098744,0.0,nearest
sce,Floraday,3.4271875,1,1,False,0.0,0.0,0.003315,0.003315,0.0,nearest
sce,Fogarty,10.826215277777777,1,1,True,1.0,10.826215277777777,0.176248,5.300156,5.123908,nearest
sce,Forest Home,0.0,1,1,False,0.0,0.0,0.003162,0.003162,0.0,nearest
sce,Francis,42.133125,1,1,False,0.0,0.0,0.041841,0.041841,0.0,nearest
sce,Frazier Park,5.705694444444444,1,1,False,0.0,0.0,0.065353,0.065353,0.0,nearest
sce,Fremont,24.229027777777777,1,1,False,0.0,0.0,0.01789,0.01789,0.0,nearest
sce,Fruitland,22.677569444444444,1,1,False,0.0,0.0,0.016844,0.016844,0.0,nearest
sce,Fullerton,26.4375,1,1,False,0.0,0.0,0.034025,0.034025,0.0,nearest
sce,Gage,2.1105208333333336,1,1,False,0.0,0.0,1.618954,1.618954,0.0,nearest
sce,Gale,0.1257638888888889,1,1,False,0.0,0.0,2.270825,2.270825,0.0,nearest_voltage_fallback
sce,Gallatin,25.917256944444446,1,1,False,0.0,0.0,0.023099,0.023099,0.0,nearest
sce,Ganesha,24.29361111111111,1,1,False,0.0,0.0,0.086066,0.086066,0.0,nearest
sce,Garfield,3.1342708333333333,1,1,False,0.0,0.0,0.140553,0.140553,0.0,nearest
sce,Garnet,15.518645833333332,1,1,False,0.0,0.0,0.042034,0.042034,0.0,nearest
sce,Garvey,3.4131944444444446,1,1,False,0.0,0.0,1.61667,1.61667,0.0,nearest
sce,Gavilan,8.841215277777778,1,1,False,0.0,0.0,5.761641,5.761641,0.0,nearest_voltage_fallback
sce,Gaviota,0.7548263888888889,1,1,False,0.0,0.0,16.566302,16.566302,0.0,nearest_voltage_fallback
sce,Genamic,6.935034722222222,1,1,False,0.0,0.0,0.106363,0.106363,0.0,nearest
sce,George A.f.b.,0.0,1,1,False,0.0,0.0,1.154889,1.154889,0.0,nearest
sce,Gilbert,20.046770833333333,1,1,False,0.0,0.0,0.125441,0.125441,0.0,nearest
sce,Gisler,25.739930555555556,1,1,False,0.0,0.0,0.020319,0.020319,0.0,nearest
sce,Glen Avon,23.40940972222222,1,1,False,0.0,0.0,0.103951,0.103951,0.0,nearest
sce,Glennville,1.6379166666666665,1,1,False,0.0,0.0,22.105848,22.105848,0.0,nearest_voltage_fallback
sce,Goldhill,0.0,1,1,False,0.0,0.0,0.208887,0.208887,0.0,nearest
sce,Goldtown,0.19864583333333333,1,1,False,0.0,0.0,15.255091,15.255091,0.0,nearest_voltage_fallback
sce,Goleta,7.931527777777778,2,2,False,0.0,0.0,4.9072505,4.9072505,0.0,nearest
sce,Gonzales,47.87138888888889,1,1,False,0.0,0.0,0.006798,0.006798,0.0,nearest
sce,Gorman,1.3993055555555556,1,1,False,0.0,0.0,7.346956,7.346956,0.0,nearest
sce,Goshen,11.645000000000001,1,1,False,0.0,0.0,4.528439,4.528439,0.0,nearest
sce,Gould,21.049999999999997,1,1,False,0.0,0.0,0.216092,0.216092,0.0,nearest
sce,Graham,4.746909722222222,1,1,False,0.0,0.0,0.073052,0.073052,0.0,nearest
sce,Granada,3.485173611111111,1,1,False,0.0,0.0,2.11009,2.11009,0.0,nearest
sce,Great Lakes,3.115902777777778,1,1,False,0.0,0.0,0.158095,0.158095,0.0,nearest
sce,Greenhorn,0.7889930555555555,1,1,False,0.0,0.0,13.696096,13.696096,0.0,nearest_voltage_fallback
sce,Greening,21.101631944444442,1,1,False,0.0,0.0,0.052288,0.052288,0.0,nearest
sce,Hamilton,32.11465277777778,1,1,False,0.0,0.0,0.064085,0.064085,0.0,nearest
sce,Hanford,38.57069444444445,1,1,False,0.0,0.0,1.27931,1.27931,0.0,nearest
sce,Harper Lake,0.0,1,1,False,0.0,0.0,4.878204,4.878204,0.0,nearest
sce,Harvard,0.8764236111111111,1,1,False,0.0,0.0,0.061794,0.061794,0.0,nearest
sce,Haskell,48.56954861111112,1,1,False,0.0,0.0,0.133679,0.133679,0.0,nearest
sce,Hathaway,18.998680555555556,1,1,False,0.0,0.0,0.035612,0.035612,0.0,nearest
sce,Havasu,0.20149305555555555,1,1,False,0.0,0.0,19.863611,19.863611,0.0,nearest_voltage_fallback
sce,Haveda,0.5928125,1,1,False,0.0,0.0,0.008813,0.008813,0.0,nearest
sce,Havilah,0.5920833333333334,1,1,False,0.0,0.0,0.076397,0.076397,0.0,nearest
sce,Hedda,1.36,1,1,False,0.0,0.0,1.895002,1.895002,0.0,nearest
sce,Helendale,3.913680555555556,1,1,False,0.0,0.0,14.878935,14.878935,0.0,nearest_voltage_fallback
sce,Hemet,5.040763888888889,1,1,False,0.0,0.0,0.01271,0.01271,0.0,nearest
sce,Hesperia,28.024895833333332,1,1,False,0.0,0.0,0.018124,0.018124,0.0,nearest
sce,Hi Desert,1.6378125,1,1,False,0.0,0.0,11.680894,11.680894,0.0,nearest_voltage_fallback
sce,Highland,38.58076388888889,1,1,False,0.0,0.0,0.076593,0.076593,0.0,nearest
sce,Hinkley,2.6771875,1,1,False,0.0,0.0,0.160465,0.160465,0.0,nearest
sce,Holgate,0.1167361111111111,1,1,False,0.0,0.0,1.88191,1.88191,0.0,nearest_voltage_fallback
sce,Holiday,4.985486111111111,1,1,False,0.0,0.0,0.020582,0.020582,0.0,nearest
sce,Homart,12.3284375,1,1,True,1.0,12.3284375,0.050613,3.116308,3.0656950000000003,nearest
sce,Howard,7.604027777777778,1,1,False,0.0,0.0,0.017067,0.017067,0.0,nearest
sce,Hoyt,3.4483333333333333,1,1,False,0.0,0.0,0.098145,0.098145,0.0,nearest
sce,Huntington Park,7.1346875,2,2,False,0.0,0.0,1.8523925,1.8523925,0.0,nearest
sce,Huston,12.10736111111111,1,1,False,0.0,0.0,0.041974,0.041974,0.0,nearest
sce,Imperial,28.299027777777777,1,1,False,0.0,0.0,0.043662,0.043662,0.0,nearest
sce,Indian Wells,48.00423611111111,1,1,True,1.0,48.00423611111111,2.110593,3.206565,1.0959719999999997,nearest
sce,Industry,22.873541666666668,1,1,False,0.0,0.0,0.100574,0.100574,0.0,nearest
sce,Inglewood,27.829965277777777,1,1,False,0.0,0.0,0.139343,0.139343,0.0,nearest
sce,Inyokern,6.252361111111111,1,1,False,0.0,0.0,2.073958,2.073958,0.0,nearest_voltage_fallback
sce,Inyokern Town,0.03045138888888889,1,1,False,0.0,0.0,0.097141,0.097141,0.0,nearest
sce,Iron Mt. (Sce),0.0,1,1,False,0.0,0.0,0.196865,0.196865,0.0,nearest_voltage_fallback
sce,Irvine,37.36861111111111,1,1,False,0.0,0.0,0.050308,0.050308,0.0,nearest
sce,Isabella,5.449513888888889,1,1,False,0.0,0.0,0.125251,0.125251,0.0,nearest
sce,Isla Vista,26.5559375,1,1,False,0.0,0.0,0.119528,0.119528,0.0,nearest
sce,Ivar,3.5902083333333334,1,1,False,0.0,0.0,0.002844,0.002844,0.0,nearest
sce,Ivyglen,19.787881944444443,1,1,False,0.0,0.0,0.056297,0.056297,0.0,nearest
sce,Jefferson,46.910868055555554,1,1,False,0.0,0.0,0.068998,0.068998,0.0,nearest
sce,Jersey,16.173368055555557,1,1,False,0.0,0.0,0.02722,0.02722,0.0,nearest
sce,Johanna,100.68048611111111,1,1,False,0.0,0.0,0.056594,0.056594,0.0,nearest
sce,Joshua Tree,2.121840277777778,1,1,False,0.0,0.0,0.038899,0.038899,0.0,nearest_voltage_fallback
sce,Junction,0.0,1,1,False,0.0,0.0,105.714515,105.714515,0.0,nearest_voltage_fallback
sce,June Lake,2.536840277777778,1,1,False,0.0,0.0,20.535135,20.535135,0.0,nearest_voltage_fallback
sce,Kernville,2.7909375,1,1,False,0.0,0.0,16.059531,16.059531,0.0,nearest_voltage_fallback
sce,Kimball,23.43951388888889,1,1,False,0.0,0.0,0.065683,0.065683,0.0,nearest
sce,Kramer,0.3273263888888889,1,1,False,0.0,0.0,15.220479,15.220479,0.0,nearest_voltage_fallback
sce,La Canada,17.77045138888889,1,1,False,0.0,0.0,0.020661,0.020661,0.0,nearest
sce,La Fresa,18.136145833333334,1,1,False,0.0,0.0,0.153715,0.153715,0.0,nearest
sce,La Habra,28.413263888888892,1,1,False,0.0,0.0,0.0427,0.0427,0.0,nearest
sce,La Mirada,18.954305555555557,1,1,False,0.0,0.0,0.01567,0.01567,0.0,nearest
sce,La Palma,16.288368055555555,1,1,False,0.0,0.0,0.031953,0.031953,0.0,nearest
sce,La Veta,35.25125,1,1,False,0.0,0.0,0.052498,0.052498,0.0,nearest
sce,Lafayette,33.88163194444444,1,1,False,0.0,0.0,0.01876,0.01876,0.0,nearest
sce,Laguna Bell,12.01329861111111,1,1,False,0.0,0.0,0.030049,0.030049,0.0,nearest
sce,Lakeview,7.502118055555556,1,1,False,0.0,0.0,4.659754,4.659754,0.0,nearest
sce,Lakewood,6.8573611111111115,1,1,False,0.0,0.0,0.015643,0.015643,0.0,nearest
sce,Lampson,32.893819444444446,1,1,False,0.0,0.0,0.070548,0.070548,0.0,nearest
sce,Lancaster,28.38579861111111,1,1,False,0.0,0.0,0.017195,0.017195,0.0,nearest
sce,Landing,0.0,1,1,False,0.0,0.0,0.045836,0.045836,0.0,nearest
sce,Lark Ellen,19.64,1,1,False,0.0,0.0,0.064914,0.064914,0.0,nearest
sce,Las Lomas,29.78895833333333,1,1,False,0.0,0.0,3.972501,3.972501,0.0,nearest
sce,Latigo,18.707083333333333,1,1,False,0.0,0.0,0.09512,0.09512,0.0,nearest
sce,Laurel,6.1701041666666665,1,1,False,0.0,0.0,0.082282,0.082282,0.0,nearest
sce,Lawndale,4.016631944444445,1,1,False,0.0,0.0,1.608313,1.608313,0.0,nearest
sce,Layfair,17.875416666666666,1,1,False,0.0,0.0,0.231373,0.231373,0.0,nearest
sce,Lemon Cove,2.487881944444444,1,1,False,0.0,0.0,14.888948,14.888948,0.0,nearest_voltage_fallback
sce,Lennox,23.915555555555557,1,1,False,0.0,0.0,0.071696,0.071696,0.0,nearest
sce,Levy,23.7790625,1,1,False,0.0,0.0,0.039236,0.039236,0.0,nearest
sce,Liberty,33.79559027777778,1,1,False,0.0,0.0,0.048416,0.048416,0.0,nearest
sce,Lighthipe,25.959930555555555,1,1,False,0.0,0.0,0.068019,0.068019,0.0,nearest
sce,Limestone,34.414513888888884,1,1,False,0.0,0.0,0.038713,0.038713,0.0,nearest
sce,Linden,3.2563541666666667,1,1,False,0.0,0.0,0.003555,0.003555,0.0,nearest
sce,Lindsay,7.6777083333333325,1,1,False,0.0,0.0,0.04148,0.04148,0.0,nearest
sce,Little Rock,13.209340277777777,1,1,False,0.0,0.0,0.09579,0.09579,0.0,nearest
sce,Live Oak,27.733854166666667,1,1,False,0.0,0.0,0.091248,0.091248,0.0,nearest
sce,Lockheed,31.927291666666665,1,1,False,0.0,0.0,0.155765,0.155765,0.0,nearest
sce,Locust,6.661423611111111,1,1,False,0.0,0.0,0.035931,0.035931,0.0,nearest
sce,Longdon,5.9365625,1,1,False,0.0,0.0,0.011701,0.011701,0.0,nearest
sce,Loraine,0.4989236111111111,1,1,False,0.0,0.0,13.156432,13.156432,0.0,nearest_voltage_fallback
sce,Los Cerritos,15.221284722222224,1,1,False,0.0,0.0,1.318932,1.318932,0.0,nearest
sce,Lucas,35.46454861111111,1,1,False,0.0,0.0,0.02638,0.02638,0.0,nearest
sce,Lucerne,3.2853819444444445,1,1,False,0.0,0.0,0.091404,0.091404,0.0,nearest_voltage_fallback
sce,Lunada,1.027951388888889,1,1,False,0.0,0.0,0.897946,0.897946,0.0,nearest
sce,Lundy,0.1970486111111111,1,1,False,0.0,0.0,11.301842,11.301842,0.0,nearest_voltage_fallback
sce,Lynwood,6.551354166666666,1,1,False,0.0,0.0,0.031491,0.031491,0.0,nearest
sce,Macarthur,40.95225694444444,1,1,False,0.0,0.0,0.022179,0.022179,0.0,nearest
sce,Madrid,2.211076388888889,1,1,False,0.0,0.0,1.529269,1.529269,0.0,nearest
sce,Malibu,19.48263888888889,1,1,False,0.0,0.0,0.077825,0.077825,0.0,nearest
sce,Manhattan,5.740243055555556,2,2,False,0.0,0.0,2.077211,2.077211,0.0,nearest
sce,Maraschino,27.491944444444446,1,1,False,0.0,0.0,0.056946,0.056946,0.0,nearest
sce,Marine,20.246076388888888,1,1,False,0.0,0.0,0.059347,0.059347,0.0,nearest
sce,Marion,29.892708333333335,1,1,False,0.0,0.0,0.043981,0.043981,0.0,nearest
sce,Mariposa,0.4078819444444444,1,1,False,0.0,0.0,5.487521,5.487521,0.0,nearest
sce,Marymount,8.362291666666668,1,1,False,0.0,0.0,0.049455,0.049455,0.0,nearest
sce,Mascot,8.507118055555557,1,1,False,0.0,0.0,0.034437,0.034437,0.0,nearest
sce,Maxwell,43.61454861111111,1,1,False,0.0,0.0,0.075661,0.075661,0.0,nearest
sce,Mayberry,34.00875,1,1,False,0.0,0.0,0.064433,0.064433,0.0,nearest
sce,Mayflower,4.5344444444444445,1,1,False,0.0,0.0,0.031857,0.031857,0.0,nearest
sce,Mentone,9.984131944444444,1,1,False,0.0,0.0,0.155704,0.155704,0.0,nearest
sce,Merced,24.08420138888889,1,1,False,0.0,0.0,0.062277,0.062277,0.0,nearest
sce,Mesa,63.25479166666667,1,1,False,0.0,0.0,0.534891,0.534891,0.0,nearest
sce,Michillinda,3.5337847222222223,1,1,False,0.0,0.0,0.002975,0.002975,0.0,nearest
sce,Milliken,40.55520833333333,1,1,False,0.0,0.0,3.984009,3.984009,0.0,nearest
sce,Minaret,2.9369444444444444,1,1,False,0.0,0.0,34.672327,34.672327,0.0,nearest_voltage_fallback
sce,Minneola,0.10041666666666667,1,1,False,0.0,0.0,4.415986,4.415986,0.0,nearest
sce,Mira Loma,53.485729166666665,1,1,False,0.0,0.0,0.014388,0.014388,0.0,nearest
sce,Modena,48.56350694444445,1,1,False,0.0,0.0,0.065335,0.065335,0.0,nearest
sce,Moneta,6.148333333333333,1,1,False,0.0,0.0,1.519118,1.519118,0.0,nearest
sce,Monolith,12.175868055555556,1,1,False,0.0,0.0,10.365974,10.365974,0.0,nearest_voltage_fallback
sce,Monrovia,6.7536805555555555,1,1,False,0.0,0.0,0.007548,0.007548,0.0,nearest
sce,Montecito,3.3975347222222223,2,2,False,0.0,0.0,4.70589,4.70589,0.0,nearest
sce,Moorpark,44.05277777777778,1,1,False,0.0,0.0,0.158006,0.158006,0.0,nearest
sce,Moraga,78.68815972222222,1,1,False,0.0,0.0,0.046029,0.046029,0.0,nearest
sce,Moreno,23.25267361111111,1,1,False,0.0,0.0,0.101414,0.101414,0.0,nearest
sce,Morningside,4.274305555555555,2,2,False,0.0,0.0,2.6195364999999997,2.6195364999999997,0.0,nearest
sce,Morro,12.8534375,1,1,False,0.0,0.0,0.05263,0.05263,0.0,nearest
sce,Moulton,33.601875,1,1,False,0.0,0.0,0.078969,0.078969,0.0,nearest
sce,Mountain Pass A,0.0,1,1,False,0.0,0.0,90.481432,90.481432,0.0,nearest_voltage_fallback
sce,Movie,13.071041666666666,1,1,False,0.0,0.0,0.026154,0.026154,0.0,nearest
sce,Mt. Tom,4.198888888888889,1,1,False,0.0,0.0,0.036585,0.036585,0.0,nearest
sce,Mt. Vernon,5.694270833333333,1,1,False,0.0,0.0,0.013097,0.013097,0.0,nearest
sce,Murphy,21.72125,1,1,False,0.0,0.0,0.041999,0.041999,0.0,nearest
sce,Murrietta 2,9.488194444444444,1,1,False,0.0,0.0,2.427267,2.427267,0.0,nearest_voltage_fallback
sce,Muscoy,2.4320833333333334,1,3,True,1.0,2.4320833333333334,1.590944,4.851266148729,3.2603221487289997,nearest
sce,Naomi,4.064166666666667,1,1,False,0.0,0.0,0.027373,0.027373,0.0,nearest
sce,Naples,7.259479166666667,1,1,False,0.0,0.0,1.859284,1.859284,0.0,nearest
sce,Narod,41.64788194444444,1,1,False,0.0,0.0,0.109865,0.109865,0.0,nearest
sce,Narrows,32.5425,1,1,False,0.0,0.0,0.123692,0.123692,0.0,nearest
sce,Navy Mole,0.0,1,1,False,0.0,0.0,1.867924,1.867924,0.0,nearest
sce,Neenach,0.18708333333333335,1,1,False,0.0,0.0,20.24238,20.24238,0.0,nearest_voltage_fallback
sce,Nelson,64.1692013888889,1,1,False,0.0,0.0,0.022383,0.022383,0.0,nearest
sce,Neptune,23.127118055555556,1,1,False,0.0,0.0,0.008756,0.008756,0.0,nearest
sce,Newbury,34.238298611111105,1,1,False,0.0,0.0,0.080234,0.080234,0.0,nearest
sce,Newcomb,53.10947916666667,1,1,False,0.0,0.0,5.652169,5.652169,0.0,nearest
sce,Newhall,52.08503472222222,1,1,False,0.0,0.0,0.027801,0.027801,0.0,nearest
sce,Newmark,15.197916666666666,1,1,False,0.0,0.0,0.03438,0.03438,0.0,nearest
sce,Niguel,23.229687499999997,1,1,False,0.0,0.0,0.074032,0.074032,0.0,nearest
sce,Nogales,26.82579861111111,1,1,False,0.0,0.0,0.026176,0.026176,0.0,nearest
sce,Nola,11.414513888888889,1,1,False,0.0,0.0,0.033016,0.033016,0.0,nearest
sce,North Intake,0.2546527777777778,1,1,False,0.0,0.0,0.103287,0.103287,0.0,nearest
sce,North Muroc,0.5838194444444444,1,1,False,0.0,0.0,16.600545,16.600545,0.0,nearest_voltage_fallback
sce,North Oaks,45.935,1,1,False,0.0,0.0,0.07673,0.07673,0.0,nearest
sce,Northwind,0.0,1,1,False,0.0,0.0,5.224502,5.224502,0.0,nearest
sce,Nugget,6.872673611111111,1,1,False,0.0,0.0,9.325758,9.325758,0.0,nearest_voltage_fallback
sce,O'neill,32.42947916666667,1,1,False,0.0,0.0,4.355153,4.355153,0.0,nearest
sce,Oak Grove,25.09645833333333,1,1,False,0.0,0.0,0.118975,0.118975,0.0,nearest
sce,Oak Park,21.036319444444445,1,1,False,0.0,0.0,0.09095,0.09095,0.0,nearest
sce,Oasis,27.74458333333333,1,1,False,0.0,0.0,0.083179,0.083179,0.0,nearest
sce,Ocean Park,2.812673611111111,1,1,False,0.0,0.0,1.575204,1.575204,0.0,nearest
sce,Oceanview,17.125868055555557,1,1,False,0.0,0.0,0.01974,0.01974,0.0,nearest
sce,Octol,9.608819444444444,1,1,False,0.0,0.0,6.020695,6.020695,0.0,nearest
sce,Ojai,13.93340277777778,1,1,False,0.0,0.0,0.040446,0.040446,0.0,nearest
sce,Oldfield,6.060104166666666,1,1,False,0.0,0.0,0.015616,0.015616,0.0,nearest
sce,Olinda,30.781805555555554,1,1,False,0.0,0.0,0.260711,0.260711,0.0,nearest
sce,Olive Lake,4.723090277777778,1,1,False,0.0,0.0,4.626026,4.626026,0.0,nearest
sce,Olympic,1.536875,1,1,False,0.0,0.0,1.630224,1.630224,0.0,nearest
sce,Ontario,5.0470138888888885,2,2,False,0.0,0.0,0.10648250000000001,0.10648250000000001,0.0,nearest
sce,Orange,21.780104166666668,1,1,False,0.0,0.0,0.046291,0.046291,0.0,nearest
sce,Ordway,2.299375,1,1,False,0.0,0.0,0.214899,0.214899,0.0,nearest
sce,Oro Grande,0.06930555555555556,1,1,False,0.0,0.0,0.419093,0.419093,0.0,nearest
sce,Ortega,0.0,1,1,False,0.0,0.0,0.367932,0.367932,0.0,nearest
sce,Padua,194.75142361111114,1,1,False,0.0,0.0,0.064639,0.064639,0.0,nearest
sce,Palm Canyon,10.394965277777779,1,1,False,0.0,0.0,0.004297,0.004297,0.0,nearest
sce,Palm Village,16.437326388888888,1,1,False,0.0,0.0,0.078932,0.078932,0.0,nearest
sce,Palmdale,49.92975694444445,1,1,False,0.0,0.0,0.025396,0.025396,0.0,nearest
sce,Palos Verdes,3.6031250000000004,1,1,False,0.0,0.0,2.278567,2.278567,0.0,nearest
sce,Parker Strip,1.811736111111111,1,1,False,0.0,0.0,34.454361,34.454361,0.0,nearest_voltage_fallback
sce,Parkwood,22.725624999999997,1,1,False,0.0,0.0,0.029725,0.029725,0.0,nearest
sce,Passons,18.006597222222222,1,1,False,0.0,0.0,0.003764,0.003764,0.0,nearest
sce,Pauba,17.598506944444445,1,1,False,0.0,0.0,0.206074,0.206074,0.0,nearest
sce,Peacock U.g.s.,0.15416666666666667,1,1,False,0.0,0.0,1.734367,1.734367,0.0,nearest
sce,Pearl,3.3954166666666667,1,1,False,0.0,0.0,0.035142,0.035142,0.0,nearest
sce,Pechanga,68.17305555555555,1,1,False,0.0,0.0,0.706118,0.706118,0.0,nearest
sce,Pedley,20.503402777777776,1,1,False,0.0,0.0,0.04625,0.04625,0.0,nearest
sce,Peerless,0.320625,1,1,False,0.0,0.0,11.22607,11.22607,0.0,nearest_voltage_fallback
sce,Pepper,44.21388888888889,1,1,False,0.0,0.0,0.114916,0.114916,0.0,nearest
sce,Perez,0.28836805555555556,1,1,False,0.0,0.0,0.017826,0.017826,0.0,nearest
sce,Perry,7.787395833333333,1,1,False,0.0,0.0,0.014738,0.014738,0.0,nearest
sce,Peyton,36.916111111111114,1,1,False,0.0,0.0,0.202667,0.202667,0.0,nearest
sce,Phelan,33.008159722222224,1,1,False,0.0,0.0,0.141014,0.141014,0.0,nearest
sce,Pico,2.258263888888889,1,1,False,0.0,0.0,0.14576,0.14576,0.0,nearest
sce,Pierpont,5.360104166666667,1,1,False,0.0,0.0,0.0766,0.0766,0.0,nearest
sce,Pioneer,20.275555555555556,1,1,False,0.0,0.0,0.007394,0.007394,0.0,nearest
sce,Pitman,0.1354861111111111,1,1,False,0.0,0.0,37.26756,37.26756,0.0,nearest_voltage_fallback
sce,Piute,4.415763888888889,1,1,False,0.0,0.0,0.077946,0.077946,0.0,nearest
sce,Pixley,3.811145833333333,1,1,False,0.0,0.0,9.333343,9.333343,0.0,nearest
sce,Placentia,24.730173611111113,1,1,False,0.0,0.0,0.044968,0.044968,0.0,nearest
sce,Playa,3.1936805555555554,1,1,False,0.0,0.0,0.180668,0.180668,0.0,nearest
sce,Pomona,3.456006944444445,1,1,False,0.0,0.0,0.009852,0.009852,0.0,nearest
sce,Poplar,10.432152777777778,1,1,False,0.0,0.0,9.264877,9.264877,0.0,nearest
sce,Porterville,30.145069444444445,1,1,False,0.0,0.0,0.079693,0.079693,0.0,nearest
sce,Potrero,38.83920138888889,1,1,False,0.0,0.0,0.220769,0.220769,0.0,nearest
sce,Proctor,11.313194444444443,1,1,False,0.0,0.0,1.292728,1.292728,0.0,nearest
sce,Puente,28.35020833333333,1,1,False,0.0,0.0,0.088295,0.088295,0.0,nearest
sce,Quartz Hill,25.73197916666667,1,1,False,0.0,0.0,0.023062,0.023062,0.0,nearest
sce,Queen Mary U.g.s.,0.0,1,1,False,0.0,0.0,2.235911,2.235911,0.0,nearest
sce,Quinn,7.9468749999999995,1,1,False,0.0,0.0,0.168952,0.168952,0.0,nearest
sce,Railroad,39.692395833333336,1,1,False,0.0,0.0,0.022296,0.022296,0.0,nearest
sce,Ramona,8.114618055555557,1,1,False,0.0,0.0,0.059833,0.059833,0.0,nearest
sce,Rancho,18.490590277777777,1,1,False,0.0,0.0,0.133668,0.133668,0.0,nearest
sce,Randall,55.74909722222222,1,1,False,0.0,0.0,0.063713,0.063713,0.0,nearest
sce,Randolph,21.803680555555555,1,1,False,0.0,0.0,0.040212,0.040212,0.0,nearest
sce,Randsburg,0.15090277777777777,1,1,False,0.0,0.0,27.111279,27.111279,0.0,nearest_voltage_fallback
sce,Ravendale,26.1934375,1,1,False,0.0,0.0,0.084476,0.084476,0.0,nearest
sce,Rector,89.36086805555556,1,1,False,0.0,0.0,0.100328,0.100328,0.0,nearest
sce,Redlands,34.970312500000006,1,1,False,0.0,0.0,0.048968,0.048968,0.0,nearest
sce,Redman,0.8750347222222222,1,1,False,0.0,0.0,7.993739,7.993739,0.0,nearest
sce,Redondo,9.013020833333334,1,1,False,0.0,0.0,0.025547,0.025547,0.0,nearest
sce,Repetto,28.117604166666666,1,1,False,0.0,0.0,0.056936,0.056936,0.0,nearest
sce,Rialto,7.306770833333333,1,1,False,0.0,0.0,0.016692,0.016692,0.0,nearest
sce,Ridgecrest,2.379513888888889,1,1,False,0.0,0.0,1.503174,1.503174,0.0,nearest
sce,Rio Hondo,99.5859375,2,2,False,0.0,0.0,3.0768164999999996,3.0768164999999996,0.0,nearest
sce,Ripley,2.5044097222222224,1,1,False,0.0,0.0,9.792655,9.792655,0.0,nearest
sce,Ritter Ranch,1.1291666666666667,1,1,False,0.0,0.0,3.244633,3.244633,0.0,nearest
sce,Rivera,5.859895833333334,1,1,False,0.0,0.0,0.008037,0.008037,0.0,nearest
sce,Riverway,23.19472222222222,1,1,False,0.0,0.0,0.016478,0.016478,0.0,nearest
sce,Roadway,11.187326388888888,1,1,False,0.0,0.0,0.084958,0.084958,0.0,nearest
sce,Rolling Hills,24.868506944444444,1,1,False,0.0,0.0,0.01146,0.01146,0.0,nearest
sce,Rosamond,8.257465277777778,1,1,False,0.0,0.0,8.054144,8.054144,0.0,nearest
sce,Rosemead,34.324930555555554,1,1,False,0.0,0.0,0.045886,0.045886,0.0,nearest
sce,Royal,36.709374999999994,1,1,False,0.0,0.0,0.105813,0.105813,0.0,nearest
sce,Rubidoux,3.102222222222222,1,1,False,0.0,0.0,3.881237,3.881237,0.0,nearest
sce,Running Springs,4.811805555555555,1,1,False,0.0,0.0,0.025834,0.025834,0.0,nearest
sce,Rush,19.24670138888889,1,1,False,0.0,0.0,0.001564,0.001564,0.0,nearest
sce,San Antonio,54.50486111111111,1,1,False,0.0,0.0,0.052702,0.052702,0.0,nearest
sce,San Bernardino,42.724895833333335,1,1,False,0.0,0.0,0.10324,0.10324,0.0,nearest
sce,San Dimas,30.297847222222224,1,1,False,0.0,0.0,0.106449,0.106449,0.0,nearest
sce,San Fernando,15.323541666666667,1,1,False,0.0,0.0,0.135791,0.135791,0.0,nearest
sce,San Gabriel,6.972708333333333,1,1,False,0.0,0.0,0.022111,0.022111,0.0,nearest
sce,San Marcos,23.002118055555556,1,1,False,0.0,0.0,5.05096,5.05096,0.0,nearest
sce,San Marino,2.9302430555555556,1,1,False,0.0,0.0,1.737953,1.737953,0.0,nearest
sce,San Miguel,39.21489583333333,1,1,False,0.0,0.0,0.018182,0.018182,0.0,nearest
sce,San Vicente,1.7057756597222222,1,1,False,0.0,0.0,1.593991,1.593991,0.0,nearest
sce,Santa Barbara,37.73548611111111,1,1,False,0.0,0.0,0.040683,0.040683,0.0,nearest
sce,Santa Fe Springs,31.99513888888889,1,1,False,0.0,0.0,0.015127,0.015127,0.0,nearest
sce,Santa Monica,31.791874999999997,1,1,False,0.0,0.0,0.032488,0.032488,0.0,nearest
sce,Santa Rosa,78.29277777777777,1,1,False,0.0,0.0,0.123697,0.123697,0.0,nearest
sce,Santa Susana,52.1709375,1,1,False,0.0,0.0,0.110868,0.110868,0.0,nearest
sce,Santiago,147.23552083333334,1,1,False,0.0,0.0,0.042982,0.042982,0.0,nearest
sce,Saticoy,31.20861111111111,1,1,False,0.0,0.0,0.059524,0.059524,0.0,nearest
sce,Saugus,105.53527777777778,1,1,False,0.0,0.0,0.146079,0.146079,0.0,nearest
sce,Savage,41.154895833333335,1,1,False,0.0,0.0,0.16246,0.16246,0.0,nearest
sce,Sawtelle,5.050972222222223,1,1,False,0.0,0.0,0.031734,0.031734,0.0,nearest
sce,Seabright,3.936319444444445,1,1,False,0.0,0.0,0.131484,0.131484,0.0,nearest
sce,Searles,0.0,1,1,False,0.0,0.0,7.586825,7.586825,0.0,nearest
sce,Second Avenue,1.3229166666666667,1,1,False,0.0,0.0,0.114777,0.114777,0.0,nearest
sce,Sepulveda,7.953819444444444,1,1,False,0.0,0.0,0.021139,0.021139,0.0,nearest
sce,Shandin,37.88270833333333,1,1,False,0.0,0.0,0.078981,0.078981,0.0,nearest
sce,Shawnee,34.6634375,1,1,False,0.0,0.0,0.148776,0.148776,0.0,nearest
sce,Sherwin,1.2119444444444445,1,1,False,0.0,0.0,22.608692,22.608692,0.0,nearest_voltage_fallback
sce,Shuttle,33.74413194444444,1,1,False,0.0,0.0,0.118716,0.118716,0.0,nearest
sce,Sierra Madre,2.480486111111111,1,1,False,0.0,0.0,0.005784,0.005784,0.0,nearest
sce,Signal Hill,9.2740625,1,1,False,0.0,0.0,0.011895,0.011895,0.0,nearest
sce,Silver Spur,14.732013888888888,1,1,False,0.0,0.0,0.167894,0.167894,0.0,nearest
sce,Sixteenth Street,8.320243055555556,1,1,True,1.0,8.320243055555556,0.008321,1.069272,1.060951,nearest
sce,Skiland,15.858472222222222,1,1,False,0.0,0.0,37.519594,37.519594,0.0,nearest_voltage_fallback
sce,Skylark,31.901041666666668,1,1,False,0.0,0.0,0.078791,0.078791,0.0,nearest
sce,Slater,31.95340277777778,1,1,False,0.0,0.0,0.020605,0.020605,0.0,nearest
sce,Smiley,1.4121180555555555,1,1,False,0.0,0.0,0.105693,0.105693,0.0,nearest
sce,Solemint,18.18034722222222,1,1,False,0.0,0.0,0.110377,0.110377,0.0,nearest
sce,Somerset,26.308541666666667,1,1,False,0.0,0.0,0.01023,0.01023,0.0,nearest
sce,Somis,11.917361111111111,2,2,False,0.0,0.0,0.171525,0.171525,0.0,nearest
sce,Soquel,26.48503472222222,1,1,False,0.0,0.0,2.836749,2.836749,0.0,nearest
sce,South Gate,7.880972222222222,1,1,False,0.0,0.0,0.054067,0.054067,0.0,nearest
sce,Southwind,0.0,1,1,False,0.0,0.0,0.134617,0.134617,0.0,nearest
sce,Stadium,20.249756944444446,1,1,False,0.0,0.0,0.062534,0.062534,0.0,nearest
sce,Stadler,47.32513888888889,1,1,False,0.0,0.0,0.024541,0.024541,0.0,nearest
sce,State Street,21.144027777777776,1,1,False,0.0,0.0,0.005394,0.005394,0.0,nearest
sce,Stetson,36.44104166666667,1,1,False,0.0,0.0,0.037121,0.037121,0.0,nearest
sce,Stewart,25.062083333333334,1,1,False,0.0,0.0,0.009265,0.009265,0.0,nearest
sce,Stoddard,6.504479166666666,1,1,False,0.0,0.0,0.082928,0.082928,0.0,nearest
sce,Strathmore,5.341111111111111,1,1,False,0.0,0.0,0.089705,0.089705,0.0,nearest
sce,Sullivan,26.72715277777778,1,1,False,0.0,0.0,0.003729,0.003729,0.0,nearest
sce,Sun City,22.33555555555556,1,1,False,0.0,0.0,0.108747,0.108747,0.0,nearest
sce,Sunny Dunes,3.5292013888888887,1,1,False,0.0,0.0,0.00385,0.00385,0.0,nearest
sce,Sunnyside,32.201249999999995,1,1,False,0.0,0.0,0.018756,0.018756,0.0,nearest
sce,Surrey U.g.s.,0.2038888888888889,1,1,False,0.0,0.0,2.479536,2.479536,0.0,nearest
sce,Tahiti,9.933472222222223,1,1,False,0.0,0.0,0.095806,0.095806,0.0,nearest
sce,Talbert,29.774305555555557,1,1,False,0.0,0.0,0.077296,0.077296,0.0,nearest
sce,Tamarisk,36.141979166666665,1,1,False,0.0,0.0,0.008799,0.008799,0.0,nearest
sce,Tapia,3.656597222222222,1,1,False,0.0,0.0,1.277579,1.277579,0.0,nearest
sce,Team,20.986284722222223,1,1,False,0.0,0.0,0.008502,0.008502,0.0,nearest
sce,Telegraph,35.105381944444446,1,1,False,0.0,0.0,0.021782,0.021782,0.0,nearest
sce,Temple,3.0473958333333333,1,1,False,0.0,0.0,0.011452,0.011452,0.0,nearest
sce,Tenaja,24.750555555555554,1,1,False,0.0,0.0,0.167914,0.167914,0.0,nearest
sce,Tennessee,17.4025,1,1,True,1.0,17.4025,0.089018,5.023017,4.933999,nearest
sce,Terra Bella,2.639861111111111,1,1,False,0.0,0.0,11.586319,11.586319,0.0,nearest_voltage_fallback
sce,Terrace,1.469513888888889,1,1,False,0.0,0.0,0.024564,0.024564,0.0,nearest
sce,Thornhill,15.917256944444444,1,1,False,0.0,0.0,0.059317,0.059317,0.0,nearest
sce,Thousand Oaks,50.08614583333333,1,1,False,0.0,0.0,0.091256,0.091256,0.0,nearest
sce,Three Rivers,5.309965277777778,1,1,False,0.0,0.0,26.708115,26.708115,0.0,nearest_voltage_fallback
sce,Timberwine,1.5564930555555554,1,1,False,0.0,0.0,38.98088,38.98088,0.0,nearest_voltage_fallback
sce,Timoteo,39.40347222222223,1,1,False,0.0,0.0,0.030293,0.030293,0.0,nearest
sce,Tippecanoe,3.403159722222222,1,1,False,0.0,0.0,0.014444,0.014444,0.0,nearest
sce,Tipton,12.158888888888889,1,1,False,0.0,0.0,0.051378,0.051378,0.0,nearest
sce,Topaz,3.9404166666666662,1,1,False,0.0,0.0,0.058431,0.058431,0.0,nearest
sce,Torrance,31.21121527777778,1,1,False,0.0,0.0,0.036682,0.036682,0.0,nearest
sce,Tortilla,24.800104166666667,1,1,False,0.0,0.0,3.465525,3.465525,0.0,nearest_voltage_fallback
sce,Trask,60.321770833333325,1,1,False,0.0,0.0,0.035879,0.035879,0.0,nearest
sce,Triton,26.008125,1,1,False,0.0,0.0,4.919148,4.919148,0.0,nearest
sce,Trona,0.8578125000000001,1,1,False,0.0,0.0,1.009569,1.009569,0.0,nearest_voltage_fallback
sce,Trophy,23.2615625,2,2,False,0.0,0.0,0.2614125,0.2614125,0.0,nearest
sce,Tulare,46.17690972222223,1,1,False,0.0,0.0,0.079978,0.079978,0.0,nearest
sce,Twentynine Palms,6.618680555555556,1,1,False,0.0,0.0,0.0539,0.0539,0.0,nearest_voltage_fallback
sce,Universal,0.0,2,2,False,0.0,0.0,0.180063,0.180063,0.0,nearest
sce,Upland,41.046215277777776,1,1,False,0.0,0.0,0.006671,0.006671,0.0,nearest
sce,Vail,31.225381944444443,1,1,False,0.0,0.0,0.05168,0.05168,0.0,nearest
sce,Valdez,39.128125,1,1,False,0.0,0.0,0.017916,0.017916,0.0,nearest
sce,Valley,17.48784722222222,1,1,False,0.0,0.0,5.948703,5.948703,0.0,nearest
sce,Vegas,22.343645833333333,1,1,False,0.0,0.0,0.04055,0.04055,0.0,nearest
sce,Venice Hill,6.608715277777778,1,1,False,0.0,0.0,0.121512,0.121512,0.0,nearest
sce,Venida,20.41513888888889,1,1,False,0.0,0.0,10.134691,10.134691,0.0,nearest_voltage_fallback
sce,Vera,20.071145833333333,1,1,False,0.0,0.0,0.017795,0.017795,0.0,nearest
sce,Verdant,0.9710416666666668,1,1,False,0.0,0.0,21.851,21.851,0.0,nearest_voltage_fallback
sce,Vestal,24.542743055555558,1,1,False,0.0,0.0,9.027223,9.027223,0.0,nearest
sce,Victor,224.61628472222222,1,1,True,1.0,224.61628472222222,0.171664,8.071488,7.899824000000001,nearest
sce,Victoria,33.916354166666665,1,1,False,0.0,0.0,0.0169,0.0169,0.0,nearest
sce,Victorville,14.482708333333335,1,1,False,0.0,0.0,0.043286,0.043286,0.0,nearest
sce,Viejo,55.661770833333335,1,1,False,0.0,0.0,0.10331,0.10331,0.0,nearest
sce,Villa Park,147.81635416666666,1,1,False,0.0,0.0,0.160354,0.160354,0.0,nearest
sce,Wabash,8.044479166666667,1,1,False,0.0,0.0,0.032248,0.032248,0.0,nearest
sce,Wakefield,18.86611111111111,1,1,False,0.0,0.0,0.002128,0.002128,0.0,nearest
sce,Walker Basin,0.014270833333333335,1,1,False,0.0,0.0,0.103699,0.103699,0.0,nearest
sce,Walnut,134.88107638888889,1,1,False,0.0,0.0,0.021408,0.021408,0.0,nearest
sce,Walteria,28.84392361111111,1,1,False,0.0,0.0,0.018753,0.018753,0.0,nearest
sce,Washington,19.12402777777778,1,1,False,0.0,0.0,0.085476,0.085476,0.0,nearest
sce,Watson,9.922743055555555,1,1,False,0.0,0.0,0.030797,0.030797,0.0,nearest
sce,Wave,16.986875,1,1,False,0.0,0.0,0.048524,0.048524,0.0,nearest
sce,Weldon,3.8710763888888895,1,1,False,0.0,0.0,0.176586,0.176586,0.0,nearest
sce,West Barstow,1.3002430555555557,1,1,False,0.0,0.0,0.067557,0.067557,0.0,nearest
sce,Westfall P.m.,0.7967013888888889,1,1,False,0.0,0.0,5.772591,5.772591,0.0,nearest
sce,Wheatland,6.418854166666667,1,1,False,0.0,0.0,0.213565,0.213565,0.0,nearest
sce,Whipple,0.0,1,1,False,0.0,0.0,30.348732,30.348732,0.0,nearest_voltage_fallback
sce,White Mt.,0.0,1,1,False,0.0,0.0,0.104342,0.104342,0.0,nearest
sce,Whitewater,0.0,1,1,False,0.0,0.0,0.813661,0.813661,0.0,nearest_voltage_fallback
sce,Wilsona,1.9155208333333331,1,1,False,0.0,0.0,19.949863,19.949863,0.0,nearest_voltage_fallback
sce,Wimbledon,14.603124999999999,1,1,False,0.0,0.0,1.801123,1.801123,0.0,nearest
sce,Windsor Hills,20.438819444444444,1,1,True,1.0,20.438819444444444,0.053627,1.796951,1.7433239999999999,nearest
sce,Woodruff,5.461180555555555,1,1,False,0.0,0.0,0.036066,0.036066,0.0,nearest
sce,Woodville,8.729895833333334,1,1,False,0.0,0.0,11.63242,11.63242,0.0,nearest_voltage_fallback
sce,Wrightwood,10.665763888888888,1,1,False,0.0,0.0,9.625073,9.625073,0.0,nearest_voltage_fallback
sce,Yermo,0.09298611111111112,1,1,False,0.0,0.0,0.134626,0.134626,0.0,nearest
sce,Yorba Linda,33.03486111111111,1,1,False,0.0,0.0,0.181469,0.181469,0.0,nearest
sce,Yucaipa,42.63940972222222,1,1,False,0.0,0.0,0.121413,0.121413,0.0,nearest
sce,Yucca,21.93173611111111,1,1,False,0.0,0.0,10.368257,10.368257,0.0,nearest_voltage_fallback
sce,Yukon,18.826597222222222,2,2,False,0.0,0.0,0.1587925,0.1587925,0.0,nearest
sce,Zack,2.125729166666667,1,1,False,0.0,0.0,22.323096,22.323096,0.0,nearest_voltage_fallback
sce,Zanja,0.06673611111111111,1,1,False,0.0,0.0,2.711531,2.711531,0.0,nearest
sdge,ALPINE,18.45930451388889,1,1,False,0.0,0.0,2.031843,2.031843,0.0,nearest
sdge,ARTESIAN RANCH,17.7617840625,1,1,False,0.0,0.0,2.072027,2.072027,0.0,nearest_voltage_fallback
sdge,ASH,30.3317975,1,1,False,0.0,0.0,2.166391,2.166391,0.0,nearest
sdge,AVOCADO,14.199655590277779,1,1,False,0.0,0.0,3.519356,3.519356,0.0,nearest
sdge,BARRETT,2.7979577083333336,1,1,False,0.0,0.0,0.843842,0.843842,0.0,nearest
sdge,BATIQUITOS,38.5866465625,1,1,True,1.0,38.5866465625,1.268684,9.794327,8.525642999999999,nearest
sdge,BERNARDO,54.396231388888886,1,1,False,0.0,0.0,1.40246,1.40246,0.0,nearest
sdge,BORDER,42.40092552083334,1,1,False,0.0,0.0,3.396125,3.396125,0.0,nearest
sdge,BORREGO,11.652946666666667,1,1,False,0.0,0.0,12.699609,12.699609,0.0,nearest_voltage_fallback
sdge,BOULEVARD EAST,6.413961979166667,1,1,False,0.0,0.0,26.531817,26.531817,0.0,nearest_voltage_fallback
sdge,CABRILLO,12.321516597222221,1,1,False,0.0,0.0,1.060481,1.060481,0.0,nearest
sdge,CAMERON,3.0131190972222224,1,1,False,0.0,0.0,16.783258,16.783258,0.0,nearest_voltage_fallback
sdge,CANNON,73.6939928125,1,1,False,0.0,0.0,1.661895,1.661895,0.0,nearest
sdge,CARLTON HILLS,19.19533767361111,1,1,False,0.0,0.0,1.189661,1.189661,0.0,nearest
sdge,CHICARITA,32.15146364583333,1,1,False,0.0,0.0,0.34003,0.34003,0.0,nearest
sdge,CHOLLAS WEST,36.55413225694444,1,1,False,0.0,0.0,1.166853,1.166853,0.0,nearest
sdge,CLAIREMONT,27.04290232638889,1,1,False,0.0,0.0,0.5135,0.5135,0.0,nearest
sdge,CORONADO,20.35073486111111,2,2,False,0.0,0.0,3.324309,3.324309,0.0,nearest
sdge,CREELMAN,27.678467118055558,1,1,False,0.0,0.0,2.427999,2.427999,0.0,nearest_voltage_fallback
sdge,CRESTWOOD,1.4322147916666668,1,1,False,0.0,0.0,15.175081,15.175081,0.0,nearest_voltage_fallback
sdge,DEL MAR,37.29594888888889,1,1,False,0.0,0.0,2.163683,2.163683,0.0,nearest
sdge,DESCANSO,2.6668209722222223,1,1,False,0.0,0.0,2.892592,2.892592,0.0,nearest
sdge,EASTGATE,13.9531834375,1,1,False,0.0,0.0,2.092585,2.092585,0.0,nearest
sdge,EL CAJON,53.192746284722226,1,1,False,0.0,0.0,2.238014,2.238014,0.0,nearest
sdge,ELLIOTT,29.33052104166667,1,1,False,0.0,0.0,0.921496,0.921496,0.0,nearest
sdge,ENCINITAS,28.25206267361111,1,1,False,0.0,0.0,2.085603,2.085603,0.0,nearest
sdge,ESCO,23.362112291666666,1,1,False,0.0,0.0,0.577848,0.577848,0.0,nearest
sdge,ESCONDIDO,56.02794986111111,2,2,False,0.0,0.0,2.4795475,2.4795475,0.0,nearest_voltage_fallback
sdge,FELICITA,24.930891493055555,1,1,False,0.0,0.0,4.336258,4.336258,0.0,nearest
sdge,FRIARS,26.492000069444444,1,1,True,1.0,26.492000069444444,0.710743,7.219508,6.508765,nearest
sdge,GARFIELD,9.50867545138889,1,1,False,0.0,0.0,0.715209,0.715209,0.0,nearest
sdge,GENESEE,61.95357177083334,1,1,False,0.0,0.0,0.753229,0.753229,0.0,nearest
sdge,GLENCLIFF,2.19385125,1,1,False,0.0,0.0,2.596405,2.596405,0.0,nearest
sdge,GRANITE,40.4455115625,1,1,False,0.0,0.0,2.320312,2.320312,0.0,nearest
sdge,GRANT HILL,16.1716103125,1,1,False,0.0,0.0,0.758155,0.758155,0.0,nearest
sdge,IMPERIAL BEACH,29.04976107638889,1,1,False,0.0,0.0,0.402284,0.402284,0.0,nearest
sdge,JAMACHA,36.366086770833334,1,1,False,0.0,0.0,9.401125,9.401125,0.0,nearest
sdge,KEARNY WEST,60.232250625000006,1,1,False,0.0,0.0,0.608714,0.608714,0.0,nearest
sdge,KETTNER,11.288586145833333,1,1,False,0.0,0.0,0.545933,0.545933,0.0,nearest
sdge,LA JOLLA,15.220137395833332,1,1,False,0.0,0.0,1.03776,1.03776,0.0,nearest
sdge,LAGUNA NIGUEL,50.225827673611114,1,1,False,0.0,0.0,0.938598,0.938598,0.0,nearest
sdge,LAS PULGAS,4.430701215277778,1,1,False,0.0,0.0,3.483866,3.483866,0.0,nearest
sdge,LILAC,13.881105034722221,1,1,False,0.0,0.0,2.944023,2.944023,0.0,nearest
sdge,LOS COCHES,26.414008715277777,1,1,False,0.0,0.0,1.751621,1.751621,0.0,nearest_voltage_fallback
sdge,MARGARITA,35.5974275,1,1,False,0.0,0.0,2.390217,2.390217,0.0,nearest
sdge,MELROSE,59.152883645833334,1,1,False,0.0,0.0,1.546955,1.546955,0.0,nearest
sdge,MESA HEIGHTS,35.831859236111114,1,1,False,0.0,0.0,1.601531,1.601531,0.0,nearest
sdge,MESA RIM,60.61722944444445,1,1,True,1.0,60.61722944444445,0.421197,2.18873,1.767533,nearest
sdge,MISSION,50.13096357638889,1,1,True,1.0,50.13096357638889,1.098427,3.85738,2.758953,nearest
sdge,MONSERATE,17.215630208333334,1,1,False,0.0,0.0,2.150675,2.150675,0.0,nearest
sdge,MONTGOMERY,28.32315326388889,1,1,False,0.0,0.0,1.207913,1.207913,0.0,nearest
sdge,MORRO HILL,4.927241979166666,1,1,False,0.0,0.0,2.242153,2.242153,0.0,nearest
sdge,MURRAY,42.19666295138889,1,1,False,0.0,0.0,0.677543,0.677543,0.0,nearest
sdge,NORTH CITY WEST,26.810181527777775,1,1,False,0.0,0.0,1.912512,1.912512,0.0,nearest
sdge,OCEAN RANCH,17.921071666666666,1,1,False,0.0,0.0,2.959949,2.959949,0.0,nearest
sdge,OCEANSIDE,29.04627871527778,1,1,False,0.0,0.0,1.283802,1.283802,0.0,nearest
sdge,OLD TOWN,46.047646388888886,1,1,True,1.0,46.047646388888886,0.761782,2.985769,2.223987,nearest
sdge,OLIVENHAIN,2.84907375,3,3,False,1.0000000000287557e-06,2.849073750081927e-06,4.622206044456,4.622206044456,0.0,nearest
sdge,OTAY,34.31669173611111,1,1,False,0.0,0.0,1.487782,1.487782,0.0,nearest
sdge,PACIFIC BEACH,30.287553958333334,1,1,False,0.0,0.0,0.454442,0.454442,0.0,nearest
sdge,PALA,17.167242118055555,1,1,False,0.0,0.0,10.230305,10.230305,0.0,nearest_voltage_fallback
sdge,PALOMAR AIRPORT,39.92199423611111,1,1,True,1.0,39.92199423611111,1.327168,5.163797,3.836629,nearest
sdge,PARADISE,33.16693965277778,1,1,False,0.0,0.0,0.908759,0.908759,0.0,nearest
sdge,PICO,23.13170326388889,1,1,True,1.0,23.13170326388889,1.946649,2.749279,0.80263,nearest
sdge,POINT LOMA,29.54501895833333,1,1,False,0.0,0.0,0.532433,0.532433,0.0,nearest
sdge,POMERADO,33.904598784722225,1,1,False,0.0,0.0,0.30696,0.30696,0.0,nearest
sdge,POWAY,16.953787465277777,1,1,False,0.0,0.0,0.923846,0.923846,0.0,nearest
sdge,PROCTOR VALLEY,25.716118854166666,1,1,False,0.0,0.0,0.663875,0.663875,0.0,nearest_voltage_fallback
sdge,RANCHO CARMEL,27.6588271875,1,1,False,0.0,0.0,0.348565,0.348565,0.0,nearest
sdge,RANCHO MISSION VIEJO,14.474461805555556,1,1,False,0.0,0.0,3.840358,3.840358,0.0,nearest
sdge,RANCHO SANTA FE,11.594803715277777,1,1,False,0.0,0.0,1.918192,1.918192,0.0,nearest
sdge,RINCON,11.705715381944444,1,1,False,0.0,0.0,5.07599,5.07599,0.0,nearest
sdge,ROSE CANYON,24.4893575,1,1,False,0.0,0.0,0.805574,0.805574,0.0,nearest
sdge,SALT CREEK,11.812660729166668,1,1,False,0.0,0.0,3.496388,3.496388,0.0,nearest
sdge,SAMPSON,60.99756333333333,2,2,True,0.5,30.498781666666666,1.8705850000000002,2.0173595,0.1467744999999998,nearest
sdge,SAN JUAN CAPISTRANO,21.49047611111111,1,1,False,0.0,0.0,0.880811,0.880811,0.0,nearest_voltage_fallback
sdge,SAN LUIS REY,49.53403149305555,1,1,False,0.0,0.0,1.955961,1.955961,0.0,nearest_voltage_fallback
sdge,SAN MARCOS,46.9984559375,1,1,False,0.0,0.0,2.92252,2.92252,0.0,nearest
sdge,SAN MATEO,20.001565833333334,1,1,True,1.0,20.001565833333334,4.976832,7.9139,2.937068,nearest
sdge,SAN YSIDRO,34.89661569444444,1,1,False,0.0,0.0,1.36377,1.36377,0.0,nearest
sdge,SANTA YSABEL,5.477319027777778,1,1,False,0.0,0.0,5.957404,5.957404,0.0,nearest
sdge,SANTEE,27.2299365625,1,1,True,1.0,27.2299365625,0.591344,4.540628,3.949284,nearest
sdge,SCRIPPS,35.61142263888889,1,1,False,0.0,0.0,1.065259,1.065259,0.0,nearest
sdge,SHADOWRIDGE,43.395506805555556,1,1,False,0.0,0.0,2.764836,2.764836,0.0,nearest_voltage_fallback
sdge,SPRING VALLEY,24.184472777777778,1,1,False,0.0,0.0,0.458349,0.458349,0.0,nearest
sdge,STATION B,46.152091041666665,1,1,False,0.0,0.0,0.365526,0.365526,0.0,nearest
sdge,STATION F,47.0679715625,1,1,False,0.0,0.0,0.14903,0.14903,0.0,nearest
sdge,STREAMVIEW,26.01789763888889,1,1,False,0.0,0.0,1.498512,1.498512,0.0,nearest
sdge,STUART,2.833779097222222,1,1,False,0.0,0.0,5.375951,5.375951,0.0,nearest
sdge,SUNNYSIDE,7.0548963888888885,1,1,False,0.0,0.0,1.157335,1.157335,0.0,nearest
sdge,SWEETWATER,32.69145434027777,1,1,False,0.0,0.0,0.738409,0.738409,0.0,nearest
sdge,TELEGRAPH CANYON,39.2341534375,1,1,False,0.0,0.0,1.907812,1.907812,0.0,nearest_voltage_fallback
sdge,TORREY PINES,49.16724597222222,1,1,False,0.0,0.0,0.773689,0.773689,0.0,nearest
sdge,TRABUCO,44.139827743055555,1,1,False,0.0,0.0,1.085457,1.085457,0.0,nearest
sdge,URBAN,35.232035590277775,1,1,False,0.0,0.0,0.756023,0.756023,0.0,nearest
sdge,VALLEY CENTER,11.28225625,1,1,False,0.0,0.0,1.832314,1.832314,0.0,nearest
sdge,VINE,39.14623600694445,1,1,False,0.0,0.0,0.926112,0.926112,0.0,nearest
sdge,WABASH CANYON,6.889200451388889,1,1,False,0.0,0.0,1.254902,1.254902,0.0,nearest
sdge,WARNERS,2.083972673611111,1,1,False,0.0,0.0,4.585326,4.585326,0.0,nearest
