utility,substation_name,node,share,dist_km,n_tied,is_synthetic,assignment_method
pge,MAPLE,1,1.0,4.271581082431141,1,False,catchment
pge,HERDLYN,2,0.043478260869565216,5.471830188292631,23,False,catchment
pge,VASCO,3,0.1111111111111111,5.361367425318941,9,False,catchment
pge,JARVIS,5,0.5,0.05072207772178296,2,False,catchment
pge,FORT SEWARD,6,0.3333333333333333,15.264636732502241,3,False,catchment
pge,NEWARK 21KV,9,0.5,3.8614723336069803,2,False,catchment
pge,RIDGE,11,0.3333333333333333,1.254273250114441,3,False,catchment
pge,VINEYARD,12,0.3333333333333333,2.0351517903337846,3,False,catchment
pge,SAN RAMON,14,0.3333333333333333,4.812972933276376,3,False,catchment
pge,NORTH DUBLIN,16,0.5,4.871772893872222,2,False,catchment
pge,HERDLYN,18,0.043478260869565216,3.5019938046200583,23,False,catchment
pge,SUNOL,22,0.3333333333333333,3.437687557661042,3,False,catchment
pge,MARTELL,25,0.3333333333333333,4.970197929954115,3,False,catchment
pge,IONE,27,0.14285714285714285,0.03961293701404055,7,False,catchment
pge,MARTELL,30,0.3333333333333333,0.7857546511651514,3,False,catchment
pge,WYANDOTTE,35,0.1111111111111111,2.40216102746507,9,False,catchment
pge,PEACHTON,36,0.3333333333333333,1.5654166945185328,3,False,catchment
pge,WYANDOTTE,37,0.1111111111111111,3.4798801085939646,9,False,catchment
pge,PEACHTON,38,0.3333333333333333,3.345245502401099,3,False,catchment
pge,ANITA,40,1.0,0.026293357700975597,1,False,catchment
sce,Concho,45,0.1,7.430550762830645,10,False,catchment
pge,STANISLAUS,56,0.2,9.057861015184217,5,False,catchment
pge,PEORIA,59,0.14285714285714285,5.729524920094996,7,False,catchment
pge,STANISLAUS,60,0.2,6.751764615331654,5,False,catchment
pge,CALAVERAS CEMENT,61,0.25,5.5083052939894905,4,False,catchment
pge,ARBUCKLE,64,0.3333333333333333,5.537786611976983,3,False,catchment
pge,ARBUCKLE,65,0.3333333333333333,5.448361281548222,3,False,catchment
pge,HERDLYN,70,0.043478260869565216,0.0021906776705482,23,False,catchment
pge,CONTRA COSTA,71,0.06666666666666667,3.327158353800313,15,False,catchment
pge,MIDDLE RIVER,72,0.5,6.960933532054878,2,False,catchment
pge,CONTRA COSTA,73,0.06666666666666667,2.6997288215796926,15,False,catchment
pge,PITTSBURG,74,0.047619047619047616,1.7849567128832853,21,False,catchment
pge,FAIRVIEW,75,0.14285714285714285,0.19476324033438575,7,False,catchment
pge,FRANKLIN,76,0.1111111111111111,2.651073567416649,9,False,catchment
pge,LAKEWOOD,77,0.3333333333333333,2.262855736294589,3,False,catchment
pge,HERDLYN,78,0.043478260869565216,3.9601807214417213,23,False,catchment
pge,TIDEWATER,80,0.16666666666666666,1.9144653102798443,6,False,catchment
pge,LONE TREE,81,0.3333333333333333,8.346107747885371,3,False,catchment
pge,PITTSBURG,83,0.047619047619047616,0.7396895016022003,21,False,catchment
pge,CONTRA COSTA,84,0.06666666666666667,3.281033658719363,15,False,catchment
pge,PITTSBURG,85,0.047619047619047616,1.3575971415316377,21,False,catchment
pge,PALO SECO,86,1.0,6.509104521364017,1,False,catchment
pge,CONTRA COSTA,87,0.06666666666666667,2.0897122293316546,15,False,catchment
pge,TIDEWATER,90,0.16666666666666666,2.148547830270537,6,False,catchment
pge,BRENTWOOD,91,0.3333333333333333,4.4153917288606355,3,False,catchment
pge,NORTH TOWER,94,0.2,3.5862420630744647,5,False,catchment
pge,FAIRVIEW,96,0.14285714285714285,1.8545930300159672,7,False,catchment
pge,HOOPA,98,0.3333333333333333,96.38163090650033,3,False,catchment
pge,AUBURN,100,0.5,2.094022744340671,2,False,catchment
pge,SHINGLE SPRINGS,101,0.25,3.977398417539451,4,False,catchment
pge,PENRYN,103,0.3333333333333333,6.301153145082754,3,False,catchment
pge,EL DORADO PH,105,0.1111111111111111,21.50963290598652,9,False,catchment
pge,EL DORADO PH,106,0.1111111111111111,0.022943729738009244,9,False,catchment
pge,KINGSBURG,107,0.25,5.797969160536435,4,False,catchment
pge,BARTON,108,1.0,3.454692005073179,1,False,catchment
pge,HENRIETTA,109,0.25,9.423983472924883,4,False,catchment
pge,COALINGA NO 2,110,0.14285714285714285,4.8532438692891064,7,False,catchment
pge,HAMMONDS,111,0.2,8.860199803235068,5,False,catchment
pge,COALINGA NO 2,112,0.14285714285714285,6.1740537917501594,7,False,catchment
pge,WOODWARD,114,0.5,2.1747731919522812,2,False,catchment
pge,COALINGA NO 2,115,0.14285714285714285,6.232294299685386,7,False,catchment
pge,GIFFEN,116,0.25,9.654024042404185,4,False,catchment
pge,GIFFEN,117,0.25,13.533619282774902,4,False,catchment
pge,FIREBAUGH,122,0.2,2.184672876749087,5,False,catchment
pge,PANOCHE,124,0.3333333333333333,4.7754723804271855,3,False,catchment
pge,COALINGA NO 2,126,0.14285714285714285,2.4340666852450767,7,False,catchment
pge,WAHTOKE,127,1.0,5.820815579728374,1,False,catchment
pge,SAN JOAQUIN,130,0.2,3.3088409007989594,5,False,catchment
pge,KEARNEY,134,0.2,0.012439723922242692,5,False,catchment
pge,MENDOTA,137,0.2,0.04513737958152554,5,False,catchment
pge,MENDOTA,138,0.2,9.227725472008876,5,False,catchment
pge,TIVY VALLEY,141,0.3333333333333333,2.345641241784784,3,False,catchment
pge,SANGER,142,0.25,6.491132309911287,4,False,catchment
pge,MALAGA,147,0.14285714285714285,0.735693846266072,7,False,catchment
pge,GIFFEN,148,0.25,12.822008277093325,4,False,catchment
pge,SCHINDLER,149,0.25,11.270690994027353,4,False,catchment
pge,ORO LOMA,150,0.3333333333333333,6.401399541182131,3,False,catchment
pge,CAPAY,153,0.5,4.683871607238162,2,False,catchment
pge,JACINTO,156,0.3333333333333333,2.8388114203307584,3,False,catchment
pge,ELK CREEK,158,1.0,1.1262724520342915,1,False,catchment
pge,BLUE LAKE,159,0.5,1.2332344270678401,2,False,catchment
pge,JANES CREEK,162,0.5,3.178262150765743,2,False,catchment
pge,ARCATA,172,0.5,5.391467179098735,2,False,catchment
pge,HERDLYN,174,0.043478260869565216,5.0993984027668215,23,False,catchment
pge,RIO DELL,175,0.3333333333333333,1.6514273549176834,3,False,catchment
pge,MAPLE CREEK,176,0.25,17.754019568985704,4,False,catchment
pge,MAPLE CREEK,178,0.25,6.9602456744574415,4,False,catchment
pge,RIPON,179,0.05263157894736842,3.363554037811469,19,False,catchment
sdge,BOULEVARD EAST,181,0.018867924528301886,79.63112891128007,53,False,catchment
sdge,BORREGO,182,0.058823529411764705,36.643582981392356,17,False,catchment
sce,Verdant,183,0.041666666666666664,72.11732557075233,24,False,catchment
sce,Verdant,184,0.041666666666666664,61.643673114038414,24,False,catchment
sce,Eagle Mountain,185,0.0625,52.18560666170292,16,False,catchment
sdge,BOULEVARD EAST,186,0.018867924528301886,71.93211640100527,53,False,catchment
sdge,BOULEVARD EAST,187,0.018867924528301886,66.98493409572829,53,False,catchment
sdge,BORREGO,188,0.058823529411764705,33.275007579013156,17,False,catchment
sdge,BOULEVARD EAST,189,0.018867924528301886,66.38018967949301,53,False,catchment
sce,Verdant,190,0.041666666666666664,47.1694278112895,24,False,catchment
sce,Verdant,191,0.041666666666666664,43.835890050252864,24,False,catchment
sdge,BOULEVARD EAST,192,0.018867924528301886,71.29492951985844,53,False,catchment
sce,Verdant,193,0.041666666666666664,74.98226278266333,24,False,catchment
sce,Verdant,194,0.041666666666666664,84.14192341751315,24,False,catchment
sce,Verdant,195,0.041666666666666664,81.17336030216207,24,False,catchment
sce,Verdant,196,0.041666666666666664,75.76150646439656,24,False,catchment
sdge,BOULEVARD EAST,197,0.018867924528301886,57.58502106162692,53,False,catchment
sce,Eagle Mountain,198,0.0625,63.440120471261764,16,False,catchment
sdge,BOULEVARD EAST,199,0.018867924528301886,77.02082645192124,53,False,catchment
sdge,BOULEVARD EAST,200,0.018867924528301886,41.19311054605125,53,False,catchment
sdge,BOULEVARD EAST,201,0.018867924528301886,71.20722239875079,53,False,catchment
sdge,BORREGO,202,0.058823529411764705,35.32642501876978,17,False,catchment
sdge,BOULEVARD EAST,203,0.018867924528301886,55.69054728459523,53,False,catchment
sdge,BOULEVARD EAST,204,0.018867924528301886,59.9567969957093,53,False,catchment
sdge,BOULEVARD EAST,205,0.018867924528301886,54.968532224833915,53,False,catchment
sdge,BOULEVARD EAST,206,0.018867924528301886,92.33904435740709,53,False,catchment
sdge,BORREGO,207,0.058823529411764705,71.45135220774065,17,False,catchment
sce,Coso,209,0.16666666666666666,3.065028304508999,6,False,catchment
sce,Junction,210,1.0,152.21838378203523,1,False,catchment
sce,Bishop Creek Plant 2,211,0.16666666666666666,14.958349177354862,6,False,catchment
sce,Mt. Tom,213,0.06666666666666667,11.606346197976457,15,False,catchment
pge,ANTELOPE,214,0.25,6.110073263899271,4,False,catchment
pge,ANTELOPE,215,0.25,4.122586525016731,4,False,catchment
sce,Frazier Park,216,0.5,12.323843997459587,2,False,catchment
pge,7TH STANDARD,217,0.5,3.645787888803984,2,False,catchment
pge,LERDO,218,0.25,8.486274335673947,4,False,catchment
pge,WESTPARK,219,0.5,3.036361353598123,2,False,catchment
pge,TEJON,220,0.1,12.38188336755243,10,False,catchment
pge,DEVILS DEN,221,0.16666666666666666,9.751988897894103,6,False,catchment
pge,LAKEVIEW,222,0.3333333333333333,4.868491171152099,3,False,catchment
pge,TEJON,223,0.1,10.728096450997034,10,False,catchment
pge,DEVILS DEN,225,0.16666666666666666,5.420684652628125,6,False,catchment
pge,MAGUNDEN,227,0.16666666666666666,5.066802191096396,6,False,catchment
pge,MARICOPA,230,0.1,0.5802045174067199,10,False,catchment
pge,CARNERAS,232,0.2,8.373915202149346,5,False,catchment
pge,MARICOPA,233,0.1,3.150037688889501,10,False,catchment
pge,MCKITTRICK,236,0.14285714285714285,2.539037784097734,7,False,catchment
pge,KERN OIL,238,0.05,4.227699168244389,20,False,catchment
pge,KERN OIL,239,0.05,7.098029666711301,20,False,catchment
pge,MAGUNDEN,240,0.16666666666666666,4.399613179385635,6,False,catchment
pge,TUPMAN,243,0.5,6.45724979877226,2,False,catchment
pge,MARICOPA,246,0.1,7.548305902040722,10,False,catchment
pge,TEJON,247,0.1,11.579918273500448,10,False,catchment
pge,KERN OIL,248,0.05,7.69687480911412,20,False,catchment
pge,MCKITTRICK,253,0.14285714285714285,4.114642822654533,7,False,catchment
pge,MCKITTRICK,254,0.14285714285714285,6.074028820532838,7,False,catchment
pge,FELLOWS,255,0.08333333333333333,4.284234066483259,12,False,catchment
pge,MARICOPA,256,0.1,2.0696169885828075,10,False,catchment
pge,CARNERAS,260,0.2,4.823752799887643,5,False,catchment
pge,CAL WATER,262,0.2,7.114791145256379,5,False,catchment
pge,ROSEDALE,263,0.5,0.04887764149708236,2,False,catchment
pge,ARVIN,264,0.5,6.394125480568086,2,False,catchment
pge,FELLOWS,265,0.08333333333333333,0.37510821697346636,12,False,catchment
sce,Banducci,269,1.0,3.111093025240334,1,False,catchment
pge,MARICOPA,270,0.1,4.529797002274073,10,False,catchment
pge,MARICOPA,271,0.1,4.328554695331307,10,False,catchment
pge,TEJON,272,0.1,2.2723700771178503,10,False,catchment
pge,FELLOWS,274,0.08333333333333333,1.3500750540890154,12,False,catchment
pge,DEVILS DEN,276,0.16666666666666666,11.574710594227192,6,False,catchment
pge,KERN OIL,281,0.05,4.137196196560775,20,False,catchment
pge,MCKITTRICK,282,0.14285714285714285,3.103693923547255,7,False,catchment
sce,Gorman,284,0.1111111111111111,12.787043818599207,9,False,catchment
sce,Isabella,285,0.25,6.609924527729408,4,False,catchment
sce,Monolith,286,0.3333333333333333,0.7819898206488421,3,False,catchment
sce,Southwind,288,0.09090909090909091,3.5702790120757193,11,False,catchment
pge,TEJON,292,0.1,14.60151482065012,10,False,catchment
sce,Isabella,300,0.25,1.3315818770079308,4,False,catchment
pge,PITTSBURG,303,0.047619047619047616,11.00552377185305,21,False,catchment
sce,Browning,304,0.3333333333333333,3.1342011817903517,3,False,catchment
pge,TEJON,305,0.1,13.845228366883104,10,False,catchment
sce,Amargo,307,0.5,9.08200744796246,2,False,catchment
sce,Corum,309,0.5,8.013645917621288,2,False,catchment
sce,Gorman,312,0.1111111111111111,7.346956263880704,9,False,catchment
pge,KERN OIL,313,0.05,3.004781980543107,20,False,catchment
pge,CORCORAN,314,0.2,2.754155103003122,5,False,catchment
pge,ALPAUGH,315,0.5,10.861192394905746,2,False,catchment
pge,RESERVE OIL,316,0.16666666666666666,0.9821873810096292,6,False,catchment
pge,RESERVE OIL,320,0.16666666666666666,0.815306932982771,6,False,catchment
sce,Hanford,321,0.3333333333333333,9.540195605966058,3,False,catchment
pge,RISING RIVER,333,0.2,30.256052677511658,5,False,catchment
pge,CRESCENT MILLS,334,0.08333333333333333,39.919025817772315,12,False,catchment
pge,CRESCENT MILLS,335,0.08333333333333333,51.26880996877486,12,False,catchment
pge,HAMILTON BRANCH,336,0.08333333333333333,39.29549102618067,12,False,catchment
pge,CRESCENT MILLS,337,0.08333333333333333,47.99473867410295,12,False,catchment
pge,CHESTER,338,0.3333333333333333,33.71785890134574,3,False,catchment
pge,HAMILTON BRANCH,340,0.08333333333333333,8.080034860160763,12,False,catchment
sce,Universal,341,0.037037037037037035,6.981877108737951,27,False,catchment
sce,San Fernando,344,0.0625,3.7597982647089703,16,False,catchment
sce,Wabash,345,0.2,5.4983715060781915,5,False,catchment
sce,Navy Mole,346,1.0,4.589214973076314,1,False,catchment
sce,Universal,347,0.037037037037037035,6.905876333538979,27,False,catchment
sce,Valdez,348,0.3333333333333333,5.918639911787538,3,False,catchment
sce,Topanga,349,1.0,11.466264489953321,1,False,catchment
sce,Universal,350,0.037037037037037035,6.299383380562327,27,False,catchment
sce,Universal,351,0.037037037037037035,5.358227995299658,27,False,catchment
sce,Dalton,352,0.125,1.478360134213811,8,False,catchment
sce,Moneta,357,1.0,2.7244926193621053,1,False,catchment
sce,Newhall,360,0.5,5.333659309843109,2,False,catchment
pge,KERN OIL,361,0.05,6.221269721875165,20,False,catchment
sce,Alon,363,0.16666666666666666,1.9646735700537883,6,False,catchment
sce,Signal Hill,365,0.3333333333333333,0.9424101137288883,3,False,catchment
sce,Dalton,367,0.125,3.2181466652209396,8,False,catchment
sce,Fruitland,370,0.07692307692307693,1.3347116262825667,13,False,catchment
sce,Lakewood,372,0.5,1.476797293754878,2,False,catchment
sce,Dalton,377,0.125,1.608924503382937,8,False,catchment
sce,Del Amo,379,0.25,1.7741371244247501,4,False,catchment
sce,Dike,384,0.058823529411764705,1.5567429798112942,17,False,catchment
sce,Signal Hill,387,0.3333333333333333,0.6698501047176268,3,False,catchment
sce,Dike,388,0.058823529411764705,1.4876900735395406,17,False,catchment
sce,Sepulveda,390,0.043478260869565216,1.7702915890730397,23,False,catchment
sce,Clark,393,0.5,1.3393059866291392,2,False,catchment
sce,Dike,395,0.058823529411764705,0.6410394905872694,17,False,catchment
sce,Fruitland,396,0.07692307692307693,2.055149635309155,13,False,catchment
sce,Sunnyside,397,0.3333333333333333,1.1628473887750872,3,False,catchment
sce,Howard,400,0.2,1.0744141875760937,5,False,catchment
sce,Industry,403,0.5,0.7337196767805327,2,False,catchment
sce,Carson,411,0.5,0.573145077598443,2,False,catchment
sce,Sepulveda,412,0.043478260869565216,1.3333556379407305,23,False,catchment
sce,Imperial,413,0.5,1.4636999536772413,2,False,catchment
sce,Cameron,419,0.14285714285714285,1.515218510703119,7,False,catchment
sce,Elizabeth Lake,420,0.25,2.693398336001878,4,False,catchment
sce,El Nido,422,0.14285714285714285,1.0186160030804565,7,False,catchment
sce,Cameron,427,0.14285714285714285,1.9857554863306117,7,False,catchment
sce,Amador,429,0.5,1.7482677259611226,2,False,catchment
sce,Oasis,432,0.25,4.2863368775208786,4,False,catchment
sce,Hoyt,433,0.2,3.7753261392333908,5,False,catchment
sce,Sepulveda,435,0.043478260869565216,0.910221901087744,23,False,catchment
sce,Palos Verdes,436,1.0,3.6390242099498322,1,False,catchment
sce,Proctor,438,0.3333333333333333,1.2927278069724641,3,False,catchment
sce,Bixby,440,1.0,3.367984488593496,1,False,catchment
sce,Arroyo,442,0.3333333333333333,1.5638386351065794,3,False,catchment
sce,Hoyt,443,0.2,2.673592646307606,5,False,catchment
sce,Fruitland,444,0.07692307692307693,2.983364475915114,13,False,catchment
sce,Quartz Hill,449,0.5,3.481400866069566,2,False,catchment
sce,Fruitland,454,0.07692307692307693,0.8208912217435917,13,False,catchment
sce,Dalton,455,0.125,0.25069311747630757,8,False,catchment
sce,Sepulveda,458,0.043478260869565216,1.6122012732398807,23,False,catchment
sce,Universal,460,0.037037037037037035,3.3242145809737558,27,False,catchment
sce,La Fresa,466,0.2,1.7052940982610654,5,False,catchment
sce,La Fresa,467,0.2,1.277762673470209,5,False,catchment
sce,Dike,470,0.058823529411764705,0.326154665474679,17,False,catchment
sce,Gorman,480,0.1111111111111111,9.6599734346815,9,False,catchment
sce,Wabash,481,0.2,4.166995532819774,5,False,catchment
sce,Proctor,482,0.3333333333333333,1.5944229740722353,3,False,catchment
sce,Alon,483,0.16666666666666666,1.7807066214377782,6,False,catchment
sce,Peacock U.g.s.,485,1.0,5.361635299952171,1,False,catchment
sce,Little Rock,487,0.5,12.682726564038347,2,False,catchment
sce,Lockheed,490,0.5,1.3636372056209094,2,False,catchment
sce,Sepulveda,492,0.043478260869565216,1.258558628785115,23,False,catchment
sce,Queen Mary U.g.s.,493,1.0,2.2359112148613054,1,False,catchment
sce,Santa Fe Springs,494,0.25,1.6816329715418785,4,False,catchment
sce,Santa Fe Springs,495,0.25,1.324850872766794,4,False,catchment
sce,Randolph,497,0.3333333333333333,1.7333735579603515,3,False,catchment
sce,Alon,504,0.16666666666666666,0.6149019404739292,6,False,catchment
sce,Bandini,505,0.5,1.820569425455927,2,False,catchment
sce,Hoyt,506,0.2,2.9619445546258385,5,False,catchment
sce,El Nido,508,0.14285714285714285,1.0367334192360949,7,False,catchment
sce,Sunnyside,509,0.3333333333333333,1.2101316607461206,3,False,catchment
sce,Oasis,510,0.25,4.585333982774962,4,False,catchment
sce,Walteria,516,0.5,2.836315378402852,2,False,catchment
sce,Watson,522,0.1111111111111111,1.6670182236523547,9,False,catchment
sce,Ganesha,525,0.5,0.3421636643427593,2,False,catchment
sce,Nogales,528,0.5,2.3804852970845283,2,False,catchment
sce,San Dimas,529,0.5,1.7196526991331478,2,False,catchment
sce,Lawndale,530,1.0,1.6083128107874258,1,False,catchment
sce,Rivera,531,0.5,1.5480876954601483,2,False,catchment
sce,Universal,535,0.037037037037037035,0.2581557796974242,27,False,catchment
sce,Tapia,537,1.0,1.2775793372145114,1,False,catchment
sce,North Oaks,539,0.5,5.18688000764262,2,False,catchment
sce,Sepulveda,540,0.043478260869565216,1.247846642342349,23,False,catchment
sce,Oasis,543,0.25,2.7956094519178194,4,False,catchment
sce,Lighthipe,544,0.3333333333333333,1.5478868858632697,3,False,catchment
sce,Sepulveda,545,0.043478260869565216,1.04555684666282,23,False,catchment
sce,Tahiti,551,0.3333333333333333,2.00484635745881,3,False,catchment
sce,Fruitland,552,0.07692307692307693,0.6472784668784954,13,False,catchment
sce,Cameron,554,0.14285714285714285,1.5708093061662467,7,False,catchment
sce,Gorman,557,0.1111111111111111,11.930147419740353,9,False,catchment
sce,Los Cerritos,559,1.0,1.3189322684312863,1,False,catchment
sce,Sepulveda,560,0.043478260869565216,2.443614546742301,23,False,catchment
sce,Santa Fe Springs,561,0.25,1.0463151868678022,4,False,catchment
pge,MADERA,564,0.3333333333333333,4.311839024971084,3,False,catchment
pge,FIREBAUGH,567,0.2,11.366714449060286,5,False,catchment
pge,FIGARDEN,572,0.16666666666666666,6.227318913417136,6,False,catchment
pge,FIREBAUGH,574,0.2,12.391152395986383,5,False,catchment
pge,CHOWCHILLA,576,0.5,8.655937693364224,2,False,catchment
pge,BORDEN,577,0.5,0.7942802818639059,2,False,catchment
pge,IGNACIO,578,0.25,1.2390076089991047,4,False,catchment
pge,OLEMA,586,0.5,2.7139688913067097,2,False,catchment
pge,CALPELLA,597,0.5,2.850865665159712,2,False,catchment
pge,WRIGHT,601,0.3333333333333333,8.413121488393214,3,False,catchment
pge,LIVINGSTON,602,0.0625,4.670346254184767,16,False,catchment
pge,WRIGHT,603,0.3333333333333333,3.7035264449660295,3,False,catchment
pge,ORTIGA,604,0.3333333333333333,5.185301613938672,3,False,catchment
pge,EL NIDO,607,0.25,7.439844212902558,4,False,catchment
pge,SANTA NELLA,609,0.09090909090909091,16.689123691169478,11,False,catchment
pge,ORTIGA,610,0.3333333333333333,6.534599310274695,3,False,catchment
pge,MC ARTHUR,620,0.05555555555555555,73.47250648069448,18,False,catchment
pge,MC ARTHUR,621,0.05555555555555555,42.42166090394431,18,False,catchment
pge,MC ARTHUR,622,0.05555555555555555,115.51899046815649,18,False,catchment
pge,MC ARTHUR,623,0.05555555555555555,115.2865268216893,18,False,catchment
pge,MC ARTHUR,624,0.05555555555555555,28.522252074531345,18,False,catchment
pge,MC ARTHUR,625,0.05555555555555555,62.107159277663875,18,False,catchment
pge,MC ARTHUR,626,0.05555555555555555,93.07212703513821,18,False,catchment
pge,MC ARTHUR,627,0.05555555555555555,66.43859886606553,18,False,catchment
sce,Lundy,629,1.0,11.301841833862198,1,False,catchment
pge,OILFIELDS,631,0.25,1.1219383445170106,4,False,catchment
pge,KING CITY,632,0.16666666666666666,1.2828281908527526,6,False,catchment
pge,SOLEDAD,634,0.2,6.717645789567303,5,False,catchment
pge,SPENCE,635,0.3333333333333333,6.189833199975634,3,False,catchment
pge,GABILAN,642,0.5,2.0448612394109564,2,False,catchment
pge,DEL MONTE,645,0.2,2.509307445322206,5,False,catchment
pge,VIEJO,646,0.3333333333333333,2.85187399341351,3,False,catchment
pge,DEL MONTE,647,0.2,1.3789802706934589,5,False,catchment
pge,DEL MONTE,648,0.2,2.0300851478544373,5,False,catchment
pge,BUENA VISTA,649,0.5,0.45826707676618955,2,False,catchment
pge,OILFIELDS,653,0.25,1.5932721344729923,4,False,catchment
pge,SUMMIT,661,0.04,25.457782452229917,25,False,catchment
sce,Brea,665,0.2,0.3924934228727158,5,False,catchment
sce,Bolsa,666,0.5,2.4858756935072974,2,False,catchment
sce,Orange,675,0.5,3.4185069337666794,2,False,catchment
sce,Paularino,681,1.0,2.942608772420053,1,False,catchment
sce,Safari,682,1.0,8.880824412059745,1,False,catchment
sce,Cabrillo,693,0.5,1.5675163674648789,2,False,catchment
sce,Brea,698,0.2,0.42548347381745744,5,False,catchment
sce,Parkwood,706,0.5,1.331859313540509,2,False,catchment
sce,Brea,707,0.2,2.8452397375829186,5,False,catchment
sce,Stadium,709,0.16666666666666666,1.934389831463886,6,False,catchment
sce,La Habra,710,0.5,1.3321025677256535,2,False,catchment
sce,Ellis,713,0.2,0.488506791698905,5,False,catchment
sce,Hamilton,714,0.2,1.2451539530695213,5,False,catchment
sce,Placentia,715,0.2,1.7320887338605655,5,False,catchment
sce,Slater,718,0.3333333333333333,2.1245466608631673,3,False,catchment
sce,Slater,721,0.3333333333333333,2.1118642793603075,3,False,catchment
sce,Basta,723,0.5,1.5468283575150645,2,False,catchment
sdge,RANCHO MISSION VIEJO,732,1.0,8.158088193860324,1,False,catchment
pge,SUMMIT,735,0.04,31.527801657431713,25,False,catchment
pge,SUMMIT,736,0.04,23.337358150883066,25,False,catchment
pge,SUMMIT,737,0.04,19.88468026749498,25,False,catchment
pge,SUMMIT,738,0.04,26.4397351137023,25,False,catchment
pge,SUMMIT,739,0.04,17.010253267392468,25,False,catchment
pge,SUMMIT,740,0.04,18.05603583978741,25,False,catchment
pge,ROCKLIN,741,0.029411764705882353,3.886223540478333,34,False,catchment
pge,SHADY GLEN,745,0.3333333333333333,1.031887785360137,3,False,catchment
pge,TAMARACK,746,0.5,4.5114798525174535,2,False,catchment
pge,HALSEY,749,1.0,0.05635733800566589,1,False,catchment
pge,ROCKLIN,757,0.029411764705882353,1.5191990165160736,34,False,catchment
pge,HORSESHOE,759,0.022727272727272728,5.528926174370927,44,False,catchment
pge,ROCKLIN,760,0.029411764705882353,8.419351681802011,34,False,catchment
pge,PLEASANT GROVE,761,0.05263157894736842,2.012450911763552,19,False,catchment
pge,EAST QUINCY,762,0.2,47.557146594932846,5,False,catchment
pge,SUMMIT,763,0.04,56.533586886139446,25,False,catchment
pge,EAST QUINCY,764,0.2,40.88483227948689,5,False,catchment
pge,EAST QUINCY,768,0.2,0.4790149151202672,5,False,catchment
pge,GRAYS FLAT,769,0.16666666666666666,8.583659669105673,6,False,catchment
sce,Indian Wells,770,0.05555555555555555,10.497785118537696,18,False,catchment
sce,Tamarisk,771,0.25,5.98348997864624,4,False,catchment
sce,Indian Wells,772,0.05555555555555555,9.667230609170176,18,False,catchment
sce,Indian Wells,774,0.05555555555555555,28.417512253821968,18,False,catchment
sce,Indian Wells,775,0.05555555555555555,45.269660999158184,18,False,catchment
sdge,BORREGO,776,0.058823529411764705,34.282127464708466,17,False,catchment
sce,Tamarisk,777,0.25,13.788160753732498,4,False,catchment
sce,Indian Wells,778,0.05555555555555555,21.64578731787138,18,False,catchment
sce,Concho,779,0.1,13.223658838261338,10,False,catchment
sce,Eagle Mountain,780,0.0625,19.918896336465,16,False,catchment
sce,Rubidoux,781,0.14285714285714285,4.827161304440229,7,False,catchment
sce,Bloomington,789,0.2,2.419796234681032,5,False,catchment
sce,Chase,790,0.3333333333333333,1.196563708063824,3,False,catchment
sce,Corona,791,0.3333333333333333,1.2138575072817037,3,False,catchment
sce,Beaumont,795,0.5,5.120405820559547,2,False,catchment
sce,Eagle Mountain,800,0.0625,6.412377378440085,16,False,catchment
sce,Alessandro,814,0.5,3.9041130063403373,2,False,catchment
pge,CLARKSVILLE,818,0.03333333333333333,8.82945126423076,30,False,catchment
pge,CLARKSVILLE,819,0.03333333333333333,14.333696278358744,30,False,catchment
pge,WEST SACRAMENTO,820,0.010101010101010102,21.56882371258999,99,False,catchment
pge,DEEPWATER,822,0.014705882352941176,10.041845336674466,68,False,catchment
pge,DEEPWATER,823,0.014705882352941176,9.66726608088419,68,False,catchment
pge,WEST SACRAMENTO,824,0.010101010101010102,16.91011110983726,99,False,catchment
pge,DEEPWATER,825,0.014705882352941176,5.41087262595895,68,False,catchment
pge,DEEPWATER,826,0.014705882352941176,16.013677798496435,68,False,catchment
pge,DEEPWATER,827,0.014705882352941176,16.239763215711132,68,False,catchment
pge,HORSESHOE,828,0.022727272727272728,8.785816896738261,44,False,catchment
pge,CLARKSVILLE,829,0.03333333333333333,13.645634095913604,30,False,catchment
pge,WEST SACRAMENTO,830,0.010101010101010102,9.393411176219926,99,False,catchment
pge,WEST SACRAMENTO,831,0.010101010101010102,9.772667595387464,99,False,catchment
pge,WEST SACRAMENTO,832,0.010101010101010102,15.659814508397584,99,False,catchment
pge,DEEPWATER,833,0.014705882352941176,14.763763040828273,68,False,catchment
pge,WEST SACRAMENTO,834,0.010101010101010102,15.805922719128054,99,False,catchment
pge,ROCKLIN,835,0.029411764705882353,12.91227871327913,34,False,catchment
pge,WEST SACRAMENTO,836,0.010101010101010102,17.720788362861878,99,False,catchment
pge,HORSESHOE,837,0.022727272727272728,9.397815341374633,44,False,catchment
pge,WEST SACRAMENTO,838,0.010101010101010102,11.808442660580576,99,False,catchment
pge,WEST SACRAMENTO,839,0.010101010101010102,13.309007532408701,99,False,catchment
pge,DEEPWATER,840,0.014705882352941176,16.808658734515536,68,False,catchment
pge,PLEASANT GROVE,841,0.05263157894736842,12.812670462239454,19,False,catchment
pge,CLARKSVILLE,842,0.03333333333333333,8.045366773402367,30,False,catchment
pge,DEEPWATER,843,0.014705882352941176,21.85538893262869,68,False,catchment
pge,WEST SACRAMENTO,844,0.010101010101010102,13.946217220731034,99,False,catchment
pge,DEEPWATER,845,0.014705882352941176,8.85516875210924,68,False,catchment
pge,WEST SACRAMENTO,846,0.010101010101010102,11.25947393735418,99,False,catchment
pge,WEST SACRAMENTO,847,0.010101010101010102,8.383073694426589,99,False,catchment
pge,HORSESHOE,848,0.022727272727272728,16.76034479578413,44,False,catchment
pge,COLONY,849,0.07692307692307693,16.13218442965497,13,False,catchment
pge,COLONY,850,0.07692307692307693,18.973941515883052,13,False,catchment
pge,HORSESHOE,851,0.022727272727272728,19.969282736116007,44,False,catchment
pge,WEST SACRAMENTO,852,0.010101010101010102,14.623013346828971,99,False,catchment
pge,WEST SACRAMENTO,853,0.010101010101010102,14.657610984199481,99,False,catchment
pge,WEST SACRAMENTO,854,0.010101010101010102,14.085653978827736,99,False,catchment
pge,ROCKLIN,855,0.029411764705882353,18.53116347908716,34,False,catchment
pge,ROCKLIN,856,0.029411764705882353,12.462209016225462,34,False,catchment
pge,CATLETT,857,0.14285714285714285,11.913349032771809,7,False,catchment
pge,HORSESHOE,858,0.022727272727272728,16.469261606190752,44,False,catchment
pge,IONE,859,0.14285714285714285,21.561632054367735,7,False,catchment
pge,COLONY,860,0.07692307692307693,24.424609892703014,13,False,catchment
pge,HORSESHOE,861,0.022727272727272728,20.440261929546633,44,False,catchment
pge,WEST SACRAMENTO,862,0.010101010101010102,9.033959513246343,99,False,catchment
pge,ROCKLIN,863,0.029411764705882353,14.469415884247606,34,False,catchment
pge,WEST SACRAMENTO,864,0.010101010101010102,10.73043267894239,99,False,catchment
pge,WEST SACRAMENTO,865,0.010101010101010102,15.866488381358957,99,False,catchment
pge,WEST SACRAMENTO,866,0.010101010101010102,16.06935143968729,99,False,catchment
pge,WEST SACRAMENTO,867,0.010101010101010102,13.39825363741021,99,False,catchment
pge,WEST SACRAMENTO,868,0.010101010101010102,8.013073821489307,99,False,catchment
pge,HORSESHOE,869,0.022727272727272728,19.554316899346606,44,False,catchment
pge,DEEPWATER,870,0.014705882352941176,18.297185051629693,68,False,catchment
pge,NEW HOPE,871,0.06666666666666667,21.99213645393361,15,False,catchment
pge,HORSESHOE,872,0.022727272727272728,6.9503535852854395,44,False,catchment
pge,CATLETT,873,0.14285714285714285,11.723668763352123,7,False,catchment
pge,CATLETT,874,0.14285714285714285,13.44867263530412,7,False,catchment
pge,WEST SACRAMENTO,875,0.010101010101010102,12.908200350031843,99,False,catchment
pge,WEST SACRAMENTO,876,0.010101010101010102,16.495829588335855,99,False,catchment
pge,NEW HOPE,877,0.06666666666666667,14.90527797005393,15,False,catchment
pge,WEST SACRAMENTO,878,0.010101010101010102,8.719881513584719,99,False,catchment
pge,WEST SACRAMENTO,879,0.010101010101010102,9.836455528008976,99,False,catchment
pge,WEST SACRAMENTO,880,0.010101010101010102,11.768432585493764,99,False,catchment
pge,HORSESHOE,881,0.022727272727272728,5.363651181788522,44,False,catchment
pge,ROCKLIN,882,0.029411764705882353,14.511870691718457,34,False,catchment
pge,WEST SACRAMENTO,883,0.010101010101010102,17.731214314071785,99,False,catchment
pge,NEW HOPE,884,0.06666666666666667,17.1434628322986,15,False,catchment
pge,DEEPWATER,885,0.014705882352941176,13.873128502594279,68,False,catchment
pge,DEEPWATER,886,0.014705882352941176,16.13572608613543,68,False,catchment
pge,DEEPWATER,887,0.014705882352941176,6.501189940921752,68,False,catchment
pge,WEST SACRAMENTO,888,0.010101010101010102,11.004353854142442,99,False,catchment
pge,DEEPWATER,889,0.014705882352941176,9.49391095562766,68,False,catchment
pge,DEEPWATER,890,0.014705882352941176,11.766195269410705,68,False,catchment
pge,DEEPWATER,891,0.014705882352941176,5.125655325822648,68,False,catchment
pge,DEEPWATER,892,0.014705882352941176,7.8213974515293705,68,False,catchment
pge,COLONY,893,0.07692307692307693,12.732615413415036,13,False,catchment
pge,ROCKLIN,894,0.029411764705882353,16.832671226077963,34,False,catchment
pge,DEEPWATER,895,0.014705882352941176,5.6168683828631565,68,False,catchment
pge,WEST SACRAMENTO,896,0.010101010101010102,17.801586582687325,99,False,catchment
pge,WEST SACRAMENTO,897,0.010101010101010102,19.205066579986116,99,False,catchment
pge,DEEPWATER,898,0.014705882352941176,26.295417837435714,68,False,catchment
pge,HORSESHOE,899,0.022727272727272728,11.431961388802971,44,False,catchment
pge,WEST SACRAMENTO,900,0.010101010101010102,15.956833971922595,99,False,catchment
pge,WEST SACRAMENTO,901,0.010101010101010102,19.773835966352856,99,False,catchment
pge,DEEPWATER,902,0.014705882352941176,6.734974933982375,68,False,catchment
pge,HORSESHOE,903,0.022727272727272728,11.827873046970344,44,False,catchment
pge,COLONY,904,0.07692307692307693,12.872526786217259,13,False,catchment
pge,NEW HOPE,905,0.06666666666666667,9.0401502752687,15,False,catchment
pge,NEW HOPE,906,0.06666666666666667,16.105215872834265,15,False,catchment
pge,DEEPWATER,907,0.014705882352941176,14.272920724174055,68,False,catchment
pge,ROCKLIN,908,0.029411764705882353,9.866789590530846,34,False,catchment
pge,CLARKSVILLE,909,0.03333333333333333,8.866115898103088,30,False,catchment
pge,CLARKSVILLE,910,0.03333333333333333,23.00983764786361,30,False,catchment
pge,HORSESHOE,911,0.022727272727272728,14.250943859298449,44,False,catchment
pge,WEST SACRAMENTO,912,0.010101010101010102,10.971277699930734,99,False,catchment
pge,HORSESHOE,913,0.022727272727272728,13.30036926683428,44,False,catchment
pge,WEST SACRAMENTO,914,0.010101010101010102,18.366366246957572,99,False,catchment
pge,DEEPWATER,915,0.014705882352941176,16.614981924148115,68,False,catchment
pge,WEST SACRAMENTO,916,0.010101010101010102,13.974259597190043,99,False,catchment
pge,NEW HOPE,917,0.06666666666666667,11.123023140426099,15,False,catchment
pge,HORSESHOE,918,0.022727272727272728,6.930229261206756,44,False,catchment
pge,COLONY,919,0.07692307692307693,14.033261253579774,13,False,catchment
pge,CLARKSVILLE,920,0.03333333333333333,18.2602936246987,30,False,catchment
pge,WEST SACRAMENTO,921,0.010101010101010102,10.857948217635418,99,False,catchment
pge,DEEPWATER,922,0.014705882352941176,13.23418815629922,68,False,catchment
pge,HORSESHOE,923,0.022727272727272728,11.320454169627153,44,False,catchment
pge,WEST SACRAMENTO,924,0.010101010101010102,15.40635109682969,99,False,catchment
pge,WEST SACRAMENTO,925,0.010101010101010102,18.46679871639366,99,False,catchment
pge,WEST SACRAMENTO,926,0.010101010101010102,16.55922550939507,99,False,catchment
pge,WEST SACRAMENTO,927,0.010101010101010102,15.90348784326902,99,False,catchment
pge,DEEPWATER,928,0.014705882352941176,9.059537385096542,68,False,catchment
pge,DEEPWATER,929,0.014705882352941176,11.12419338138439,68,False,catchment
pge,WEST SACRAMENTO,930,0.010101010101010102,7.593497352131778,99,False,catchment
pge,DEEPWATER,931,0.014705882352941176,18.344813013232017,68,False,catchment
pge,WEST SACRAMENTO,932,0.010101010101010102,17.862122906711324,99,False,catchment
pge,WEST SACRAMENTO,933,0.010101010101010102,12.469299919619656,99,False,catchment
pge,ROCKLIN,934,0.029411764705882353,17.233280272146732,34,False,catchment
pge,WEST SACRAMENTO,935,0.010101010101010102,15.248033360002196,99,False,catchment
pge,HORSESHOE,936,0.022727272727272728,11.242417754030262,44,False,catchment
pge,ROCKLIN,937,0.029411764705882353,15.909040908050267,34,False,catchment
pge,ROCKLIN,938,0.029411764705882353,14.89807750698744,34,False,catchment
pge,DEEPWATER,939,0.014705882352941176,11.313288587984285,68,False,catchment
pge,WEST SACRAMENTO,940,0.010101010101010102,7.518139276261932,99,False,catchment
pge,WEST SACRAMENTO,941,0.010101010101010102,11.379826621642959,99,False,catchment
pge,DEEPWATER,942,0.014705882352941176,10.400526516576969,68,False,catchment
pge,ROCKLIN,943,0.029411764705882353,10.87682978774907,34,False,catchment
pge,DEEPWATER,944,0.014705882352941176,15.59508616163186,68,False,catchment
pge,WEST SACRAMENTO,945,0.010101010101010102,11.47615158742123,99,False,catchment
pge,CLARKSVILLE,946,0.03333333333333333,13.24968079741943,30,False,catchment
pge,CLARKSVILLE,947,0.03333333333333333,9.403769833159686,30,False,catchment
pge,DEEPWATER,948,0.014705882352941176,13.999087647665514,68,False,catchment
pge,PLEASANT GROVE,949,0.05263157894736842,15.4360807168577,19,False,catchment
pge,DEEPWATER,950,0.014705882352941176,15.460270263992278,68,False,catchment
pge,DEEPWATER,951,0.014705882352941176,12.897170711335532,68,False,catchment
pge,WEST SACRAMENTO,952,0.010101010101010102,13.612109714898772,99,False,catchment
pge,WEST SACRAMENTO,953,0.010101010101010102,19.090733170686793,99,False,catchment
pge,WEST SACRAMENTO,954,0.010101010101010102,10.39900338303982,99,False,catchment
pge,DEEPWATER,955,0.014705882352941176,5.2474823327314395,68,False,catchment
pge,CLARKSVILLE,956,0.03333333333333333,6.366067843214517,30,False,catchment
pge,DEEPWATER,957,0.014705882352941176,14.346024351418434,68,False,catchment
pge,DEEPWATER,958,0.014705882352941176,14.20878257366448,68,False,catchment
pge,HORSESHOE,959,0.022727272727272728,12.482749961195577,44,False,catchment
pge,DEEPWATER,960,0.014705882352941176,19.178965418118473,68,False,catchment
pge,ROCKLIN,961,0.029411764705882353,15.10402780665302,34,False,catchment
pge,WEST SACRAMENTO,962,0.010101010101010102,4.349487164531765,99,False,catchment
pge,DEEPWATER,963,0.014705882352941176,15.17502322064444,68,False,catchment
pge,DEEPWATER,964,0.014705882352941176,18.3090313602617,68,False,catchment
pge,HORSESHOE,965,0.022727272727272728,18.158502402857508,44,False,catchment
pge,ROCKLIN,966,0.029411764705882353,9.477770064260246,34,False,catchment
pge,HORSESHOE,967,0.022727272727272728,11.680995919241452,44,False,catchment
pge,HORSESHOE,968,0.022727272727272728,14.803334876191034,44,False,catchment
pge,ROCKLIN,969,0.029411764705882353,11.750879364038983,34,False,catchment
pge,WEST SACRAMENTO,970,0.010101010101010102,15.038175954595772,99,False,catchment
pge,CLARKSVILLE,971,0.03333333333333333,17.194989332358976,30,False,catchment
pge,WEST SACRAMENTO,972,0.010101010101010102,7.197166275682007,99,False,catchment
pge,WEST SACRAMENTO,973,0.010101010101010102,5.316935506494015,99,False,catchment
pge,NEW HOPE,974,0.06666666666666667,15.623656789132388,15,False,catchment
pge,NEW HOPE,975,0.06666666666666667,6.799175820293781,15,False,catchment
pge,HORSESHOE,976,0.022727272727272728,9.191814948689508,44,False,catchment
pge,WEST SACRAMENTO,977,0.010101010101010102,3.43288159904488,99,False,catchment
pge,HORSESHOE,978,0.022727272727272728,8.218074033036766,44,False,catchment
pge,PLEASANT GROVE,979,0.05263157894736842,13.812929513466468,19,False,catchment
pge,PLEASANT GROVE,980,0.05263157894736842,14.759176762910036,19,False,catchment
pge,WEST SACRAMENTO,981,0.010101010101010102,17.970125972276374,99,False,catchment
pge,NEW HOPE,982,0.06666666666666667,21.03013392299216,15,False,catchment
pge,WEST SACRAMENTO,983,0.010101010101010102,20.650133202556635,99,False,catchment
pge,CLARKSVILLE,984,0.03333333333333333,19.512740420462325,30,False,catchment
pge,HORSESHOE,985,0.022727272727272728,14.848819703839364,44,False,catchment
pge,SAN BENITO,986,0.5,8.125880044066768,2,False,catchment
sce,Camino,988,1.0,0.1315751634096596,1,False,catchment
sce,Timoteo,989,0.3333333333333333,2.1325547662923388,3,False,catchment
sce,Etiwanda,991,0.1,0.9426277616936007,10,False,catchment
sce,Cardiff,999,0.5,2.093425063772933,2,False,catchment
sce,Chino,1001,0.16666666666666666,1.249989908089722,6,False,catchment
sce,Muscoy,1005,1.0,5.398241164199352,1,False,catchment
sce,Declez,1008,0.2,0.8134243349962249,5,False,catchment
sce,Declez,1009,0.2,0.6504739836552179,5,False,catchment
sce,Wimbledon,1015,0.2,1.604274693217548,5,False,catchment
sce,Wimbledon,1016,0.2,1.5113289574066366,5,False,catchment
sce,Wimbledon,1018,0.2,2.0324307019887193,5,False,catchment
sce,Trona,1019,0.3333333333333333,1.6975835564499653,3,False,catchment
sce,Ontario,1022,0.3333333333333333,0.2007765402926757,3,False,catchment
sce,Etiwanda,1026,0.1,0.8060212163129564,10,False,catchment
sce,Amboy,1027,1.0,64.0757619328887,1,False,catchment
sce,Etiwanda,1029,0.1,1.5684677264175528,10,False,catchment
sce,Declez,1031,0.2,1.8564724037527058,5,False,catchment
sce,Declez,1037,0.2,1.3075792289880037,5,False,catchment
sdge,BORREGO,1043,0.058823529411764705,26.70336751958163,17,False,catchment
sdge,ALPINE,1044,0.25,2.031842503612591,4,False,catchment
sdge,BARRETT,1047,0.5,2.1091885922295415,2,False,catchment
sdge,BORREGO,1051,0.058823529411764705,3.114704315903678,17,False,catchment
sdge,SANTA YSABEL,1052,0.5,5.957403712342053,2,False,catchment
sdge,BOULEVARD EAST,1053,0.018867924528301886,0.5741940520851291,53,False,catchment
sdge,DEL MAR,1062,1.0,2.1636833541306157,1,False,catchment
sdge,SAMPSON,1064,0.16666666666666666,1.9156200191235484,6,False,catchment
sdge,TORREY PINES,1065,0.14285714285714285,0.7736886159030624,7,False,catchment
sdge,FRIARS,1068,0.5,0.7107431717143416,2,False,catchment
sdge,MESA RIM,1070,0.3333333333333333,2.188729734142656,3,False,catchment
sdge,SWEETWATER,1071,0.2,2.8673199608108075,5,False,catchment
sdge,KEARNY WEST,1072,0.25,0.6087138423928771,4,False,catchment
sdge,SAN MATEO,1076,0.16666666666666666,7.855252945041867,6,False,catchment
sdge,SAN MATEO,1079,0.16666666666666666,2.9340743037835724,6,False,catchment
sdge,KEARNY WEST,1080,0.25,0.4582212831419655,4,False,catchment
sdge,LAS PULGAS,1083,1.0,3.483865774046322,1,False,catchment
sdge,MESA RIM,1088,0.3333333333333333,3.864067691483398,3,False,catchment
sdge,SWEETWATER,1093,0.2,2.2780396266708705,5,False,catchment
sdge,SALT CREEK,1096,1.0,3.4963878120030287,1,False,catchment
sdge,MORRO HILL,1100,0.5,6.261723582454938,2,False,catchment
sdge,RINCON,1106,1.0,5.0759904358751315,1,False,catchment
sdge,SAN MARCOS,1109,1.0,2.922520375327769,1,False,catchment
sdge,SWEETWATER,1113,0.2,2.787367525354308,5,False,catchment
sdge,STUART,1119,1.0,2.0308839201703313,1,False,catchment
sdge,WARNERS,1125,1.0,4.585325822591615,1,False,catchment
sdge,POWAY,1126,0.5,0.9238460669379646,2,False,catchment
pge,21ST AVENUE,1128,1.0,8.294936760141546,1,False,catchment
pge,SF N,1129,1.0,5.000012453609522,1,False,catchment
pge,LAMMERS,1131,0.0625,7.841889323205948,16,False,catchment
pge,TRACY,1132,0.125,9.732443553484561,8,False,catchment
pge,LAMMERS,1133,0.0625,6.240322393332493,16,False,catchment
pge,VIERRA,1134,0.125,1.4743343304411332,8,False,catchment
pge,TRACY,1135,0.125,0.8739802816330714,8,False,catchment
pge,TRACY,1137,0.125,5.752443695800031,8,False,catchment
pge,VIERRA,1138,0.125,7.279674136898726,8,False,catchment
pge,LAMMERS,1139,0.0625,5.92017031635391,16,False,catchment
pge,VIERRA,1146,0.125,3.7474001853226784,8,False,catchment
pge,TRACY,1150,0.125,6.560687565766584,8,False,catchment
pge,CHANNEL,1151,0.2,1.8944130083664328,5,False,catchment
pge,TRACY,1154,0.125,3.6057617530842148,8,False,catchment
pge,MIDDLE RIVER,1155,0.5,7.491637706673058,2,False,catchment
pge,CHANNEL,1160,0.2,1.0673958720537509,5,False,catchment
pge,COUNTRY CLUB,1161,0.5,1.5075993810465032,2,False,catchment
pge,LAMMERS,1162,0.0625,0.8039619857754399,16,False,catchment
pge,CHANNEL,1163,0.2,1.3546079192461464,5,False,catchment
pge,VIERRA,1164,0.125,1.7225615741240237,8,False,catchment
pge,WEBER,1165,0.16666666666666666,2.9700609353438225,6,False,catchment
pge,MONARCH,1166,0.5,1.0619740755059164,2,False,catchment
pge,OCEANO,1174,0.3333333333333333,6.107367172334195,3,False,catchment
pge,PERRY,1175,0.5,6.282276457479944,2,False,catchment
pge,GOLDTREE,1181,0.5,3.654817473721464,2,False,catchment
pge,LODI,1185,0.2,1.2340205725808595,5,False,catchment
pge,OCEANO,1186,0.3333333333333333,6.824002937216255,3,False,catchment
pge,GLENWOOD,1187,0.125,3.09196478027655,8,False,catchment
pge,MENLO,1188,0.2,2.467964641468226,5,False,catchment
pge,ACTON,1189,1.0,10.1036262718839,1,False,catchment
pge,REDWOOD CITY,1190,0.2,0.7751040192277614,5,False,catchment
pge,GLENWOOD,1191,0.125,2.8076472157800096,8,False,catchment
pge,MENLO,1194,0.2,2.342289337434578,5,False,catchment
pge,HILLSDALE,1196,1.0,3.5295413073644304,1,False,catchment
pge,AMES,1204,0.25,4.886726384129309,4,False,catchment
pge,REDWOOD CITY,1207,0.2,2.3394977517676336,5,False,catchment
pge,PURISIMA,1211,0.3333333333333333,15.481497864484027,3,False,catchment
pge,CABRILLO,1214,0.25,2.006010189052774,4,False,catchment
pge,CABRILLO,1215,0.25,4.753139109280188,4,False,catchment
sce,Montecito,1221,1.0,4.91388045382595,1,False,catchment
sce,Isla Vista,1222,0.25,2.6607917065204703,4,False,catchment
pge,LAWRENCE,1228,0.3333333333333333,1.2857782855063205,3,False,catchment
pge,MORGAN HILL,1230,0.5,4.010643500632396,2,False,catchment
pge,STELLING,1232,0.14285714285714285,2.9790090901143933,7,False,catchment
pge,LOYOLA,1233,0.5,4.821604973090927,2,False,catchment
pge,BRITTON,1234,0.14285714285714285,1.1570489902023922,7,False,catchment
pge,BRITTON,1235,0.14285714285714285,0.7534216266583394,7,False,catchment
pge,NORTECH,1236,0.1111111111111111,2.0944076694041414,9,False,catchment
pge,LOCKHEED NO 2,1238,0.5,0.7094904899748185,2,False,catchment
pge,TRIMBLE,1239,0.06666666666666667,2.2727459601017577,15,False,catchment
pge,BRITTON,1240,0.14285714285714285,3.5819290759762534,7,False,catchment
pge,SANTA TERESA,1243,0.14285714285714285,5.494140755492655,7,False,catchment
pge,MABURY,1246,0.5,3.1047740351369693,2,False,catchment
pge,SAN JOSE B,1251,0.5,2.1626971765865437,2,False,catchment
pge,POINT MORETTI,1265,0.5,1.8255754588775992,2,False,catchment
pge,BEN LOMOND,1269,1.0,9.035724640833166,1,False,catchment
pge,BURNEY,1273,0.2,3.4736283451741348,5,False,catchment
pge,OREGON TRAIL,1274,0.08333333333333333,0.14386907492865073,12,False,catchment
pge,OREGON TRAIL,1275,0.08333333333333333,5.48697889915193,12,False,catchment
pge,GIRVAN,1276,0.09090909090909091,9.277573221904778,11,False,catchment
pge,OREGON TRAIL,1277,0.08333333333333333,5.45627978272347,12,False,catchment
pge,GIRVAN,1280,0.09090909090909091,5.618365802508755,11,False,catchment
pge,ANTLER,1289,0.045454545454545456,28.38840638812468,22,False,catchment
pge,ANTLER,1290,0.045454545454545456,32.38521282621171,22,False,catchment
pge,ANTLER,1291,0.045454545454545456,17.677885036675978,22,False,catchment
pge,ANTLER,1292,0.045454545454545456,11.14093458809956,22,False,catchment
pge,SUMMIT,1294,0.04,30.47388590593742,25,False,catchment
pge,SUMMIT,1295,0.04,38.87269298351788,25,False,catchment
pge,SUMMIT,1296,0.04,28.94854914790393,25,False,catchment
pge,ANTLER,1298,0.045454545454545456,59.72143358987851,22,False,catchment
pge,ANTLER,1299,0.045454545454545456,43.0798853063613,22,False,catchment
pge,PIT NO 5,1300,0.037037037037037035,78.46560684638818,27,False,catchment
pge,ANTLER,1301,0.045454545454545456,88.21628024014129,22,False,catchment
pge,ANTLER,1302,0.045454545454545456,93.50134571635101,22,False,catchment
pge,HOOPA,1303,0.3333333333333333,95.2691963618014,3,False,catchment
pge,ORICK,1304,0.3333333333333333,80.2901613984314,3,False,catchment
pge,PIT NO 5,1305,0.037037037037037035,86.74266991965175,27,False,catchment
pge,PIT NO 5,1306,0.037037037037037035,111.69220259837408,27,False,catchment
pge,PIT NO 5,1307,0.037037037037037035,86.0224584186335,27,False,catchment
pge,PIT NO 5,1308,0.037037037037037035,33.52571753755938,27,False,catchment
pge,ANTLER,1309,0.045454545454545456,93.43356989761675,22,False,catchment
pge,PIT NO 5,1310,0.037037037037037035,39.355650372892875,27,False,catchment
pge,PIT NO 5,1311,0.037037037037037035,45.6836985224607,27,False,catchment
pge,PIT NO 5,1312,0.037037037037037035,36.17800418054572,27,False,catchment
pge,HOOPA,1313,0.3333333333333333,95.19303094666815,3,False,catchment
pge,ORICK,1314,0.3333333333333333,94.14325770115327,3,False,catchment
pge,PIT NO 5,1315,0.037037037037037035,70.39464016222071,27,False,catchment
pge,PIT NO 5,1316,0.037037037037037035,38.23865065174504,27,False,catchment
pge,ANTLER,1317,0.045454545454545456,79.714178300574,22,False,catchment
pge,ANTLER,1318,0.045454545454545456,65.26780506951923,22,False,catchment
pge,KNIGHTS LANDING,1319,0.3333333333333333,6.3011155771041425,3,False,catchment
pge,VACA DIXON,1320,0.125,0.4631316406430568,8,False,catchment
pge,WILLOW PASS,1321,0.25,3.115179622025347,4,False,catchment
pge,WILLOW PASS,1322,0.25,1.4764876785324328,4,False,catchment
pge,FAIRVIEW,1323,0.14285714285714285,1.850111874867079,7,False,catchment
pge,VALLEJO C,1324,1.0,1.4924149393886506,1,False,catchment
pge,PEABODY,1325,0.1111111111111111,3.684310757287659,9,False,catchment
pge,DIXON,1327,0.25,7.802111750532278,4,False,catchment
pge,GRAND ISLAND,1328,0.5,15.53373315429051,2,False,catchment
pge,CORDELIA,1330,0.5,2.6470663220858683,2,False,catchment
pge,DIXON,1331,0.25,8.92025275279905,4,False,catchment
pge,HIGHWAY,1347,0.5,11.130645151132718,2,False,catchment
pge,BELLEVUE,1348,0.25,4.58132309244399,4,False,catchment
pge,WESTLEY,1349,0.09090909090909091,7.039164263648407,11,False,catchment
pge,MERCED FALLS,1350,0.125,22.15760157781972,8,False,catchment
pge,RIVERBANK,1351,0.03333333333333333,12.8712805425388,30,False,catchment
pge,RIVERBANK,1352,0.03333333333333333,15.370031152180308,30,False,catchment
pge,RIPON,1353,0.05263157894736842,9.734005198319498,19,False,catchment
pge,RIVERBANK,1354,0.03333333333333333,10.175371112140457,30,False,catchment
pge,RIVERBANK,1355,0.03333333333333333,13.636594478391803,30,False,catchment
pge,RIVERBANK,1356,0.03333333333333333,12.11172518721744,30,False,catchment
pge,WESTLEY,1357,0.09090909090909091,17.004025427580856,11,False,catchment
pge,RIPON,1358,0.05263157894736842,13.522233592229528,19,False,catchment
pge,RIPON,1359,0.05263157894736842,14.021579186114002,19,False,catchment
pge,COTTLE,1360,0.06666666666666667,14.751870985244759,15,False,catchment
pge,RIVERBANK,1361,0.03333333333333333,10.26967872204771,30,False,catchment
pge,RIVERBANK,1362,0.03333333333333333,16.784911733364257,30,False,catchment
pge,RIVERBANK,1363,0.03333333333333333,16.176902197669452,30,False,catchment
pge,RIPON,1364,0.05263157894736842,11.451027164105396,19,False,catchment
pge,RIPON,1365,0.05263157894736842,13.191246718662162,19,False,catchment
pge,RIPON,1366,0.05263157894736842,8.92363583453961,19,False,catchment
pge,RIVERBANK,1367,0.03333333333333333,10.802289541101734,30,False,catchment
pge,RIVERBANK,1368,0.03333333333333333,12.510619908304736,30,False,catchment
pge,RIVERBANK,1369,0.03333333333333333,18.290622056002242,30,False,catchment
pge,CRESSEY,1370,0.2,9.75081529812634,5,False,catchment
pge,CRESSEY,1371,0.2,16.831302103469646,5,False,catchment
pge,LIVINGSTON,1372,0.0625,9.934401952446722,16,False,catchment
pge,CRESSEY,1373,0.2,18.000547008273617,5,False,catchment
pge,RIVERBANK,1374,0.03333333333333333,20.36711234320312,30,False,catchment
pge,COTTLE,1375,0.06666666666666667,18.212212820045774,15,False,catchment
pge,WESTLEY,1376,0.09090909090909091,9.476318574120654,11,False,catchment
pge,CROWS LANDING,1377,0.14285714285714285,11.034427369145249,7,False,catchment
pge,CROWS LANDING,1379,0.14285714285714285,7.3035369589864905,7,False,catchment
pge,COTTLE,1381,0.06666666666666667,2.953585788450598,15,False,catchment
pge,GUSTINE,1382,0.5,9.3040041450266,2,False,catchment
pge,CROWS LANDING,1384,0.14285714285714285,4.891718726771251,7,False,catchment
pge,KNIGHTS LANDING,1385,0.3333333333333333,8.34921039512853,3,False,catchment
pge,CATLETT,1386,0.14285714285714285,7.329371222874236,7,False,catchment
pge,BARRY,1389,0.3333333333333333,2.0137081774396197,3,False,catchment
pge,ZAMORA,1394,1.0,11.269182458742478,1,False,catchment
pge,RAWSON,1400,0.3333333333333333,1.089515799013423,3,False,catchment
pge,LOW GAP,1404,0.14285714285714285,40.81743410707258,7,False,catchment
pge,LOW GAP,1405,0.14285714285714285,12.91313883102139,7,False,catchment
pge,WILLOW CREEK,1406,0.5,27.761982809199907,2,False,catchment
pge,LOW GAP,1407,0.14285714285714285,29.338556541698626,7,False,catchment
pge,LOW GAP,1408,0.14285714285714285,22.6814683474757,7,False,catchment
pge,FRENCH GULCH,1410,0.06666666666666667,25.45982852984803,15,False,catchment
pge,LOW GAP,1411,0.14285714285714285,36.66937226762221,7,False,catchment
sce,Delano,1418,0.5,5.6459379656473,2,False,catchment
sce,Tulare,1421,0.3333333333333333,3.069851479844588,3,False,catchment
sce,Oak Grove,1423,0.5,2.3429672682196743,2,False,catchment
sce,Lemon Cove,1425,0.3333333333333333,3.4951413996274967,3,False,catchment
sce,Octol,1430,0.5,6.020695134077461,2,False,catchment
sce,Rector,1443,0.2,4.22529602479443,5,False,catchment
pge,INDIAN FLAT,1446,0.25,25.750907776500316,4,False,catchment
pge,PEORIA,1447,0.14285714285714285,3.577869843631231,7,False,catchment
pge,CURTIS,1449,0.2,0.36048596091556284,5,False,catchment
sce,Estero,1455,0.25,4.689964681016796,4,False,catchment
sce,Chatsworth,1460,0.14285714285714285,0.8816823863486997,7,False,catchment
sce,Pierpont,1462,0.3333333333333333,5.364677787149834,3,False,catchment
sce,Levy,1468,0.1,3.09381909820349,10,False,catchment
sce,Gonzales,1470,0.3333333333333333,3.668318501639463,3,False,catchment
sce,Chatsworth,1471,0.14285714285714285,0.8586242170850552,7,False,catchment
sce,Camarillo,1476,0.3333333333333333,2.650326537386233,3,False,catchment
sce,San Miguel,1477,0.5,2.4234298550018654,2,False,catchment
sce,Chatsworth,1479,0.14285714285714285,0.9399651636733309,7,False,catchment
sce,Fillmore,1480,0.5,11.622982910933429,2,False,catchment
sce,Channel Island,1481,0.14285714285714285,3.6649748255290318,7,False,catchment
sce,Levy,1483,0.1,4.852758601345589,10,False,catchment
pge,LIVE OAK,1492,0.5,3.789537194196559,2,False,catchment
pge,PLUMAS,1493,0.5,2.8170819258723365,2,False,catchment
pge,MAXWELL,1497,0.25,11.52478896718875,4,False,catchment
pge,STILLWATER,1498,0.0625,7.317425242276188,16,False,catchment
pge,GIRVAN,1499,0.09090909090909091,3.890551572311033,11,False,catchment
pge,SUMMIT,1500,0.04,26.9549746911225,25,False,catchment
pge,MENDOCINO,1501,0.125,13.758190781919405,8,False,catchment
pge,CONTRA COSTA,1504,0.06666666666666667,1.5989365002605933,15,False,catchment
pge,PITTSBURG,1505,0.047619047619047616,1.7956450772444903,21,False,catchment
pge,BUELLTON,1507,0.5,2.539741381874966,2,False,catchment
sce,Roadway,1508,0.5,3.575714166939894,2,False,catchment
sce,San Antonio,1509,0.3333333333333333,1.0954823878324638,3,False,catchment
pge,TAR FLAT,1511,1.0,2.0380384575760258,1,False,catchment
pge,LIVINGSTON,1513,0.0625,15.325418058540548,16,False,catchment
pge,OREGON TRAIL,1515,0.08333333333333333,4.957744575592971,12,False,catchment
sdge,ESCO,1519,0.5,1.1233640288594433,2,False,catchment
sdge,TORREY PINES,1520,0.14285714285714285,0.8252140636574105,7,False,catchment
sdge,VINE,1521,1.0,1.3565905222829098,1,False,catchment
sdge,CABRILLO,1522,0.5,4.110708339029756,2,False,catchment
sdge,BOULEVARD EAST,1523,0.018867924528301886,48.60769491737866,53,False,catchment
sdge,BOULEVARD EAST,1524,0.018867924528301886,66.82750628249678,53,False,catchment
sce,Concho,1525,0.1,6.290457650425733,10,False,catchment
sce,Indian Wells,1527,0.05555555555555555,5.486982101309334,18,False,catchment
sce,Verdant,1528,0.041666666666666664,75.7522548449346,24,False,catchment
sdge,BORREGO,1529,0.058823529411764705,38.49374308766492,17,False,catchment
sce,Colton,1530,0.07692307692307693,0.8224075035152086,13,False,catchment
sce,Colton,1531,0.07692307692307693,0.7865748995573408,13,False,catchment
pge,TUDOR,1532,1.0,8.941776045653455,1,False,catchment
pge,NORTECH,1535,0.1111111111111111,1.2864395571648743,9,False,catchment
pge,VINEYARD,1536,0.3333333333333333,1.7536646389926782,3,False,catchment
pge,RADUM,1537,0.5,5.062723348268992,2,False,catchment
pge,LAMMERS,1538,0.0625,10.283692645018544,16,False,catchment
pge,GIRVAN,1540,0.09090909090909091,4.375067368336032,11,False,catchment
sce,Colton,1543,0.07692307692307693,4.42233305452884,13,False,catchment
sdge,ALPINE,1544,0.25,5.004639759657902,4,False,catchment
pge,PITTSBURG,1545,0.047619047619047616,10.992904800167057,21,False,catchment
sdge,OLIVENHAIN,1546,0.25,2.4507604246891526,4,False,catchment
sce,O'neill,1547,1.0,20.497892134893366,1,False,catchment
pge,LIVINGSTON,1548,0.0625,8.679011457583943,16,False,catchment
pge,CROWS LANDING,1549,0.14285714285714285,7.672938330997777,7,False,catchment
pge,CRESSEY,1550,0.2,19.31452227611922,5,False,catchment
pge,LIVINGSTON,1552,0.0625,20.374086639891722,16,False,catchment
sce,Rubidoux,1554,0.14285714285714285,4.387838928157736,7,False,catchment
sce,Colton,1555,0.07692307692307693,6.715244626288891,13,False,catchment
sdge,SAMPSON,1557,0.16666666666666666,2.1877735002015437,6,False,catchment
pge,HAMILTON BRANCH,1558,0.08333333333333333,21.24683191785927,12,False,catchment
pge,HAMILTON BRANCH,1559,0.08333333333333333,33.77137826203064,12,False,catchment
pge,HAMILTON BRANCH,1560,0.08333333333333333,40.550999956103425,12,False,catchment
pge,HAMILTON BRANCH,1561,0.08333333333333333,39.556338262477986,12,False,catchment
pge,HAMILTON BRANCH,1562,0.08333333333333333,40.41892550066285,12,False,catchment
pge,HAMILTON BRANCH,1563,0.08333333333333333,40.90175875109736,12,False,catchment
pge,HAMILTON BRANCH,1564,0.08333333333333333,40.948672339074115,12,False,catchment
pge,CRESCENT MILLS,1565,0.08333333333333333,42.89141866922995,12,False,catchment
pge,CRESCENT MILLS,1566,0.08333333333333333,57.60488785274018,12,False,catchment
pge,CRESCENT MILLS,1567,0.08333333333333333,62.75085364781384,12,False,catchment
pge,CRESCENT MILLS,1568,0.08333333333333333,63.06064218828507,12,False,catchment
pge,CRESCENT MILLS,1569,0.08333333333333333,65.03993425778356,12,False,catchment
pge,MC ARTHUR,1570,0.05555555555555555,62.086378502489644,18,False,catchment
pge,MC ARTHUR,1571,0.05555555555555555,24.416624374154747,18,False,catchment
pge,MC ARTHUR,1572,0.05555555555555555,19.731659869740263,18,False,catchment
pge,HAMILTON BRANCH,1573,0.08333333333333333,6.722193271881547,12,False,catchment
pge,CRESCENT MILLS,1576,0.08333333333333333,64.66668541532887,12,False,catchment
pge,CRESCENT MILLS,1577,0.08333333333333333,63.20748628577362,12,False,catchment
pge,ORLAND B,1580,0.5,4.3925727886927355,2,False,catchment
pge,PIKE CITY,1582,1.0,19.044204992168797,1,False,catchment
pge,SUMMIT,1583,0.04,16.905589295648845,25,False,catchment
pge,ECHO SUMMIT,1584,1.0,31.391021282777956,1,False,catchment
pge,EL DORADO PH,1585,0.1111111111111111,23.826167321833847,9,False,catchment
pge,EL DORADO PH,1586,0.1111111111111111,8.812125458209831,9,False,catchment
pge,FROGTOWN,1587,0.5,1.6853844386381363,2,False,catchment
pge,PEORIA,1588,0.14285714285714285,5.603923943231197,7,False,catchment
pge,PITTSBURG,1589,0.047619047619047616,0.4226460641921602,21,False,catchment
pge,PITTSBURG,1590,0.047619047619047616,0.036820686637000714,21,False,catchment
pge,FAIRVIEW,1591,0.14285714285714285,0.10689338337659018,7,False,catchment
pge,PEORIA,1593,0.14285714285714285,9.974780845508615,7,False,catchment
pge,CONTRA COSTA,1594,0.06666666666666667,1.8531954902183636,15,False,catchment
pge,CONTRA COSTA,1595,0.06666666666666667,2.5997155728748766,15,False,catchment
pge,CONTRA COSTA,1596,0.06666666666666667,1.8788320608968507,15,False,catchment
pge,RICHMOND R,1597,0.14285714285714285,2.2771058818886236,7,False,catchment
pge,RICHMOND R,1598,0.14285714285714285,2.6373017939216363,7,False,catchment
pge,RICHMOND R,1599,0.14285714285714285,2.342891847830608,7,False,catchment
pge,RICHMOND R,1600,0.14285714285714285,3.4930432690950695,7,False,catchment
pge,RICHMOND R,1601,0.14285714285714285,2.372620537824441,7,False,catchment
sce,Poole,1602,1.0,0.07558345459035509,1,False,catchment
pge,SOBRANTE,1605,0.3333333333333333,2.7390500468698673,3,False,catchment
sce,Zack,1606,1.0,18.694980755471907,1,False,catchment
pge,CAYETANO,1607,0.3333333333333333,7.003082895454728,3,False,catchment
pge,8TH AVENUE,1610,1.0,3.420390872245273,1,False,catchment
pge,HERDLYN,1613,0.043478260869565216,3.5055069278542916,23,False,catchment
pge,VASCO,1614,0.1111111111111111,7.200132105098773,9,False,catchment
pge,HERDLYN,1615,0.043478260869565216,3.4830319765385966,23,False,catchment
pge,HERDLYN,1616,0.043478260869565216,7.801081477426723,23,False,catchment
pge,PLYMOUTH,1617,1.0,16.866500062738794,1,False,catchment
pge,YOSEMITE,1618,1.0,10.727551379931487,1,False,catchment
pge,VASCO,1619,0.1111111111111111,6.0051412975533855,9,False,catchment
sce,Minaret,1620,1.0,8.867247138893324,1,False,catchment
sce,Skiland,1621,1.0,4.542063212358949,1,False,catchment
pge,VASCO,1622,0.1111111111111111,6.152656981549606,9,False,catchment
pge,LAS POSITAS,1623,0.25,3.238861403044474,4,False,catchment
pge,LAMMERS,1624,0.0625,9.665181381169036,16,False,catchment
pge,VASCO,1625,0.1111111111111111,9.339672132157654,9,False,catchment
pge,ATWATER,1626,0.25,1.2022201373535228,4,False,catchment
sce,Mt. Tom,1627,0.06666666666666667,9.260714574357506,15,False,catchment
sce,Mt. Tom,1628,0.06666666666666667,2.3442245343144914,15,False,catchment
sce,Mt. Tom,1629,0.06666666666666667,4.403556045077239,15,False,catchment
sce,Mt. Tom,1630,0.06666666666666667,6.019367386120061,15,False,catchment
sce,Bishop Creek Plant 2,1631,0.16666666666666666,0.13101311820074904,6,False,catchment
sce,Timberwine,1632,1.0,8.199025487339682,1,False,catchment
sce,Pitman,1633,1.0,0.32640139929736584,1,False,catchment
sce,Camp 10,1635,1.0,8.254686383633807,1,False,catchment
pge,SAN JOAQUIN #3,1636,1.0,16.477420265101266,1,False,catchment
pge,SANTA NELLA,1637,0.09090909090909091,0.35479978193004336,11,False,catchment
sce,Bishop Creek Plant 2,1638,0.16666666666666666,46.41352291199416,6,False,catchment
sce,Mt. Tom,1639,0.06666666666666667,26.298347473802718,15,False,catchment
pge,SANTA NELLA,1641,0.09090909090909091,15.0352391424825,11,False,catchment
pge,SANTA NELLA,1642,0.09090909090909091,5.914749754790311,11,False,catchment
pge,AUBERRY,1643,1.0,5.678446691130846,1,False,catchment
pge,SAN JOAQUIN #2,1644,1.0,11.384465536833115,1,False,catchment
pge,TIVY VALLEY,1646,0.3333333333333333,9.056005552705127,3,False,catchment
pge,HAMMONDS,1647,0.2,13.147000522514828,5,False,catchment
pge,MALAGA,1651,0.14285714285714285,0.5365619030973997,7,False,catchment
pge,MALAGA,1652,0.14285714285714285,1.3304553043278013,7,False,catchment
pge,KINGSBURG,1653,0.25,5.650526949740157,4,False,catchment
sce,Coso,1656,0.16666666666666666,14.665352834490323,6,False,catchment
sce,Coso,1657,0.16666666666666666,17.040101291487503,6,False,catchment
sce,Coso,1658,0.16666666666666666,15.245059013083164,6,False,catchment
sce,Coso,1659,0.16666666666666666,16.00103748011248,6,False,catchment
pge,KING CITY,1660,0.16666666666666666,0.9905929460783428,6,False,catchment
pge,CORCORAN,1661,0.2,5.9473357233836985,5,False,catchment
pge,CAL WATER,1662,0.2,11.744554872038266,5,False,catchment
sce,Kernville,1663,1.0,0.6146105905649828,1,False,catchment
pge,KERN OIL,1665,0.05,3.5106480838639205,20,False,catchment
pge,KERN OIL,1666,0.05,8.542479966740153,20,False,catchment
pge,KERN OIL,1667,0.05,2.8830074208312735,20,False,catchment
pge,KERN OIL,1668,0.05,0.6435903435060251,20,False,catchment
pge,ELK HILLS,1669,0.16666666666666666,10.49613391217602,6,False,catchment
pge,ELK HILLS,1670,0.16666666666666666,10.223073177053466,6,False,catchment
pge,ELK HILLS,1671,0.16666666666666666,10.453918638449426,6,False,catchment
pge,ELK HILLS,1672,0.16666666666666666,10.661661119277099,6,False,catchment
pge,ELK HILLS,1673,0.16666666666666666,9.855610212869664,6,False,catchment
pge,TEMBLOR,1674,0.1,4.7023295656117226,10,False,catchment
pge,TEMBLOR,1675,0.1,2.899335203048084,10,False,catchment
pge,CAL WATER,1677,0.2,9.627074139020944,5,False,catchment
pge,TEJON,1679,0.1,4.662041910039967,10,False,catchment
sce,Goldtown,1680,0.5,7.628312937609453,2,False,catchment
sce,Southwind,1681,0.09090909090909091,6.8675473755869945,11,False,catchment
sce,Southwind,1682,0.09090909090909091,6.4976624755066865,11,False,catchment
sce,Southwind,1683,0.09090909090909091,5.259172898111464,11,False,catchment
pge,FELLOWS,1684,0.08333333333333333,5.4562699454072945,12,False,catchment
pge,FELLOWS,1685,0.08333333333333333,5.243436095231848,12,False,catchment
pge,MCKITTRICK,1686,0.14285714285714285,3.407759606209481,7,False,catchment
pge,FELLOWS,1687,0.08333333333333333,4.1687576093662395,12,False,catchment
pge,TAFT,1688,0.25,2.1398021532021256,4,False,catchment
pge,MARICOPA,1689,0.1,7.121746119050077,10,False,catchment
pge,MARICOPA,1690,0.1,4.464631149875014,10,False,catchment
sce,Gorman,1691,0.1111111111111111,9.56736409626056,9,False,catchment
sce,Holgate,1692,0.25,1.9284179711379594,4,False,catchment
sce,Universal,1693,0.037037037037037035,7.381784384826129,27,False,catchment
sce,Universal,1694,0.037037037037037035,5.331080118730732,27,False,catchment
sce,Universal,1695,0.037037037037037035,5.766943138651672,27,False,catchment
sce,Fairfax,1696,0.16666666666666666,6.873339324586403,6,False,catchment
sce,Trophy,1697,0.25,0.24237264854584917,4,False,catchment
sce,Hoyt,1698,0.2,3.8371418596459397,5,False,catchment
sce,Sepulveda,1699,0.043478260869565216,1.916623435635083,23,False,catchment
sce,Jersey,1700,0.5,0.44887053744740796,2,False,catchment
sce,Watson,1701,0.1111111111111111,1.9179581103810366,9,False,catchment
sce,Watson,1702,0.1111111111111111,2.9119110409646054,9,False,catchment
sce,Surrey U.g.s.,1703,1.0,7.9995202640326815,1,False,catchment
sce,Dike,1704,0.058823529411764705,1.5138223061585607,17,False,catchment
sce,Dike,1705,0.058823529411764705,0.4553723178184089,17,False,catchment
sdge,BORREGO,1706,0.058823529411764705,65.78887691906233,17,False,catchment
sdge,BORREGO,1707,0.058823529411764705,66.4214467518364,17,False,catchment
sdge,BORREGO,1708,0.058823529411764705,66.40278113372666,17,False,catchment
sdge,BORREGO,1709,0.058823529411764705,68.3847936638411,17,False,catchment
sdge,BORREGO,1710,0.058823529411764705,68.57721025395796,17,False,catchment
sdge,BORREGO,1711,0.058823529411764705,69.4141195408623,17,False,catchment
sce,Eagle Mountain,1712,0.0625,71.15664983208504,16,False,catchment
sdge,BOULEVARD EAST,1713,0.018867924528301886,76.76970039629711,53,False,catchment
sce,Verdant,1714,0.041666666666666664,83.28840548013312,24,False,catchment
sce,Verdant,1715,0.041666666666666664,85.52655653164001,24,False,catchment
sce,Verdant,1716,0.041666666666666664,87.48743057552801,24,False,catchment
sce,Verdant,1717,0.041666666666666664,87.33698955292546,24,False,catchment
sce,Verdant,1718,0.041666666666666664,91.54688297731632,24,False,catchment
sce,Verdant,1719,0.041666666666666664,87.57253974218277,24,False,catchment
sce,Verdant,1720,0.041666666666666664,71.50848938449583,24,False,catchment
sdge,BOULEVARD EAST,1721,0.018867924528301886,70.56839858102224,53,False,catchment
sdge,BOULEVARD EAST,1722,0.018867924528301886,82.06745430930911,53,False,catchment
pge,PIT NO 5,1723,0.037037037037037035,111.99837922826849,27,False,catchment
pge,PIT NO 5,1724,0.037037037037037035,114.42606165292553,27,False,catchment
pge,ANTLER,1725,0.045454545454545456,79.71224422306871,22,False,catchment
pge,PIT NO 1,1726,0.3333333333333333,0.10318418940529893,3,False,catchment
pge,PIT NO 3,1727,1.0,8.64802614015441,1,False,catchment
pge,PIT NO 5,1728,0.037037037037037035,0.6638878969188069,27,False,catchment
pge,PIT NO 5,1729,0.037037037037037035,7.290058541458531,27,False,catchment
pge,FRENCH GULCH,1731,0.06666666666666667,15.929126650192373,15,False,catchment
pge,FRENCH GULCH,1732,0.06666666666666667,13.159127294215528,15,False,catchment
pge,FRENCH GULCH,1733,0.06666666666666667,4.721400003178286,15,False,catchment
pge,WHITMORE,1734,0.16666666666666666,6.4838719043639985,6,False,catchment
pge,WHITMORE,1735,0.16666666666666666,10.93497273542877,6,False,catchment
pge,STILLWATER,1736,0.0625,7.020349066166198,16,False,catchment
pge,STILLWATER,1737,0.0625,6.045697717946301,16,False,catchment
pge,STILLWATER,1738,0.0625,8.205786353523568,16,False,catchment
pge,GIRVAN,1739,0.09090909090909091,2.4028034478985862,11,False,catchment
pge,OREGON TRAIL,1740,0.08333333333333333,7.1569633035166085,12,False,catchment
pge,GIRVAN,1741,0.09090909090909091,6.883999908407872,11,False,catchment
pge,STILLWATER,1742,0.0625,11.371577003049593,16,False,catchment
pge,COTTONWOOD,1743,0.16666666666666666,12.353976849794995,6,False,catchment
pge,GIRVAN,1744,0.09090909090909091,5.399203458580113,11,False,catchment
pge,VOLTA,1746,0.3333333333333333,10.470967100638314,3,False,catchment
pge,RAWSON,1747,0.3333333333333333,0.06612790697322989,3,False,catchment
pge,BIG MEADOWS,1748,0.5,9.088302351540035,2,False,catchment
pge,GANSNER,1749,1.0,3.9411809718048136,1,False,catchment
pge,SUMMIT,1750,0.04,48.65445423750135,25,False,catchment
pge,EAST QUINCY,1751,0.2,27.31483569190613,5,False,catchment
pge,SUMMIT,1752,0.04,31.359691543985797,25,False,catchment
pge,HARTER,1753,0.5,0.9578012959211487,2,False,catchment
pge,BARRY,1754,0.3333333333333333,1.868153374124535,3,False,catchment
pge,PLACER,1755,0.2,1.581336182544891,5,False,catchment
pge,GEYSERVILLE,1756,0.25,13.340569099075758,4,False,catchment
pge,KONOCTI,1757,0.125,14.134048969332909,8,False,catchment
pge,KONOCTI,1758,0.125,14.632869511408959,8,False,catchment
pge,STELLING,1759,0.14285714285714285,4.518665303703908,7,False,catchment
pge,MIDDLETOWN,1760,0.09090909090909091,14.594621419162397,11,False,catchment
pge,ROCKLIN,1761,0.029411764705882353,4.520412482824641,34,False,catchment
pge,MIDDLETOWN,1762,0.09090909090909091,9.678594781517859,11,False,catchment
pge,WEST SACRAMENTO,1764,0.010101010101010102,13.297256091967581,99,False,catchment
pge,WEST SACRAMENTO,1765,0.010101010101010102,17.36520497928693,99,False,catchment
pge,WEST SACRAMENTO,1766,0.010101010101010102,12.607356619769707,99,False,catchment
pge,CLARKSVILLE,1767,0.03333333333333333,16.917661180829924,30,False,catchment
pge,HORSESHOE,1768,0.022727272727272728,17.435540792420884,44,False,catchment
pge,WEST SACRAMENTO,1769,0.010101010101010102,5.191085687969331,99,False,catchment
pge,WEST SACRAMENTO,1770,0.010101010101010102,9.76524365542441,99,False,catchment
pge,WEST SACRAMENTO,1771,0.010101010101010102,13.948933693878631,99,False,catchment
pge,WEST SACRAMENTO,1772,0.010101010101010102,14.287154714845101,99,False,catchment
pge,WEST SACRAMENTO,1773,0.010101010101010102,8.42151372449927,99,False,catchment
pge,WEST SACRAMENTO,1774,0.010101010101010102,10.959715494847481,99,False,catchment
pge,DEEPWATER,1775,0.014705882352941176,14.062211849617306,68,False,catchment
pge,DEEPWATER,1777,0.014705882352941176,12.886996051988847,68,False,catchment
pge,IONE,1778,0.14285714285714285,14.87118988956053,7,False,catchment
pge,COLONY,1779,0.07692307692307693,14.606294222983376,13,False,catchment
pge,COLONY,1780,0.07692307692307693,12.94113230593906,13,False,catchment
pge,JAMESON,1781,0.3333333333333333,1.0315902511595152,3,False,catchment
pge,PITTSBURG,1783,0.047619047619047616,10.91133430227225,21,False,catchment
pge,PEABODY,1784,0.1111111111111111,11.254257830051781,9,False,catchment
pge,PEABODY,1785,0.1111111111111111,12.916265843262082,9,False,catchment
pge,COLONY,1786,0.07692307692307693,14.25743596280857,13,False,catchment
pge,EIGHT MILE,1787,0.5,3.4363836385457502,2,False,catchment
pge,LODI,1788,0.2,3.4186515094360126,5,False,catchment
pge,WEBER,1790,0.16666666666666666,2.149845373165516,6,False,catchment
pge,CHANNEL,1791,0.2,2.0038995898000853,5,False,catchment
pge,VIERRA,1793,0.125,1.1935421522000054,8,False,catchment
pge,TRACY,1794,0.125,0.896387953515942,8,False,catchment
pge,LAMMERS,1795,0.0625,7.313037736963158,16,False,catchment
pge,LAMMERS,1796,0.0625,1.1724356868336236,16,False,catchment
pge,LAMMERS,1797,0.0625,1.0222488715695224,16,False,catchment
pge,SF M,1799,1.0,2.7656586029210013,1,False,catchment
pge,RIPON,1800,0.05263157894736842,15.629991274672232,19,False,catchment
pge,RIPON,1801,0.05263157894736842,15.95634114884277,19,False,catchment
pge,RIVERBANK,1802,0.03333333333333333,16.460900599518965,30,False,catchment
pge,RIVERBANK,1803,0.03333333333333333,16.54911461580162,30,False,catchment
pge,RIVERBANK,1804,0.03333333333333333,15.663014851950276,30,False,catchment
pge,LIVINGSTON,1805,0.0625,15.583378607141281,16,False,catchment
pge,LIVINGSTON,1806,0.0625,18.314545033719984,16,False,catchment
pge,GLENWOOD,1807,0.125,0.8265709308754157,8,False,catchment
pge,DIXON LANDING,1808,0.25,1.3119766258457364,4,False,catchment
pge,AMES,1811,0.25,0.33082164965937244,4,False,catchment
pge,TRIMBLE,1812,0.06666666666666667,2.18609166215559,15,False,catchment
pge,EDENVALE,1815,0.5,0.10270909863627062,2,False,catchment
pge,SANTA TERESA,1816,0.14285714285714285,2.876213465312362,7,False,catchment
pge,HICKS,1817,0.25,2.2238690158715513,4,False,catchment
pge,SANTA TERESA,1818,0.14285714285714285,5.702491952726211,7,False,catchment
pge,SANTA TERESA,1819,0.14285714285714285,4.147695886748104,7,False,catchment
pge,SANTA TERESA,1820,0.14285714285714285,4.3295611246994525,7,False,catchment
pge,LLAGAS,1821,0.5,2.062096108574612,2,False,catchment
pge,CASSERLY,1822,1.0,6.523983340885089,1,False,catchment
sce,Kramer,1823,0.125,3.8767680234086463,8,False,catchment
sce,Kramer,1824,0.125,3.42299447803603,8,False,catchment
sce,Kramer,1825,0.125,3.285719096426245,8,False,catchment
sce,Kramer,1826,0.125,2.5688304672316287,8,False,catchment
sce,Kramer,1827,0.125,2.149315654094145,8,False,catchment
sce,Searles,1828,0.3333333333333333,0.726438818543301,3,False,catchment
sce,Trona,1829,0.3333333333333333,1.009569366689121,3,False,catchment
pge,FOOTHILL,1830,0.25,15.005344802881115,4,False,catchment
pge,SANTA MARIA,1832,0.3333333333333333,1.3928017408585616,3,False,catchment
sce,Minneola,1833,0.3333333333333333,1.0373508640361044,3,False,catchment
sce,George A.f.b.,1834,0.3333333333333333,1.818265347765219,3,False,catchment
pge,DIVIDE,1835,0.3333333333333333,10.137802299449564,3,False,catchment
sce,Oro Grande,1836,0.3333333333333333,0.41909346472953807,3,False,catchment
sce,Lucerne,1837,0.5,6.841729539930653,2,False,catchment
sce,Victorville,1838,0.16666666666666666,3.773216493168502,6,False,catchment
sce,Big Bend Bia,1840,1.0,4.2656103828101015,1,False,catchment
sce,Cottage Grove,1841,1.0,13.593667295284153,1,False,catchment
sce,Santa Ana River 1,1842,0.5,4.62276813000881e-05,2,False,catchment
sce,Zanja,1843,0.25,2.711530846990047,4,False,catchment
sce,Bloomington,1844,0.2,3.566508705127366,5,False,catchment
sce,Zanja,1845,0.25,1.4501198733233704,4,False,catchment
sce,Chino,1847,0.16666666666666666,0.9050417332321545,6,False,catchment
sce,Whitewater,1848,0.2,3.7824138600427535,5,False,catchment
sce,Cabazon,1849,0.3333333333333333,6.106790770421875,3,False,catchment
sce,Whitewater,1850,0.2,0.8136614154917741,5,False,catchment
sce,Devers,1851,0.09090909090909091,3.4647801231444895,11,False,catchment
sce,Devers,1852,0.09090909090909091,3.4715430121760176,11,False,catchment
sce,Devers,1853,0.09090909090909091,1.507389806579902,11,False,catchment
sce,Devers,1854,0.09090909090909091,1.3681661683868473,11,False,catchment
sce,Devers,1855,0.09090909090909091,0.9057370704520208,11,False,catchment
sce,Devers,1856,0.09090909090909091,2.9705264923575645,11,False,catchment
sce,Devers,1857,0.09090909090909091,2.9817200929741987,11,False,catchment
sce,Garnet,1858,0.3333333333333333,1.3102790559467687,3,False,catchment
sce,Maxwell,1859,0.2,5.051070959682181,5,False,catchment
sce,Farrell,1860,0.5,5.055704080657661,2,False,catchment
sce,Glen Avon,1861,0.5,4.8880986960755015,2,False,catchment
sce,Eagle Mountain,1862,0.0625,18.387779903082667,16,False,catchment
sce,El Sobrante,1863,0.2,1.2953203358181298,5,False,catchment
sce,Cabazon,1864,0.3333333333333333,4.61653632235215,3,False,catchment
sce,Lakeview,1865,1.0,4.659754127041508,1,False,catchment
sce,Placentia,1866,0.2,2.8065508056088575,5,False,catchment
sce,Fullerton,1867,0.25,4.204054542660679,4,False,catchment
sce,Lampson,1868,0.2,2.957701534471521,5,False,catchment
sce,Concho,1869,0.1,4.948373300220801,10,False,catchment
sce,Concho,1870,0.1,12.813098096056324,10,False,catchment
sce,Indian Wells,1871,0.05555555555555555,18.44070155677347,18,False,catchment
sce,Indian Wells,1872,0.05555555555555555,16.852022932447195,18,False,catchment
sce,Indian Wells,1873,0.05555555555555555,7.567721327972382,18,False,catchment
sce,Indian Wells,1874,0.05555555555555555,14.623749423826025,18,False,catchment
sce,Auld,1875,1.0,11.316992080315503,1,False,catchment
sdge,EASTGATE,1878,0.3333333333333333,2.4255001712538813,3,False,catchment
sdge,GENESEE,1879,0.5,0.7532294436653808,2,False,catchment
sdge,SWEETWATER,1880,0.2,2.8069303663555645,5,False,catchment
sdge,OTAY,1881,0.5,1.7564439305291621,2,False,catchment
sdge,BORDER,1882,0.2,0.4206368074346959,5,False,catchment
pge,NARROWS,1883,1.0,14.62347105441512,1,False,catchment
pge,WHEATLAND,1884,0.25,11.742047584615229,4,False,catchment
pge,WEST SACRAMENTO,1886,0.010101010101010102,2.6912676994050972,99,False,catchment
pge,PINECREST,1887,1.0,7.386157295922737,1,False,catchment
pge,SPRING GAP,1888,0.3333333333333333,3.528824432247379,3,False,catchment
pge,SPRING GAP,1889,0.3333333333333333,3.3744836651061414,3,False,catchment
pge,MERCED FALLS,1891,0.125,20.863710378951108,8,False,catchment
sce,Boxwood,1892,0.3333333333333333,3.1015288680499955,3,False,catchment
sce,Levy,1893,0.1,2.664610236432311,10,False,catchment
sce,Levy,1894,0.1,4.173957725718551,10,False,catchment
sce,Levy,1895,0.1,4.4301805323562595,10,False,catchment
sce,Channel Island,1896,0.14285714285714285,3.036081598886162,7,False,catchment
pge,EAST QUINCY,1899,0.2,1.9481404741789357,5,False,catchment
pge,JAMESON,1900,0.3333333333333333,1.6790350631588764,3,False,catchment
sce,Harper Lake,1901,0.2,4.878204372684096,5,False,catchment
pge,HORSESHOE,1902,0.022727272727272728,21.56398240854484,44,False,catchment
pge,COLONY,1903,0.07692307692307693,14.85049005017555,13,False,catchment
pge,VACAVILLE,1904,1.0,18.322358839774846,1,False,catchment
pge,BECK STREET,1906,1.0,4.33203872858949,1,False,catchment
pge,WATSONVILLE,1908,0.5,0.6702511069101905,2,False,catchment
pge,HAMMONDS,1910,0.2,3.7766773619927054,5,False,catchment
pge,MIDDLETOWN,1912,0.09090909090909091,9.246670719148279,11,False,catchment
pge,MIDDLETOWN,1913,0.09090909090909091,9.12957741615249,11,False,catchment
pge,WHITNEY,1914,1.0,2.1443199107960784,1,False,catchment
pge,CONCORD NO 1,1915,1.0,4.179897199448641,1,False,catchment
pge,CONTRA COSTA,1916,0.06666666666666667,3.4617589693586237,15,False,catchment
pge,HERDLYN,1917,0.043478260869565216,6.1047383313739285,23,False,catchment
pge,HERDLYN,1918,0.043478260869565216,6.325933910722512,23,False,catchment
sce,Bishop Creek Plant 2,1919,0.16666666666666666,62.25286373122968,6,False,catchment
pge,COALINGA NO 1,1920,0.2,6.339493359970238,5,False,catchment
pge,COALINGA NO 2,1921,0.14285714285714285,9.596987717866282,7,False,catchment
pge,CARNERAS,1922,0.2,4.693068717798711,5,False,catchment
pge,SEMITROPIC,1923,0.5,3.116871392340148,2,False,catchment
pge,COLUMBUS,1924,0.2,5.0478857231214915,5,False,catchment
pge,KERN OIL,1925,0.05,2.884830329063546,20,False,catchment
sce,Northwind,1927,0.07692307692307693,6.488795207771262,13,False,catchment
sce,Northwind,1928,0.07692307692307693,1.5289659569639356,13,False,catchment
sce,Northwind,1930,0.07692307692307693,4.372792283551859,13,False,catchment
sce,Northwind,1931,0.07692307692307693,4.079517205361874,13,False,catchment
sce,Southwind,1932,0.09090909090909091,2.51042506845549,11,False,catchment
sce,Northwind,1933,0.07692307692307693,4.77374900591615,13,False,catchment
sce,Northwind,1934,0.07692307692307693,5.6210079961224295,13,False,catchment
sce,Northwind,1935,0.07692307692307693,5.78371265707298,13,False,catchment
sce,Northwind,1936,0.07692307692307693,6.191728063854116,13,False,catchment
pge,FELLOWS,1937,0.08333333333333333,1.7628803507121384,12,False,catchment
pge,FELLOWS,1938,0.08333333333333333,1.7500541977057036,12,False,catchment
sce,San Fernando,1939,0.0625,5.107864746803502,16,False,catchment
sce,Universal,1940,0.037037037037037035,6.210252398680476,27,False,catchment
sce,Universal,1941,0.037037037037037035,4.823757053760615,27,False,catchment
sce,Universal,1942,0.037037037037037035,6.091997349620557,27,False,catchment
sce,Universal,1943,0.037037037037037035,1.9604434405011606,27,False,catchment
sce,Downey,1944,0.5,1.8325295392100724,2,False,catchment
sce,Lunada,1945,1.0,7.8752168247838386,1,False,catchment
pge,STILLWATER,1946,0.0625,1.678024698317749,16,False,catchment
pge,PLEASANT GROVE,1947,0.05263157894736842,7.803317320739125,19,False,catchment
pge,PLEASANT GROVE,1948,0.05263157894736842,4.801857673415648,19,False,catchment
pge,ROCKLIN,1949,0.029411764705882353,7.395224936912392,34,False,catchment
pge,TRIMBLE,1950,0.06666666666666667,3.0394665947645243,15,False,catchment
pge,FOOTHILL,1951,0.25,15.327350585873626,4,False,catchment
sce,Etiwanda,1954,0.1,1.8133058559808457,10,False,catchment
sce,Chase,1955,0.3333333333333333,3.9177297453063518,3,False,catchment
pge,PLEASANT GROVE,1957,0.05263157894736842,4.504868862189764,19,False,catchment
pge,TERMINOUS,1959,0.3333333333333333,3.86046995396565,3,False,catchment
pge,SAN BENITO,1960,0.5,5.00329187315733,2,False,catchment
pge,TRIMBLE,1961,0.06666666666666667,2.458625178593636,15,False,catchment
pge,RIVERBANK,1962,0.03333333333333333,11.33986435931529,30,False,catchment
pge,RIPON,1963,0.05263157894736842,10.804574263893869,19,False,catchment
pge,COTTLE,1964,0.06666666666666667,23.968561830676673,15,False,catchment
pge,ATWATER,1966,0.25,1.567237709680598,4,False,catchment
pge,BONITA,1967,0.5,0.043745726350002026,2,False,catchment
pge,MALAGA,1968,0.14285714285714285,1.245817096464917,7,False,catchment
pge,STROUD,1969,0.3333333333333333,5.910037751973,3,False,catchment
pge,COALINGA NO 1,1970,0.2,8.91285707449421,5,False,catchment
pge,HENRIETTA,1971,0.25,2.522922249721963,4,False,catchment
pge,RESERVE OIL,1974,0.16666666666666666,0.7850042724134848,6,False,catchment
pge,RESERVE OIL,1975,0.16666666666666666,0.8840633913236048,6,False,catchment
pge,RESERVE OIL,1976,0.16666666666666666,2.354348380797676,6,False,catchment
pge,DEVILS DEN,1977,0.16666666666666666,9.520063403755639,6,False,catchment
pge,DEVILS DEN,1978,0.16666666666666666,7.155720481617941,6,False,catchment
sce,Riverway,1980,0.5,4.321045274404365,2,False,catchment
pge,CHOLAME,1981,0.5,12.607108403393653,2,False,catchment
pge,ANTELOPE,1982,0.25,9.631928498319986,4,False,catchment
pge,TEMBLOR,1983,0.1,8.036112359994604,10,False,catchment
pge,TEMBLOR,1984,0.1,10.004823097882893,10,False,catchment
pge,TEMBLOR,1985,0.1,7.479759922083675,10,False,catchment
pge,CARNERAS,1986,0.2,9.235015393656443,5,False,catchment
pge,TEJON,1987,0.1,2.174828387452247,10,False,catchment
sce,Mariposa,1988,1.0,12.08233362914585,1,False,catchment
sce,Southwind,1989,0.09090909090909091,4.322524340602505,11,False,catchment
sce,Holgate,1990,0.25,1.8819103802829267,4,False,catchment
sce,Pierpont,1991,0.3333333333333333,4.896217517192088,3,False,catchment
sce,Estero,1992,0.25,1.8635901850323138,4,False,catchment
sce,Alola,1996,1.0,4.556133674876099,1,False,catchment
sce,Etiwanda,1997,0.1,0.7845018719180991,10,False,catchment
sce,Wimbledon,1998,0.2,1.8011233451917714,5,False,catchment
sce,Peyton,2000,0.25,2.4666737254630027,4,False,catchment
sce,Randall,2001,0.5,2.4063635657372164,2,False,catchment
sce,Bloomington,2002,0.2,3.5365579773313582,5,False,catchment
sce,Falcon Ridge,2003,1.0,8.646394188524363,1,False,catchment
sce,Arro,2005,0.5,2.5371737423050673,2,False,catchment
sce,Genamic,2019,0.3333333333333333,2.3007522433567607,3,False,catchment
sce,Lancaster,2020,0.3333333333333333,3.795502981336324,3,False,catchment
sce,Valdez,2021,0.3333333333333333,3.0162363923991427,3,False,catchment
sce,Banning,2024,0.3333333333333333,0.31930828660684274,3,False,catchment
sce,Concho,2028,0.1,8.142088537035534,10,False,catchment
sce,Indian Wells,2029,0.05555555555555555,31.148600530874194,18,False,catchment
sce,Placentia,2030,0.2,1.1808910078438344,5,False,catchment
sce,La Palma,2031,0.5,1.4713818406096506,2,False,catchment
sce,Lampson,2032,0.2,4.638957624266922,5,False,catchment
sce,Fullerton,2033,0.25,2.380849340773912,4,False,catchment
sce,Fullerton,2034,0.25,4.902503462158553,4,False,catchment
sce,Atwood,2035,0.5,3.3705977108491756,2,False,catchment
sce,Lafayette,2036,0.5,1.1711947897761665,2,False,catchment
sdge,BOULEVARD EAST,2041,0.018867924528301886,69.38336056731407,53,False,catchment
sdge,BOULEVARD EAST,2042,0.018867924528301886,73.17410515467441,53,False,catchment
sdge,BOULEVARD EAST,2043,0.018867924528301886,83.8532913318891,53,False,catchment
sdge,BORREGO,2044,0.058823529411764705,66.50642929128331,17,False,catchment
sce,Lark Ellen,2045,0.25,0.6046834822909886,4,False,catchment
sce,Granada,2054,1.0,4.105782506998905,1,False,catchment
sce,Narrows,2055,0.3333333333333333,1.0413398688792637,3,False,catchment
sce,Mesa,2056,0.25,1.8289765241362061,4,False,catchment
sce,Vail,2057,0.5,0.610395405847225,2,False,catchment
sce,Telegraph,2058,0.5,2.194208892268946,2,False,catchment
sce,Pioneer,2061,0.5,1.597472971597356,2,False,catchment
sce,Narrows,2062,0.3333333333333333,1.7605437727245725,3,False,catchment
sce,Randolph,2067,0.3333333333333333,1.791522225444668,3,False,catchment
sce,Cudahy,2069,0.3333333333333333,0.8376646425786933,3,False,catchment
sce,Cudahy,2070,0.3333333333333333,1.877031133327457,3,False,catchment
sce,Gage,2071,0.3333333333333333,2.06576584653565,3,False,catchment
sce,Gage,2072,0.3333333333333333,2.6410731728977797,3,False,catchment
sce,Arroyo,2079,0.3333333333333333,2.4269167232765607,3,False,catchment
sce,San Fernando,2080,0.0625,8.683445266092582,16,False,catchment
sce,Universal,2081,0.037037037037037035,5.40337545808151,27,False,catchment
sce,La Canada,2082,0.3333333333333333,7.9901451091588305,3,False,catchment
sce,Universal,2083,0.037037037037037035,8.819235902772814,27,False,catchment
sce,Garfield,2084,0.2,7.109688626109813,5,False,catchment
sce,Terrace,2085,0.16666666666666666,4.408574982380612,6,False,catchment
sce,Garfield,2086,0.2,3.933024437124138,5,False,catchment
sce,Alon,2088,0.16666666666666666,1.4268638530246498,6,False,catchment
sce,Cameron,2089,0.14285714285714285,1.394020830403004,7,False,catchment
sce,Colorado,2093,0.5,0.7427659609942876,2,False,catchment
sce,Culver,2094,0.3333333333333333,0.06573796529101955,3,False,catchment
sce,Culver,2095,0.3333333333333333,1.3146881430095119,3,False,catchment
sce,Yukon,2096,0.5,0.2611796016196674,2,False,catchment
sce,Sepulveda,2097,0.043478260869565216,1.1671496658723182,23,False,catchment
sce,Sepulveda,2098,0.043478260869565216,1.742066757704024,23,False,catchment
sce,Manhattan,2099,1.0,2.1357276229116784,1,False,catchment
sce,Madrid,2102,0.25,1.5292687220830212,4,False,catchment
sce,El Nido,2104,0.14285714285714285,1.1644751941459102,7,False,catchment
pge,MADERA,2105,0.3333333333333333,4.652759437021443,3,False,catchment
pge,LOGAN CREEK,2106,0.3333333333333333,0.32047128493205584,3,False,catchment
pge,MAXWELL,2107,0.25,13.666933146009008,4,False,catchment
pge,BROWNS VALLEY,2108,0.3333333333333333,3.8692495604227264,3,False,catchment
pge,DEEPWATER,2109,0.014705882352941176,1.9573993339735625,68,False,catchment
pge,PLEASANT GROVE,2110,0.05263157894736842,0.18383021326133522,19,False,catchment
pge,DEL MAR,2111,0.5,0.402936524050883,2,False,catchment
pge,SHINGLE SPRINGS,2112,0.25,1.7611725621922545,4,False,catchment
pge,SANTA ROSA A,2113,0.3333333333333333,0.5313391143127002,3,False,catchment
pge,DUNBAR,2114,0.5,8.183761668601747,2,False,catchment
pge,DUNBAR,2115,0.5,7.600979525811526,2,False,catchment
pge,NORTH TOWER,2117,0.2,2.994239581720829,5,False,catchment
pge,MONTICELLO,2118,1.0,25.349937283920468,1,False,catchment
pge,TERMINOUS,2119,0.3333333333333333,3.7546476121322594,3,False,catchment
pge,LODI,2120,0.2,2.252544620902795,5,False,catchment
pge,PITTSBURG,2121,0.047619047619047616,2.097919698729974,21,False,catchment
pge,NORIEGA,2122,1.0,9.983401739866315,1,False,catchment
pge,JUDAH,2124,1.0,22.314576894328916,1,False,catchment
pge,WALL,2126,1.0,1.7027023571954631,1,False,catchment
pge,OAK,2129,1.0,0.09525092801321655,1,False,catchment
pge,RIDGE,2134,0.3333333333333333,1.3011049119936469,3,False,catchment
pge,BEACH (Q),2139,1.0,7.670100932593303,1,False,catchment
pge,SF E,2140,1.0,10.917571776362614,1,False,catchment
pge,CASTRO,2141,1.0,13.923982022159745,1,False,catchment
pge,ROSSMOOR,2143,1.0,6.8941574653795925,1,False,catchment
pge,BABEL,2144,1.0,7.101598647122216,1,False,catchment
pge,SULLIVAN,2147,1.0,10.194686044520571,1,False,catchment
pge,WESTLAKE,2148,1.0,12.907905674506496,1,False,catchment
pge,LAWNDALE,2149,1.0,7.618597537435316,1,False,catchment
pge,RALSTON,2150,0.5,2.113969951378272,2,False,catchment
pge,REDWOOD CITY,2151,0.2,2.5512866556637808,5,False,catchment
pge,OAKLAND I,2154,1.0,4.538265150135723,1,False,catchment
pge,HAYWARD O,2155,0.5,2.1875431986712313,2,False,catchment
pge,ESTUDILLO,2156,1.0,1.333566606699973,1,False,catchment
pge,RESEARCH,2160,0.5,0.04244638681369375,2,False,catchment
pge,HERDLYN,2161,0.043478260869565216,5.450521469350923,23,False,catchment
pge,HERDLYN,2162,0.043478260869565216,7.567654635613737,23,False,catchment
pge,CAYETANO,2163,0.3333333333333333,3.3329865782328643,3,False,catchment
pge,FREMONT,2164,1.0,3.612155278589504,1,False,catchment
pge,LAMMERS,2165,0.0625,9.500936278957353,16,False,catchment
pge,EAST STOCKTON,2166,0.25,1.0324587949055148,4,False,catchment
pge,EAST STOCKTON,2167,0.25,0.877617605318237,4,False,catchment
pge,STOCKTON A,2168,0.3333333333333333,1.1665905701884876,3,False,catchment
pge,WEBER,2169,0.16666666666666666,2.419668039071716,6,False,catchment
pge,VIERRA,2170,0.125,1.6464145542459399,8,False,catchment
pge,STELLING,2171,0.14285714285714285,4.957589063024209,7,False,catchment
pge,FMC,2172,0.25,2.72026209303919,4,False,catchment
pge,SANTA NELLA,2173,0.09090909090909091,4.920156549751111,11,False,catchment
pge,ARANA,2175,0.3333333333333333,1.2524501845620999,3,False,catchment
pge,PAUL SWEET,2176,0.25,2.379636487808286,4,False,catchment
pge,ARANA,2177,0.3333333333333333,2.6241256302652234,3,False,catchment
pge,PAUL SWEET,2178,0.25,2.829720801692476,4,False,catchment
pge,ROB ROY,2179,0.3333333333333333,4.32278440540034,3,False,catchment
pge,ROB ROY,2180,0.3333333333333333,2.45368835873208,3,False,catchment
pge,VIEJO,2182,0.3333333333333333,3.4479386582397287,3,False,catchment
pge,HATTON,2183,0.5,2.016136772024125,2,False,catchment
pge,PINEDALE,2184,0.5,3.785779585710857,2,False,catchment
pge,KEARNEY,2187,0.2,0.34694286524260814,5,False,catchment
pge,WEST FRESNO,2188,0.5,2.524957010547619,2,False,catchment
pge,COALINGA NO 2,2189,0.14285714285714285,4.75549270559842,7,False,catchment
pge,COALINGA NO 1,2190,0.2,8.276275109074202,5,False,catchment
pge,LEMOORE,2191,0.25,1.6428612525520363,4,False,catchment
pge,LEMOORE,2192,0.25,0.6813196707080058,4,False,catchment
pge,LEMOORE,2193,0.25,0.9027118514979589,4,False,catchment
sce,Hanford,2194,0.3333333333333333,3.7875723319076853,3,False,catchment
pge,NORCO,2195,0.5,0.3436437436221659,2,False,catchment
pge,COLUMBUS,2196,0.2,3.2895407268287826,5,False,catchment
pge,MAGUNDEN,2197,0.16666666666666666,0.429636727282545,6,False,catchment
pge,ROSEDALE,2198,0.5,0.051508152143694474,2,False,catchment
pge,COPUS,2199,0.3333333333333333,2.6209812330015025,3,False,catchment
pge,COPUS,2200,0.3333333333333333,1.9877468423555937,3,False,catchment
pge,WEEDPATCH,2202,0.5,3.129393853669435,2,False,catchment
sce,Northwind,2203,0.07692307692307693,0.03358835074306364,13,False,catchment
sce,Southwind,2204,0.09090909090909091,0.4727542897407232,11,False,catchment
pge,SISQUOC,2206,0.3333333333333333,6.541653704048149,3,False,catchment
pge,CABRILLO,2207,0.25,1.6004725110962483,4,False,catchment
pge,BURNEY,2208,0.2,10.598596729158086,5,False,catchment
sce,Isla Vista,2209,0.25,3.700646947594634,4,False,catchment
sce,Isla Vista,2210,0.25,2.27771105911123,4,False,catchment
sce,Somis,2211,0.5,0.2399268661888623,2,False,catchment
sce,Saugus,2212,0.16666666666666666,2.2065441157398062,6,False,catchment
sce,Newbury,2213,0.5,1.1137290057915101,2,False,catchment
sce,Madrid,2215,0.25,1.8082672928005146,4,False,catchment
sce,Daisy,2216,1.0,1.6831571751922927,1,False,catchment
sce,Pico,2217,0.5,0.6879891665878262,2,False,catchment
sce,Puente,2218,0.5,2.0508809886523105,2,False,catchment
pge,BUCKS CREEK,2220,0.16666666666666666,0.09521931409289823,6,False,catchment
pge,FORESTHILL,2221,0.2,9.274888286894562,5,False,catchment
pge,PLEASANT GROVE,2222,0.05263157894736842,4.665412342356168,19,False,catchment
pge,PLEASANT GROVE,2223,0.05263157894736842,5.876181156520985,19,False,catchment
sce,Ellis,2226,0.2,0.21017909291743356,5,False,catchment
sce,Maxwell,2228,0.2,4.7127634556625715,5,False,catchment
sce,Nelson,2230,0.5,2.9338138927904587,2,False,catchment
sce,Palm Springs 'B',2233,1.0,0.0,1,False,catchment
sce,Eagle Mountain,2235,0.0625,0.30165869535866113,16,False,catchment
pge,CLAY,2237,0.5,12.009250464253087,2,False,catchment
pge,TIDEWATER,2238,0.16666666666666666,1.730924314938985,6,False,catchment
sce,Eric,2240,0.5,2.215247651065689,2,False,catchment
sce,Dalton,2241,0.125,0.9056725726549459,8,False,catchment
pge,RIVERBANK,2244,0.03333333333333333,15.928541186802713,30,False,catchment
pge,HERDLYN,2245,0.043478260869565216,2.5903713968587496,23,False,catchment
sce,Mt. Tom,2247,0.06666666666666667,0.21355449616028024,15,False,catchment
pge,PEORIA,2248,0.14285714285714285,5.462939561318545,7,False,catchment
pge,STILLWATER,2249,0.0625,11.191164295002276,16,False,catchment
pge,KONOCTI,2250,0.125,12.582211095274209,8,False,catchment
pge,RIO BRAVO,2251,0.5,7.98862250303385,2,False,catchment
pge,CONTRA COSTA,2252,0.06666666666666667,7.133253324790518,15,False,catchment
pge,LONE TREE,2253,0.3333333333333333,4.946557731956849,3,False,catchment
pge,SANTA NELLA,2254,0.09090909090909091,3.4329113943602176,11,False,catchment
pge,FRENCH GULCH,2255,0.06666666666666667,24.036252577066403,15,False,catchment
pge,HORSESHOE,2256,0.022727272727272728,10.080779570707058,44,False,catchment
pge,HERDLYN,2257,0.043478260869565216,1.1931086030597653,23,False,catchment
sce,Mountain Pass A,2259,1.0,107.72467857267551,1,False,catchment
sce,Southwind,2264,0.09090909090909091,6.322110096168864,11,False,catchment
sce,Palm Springs 'A',2278,1.0,17.933644843395548,1,False,catchment
sce,Seabright,2282,0.5,1.0887166147351635,2,False,catchment
sce,Genamic,2283,0.3333333333333333,1.961217496167282,3,False,catchment
sce,Crater,2284,0.5,2.853894077468588,2,False,catchment
sce,Macarthur,2286,0.5,1.4974474470874022,2,False,catchment
sce,Tulare,2287,0.3333333333333333,1.3288044659222635,3,False,catchment
sce,Windsor Hills,2288,0.14285714285714285,1.3830788290481495,7,False,catchment
pge,AMES,2289,0.25,0.06491447783816523,4,False,catchment
pge,BRITTON,2290,0.14285714285714285,0.9320351631168496,7,False,catchment
pge,TIDEWATER,2292,0.16666666666666666,3.7081224934807473,6,False,catchment
pge,CORCORAN,2293,0.2,4.736184415375464,5,False,catchment
pge,COLONY,2294,0.07692307692307693,13.923069663230422,13,False,catchment
pge,TULARE LAKE,2295,0.5,1.2808805605298148,2,False,catchment
pge,COTTONWOOD,2296,0.16666666666666666,10.69589681545499,6,False,catchment
pge,WEBER,2297,0.16666666666666666,1.645064341072322,6,False,catchment
pge,JACINTO,2298,0.3333333333333333,3.3453833812027867,3,False,catchment
pge,TRACY,2299,0.125,0.8779008565962481,8,False,catchment
pge,RIVER OAKS,2300,0.25,1.709847929513954,4,False,catchment
pge,WYANDOTTE,2301,0.1111111111111111,2.6557496219252137,9,False,catchment
pge,ROUGH AND READY ISLA,2302,0.5,1.1163106302571244,2,False,catchment
pge,MARIPOSA,2303,1.0,10.094161522252998,1,False,catchment
pge,CLARKSVILLE,2304,0.03333333333333333,1.3477734909848929,30,False,catchment
pge,HERDLYN,2305,0.043478260869565216,5.570556207103138,23,False,catchment
pge,CHALLENGE,2306,0.5,12.447912778484692,2,False,catchment
sdge,EL CAJON,2307,1.0,3.9693223173362684,1,False,catchment
pge,PIT NO 5,2308,0.037037037037037035,34.663561863763206,27,False,catchment
sce,Universal,2309,0.037037037037037035,4.7602679742524385,27,False,catchment
sce,Universal,2310,0.037037037037037035,5.08601104850663,27,False,catchment
sce,Mt. Tom,2312,0.06666666666666667,2.126314089050003,15,False,catchment
sce,Three Rivers,2313,0.25,2.9493542663034327,4,False,catchment
sce,Neenach,2314,0.3333333333333333,11.15186618388565,3,False,catchment
sce,Ritter Ranch,2316,1.0,3.244632619518517,1,False,catchment
pge,SALT SPRINGS,2317,0.5,3.1541164890059314,2,False,catchment
pge,ALPINE,2318,1.0,24.65169790661519,1,False,catchment
pge,HARDING,2319,0.5,0.8473464745563786,2,False,catchment
pge,ROUGH AND READY ISLA,2320,0.5,0.0546207395427707,2,False,catchment
pge,TARAVAL,2322,1.0,9.36453416117716,1,False,catchment
pge,6TH AVENUE,2323,1.0,5.500156119489801,1,False,catchment
pge,OCEAN,2324,1.0,3.9656236707255887,1,False,catchment
sce,Eagle Mountain,2325,0.0625,63.34764347163715,16,False,catchment
pge,WELLFIELD,2326,0.5,4.756964455062606,2,False,catchment
sce,Coso,2327,0.16666666666666666,1.3392477939546312,6,False,catchment
pge,WESTLEY,2328,0.09090909090909091,19.041189951262588,11,False,catchment
sce,Fogarty,2329,1.0,0.17624784229834867,1,False,catchment
pge,SUMMIT,2330,0.04,21.652170210987336,25,False,catchment
pge,SUMMIT,2331,0.04,40.65626934346975,25,False,catchment
sce,Eagle Mountain,2332,0.0625,71.56198835617093,16,False,catchment
sce,Rubidoux,2333,0.14285714285714285,6.187228618251896,7,False,catchment
sce,Rubidoux,2334,0.14285714285714285,8.278570107566306,7,False,catchment
pge,MC ARTHUR,2335,0.05555555555555555,26.2175407191077,18,False,catchment
pge,CARLOTTA,2336,1.0,1.6805370202689127,1,False,catchment
pge,CRESCENT MILLS,2337,0.08333333333333333,62.81299780655193,12,False,catchment
pge,CHESTER,2338,0.3333333333333333,1.566053645196104,3,False,catchment
pge,HORSESHOE,2339,0.022727272727272728,14.268077357652409,44,False,catchment
pge,DEEPWATER,2340,0.014705882352941176,20.485900475498184,68,False,catchment
pge,WEST SACRAMENTO,2341,0.010101010101010102,14.759576008747024,99,False,catchment
pge,NEW HOPE,2342,0.06666666666666667,19.388438872541922,15,False,catchment
pge,DEEPWATER,2343,0.014705882352941176,20.424367851619785,68,False,catchment
pge,DEEPWATER,2344,0.014705882352941176,17.36130651795221,68,False,catchment
pge,CLARKSVILLE,2345,0.03333333333333333,4.115282561274108,30,False,catchment
pge,DEEPWATER,2346,0.014705882352941176,16.51392928369513,68,False,catchment
pge,DEEPWATER,2347,0.014705882352941176,17.21664173383965,68,False,catchment
pge,HORSESHOE,2348,0.022727272727272728,12.087389021822059,44,False,catchment
pge,CLARKSVILLE,2349,0.03333333333333333,15.341905196621388,30,False,catchment
pge,WEST SACRAMENTO,2350,0.010101010101010102,5.70374289134076,99,False,catchment
pge,NEW HOPE,2351,0.06666666666666667,19.866861900508244,15,False,catchment
pge,WEST SACRAMENTO,2352,0.010101010101010102,10.886216371301193,99,False,catchment
pge,DEEPWATER,2353,0.014705882352941176,14.674097782396165,68,False,catchment
pge,NEW HOPE,2354,0.06666666666666667,22.977200956329998,15,False,catchment
pge,CLARKSVILLE,2355,0.03333333333333333,5.075468329190841,30,False,catchment
pge,HORSESHOE,2356,0.022727272727272728,6.404182869371606,44,False,catchment
pge,DEEPWATER,2357,0.014705882352941176,21.92200029911384,68,False,catchment
pge,SUMMIT,2358,0.04,8.415072830895618,25,False,catchment
sce,Mayberry,2359,0.5,17.827987307161862,2,False,catchment
sce,Pauba,2360,0.5,23.871216373807258,2,False,catchment
sce,Barre,2362,0.3333333333333333,1.0541854732816702,3,False,catchment
sce,Canyon,2363,0.3333333333333333,0.8118020810329994,3,False,catchment
sce,Canyon,2364,0.3333333333333333,2.5104646096153886,3,False,catchment
sce,Placentia,2365,0.2,2.0742409222310116,5,False,catchment
pge,NORTECH,2366,0.1111111111111111,2.260382352122396,9,False,catchment
pge,WOLFE,2367,0.3333333333333333,2.3285537669921053,3,False,catchment
pge,BRITTON,2368,0.14285714285714285,1.6663604481884042,7,False,catchment
pge,WOLFE,2369,0.3333333333333333,3.776123129104763,3,False,catchment
pge,TRIMBLE,2370,0.06666666666666667,2.6314865748115492,15,False,catchment
pge,TRIMBLE,2371,0.06666666666666667,2.585074610563638,15,False,catchment
pge,LAWRENCE,2372,0.3333333333333333,3.290343552021289,3,False,catchment
pge,TRIMBLE,2373,0.06666666666666667,3.652911171685329,15,False,catchment
pge,TRIMBLE,2374,0.06666666666666667,2.6754330843967296,15,False,catchment
pge,NORTECH,2375,0.1111111111111111,3.3511634114354116,9,False,catchment
pge,NORTECH,2376,0.1111111111111111,2.9664249060902086,9,False,catchment
pge,BRITTON,2377,0.14285714285714285,3.741288394667812,7,False,catchment
pge,TRIMBLE,2378,0.06666666666666667,2.297479517193283,15,False,catchment
sce,Blythe (Walc),2379,0.125,13.058440444667772,8,False,catchment
sce,Fruitland,2380,0.07692307692307693,1.045267713780406,13,False,catchment
sce,Fruitland,2381,0.07692307692307693,0.9655060935740953,13,False,catchment
sce,Calectric,2382,0.5,1.1528714629812014,2,False,catchment
sce,George A.f.b.,2383,0.3333333333333333,1.1548891523973608,3,False,catchment
pge,SANGER,2384,0.25,5.721373961775393,4,False,catchment
sce,Goldhill,2385,0.14285714285714285,4.053029199214616,7,False,catchment
sce,Goldhill,2386,0.14285714285714285,6.0171734498544,7,False,catchment
sce,Goldhill,2387,0.14285714285714285,4.330506593615236,7,False,catchment
sce,Goldhill,2388,0.14285714285714285,5.034683883108973,7,False,catchment
sce,Converse Flats,2389,0.125,6.032098106639532,8,False,catchment
sce,Converse Flats,2390,0.125,5.762107615502395,8,False,catchment
sce,Goldhill,2391,0.14285714285714285,6.264884432887893,7,False,catchment
sce,Goldhill,2392,0.14285714285714285,7.310711144596369,7,False,catchment
sce,Converse Flats,2393,0.125,6.831400043023549,8,False,catchment
sce,Converse Flats,2394,0.125,6.420552677417268,8,False,catchment
sce,Converse Flats,2395,0.125,5.1569695802877655,8,False,catchment
sce,Converse Flats,2396,0.125,5.8495776142007925,8,False,catchment
sce,Converse Flats,2397,0.125,5.1743482698053445,8,False,catchment
sce,Monolith,2399,0.3333333333333333,15.207780123721905,3,False,catchment
pge,PITTSBURG,2400,0.047619047619047616,10.966306577686794,21,False,catchment
sce,Stadium,2401,0.16666666666666666,0.7942854707885482,6,False,catchment
pge,CORCORAN,2402,0.2,3.6529573560037036,5,False,catchment
pge,UKIAH,2403,0.5,0.6217665396692551,2,False,catchment
sce,Coffee,2404,0.3333333333333333,0.07609606360086908,3,False,catchment
sce,Eagle Mountain,2405,0.0625,68.34751128309863,16,False,catchment
sce,Cabazon,2406,0.3333333333333333,5.9856512581444505,3,False,catchment
sce,Garnet,2407,0.3333333333333333,1.091320170969319,3,False,catchment
pge,TRIMBLE,2409,0.06666666666666667,2.595937163506848,15,False,catchment
pge,INDIAN FLAT,2479,0.25,25.557919299919394,4,False,catchment
pge,INDIAN FLAT,2480,0.25,25.541666285187034,4,False,catchment
pge,CURTIS,2481,0.2,18.426045950399697,5,False,catchment
pge,RIPON,2482,0.05263157894736842,13.1614891269657,19,False,catchment
pge,RIPON,2483,0.05263157894736842,13.166401681342858,19,False,catchment
pge,RIPON,2484,0.05263157894736842,13.132196557249932,19,False,catchment
sce,Bridgeport,2485,1.0,73.6175539155377,1,False,catchment
pge,WESTLEY,2488,0.09090909090909091,13.920557225685727,11,False,catchment
sdge,BOULEVARD EAST,2496,0.018867924528301886,69.29297098339025,53,False,catchment
sce,Indian Wells,2501,0.05555555555555555,32.53835559400285,18,False,catchment
sce,Verdant,2502,0.041666666666666664,77.58514960107912,24,False,catchment
sce,Indian Wells,2510,0.05555555555555555,9.853789482002131,18,False,catchment
sce,Indian Wells,2512,0.05555555555555555,12.657419025610123,18,False,catchment
sce,Indian Wells,2513,0.05555555555555555,12.655223579399726,18,False,catchment
sce,Concho,2514,0.1,9.670266425478273,10,False,catchment
sdge,BOULEVARD EAST,2558,0.018867924528301886,69.11164362948936,53,False,catchment
sdge,BOULEVARD EAST,2574,0.018867924528301886,59.952916422816,53,False,catchment
sce,Verdant,2587,0.041666666666666664,85.10254750292559,24,False,catchment
sdge,BOULEVARD EAST,2624,0.018867924528301886,52.28769548344206,53,False,catchment
sce,Elizabeth Lake,2637,0.25,11.409374176570163,4,False,catchment
sce,Solemint,2644,0.5,15.540285612593246,2,False,catchment
sce,Morningside,2651,0.25,2.333581334362364,4,False,catchment
sce,Cal City 'A',2661,1.0,13.606735796571712,1,False,catchment
sce,Morningside,2664,0.25,2.2798511440919964,4,False,catchment
sce,Morningside,2665,0.25,2.2756497115332666,4,False,catchment
sce,Morningside,2666,0.25,2.3276929178070227,4,False,catchment
sce,Haskell,2669,0.25,5.975390803783738,4,False,catchment
pge,COTTLE,2680,0.06666666666666667,14.755898531337994,15,False,catchment
pge,RIVERBANK,2682,0.03333333333333333,13.23776665695606,30,False,catchment
pge,RIVERBANK,2687,0.03333333333333333,10.796757389409265,30,False,catchment
pge,RIVERBANK,2689,0.03333333333333333,10.787471663886711,30,False,catchment
pge,COTTLE,2730,0.06666666666666667,17.199232289724208,15,False,catchment
pge,LIVINGSTON,2731,0.0625,4.832303388543958,16,False,catchment
pge,SUMMIT,2752,0.04,40.789889189428195,25,False,catchment
pge,PIT NO 5,2761,0.037037037037037035,115.58517303523853,27,False,catchment
pge,ANTLER,2779,0.045454545454545456,32.39016232119723,22,False,catchment
pge,PIT NO 5,2785,0.037037037037037035,114.35374859021066,27,False,catchment
pge,PIT NO 5,2788,0.037037037037037035,115.57512564375689,27,False,catchment
pge,PIT NO 5,2789,0.037037037037037035,115.5798637264928,27,False,catchment
pge,HIGHLANDS,2804,0.2,3.0221371848916765,5,False,catchment
pge,LAMONT,2807,1.0,0.023087698121420294,1,False,catchment
pge,REEDLEY,2809,0.25,0.09009971938609014,4,False,catchment
pge,SAN JOAQUIN,2811,0.2,3.254846218125042,5,False,catchment
pge,BALCH NO 1,2812,1.0,6.891051938116578,1,False,catchment
pge,WEST FRESNO,2817,0.5,0.01269355932468498,2,False,catchment
pge,SANTA MARIA,2818,0.3333333333333333,0.05429454789904457,3,False,catchment
pge,SANTA MARIA,2821,0.3333333333333333,0.02357844249333454,3,False,catchment
pge,SAN JOAQUIN,2822,0.2,3.2113129385215635,5,False,catchment
pge,MENDOTA,2825,0.2,0.048169902583256895,5,False,catchment
pge,HAMMONDS,2831,0.2,0.07973249956923956,5,False,catchment
pge,HAMMONDS,2832,0.2,0.06764462564707763,5,False,catchment
pge,MENDOTA,2833,0.2,0.008605994075254267,5,False,catchment
pge,FOOTHILL,2836,0.25,15.830748909812943,4,False,catchment
pge,STANISLAUS,2844,0.2,0.20550699912426523,5,False,catchment
pge,DEEPWATER,2853,0.014705882352941176,14.426402712408862,68,False,catchment
pge,GRAND ISLAND,2854,0.5,0.03577804064252282,2,False,catchment
pge,GOOSE LAKE,2865,0.16666666666666666,0.02585828146131708,6,False,catchment
pge,GOOSE LAKE,2870,0.16666666666666666,0.013146045557548246,6,False,catchment
pge,CAL WATER,2878,0.2,2.4037561650809214,5,False,catchment
pge,BAKERSFIELD,2879,0.5,0.14450976527448361,2,False,catchment
pge,NEWARK 21KV,2884,0.5,1.4516246743583257,2,False,catchment
pge,WOODWARD,2892,0.5,0.024637038775401403,2,False,catchment
pge,COPPERMINE,2894,0.5,0.06934704443388207,2,False,catchment
pge,WILSON,2896,0.125,0.035655661264516546,8,False,catchment
pge,WILSON,2898,0.125,0.144008299328569,8,False,catchment
pge,WILSON,2899,0.125,0.24005185542574883,8,False,catchment
pge,WILSON,2900,0.125,0.29711966782959237,8,False,catchment
pge,STOREY,2904,0.5,0.012265698184510726,2,False,catchment
pge,STOREY,2905,0.5,0.02883782755759991,2,False,catchment
pge,WILSON,2906,0.125,0.0919236083413236,8,False,catchment
pge,STOCKDALE,2907,0.25,0.13697028527688795,4,False,catchment
pge,KERN OIL,2911,0.05,0.03316424417007602,20,False,catchment
pge,LERDO,2913,0.25,8.063510313089488,4,False,catchment
pge,LERDO,2915,0.25,0.02365401392942462,4,False,catchment
pge,KERN OIL,2916,0.05,4.885908572467467,20,False,catchment
pge,WILSON,2918,0.125,0.053933980221806725,8,False,catchment
pge,EL NIDO,2919,0.25,0.018797677582194677,4,False,catchment
pge,STANISLAUS,2922,0.2,1.1494948814635135,5,False,catchment
pge,IONE,2923,0.14285714285714285,14.899369988843077,7,False,catchment
pge,SPAULDING,2938,0.5,0.10536569103326197,2,False,catchment
pge,REEDLEY,2943,0.25,0.11611956535339797,4,False,catchment
pge,MALAGA,2947,0.14285714285714285,0.03932273451752533,7,False,catchment
pge,MALAGA,2948,0.14285714285714285,0.07218467712743479,7,False,catchment
pge,PLEASANT GROVE,2951,0.05263157894736842,6.8548000430573826,19,False,catchment
pge,CLARKSVILLE,2961,0.03333333333333333,14.341108855943268,30,False,catchment
pge,HIGGINS,2963,0.5,0.04823851178558318,2,False,catchment
pge,MIDDLETOWN,2973,0.09090909090909091,13.085335156943415,11,False,catchment
pge,MIDDLETOWN,2974,0.09090909090909091,10.74541867700164,11,False,catchment
pge,WINDSOR,2976,1.0,24.924058867317182,1,False,catchment
pge,MIDDLETOWN,2978,0.09090909090909091,12.510273996964669,11,False,catchment
pge,MIDDLETOWN,2980,0.09090909090909091,12.303347101834355,11,False,catchment
pge,CLOVERDALE,2982,0.3333333333333333,0.0493014415668161,3,False,catchment
pge,CLOVERDALE,2985,0.3333333333333333,0.04950380729240813,3,False,catchment
pge,BROWNS VALLEY,2987,0.3333333333333333,7.948453896975829,3,False,catchment
pge,BIG BEND,2988,0.16666666666666666,5.4793088173098585,6,False,catchment
pge,BUTTE,2990,0.2,0.05881164516732706,5,False,catchment
pge,HONCUT,2993,1.0,0.02322652089721816,1,False,catchment
pge,OROVILLE,2997,0.25,5.1914551063300465,4,False,catchment
pge,BUTTE,2999,0.2,0.00886496647314932,5,False,catchment
pge,CLARKSVILLE,3000,0.03333333333333333,0.09161810639337704,30,False,catchment
pge,CLARKSVILLE,3001,0.03333333333333333,1.1514595098328817,30,False,catchment
pge,WOODLAND,3006,0.3333333333333333,0.10057942001592486,3,False,catchment
pge,BOGUE,3009,1.0,0.05730923334712151,1,False,catchment
pge,CALPELLA,3012,0.5,0.04399519256097303,2,False,catchment
pge,SONOMA,3013,0.5,0.016220205064871655,2,False,catchment
pge,SONOMA,3014,0.5,0.036094909752471274,2,False,catchment
pge,BELLEVUE,3016,0.25,0.025251960977865865,4,False,catchment
pge,BELLEVUE,3017,0.25,0.028699957936762433,4,False,catchment
pge,CLOVERDALE,3019,0.3333333333333333,11.966831356903564,3,False,catchment
pge,MENDOCINO,3023,0.125,0.17586186167172008,8,False,catchment
pge,HIGHLANDS,3026,0.2,0.03197954189857464,5,False,catchment
pge,HIGHLANDS,3027,0.2,0.03396776936732687,5,False,catchment
pge,HIGHLANDS,3028,0.2,0.019107578774105596,5,False,catchment
pge,HIGHLANDS,3029,0.2,3.032398682306068,5,False,catchment
pge,KANAKA,3032,0.5,0.014201694852863319,2,False,catchment
pge,EVERGREEN,3049,1.0,0.10442395505802177,1,False,catchment
pge,HOLLISTER,3056,1.0,0.02550610777035071,1,False,catchment
pge,LAWRENCE,3083,0.3333333333333333,0.0014983442880531798,3,False,catchment
pge,WILLOW PASS,3127,0.25,0.05036288517583903,4,False,catchment
pge,KIRKER,3131,0.3333333333333333,4.190087691874482,3,False,catchment
pge,VALLEY VIEW,3144,0.5,0.05963744023460703,2,False,catchment
pge,VALLEY VIEW,3146,0.5,0.05335884732807729,2,False,catchment
pge,SAN CARLOS,3150,1.0,0.07563537755612519,1,False,catchment
pge,DAVIS,3183,0.2,0.03393752383922156,5,False,catchment
pge,CARQUINEZ,3191,1.0,0.024643283228879796,1,False,catchment
pge,LOW GAP,3210,0.14285714285714285,23.77972421972141,7,False,catchment
pge,BIG BEND,3211,0.16666666666666666,0.05119495400409563,6,False,catchment
pge,CHICO C,3212,1.0,3.1326448264029785,1,False,catchment
pge,MIDDLETOWN,3218,0.09090909090909091,13.557649070892253,11,False,catchment
pge,MIDDLETOWN,3219,0.09090909090909091,10.596312687869743,11,False,catchment
pge,MIDDLETOWN,3220,0.09090909090909091,7.392873584109287,11,False,catchment
pge,RIPON,3226,0.05263157894736842,3.8322617115933286,19,False,catchment
pge,COLUMBUS,3237,0.2,0.026742839585022195,5,False,catchment
pge,KERN OIL,3240,0.05,0.060735391244129376,20,False,catchment
pge,DEEPWATER,3241,0.014705882352941176,0.02515780107433133,68,False,catchment
pge,HORSESHOE,3244,0.022727272727272728,6.9967254848838465,44,False,catchment
pge,SHINGLE SPRINGS,3247,0.25,0.03684503485812467,4,False,catchment
pge,HORSESHOE,3250,0.022727272727272728,6.808665530413068,44,False,catchment
pge,TRES VIAS,3252,0.16666666666666666,5.627328212271807,6,False,catchment
pge,BIG BEND,3256,0.16666666666666666,0.04146438273920873,6,False,catchment
pge,CEDAR CREEK,3259,0.2,1.3899413747258844,5,False,catchment
pge,BELMONT,3271,1.0,0.07516827073964831,1,False,catchment
pge,HURON,3276,0.5,0.01454409401427926,2,False,catchment
pge,CHOWCHILLA,3278,0.5,0.008509262408174447,2,False,catchment
pge,MANCHESTER,3282,0.5,0.012601962126567195,2,False,catchment
pge,MANCHESTER,3283,0.5,0.042885393264893525,2,False,catchment
pge,SUNOL,3287,0.3333333333333333,2.5004883904462796,3,False,catchment
pge,STOCKDALE,3313,0.25,0.04755657792277758,4,False,catchment
pge,STOCKDALE,3314,0.25,0.04713421978007133,4,False,catchment
pge,PEASE,3319,0.5,0.03304833119061982,2,False,catchment
pge,OLIVEHURST,3324,0.5,0.03872157044209931,2,False,catchment
pge,OLIVEHURST,3325,0.5,0.030018102682894017,2,False,catchment
pge,CORDELIA,3372,0.5,0.06819696032122403,2,False,catchment
pge,WILSON,3375,0.125,0.23438962870460214,8,False,catchment
pge,FIGARDEN,3377,0.16666666666666666,5.810463223459332,6,False,catchment
pge,KEARNEY,3386,0.2,0.3221042787174931,5,False,catchment
pge,KEARNEY,3387,0.2,0.3344803508481131,5,False,catchment
pge,ASHLAN AVE,3388,0.5,0.0556068987853459,2,False,catchment
pge,ASHLAN AVE,3389,0.5,0.04695243175031916,2,False,catchment
pge,CLOVIS,3394,1.0,0.007316558048466816,1,False,catchment
pge,CRESTA PH,3432,1.0,12.549276373355433,1,False,catchment
pge,BIG BEND,3443,0.16666666666666666,0.04696021213603321,6,False,catchment
pge,BIG BEND,3445,0.16666666666666666,0.03338434022808896,6,False,catchment
pge,HIGGINS,3447,0.5,0.03332490871453067,2,False,catchment
pge,EAST NICOLAUS,3454,0.14285714285714285,1.6923759673404415,7,False,catchment
pge,PLACERVILLE,3460,0.2,0.029370980760009588,5,False,catchment
pge,TRES PINOS,3483,1.0,11.643784812560488,1,False,catchment
pge,WILLOW CREEK,3497,0.5,0.009053291119731771,2,False,catchment
pge,BRIDGEVILLE,3499,0.5,0.03711480456808779,2,False,catchment
pge,EEL RIVER,3508,1.0,0.04543784226193072,1,False,catchment
pge,WHITMORE,3512,0.16666666666666666,9.433588085994892,6,False,catchment
pge,WHITMORE,3513,0.16666666666666666,6.452462596948317,6,False,catchment
pge,LAKEVIEW,3541,0.3333333333333333,1.8669878404521802,3,False,catchment
pge,FELLOWS,3553,0.08333333333333333,4.250991323935893,12,False,catchment
pge,MENDOCINO,3558,0.125,0.16751776767036175,8,False,catchment
pge,WILLITS,3561,0.5,1.912648346425904,2,False,catchment
pge,MENDOCINO,3563,0.125,0.10482939949768282,8,False,catchment
pge,MENDOCINO,3564,0.125,0.1065658137805454,8,False,catchment
pge,MENDOCINO,3566,0.125,0.1709012204063514,8,False,catchment
pge,MENDOCINO,3567,0.125,0.17147966039206095,8,False,catchment
pge,BUTTE,3585,0.2,0.04046627334532163,5,False,catchment
pge,BUTTE,3587,0.2,0.03509225061015246,5,False,catchment
pge,PARADISE,3591,0.3333333333333333,4.537578255367818,3,False,catchment
pge,ORO FINO,3594,1.0,1.8196953214256084,1,False,catchment
pge,PARADISE,3596,0.3333333333333333,4.566899685764908,3,False,catchment
pge,OROVILLE,3601,0.25,1.357974425201446,4,False,catchment
pge,BIG BEND,3603,0.16666666666666666,7.211338052187807,6,False,catchment
pge,WILKINS SLOUGH,3628,1.0,0.07349634393591178,1,False,catchment
pge,SMARTVILLE,3635,0.2,0.08819031479123164,5,False,catchment
pge,SMARTVILLE,3636,0.2,0.06418875721914616,5,False,catchment
pge,SMARTVILLE,3637,0.2,0.054410675643022634,5,False,catchment
pge,SHADY GLEN,3647,0.3333333333333333,2.1154321239219813,3,False,catchment
pge,FORESTHILL,3652,0.2,7.342666713038012,5,False,catchment
pge,SMARTVILLE,3659,0.2,0.09414659259130408,5,False,catchment
pge,MONROE,3674,1.0,3.8577002959786846,1,False,catchment
pge,COTATI,3675,0.5,1.6731813289435449,2,False,catchment
pge,BELLEVUE,3678,0.25,5.0693550945920265,4,False,catchment
pge,PEABODY,3704,0.1111111111111111,2.7217370731120387,9,False,catchment
pge,DIXON,3709,0.25,4.298356222732027,4,False,catchment
pge,PLAINFIELD,3717,1.0,0.13468549137706343,1,False,catchment
pge,WOODLAND,3718,0.3333333333333333,0.1574333498634631,3,False,catchment
pge,SUISUN,3721,0.5,0.31543310224073073,2,False,catchment
pge,EAST NICOLAUS,3731,0.14285714285714285,0.09478092635227926,7,False,catchment
pge,WHEATLAND,3738,0.25,9.654061216957372,4,False,catchment
pge,PLEASANT GROVE,3741,0.05263157894736842,1.2509750201788574,19,False,catchment
pge,PLEASANT GROVE,3742,0.05263157894736842,7.285126306966876,19,False,catchment
pge,PLACER,3752,0.2,1.5900667295209305,5,False,catchment
pge,PLACERVILLE,3753,0.2,5.219135624145047,5,False,catchment
pge,APPLE HILL,3754,1.0,10.04293617542815,1,False,catchment
pge,PENRYN,3757,0.3333333333333333,6.452869294531548,3,False,catchment
pge,CLARKSVILLE,3762,0.03333333333333333,1.1546392529132363,30,False,catchment
pge,CORRAL,3775,0.5,11.057193140750897,2,False,catchment
pge,IONE,3779,0.14285714285714285,0.8302097128901802,7,False,catchment
pge,CURTIS,3801,0.2,6.508656848945309,5,False,catchment
pge,CURTIS,3802,0.2,0.8839656774075704,5,False,catchment
pge,RIPON,3873,0.05263157894736842,7.045168759929677,19,False,catchment
pge,RIPON,3879,0.05263157894736842,3.828280401235433,19,False,catchment
pge,RANDOLPH,3899,1.0,7.826174678451704,1,False,catchment
pge,FRANKLIN,3930,0.1111111111111111,2.0198660424018953,9,False,catchment
pge,FAIRVIEW,3936,0.14285714285714285,1.96226874792528,7,False,catchment
pge,VASCO,3977,0.1111111111111111,6.945502243836591,9,False,catchment
pge,MERCED FALLS,4028,0.125,8.487427016060833,8,False,catchment
pge,MERCED FALLS,4030,0.125,1.7735059859976068,8,False,catchment
pge,MERCED FALLS,4032,0.125,11.254920334149675,8,False,catchment
pge,EL CAPITAN,4033,0.5,13.228932772617702,2,False,catchment
pge,ATWATER,4037,0.25,1.2770744355914696,4,False,catchment
pge,SHEPHERD,4072,1.0,13.922272039667227,1,False,catchment
pge,MENDOTA,4074,0.2,9.148732006983643,5,False,catchment
pge,SAND CREEK,4100,1.0,0.11057162578518015,1,False,catchment
pge,GIFFEN,4103,0.25,0.08925065211354577,4,False,catchment
pge,STROUD,4110,0.3333333333333333,2.1514863489361127,3,False,catchment
pge,GATES,4127,0.2,2.674860315750306,5,False,catchment
pge,SPENCE,4155,0.3333333333333333,2.315618931861985,3,False,catchment
pge,SOLEDAD,4164,0.2,6.6936755173892095,5,False,catchment
pge,SOLEDAD,4166,0.2,2.1318084307312333,5,False,catchment
pge,LOS OSITOS,4169,1.0,0.039499605466703384,1,False,catchment
pge,KING CITY,4178,0.16666666666666666,0.8730961567199769,6,False,catchment
pge,OILFIELDS,4185,0.25,2.4659278764927555,4,False,catchment
sce,Mascot,4186,0.5,8.05555849320895,2,False,catchment
pge,PURISIMA,4225,0.3333333333333333,2.4666697255343943,3,False,catchment
pge,7TH STANDARD,4261,0.5,4.3395143485525285,2,False,catchment
pge,KERN OIL,4272,0.05,2.264569244325607,20,False,catchment
pge,TEJON,4298,0.1,3.2956991511244556,10,False,catchment
pge,LOGAN CREEK,4320,0.3333333333333333,0.02158423989948111,3,False,catchment
pge,RISING RIVER,4327,0.2,0.49772886256332716,5,False,catchment
pge,FORT SEWARD,4328,0.3333333333333333,15.262090248549216,3,False,catchment
pge,VOLTA,4329,0.3333333333333333,10.519948453234239,3,False,catchment
pge,HAMILTON BRANCH,4330,0.08333333333333333,0.13688712259067537,12,False,catchment
pge,RIO DELL,4333,0.3333333333333333,1.665432317026623,3,False,catchment
pge,PANORAMA,4334,0.3333333333333333,0.23678255424879596,3,False,catchment
pge,GRAYS FLAT,4336,0.16666666666666666,10.29698910009146,6,False,catchment
pge,BUCKS CREEK,4338,0.16666666666666666,9.09613344927177,6,False,catchment
pge,CLARK ROAD,4340,0.5,6.294046902213969,2,False,catchment
pge,BUCKS CREEK,4341,0.16666666666666666,1.7356566709436652,6,False,catchment
pge,BUCKS CREEK,4343,0.16666666666666666,1.7458816363696275,6,False,catchment
pge,WYANDOTTE,4347,0.1111111111111111,6.166749107627615,9,False,catchment
pge,KANAKA,4348,0.5,3.5480808179220844,2,False,catchment
pge,MENDOCINO,4351,0.125,13.39133383619729,8,False,catchment
pge,MAXWELL,4354,0.25,13.648347928445263,4,False,catchment
pge,WILLIAMS,4357,0.5,6.5868028811477215,2,False,catchment
pge,DOBBINS,4365,0.2,1.1611176358866933,5,False,catchment
pge,DOBBINS,4367,0.2,1.156885180082275,5,False,catchment
pge,WHEATLAND,4369,0.25,8.166541395126085,4,False,catchment
pge,SPAULDING,4371,0.5,1.4993439708258651,2,False,catchment
pge,GRASS VALLEY,4374,1.0,15.062576640468084,1,False,catchment
pge,KONOCTI,4376,0.125,11.124920691002217,8,False,catchment
pge,KONOCTI,4379,0.125,12.838469049073879,8,False,catchment
pge,DAVIS,4380,0.2,6.943130977062429,5,False,catchment
pge,PLEASANT GROVE,4381,0.05263157894736842,3.926497678979993,19,False,catchment
pge,PLACER,4384,0.2,0.8803923975097488,5,False,catchment
pge,EL DORADO PH,4390,0.1111111111111111,17.080474401982652,9,False,catchment
pge,BAHIA,4394,0.5,0.9712814639622867,2,False,catchment
pge,FRANKLIN,4395,0.1111111111111111,4.014239896810244,9,False,catchment
pge,NORTH TOWER,4396,0.2,2.2462201847073344,5,False,catchment
pge,FRANKLIN,4398,0.1111111111111111,2.6156216487966724,9,False,catchment
pge,FAIRVIEW,4401,0.14285714285714285,1.185160754625404,7,False,catchment
pge,VACA DIXON,4407,0.125,2.8366695838963265,8,False,catchment
pge,PEABODY,4415,0.1111111111111111,11.4724617364799,9,False,catchment
pge,PITTSBURG,4417,0.047619047619047616,11.000669977343714,21,False,catchment
pge,PITTSBURG,4418,0.047619047619047616,12.806226985780718,21,False,catchment
pge,PITTSBURG,4420,0.047619047619047616,1.7054701677254163,21,False,catchment
pge,CONTRA COSTA,4421,0.06666666666666667,2.863263925825036,15,False,catchment
pge,CONTRA COSTA,4422,0.06666666666666667,3.012124722923136,15,False,catchment
pge,LODI,4425,0.2,3.4823904898419777,5,False,catchment
pge,COLONY,4429,0.07692307692307693,14.270745482938214,13,False,catchment
pge,WEST POINT,4430,0.2,4.388089009670895,5,False,catchment
pge,BROOKSIDE,4435,0.5,3.1879345021107595,2,False,catchment
pge,RICHMOND R,4437,0.14285714285714285,2.5798667774897317,7,False,catchment
pge,BERKELEY T,4451,0.5,0.7273307569065784,2,False,catchment
pge,18TH STREET,4461,1.0,14.502061557579955,1,False,catchment
pge,SILVER,4469,1.0,2.2105019031102717,1,False,catchment
pge,HERDLYN,4498,0.043478260869565216,6.767650428835187,23,False,catchment
pge,LAS POSITAS,4504,0.25,3.1281713869580057,4,False,catchment
pge,VIERRA,4514,0.125,0.9936342739094634,8,False,catchment
pge,LAMMERS,4517,0.0625,1.16263907444679,16,False,catchment
pge,VALLEY HOME,4519,0.5,5.752716890991487,2,False,catchment
pge,PEORIA,4520,0.14285714285714285,3.641833874735099,7,False,catchment
pge,DIXON LANDING,4527,0.25,1.0387486091722093,4,False,catchment
pge,NORTECH,4531,0.1111111111111111,1.5944419492266895,9,False,catchment
pge,EL CAPITAN,4536,0.5,7.3923575049946555,2,False,catchment
pge,PACIFIC GROVE,4551,0.5,1.47322026684793,2,False,catchment
pge,FIREBAUGH,4557,0.2,11.301678826635971,5,False,catchment
pge,SAN JOAQUIN,4559,0.2,6.965270667336973,5,False,catchment
pge,CARUTHERS,4566,0.5,2.307401568217664,2,False,catchment
pge,REEDLEY,4568,0.25,5.3948743531260455,4,False,catchment
pge,COALINGA NO 1,4571,0.2,6.077295368647495,5,False,catchment
pge,GOOSE LAKE,4576,0.16666666666666666,4.07794267959699,6,False,catchment
pge,GOOSE LAKE,4577,0.16666666666666666,7.716600077364708,6,False,catchment
pge,GANSO,4580,0.5,0.03310103509754543,2,False,catchment
pge,POSO MOUNTAIN,4583,0.25,8.40902172336208,4,False,catchment
pge,TEMBLOR,4585,0.1,1.7545856301109992,10,False,catchment
pge,MCKITTRICK,4586,0.14285714285714285,3.706872521074164,7,False,catchment
pge,KERN OIL,4590,0.05,2.7199133123785413,20,False,catchment
pge,KERN OIL,4591,0.05,2.2656129555393125,20,False,catchment
pge,MARICOPA,4597,0.1,4.188238910766811,10,False,catchment
pge,TAFT,4598,0.25,2.4413091253161086,4,False,catchment
pge,FELLOWS,4601,0.08333333333333333,2.7124781397531366,12,False,catchment
pge,FELLOWS,4603,0.08333333333333333,4.158143097049924,12,False,catchment
pge,STOCKDALE,4616,0.25,0.10420313787657562,4,False,catchment
pge,BULLARD,4617,1.0,0.027829733068586555,1,False,catchment
pge,PITTSBURG,4621,0.047619047619047616,16.989592376886563,21,False,catchment
pge,PITTSBURG,4623,0.047619047619047616,17.52089856948865,21,False,catchment
pge,PITTSBURG,4625,0.047619047619047616,16.527241683110518,21,False,catchment
pge,SCHINDLER,4641,0.25,2.8743796321321518,4,False,catchment
pge,EAST STOCKTON,4643,0.25,1.552203176979256,4,False,catchment
pge,BURNEY,4648,0.2,0.05712152879835719,5,False,catchment
pge,WHITMORE,4654,0.16666666666666666,11.042681383503563,6,False,catchment
pge,GIRVAN,4656,0.09090909090909091,5.658001235776379,11,False,catchment
pge,CRESCENT MILLS,4672,0.08333333333333333,43.061333643688,12,False,catchment
pge,OREGON TRAIL,4680,0.08333333333333333,7.101877138822893,12,False,catchment
sce,El Sobrante,4690,0.2,6.385804326746742,5,False,catchment
sce,Maxwell,4694,0.2,7.50597863431417,5,False,catchment
sce,Maxwell,4699,0.2,7.466845557253342,5,False,catchment
sce,El Sobrante,4700,0.2,6.389520102360344,5,False,catchment
sce,Rubidoux,4702,0.14285714285714285,4.8352578527094785,7,False,catchment
sce,Colton,4710,0.07692307692307693,4.458188302568898,13,False,catchment
sce,Valley,4712,0.25,0.1328401941962044,4,False,catchment
sce,Yucca,4716,1.0,0.09123598846374742,1,False,catchment
sce,Tortilla,4734,0.3333333333333333,0.1714303461049306,3,False,catchment
sce,Tortilla,4735,0.3333333333333333,0.18336343001291341,3,False,catchment
sce,Valley,4745,0.25,0.22009793681902848,4,False,catchment
sce,Olinda,4747,0.2,0.2908515828805819,5,False,catchment
sce,Walnut,4748,0.3333333333333333,4.308460012695619,3,False,catchment
sce,Newmark,4756,0.5,0.04015529975710285,2,False,catchment
sce,Garvey,4759,1.0,5.631224958497809,1,False,catchment
sce,Gallatin,4761,0.5,0.0325362552408674,2,False,catchment
sce,Floraday,4762,0.5,1.6592851581591108,2,False,catchment
sce,Del Amo,4772,0.25,1.9154837398513331,4,False,catchment
sce,Haskell,4815,0.25,3.748249326116464,4,False,catchment
sce,Levy,4825,0.1,4.824234969617216,10,False,catchment
sce,Levy,4826,0.1,4.854839282303515,10,False,catchment
sce,Saticoy,4829,0.25,3.3023475018755772,4,False,catchment
sce,Levy,4831,0.1,4.8951227480722554,10,False,catchment
sce,Westfall P.m.,4838,1.0,1.6083175337006022,1,False,catchment
sce,Acton,4845,0.25,13.378491830660378,4,False,catchment
sce,Longdon,4849,0.5,0.5435228922228851,2,False,catchment
sce,Milliken,4856,0.3333333333333333,2.286710435019195,3,False,catchment
sce,Olinda,4874,0.2,0.29995694010552504,5,False,catchment
sce,Tamarisk,4875,0.25,8.286890762496043,4,False,catchment
sce,Dalton,4893,0.125,1.1189131538837804,8,False,catchment
sce,Lark Ellen,4899,0.25,1.4302328469204528,4,False,catchment
sce,Dalton,4902,0.125,3.2255833399361316,8,False,catchment
sce,Mt. Tom,4915,0.06666666666666667,8.755406456635175,15,False,catchment
sce,Rector,4931,0.2,3.6619375790978026,5,False,catchment
sce,Venida,4958,0.5,1.5366333773956273,2,False,catchment
sce,Lemon Cove,4965,0.3333333333333333,3.3822687170013714,3,False,catchment
sce,Three Rivers,4966,0.25,6.228010945383667,4,False,catchment
sce,Boxwood,4968,0.3333333333333333,3.087836390968804,3,False,catchment
sce,Rector,4980,0.2,3.8096079344715625,5,False,catchment
sce,Pixley,4999,0.5,4.007551183251294,2,False,catchment
sce,Gaviota,5019,0.3333333333333333,0.6189211132181828,3,False,catchment
sce,Capitan,5020,1.0,0.5019606086111309,1,False,catchment
sce,Isabella,5039,0.25,6.60799267634103,4,False,catchment
sce,Rosamond,5062,0.5,2.494615335038902,2,False,catchment
sce,Casitas,5071,1.0,5.103242819668428,1,False,catchment
sce,Wakefield,5078,0.5,3.2850910326229723,2,False,catchment
sce,Gonzales,5109,0.3333333333333333,3.7845143784476494,3,False,catchment
sce,Levy,5117,0.1,3.526180054995576,10,False,catchment
sce,Channel Island,5131,0.14285714285714285,3.2658675500556096,7,False,catchment
sce,Channel Island,5134,0.14285714285714285,3.809666653679887,7,False,catchment
sce,Estero,5145,0.25,6.636760765910112,4,False,catchment
sce,Moorpark,5148,0.3333333333333333,3.924245293466657,3,False,catchment
sce,Royal,5152,0.3333333333333333,1.557698914355257,3,False,catchment
sce,Chatsworth,5155,0.14285714285714285,0.9884164787987386,7,False,catchment
sce,Shandin,5178,0.5,3.9783864522514496,2,False,catchment
sce,Redlands,5209,0.3333333333333333,2.313431558338811,3,False,catchment
sce,Yucaipa,5253,0.5,0.17435767019079385,2,False,catchment
sce,Colton,5270,0.07692307692307693,3.2691369205314165,13,False,catchment
sce,Mira Loma,5324,0.25,2.1190372088067946,4,False,catchment
sce,Narod,5333,0.5,0.526944624252121,2,False,catchment
sce,Peyton,5353,0.25,1.9398504289261598,4,False,catchment
sce,Chino,5361,0.16666666666666666,1.7258941844556246,6,False,catchment
sce,Gorman,5369,0.1111111111111111,12.81346481599151,9,False,catchment
sce,Acton,5399,0.25,0.19445158321894931,4,False,catchment
sce,Moreno,5479,0.5,2.7490462665615736,2,False,catchment
sce,Triton,5503,1.0,4.9339881618352965,1,False,catchment
sce,Whitewater,5514,0.2,3.9578932122055916,5,False,catchment
sce,Devers,5519,0.09090909090909091,0.16564129818354012,11,False,catchment
sce,Peyton,5552,0.25,1.5192846658943029,4,False,catchment
sce,Olinda,5554,0.2,1.640280723345094,5,False,catchment
sce,Olinda,5555,0.2,0.6523479066185938,5,False,catchment
sce,Barre,5613,0.3333333333333333,2.4736440913588584,3,False,catchment
sce,Fairview,5660,0.5,0.2034419969474131,2,False,catchment
sce,Lark Ellen,5792,0.25,2.035274981901296,4,False,catchment
sce,Proctor,5830,0.3333333333333333,0.025487709600108887,3,False,catchment
sce,Hedda,5882,1.0,0.005264422968685149,1,False,catchment
sce,Greening,5898,0.5,1.1138232424011998,2,False,catchment
sce,Huntington Park,5954,1.0,0.7885686946576659,1,False,catchment
sce,Duarte,5981,0.5,1.5703830553510782,2,False,catchment
sce,Bradbury,5982,0.5,1.591850077986182,2,False,catchment
sce,Sierra Madre,6000,0.5,0.8304635502630355,2,False,catchment
sce,Eaton,6004,0.3333333333333333,1.1911245821012202,3,False,catchment
sce,Universal,6084,0.037037037037037035,3.0847621893591715,27,False,catchment
sce,La Canada,6110,0.3333333333333333,7.371960529447241,3,False,catchment
sce,Alhambra,6148,0.5,5.281691843255387,2,False,catchment
sce,Sawtelle,6292,0.3333333333333333,3.0218967943745505,3,False,catchment
sce,Movie,6321,0.5,0.4393943507385213,2,False,catchment
sce,Perry,6360,0.5,0.8541217954132675,2,False,catchment
sce,Mt. Tom,6474,0.06666666666666667,7.2403767817092115,15,False,catchment
sce,Porterville,6478,0.25,9.957560298361098,4,False,catchment
sce,Browning,6481,0.3333333333333333,3.1513986872335726,3,False,catchment
sce,Northwind,6483,0.07692307692307693,0.1859533924789217,13,False,catchment
sce,Randsburg,6487,1.0,1.7143890453329766,1,False,catchment
sce,Cantil,6488,0.5,0.34083739991192097,2,False,catchment
sce,Peerless,6489,1.0,11.526998018006903,1,False,catchment
sce,Harper Lake,6491,0.2,1.4616963443979005,5,False,catchment
sce,Harper Lake,6492,0.2,0.5809869833551267,5,False,catchment
sce,Gaviota,6495,0.3333333333333333,6.472618612743619,3,False,catchment
sce,Elizabeth Lake,6497,0.25,2.685238571997712,4,False,catchment
sce,Lancaster,6499,0.3333333333333333,3.691320084710368,3,False,catchment
sce,East Barstow,6501,0.5,1.4856038812241064,2,False,catchment
sce,Oro Grande,6503,0.3333333333333333,0.23201076375949628,3,False,catchment
sce,Victorville,6505,0.16666666666666666,0.8092333025123779,6,False,catchment
sce,Minneola,6507,0.3333333333333333,1.1424500677665121,3,False,catchment
sce,Minneola,6508,0.3333333333333333,0.7473548629032873,3,False,catchment
sce,Modoc,6512,1.0,11.882270649465195,1,False,catchment
sce,San Marcos,6514,1.0,8.213232391334987,1,False,catchment
sce,Colonia,6517,0.5,2.712975675740835,2,False,catchment
sce,Royal,6519,0.3333333333333333,2.3178363370039925,3,False,catchment
sce,Saugus,6521,0.16666666666666666,1.52255529749007,6,False,catchment
sce,San Fernando,6524,0.0625,8.935982389840191,16,False,catchment
sce,Camarillo,6526,0.3333333333333333,2.15003297217675,3,False,catchment
sce,Chatsworth,6530,0.14285714285714285,1.7863266532477262,7,False,catchment
sce,Chatsworth,6531,0.14285714285714285,1.5224023172182253,7,False,catchment
sce,San Fernando,6534,0.0625,8.068481408823086,16,False,catchment
sce,San Fernando,6535,0.0625,6.6632974460698975,16,False,catchment
sce,Universal,6537,0.037037037037037035,8.942155941770586,27,False,catchment
sce,Universal,6539,0.037037037037037035,7.241900664674751,27,False,catchment
sce,Universal,6540,0.037037037037037035,4.772397302006881,27,False,catchment
sce,Ocean Park,6542,1.0,5.101213546603597,1,False,catchment
sce,Fruitland,6545,0.07692307692307693,2.2053495099887064,13,False,catchment
sce,Fruitland,6547,0.07692307692307693,1.3539158004938627,13,False,catchment
sce,Layfair,6549,0.25,0.5331648824473445,4,False,catchment
sce,Trophy,6553,0.25,0.4351848775367969,4,False,catchment
sce,Live Oak,6554,0.3333333333333333,1.8178829986161524,3,False,catchment
sce,Layfair,6556,0.25,1.7836325216406044,4,False,catchment
sce,Layfair,6558,0.25,1.5029317665512674,4,False,catchment
sce,San Antonio,6561,0.3333333333333333,1.213554141372261,3,False,catchment
sce,Euclid,6562,1.0,0.06264334468689393,1,False,catchment
sce,Ontario,6565,0.3333333333333333,0.26333898397024796,3,False,catchment
sce,Milliken,6567,0.3333333333333333,1.1857869267765317,3,False,catchment
sce,Zanja,6569,0.25,1.8648057997813898,4,False,catchment
sce,Inglewood,6572,0.25,0.6721595454165299,4,False,catchment
sce,Sepulveda,6575,0.043478260869565216,2.764500736224608,23,False,catchment
sce,Howard,6576,0.2,1.3831609946065275,5,False,catchment
sce,Naomi,6578,0.5,2.706520660109226,2,False,catchment
sce,La Fresa,6583,0.2,1.8050001424908078,5,False,catchment
sce,Watson,6585,0.1111111111111111,2.2122381771738433,9,False,catchment
sce,Laguna Bell,6589,0.25,1.801076992336466,4,False,catchment
sce,Laguna Bell,6590,0.25,0.38683789155252557,4,False,catchment
sce,Gage,6592,0.3333333333333333,1.0874852805123194,3,False,catchment
sce,Stewart,6594,0.5,2.621822711507653,2,False,catchment
sce,Brewster,6597,0.5,1.9328655430853867,2,False,catchment
sce,Alon,6600,0.16666666666666666,1.6221631171535056,6,False,catchment
sce,Dike,6602,0.058823529411764705,2.583636512260805,17,False,catchment
sce,Dike,6604,0.058823529411764705,1.9805172743605202,17,False,catchment
sce,Passons,6606,0.5,2.0256309195339384,2,False,catchment
sce,Murphy,6608,0.5,1.8975526145352015,2,False,catchment
sce,Watson,6609,0.1111111111111111,2.8756131073117404,9,False,catchment
sce,Watson,6611,0.1111111111111111,1.951073872697085,9,False,catchment
sce,Soquel,6615,0.3333333333333333,2.003336062463081,3,False,catchment
sce,Brea,6619,0.2,1.634420157635719,5,False,catchment
sce,Yorba Linda,6622,0.5,4.90213647046107,2,False,catchment
sce,Perez,6623,0.5,2.0748024109319685,2,False,catchment
sce,Ellis,6628,0.2,1.0066414659868763,5,False,catchment
sce,Las Lomas,6630,1.0,2.65955188062418,1,False,catchment
sce,El Casco,6633,1.0,4.271763210925722,1,False,catchment
sce,Canyon Lake,6635,1.0,13.123901364636307,1,False,catchment
sce,Murrietta 2,6637,1.0,0.04493932476800705,1,False,catchment
sce,Whitewater,6642,0.2,5.83020551621127,5,False,catchment
sce,Indian Wells,6649,0.05555555555555555,0.3231653734571072,18,False,catchment
sce,Ripley,6650,1.0,24.885063803265435,1,False,catchment
sce,Trona,6652,0.3333333333333333,1.2413976816350862,3,False,catchment
sce,Carodean,6656,0.5,0.16816255951231415,2,False,catchment
sce,Nugget,6658,1.0,11.580530333695341,1,False,catchment
sce,Newcomb,6661,1.0,0.03540901681433902,1,False,catchment
sce,Gavilan,6672,1.0,0.023850155588097808,1,False,catchment
sce,Helendale,6675,0.5,8.678427988587448,2,False,catchment
sce,Deep Springs,6693,0.5,16.136155579675254,2,False,catchment
sce,Rubidoux,6699,0.14285714285714285,8.287971266304536,7,False,catchment
sce,Three Rivers,6704,0.25,1.4558505766665533,4,False,catchment
sce,Naples,6708,1.0,2.3189005836505214,1,False,catchment
sce,Soquel,6709,0.3333333333333333,0.09668976009367361,3,False,catchment
sce,Cameron,6711,0.14285714285714285,1.2822977216970992,7,False,catchment
sce,El Sobrante,6713,0.2,1.1028180828173844,5,False,catchment
sce,Live Oak,6716,0.3333333333333333,3.825266751054396,3,False,catchment
sce,Hamilton,6717,0.2,1.7473230447066974,5,False,catchment
sce,Bloomington,6720,0.2,3.9227069323474053,5,False,catchment
sce,Valley,6730,0.25,0.026425984117233254,4,False,catchment
sce,Fruitland,6737,0.07692307692307693,0.006851558549140347,13,False,catchment
sce,Corona,6741,0.3333333333333333,1.440982536362779,3,False,catchment
sce,Santa Ana River 1,6744,0.5,0.8026213758752722,2,False,catchment
sce,Cantil,6750,0.5,20.97155486828446,2,False,catchment
sce,Blythe (Walc),6753,0.125,27.494757708255545,8,False,catchment
sce,Neenach,6757,0.3333333333333333,10.181824201516427,3,False,catchment
sce,Carodean,6762,0.5,5.204089605245963,2,False,catchment
sce,Trophy,6764,0.25,2.3217181436208154,4,False,catchment
sdge,CANNON,6802,0.16666666666666666,0.5976626397804884,6,False,catchment
sdge,SPRING VALLEY,6822,0.5,3.8576719037290164,2,False,catchment
sdge,KEARNY WEST,6932,0.25,1.4743782096321536,4,False,catchment
sdge,OLD TOWN,6939,0.25,1.4602389430728226,4,False,catchment
sdge,FRIARS,6973,0.5,2.83767145617721,2,False,catchment
sdge,PALA,7008,0.5,1.7460695988542152,2,False,catchment
sdge,OCEAN RANCH,7010,1.0,3.9617875590235485,1,False,catchment
sdge,CANNON,7011,0.16666666666666666,2.3125698998806494,6,False,catchment
sdge,BATIQUITOS,7012,0.5,4.61149752226717,2,False,catchment
sdge,EASTGATE,7013,0.3333333333333333,0.5957013981216607,3,False,catchment
sdge,CARLTON HILLS,7017,0.5,2.694942868106298,2,False,catchment
sdge,KEARNY WEST,7019,0.25,0.632735224994602,4,False,catchment
sdge,MESA HEIGHTS,7020,0.5,1.4339303986156566,2,False,catchment
sdge,OLIVENHAIN,7023,0.25,2.2362277474288725,4,False,catchment
sdge,OLIVENHAIN,7024,0.25,2.529174891854984,4,False,catchment
sdge,SCRIPPS,7029,0.5,2.289244526211433,2,False,catchment
sdge,CORONADO,7031,1.0,3.0893474924904147,1,False,catchment
sdge,POINT LOMA,7032,0.5,2.0879247226456084,2,False,catchment
sdge,KETTNER,7034,0.5,0.6284277158739432,2,False,catchment
sdge,MISSION,7036,0.25,0.991907941249818,4,False,catchment
sdge,BORDER,7037,0.2,1.917852029360276,5,False,catchment
sdge,CRESTWOOD,7039,0.5,2.949328677751467,2,False,catchment
sdge,LOS COCHES,7044,0.3333333333333333,1.8013062875497379,3,False,catchment
pge,STILLWATER,7048,0.0625,4.251902383765452,16,False,catchment
pge,DEEPWATER,7051,0.014705882352941176,10.466744690854007,68,False,catchment
pge,IONE,7052,0.14285714285714285,14.879511079386443,7,False,catchment
pge,ROCKLIN,7056,0.029411764705882353,14.511978707574357,34,False,catchment
pge,HORSESHOE,7057,0.022727272727272728,11.198498284528277,44,False,catchment
pge,PLACERVILLE,7063,0.2,3.8397704820122684,5,False,catchment
pge,PLACERVILLE,7064,0.2,3.8061510348709136,5,False,catchment
pge,ROCKLIN,7068,0.029411764705882353,4.233341023895839,34,False,catchment
pge,ROCKLIN,7069,0.029411764705882353,4.238667703862871,34,False,catchment
pge,ROCKLIN,7072,0.029411764705882353,5.692632948122122,34,False,catchment
pge,ROCKLIN,7074,0.029411764705882353,5.702802364740302,34,False,catchment
pge,PLEASANT GROVE,7075,0.05263157894736842,6.268550834700803,19,False,catchment
pge,HORSESHOE,7084,0.022727272727272728,11.25674374699669,44,False,catchment
pge,HORSESHOE,7085,0.022727272727272728,11.231120021442427,44,False,catchment
pge,WEST SACRAMENTO,7094,0.010101010101010102,7.609360607017618,99,False,catchment
pge,WEST SACRAMENTO,7095,0.010101010101010102,7.579925409752783,99,False,catchment
pge,HORSESHOE,7098,0.022727272727272728,5.1877197880305825,44,False,catchment
pge,HORSESHOE,7105,0.022727272727272728,11.30960525789347,44,False,catchment
pge,WEST SACRAMENTO,7106,0.010101010101010102,4.22470013223884,99,False,catchment
pge,PLACERVILLE,7107,0.2,3.7926647120015025,5,False,catchment
pge,WEST SACRAMENTO,7136,0.010101010101010102,12.71323963984047,99,False,catchment
pge,WEST SACRAMENTO,7138,0.010101010101010102,9.44562925933924,99,False,catchment
pge,WEST SACRAMENTO,7142,0.010101010101010102,14.972927088749968,99,False,catchment
pge,DEEPWATER,7281,0.014705882352941176,14.598953215216302,68,False,catchment
pge,CLARKSVILLE,7324,0.03333333333333333,19.878496048828563,30,False,catchment
pge,HORSESHOE,7344,0.022727272727272728,11.277907578549105,44,False,catchment
pge,ROCKLIN,7401,0.029411764705882353,16.84679875215313,34,False,catchment
pge,ROCKLIN,7406,0.029411764705882353,16.426467686128063,34,False,catchment
pge,ROCKLIN,7413,0.029411764705882353,12.285536749861532,34,False,catchment
pge,ROCKLIN,7424,0.029411764705882353,9.544865339179305,34,False,catchment
pge,CLARKSVILLE,7426,0.03333333333333333,19.47766566444987,30,False,catchment
pge,CLARKSVILLE,7430,0.03333333333333333,10.066722712178294,30,False,catchment
pge,DEEPWATER,7435,0.014705882352941176,8.669978621029848,68,False,catchment
pge,DEEPWATER,7436,0.014705882352941176,8.686909972621354,68,False,catchment
pge,DEEPWATER,7438,0.014705882352941176,13.995090087136784,68,False,catchment
pge,WEST SACRAMENTO,7444,0.010101010101010102,7.416728544764327,99,False,catchment
pge,CLARKSVILLE,7447,0.03333333333333333,17.19683060443428,30,False,catchment
pge,WEST SACRAMENTO,7452,0.010101010101010102,7.518535785770907,99,False,catchment
pge,WEST SACRAMENTO,7454,0.010101010101010102,5.935159364962246,99,False,catchment
pge,WEST SACRAMENTO,7456,0.010101010101010102,11.144498045178727,99,False,catchment
pge,DEEPWATER,7465,0.014705882352941176,15.248849651279878,68,False,catchment
pge,DEEPWATER,7476,0.014705882352941176,18.687407275891317,68,False,catchment
pge,HORSESHOE,7480,0.022727272727272728,18.088318520277046,44,False,catchment
pge,COTTLE,7488,0.06666666666666667,18.27484570414873,15,False,catchment
pge,COTTLE,7506,0.06666666666666667,19.947438866405268,15,False,catchment
pge,COTTLE,7508,0.06666666666666667,18.276140317324465,15,False,catchment
pge,LIVINGSTON,7511,0.0625,17.884772757485315,16,False,catchment
pge,LIVINGSTON,7515,0.0625,17.951118176796243,16,False,catchment
pge,WESTLEY,7522,0.09090909090909091,19.464399902970538,11,False,catchment
pge,COTTLE,7524,0.06666666666666667,18.227705201948048,15,False,catchment
pge,COTTLE,7528,0.06666666666666667,18.90894504915204,15,False,catchment
pge,CROWS LANDING,7529,0.14285714285714285,18.041375918967866,7,False,catchment
pge,LIVINGSTON,7534,0.0625,19.17586823765881,16,False,catchment
pge,LIVINGSTON,7536,0.0625,18.295899062673108,16,False,catchment
pge,CROWS LANDING,7539,0.14285714285714285,18.033835593276866,7,False,catchment
pge,WESTLEY,7542,0.09090909090909091,19.467166661858254,11,False,catchment
pge,MERCED FALLS,7546,0.125,18.85604952567359,8,False,catchment
pge,WESTLEY,7547,0.09090909090909091,11.805171059543735,11,False,catchment
pge,MERCED FALLS,7549,0.125,20.022286241674443,8,False,catchment
pge,HORSESHOE,7571,0.022727272727272728,4.180217530533001,44,False,catchment
pge,HORSESHOE,7573,0.022727272727272728,12.90883033148918,44,False,catchment
pge,STILLWATER,7582,0.0625,7.549262321032354,16,False,catchment
pge,PANORAMA,7590,0.3333333333333333,1.191312099207466,3,False,catchment
pge,OROVILLE,7592,0.25,2.9787508163636356,4,False,catchment
pge,FRENCH GULCH,7596,0.06666666666666667,14.634189543762044,15,False,catchment
pge,HERDLYN,7597,0.043478260869565216,1.5359455250164695,23,False,catchment
sce,Rubidoux,7614,0.14285714285714285,8.074773179269007,7,False,catchment
sce,Porterville,7623,0.25,9.714476833795818,4,False,catchment
sce,Porterville,7624,0.25,9.71425449911456,4,False,catchment
pge,HERDLYN,7631,0.043478260869565216,2.1928602274198243,23,False,catchment
pge,HERDLYN,7632,0.043478260869565216,2.189983660771001,23,False,catchment
pge,HERDLYN,7633,0.043478260869565216,2.1842800373346045,23,False,catchment
sce,Concho,7642,0.1,7.6132819169859625,10,False,catchment
sce,Concho,7643,0.1,7.615937522621629,10,False,catchment
pge,DAVIS,7648,0.2,0.04919053793535482,5,False,catchment
pge,DAVIS,7649,0.2,0.050600769594973775,5,False,catchment
pge,PIT NO 5,7650,0.037037037037037035,60.95813042783109,27,False,catchment
pge,PIT NO 5,7651,0.037037037037037035,60.95474031233849,27,False,catchment
pge,WEST SACRAMENTO,7652,0.010101010101010102,8.486783787961425,99,False,catchment
pge,WEST SACRAMENTO,7653,0.010101010101010102,8.494665436541151,99,False,catchment
sce,Villa Park,7654,0.25,4.461684027857084,4,False,catchment
sce,Villa Park,7655,0.25,4.4564490110274395,4,False,catchment
sdge,POMERADO,7656,0.25,2.367822979541405,4,False,catchment
sdge,POMERADO,7657,0.25,2.3708153074657266,4,False,catchment
sdge,POMERADO,7658,0.25,2.369965250171213,4,False,catchment
sce,Cameron,7662,0.14285714285714285,0.49750762665130155,7,False,catchment
sce,Cameron,7663,0.14285714285714285,0.5000448838122654,7,False,catchment
pge,ROCKLIN,7666,0.029411764705882353,4.046114859576284,34,False,catchment
pge,ROCKLIN,7667,0.029411764705882353,4.036435028472117,34,False,catchment
pge,ROCKLIN,7668,0.029411764705882353,4.0429440979425735,34,False,catchment
sce,Verdant,7669,0.041666666666666664,75.96799859520921,24,False,catchment
sce,Verdant,7670,0.041666666666666664,75.97344877399112,24,False,catchment
pge,GEYSERVILLE,7682,0.25,13.691864887585885,4,False,catchment
pge,GEYSERVILLE,7683,0.25,13.692654941147937,4,False,catchment
sce,Pearl,7690,0.25,1.2629300011509308,4,False,catchment
sce,Pearl,7691,0.25,1.2631666869662266,4,False,catchment
sce,Pearl,7692,0.25,1.2626766681313295,4,False,catchment
sce,Colton,7697,0.07692307692307693,3.537410525569671,13,False,catchment
sce,Colton,7698,0.07692307692307693,3.5415930298882143,13,False,catchment
pge,FRUITVALE,7715,0.3333333333333333,0.2504128999882318,3,False,catchment
pge,FRUITVALE,7716,0.3333333333333333,0.25170343392522726,3,False,catchment
sce,El Nido,7725,0.14285714285714285,1.8615784849535701,7,False,catchment
sce,El Nido,7726,0.14285714285714285,1.8679366524323036,7,False,catchment
pge,WEST SACRAMENTO,7727,0.010101010101010102,12.81110135893284,99,False,catchment
pge,WEST SACRAMENTO,7728,0.010101010101010102,12.81083806522697,99,False,catchment
pge,STILLWATER,7745,0.0625,6.348585985482047,16,False,catchment
pge,STILLWATER,7746,0.0625,6.3476864742699375,16,False,catchment
sce,Redondo,7747,0.5,0.7642444358067306,2,False,catchment
sce,Crestwind U.g.s.,7748,1.0,8.570348941417043,1,False,catchment
sdge,BOULEVARD EAST,7751,0.018867924528301886,70.26799538242442,53,False,catchment
sdge,BOULEVARD EAST,7752,0.018867924528301886,70.26334542939101,53,False,catchment
sdge,BOULEVARD EAST,7753,0.018867924528301886,70.2647360981217,53,False,catchment
sce,Verdant,7764,0.041666666666666664,73.14163325478614,24,False,catchment
sce,Verdant,7765,0.041666666666666664,73.14292114517804,24,False,catchment
sce,Victorville,7770,0.16666666666666666,4.022852383122646,6,False,catchment
sce,Victorville,7771,0.16666666666666666,4.025294460666941,6,False,catchment
sce,Victorville,7772,0.16666666666666666,4.020321192951729,6,False,catchment
sce,Sepulveda,7773,0.043478260869565216,2.660669927068323,23,False,catchment
sce,Sepulveda,7774,0.043478260869565216,2.6649278656312525,23,False,catchment
sce,Sepulveda,7775,0.043478260869565216,2.6646747405668663,23,False,catchment
sdge,CANNON,7780,0.16666666666666666,1.9254067480893053,6,False,catchment
sdge,CANNON,7781,0.16666666666666666,1.9223008776442003,6,False,catchment
sdge,CANNON,7782,0.16666666666666666,1.9220981996857223,6,False,catchment
pge,TEMBLOR,7792,0.1,7.670559477787324,10,False,catchment
pge,TEMBLOR,7793,0.1,7.666783039258887,10,False,catchment
sce,Graham,7805,0.3333333333333333,2.085184673727905,3,False,catchment
sce,Graham,7806,0.3333333333333333,2.0886168068324023,3,False,catchment
sce,San Bernardino,7807,0.2,0.2616337215578073,5,False,catchment
sce,San Bernardino,7808,0.2,0.25607869197934363,5,False,catchment
pge,DEEPWATER,7817,0.014705882352941176,13.886984080790773,68,False,catchment
pge,DEEPWATER,7818,0.014705882352941176,13.891500742268905,68,False,catchment
sce,Fruitland,7819,0.07692307692307693,3.0058069326987265,13,False,catchment
sce,Fruitland,7820,0.07692307692307693,3.004055654587529,13,False,catchment
pge,EMERALD LAKE,7821,0.5,0.9066622960526954,2,False,catchment
pge,EMERALD LAKE,7822,0.5,0.9165728286008729,2,False,catchment
pge,MT EDEN,7823,0.25,1.470627348731915,4,False,catchment
pge,MT EDEN,7824,0.25,1.4721734469269327,4,False,catchment
pge,DEEPWATER,7827,0.014705882352941176,18.42005036206443,68,False,catchment
pge,DEEPWATER,7828,0.014705882352941176,18.419707820683115,68,False,catchment
pge,DEEPWATER,7829,0.014705882352941176,18.422662866616278,68,False,catchment
pge,PLEASANT GROVE,7832,0.05263157894736842,7.911647636175456,19,False,catchment
pge,PLEASANT GROVE,7833,0.05263157894736842,7.912561979161878,19,False,catchment
pge,CLARKSVILLE,7834,0.03333333333333333,6.670787720765796,30,False,catchment
pge,CLARKSVILLE,7835,0.03333333333333333,6.6678258288608,30,False,catchment
pge,CLARKSVILLE,7836,0.03333333333333333,6.671604476449775,30,False,catchment
pge,LINDEN,7850,0.3333333333333333,7.224539967156943,3,False,catchment
pge,LINDEN,7851,0.3333333333333333,7.223829398043899,3,False,catchment
pge,RIPON,7874,0.05263157894736842,15.530105049559628,19,False,catchment
pge,RIPON,7875,0.05263157894736842,15.525050589867586,19,False,catchment
pge,DEEPWATER,7882,0.014705882352941176,8.632766410472115,68,False,catchment
pge,DEEPWATER,7883,0.014705882352941176,8.625585037287943,68,False,catchment
sce,San Fernando,7884,0.0625,4.57710193731671,16,False,catchment
sce,San Fernando,7885,0.0625,4.568986068368885,16,False,catchment
sdge,BOULEVARD EAST,7888,0.018867924528301886,52.16961763098047,53,False,catchment
sdge,BOULEVARD EAST,7889,0.018867924528301886,52.1656158087212,53,False,catchment
pge,FMC,7896,0.25,1.8386047886854342,4,False,catchment
pge,FMC,7897,0.25,1.8368777442652344,4,False,catchment
pge,FRENCH GULCH,7900,0.06666666666666667,26.215384207750436,15,False,catchment
pge,FRENCH GULCH,7901,0.06666666666666667,26.221129175990004,15,False,catchment
pge,COTTONWOOD,7907,0.16666666666666666,9.876316596518718,6,False,catchment
pge,JESSUP,7908,1.0,9.945393591787258,1,False,catchment
pge,RIVERBANK,7930,0.03333333333333333,14.441628228103292,30,False,catchment
pge,RIVERBANK,7931,0.03333333333333333,14.437146704920325,30,False,catchment
sdge,PICO,7934,0.2,3.2881270456634106,5,False,catchment
sdge,PICO,7935,0.2,3.2861013565782122,5,False,catchment
sce,Chiquita,7936,1.0,20.42415729417345,1,False,catchment
pge,KING CITY,7937,0.16666666666666666,5.616216915250111,6,False,catchment
pge,KING CITY,7938,0.16666666666666666,5.613028724458334,6,False,catchment
sdge,TORREY PINES,7939,0.14285714285714285,1.6283395408064711,7,False,catchment
sdge,TORREY PINES,7940,0.14285714285714285,1.6276607224634076,7,False,catchment
sce,Windsor Hills,7941,0.14285714285714285,0.8016911756272657,7,False,catchment
sce,Windsor Hills,7942,0.14285714285714285,0.7969991466291294,7,False,catchment
pge,RIVERBANK,7945,0.03333333333333333,15.159759084323737,30,False,catchment
pge,RIVERBANK,7946,0.03333333333333333,15.168292270071245,30,False,catchment
sce,Fairfax,7954,0.16666666666666666,1.8313450061897314,6,False,catchment
sce,Doheny,7955,1.0,3.479138463192858,1,False,catchment
pge,DOLAN ROAD,7970,0.14285714285714285,0.895504466228624,7,False,catchment
pge,DOLAN ROAD,7971,0.14285714285714285,0.897974282152679,7,False,catchment
pge,DOLAN ROAD,7972,0.14285714285714285,0.9040577294859968,7,False,catchment
pge,DOLAN ROAD,7973,0.14285714285714285,0.8940736023629241,7,False,catchment
sce,Universal,7974,0.037037037037037035,3.6711201330041554,27,False,catchment
sce,Universal,7975,0.037037037037037035,3.677817803056075,27,False,catchment
sce,Universal,7976,0.037037037037037035,3.681174950078057,27,False,catchment
pge,MENLO,7977,0.2,1.9550687482954165,5,False,catchment
pge,MENLO,7978,0.2,1.9511031277743858,5,False,catchment
pge,OREGON TRAIL,7991,0.08333333333333333,5.490466792331053,12,False,catchment
pge,OREGON TRAIL,7992,0.08333333333333333,5.4915421466223036,12,False,catchment
pge,SUMMIT,7995,0.04,4.334840040848392,25,False,catchment
pge,SUMMIT,7996,0.04,4.3332117786429505,25,False,catchment
pge,RIVERBANK,7999,0.03333333333333333,6.3117971213604624,30,False,catchment
pge,RIVERBANK,8000,0.03333333333333333,6.315633690362068,30,False,catchment
pge,PIT NO 5,8001,0.037037037037037035,106.05455835877423,27,False,catchment
pge,PIT NO 5,8002,0.037037037037037035,106.05483130169287,27,False,catchment
sdge,BORDER,8003,0.2,2.830036896355522,5,False,catchment
sdge,BORDER,8004,0.2,2.829971867174845,5,False,catchment
sce,Cottonwood,8005,0.5,2.2067707837631825,2,False,catchment
sce,Cottonwood,8006,0.5,2.2047502770305507,2,False,catchment
pge,HOLLYWOOD,8007,1.0,3.9553194552093407,1,False,catchment
pge,WOOD,8008,1.0,2.57085052262888,1,False,catchment
sce,San Fernando,8018,0.0625,7.0580296655301415,16,False,catchment
sce,San Fernando,8019,0.0625,7.05196620126118,16,False,catchment
sce,Lampson,8020,0.2,3.484971333443238,5,False,catchment
sce,Lampson,8021,0.2,3.4854895946366087,5,False,catchment
pge,BUCKS CREEK,8022,0.16666666666666666,12.534663685532253,6,False,catchment
pge,BUCKS CREEK,8023,0.16666666666666666,12.524825480484974,6,False,catchment
pge,CALAVERAS CEMENT,8028,0.25,9.794708134520656,4,False,catchment
pge,CALAVERAS CEMENT,8029,0.25,9.801038052736871,4,False,catchment
pge,PEABODY,8032,0.1111111111111111,11.596187144162204,9,False,catchment
pge,PEABODY,8033,0.1111111111111111,11.59419735465543,9,False,catchment
sdge,ALPINE,8040,0.25,9.023714831511358,4,False,catchment
sdge,ALPINE,8041,0.25,9.023878127031772,4,False,catchment
sdge,BORREGO,8042,0.058823529411764705,12.69960877663799,17,False,catchment
sdge,BORREGO,8043,0.058823529411764705,12.705431576688506,17,False,catchment
pge,PIT NO 5,8064,0.037037037037037035,114.68993262701947,27,False,catchment
pge,PIT NO 5,8065,0.037037037037037035,114.69127539688898,27,False,catchment
pge,PIT NO 5,8066,0.037037037037037035,114.68424385925337,27,False,catchment
sce,Mt. Tom,8071,0.06666666666666667,2.198551241292074,15,False,catchment
sce,Mt. Tom,8072,0.06666666666666667,2.204050893388527,15,False,catchment
pge,ANTLER,8075,0.045454545454545456,59.6564523617834,22,False,catchment
pge,ANTLER,8076,0.045454545454545456,59.65460750046939,22,False,catchment
pge,WEST SACRAMENTO,8086,0.010101010101010102,10.624506365991126,99,False,catchment
pge,WEST SACRAMENTO,8087,0.010101010101010102,10.627897467099125,99,False,catchment
sdge,BOULEVARD EAST,8088,0.018867924528301886,68.98619355396687,53,False,catchment
sdge,BOULEVARD EAST,8089,0.018867924528301886,68.97916798009156,53,False,catchment
sce,Sepulveda,8094,0.043478260869565216,2.708157902679121,23,False,catchment
sce,Sepulveda,8095,0.043478260869565216,2.711751636623062,23,False,catchment
pge,VALLEJO B,8100,1.0,5.960384842344169,1,False,catchment
pge,NORTH TOWER,8101,0.2,3.670133370792128,5,False,catchment
sce,Wabash,8102,0.2,4.078242864808362,5,False,catchment
sce,Wabash,8103,0.2,4.076869852311268,5,False,catchment
pge,ANTLER,8104,0.045454545454545456,33.19645749488427,22,False,catchment
pge,ANTLER,8105,0.045454545454545456,33.19286267313087,22,False,catchment
sce,Colton,8106,0.07692307692307693,2.0300626831464594,13,False,catchment
sce,Colton,8107,0.07692307692307693,2.030172672813497,13,False,catchment
sce,Colton,8108,0.07692307692307693,2.0320086585154504,13,False,catchment
sce,Inglewood,8117,0.25,1.838944159093866,4,False,catchment
sce,Inglewood,8118,0.25,1.842028755550416,4,False,catchment
pge,WEST SACRAMENTO,8130,0.010101010101010102,5.7535294091049565,99,False,catchment
pge,WEST SACRAMENTO,8131,0.010101010101010102,5.757320640161518,99,False,catchment
pge,WEST SACRAMENTO,8132,0.010101010101010102,5.75449883780476,99,False,catchment
sdge,BOULEVARD EAST,8141,0.018867924528301886,48.25768860354515,53,False,catchment
sdge,BOULEVARD EAST,8142,0.018867924528301886,48.26279623456044,53,False,catchment
pge,FRENCH GULCH,8153,0.06666666666666667,14.38739191743221,15,False,catchment
pge,FRENCH GULCH,8154,0.06666666666666667,14.390803343891346,15,False,catchment
pge,BURNEY,8168,0.2,7.611803290783326,5,False,catchment
pge,BURNEY,8169,0.2,7.607605462826334,5,False,catchment
pge,NEW HOPE,8172,0.06666666666666667,19.377241750621454,15,False,catchment
pge,NEW HOPE,8173,0.06666666666666667,19.377395087934786,15,False,catchment
pge,HARRIS,8176,0.3333333333333333,1.6520196846218205,3,False,catchment
pge,HARRIS,8177,0.3333333333333333,1.6527602947558047,3,False,catchment
pge,TRIMBLE,8181,0.06666666666666667,2.2996290977335754,15,False,catchment
pge,TRIMBLE,8182,0.06666666666666667,2.3035324197528335,15,False,catchment
sce,Saticoy,8183,0.25,1.6341379861604495,4,False,catchment
sce,Saticoy,8184,0.25,1.6332785234097156,4,False,catchment
pge,DOLAN ROAD,8195,0.14285714285714285,5.120116999452162,7,False,catchment
pge,DOLAN ROAD,8196,0.14285714285714285,5.1199696895424225,7,False,catchment
pge,MC ARTHUR,8204,0.05555555555555555,88.57177051580489,18,False,catchment
pge,MC ARTHUR,8205,0.05555555555555555,88.56990352916098,18,False,catchment
pge,MC ARTHUR,8206,0.05555555555555555,88.57300680130476,18,False,catchment
sce,Stadium,8207,0.16666666666666666,1.0603278662525546,6,False,catchment
sce,Stadium,8208,0.16666666666666666,1.0590160194146376,6,False,catchment
pge,EL DORADO PH,8215,0.1111111111111111,17.153437546447414,9,False,catchment
pge,EL DORADO PH,8216,0.1111111111111111,17.14380031518999,9,False,catchment
sce,Fairfax,8225,0.16666666666666666,1.2640185941647648,6,False,catchment
sce,Fairfax,8226,0.16666666666666666,1.2709354141221687,6,False,catchment
sce,Fairfax,8227,0.16666666666666666,1.2657263470573719,6,False,catchment
sdge,BOULEVARD EAST,8228,0.018867924528301886,69.63366719228138,53,False,catchment
sdge,BOULEVARD EAST,8229,0.018867924528301886,69.63849851127786,53,False,catchment
sce,Indian Wells,8234,0.05555555555555555,21.991356882692862,18,False,catchment
sce,Indian Wells,8235,0.05555555555555555,21.99740274821262,18,False,catchment
sce,Mountain Pass,8240,1.0,111.55259083450382,1,False,catchment
sce,Dunn Siding,8241,1.0,32.7344011357898,1,False,catchment
sce,Etiwanda,8261,0.1,0.8253718491498548,10,False,catchment
sce,Etiwanda,8262,0.1,0.8285447598148014,10,False,catchment
sce,Etiwanda,8263,0.1,0.8234831088075091,10,False,catchment
pge,MC ARTHUR,8264,0.05555555555555555,100.74766428689541,18,False,catchment
pge,MC ARTHUR,8265,0.05555555555555555,100.75457499966934,18,False,catchment
pge,ANTLER,8276,0.045454545454545456,95.01614144207073,22,False,catchment
pge,ANTLER,8277,0.045454545454545456,95.02343426805179,22,False,catchment
pge,ROCKLIN,8282,0.029411764705882353,18.12082786192522,34,False,catchment
pge,ROCKLIN,8283,0.029411764705882353,18.117592960002508,34,False,catchment
pge,RIVER OAKS,8284,0.25,1.8738551939450525,4,False,catchment
pge,RIVER OAKS,8285,0.25,1.8767737423913784,4,False,catchment
sce,Saugus,8288,0.16666666666666666,1.88282810796486,6,False,catchment
sce,Saugus,8289,0.16666666666666666,1.8851283634809628,6,False,catchment
pge,COTTLE,8290,0.06666666666666667,19.843136964509064,15,False,catchment
pge,COTTLE,8291,0.06666666666666667,19.84334956176752,15,False,catchment
pge,LIVINGSTON,8292,0.0625,19.040909750027474,16,False,catchment
pge,LIVINGSTON,8293,0.0625,19.04414110623278,16,False,catchment
pge,LIVINGSTON,8294,0.0625,19.046304060034537,16,False,catchment
sdge,BOULEVARD EAST,8295,0.018867924528301886,72.87923884825548,53,False,catchment
sdge,BOULEVARD EAST,8296,0.018867924528301886,72.87264757187658,53,False,catchment
sdge,BOULEVARD EAST,8303,0.018867924528301886,68.97652865343102,53,False,catchment
sdge,BOULEVARD EAST,8304,0.018867924528301886,68.97670568054917,53,False,catchment
sdge,SAN MATEO,8309,0.16666666666666666,3.3708077390082827,6,False,catchment
sdge,SAN MATEO,8310,0.16666666666666666,3.364554967074746,6,False,catchment
pge,FRENCH GULCH,8318,0.06666666666666667,25.022188319442613,15,False,catchment
pge,FRENCH GULCH,8319,0.06666666666666667,25.017332629158584,15,False,catchment
pge,GLENWOOD,8320,0.125,5.538567810664722,8,False,catchment
pge,GLENWOOD,8321,0.125,5.544771749246905,8,False,catchment
sce,Verdant,8328,0.041666666666666664,88.34333754155352,24,False,catchment
sce,Verdant,8329,0.041666666666666664,88.35116081687806,24,False,catchment
sce,Lunar,8339,0.25,0.334057007972043,4,False,catchment
sce,Lunar,8340,0.25,0.33263901596547113,4,False,catchment
sce,Lunar,8341,0.25,0.3330579833246048,4,False,catchment
sce,Lunar,8342,0.25,0.33260781930615324,4,False,catchment
sce,Hamilton,8343,0.2,2.507560213498533,5,False,catchment
sce,Hamilton,8344,0.2,2.504908617729326,5,False,catchment
sce,Dike,8347,0.058823529411764705,0.46446067504433053,17,False,catchment
sce,Dike,8348,0.058823529411764705,0.4688571104272498,17,False,catchment
pge,DEEPWATER,8349,0.014705882352941176,9.606836373297572,68,False,catchment
pge,DEEPWATER,8350,0.014705882352941176,9.60241634376275,68,False,catchment
sce,Blythe (Walc),8357,0.125,21.573286854879687,8,False,catchment
sce,Blythe (Walc),8358,0.125,21.580526002832833,8,False,catchment
sce,Windsor Hills,8367,0.14285714285714285,1.7962662891282293,7,False,catchment
sce,Windsor Hills,8368,0.14285714285714285,1.7969513717129997,7,False,catchment
pge,KONOCTI,8376,0.125,12.976980318722704,8,False,catchment
pge,KONOCTI,8377,0.125,12.977464906252353,8,False,catchment
sce,Dike,8378,0.058823529411764705,1.9047951494058808,17,False,catchment
sce,Dike,8379,0.058823529411764705,1.8972343974286838,17,False,catchment
sce,Bishop Creek Plant 2,8380,0.16666666666666666,4.85931322488891,6,False,catchment
sce,Bishop Creek Plant 2,8381,0.16666666666666666,4.8642502807277195,6,False,catchment
sce,Eagle Mountain,8386,0.0625,76.33256559779139,16,False,catchment
sce,Eagle Mountain,8387,0.0625,76.33689610636144,16,False,catchment
pge,GIRVAN,8390,0.09090909090909091,5.400926980429974,11,False,catchment
pge,GIRVAN,8391,0.09090909090909091,5.400377799771178,11,False,catchment
pge,FIGARDEN,8394,0.16666666666666666,6.182947077279682,6,False,catchment
pge,FIGARDEN,8395,0.16666666666666666,6.171428127331529,6,False,catchment
pge,CATLETT,8398,0.14285714285714285,11.060112064769848,7,False,catchment
pge,CATLETT,8399,0.14285714285714285,11.057638484786871,7,False,catchment
pge,WYANDOTTE,8400,0.1111111111111111,6.544496187930749,9,False,catchment
pge,WYANDOTTE,8401,0.1111111111111111,6.546286349939295,9,False,catchment
sce,Devers,8402,0.09090909090909091,0.33782665816054336,11,False,catchment
sce,Devers,8403,0.09090909090909091,0.33244067126720195,11,False,catchment
sce,Devers,8404,0.09090909090909091,0.33291336414004224,11,False,catchment
pge,WEST SACRAMENTO,8410,0.010101010101010102,15.016166855283693,99,False,catchment
pge,WEST SACRAMENTO,8411,0.010101010101010102,15.017057563920911,99,False,catchment
sce,Channel Island,8412,0.14285714285714285,3.776295514867495,7,False,catchment
sce,Channel Island,8413,0.14285714285714285,3.779041637228854,7,False,catchment
pge,OREGON TRAIL,8414,0.08333333333333333,10.33830958080813,12,False,catchment
pge,OREGON TRAIL,8415,0.08333333333333333,10.333048726692208,12,False,catchment
sce,Gale,8416,0.2,1.206692559617808,5,False,catchment
sce,Gale,8417,0.2,1.2071614747135457,5,False,catchment
sce,Gale,8418,0.2,1.204844084885928,5,False,catchment
pge,SANTA NELLA,8419,0.09090909090909091,3.6394463207643506,11,False,catchment
pge,SANTA NELLA,8420,0.09090909090909091,3.645169964163365,11,False,catchment
pge,SANTA NELLA,8421,0.09090909090909091,3.6402767289168163,11,False,catchment
pge,SANTA NELLA,8422,0.09090909090909091,3.645376905365154,11,False,catchment
pge,RISING RIVER,8427,0.2,3.625673225107294,5,False,catchment
pge,RISING RIVER,8428,0.2,3.623984463538244,5,False,catchment
pge,FRANKLIN,8433,0.1111111111111111,3.626733120330651,9,False,catchment
pge,FRANKLIN,8434,0.1111111111111111,3.635272818354071,9,False,catchment
pge,COTTLE,8443,0.06666666666666667,4.0152193376659815,15,False,catchment
pge,COTTLE,8444,0.06666666666666667,4.013733371971415,15,False,catchment
sce,Sepulveda,8453,0.043478260869565216,1.7585793410485941,23,False,catchment
sce,Sepulveda,8454,0.043478260869565216,1.7497240166838266,23,False,catchment
pge,SANGER,8459,0.25,0.05923364602935666,4,False,catchment
pge,SANGER,8460,0.25,0.05122832476216518,4,False,catchment
pge,KERN OIL,8467,0.05,2.9852974059719415,20,False,catchment
pge,KERN OIL,8468,0.05,2.9880180727580212,20,False,catchment
pge,TRIMBLE,8469,0.06666666666666667,2.5359711553180655,15,False,catchment
pge,TRIMBLE,8470,0.06666666666666667,2.5340583160118197,15,False,catchment
sdge,BOULEVARD EAST,8471,0.018867924528301886,75.73899844755412,53,False,catchment
sdge,BOULEVARD EAST,8472,0.018867924528301886,75.7390984983043,53,False,catchment
pge,WEST SACRAMENTO,8475,0.010101010101010102,11.051344637090793,99,False,catchment
pge,WEST SACRAMENTO,8476,0.010101010101010102,11.044715610120807,99,False,catchment
pge,WEST SACRAMENTO,8477,0.010101010101010102,11.050158665138476,99,False,catchment
sce,Gorman,8480,0.1111111111111111,4.550939270663825,9,False,catchment
sce,Gorman,8481,0.1111111111111111,4.551850372518537,9,False,catchment
sce,Eagle Mountain,8486,0.0625,68.86450072584279,16,False,catchment
sce,Eagle Mountain,8487,0.0625,68.85494779704966,16,False,catchment
pge,LAMMERS,8488,0.0625,7.572067305961757,16,False,catchment
pge,LAMMERS,8489,0.0625,7.573197666445374,16,False,catchment
pge,LAMMERS,8490,0.0625,7.571911649628599,16,False,catchment
pge,LAMMERS,8491,0.0625,7.573894369098823,16,False,catchment
sce,Whipple,8492,0.2,0.3837087150165637,5,False,catchment
sce,Whipple,8493,0.2,0.38261255125539106,5,False,catchment
sdge,BOULEVARD EAST,8494,0.018867924528301886,76.01646989789536,53,False,catchment
sdge,BOULEVARD EAST,8495,0.018867924528301886,76.01873946954947,53,False,catchment
pge,TRES VIAS,8503,0.16666666666666666,8.460300793119812,6,False,catchment
pge,TRES VIAS,8504,0.16666666666666666,8.469752705604707,6,False,catchment
pge,TRES VIAS,8505,0.16666666666666666,8.460985503811788,6,False,catchment
pge,TRES VIAS,8506,0.16666666666666666,8.465698739722667,6,False,catchment
pge,HERDLYN,8507,0.043478260869565216,6.493491575844744,23,False,catchment
pge,HERDLYN,8508,0.043478260869565216,6.493653186246515,23,False,catchment
sce,Dike,8526,0.058823529411764705,0.537291031884797,17,False,catchment
sce,Dike,8527,0.058823529411764705,0.5312642169361925,17,False,catchment
pge,FRENCH GULCH,8528,0.06666666666666667,15.859191260614455,15,False,catchment
pge,FRENCH GULCH,8529,0.06666666666666667,15.859030877256444,15,False,catchment
sdge,BOULEVARD EAST,8532,0.018867924528301886,76.89330437772965,53,False,catchment
sdge,BOULEVARD EAST,8533,0.018867924528301886,76.90185884422758,53,False,catchment
pge,PITTSBURG,8534,0.047619047619047616,11.262993539677385,21,False,catchment
pge,PITTSBURG,8535,0.047619047619047616,11.263221371689784,21,False,catchment
pge,GRAYS FLAT,8542,0.16666666666666666,10.140380738573123,6,False,catchment
pge,GRAYS FLAT,8543,0.16666666666666666,10.144058586564167,6,False,catchment
pge,GRAYS FLAT,8544,0.16666666666666666,10.140372480486594,6,False,catchment
sdge,BOULEVARD EAST,8545,0.018867924528301886,77.9221506818454,53,False,catchment
sdge,BOULEVARD EAST,8546,0.018867924528301886,77.92246693490435,53,False,catchment
pge,FORESTHILL,8565,0.2,20.125301130768495,5,False,catchment
pge,FORESTHILL,8566,0.2,20.13094458714971,5,False,catchment
sce,Madrid,8571,0.25,2.361997020963342,4,False,catchment
sce,Madrid,8572,0.25,2.3689070632397526,4,False,catchment
pge,TIDEWATER,8575,0.16666666666666666,0.2478306264907457,6,False,catchment
pge,TIDEWATER,8576,0.16666666666666666,0.24796064737148102,6,False,catchment
sce,Garfield,8579,0.2,4.235930788306853,5,False,catchment
sce,Garfield,8580,0.2,4.241916524531122,5,False,catchment
pge,SUMMIT,8581,0.04,13.727553116446334,25,False,catchment
pge,SUMMIT,8582,0.04,13.727710264274103,25,False,catchment
sce,San Vicente,8583,1.0,4.509777616158551,1,False,catchment
sce,Sawtelle,8584,0.3333333333333333,4.04111264278983,3,False,catchment
sce,Northwind,8593,0.07692307692307693,2.7388009823701585,13,False,catchment
sce,Northwind,8594,0.07692307692307693,2.7393321721196124,13,False,catchment
sce,Watson,8599,0.1111111111111111,1.1555657620350603,9,False,catchment
sce,Watson,8600,0.1111111111111111,1.152480124665075,9,False,catchment
sce,Olympic,8607,1.0,2.968344239991561,1,False,catchment
sce,Bedford,8608,1.0,3.798200714409274,1,False,catchment
pge,STILLWATER,8615,0.0625,4.190755274584696,16,False,catchment
pge,STILLWATER,8616,0.0625,4.190872966495368,16,False,catchment
sce,Howard,8621,0.2,0.4933683321900725,5,False,catchment
sce,Howard,8622,0.2,0.49600672375664945,5,False,catchment
pge,WEST POINT,8623,0.2,5.840246900715079,5,False,catchment
pge,WEST POINT,8624,0.2,5.844973280494535,5,False,catchment
pge,WEST POINT,8625,0.2,5.844914929476006,5,False,catchment
pge,WYANDOTTE,8632,0.1111111111111111,4.60610542719212,9,False,catchment
pge,WYANDOTTE,8633,0.1111111111111111,4.606468010868768,9,False,catchment
pge,CLARKSVILLE,8651,0.03333333333333333,6.291549311387527,30,False,catchment
pge,CLARKSVILLE,8652,0.03333333333333333,6.2892553392867026,30,False,catchment
sce,Universal,8657,0.037037037037037035,7.1917609923319255,27,False,catchment
sce,Universal,8658,0.037037037037037035,7.192140205741975,27,False,catchment
sdge,BOULEVARD EAST,8667,0.018867924528301886,66.03969942817805,53,False,catchment
sdge,BOULEVARD EAST,8668,0.018867924528301886,66.04874497281612,53,False,catchment
pge,POSO MOUNTAIN,8669,0.25,3.72286939212327,4,False,catchment
pge,POSO MOUNTAIN,8670,0.25,3.724296267938231,4,False,catchment
pge,DOBBINS,8671,0.2,1.0672177374992122,5,False,catchment
pge,DOBBINS,8672,0.2,1.0726348937913281,5,False,catchment
sce,Southwind,8680,0.09090909090909091,6.836398069015898,11,False,catchment
sce,Southwind,8681,0.09090909090909091,6.837240633044343,11,False,catchment
pge,HORSESHOE,8684,0.022727272727272728,4.081720918166487,44,False,catchment
pge,HORSESHOE,8685,0.022727272727272728,4.089029720514336,44,False,catchment
sce,Terrace,8688,0.16666666666666666,4.17690136190633,6,False,catchment
sce,Terrace,8689,0.16666666666666666,4.174152492373639,6,False,catchment
pge,GOOSE LAKE,8690,0.16666666666666666,4.148008745384254,6,False,catchment
pge,GOOSE LAKE,8691,0.16666666666666666,4.150142190326613,6,False,catchment
pge,DEEPWATER,8694,0.014705882352941176,11.656633216664698,68,False,catchment
pge,DEEPWATER,8695,0.014705882352941176,11.655636390027091,68,False,catchment
pge,CEDAR CREEK,8702,0.2,1.8469837819753514,5,False,catchment
pge,CEDAR CREEK,8703,0.2,1.8500690977554048,5,False,catchment
pge,FRANKLIN,8715,0.1111111111111111,5.029115339959943,9,False,catchment
pge,FRANKLIN,8716,0.1111111111111111,5.025401766403003,9,False,catchment
pge,STELLING,8721,0.14285714285714285,3.0503874706187832,7,False,catchment
pge,STELLING,8722,0.14285714285714285,3.0572264441722545,7,False,catchment
pge,STELLING,8723,0.14285714285714285,3.049622358586495,7,False,catchment
sce,Black Meadows,8724,1.0,7.897706019566206,1,False,catchment
sce,Parker Strip,8725,1.0,8.637307499370564,1,False,catchment
sce,Whipple,8726,0.2,2.842122339332355,5,False,catchment
sdge,MONTGOMERY,8727,0.25,2.5492180496522807,4,False,catchment
sdge,MONTGOMERY,8728,0.25,2.5404530154873233,4,False,catchment
sdge,MONTGOMERY,8729,0.25,2.5419849795085323,4,False,catchment
sce,Sepulveda,8730,0.043478260869565216,3.060204222335255,23,False,catchment
sce,Sepulveda,8731,0.043478260869565216,3.064742777450589,23,False,catchment
sce,Sepulveda,8732,0.043478260869565216,3.0565789302435804,23,False,catchment
pge,SANTA TERESA,8739,0.14285714285714285,4.58032607058373,7,False,catchment
pge,SANTA TERESA,8740,0.14285714285714285,4.57848741027259,7,False,catchment
pge,EAST NICOLAUS,8741,0.14285714285714285,7.125269957738618,7,False,catchment
pge,EAST NICOLAUS,8742,0.14285714285714285,7.12518679350036,7,False,catchment
pge,EAST NICOLAUS,8743,0.14285714285714285,7.127717754442291,7,False,catchment
sdge,ESCONDIDO,8752,0.25,2.51378414533838,4,False,catchment
sdge,ESCONDIDO,8753,0.25,2.5099970756058814,4,False,catchment
pge,VACA DIXON,8754,0.125,0.640700768836221,8,False,catchment
pge,VACA DIXON,8755,0.125,0.6378717983225028,8,False,catchment
pge,VACA DIXON,8756,0.125,0.636242789045287,8,False,catchment
sdge,PROCTOR VALLEY,8757,0.2,1.6433235261110866,5,False,catchment
sdge,PROCTOR VALLEY,8758,0.2,1.648556156033549,5,False,catchment
sdge,PROCTOR VALLEY,8759,0.2,1.648289838382307,5,False,catchment
sdge,PROCTOR VALLEY,8760,0.2,1.6434511012312547,5,False,catchment
sce,Acton,8761,0.25,7.714439742197569,4,False,catchment
sce,Acton,8762,0.25,7.715723676953039,4,False,catchment
pge,STILLWATER,8763,0.0625,3.11358492230507,16,False,catchment
pge,STILLWATER,8764,0.0625,3.1121767776659097,16,False,catchment
sce,Blythe (Walc),8767,0.125,0.047387399604769856,8,False,catchment
sce,Blythe (Walc),8768,0.125,0.05134689453765656,8,False,catchment
sce,Mt. Tom,8769,0.06666666666666667,2.0576966239049614,15,False,catchment
sce,Mt. Tom,8770,0.06666666666666667,2.053630915093785,15,False,catchment
pge,ANTLER,8771,0.045454545454545456,6.5720859749107925,22,False,catchment
pge,ANTLER,8772,0.045454545454545456,6.574561804397344,22,False,catchment
sce,Dike,8773,0.058823529411764705,2.0265779229905214,17,False,catchment
sce,Dike,8774,0.058823529411764705,2.0270439819640287,17,False,catchment
pge,WEST SACRAMENTO,8775,0.010101010101010102,6.1744528600131545,99,False,catchment
pge,WEST SACRAMENTO,8776,0.010101010101010102,6.17438893654314,99,False,catchment
pge,WEST SACRAMENTO,8777,0.010101010101010102,6.169805279023389,99,False,catchment
pge,GLENWOOD,8778,0.125,5.889741318540736,8,False,catchment
pge,GLENWOOD,8779,0.125,5.896557978271913,8,False,catchment
pge,VASCO,8780,0.1111111111111111,2.669443874072004,9,False,catchment
pge,VASCO,8781,0.1111111111111111,2.673358392096521,9,False,catchment
sce,Terrace,8782,0.16666666666666666,8.81162491493915,6,False,catchment
sce,Terrace,8783,0.16666666666666666,8.810853196478,6,False,catchment
pge,WESTLEY,8788,0.09090909090909091,7.275676814141841,11,False,catchment
pge,WESTLEY,8789,0.09090909090909091,7.279074820002366,11,False,catchment
sce,San Marino,8792,1.0,2.754171938906154,1,False,catchment
sce,Eaton,8793,0.3333333333333333,1.214999227714319,3,False,catchment
pge,RIVERBANK,8796,0.03333333333333333,11.251357639030957,30,False,catchment
pge,RIVERBANK,8797,0.03333333333333333,11.255380815223871,30,False,catchment
pge,RIVERBANK,8798,0.03333333333333333,11.257524135126475,30,False,catchment
pge,NORTECH,8813,0.1111111111111111,2.1811376152106012,9,False,catchment
pge,NORTECH,8814,0.1111111111111111,2.1719914601664456,9,False,catchment
sdge,SAN MATEO,8823,0.16666666666666666,4.976832475970281,6,False,catchment
sdge,SAN MATEO,8824,0.16666666666666666,4.982788950013357,6,False,catchment
sce,San Fernando,8831,0.0625,5.039381141271239,16,False,catchment
sce,San Fernando,8832,0.0625,5.040856977361504,16,False,catchment
sce,San Fernando,8833,0.0625,1.8968352098739383,16,False,catchment
sce,San Fernando,8834,0.0625,1.9002792589636182,16,False,catchment
sce,San Fernando,8835,0.0625,1.8923726818577593,16,False,catchment
sdge,TORREY PINES,8836,0.14285714285714285,1.5104000648661835,7,False,catchment
sdge,TORREY PINES,8837,0.14285714285714285,1.5056438290332042,7,False,catchment
sdge,BOULEVARD EAST,8850,0.018867924528301886,84.12442106740187,53,False,catchment
sdge,BOULEVARD EAST,8851,0.018867924528301886,84.12777330259179,53,False,catchment
sdge,SAMPSON,8860,0.16666666666666666,2.177287173640754,6,False,catchment
sdge,SAMPSON,8861,0.16666666666666666,2.180944072434677,6,False,catchment
sdge,SAMPSON,8862,0.16666666666666666,2.176421576737534,6,False,catchment
sce,Aqueduct,8863,0.5,5.568539807088564,2,False,catchment
sce,Wrightwood,8864,1.0,23.508604704156333,1,False,catchment
pge,SHAFTER,267,1.0,0.0005096159758139845,1,False,name
pge,OCEANO,1182,0.3333333333333333,0.0007516281934329189,3,False,name
sce,Rush,513,1.0,0.001564012996655793,1,False,name
sce,Archibald,994,1.0,0.0018644227849256047,1,False,name
sce,Gale,8036,0.2,0.0018774956486804612,5,False,name
sce,Wakefield,1482,0.5,0.0021276575402072893,2,False,name
sce,Ivar,2052,1.0,0.002843732384528331,1,False,name
sce,Michillinda,2050,1.0,0.0029750037339404123,1,False,name
sce,Forest Home,2270,1.0,0.0031621029656363963,1,False,name
sce,Floraday,2059,0.5,0.0033146570188196706,2,False,name
pge,WILLIAMS,68,0.5,0.0034542899534485668,2,False,name
sce,Linden,547,1.0,0.0035553257040208622,1,False,name
sce,Sullivan,722,1.0,0.0037287497637210503,1,False,name
sce,Passons,486,0.5,0.0037636918009779055,2,False,name
sce,Sunny Dunes,2026,1.0,0.003849570636357436,1,False,name
sce,Palm Canyon,2027,1.0,0.00429672410774923,1,False,name
sce,Gale,8037,0.2,0.004307618317306428,5,False,name
pge,HURON,131,0.5,0.004466866046034633,2,False,name
pge,NORD,48,1.0,0.0048408493439549135,1,False,name
sce,Barstow,2012,1.0,0.005125919143982329,1,False,name
pge,SUNOL,21,0.3333333333333333,0.005158892219186769,3,False,name
pge,JARVIS,13,0.5,0.005310960143482429,2,False,name
sce,State Street,532,1.0,0.005393673525363029,1,False,name
sce,Desert Outpost,2025,1.0,0.0054470496199056405,1,False,name
sce,Venida,1442,0.5,0.0055631318381321355,2,False,name
sce,Culver,405,0.3333333333333333,0.005584993994007238,3,False,name
sce,Sierra Madre,2049,0.5,0.005783939349618364,2,False,name
pge,CHARCA,234,1.0,0.005935726962461354,1,False,name
pge,HAMMER,1147,1.0,0.006261876283082051,1,False,name
pge,ALTO,7685,0.5,0.006306905977756834,2,False,name
pge,CLAY,26,0.5,0.006451273038520648,2,False,name
pge,WYANDOTTE,54,0.1111111111111111,0.0065016449652621645,9,False,name
sce,Upland,1040,1.0,0.006671370572959465,1,False,name
pge,COALINGA NO 1,1654,0.2,0.00667277131126693,5,False,name
sce,Gonzales,1463,0.3333333333333333,0.0067979122669655345,3,False,name
pge,ARLINGTON,2133,1.0,0.007052579891774636,1,False,name
pge,SNEATH LANE,1208,1.0,0.0071207560614662485,1,False,name
pge,ORLAND B,155,0.5,0.007130153007992671,2,False,name
sce,Belvedere,2064,1.0,0.007360605255162462,1,False,name
sce,Pioneer,489,0.5,0.007393598336914691,2,False,name
pge,HAMILTON BRANCH,339,0.08333333333333333,0.007440560397014644,12,False,name
sce,Monrovia,2047,1.0,0.0075481583550632905,1,False,name
pge,RIO DELL,177,0.3333333333333333,0.007577348905681127,3,False,name
sce,Rivera,464,0.5,0.008036849066256733,2,False,name
pge,SOBRANTE,8085,0.3333333333333333,0.008070897632600185,3,False,name
sce,Havasu,1011,1.0,0.008091071782418904,1,False,name
sce,Center,8570,0.5,0.008141486399293013,2,False,name
pge,OREGON TRAIL,7647,0.08333333333333333,0.008282999561371065,12,False,name
sce,Sixteenth Street,2006,1.0,0.008321187061475834,1,False,name
pge,DIXON,1329,0.25,0.008334512707289393,4,False,name
pge,CABRILLO,39,0.25,0.008448571039134274,4,False,name
pge,BUENA VISTA,633,0.5,0.00845963804763418,2,False,name
sce,Team,725,1.0,0.008502115706091207,1,False,name
pge,ATWATER,605,0.25,0.008590584819892987,4,False,name
pge,SALMON CREEK,1346,1.0,0.008666202385034495,1,False,name
pge,RIO BRAVO,261,0.5,0.008732635697843242,2,False,name
sce,Neptune,472,1.0,0.008756241464575917,1,False,name
sce,Tamarisk,813,0.25,0.008798879169306186,4,False,name
sce,Haveda,2214,1.0,0.008812668866162863,1,False,name
pge,MOUNTAIN VIEW,1256,1.0,0.008855598394689156,1,False,name
pge,VASONA,1907,1.0,0.008892182545790368,1,False,name
pge,LERDO,250,0.25,0.008908000999065106,4,False,name
sce,Stewart,533,0.5,0.009264639047084513,2,False,name
pge,ESQUON,46,1.0,0.009278795218833708,1,False,name
pge,CATLETT,1388,0.14285714285714285,0.009338448127990891,7,False,name
pge,OLEMA,583,0.5,0.009359442631048816,2,False,name
pge,WALNUT CREEK,2145,1.0,0.00942035458646864,1,False,name
pge,MIWUK,1450,1.0,0.009566565428429867,1,False,name
pge,VIRGINIA,2127,1.0,0.009704438164853182,1,False,name
sce,Pomona,424,1.0,0.009852256103161,1,False,name
pge,DEL MAR,747,0.5,0.010044003809545846,2,False,name
sce,Somerset,527,1.0,0.01022994769767566,1,False,name
pge,DAIRYVILLE,1396,1.0,0.010237403909904493,1,False,name
pge,HOPLAND,595,1.0,0.010494701218067884,1,False,name
pge,PURISIMA,1217,0.3333333333333333,0.010667672886335635,3,False,name
sce,Center,8569,0.5,0.0106833968470872,2,False,name
pge,BARRY,1387,0.3333333333333333,0.010781974331559948,3,False,name
sce,Carson,386,0.5,0.010784948411328408,2,False,name
pge,GABILAN,637,0.5,0.01084184485563779,2,False,name
sce,Beverly,371,1.0,0.010849963551506326,1,False,name
sce,Carmenita,385,1.0,0.01104172700216218,1,False,name
pge,RICHMOND R,1604,0.14285714285714285,0.011098569611794899,7,False,name
pge,JAMESON,1782,0.3333333333333333,0.011129540514371544,3,False,name
sce,Calden,383,1.0,0.011141563541868557,1,False,name
pge,LUCERNE,330,1.0,0.011149519868108903,1,False,name
sce,Channel Island,1456,0.14285714285714285,0.011429351543389444,7,False,name
pge,OREGON TRAIL,7646,0.08333333333333333,0.011433700030920577,12,False,name
sce,Temple,2051,1.0,0.011451875192371326,1,False,name
sce,Rolling Hills,511,1.0,0.01145968478703185,1,False,name
pge,RED BLUFF,1401,1.0,0.011493298118230454,1,False,name
sce,Eaton,414,0.3333333333333333,0.011523546368867625,3,False,name
pge,SOLANO,2131,1.0,0.01158527689796045,1,False,name
pge,SAN JOSE A,1257,1.0,0.011605395242850942,1,False,name
sce,Longdon,2078,0.5,0.01170070074360893,2,False,name
pge,BERKELEY F,2135,1.0,0.011724811611192158,1,False,name
sce,Signal Hill,524,0.3333333333333333,0.01189490503727595,3,False,name
pge,SOBRANTE,8084,0.3333333333333333,0.012107404864774667,3,False,name
sce,Ontario,1999,0.3333333333333333,0.012188426509521268,3,False,name
pge,FAIRHAVEN,165,1.0,0.012222944087160707,1,False,name
pge,SANTA ROSA A,8012,0.3333333333333333,0.012238003272421446,3,False,name
pge,MARYSVILLE,1494,1.0,0.012282922607143103,1,False,name
pge,DESCHUTES,1281,1.0,0.012376025661626218,1,False,name
sce,Valley,816,0.25,0.012594700810893806,4,False,name
sce,Hemet,2023,1.0,0.012709582406996463,1,False,name
sce,Bridge,378,1.0,0.013018534114222016,1,False,name
pge,GOLDTREE,1180,0.5,0.01307758941793577,2,False,name
sce,Mt. Vernon,2007,1.0,0.013097353863612882,1,False,name
pge,OLETA,31,1.0,0.013187573754234643,1,False,name
pge,BIG RIVER,590,1.0,0.013281934642408382,1,False,name
pge,EAST MARYSVILLE,1491,1.0,0.013283448374132279,1,False,name
pge,SOLEDAD,8712,0.2,0.01329455220946659,5,False,name
pge,MC FARLAND,252,1.0,0.013500819816346517,1,False,name
pge,DOLAN ROAD,1648,0.14285714285714285,0.013613330577016783,7,False,name
pge,MIRABEL,1339,1.0,0.01362203712589991,1,False,name
pge,WESTPARK,280,0.5,0.013773882285610125,2,False,name
pge,BROOKSIDE,2123,0.5,0.013810955638857604,2,False,name
pge,ALTO,7684,0.5,0.013852710429949391,2,False,name
pge,RINCON,1345,1.0,0.014033244970530722,1,False,name
sce,Banning,8456,0.3333333333333333,0.0140823209160525,3,False,name
pge,HICKS,8253,0.25,0.014110467767954129,4,False,name
pge,WILLITS,1581,0.5,0.014125178001032402,2,False,name
pge,BRIDGEVILLE,164,0.5,0.014168526490433436,2,False,name
pge,ROCKLIN,754,0.029411764705882353,0.014170879331032234,34,False,name
pge,TEMPLETON,8405,0.5,0.01421123464979413,2,False,name
pge,OLD RIVER,258,1.0,0.014232931862799546,1,False,name
pge,NOTRE DAME,1911,1.0,0.014279959361216598,1,False,name
pge,SEMITROPIC,266,0.5,0.014362713235062633,2,False,name
sce,Mira Loma,8083,0.25,0.014388023217386648,4,False,name
pge,MIRA VISTA,2125,1.0,0.01439677444028334,1,False,name
pge,COLUMBUS,8300,0.2,0.014434708781575479,5,False,name
pge,LINCOLN,751,1.0,0.01444366808308673,1,False,name
sce,Tippecanoe,2008,1.0,0.014444167706861404,1,False,name
pge,STAFFORD,585,1.0,0.014494326055014814,1,False,name
sce,Neenach,471,0.3333333333333333,0.014495606265421622,3,False,name
pge,SOLEDAD,8711,0.2,0.014519178867273814,5,False,name
sce,Mira Loma,8082,0.25,0.014619552514443952,4,False,name
pge,CALFLAX,119,1.0,0.014630632031547299,1,False,name
pge,PARLIER,140,1.0,0.014722564639051576,1,False,name
sce,Perry,2100,0.5,0.014738422156824216,2,False,name
pge,DIAMOND SPRINGS,99,1.0,0.014765216214494505,1,False,name
pge,TEMPLETON,8406,0.5,0.01483376230240496,2,False,name
pge,KERMAN,132,1.0,0.014953769976533669,1,False,name
pge,PANAMA,259,1.0,0.015003379295613614,1,False,name
pge,SMYRNA,268,1.0,0.015057877936796273,1,False,name
sce,Santa Fe Springs,517,0.25,0.015127069979799967,4,False,name
sce,Amalia,2066,1.0,0.015217117618363174,1,False,name
pge,CHICO A,43,1.0,0.015336646064670749,1,False,name
pge,JANES CREEK,171,0.5,0.015351382507509326,2,False,name
sce,Archline,995,1.0,0.015394543999861494,1,False,name
pge,LOS GATOS,1814,1.0,0.015396618639030052,1,False,name
sce,Oldfield,534,1.0,0.015615997365520998,1,False,name
sce,Lakewood,447,0.5,0.015643495022196446,2,False,name
sce,La Mirada,446,1.0,0.015669910149434862,1,False,name
sce,Mira Loma,8081,0.25,0.01575870548878093,4,False,name
sce,Eric,416,0.5,0.01593752699066401,2,False,name
pge,OAKLAND L,1612,1.0,0.01604341116278891,1,False,name
pge,CRESSEY,608,0.2,0.016063068171160638,5,False,name
pge,HICKS,8254,0.25,0.01621856124562102,4,False,name
pge,LIVE OAK,1391,0.5,0.016310828703184906,2,False,name
sce,Riverway,1979,0.5,0.01647817484536121,2,False,name
sce,Rialto,2004,1.0,0.016692316607188416,1,False,name
sce,Duarte,2046,0.5,0.016815725617730412,2,False,name
sce,Fruitland,421,0.07692307692307693,0.016844100367253957,13,False,name
pge,BASALT,657,1.0,0.01684602863117184,1,False,name
pge,WOODSIDE,1210,1.0,0.016882348421362377,1,False,name
sce,Victoria,553,1.0,0.016900239247339466,1,False,name
sce,Arcadia,362,1.0,0.016941190029122293,1,False,name
pge,ALMADEN,1241,1.0,0.01694331852648516,1,False,name
pge,SERRAMONTE,8463,0.5,0.016981954951761125,2,False,name
pge,WEEDPATCH,278,0.5,0.01704215995017857,2,False,name
sce,Howard,434,0.2,0.017066883570171443,5,False,name
sce,Belmont,366,1.0,0.017164282287254654,1,False,name
pge,POSO MOUNTAIN,1664,0.25,0.017182071466780916,4,False,name
sce,Lancaster,448,0.3333333333333333,0.01719502939998513,3,False,name
pge,SERRAMONTE,8464,0.5,0.017302913914303383,2,False,name
pge,CURTIS,1448,0.2,0.01738512999816882,5,False,name
pge,CANTUA,121,1.0,0.017438806543580463,1,False,name
pge,SAN BRUNO,1206,1.0,0.017505173086233842,1,False,name
pge,POINT PINOLE,93,1.0,0.017532199649547272,1,False,name
pge,JACINTO,151,0.3333333333333333,0.01754731751765085,3,False,name
sce,Vera,727,1.0,0.017794685375488895,1,False,name
sce,Perez,2022,0.5,0.01782586778360453,2,False,name
sce,Fremont,1510,1.0,0.017889512021289203,1,False,name
sce,Valdez,550,0.3333333333333333,0.017916432824246663,3,False,name
sce,Atwood,667,0.5,0.017926087385428852,2,False,name
pge,PEASE,1393,0.5,0.017968608336071928,2,False,name
pge,STELLING,1259,0.14285714285714285,0.017993222087820927,7,False,name
pge,CASSIDY,568,1.0,0.018003765672981543,1,False,name
pge,SAN MIGUEL,2242,1.0,0.018043860639081068,1,False,name
pge,KIRKER,8147,0.3333333333333333,0.01808761188984251,3,False,name
pge,SANTA ROSA A,8011,0.3333333333333333,0.018109244639990238,3,False,name
sce,Hesperia,1012,1.0,0.018123808275245092,1,False,name
sce,San Miguel,1473,0.5,0.0181818622503057,2,False,name
pge,COARSEGOLD,569,1.0,0.01832382688835098,1,False,name
pge,PINEDALE,2185,0.5,0.018576161463576882,2,False,name
pge,STILLWATER,1287,0.0625,0.01866766703424581,16,False,name
sce,Banning,8455,0.3333333333333333,0.01871486156145856,3,False,name
sce,Walteria,556,0.5,0.01875341773869392,2,False,name
sce,Sunnyside,536,0.3333333333333333,0.018755581758129036,3,False,name
pge,STROUD,145,0.3333333333333333,0.018759794256814524,3,False,name
sce,Lafayette,697,0.5,0.018760129376273575,2,False,name
pge,COLUMBUS,8299,0.2,0.01884781668417497,5,False,name
pge,SANTA NELLA,617,0.09090909090909091,0.018908086007488188,11,False,name
pge,MERCED FALLS,615,0.125,0.0189250056585937,8,False,name
pge,HAMILTON A,47,1.0,0.018948212396046556,1,False,name
pge,FORT ORD,636,1.0,0.018955670005788832,1,False,name
pge,HICKS,8252,0.25,0.01901681104356545,4,False,name
pge,OROSI,1414,1.0,0.019062792930847425,1,False,name
pge,OAKLAND X,1611,1.0,0.019067181551279982,1,False,name
pge,FROGTOWN,58,0.5,0.01927414286285471,2,False,name
pge,MOSHER,1159,1.0,0.01944556639757613,1,False,name
pge,GIRVAN,1283,0.09090909090909091,0.01950927361826206,11,False,name
pge,SWIFT,1261,1.0,0.019549287092035544,1,False,name
pge,ELK HILLS,241,0.16666666666666666,0.019657070797553636,6,False,name
pge,KINGSBURG,8301,0.25,0.019702207480372137,4,False,name
sce,Oceanview,711,1.0,0.019739646625549754,1,False,name
pge,FAIRVIEW,1592,0.14285714285714285,0.0197729132277282,7,False,name
pge,WILSON,619,0.125,0.019791007457408506,8,False,name
pge,SF A (POTRERO),1503,1.0,0.019865977725706516,1,False,name
pge,CHANNEL,1140,0.2,0.019911133996450562,5,False,name
pge,NORTH DUBLIN,1539,0.5,0.019934432412365317,2,False,name
sce,Milliken,1846,0.3333333333333333,0.019948727655545492,3,False,name
pge,MC ARTHUR,1284,0.05555555555555555,0.02001186312963565,18,False,name
sce,Gisler,690,1.0,0.02031923980330708,1,False,name
pge,GUSTINE,612,0.5,0.020330758858712335,2,False,name
sce,Bicknell,2065,1.0,0.020361731924521797,1,False,name
pge,PASO ROBLES,1183,1.0,0.02053028496388307,1,False,name
pge,RUSSELL,2138,1.0,0.02056209112129965,1,False,name
sce,Holiday,2232,1.0,0.020582033517923926,1,False,name
sce,Slater,720,0.3333333333333333,0.020604913588472946,3,False,name
pge,UKIAH,600,0.5,0.020617426257772697,2,False,name
sce,Borrego,671,1.0,0.020624035724448212,1,False,name
sce,La Canada,445,0.3333333333333333,0.020661215546709195,3,False,name
pge,CORONA,8384,0.5,0.020705549284606828,2,False,name
pge,AUBURN,742,0.5,0.020952817094250602,2,False,name
sce,Cornuta,398,1.0,0.021111226212801214,1,False,name
sce,Sepulveda,521,0.043478260869565216,0.02113873313880894,23,False,name
pge,WASCO,277,1.0,0.021221127780169928,1,False,name
pge,GREEN VALLEY,8693,0.5,0.02125393507330731,2,False,name
sce,Cabrillo,676,0.5,0.021304743394399295,2,False,name
pge,GREEN VALLEY,8692,0.5,0.02131640790925374,2,False,name
sce,Rosamond,308,0.5,0.0213223966267901,2,False,name
pge,COPUS,235,0.3333333333333333,0.021375299337275947,3,False,name
sce,Walnut,7990,0.3333333333333333,0.02140830910928324,3,False,name
pge,SILVERADO,8044,0.5,0.021512346794531886,2,False,name
pge,AVENAL,317,1.0,0.021668983567021953,1,False,name
pge,SILVERADO,8045,0.5,0.0217167995443389,2,False,name
sce,Telegraph,538,0.5,0.021782220557376015,2,False,name
pge,FRENCH CAMP,1145,1.0,0.02182319102711921,1,False,name
pge,GREENBRAE,580,1.0,0.021862593604338097,1,False,name
sce,Downey,376,0.5,0.02187146772892677,2,False,name
pge,KINGSBURG,8302,0.25,0.02194758686358276,4,False,name
pge,KIRKER,8148,0.3333333333333333,0.021967679127724446,3,False,name
pge,LIVINGSTON,614,0.0625,0.021987599660295575,16,False,name
sce,San Gabriel,515,1.0,0.022111424186493294,1,False,name
sce,Macarthur,701,0.5,0.022179368424475012,2,False,name
sce,Railroad,499,1.0,0.022295633602779724,1,False,name
sce,Nelson,806,0.5,0.022382647068213583,2,False,name
pge,LAS GALLINAS A,581,1.0,0.022395417023138103,1,False,name
pge,WILLOWS A,157,1.0,0.022501701969763813,1,False,name
pge,STUART,2137,1.0,0.02268858471628232,1,False,name
pge,PLEASANT GROVE,753,0.05263157894736842,0.02281097939622818,19,False,name
sce,George A.f.b.,1953,0.3333333333333333,0.022821870402337265,3,False,name
pge,BUTTE,42,0.2,0.022913464027908434,5,False,name
pge,BELL,743,1.0,0.02293641850316465,1,False,name
sce,Quartz Hill,498,0.5,0.02306154011533048,2,False,name
pge,ZACA,1219,1.0,0.023083499836058296,1,False,name
sce,Gallatin,423,0.5,0.023098599034560605,2,False,name
pge,RIPON,1152,0.05263157894736842,0.023154396914252546,19,False,name
sce,Citrus,391,1.0,0.023209519040940402,1,False,name
pge,BRUNSWICK,662,1.0,0.02331820827109681,1,False,name
pge,CORONA,8385,0.5,0.023350194060248672,2,False,name
pge,WHEATLAND,1496,0.25,0.023358459282484215,4,False,name
sce,Walnut,7989,0.3333333333333333,0.023412433662146178,3,False,name
pge,OAKHURST,575,1.0,0.02356920110371603,1,False,name
pge,PENNGROVE,1342,1.0,0.02356930042998521,1,False,name
pge,OROVILLE,49,0.25,0.023591331853215713,4,False,name
pge,LLAGAS,1247,0.5,0.023593969738577473,2,False,name
pge,REEDLEY,143,0.25,0.02364347290700879,4,False,name
pge,PIT NO 5,1730,0.037037037037037035,0.023660502649779026,27,False,name
pge,AIRWAYS,2186,1.0,0.023684919085704227,1,False,name
pge,BIOLA,118,1.0,0.023763831938147476,1,False,name
pge,ORICK,2239,0.3333333333333333,0.023863961979904785,3,False,name
sce,Edinger,2227,1.0,0.02388299522187303,1,False,name
pge,VASCO,23,0.1111111111111111,0.023884984630481037,9,False,name
pge,LOS MOLINOS,1398,1.0,0.0239228374559866,1,False,name
pge,RIDGE,2132,0.3333333333333333,0.023945934387407247,3,False,name
pge,MONARCH,1157,0.5,0.02417946432763037,2,False,name
sce,Stadler,811,1.0,0.024541309229874183,1,False,name
sce,Terrace,2063,0.16666666666666666,0.024564123496132087,6,False,name
pge,PLACER,8868,0.2,0.02458175336252929,5,False,name
pge,STOCKTON A,8161,0.3333333333333333,0.024594078986873324,3,False,name
pge,GERBER,1397,1.0,0.02478685977355165,1,False,name
pge,ARANA,2174,0.3333333333333333,0.024841649749948992,3,False,name
sce,Beaumont,2229,0.5,0.024880150287442955,2,False,name
sce,Bolsa,670,0.5,0.02489491741187584,2,False,name
pge,CLAYTON,82,1.0,0.025158501493210382,1,False,name
pge,TULARE LAKE,326,0.5,0.02518628640714376,2,False,name
pge,BOWLES,139,1.0,0.025268097059120333,1,False,name
sce,Carolina,679,1.0,0.025282161819249083,1,False,name
sce,Palmdale,484,1.0,0.02539599322945871,1,False,name
sce,Redondo,2101,0.5,0.025546715531222033,2,False,name
sce,Running Springs,2281,1.0,0.025834374065190485,1,False,name
pge,CORNING,1395,1.0,0.02585472245996421,1,False,name
pge,HORSESHOE,750,0.022727272727272728,0.025971438828081964,44,False,name
sce,Movie,343,0.5,0.026153510926589074,2,False,name
sce,Nogales,475,0.5,0.026175552099761294,2,False,name
pge,VIEJO,656,0.3333333333333333,0.02622875449511362,3,False,name
pge,ELK,592,1.0,0.02626785232953399,1,False,name
sce,Lucas,459,1.0,0.026380130362765306,1,False,name
pge,ROB ROY,1272,0.3333333333333333,0.026435117428936318,3,False,name
pge,LAS POSITAS,7961,0.25,0.026461759527842757,4,False,name
pge,ALHAMBRA,69,1.0,0.026718243290769685,1,False,name
sce,Broadway,381,1.0,0.026798439272258993,1,False,name
pge,GILL,2321,1.0,0.02687284997483076,1,False,name
pge,CAL WATER,2201,0.2,0.026926418648541076,5,False,name
pge,SCHINDLER,8231,0.25,0.026990709102147965,4,False,name
sce,Alder,990,1.0,0.027085539519188004,1,False,name
sce,Jersey,441,0.5,0.02722042061405344,2,False,name
pge,BORDEN,566,0.5,0.027279603644014,2,False,name
sce,Naomi,2068,0.5,0.027372644411750958,2,False,name
pge,WEIMAR,758,1.0,0.02741725560628793,1,False,name
pge,HARDING,1148,0.5,0.02745739974062772,2,False,name
pge,MERCED,7914,0.5,0.027520459291829693,2,False,name
pge,SAUSALITO,584,1.0,0.027547645336066497,1,False,name
sce,Timoteo,8136,0.3333333333333333,0.027576009473053418,3,False,name
pge,SAN LUIS OBISPO,8842,0.5,0.027591388288086573,2,False,name
pge,MEADOW LANE,92,1.0,0.027706237743025355,1,False,name
pge,MC MULLIN,136,1.0,0.027731161645192435,1,False,name
sce,Newhall,474,0.5,0.027800659406270262,2,False,name
pge,REDBUD,331,1.0,0.027944218192725467,1,False,name
pge,LAURELES,643,1.0,0.02795846910674725,1,False,name
pge,CALIFORNIA AVE,1650,1.0,0.027983121431322065,1,False,name
sce,Laguna Bell,7868,0.25,0.028002910902196913,4,False,name
sce,Fernwood,418,1.0,0.02801693710876032,1,False,name
sce,Alon,355,0.16666666666666666,0.02828245402368588,6,False,name
pge,LAS POSITAS,7960,0.25,0.02830290322858297,4,False,name
pge,GANSO,245,0.5,0.028308764738429325,2,False,name
sce,Bowl,374,1.0,0.028622576958961997,1,False,name
pge,PACIFIC GROVE,2181,0.5,0.0286482939569045,2,False,name
pge,HARTER,1390,0.5,0.02869409328372611,2,False,name
pge,WEBER,8829,0.16666666666666666,0.028707988566210745,6,False,name
pge,CHEROKEE,1141,1.0,0.02871009276161212,1,False,name
pge,SCHINDLER,8230,0.25,0.028814976043596563,4,False,name
pge,PLACER,8867,0.2,0.028852513172515692,5,False,name
pge,ARCATA,160,0.5,0.02891019448364979,2,False,name
pge,EL PECO,571,1.0,0.028911503034875774,1,False,name
pge,MERCED,7913,0.5,0.028911623345540063,2,False,name
pge,COTATI,1336,0.5,0.02898286446457943,2,False,name
pge,FORT SEWARD,166,0.3333333333333333,0.02903897120550765,3,False,name
pge,CHOLAME,1178,0.5,0.029090264680324256,2,False,name
pge,WEST SACRAMENTO,8662,0.010101010101010102,0.029123316552874028,99,False,name
pge,NEWBURG,173,1.0,0.02941468423137609,1,False,name
sce,El Sobrante,2225,0.2,0.029526083374451197,5,False,name
sce,Parkwood,716,0.5,0.029725289871314065,2,False,name
pge,GEYSERVILLE,1338,0.25,0.029833064336724762,4,False,name
pge,KING CITY,1972,0.16666666666666666,0.02998004989889747,6,False,name
sce,Laguna Bell,7869,0.25,0.030048844827967332,4,False,name
pge,MORGAN HILL,1255,0.5,0.030171996692353206,2,False,name
pge,KONOCTI,329,0.125,0.030218736343385712,8,False,name
pge,PAUL SWEET,8053,0.25,0.030252423752057098,4,False,name
sce,Timoteo,8135,0.3333333333333333,0.03029309099590297,3,False,name
pge,ERTA,1270,1.0,0.030304335969980223,1,False,name
sce,Ellis,7627,0.2,0.030309537833631203,5,False,name
pge,NOVATO,582,1.0,0.03036307794539254,1,False,name
pge,KERN OIL,283,0.05,0.030377502355642818,20,False,name
pge,BAYWOOD,1173,1.0,0.03037939002057192,1,False,name
sce,Bayside,669,1.0,0.03038952912327001,1,False,name
pge,CAROLANDS,1195,1.0,0.03040581395200562,1,False,name
sce,Bovine,373,1.0,0.030427789687262664,1,False,name
pge,EL NIDO,8435,0.25,0.030540236346047446,4,False,name
pge,CAYUCOS,1177,1.0,0.030581417135517288,1,False,name
pge,LIVERMORE,15,1.0,0.03058382242455479,1,False,name
pge,BAHIA,1326,0.5,0.030658184622343054,2,False,name
pge,RADUM,17,0.5,0.03066107568441952,2,False,name
sce,Watson,558,0.1111111111111111,0.03079681201667076,9,False,name
sce,Elsinore,793,1.0,0.030837649828750854,1,False,name
pge,ATASCADERO,1172,1.0,0.031158266240227148,1,False,name
pge,SAN LUIS OBISPO,8843,0.5,0.03134263100888006,2,False,name
sce,Lynwood,2075,1.0,0.03149066318337906,1,False,name
pge,STOCKTON A,8160,0.3333333333333333,0.031491943937366325,3,False,name
pge,CHICO B,44,1.0,0.03168779407684837,1,False,name
pge,COLUMBIA HILL,663,1.0,0.031728483164262314,1,False,name
sce,Sawtelle,519,0.3333333333333333,0.03173382471768166,3,False,name
pge,COVELO,591,1.0,0.03176193746688723,1,False,name
pge,ORTIGA,616,0.3333333333333333,0.031803416595234044,3,False,name
pge,SAN JOAQUIN,144,0.2,0.0318067123774339,5,False,name
sce,Mayflower,2048,1.0,0.03185664262218877,1,False,name
pge,PARKWAY,2116,1.0,0.031899377560424075,1,False,name
sce,La Palma,695,0.5,0.03195303244823973,2,False,name
pge,FLORENCE,2142,1.0,0.031964497873711924,1,False,name
pge,DRUM,8577,0.5,0.03202690877533137,2,False,name
pge,HATTON,639,0.5,0.03215374520546819,2,False,name
pge,RESEARCH,95,0.5,0.032219910413049654,2,False,name
sce,Wabash,555,0.2,0.03224784319740138,5,False,name
pge,LINDEN,1153,0.3333333333333333,0.03225760077544052,3,False,name
pge,FRANKLIN,88,0.1111111111111111,0.03226179195261556,9,False,name
sce,Santa Monica,518,1.0,0.032487638686298316,1,False,name
pge,RALSTON,1205,0.5,0.03249319762936255,2,False,name
sce,Brighton,380,1.0,0.032529054240880234,1,False,name
pge,PAUL SWEET,8052,0.25,0.03265315789082286,4,False,name
pge,WILLOW PASS,97,0.25,0.03298345236633409,4,False,name
sce,Nola,476,1.0,0.033015673427257086,1,False,name
pge,PUEBLO,660,1.0,0.033063939572001044,1,False,name
pge,EL NIDO,8436,0.25,0.033265834812747835,4,False,name
sce,Greenhorn,297,1.0,0.033317835654915626,1,False,name
sce,Ellis,7628,0.2,0.0333619193499229,5,False,name
pge,ANTELOPE,224,0.25,0.0334740316104472,4,False,name
pge,FITCH MOUNTAIN,1763,1.0,0.03354915580036976,1,False,name
pge,SAN JOSE B,1258,0.5,0.03359496306852174,2,False,name
sce,East Barstow,2011,0.5,0.033617156362906186,2,False,name
sce,Bandini,368,0.5,0.03402001805228866,2,False,name
sce,Fullerton,688,0.25,0.034024737603271606,4,False,name
pge,CLARK ROAD,1578,0.5,0.034037092246691415,2,False,name
pge,SISQUOC,8121,0.3333333333333333,0.03405138440490768,3,False,name
pge,TASSAJARA,2236,1.0,0.03407974533562299,1,False,name
sce,Cherry,389,1.0,0.03410651198358163,1,False,name
pge,EUREKA A,1574,1.0,0.03413324629082015,1,False,name
pge,SUMMIT,7837,0.04,0.03427537555700381,25,False,name
pge,TRINIDAD,180,1.0,0.03433244145822427,1,False,name
pge,BONNIE NOOK,744,1.0,0.03435913383049031,1,False,name
sce,Fillmore,1461,0.5,0.0343748039402394,2,False,name
sce,Newmark,473,0.5,0.0343800079807834,2,False,name
pge,STOCKTON ACRES,2243,1.0,0.034405386147737735,1,False,name
sce,Mascot,2260,0.5,0.03443693390001783,2,False,name
pge,CAMDEN,120,1.0,0.03444295497136766,1,False,name
pge,BAY MEADOWS,8587,0.5,0.03454998930032219,2,False,name
pge,MILPITAS,1253,1.0,0.03455698950291412,1,False,name
pge,SISQUOC,8122,0.3333333333333333,0.034601711261194185,3,False,name
sce,Aqueduct,993,0.5,0.034616864614981493,2,False,name
pge,ARBUCKLE,62,0.3333333333333333,0.034685438449860086,3,False,name
sce,Cucamonga,1002,1.0,0.03474857777004966,1,False,name
sce,Dalton,406,0.125,0.03495505547800293,8,False,name
sce,Arro,996,0.5,0.03496442006793174,2,False,name
pge,WEBER,8830,0.16666666666666666,0.03496894520512932,6,False,name
pge,WEST SACRAMENTO,8661,0.010101010101010102,0.034989138471113033,99,False,name
pge,VINA,1403,1.0,0.035061815674375135,1,False,name
sce,Calectric,998,0.5,0.03507383531621427,2,False,name
sce,Pearl,2092,0.25,0.035141745180659455,4,False,name
sce,Camden,677,1.0,0.03525854562190355,1,False,name
pge,MAXWELL,66,0.25,0.03534438141920356,4,False,name
pge,CAMP EVERS,1268,1.0,0.03542062292989161,1,False,name
sce,Athens,2077,1.0,0.035502353088559674,1,False,name
sce,Hathaway,431,1.0,0.03561183216371818,1,False,name
sce,Bradbury,375,0.5,0.035650978438771484,2,False,name
pge,PLUMAS,1495,0.5,0.035679291017644305,2,False,name
pge,PACIFICA,1203,1.0,0.03571128632650128,1,False,name
pge,FMC,1231,0.25,0.03573912060044359,4,False,name
pge,SANTA YNEZ,1218,1.0,0.03577740018023218,1,False,name
pge,EAST NICOLAUS,8562,0.14285714285714285,0.035784973145772586,7,False,name
sce,Trask,726,1.0,0.035878538689422035,1,False,name
sce,Locust,2090,1.0,0.03593056607623245,1,False,name
pge,DRUM,8578,0.5,0.036011102069751826,2,False,name
sce,Woodruff,2060,1.0,0.0360657998585462,1,False,name
pge,BORONDA,8337,0.5,0.03613210403559867,2,False,name
pge,MOUNTAIN QUARRIES,102,1.0,0.03631783751072036,1,False,name
pge,JACOBS CORNER,322,1.0,0.03639937845159338,1,False,name
pge,METTLER,1156,1.0,0.03642924347792614,1,False,name
pge,CANAL,606,1.0,0.036445533601513314,1,False,name
pge,BANGOR,41,1.0,0.03652660213694413,1,False,name
sce,Mt. Tom,212,0.06666666666666667,0.03658495823958809,15,False,name
sce,Torrance,542,1.0,0.036682345049946066,1,False,name
pge,RIVERBANK,1378,0.03333333333333333,0.03674821839752411,30,False,name
sce,Bluff Cove,2103,1.0,0.03675886253649742,1,False,name
sce,Colorado,394,0.5,0.03676260909985343,2,False,name
pge,TAFT,8239,0.25,0.03677004239855959,4,False,name
pge,HIGHWAY,659,0.5,0.03679049679826982,2,False,name
pge,MORRO BAY,7636,0.5,0.0370219232157593,2,False,name
sce,Stetson,812,1.0,0.03712133092836483,1,False,name
pge,MADERA,573,0.3333333333333333,0.03719704193991145,3,False,name
sce,Burnt Mill,2271,1.0,0.0373893735918177,1,False,name
pge,CARRIZO PLAINS,1176,1.0,0.03744889167967175,1,False,name
pge,EAST NICOLAUS,8561,0.14285714285714285,0.03752106328751657,7,False,name
sce,Cypress,684,1.0,0.037631282794762924,1,False,name
pge,DINUBA,1413,1.0,0.03763476958904134,1,False,name
pge,RESERVE OIL,325,0.16666666666666666,0.03768620875071789,6,False,name
pge,TYLER,1402,1.0,0.03776674547712598,1,False,name
pge,LOS COCHES,644,1.0,0.03779987597407527,1,False,name
pge,VALLEY HOME,1168,0.5,0.03795646874529618,2,False,name
pge,LOYOLA,1249,0.5,0.03803961836621864,2,False,name
pge,EDES,8,1.0,0.03810823096401676,1,False,name
pge,MORRO BAY,7637,0.5,0.038151957908237555,2,False,name
pge,PETALUMA A,1344,1.0,0.03829209185140746,1,False,name
pge,LAS PULGAS,1200,1.0,0.03829848761962172,1,False,name
pge,MC KEE,1252,1.0,0.03830557426279352,1,False,name
sce,Chase,786,0.3333333333333333,0.03849466333159035,3,False,name
sce,Clark,392,0.5,0.0385399415177211,2,False,name
pge,DAIRYLAND,570,1.0,0.038638353033584774,1,False,name
pge,CORCORAN,318,0.2,0.03867256798526166,5,False,name
pge,DUMBARTON,7,1.0,0.03867441921496793,1,False,name
pge,REDWOOD CITY,8592,0.2,0.038688835405029764,5,False,name
sce,Limestone,700,1.0,0.03871286521152544,1,False,name
sce,Fairfax,2091,0.16666666666666666,0.03874308376876965,6,False,name
sce,Joshua Tree,2016,1.0,0.03889878741409156,1,False,name
pge,WARD,2152,1.0,0.03895797033804346,1,False,name
pge,MARTELL,29,0.3333333333333333,0.03897936955507111,3,False,name
pge,TAFT,8238,0.25,0.03908631812392222,4,False,name
sce,Delano,291,0.5,0.039198467928817274,2,False,name
sce,Levy,1464,0.1,0.03923554168299672,10,False,name
pge,EL CERRITO G,8639,0.5,0.03924922339784726,2,False,name
pge,PANORAMA,1285,0.3333333333333333,0.03927322458755716,3,False,name
pge,LOGAN CREEK,154,0.3333333333333333,0.039353642969423695,3,False,name
pge,FOOTHILL,1179,0.25,0.03943897068596385,4,False,name
pge,PALMER,1216,1.0,0.03961726498818977,1,False,name
pge,GLENWOOD,1198,0.125,0.039659925438613935,8,False,name
pge,SUMMIT,7838,0.04,0.0396677090799821,25,False,name
sce,Gaviota,1223,0.3333333333333333,0.03973395118329399,3,False,name
pge,VIERRA,1792,0.125,0.03973657057032603,8,False,name
pge,FAIRWAY,1213,1.0,0.03982764420516687,1,False,name
pge,BERESFORD,1192,1.0,0.040101139141445065,1,False,name
sce,Randolph,501,0.3333333333333333,0.04021187389709522,3,False,name
pge,SOTO,2158,1.0,0.04030655124113263,1,False,name
sce,Ojai,1467,1.0,0.04044570888742562,1,False,name
pge,LE GRAND,613,1.0,0.04045123399698744,1,False,name
sce,Felton,417,1.0,0.04051901017593494,1,False,name
sce,Vegas,1227,1.0,0.0405498660527178,1,False,name
sce,Santa Barbara,1226,1.0,0.04068329754839474,1,False,name
pge,SAN RAFAEL,7988,0.5,0.04085251122800632,2,False,name
pge,LOS ALTOS,1248,1.0,0.04093517582980126,1,False,name
pge,HAYWARD O,2157,0.5,0.04098209199074871,2,False,name
pge,BAY MEADOWS,8588,0.5,0.04102403942854458,2,False,name
pge,SHINGLE SPRINGS,104,0.25,0.04115658674071116,4,False,name
pge,PENRYN,752,0.3333333333333333,0.04122278553540503,3,False,name
pge,VINEYARD,24,0.3333333333333333,0.04122488524288978,3,False,name
sce,Santiago,7870,0.5,0.04145542175712902,2,False,name
sce,Lindsay,1429,1.0,0.041480143905492116,1,False,name
pge,BRITTON,1229,0.14285714285714285,0.041503221626314146,7,False,name
pge,MABURY,1250,0.5,0.04163902524399231,2,False,name
sce,Hi Desert,1013,1.0,0.04166905024548118,1,False,name
pge,MT EDEN,7639,0.25,0.04171926115934802,4,False,name
pge,LAYTONVILLE,596,1.0,0.04175754852676058,1,False,name
sce,Francis,1007,1.0,0.04184077838451859,1,False,name
pge,SARATOGA,7918,0.5,0.04197016531205012,2,False,name
sce,Huston,1995,1.0,0.04197433537569558,1,False,name
sce,Murphy,468,0.5,0.041998806863562665,2,False,name
sce,Garnet,796,0.3333333333333333,0.042033596732750686,3,False,name
pge,BLACKWELL,229,1.0,0.04206320638670688,1,False,name
pge,NAPA,8541,0.5,0.04209984936552426,2,False,name
pge,NAPA,8540,0.5,0.04212900143681777,2,False,name
pge,SAN ARDO,654,1.0,0.0423763203374855,1,False,name
pge,PARSONS,2159,1.0,0.0425123931013585,1,False,name
pge,WOLFE,1264,0.3333333333333333,0.04251619828550777,3,False,name
pge,WHISMAN,1263,1.0,0.04256522041249807,1,False,name
pge,EDENVALE,1244,0.5,0.04259205308953346,2,False,name
sce,La Habra,694,0.5,0.042699613880510044,2,False,name
pge,WALDO,2128,1.0,0.04272209423488346,1,False,name
pge,OAKLAND J,20,1.0,0.042772050554596104,1,False,name
pge,ANDERSON,1278,1.0,0.042799431682397644,1,False,name
pge,PARADISE,50,0.3333333333333333,0.042870935304109375,3,False,name
pge,BIG BASIN,1266,1.0,0.042963751221502214,1,False,name
sce,Santiago,7871,0.5,0.04298213507773802,2,False,name
pge,PINE GROVE,33,1.0,0.04312077223080094,1,False,name
pge,SAN RAFAEL,7987,0.5,0.043281229677843154,2,False,name
sce,Victorville,1994,0.16666666666666666,0.04328621440872473,6,False,name
pge,EL CERRITO G,8638,0.5,0.0432941170228998,2,False,name
pge,SANTA RITA,618,1.0,0.043413487711400175,1,False,name
sce,Coffee,8501,0.3333333333333333,0.04342852340277804,3,False,name
pge,WEST LANE,1171,1.0,0.04344271177032041,1,False,name
sce,Imperial,437,0.5,0.04366236052400362,2,False,name
pge,SAN LEANDRO U,19,1.0,0.04367169130071399,1,False,name
pge,FAIRMOUNT,2130,1.0,0.04369816896191685,1,False,name
pge,MONTAGUE,1254,1.0,0.04370487325550232,1,False,name
sce,Cedarwood,2224,1.0,0.04380117161006452,1,False,name
pge,CHALLENGE,1489,0.5,0.04386368426386156,2,False,name
sce,Crest,402,1.0,0.04386444798138608,1,False,name
pge,SARATOGA,7917,0.5,0.04393798040710926,2,False,name
sce,Marion,702,1.0,0.04398102133756822,1,False,name
pge,BLUE LAKE,163,0.5,0.044040665394728,2,False,name
sce,Redlands,8314,0.3333333333333333,0.044552806021519585,3,False,name
pge,BORONDA,8338,0.5,0.044560484246753525,2,False,name
pge,DUNLAP,128,1.0,0.044805814785790765,1,False,name
sce,Brewster,2076,0.5,0.044855547347222025,2,False,name
sce,Placentia,717,0.2,0.04496828010731783,5,False,name
pge,BALFOUR,79,1.0,0.04502895977794932,1,False,name
pge,INDUSTRIAL ACRES,640,1.0,0.0450977443042659,1,False,name
sce,Bassett,353,1.0,0.04510574871690395,1,False,name
pge,DALY CITY,1127,1.0,0.04528552781384521,1,False,name
pge,TRES VIAS,53,0.16666666666666666,0.04538925076085961,6,False,name
sce,Landing,1017,1.0,0.04583578718130026,1,False,name
pge,PETALUMA C,1343,1.0,0.04587564934731895,1,False,name
pge,REDWOOD CITY,8591,0.2,0.045885400669113514,5,False,name
sce,Rosemead,512,1.0,0.045886481801576985,1,False,name
pge,EL PATIO,1245,1.0,0.045912110808392005,1,False,name
sce,Moraga,804,1.0,0.04602940334907701,1,False,name
pge,ALLEGHANY,1297,1.0,0.04612831881005531,1,False,name
sce,Ditmar,410,1.0,0.04618423398067806,1,False,name
sce,Pedley,808,1.0,0.04625010345538185,1,False,name
sce,Orange,712,0.5,0.04629132486904958,2,False,name
sce,Poplar,1434,1.0,0.046309352990599496,1,False,name
sce,Coffee,8502,0.3333333333333333,0.04668778964421747,3,False,name
pge,LAKEWOOD,7677,0.3333333333333333,0.046687879907199956,3,False,name
pge,RANCHERS COTTON,113,1.0,0.04674072290833386,1,False,name
pge,TEJON,273,0.1,0.04682693462477408,10,False,name
pge,COLUSA,63,1.0,0.046827391680413034,1,False,name
pge,POINT MORETTI,1271,0.5,0.0474232681276802,2,False,name
pge,LAKEWOOD,7678,0.3333333333333333,0.047504636296184774,3,False,name
pge,DOBBINS,1490,0.2,0.04751083251887532,5,False,name
pge,CLEAR LAKE,327,1.0,0.04752093243188676,1,False,name
pge,MT EDEN,7638,0.25,0.04759074041211915,4,False,name
pge,GUALALA,594,1.0,0.04827373242989156,1,False,name
sce,Liberty,1428,1.0,0.04841589861797229,1,False,name
pge,SPENCE,655,0.3333333333333333,0.04848301500960447,3,False,name
sce,Wave,729,1.0,0.04852414249555198,1,False,name
sce,Boxwood,1417,0.3333333333333333,0.04869891099909201,3,False,name
pge,CAYETANO,1551,0.3333333333333333,0.048764780858175386,3,False,name
sce,Amador,356,0.5,0.04881444082260345,2,False,name
pge,MANTECA,7758,0.5,0.04892418693724519,2,False,name
sce,Redlands,8313,0.3333333333333333,0.04896784256574222,3,False,name
pge,ALPAUGH,1412,0.5,0.04910119689129076,2,False,name
pge,BURLINGAME,1193,1.0,0.04932237596042484,1,False,name
sce,Cortez,399,1.0,0.04936949030074198,1,False,name
pge,CHESTER,766,0.3333333333333333,0.04944519620045716,3,False,name
sce,Marymount,463,1.0,0.04945502638870148,1,False,name
sce,Irvine,692,1.0,0.050307696201321375,1,False,name
pge,SALT SPRINGS,32,0.5,0.050477154076033766,2,False,name
pge,WESTLEY,1965,0.09090909090909091,0.05048267166335112,11,False,name
sce,Homart,8856,0.5,0.05061346570667342,2,False,name
pge,GARBERVILLE,168,1.0,0.05062301528902565,1,False,name
pge,BRENTWOOD,8610,0.3333333333333333,0.05071290664324173,3,False,name
pge,SF X (MISSION),1130,1.0,0.05095755191295147,1,False,name
pge,BRENTWOOD,8609,0.3333333333333333,0.05115752014242523,3,False,name
sce,Pixley,1433,0.5,0.05116689542336289,2,False,name
pge,BARRETT,2291,1.0,0.051207508353238465,1,False,name
pge,MERIDIAN,1392,1.0,0.05131861244944842,1,False,name
sce,Tipton,1439,1.0,0.05137751199033452,1,False,name
pge,UPPER LAKE,332,1.0,0.051438338806752006,1,False,name
sce,Homart,8857,0.5,0.05144860837565036,2,False,name
sce,Goldtown,295,0.5,0.05145798117354813,2,False,name
pge,ANTLER,1279,0.045454545454545456,0.05152127909791609,22,False,name
sce,Vail,549,0.5,0.05168041786179918,2,False,name
pge,WATERLOO,1170,1.0,0.051697652228412695,1,False,name
pge,LEMOORE,324,0.25,0.051715335947333435,4,False,name
sce,Blythe City,2258,1.0,0.05171945307516351,1,False,name
pge,TULUCAY,8660,0.5,0.05172475729546652,2,False,name
pge,HARRIS,169,0.3333333333333333,0.051763256212286654,3,False,name
pge,SPRING GAP,1502,0.3333333333333333,0.05187923271336863,3,False,name
sce,Windsor Hills,8143,0.14285714285714285,0.05194282925795664,7,False,name
sce,Johanna,8073,0.5,0.05223706274841575,2,False,name
pge,GUERNSEY,319,1.0,0.052280862590839666,1,False,name
sce,Greening,430,0.5,0.05228796339526538,2,False,name
sce,Bullis,382,1.0,0.0523428255184118,1,False,name
pge,NORCO,257,0.5,0.052343367968550325,2,False,name
sce,La Veta,696,1.0,0.05249788576115337,1,False,name
sce,Morro,704,1.0,0.052629538093221774,1,False,name
pge,FIREBAUGH,129,0.2,0.05267591472332712,5,False,name
pge,STONE,1260,1.0,0.05267678003029705,1,False,name
sce,San Antonio,1032,0.3333333333333333,0.052701845588222,3,False,name
sce,Eisenhower,792,1.0,0.05272609005405523,1,False,name
sce,Ely,685,1.0,0.052917138547392426,1,False,name
pge,MENLO,1201,0.2,0.05301980162610729,5,False,name
pge,ARVIN,226,0.5,0.05317721439842548,2,False,name
pge,OILFIELDS,650,0.25,0.053272167941366445,4,False,name
sce,Ridgecrest,2280,1.0,0.0535805835875194,1,False,name
pge,TEMBLOR,7634,0.1,0.05358936535487878,10,False,name
pge,MANTECA,7759,0.5,0.05360616565395419,2,False,name
pge,RESERVATION ROAD,1649,1.0,0.05362449812313428,1,False,name
sce,Windsor Hills,8144,0.14285714285714285,0.053627479663711744,7,False,name
pge,DOS PALOS,611,1.0,0.05363829471094144,1,False,name
sce,Twentynine Palms,2017,1.0,0.05390019266796607,1,False,name
pge,MALAGA,135,0.14285714285714285,0.05403197106362739,7,False,name
sce,South Gate,2074,1.0,0.054067136254073785,1,False,name
pge,BOLINAS,579,1.0,0.054168500389403976,1,False,name
pge,AVENA,1136,1.0,0.054237896163266706,1,False,name
pge,VICTOR,1169,1.0,0.05440609335830435,1,False,name
pge,STONE CORRAL,1415,1.0,0.05446133842518556,1,False,name
pge,FIGARDEN,7844,0.16666666666666666,0.05446588204714755,6,False,name
pge,CEDAR CREEK,8847,0.2,0.054492426355929366,5,False,name
pge,RIVER OAKS,1533,0.25,0.05480381724824319,4,False,name
pge,MAPLE CREEK,8382,0.25,0.05485871907106126,4,False,name
pge,PRUNEDALE,652,1.0,0.054862594037659064,1,False,name
sce,Pico,488,0.5,0.05495869912467512,2,False,name
pge,CROWS LANDING,1380,0.14285714285714285,0.054992043451049966,7,False,name
pge,FORT BRAGG A,593,1.0,0.05499286791461728,1,False,name
sce,Corona,788,0.3333333333333333,0.05512215160165345,3,False,name
sce,Alhambra,354,0.5,0.05525185916118784,2,False,name
pge,DUNNIGAN,1484,1.0,0.05528539037319613,1,False,name
pge,GONZALES,638,1.0,0.055469514704567534,1,False,name
pge,CEDAR CREEK,8846,0.2,0.055702151508978906,5,False,name
pge,BURNS,1267,1.0,0.05582538167015425,1,False,name
pge,CASTRO VALLEY,4,1.0,0.055954980098198465,1,False,name
pge,LAKEVIEW,249,0.3333333333333333,0.05601722211369021,3,False,name
pge,EIGHT MILE,1905,0.5,0.05612812397830205,2,False,name
pge,COPPERMINE,125,0.5,0.05614756462596307,2,False,name
sce,Cardiff,1000,0.5,0.05622296445889935,2,False,name
sce,Ivyglen,798,1.0,0.05629694437389599,1,False,name
sce,Yukon,563,0.5,0.05640492041508046,2,False,name
pge,HAAS,1634,1.0,0.05655624668692201,1,False,name
sce,Johanna,8074,0.5,0.056594297549348936,2,False,name
pge,SF P (HUNTERS POINT),1798,1.0,0.056664930276659274,1,False,name
sce,Basta,2219,0.5,0.05670396244939087,2,False,name
pge,FRENCH GULCH,1282,0.06666666666666667,0.056853408067464216,15,False,name
pge,WOODACRE,587,1.0,0.05692267054141391,1,False,name
sce,Repetto,507,1.0,0.05693625793395022,1,False,name
sce,Maraschino,801,1.0,0.05694572067459672,1,False,name
pge,NEWMAN,1383,1.0,0.05708865990924564,1,False,name
pge,FRUITVALE,244,0.3333333333333333,0.05725775105704992,3,False,name
pge,DAYTON ROAD,1579,1.0,0.05749329331008626,1,False,name
sce,Cudahy,404,0.3333333333333333,0.0575584758505764,3,False,name
pge,MILLBRAE,1202,1.0,0.05805388567881614,1,False,name
pge,FORT ROSS,1337,1.0,0.05809367373495783,1,False,name
sce,Topaz,541,1.0,0.058431265698482136,1,False,name
pge,RACETRACK,1452,1.0,0.05855943456722619,1,False,name
pge,NORTECH,1534,0.1111111111111111,0.05890171062553012,9,False,name
pge,PERRY,1184,0.5,0.05908244356841976,2,False,name
sce,Thornhill,815,1.0,0.05931688260146856,1,False,name
pge,PUTAH CREEK,1487,1.0,0.059317358164827375,1,False,name
sce,Marine,462,1.0,0.05934662899039682,1,False,name
pge,GRANT,10,1.0,0.059512863283437516,1,False,name
pge,TIVY VALLEY,146,0.3333333333333333,0.05952311815416996,3,False,name
sce,Saticoy,1475,0.25,0.05952441222509254,4,False,name
pge,TULUCAY,8659,0.5,0.05954645850223439,2,False,name
pge,JOLON,641,1.0,0.05959308457428568,1,False,name
sce,Del Amo,8116,0.25,0.05968154849262782,4,False,name
pge,WHEELER RIDGE,8244,0.5,0.059757214759742404,2,False,name
sce,Ramona,500,1.0,0.05983332347860362,1,False,name
sce,Padua,8209,0.5,0.060069166009035606,2,False,name
pge,BUELLTON,1212,0.5,0.06007975923929703,2,False,name
pge,TEMBLOR,7635,0.1,0.060287620298517426,10,False,name
pge,COALINGA NO 2,1655,0.14285714285714285,0.06028798515363662,7,False,name
pge,WHEELER RIDGE,8245,0.5,0.060324010866048834,2,False,name
pge,DIXON LANDING,8654,0.25,0.06035688539270007,4,False,name
pge,BROWNS VALLEY,1488,0.3333333333333333,0.06050302092331228,3,False,name
pge,COLUSA JUNCTION,1956,1.0,0.06057385206682551,1,False,name
pge,PEACHTON,51,0.3333333333333333,0.060966143746556435,3,False,name
sce,Del Rosa,1004,1.0,0.061158352627324206,1,False,name
pge,FAMOSO,8446,0.5,0.06118848290021367,2,False,name
pge,LONE TREE,1603,0.3333333333333333,0.06127381565566821,3,False,name
pge,FIGARDEN,7845,0.16666666666666666,0.06134718936333839,6,False,name
sce,Alessandro,782,0.5,0.06139939227321779,2,False,name
pge,CARNERAS,231,0.2,0.06151033736700601,5,False,name
pge,PIT NO 1,8554,0.3333333333333333,0.061608961013072325,3,False,name
pge,DIXON LANDING,8653,0.25,0.0617309585380608,4,False,name
sce,Harvard,2274,1.0,0.061793594089822844,1,False,name
pge,CALISTOGA,658,1.0,0.0621249095132569,1,False,name
sce,Carpinteria,1220,1.0,0.06215796040120319,1,False,name
pge,LOCKEFORD,8675,0.3333333333333333,0.06223771414749221,3,False,name
pge,WHITMORE,1288,0.16666666666666666,0.06225379016386501,6,False,name
sce,Eagle Mountain,8223,0.0625,0.0622746407097458,16,False,name
sce,Merced,465,1.0,0.062276961795568256,1,False,name
sce,Stadium,8114,0.16666666666666666,0.06253449964144682,6,False,name
pge,LOCKEFORD,8673,0.3333333333333333,0.06254103561827587,3,False,name
pge,CORTINA,7809,0.5,0.06263868115860671,2,False,name
sce,Del Amo,8115,0.25,0.06269186907926812,4,False,name
pge,TAMARACK,756,0.5,0.06274708810876602,2,False,name
pge,HALF MOON BAY,1199,1.0,0.06309729223047868,1,False,name
pge,SALINAS,7696,0.5,0.06353494519686369,2,False,name
pge,PIT NO 1,8553,0.3333333333333333,0.06360032871692944,3,False,name
pge,GLENN,7848,0.5,0.0636215981102346,2,False,name
sce,Randall,1028,0.5,0.06371274633811375,2,False,name
pge,OTTER,651,1.0,0.06385643964586875,1,False,name
pge,SALINAS,7695,0.5,0.06404496101643775,2,False,name
sce,Hamilton,691,0.2,0.06408513817485041,5,False,name
pge,MAPLE CREEK,8383,0.25,0.06412348084730152,4,False,name
pge,LOCKHEED NO 1,1809,1.0,0.06422694871941963,1,False,name
sce,Mayberry,803,0.5,0.06443287390881956,2,False,name
sce,Padua,8210,0.5,0.06463888561116744,2,False,name
pge,FAMOSO,8445,0.5,0.06464348138173083,2,False,name
pge,CARUTHERS,123,0.5,0.06479011302469449,2,False,name
sce,Lark Ellen,450,0.25,0.0649135556847602,4,False,name
pge,EAST STOCKTON,1144,0.25,0.06498276542471947,4,False,name
pge,CORTINA,7810,0.5,0.06515331203133541,2,False,name
pge,GLENN,7849,0.5,0.0651681921477305,2,False,name
pge,NORTH TOWER,1332,0.2,0.06517768004795184,5,False,name
sce,Modena,703,1.0,0.06533547480488563,1,False,name
sce,Frazier Park,293,0.5,0.06535339581251987,2,False,name
sce,Lighthipe,7981,0.3333333333333333,0.06538184169078395,3,False,name
pge,WATSONVILLE,1909,0.5,0.06545922708228837,2,False,name
pge,LOW GAP,1409,0.14285714285714285,0.06550287234946381,7,False,name
pge,MONTE RIO,1341,1.0,0.06554492258446597,1,False,name
sce,Kimball,2315,1.0,0.06568287586183849,1,False,name
pge,HUMBOLDT BAY PP,170,1.0,0.06569984675214717,1,False,name
pge,MOLINO,1340,1.0,0.06686541325270803,1,False,name
pge,RENFRO,1926,1.0,0.06686595369601626,1,False,name
sce,Estrella,686,1.0,0.0668698719651711,1,False,name
sce,Eagle Mountain,8224,0.0625,0.06704579093759915,16,False,name
pge,CAPAY,152,0.5,0.06712110451287269,2,False,name
pge,LOCKEFORD,8674,0.3333333333333333,0.06730024107217009,3,False,name
sce,West Barstow,2013,1.0,0.06755735199574338,1,False,name
pge,SUISUN,1333,0.5,0.06785079805570386,2,False,name
sce,Lighthipe,7982,0.3333333333333333,0.06801878665233957,3,False,name
pge,BANCROFT,2153,1.0,0.06868213297843083,1,False,name
pge,BIG LAGOON,161,1.0,0.06870042269797762,1,False,name
pge,BERKELEY T,2136,0.5,0.06889603444833117,2,False,name
sce,Jefferson,799,1.0,0.06899791020356093,1,False,name
pge,SYCAMORE CREEK,52,1.0,0.0693085958951796,1,False,name
sce,Stadium,8113,0.16666666666666666,0.06939549267488145,6,False,name
pge,LODI,1789,0.2,0.06965579623247704,5,False,name
pge,WRIGHT,1640,0.3333333333333333,0.06983637935560434,3,False,name
sce,Fairview,687,0.5,0.0703375031018619,2,False,name
sce,Lampson,699,0.2,0.07054808215782102,5,False,name
pge,EUREKA E,1575,1.0,0.07079215850131804,1,False,name
sce,Colton,7673,0.07692307692307693,0.0709700825273015,13,False,name
sce,Lennox,453,1.0,0.0716956775493582,1,False,name
pge,SAN JUSTO,987,1.0,0.0717923519026757,1,False,name
sce,Colton,7674,0.07692307692307693,0.07194362814605122,13,False,name
sce,Anita,359,1.0,0.07217718835708799,1,False,name
pge,FULTON,8015,0.3333333333333333,0.07236614394418849,3,False,name
sce,Compton,2087,1.0,0.07273649949284525,1,False,name
sce,Graham,2073,0.3333333333333333,0.0730522736400988,3,False,name
pge,SMARTVILLE,664,0.2,0.07322611844478875,5,False,name
sce,Niguel,708,1.0,0.07403155372862973,1,False,name
sce,El Nido,8551,0.14285714285714285,0.07405200562751313,7,False,name
pge,PEORIA,1451,0.14285714285714285,0.07451840164404418,7,False,name
pge,COUNTRY CLUB,1143,0.5,0.07459855168723017,2,False,name
pge,RICE,67,1.0,0.07460473312511172,1,False,name
sce,Northwind,1929,0.07692307692307693,0.07463441293754128,13,False,name
pge,FULTON,8013,0.3333333333333333,0.07499014626837482,3,False,name
sce,Maxwell,802,0.2,0.07566091436018188,5,False,name
pge,SHADY GLEN,755,0.3333333333333333,0.07598383525017995,3,False,name
pge,SAN RAMON,7789,0.3333333333333333,0.07625946545832973,3,False,name
pge,MORMON,1158,1.0,0.07634632598934596,1,False,name
sce,Havilah,298,1.0,0.0763973160871666,1,False,name
pge,FULTON,8014,0.3333333333333333,0.07649052098354951,3,False,name
pge,BEAR VALLEY,588,1.0,0.07655394322526048,1,False,name
sce,Dike,409,0.058823529411764705,0.07657228017296293,17,False,name
sce,Highland,1014,1.0,0.07659273262341602,1,False,name
sce,Pierpont,1556,0.3333333333333333,0.07659982735465069,3,False,name
pge,SAN PABLO,8524,0.5,0.07660624959784454,2,False,name
sce,North Oaks,477,0.5,0.07672987961448252,2,False,name
pge,SAN PABLO,8525,0.5,0.07677070763731125,2,False,name
pge,PHILO,598,1.0,0.07683216039084712,1,False,name
sce,Talbert,724,1.0,0.07729623829712017,1,False,name
pge,SAN RAMON,7788,0.3333333333333333,0.07760274906555736,3,False,name
sce,Malibu,461,1.0,0.07782519880199008,1,False,name
pge,CORRAL,57,0.5,0.07786903988512588,2,False,name
sce,Piute,491,1.0,0.07794613987256661,1,False,name
pge,WOODLAND,1885,0.3333333333333333,0.07819334233307132,3,False,name
sce,Woodville,1445,1.0,0.07830425836190413,1,False,name
pge,SF H (MARTIN),7956,0.5,0.07873287220553092,2,False,name
sce,Skylark,810,1.0,0.07879140843893119,1,False,name
pge,COLONY,1142,0.07692307692307693,0.07892318500918014,13,False,name
sce,Palm Village,1526,1.0,0.07893242337657494,1,False,name
sce,Moulton,705,1.0,0.07896890111992996,1,False,name
sce,Shandin,1034,0.5,0.07898071910210497,2,False,name
sce,Cajalco,785,1.0,0.07913857846095804,1,False,name
sce,Porterville,1435,0.25,0.07969328922695487,4,False,name
sce,Colonia,1458,0.5,0.07981585759316136,2,False,name
sce,Chestnut,680,1.0,0.07985932550915317,1,False,name
pge,TRACY,1149,0.125,0.07996718825287236,8,False,name
sce,Tulare,1440,0.3333333333333333,0.07997785638234597,3,False,name
sce,Newbury,1465,0.5,0.080234343805478,2,False,name
sce,El Nido,8552,0.14285714285714285,0.0805689957216099,7,False,name
pge,SF H (MARTIN),7957,0.5,0.08076693458188265,2,False,name
sce,Bliss,1416,1.0,0.08117838970219123,1,False,name
pge,PEABODY,7893,0.1111111111111111,0.0811785115352987,9,False,name
sce,Whipple,8664,0.2,0.08153372677587623,5,False,name
pge,PEABODY,7892,0.1111111111111111,0.08209605690380771,9,False,name
pge,INDIAN FLAT,589,0.25,0.08216935766351056,4,False,name
pge,WEST POINT,1958,0.2,0.0822647864877179,5,False,name
sce,Laurel,1426,1.0,0.0822819289165976,1,False,name
sce,Searles,8719,0.3333333333333333,0.08244392110057756,3,False,name
sce,Stoddard,1036,1.0,0.08292817222673603,1,False,name
sce,Oasis,478,0.25,0.08317919607622946,4,False,name
sce,Dunes,2269,1.0,0.08402892170725776,1,False,name
sce,Ravendale,502,1.0,0.08447619880954108,1,False,name
pge,AMES,1242,0.25,0.08447716467375657,4,False,name
sce,Roadway,1030,0.5,0.08495790330341477,2,False,name
sce,Terra Bella,1437,1.0,0.0849681152011466,1,False,name
sce,Searles,8720,0.3333333333333333,0.08521554692273718,3,False,name
sce,Washington,728,1.0,0.08547584723269085,1,False,name
pge,MCKITTRICK,1676,0.14285714285714285,0.08550943333105843,7,False,name
sce,Bunker,784,1.0,0.08561250370425845,1,False,name
pge,DEVILS DEN,237,0.16666666666666666,0.08569496735452574,6,False,name
sce,Ganesha,425,0.5,0.08606551971492124,2,False,name
pge,SARANAP,2146,1.0,0.08615073329444815,1,False,name
pge,MARICOPA,251,0.1,0.0862465913471517,10,False,name
sce,Farrell,794,0.5,0.08694339104125781,2,False,name
sce,Del Sur,407,1.0,0.08796528638027723,1,False,name
sce,Puente,496,0.5,0.08829489490896288,2,False,name
sce,Tennessee,1038,1.0,0.08901753865002335,1,False,name
pge,FELLOWS,242,0.08333333333333333,0.08902212275741489,12,False,name
sce,Strathmore,1436,1.0,0.08970520490504255,1,False,name
sce,Belding,2234,1.0,0.09004302011336235,1,False,name
sce,Whipple,8663,0.2,0.09014601226834036,5,False,name
sce,Oak Park,1466,1.0,0.09094994872423438,1,False,name
sce,Tahiti,7675,0.3333333333333333,0.09097358689498314,3,False,name
sce,Live Oak,457,0.3333333333333333,0.09124819932578072,3,False,name
sce,Thousand Oaks,1453,1.0,0.0912556380034066,1,False,name
sce,Lucerne,2009,0.5,0.09140366537256424,2,False,name
sce,Olive Lake,2268,1.0,0.09182320274931,1,False,name
pge,HARTLEY,328,1.0,0.09199138771364575,1,False,name
pge,WELLFIELD,279,0.5,0.09199731895101285,2,False,name
pge,MC CALL,8573,0.5,0.09223622732000408,2,False,name
sce,Chino,7786,0.16666666666666666,0.09256597250562133,6,False,name
pge,FRUITLAND,167,1.0,0.09294599416017237,1,False,name
pge,EAST GRAND,1197,1.0,0.09298011969843072,1,False,name
pge,HERDLYN,89,0.043478260869565216,0.09300583851248048,23,False,name
sce,Chino,7785,0.16666666666666666,0.09314567487444055,6,False,name
pge,STAGG,7755,0.5,0.09457129638411604,2,False,name
pge,NEW HOPE,821,0.06666666666666667,0.09481498579241944,15,False,name
sce,Latigo,451,1.0,0.09511997215195975,1,False,name
pge,CUYAMA,1506,1.0,0.09526613768643813,1,False,name
sce,Rector,7625,0.2,0.09544923548387818,5,False,name
pge,LOCKHEED NO 2,1810,0.5,0.09574525365501364,2,False,name
sce,Little Rock,456,0.5,0.09579019748937809,2,False,name
sce,Tahiti,7676,0.3333333333333333,0.09580596898591287,3,False,name
sce,Camarillo,1454,0.3333333333333333,0.0961819656709341,3,False,name
sce,Chino,7787,0.16666666666666666,0.09628231863590447,6,False,name
pge,LAKEVILLE,7679,0.3333333333333333,0.09643336307298656,3,False,name
pge,DIVIDE,7880,0.3333333333333333,0.09648759038983375,3,False,name
pge,OAKLAND C,1609,1.0,0.09650096137895793,1,False,name
sce,San Bernardino,8315,0.2,0.09656489465434095,5,False,name
sce,Inyokern Town,2279,1.0,0.0971411397619293,1,False,name
sce,Hoyt,2053,0.2,0.09814503598532602,5,False,name
sce,San Bernardino,8317,0.2,0.09830814255178559,5,False,name
sce,Firehouse,1006,1.0,0.09874405784540392,1,False,name
pge,LAKEVILLE,7680,0.3333333333333333,0.09916261311443655,3,False,name
pge,STAGG,7754,0.5,0.09928544867286215,2,False,name
pge,MC CALL,8574,0.5,0.09941157947798206,2,False,name
pge,LAKEVILLE,7681,0.3333333333333333,0.09950178850593494,3,False,name
pge,TERMINOUS,1167,0.3333333333333333,0.09988898553863987,3,False,name
pge,CONTRA COSTA,7839,0.06666666666666667,0.10007085255913696,15,False,name
sce,Rector,7626,0.2,0.10032776425477855,5,False,name
sce,Industry,369,0.5,0.10057442068530972,2,False,name
sce,Canyon,678,0.3333333333333333,0.10124809812594236,3,False,name
pge,CONTRA COSTA,7840,0.06666666666666667,0.10125041785690413,15,False,name
sce,June Lake,2361,1.0,0.10132326188431981,1,False,name
sce,Moreno,805,0.5,0.10141419181581926,2,False,name
pge,RISING RIVER,1286,0.2,0.101922345344664,5,False,name
sce,Universal,548,0.037037037037037035,0.1019703816493544,27,False,name
sce,Somis,1478,0.5,0.10312339254535298,2,False,name
sce,San Bernardino,8316,0.2,0.1032398678318844,5,False,name
sce,North Intake,2265,1.0,0.10328709399770825,1,False,name
sce,Viejo,7732,0.5,0.10331005499943557,2,False,name
sce,Wimbledon,1041,0.2,0.1033524162622808,5,False,name
pge,CONTRA COSTA,7841,0.06666666666666667,0.10338349989737125,15,False,name
sce,Walker Basin,310,1.0,0.10369949744253268,1,False,name
sce,Glen Avon,797,0.5,0.10395148589641666,2,False,name
sce,White Mt.,2311,1.0,0.10434192790558675,1,False,name
sce,Concho,787,0.1,0.10457574150420819,10,False,name
pge,WATERSHED,1209,1.0,0.10482921614732871,1,False,name
sce,Smiley,2018,1.0,0.10569328891885445,1,False,name
sce,Royal,1472,0.3333333333333333,0.10581295539323876,3,False,name
sce,Oro Grande,1952,0.3333333333333333,0.1058448786430953,3,False,name
sce,Redman,503,1.0,0.1059221395974861,1,False,name
sce,Goshen,1424,1.0,0.10631986514069489,1,False,name
sce,Genamic,1010,0.3333333333333333,0.10636274957519976,3,False,name
sce,Bryan,674,1.0,0.10643950798538143,1,False,name
sce,San Dimas,514,0.5,0.10644893634362682,2,False,name
pge,DIVIDE,7881,0.3333333333333333,0.10704782482182891,3,False,name
sce,Soquel,1035,0.3333333333333333,0.10730643504618945,3,False,name
sce,Viejo,7731,0.5,0.10789128913958053,2,False,name
pge,KETTLEMAN HILLS,323,1.0,0.10871324589616614,1,False,name
sce,Sun City,1876,1.0,0.10874686321193555,1,False,name
pge,FORESTHILL,748,0.2,0.10908306333729764,5,False,name
pge,MADISON,1486,1.0,0.10934597872879182,1,False,name
pge,LAMMERS,34,0.0625,0.10935999248051738,16,False,name
sce,Narod,1021,0.5,0.10986511312236392,2,False,name
pge,POINT ARENA,599,1.0,0.11026966404796563,1,False,name
sce,Solemint,526,0.5,0.11037686998794455,2,False,name
sce,Octol,1432,0.5,0.11073259263875733,2,False,name
sce,Santa Susana,1474,1.0,0.11086767134619778,1,False,name
pge,TRIMBLE,1262,0.06666666666666667,0.11115119094351104,15,False,name
pge,ANNAPOLIS,1335,1.0,0.11200281053809315,1,False,name
pge,VOLTA,1745,0.3333333333333333,0.11266058858049609,3,False,name
sce,Apple Valley,992,1.0,0.11279959796471366,1,False,name
sce,Helendale,2276,0.5,0.11409762122906053,2,False,name
sce,Estero,1459,0.25,0.11437997687764657,4,False,name
sce,Second Avenue,2266,1.0,0.11477730803034077,1,False,name
sce,Pepper,1023,1.0,0.11491587181192825,1,False,name
sce,Lemon Cove,1427,0.3333333333333333,0.11509181984310486,3,False,name
sce,Defrain,2267,1.0,0.11580740590967442,1,False,name
pge,MESA,8618,0.5,0.11593663721837998,2,False,name
pge,WINTERS,1334,1.0,0.1160866140321812,1,False,name
pge,TUPMAN,275,0.5,0.11687707165634043,2,False,name
pge,KNIGHTS LANDING,1485,0.3333333333333333,0.11832215340256867,3,False,name
pge,MORAGA,8848,0.5,0.11840968930038097,2,False,name
sce,Shuttle,523,1.0,0.11871592946690368,1,False,name
sce,Oak Grove,1431,0.5,0.11897513328757416,2,False,name
sce,Cal City 'B',1553,1.0,0.11941467041937355,1,False,name
sce,Isla Vista,1224,0.25,0.1195277791843733,4,False,name
pge,BIG MEADOWS,765,0.5,0.11982032129055316,2,False,name
pge,ORO LOMA,8765,0.3333333333333333,0.12030546469506109,3,False,name
sce,Yucaipa,817,0.5,0.12141307463495597,2,False,name
sce,Venice Hill,1441,1.0,0.12151231273643176,1,False,name
pge,ORO LOMA,8766,0.3333333333333333,0.1216267366201655,3,False,name
sce,Brookhurst,673,1.0,0.12317676244551998,1,False,name
pge,MORAGA,8849,0.5,0.12358812435126024,2,False,name
sce,Narrows,469,0.3333333333333333,0.1236916772849262,3,False,name
sce,Santa Rosa,809,1.0,0.12369665616147396,1,False,name
pge,PIERCY,1813,1.0,0.12399137546051157,1,False,name
sce,Elizabeth Lake,415,0.25,0.1250703099577344,4,False,name
sce,Diamond Bar,408,1.0,0.12517654343286733,1,False,name
sce,Isabella,299,0.25,0.12525140204686036,4,False,name
sce,Gilbert,689,1.0,0.1254405847445125,1,False,name
sce,North Muroc,2263,1.0,0.12605834600577256,1,False,name
pge,MESA,8617,0.5,0.12624718749326957,2,False,name
sce,Chatham,1419,1.0,0.1267239429460377,1,False,name
sce,Haskell,8009,0.25,0.1278688396668504,4,False,name
pge,CALAVERAS CEMENT,55,0.25,0.12819856805658414,4,False,name
sce,Browning,287,0.3333333333333333,0.1290050033164112,3,False,name
sce,Crater,401,0.5,0.12920765079986027,2,False,name
sce,Chatsworth,1457,0.14285714285714285,0.12999696032411148,7,False,name
sce,Crown,683,1.0,0.1312370616331581,1,False,name
sce,Seabright,520,0.5,0.13148426658744722,2,False,name
sce,Brea,672,0.2,0.1330950365069352,5,False,name
sce,Anaverde,358,1.0,0.13330372806069946,1,False,name
sce,Arrowhead,8098,0.5,0.13348897107421376,2,False,name
sce,Rancho,1993,1.0,0.13366837451919417,1,False,name
sce,Haskell,8010,0.25,0.1336793717871633,4,False,name
sce,Southwind,2205,0.09090909090909091,0.13461651772180908,11,False,name
sce,Yermo,2273,1.0,0.1346257641895805,1,False,name
sce,San Fernando,342,0.0625,0.13579130249017685,16,False,name
pge,HENRIETTA,7708,0.25,0.13596291792046172,4,False,name
sce,Arrowhead,8099,0.5,0.13691530853639683,2,False,name
sce,Amargo,2262,0.5,0.13798893330450285,2,False,name
pge,HENRIETTA,7707,0.25,0.13802116355905208,4,False,name
sce,Inglewood,439,0.25,0.13934331175965753,4,False,name
sce,Garfield,426,0.2,0.140552502159375,5,False,name
sce,Phelan,1025,1.0,0.14101435788912592,1,False,name
sce,Bain,783,1.0,0.1423318839418532,1,False,name
sce,Declez,1003,0.2,0.14248040973805376,5,False,name
sce,Saugus,7950,0.16666666666666666,0.14472024328453711,6,False,name
sce,Saugus,7951,0.16666666666666666,0.14607894633704133,6,False,name
pge,DEL MONTE,8745,0.2,0.1464132642310206,5,False,name
sce,Inyokern,8496,0.3333333333333333,0.14714448636976726,3,False,name
pge,DEL MONTE,8744,0.2,0.14783014915195256,5,False,name
sce,Shawnee,719,1.0,0.14877602310017116,1,False,name
sce,Inyokern,8497,0.3333333333333333,0.1487822216719757,3,False,name
pge,GRAYS FLAT,767,0.16666666666666666,0.14884532917025267,6,False,name
sdge,STATION F,1117,1.0,0.1490298720100588,1,False,name
pge,BAKERSFIELD,228,0.5,0.15054895416915157,2,False,name
sce,Inyokern,8498,0.3333333333333333,0.15299271215313462,3,False,name
sce,La Fresa,7709,0.2,0.15346756544821655,5,False,name
sce,La Fresa,7710,0.2,0.153715354901575,5,False,name
sce,Cummings,290,1.0,0.15394957923403962,1,False,name
sce,Bloomington,997,0.2,0.15527837766067037,5,False,name
sce,Mentone,1020,1.0,0.1557042461564606,1,False,name
sce,Lockheed,1237,0.5,0.15576484603851398,2,False,name
sce,Moorpark,8629,0.3333333333333333,0.1580060813882095,3,False,name
sce,Great Lakes,296,1.0,0.1580947341536434,1,False,name
pge,IGNACIO,8511,0.25,0.1591072793905477,4,False,name
pge,IGNACIO,8513,0.25,0.15966369441763043,4,False,name
sce,Villa Park,7866,0.25,0.15990177478702694,4,False,name
sce,Villa Park,7867,0.25,0.1603541279108697,4,False,name
sce,Hinkley,2014,1.0,0.16046469359883797,1,False,name
sce,Tortilla,1039,0.3333333333333333,0.1617794198621092,3,False,name
sce,Victor,7659,0.3333333333333333,0.1619772083240271,3,False,name
sce,Savage,1033,1.0,0.16245996970117713,1,False,name
pge,IGNACIO,8512,0.25,0.16318021180187506,4,False,name
sce,Moorpark,8628,0.3333333333333333,0.16365935013967908,3,False,name
sce,Victor,7661,0.3333333333333333,0.16609792425814432,3,False,name
sce,Silver Spur,773,1.0,0.16789374493952905,1,False,name
sce,Tenaja,2285,1.0,0.16791421211213525,1,False,name
sce,Quinn,306,1.0,0.16895182092318506,1,False,name
sce,Earlimart,1422,1.0,0.17037428201748642,1,False,name
sce,Victor,7660,0.3333333333333333,0.17166383162631668,3,False,name
pge,VACA DIXON,8706,0.125,0.1736218147409282,8,False,name
sce,Weldon,311,1.0,0.17658562525360735,1,False,name
sce,Holgate,8440,0.25,0.1773120707213556,4,False,name
sce,Holgate,8439,0.25,0.17772142087170087,4,False,name
pge,VACA DIXON,8705,0.125,0.17810387472713982,8,False,name
pge,OAKLAND D,1608,1.0,0.17829613034865444,1,False,name
pge,VACA DIXON,8704,0.125,0.17932024904867697,8,False,name
sce,Downs,1678,1.0,0.1797028952540624,1,False,name
pge,KERN POWER,8356,0.5,0.1803186216617591,2,False,name
sce,Playa,1839,1.0,0.18066775015629102,1,False,name
pge,KERN POWER,8355,0.5,0.18078742408909035,2,False,name
sce,Yorba Linda,730,0.5,0.18146906469302576,2,False,name
pge,SAN MATEO,8648,0.3333333333333333,0.18270332154894867,3,False,name
pge,SAN MATEO,8646,0.3333333333333333,0.18479263869130375,3,False,name
sce,Deep Springs,208,0.5,0.1933369367171144,2,False,name
pge,SAN MATEO,8647,0.3333333333333333,0.19380574096707773,3,False,name
sce,Arroyo,364,0.3333333333333333,0.19490063913139374,3,False,name
sce,Iron Mt. (Sce),1831,1.0,0.1968654392057449,1,False,name
sce,Wilsona,562,1.0,0.20228714495112934,1,False,name
sce,Peyton,1024,0.25,0.2026666159684316,4,False,name
pge,MAGUNDEN,8158,0.16666666666666666,0.2053095454017811,6,False,name
sce,Pauba,807,0.5,0.206073550362872,2,False,name
sce,Goldhill,2398,0.14285714285714285,0.20888690567914395,7,False,name
sce,Barre,668,0.3333333333333333,0.21123922053303276,3,False,name
pge,MAGUNDEN,8157,0.16666666666666666,0.21236918950106418,6,False,name
pge,MAGUNDEN,8159,0.16666666666666666,0.21281488386832367,6,False,name
sce,Wheatland,1444,1.0,0.21356517733233507,1,False,name
sce,Glennville,294,1.0,0.21388753491062518,1,False,name
sce,Ordway,2015,1.0,0.2148988574790973,1,False,name
sce,Gould,7949,0.3333333333333333,0.21609230544757682,3,False,name
sce,Gould,7947,0.3333333333333333,0.217584756809837,3,False,name
sce,Gould,7948,0.3333333333333333,0.21894359828714205,3,False,name
sce,Potrero,1469,1.0,0.22076923229579493,1,False,name
sce,Sherwin,630,1.0,0.22844770681942753,1,False,name
sce,Etiwanda,7830,0.1,0.23086031303041113,10,False,name
sce,Converse Flats,2272,0.125,0.23131567190914584,8,False,name
sce,Layfair,452,0.25,0.23137284877151457,4,False,name
sce,Etiwanda,7831,0.1,0.2343365088204881,10,False,name
sce,Columbine,1420,1.0,0.23493026748563328,1,False,name
pge,ELECTRA,7778,0.5,0.23710239074463862,2,False,name
pge,ELECTRA,7779,0.5,0.23743893491411264,2,False,name
sce,Kramer,7905,0.125,0.24122389775239356,8,False,name
sce,Kramer,7906,0.125,0.24270681316793322,8,False,name
pge,GATES,8268,0.2,0.243752826322061,5,False,name
pge,STANISLAUS,1890,0.2,0.2441690265921841,5,False,name
pge,NEWARK 12KV,8336,0.5,0.24609441708245405,2,False,name
sce,Kramer,7904,0.125,0.2463568724777981,8,False,name
pge,GATES,8270,0.2,0.24648579340301288,5,False,name
pge,NEWARK 12KV,8335,0.5,0.247343625580399,2,False,name
pge,GATES,8271,0.2,0.24768759639503263,5,False,name
pge,GATES,8269,0.2,0.25227661840816706,5,False,name
sce,Cady,2275,1.0,0.2529641818282958,1,False,name
sce,Olinda,479,0.2,0.2607106959348755,5,False,name
pge,COTTONWOOD,8409,0.16666666666666666,0.26335894591111586,6,False,name
pge,COTTONWOOD,8407,0.16666666666666666,0.2668326073821552,6,False,name
pge,COTTONWOOD,8408,0.16666666666666666,0.26738077068280014,6,False,name
pge,PANOCHE,8462,0.3333333333333333,0.26940355290742585,3,False,name
pge,KEARNEY,133,0.2,0.2746137302955948,5,False,name
pge,PANOCHE,8461,0.3333333333333333,0.27517648303310255,3,False,name
sce,Trophy,546,0.25,0.2804516143624458,4,False,name
sce,Three Rivers,1438,0.25,0.3011599527442403,4,False,name
sdge,POMERADO,1518,0.25,0.30695979876355206,4,False,name
sce,Rio Hondo,8805,0.3333333333333333,0.30990111775626417,3,False,name
sce,Zanja,1042,0.25,0.3114500498891351,4,False,name
sce,Rio Hondo,8806,0.3333333333333333,0.31216944251043066,3,False,name
pge,EL DORADO PH,8852,0.1111111111111111,0.3129106394014666,9,False,name
sce,Rio Hondo,8807,0.3333333333333333,0.3154548902800046,3,False,name
pge,EL DORADO PH,8853,0.1111111111111111,0.3193838796016732,9,False,name
sce,Loraine,301,1.0,0.3204003610739445,1,False,name
sce,Monolith,302,0.3333333333333333,0.3339518403853496,3,False,name
sdge,CHICARITA,1058,1.0,0.34002997020935605,1,False,name
sdge,RANCHO CARMEL,1104,1.0,0.34856509177255773,1,False,name
sce,Cima,7919,0.5,0.36190981101713865,2,False,name
sce,Cima,7920,0.5,0.3644138437192145,2,False,name
sdge,STATION B,1116,1.0,0.36552556652235046,1,False,name
sce,Daggett,2010,1.0,0.3655909396511614,1,False,name
sce,Ortega,1225,1.0,0.36793239059443683,1,False,name
sce,Whitewater,2231,0.2,0.3750741941818643,5,False,name
sdge,MESA HEIGHTS,1086,0.5,0.3833303417839818,2,False,name
sdge,IMPERIAL BEACH,1077,1.0,0.40228381603218805,1,False,name
sce,Vestal,8866,0.5,0.40454224388182336,2,False,name
sce,Vestal,8865,0.5,0.40803157670778223,2,False,name
sdge,MESA RIM,1087,0.3333333333333333,0.4211966941680595,3,False,name
sce,Bryman,2277,1.0,0.42797381393540534,1,False,name
pge,MIDWAY,7928,0.3333333333333333,0.45107339094391763,3,False,name
sdge,PACIFIC BEACH,1097,1.0,0.4544424030471968,1,False,name
sdge,SPRING VALLEY,1115,0.5,0.458349095868432,2,False,name
pge,MIDWAY,7927,0.3333333333333333,0.4588892207722787,3,False,name
pge,MIDWAY,7929,0.3333333333333333,0.46012349948159936,3,False,name
sce,Gorman,428,0.1111111111111111,0.4819452250783644,9,False,name
sce,Corum,289,0.5,0.5082773461745899,2,False,name
sdge,CLAIREMONT,1060,1.0,0.5135002628913207,1,False,name
sdge,POINT LOMA,1101,0.5,0.5324326437080243,2,False,name
sce,Mesa,8124,0.25,0.5328721305907372,4,False,name
sce,Mesa,8123,0.25,0.5343162681735406,4,False,name
sce,Mesa,8125,0.25,0.5348914007132601,4,False,name
sdge,KETTNER,1081,0.5,0.5459328520302545,2,False,name
pge,RAWSON,1399,0.3333333333333333,0.5492157653604919,3,False,name
sdge,ESCO,1067,0.5,0.5778482807298114,2,False,name
sdge,SANTEE,1112,1.0,0.5913441709465596,1,False,name
sce,Casa Diablo,628,1.0,0.5947309446937711,1,False,name
sce,Blythe (Walc),8185,0.125,0.6186966930199537,8,False,name
sce,Blythe (Walc),8186,0.125,0.6202568706961494,8,False,name
sce,Goleta,7699,0.5,0.6513963302922692,2,False,name
sce,Goleta,7700,0.5,0.6558536641312998,2,False,name
sdge,PROCTOR VALLEY,1103,0.2,0.6638753956937126,5,False,name
sdge,MURRAY,1092,1.0,0.677542976922176,1,False,name
sdge,BORDER,1050,0.2,0.7052778710345993,5,False,name
sce,Pechanga,1514,1.0,0.7061181384702618,1,False,name
sdge,GARFIELD,2246,1.0,0.7152094173228054,1,False,name
sce,Harper Lake,7911,0.2,0.7247906500371187,5,False,name
sce,Harper Lake,7912,0.2,0.729065535024036,5,False,name
sdge,SWEETWATER,1121,0.2,0.7384094949522358,5,False,name
sdge,URBAN,1123,1.0,0.7560228965384805,1,False,name
sdge,GRANT HILL,2040,1.0,0.7581552368282101,1,False,name
sdge,OLD TOWN,8809,0.25,0.7617822027693737,4,False,name
sdge,OLD TOWN,8810,0.25,0.7648491464919971,4,False,name
sdge,OLD TOWN,8808,0.25,0.7652496251472323,4,False,name
sce,Edwards,8311,0.5,0.7963130375843473,2,False,name
sce,Edwards,8312,0.5,0.7970860577764978,2,False,name
sdge,ROSE CANYON,1107,1.0,0.8055735153023617,1,False,name
sdge,BARRETT,2037,0.5,0.8438415979427063,2,False,name
sdge,SAN JUAN CAPISTRANO,731,1.0,0.8808108294986519,1,False,name
sdge,PARADISE,1099,1.0,0.9087591375231673,1,False,name
sdge,ELLIOTT,8640,0.5,0.9158318387652327,2,False,name
sdge,ELLIOTT,8641,0.5,0.9214957909393917,2,False,name
sdge,LAGUNA NIGUEL,733,1.0,0.9385975681199862,1,False,name
sdge,EASTGATE,2039,0.3333333333333333,1.0022007299091578,3,False,name
sdge,GENESEE,1073,0.5,1.0227664640597496,2,False,name
sdge,LA JOLLA,1082,1.0,1.037760049649602,1,False,name
sdge,CABRILLO,1054,0.5,1.060481081890124,2,False,name
sdge,SCRIPPS,1114,0.5,1.0652585726685555,2,False,name
sdge,TRABUCO,734,1.0,1.0854570867632483,1,False,name
sdge,MISSION,8201,0.25,1.0919126345756733,4,False,name
sdge,MISSION,8200,0.25,1.0984265112364024,4,False,name
sdge,MISSION,8199,0.25,1.0986071211164394,4,False,name
sdge,SUNNYSIDE,1120,1.0,1.1573348451591314,1,False,name
sdge,CHOLLAS WEST,1059,1.0,1.1668534812221885,1,False,name
sdge,CARLTON HILLS,1057,0.5,1.1896608690990496,2,False,name
sdge,MONTGOMERY,1090,0.25,1.2079129633818366,4,False,name
sdge,WABASH CANYON,1124,1.0,1.2549023453852755,1,False,name
sdge,BATIQUITOS,1048,0.5,1.2686841461856553,2,False,name
sce,Hanford,1973,0.3333333333333333,1.2793098947368162,3,False,name
sdge,OCEANSIDE,1094,1.0,1.283802134187235,1,False,name
sdge,PALOMAR AIRPORT,1512,1.0,1.32716752125226,1,False,name
sdge,TORREY PINES,1122,0.14285714285714285,1.3401907248061147,7,False,name
sdge,SAN YSIDRO,1110,1.0,1.3637697102477888,1,False,name
sdge,BERNARDO,1049,1.0,1.402459990830056,1,False,name
sdge,OTAY,1095,0.5,1.4877819027382926,2,False,name
sdge,STREAMVIEW,1118,1.0,1.4985115195244723,1,False,name
sdge,MELROSE,1085,1.0,1.5469545759168897,1,False,name
sdge,CANNON,1056,0.16666666666666666,1.6618948721295583,6,False,name
sdge,LOS COCHES,8555,0.3333333333333333,1.7475409283866605,3,False,name
sdge,LOS COCHES,8556,0.3333333333333333,1.7516213605441024,3,False,name
sdge,PALA,1098,0.5,1.831774101360158,2,False,name
sdge,VALLEY CENTER,1541,1.0,1.8323138961741454,1,False,name
sdge,CAMERON,1055,1.0,1.8430062296110292,1,False,name
sdge,TELEGRAPH CANYON,1517,1.0,1.9078120667027378,1,False,name
sdge,NORTH CITY WEST,8331,0.3333333333333333,1.912511748267036,3,False,name
sdge,NORTH CITY WEST,8332,0.3333333333333333,1.91511368272088,3,False,name
sdge,NORTH CITY WEST,8330,0.3333333333333333,1.916897591541202,3,False,name
sdge,RANCHO SANTA FE,1105,1.0,1.9181916181578402,1,False,name
sdge,PICO,7801,0.2,1.9466493584048057,5,False,name
sdge,PICO,7800,0.2,1.9488939309043185,5,False,name
sdge,PICO,7802,0.2,1.9519674521857222,5,False,name
sdge,SAN LUIS REY,8589,0.5,1.953910446031224,2,False,name
sdge,SAN LUIS REY,8590,0.5,1.9559608817664438,2,False,name
sdge,ARTESIAN RANCH,2038,1.0,2.072026734378806,1,False,name
sdge,ENCINITAS,1066,1.0,2.08560304817722,1,False,name
sdge,SAMPSON,1108,0.16666666666666666,2.11909855348735,6,False,name
sdge,MONSERATE,1089,1.0,2.150674871297184,1,False,name
sdge,ASH,1045,1.0,2.166390640928996,1,False,name
sdge,MORRO HILL,1091,0.5,2.2421534776185736,2,False,name
pge,KERCKHOFF,1645,1.0,2.2895070203822336,1,False,name
sdge,OLIVENHAIN,1877,0.25,2.3048713394599494,4,False,name
sdge,GRANITE,1075,1.0,2.3203121991602345,1,False,name
pge,DAVIS,1776,0.2,2.3725820186323605,5,False,name
sdge,MARGARITA,1516,1.0,2.390217416739663,1,False,name
sdge,CREELMAN,1061,1.0,2.427998790081014,1,False,name
sdge,ESCONDIDO,8839,0.25,2.449098181529146,4,False,name
sdge,ESCONDIDO,8838,0.25,2.4500309000558964,4,False,name
pge,PITTSBURG,8111,0.047619047619047616,2.5040238350601958,21,False,name
pge,PITTSBURG,8112,0.047619047619047616,2.5065940991344844,21,False,name
sdge,GLENCLIFF,1074,1.0,2.5964048357759992,1,False,name
sdge,SHADOWRIDGE,8791,0.5,2.7648363983369166,2,False,name
sdge,SHADOWRIDGE,8790,0.5,2.7681696929284554,2,False,name
sdge,DESCANSO,1063,1.0,2.89259210415553,1,False,name
sdge,LILAC,1084,1.0,2.944022589681872,1,False,name
sdge,CRESTWOOD,1542,0.5,3.2389343418175285,2,False,name
sdge,AVOCADO,1046,1.0,3.5193558572909165,1,False,name
sdge,POWAY,1102,0.5,3.9850741775186824,2,False,name
sdge,FELICITA,1069,1.0,4.336258091921148,1,False,name
pge,BONITA,565,0.5,4.883621512813138,2,False,name
sdge,JAMACHA,1078,1.0,9.401125019580471,1,False,name
sdge,SANTA YSABEL,1111,0.5,9.69231071127361,2,False,name
pge,IONE,28,0.14285714285714285,11.378525462357619,7,False,name
