bus_i,kV,Type,Import,Lat,Lon,nearest_basin_name,nearest_basin_owner,nearest_basin_type,nearest_basin_lat,nearest_basin_lon,dist_km,matched
1,115,Substation,' ',37.77243572,-122.2429162,Jenney,other,SUBSTATION,37.772435715467616,-122.24291619007606,1.00738380100139e-06,True
2,66,Substation,' ',37.77848161,-121.6259513,South Bay 1,pge,SUBSTATION,37.77848161015776,-121.62595134314,3.7914779583050233e-06,True
3,66,Substation,' ',37.7483765,-121.6772083,Altamont,pge,SUBSTATION,37.74837650236422,-121.6772083406546,3.5841113156536585e-06,True
4,230,Substation,' ',37.69128098,-122.0612774,Castro Valley,pge,SUBSTATION,37.69128098435761,-122.06127739017332,9.911641363693647e-07,True
5,115,Substation,' ',37.59578193,-122.0174353,Cryogenics,other,SUBSTATION,37.59578193416325,-122.0174352907741,9.354175509004141e-07,True
6,66,Substation,' ',40.09403073,-123.5091868,Kekawaka,pge,SUBSTATION,40.0940307349166,-123.50918679640904,6.262474436114383e-07,True
7,115,Substation,' ',37.55699202,-122.05794,Dumbarton,pge,SUBSTATION,37.556992018214,-122.05794001685494,1.498967343393881e-06,True
8,115,Substation,' ',37.73868954,-122.1937991,Edes,pge,SUBSTATION,37.7386895431528,-122.19379906549648,3.0542232151075227e-06,True
9,115,Substation,' ',37.49369132,-121.9394285,Nummi,other,SUBSTATION,37.49369131828538,-121.93942854441876,3.923447936070141e-06,True
10,115,Substation,' ',37.67126804,-122.1595387,Grant,pge,SUBSTATION,37.67126803925739,-122.15953867436106,2.2580988509019053e-06,True
11,115,Substation,' ',37.876174,-122.245764,Grizzly,other,SUBSTATION,37.8761740015629,-122.24576402139796,1.8861336962849153e-06,True
12,66,Substation,' ',37.66794608,-121.8318768,Luka,pge,SUBSTATION,37.66794608367032,-121.83187681050428,1.0106362881509195e-06,True
13,115,Substation,' ',37.59531056,-122.0174915,Air Liquide,pge,,37.59531055787571,-122.01749144961028,4.445823449948502e-06,True
14,66,Substation,' ',37.70853376,-121.9070045,Kaiser,other,SUBSTATION,37.70853375836349,-121.90700446892848,2.739410060136377e-06,True
15,66,Substation,' ',37.68002781,-121.7805048,Livermore,pge,SUBSTATION,37.68002780796131,-121.78050482975056,2.6279555656291627e-06,True
16,66,Substation,' ',37.71164362,-121.8938504,Parks,pge,SUBSTATION,37.71164362479632,-121.8938503914868,9.193745356852122e-07,True
17,66,Substation,' ',37.67255501,-121.859528,Radum,pge,SUBSTATION,37.672555014651145,-121.85952801975954,1.8143614586938126e-06,True
18,230,Substation,' ',37.79905699,-121.6199438,Ralph,pge,SUBSTATION,37.79905698986354,-121.61994380061796,5.6376725687445783e-08,True
19,115,Substation,' ',37.71062477,-122.1481883,San Leandro U,pge,SUBSTATION,37.71062477494543,-122.14818833093142,2.775968104467339e-06,True
20,115,Substation,' ',37.76299826,-122.2144948,Oakland J,pge,SUBSTATION,37.76299826428102,-122.21449482097786,1.9045145592433163e-06,True
21,115,Substation,' ',37.58690266,-121.869684,Sunol,pge,SUBSTATION,37.58690265828723,-121.8696840010358,2.111904484325582e-07,True
22,115,Substation,' ',37.60924399,-121.842671,Vallecitos,pge,SUBSTATION,37.60924398719841,-121.84267101730838,1.556154254060393e-06,True
23,66,Substation,' ',37.71111924,-121.7158749,Vasco,pge,SUBSTATION,37.71111924146901,-121.71587494114254,3.62286335123368e-06,True
24,66,Substation,' ',37.66968929,-121.8544376,Vineyard,pge,SUBSTATION,37.66968929475397,-121.85443759246584,8.480404145733809e-07,True
25,66,Substation,' ',38.408767,-120.822098,Amfor,pge,SUBSTATION,38.40876699943021,-120.82209798939095,9.265566993987008e-07,True
26,66,Substation,' ',38.34219061,-120.9349804,Clay,pge,SUBSTATION,38.34219061191322,-120.93498037585024,2.1168739698279115e-06,True
27,66,Substation,' ',38.37390104,-120.9575497,Ione,other,SUBSTATION,38.37390104356911,-120.95754974672572,4.092565899553502e-06,True
28,66,Substation,' ',38.27717343,-120.9138995,Ione Energy,pge,SUBSTATION,38.27717343458713,-120.91389953957184,3.4917064641428874e-06,True
29,66,Substation,' ',38.36910799,-120.796754,Martell,pge,SUBSTATION,38.36910799331439,-120.79675402179372,1.935389296296213e-06,True
30,66,Substation,' ',38.36863575,-120.8054803,Nepco,other,SUBSTATION,38.36863574587485,-120.80548034813704,4.22160587640627e-06,True
31,66,Substation,' ',38.48076425,-120.8449436,Oleta,pge,SUBSTATION,38.48076425490602,-120.84494363383558,2.995323884784645e-06,True
32,115,Substation,' ',38.4984199,-120.2184202,Salt Springs,pge,SUBSTATION,38.498419895679,-120.21842016704748,2.9076328411938506e-06,True
33,66,Substation,' ',38.4127977,-120.6602339,Pine Grove,pge,SUBSTATION,38.41279770310059,-120.6602339445871,3.900025388486677e-06,True
34,115,Substation,' ',37.71296547,-121.4775277,Lammers,pge,SUBSTATION,37.71296547424562,-121.47752769056574,9.547638258902915e-07,True
35,66,Substation,' ',39.48122633,-121.5654854,A.P.T. Oro,pge,SUBSTATION,39.48122633311454,-121.56548541080676,9.90027822445444e-07,True
36,66,Substation,' ',39.36471317,-121.6856152,Gridley,other,SUBSTATION,39.3647131649862,-121.68561522493856,2.215207708374841e-06,True
37,66,Substation,' ',39.47437782,-121.5747818,Louisiana Pacific (Oroville),other,SUBSTATION,39.474377816479645,-121.57478176775255,2.7954169481618667e-06,True
38,66,Substation,' ',39.4087526,-121.6886266,City Of Biggs,other,,39.40875260141191,-121.6886266480847,4.134095503434407e-06,True
39,115,Substation,' ',34.64326979,-120.4372802,Cabrillo,pge,SUBSTATION,34.6432697885287,-120.43728019313264,6.491863189589709e-07,True
40,66,Substation,' ',39.81095374,-121.9196266,Anita,other,SUBSTATION,39.81095374050424,-121.9196265722766,2.3686767749465205e-06,True
41,66,Substation,' ',39.38767374,-121.4031757,Bangor,pge,SUBSTATION,39.38767373773818,-121.40317569925232,2.5958062764176965e-07,True
42,115,Substation,' ',39.71220645,-121.8133571,Butte,pge,SUBSTATION,39.7122064481817,-121.81335707689334,1.9868156446223106e-06,True
43,115,Substation,' ',39.71884016,-121.8209206,Chico A,pge,SUBSTATION,39.71884015875547,-121.82092062359636,2.022936729003338e-06,True
44,115,Substation,' ',39.72551493,-121.8470758,Chico B,pge,SUBSTATION,39.72551493360511,-121.84707580851182,8.310243634078349e-07,True
45,115,Substation,' ',33.81774602,-116.3674057,Ramon,iid,SUBSTATION,33.817746017946654,-116.3674057059858,5.982610859063989e-07,True
46,115,Substation,' ',39.60773551,-121.7683336,Esquon,pge,SUBSTATION,39.60773551464629,-121.76833358384148,1.4775341033392568e-06,True
47,66,Substation,' ',39.74641854,-122.0113693,Hamilton A,pge,SUBSTATION,39.74641854176892,-122.01136933547082,3.0389765318668532e-06,True
48,115,Substation,' ',39.7602408,-121.9070486,Nord,pge,SUBSTATION,39.760240802984654,-121.90704864173188,3.582587904041401e-06,True
49,66,Substation,' ',39.50399795,-121.560155,Oroville,pge,SUBSTATION,39.50399794952197,-121.56015501732595,1.4874444705633761e-06,True
50,66,Substation,' ',39.76066295,-121.6187304,Paradise,pge,SUBSTATION,39.76066295290581,-121.61873043546984,3.049063199888012e-06,True
51,66,Substation,' ',39.37824172,-121.6850945,Peachton,pge,SUBSTATION,39.37824172207953,-121.68509451825736,1.5861799878689509e-06,True
52,115,Substation,' ',39.76876106,-121.8240284,Sycamore Creek,pge,SUBSTATION,39.768761061395054,-121.824028388523,9.931057565887711e-07,True
53,115,Substation,' ',39.48676454,-121.6880242,Tres Vias,pge,SUBSTATION,39.486764538827885,-121.68802420710148,6.232079508332634e-07,True
54,115,Substation,' ',39.49170026,-121.5409467,Wyandotte,pge,SUBSTATION,39.49170025621256,-121.54094668549344,1.3141328133700348e-06,True
55,66,Substation,' ',38.16989692,-120.6672277,Calaveras Cement,other,SUBSTATION,38.16989692407117,-120.66722774747468,4.1748236480257215e-06,True
56,115,Substation,' ',38.06981688,-120.4221335,Cataract,other,SUBSTATION,38.06981687515528,-120.42213347694567,2.0888205571410964e-06,True
57,66,Substation,' ',38.10148065,-120.9261759,Corral,pge,SUBSTATION,38.101480653393175,-120.92617586661036,2.9459026175534315e-06,True
58,115,Substation,' ',38.0571528,-120.5339711,Frogtown,pge,SUBSTATION,38.05715279971415,-120.53397105129636,4.264341060245854e-06,True
59,230,Substation,' ',37.9446466,-120.5362212,Melones,wapa,SUBSTATION,37.94464659720511,-120.53622116162192,3.379650120323432e-06,True
60,115,Substation,' ',38.14698707,-120.4464194,Murphy,pge,SUBSTATION,38.14698707252699,-120.44641944391417,3.850424054255994e-06,True
61,66,Substation,' ',38.19974699,-120.719348,North Branch,pge,SUBSTATION,38.199746990435486,-120.71934800041429,6.0460407667514e-08,True
62,66,Substation,' ',39.01747968,-122.0613948,Arbuckle,pge,SUBSTATION,39.01747967888832,-122.06139482465692,2.1337759821626737e-06,True
63,66,Substation,' ',39.21353467,-122.0025503,Colusa,pge,SUBSTATION,39.21353467336371,-122.00255032128622,1.8716325278128661e-06,True
64,66,Substation,' ',38.96982277,-122.0433322,Drake,pge,SUBSTATION,38.969822765902975,-122.04333217073216,2.570935296751873e-06,True
65,66,Substation,' ',38.96922396,-122.0704684,Harrington,pge,SUBSTATION,38.96922396253317,-122.07046838073256,1.6893622808392613e-06,True
66,66,Substation,' ',39.27695996,-122.1532889,Maxwell,pge,SUBSTATION,39.27695996315382,-122.15328887379604,2.2826184114703705e-06,True
67,66,Substation,' ',39.40274718,-122.0132647,Rice,pge,SUBSTATION,39.402747176055385,-122.0132646948227,6.247134925483234e-07,True
68,66,Substation,' ',39.15748765,-122.1477121,Williams,pge,SUBSTATION,39.15748765308179,-122.14771205348706,4.025055572376209e-06,True
69,115,Substation,' ',37.99392322,-122.1301156,Alhambra,pge,SUBSTATION,37.9939232223922,-122.13011557123694,2.534505348728273e-06,True
70,66,Substation,' ',37.81698936,-121.5871457,Byron Bethany,pge,SUBSTATION,37.81698935517064,-121.587145694383,7.292563265094973e-07,True
71,66,Substation,' ',38.01132999,-121.748771,Du Pont,other,SUBSTATION,38.01132998942654,-121.74877102118512,1.8571072559409606e-06,True
72,66,Substation,' ',37.88699377,-121.5769277,Los Vaqueros,other,SUBSTATION,37.88699377080378,-121.57692772411878,2.1184938390748734e-06,True
73,66,Substation,' ',38.01049965,-121.7562696,GWF 4,pge,SUBSTATION,38.01049964693561,-121.75626962499425,2.2161053597789077e-06,True
74,115,Substation,' ',38.02639867,-121.8496279,Linde,pge,,38.02639866516522,-121.8496279282101,2.5287641825508655e-06,True
75,115,Substation,' ',38.01420008,-122.1158065,Shell Oil 1,other,SUBSTATION,38.014200078166496,-122.11580648937408,9.529574390172036e-07,True
76,66,Substation,' ',38.01900393,-122.2354177,Union Chemical,other,SUBSTATION,38.01900393190366,-122.23541766172627,3.359457238253137e-06,True
77,66,Substation,' ',37.92595616,-122.0713843,Walnut Creek Pp,other,SUBSTATION,37.92595615594091,-122.0713843403046,3.5638610018253686e-06,True
78,66,Substation,' ',37.83870261,-121.6229064,Tres Vaqueros Wind Farm (Jv Ent),other,,37.83870260902228,-121.62290638470934,1.3471456934594186e-06,True
79,66,Substation,' ',37.92583801,-121.678276,Balfour,pge,SUBSTATION,37.92583800616787,-121.67827598590216,1.3078993193445761e-06,True
80,115,Substation,' ',38.0125913,-122.0426788,Bollman,other,SUBSTATION,38.01259130455056,-122.04267881543998,1.4442065294454815e-06,True
81,66,Substation,' ',37.88525172,-121.8144465,Briones,other,SUBSTATION,37.88525172402712,-121.8144465339817,3.0156573244739945e-06,True
82,115,Substation,' ',37.94410025,-121.9691071,Clayton,pge,SUBSTATION,37.94410025199704,-121.96910714862464,4.269652106167335e-06,True
83,115,Substation,' ',38.02598429,-121.8633112,Columbia Steel,other,SUBSTATION,38.02598428824968,-121.86331121966684,1.7336106673688694e-06,True
84,66,Substation,' ',38.01351802,-121.815552,Antioch,pge,SUBSTATION,38.01351801723007,-121.81555199417708,5.958972231733985e-07,True
85,115,Substation,' ',38.02728725,-121.8543797,Dow Chemical,other,SUBSTATION,38.02728725211432,-121.85437967894109,1.8594761740394026e-06,True
86,115,Substation,' ',37.8759552,-122.1870459,East Portal,pge,SUBSTATION,37.87595520410172,-122.18704586811504,2.83549009006173e-06,True
87,115,Substation,' ',38.01599634,-121.7739186,Fibreboard,pge,SUBSTATION,38.01599633726957,-121.77391862069334,1.838062136540292e-06,True
88,66,Substation,' ',38.012107,-122.26433,Franklin,pge,SUBSTATION,38.01210700210434,-122.26432998479756,1.352258980844407e-06,True
89,66,Substation,' ',37.81672046,-121.5861654,Herdlyn,pge,SUBSTATION,37.81672046460723,-121.58616542016526,1.84393778886968e-06,True
90,115,Substation,' ',38.00163657,-122.0672557,Imhoff,pge,SUBSTATION,38.00163656751872,-122.0672556867176,1.1960729439204911e-06,True
91,66,Substation,' ',37.90286541,-121.7226958,Marsh,pge,SUBSTATION,37.90286541425741,-121.72269574977582,4.431960398287135e-06,True
92,115,Substation,' ',37.96324326,-122.0522531,Meadow Lane,pge,SUBSTATION,37.96324325632197,-122.05225312487916,2.219087146770898e-06,True
93,115,Substation,' ',37.99592158,-122.3481031,Point Pinole,pge,SUBSTATION,37.9959215829392,-122.34810313924945,3.4548307083186313e-06,True
94,66,Substation,' ',38.03732601,-122.178096,Port Costa Brick,other,SUBSTATION,38.03732600501097,-122.1780959904934,1.0004635340687141e-06,True
95,230,Substation,' ',37.78241596,-121.9676624,San Ramon Research Cntr.,pge,,37.78241595866594,-121.96766243161322,2.78219417163365e-06,True
96,66,Substation,' ',38.028955,-122.103101,Urich,pge,SUBSTATION,38.02895500449173,-122.10310098878207,1.1022141141027237e-06,True
97,66,Substation,' ',38.02477032,-121.9609733,Willow Pass,pge,SUBSTATION,38.02477032006086,-121.96097329600856,3.4969098891718775e-07,True
98,66,Substation,' ',41.77442883,-123.0350791,Steelhead,pacificorp,SUBSTATION,41.77442883322477,-123.03507908565864,1.2421577123202831e-06,True
99,115,Substation,' ',38.69341229,-120.8258948,Diamond Springs,pge,SUBSTATION,38.69341228610576,-120.82589480729813,7.672594424917855e-07,True
100,115,Substation,' ',38.88492041,-121.0671416,Flint,pge,SUBSTATION,38.88492040725154,-121.0671416240988,2.108141598283448e-06,True
101,66,Substation,' ',38.6349329,-120.9801828,Limestone,pge,SUBSTATION,38.634932901836,-120.9801827876812,1.0892978698225525e-06,True
102,66,Substation,' ',38.91406597,-121.0189822,Mt. Quarries,pge,SUBSTATION,38.9140659675594,-121.01898220192484,3.184066644180884e-07,True
103,115,Substation,' ',38.83485899,-121.094821,Newcastle,pge,SUBSTATION,38.83485899365069,-121.09482099610771,5.276794010547035e-07,True
104,66,Substation,' ',38.65929769,-120.9472381,Shingle Springs,pge,SUBSTATION,38.659297687416505,-120.94723810852622,7.941080766380317e-07,True
105,66,Substation,' ',38.85028861,-120.3819544,Jones Fork,smud,SUBSTATION,38.85028861395953,-120.38195442722656,2.398501583382204e-06,True
106,115,Substation,' ',38.79337762,-120.619311,Camino,pge,SUBSTATION,38.79337762420475,-120.61931096873364,2.7497849382088666e-06,True
107,115,Substation,' ',36.54076139,-119.5818423,Guardian and Eastbank,other,SUBSTATION,36.54076138541403,-119.58184225980035,3.627369291278964e-06,True
108,115,Substation,' ',36.75773233,-119.6968545,Las Palmas,other,SUBSTATION,36.757732334508056,-119.69685449736065,5.536792062058074e-07,True
109,66,Substation,' ',36.31946224,-119.9470597,Mussel Slough,other,SUBSTATION,36.31946223967745,-119.94705965976118,3.6052862769347765e-06,True
110,66,Substation,' ',36.23774299,-120.3687036,Cal Resources LLC,other,,36.23774299245193,-120.36870356907885,2.7865852245142243e-06,True
111,500,Substation,' ',36.71509335,-120.7018288,Oxford,pge,SUBSTATION,36.71509335421034,-120.70182879867032,4.829382065695206e-07,True
112,66,Substation,' ',36.22456945,-120.3814639,Penn Zier,other,SUBSTATION,36.2245694479161,-120.38146388162468,1.6645049195705028e-06,True
113,115,Substation,' ',36.70056751,-119.754489,Ranchers Cotton,pge,SUBSTATION,36.70056751093756,-119.7544889578796,3.756596787747977e-06,True
114,66,Substation,' ',36.90286001,-119.773843,River Rock,pge,SUBSTATION,36.90286000596502,-119.77384298675636,1.260170577568284e-06,True
115,66,Substation,' ',36.19229514,-120.3552717,Tornado,other,SUBSTATION,36.19229514226991,-120.35527169792884,3.134516545068883e-07,True
116,66,Substation,' ',36.63241754,-120.3423122,Westlands,pge,SUBSTATION,36.63241753832259,-120.3423122049865,4.824657788903826e-07,True
117,115,Substation,' ',36.52807464,-120.4852632,Kamm,other,SUBSTATION,36.52807464251661,-120.48526315419024,4.102765471425404e-06,True
118,66,Substation,' ',36.79273987,-120.1141466,Biola,pge,SUBSTATION,36.79273986686032,-120.11414660446664,5.292217553502065e-07,True
119,66,Substation,' ',36.28400837,-120.122075,Calflax,other,SUBSTATION,36.28400837392873,-120.12207501986964,1.8337802537664394e-06,True
120,66,Substation,' ',36.44598609,-119.7989666,Camden,pge,SUBSTATION,36.44598609096055,-119.79896661374448,1.2340345814962598e-06,True
121,115,Substation,' ',36.42931356,-120.3416558,Cantua,pge,SUBSTATION,36.42931356064096,-120.34165575802164,3.7563262782456834e-06,True
122,66,Substation,' ',36.83609272,-120.4495568,Capco Madera,pge,SUBSTATION,36.83609272115688,-120.44955676579076,3.0471769913377932e-06,True
123,66,Substation,' ',36.53216946,-119.8814695,Caruthers,pge,SUBSTATION,36.5321694559588,-119.8814694502654,4.466331489767744e-06,True
124,115,Substation,' ',36.63275972,-120.5319935,Cheney,pge,SUBSTATION,36.63275971817491,-120.53199354555808,4.070270159394494e-06,True
125,66,Substation,' ',36.89581265,-119.6647064,Coppermine,pge,SUBSTATION,36.89581265313488,-119.6647063893895,1.005878452155773e-06,True
126,66,Substation,' ',36.22650304,-120.3378885,Derrick,other,SUBSTATION,36.22650304010589,-120.33788845560584,3.982151314377445e-06,True
127,66,Substation,' ',36.57016948,-119.4190334,Dinuba Energy,other,SUBSTATION,36.57016947774542,-119.4190333638222,3.240526172606475e-06,True
128,66,Substation,' ',36.70935277,-119.0289556,Dunlap,pge,SUBSTATION,36.70935277109184,-119.0289555728194,2.425988543007747e-06,True
129,66,Substation,' ',36.8505811,-120.4663723,Firebaugh,pge,SUBSTATION,36.85058109750191,-120.46637233049564,2.727635153721104e-06,True
130,66,Substation,' ',36.59142343,-120.1761988,Helm,pge,SUBSTATION,36.59142343169017,-120.17619876604118,3.0376330208457208e-06,True
131,66,Substation,' ',36.18606391,-120.1039111,Huron,pge,SUBSTATION,36.18606391411192,-120.10391112178026,2.007451347965638e-06,True
132,66,Substation,' ',36.69153501,-120.060083,Kerman,pge,SUBSTATION,36.691535007009925,-120.06008299787214,3.8280600216099055e-07,True
133,66,Substation,' ',36.70562289,-119.882865,Kearney (New),pge,SUBSTATION,36.70562289159689,-119.8828650242258,2.166941573571122e-06,True
134,66,Substation,' ',36.706794,-119.880023,Kearney (Old),pge,SUBSTATION,36.70679399597088,-119.880022999056,4.5585320365083324e-07,True
135,115,Substation,' ',36.69325502,-119.726534,Malaga,pge,SUBSTATION,36.69325501803404,-119.72653397903986,1.8815731068811438e-06,True
136,230,Substation,' ',36.59336916,-119.9887084,Mc Mullin,pge,SUBSTATION,36.59336916065014,-119.9887083695419,2.7201643585157837e-06,True
137,66,Substation,' ',36.72059631,-120.4589551,Mendota,pge,SUBSTATION,36.72059631080433,-120.45895510584718,5.287751752376874e-07,True
138,66,Substation,' ',36.75624051,-120.3653702,Mendota Biomass,other,SUBSTATION,36.75624050549674,-120.36537021995444,1.8468813105435394e-06,True
139,66,Substation,' ',36.60561902,-119.773307,Bowles,pge,SUBSTATION,36.6056190151958,-119.77330698067958,1.8054348391744566e-06,True
140,66,Substation,' ',36.60755351,-119.5213101,Parlier,pge,SUBSTATION,36.60755351445216,-119.52131008495267,1.4314626408534727e-06,True
141,115,Substation,' ',36.78995077,-119.4034036,Piedra,other,,36.78995076720048,-119.40340362793306,2.5068122289035823e-06,True
142,115,Substation,' ',36.71022222,-119.5381139,Rainbow,pge,SUBSTATION,36.71022222303943,-119.53811388808354,1.1147190560988024e-06,True
143,66,Substation,' ',36.6043472,-119.3762084,Reedley,pge,SUBSTATION,36.60434719510366,-119.37620837505273,2.292486118203434e-06,True
144,66,Substation,' ',36.62093615,-120.1783513,San Joaquin,pge,SUBSTATION,36.620936147425546,-120.17835130169104,3.236112960093576e-07,True
145,66,Substation,' ',36.53108764,-120.1045065,Stroud,pge,SUBSTATION,36.53108764192172,-120.10450647672408,2.0906262798274005e-06,True
146,66,Substation,' ',36.77054901,-119.393313,Tivy Valley,pge,SUBSTATION,36.77054900633203,-119.39331298114485,1.728271175224619e-06,True
147,115,Substation,' ',36.68753802,-119.721984,Air Products,other,SUBSTATION,36.68753801591106,-119.7219839940781,6.968176944062956e-07,True
148,66,Substation,' ',36.66108307,-120.3343954,Wesix,wapa,SUBSTATION,36.66108306783486,-120.33439541603956,1.4508176215085855e-06,True
149,66,Substation,' ',36.35685741,-120.2512062,Westlands 18Ra,other,SUBSTATION,36.3568574132416,-120.25120615747296,3.825306839908181e-06,True
150,115,Substation,' ',36.83604392,-120.6203074,De Francesco,pge,SUBSTATION,36.836043915753805,-120.62030735430189,4.094237306584835e-06,True
151,66,Substation,' ',39.58278564,-122.0104719,Jacinto,pge,SUBSTATION,39.58278563658707,-122.01047191610203,1.4311522301171102e-06,True
152,66,Substation,' ',39.77596358,-122.1038109,Capay,pge,SUBSTATION,39.77596358103245,-122.10381094002612,3.4225227974377948e-06,True
153,66,Substation,' ',39.78927916,-122.0513104,Headgate,pge,SUBSTATION,39.78927916022522,-122.05131036075431,3.3533442309881193e-06,True
154,230,Substation,' ',39.53951119,-122.2630509,Logan Creek,pge,SUBSTATION,39.53951119071489,-122.26305085446424,3.905590064082343e-06,True
155,66,Substation,' ',39.725196,-122.178741,Orland B,pge,SUBSTATION,39.72519600027397,-122.17874101256352,1.074888186538749e-06,True
156,66,Substation,' ',39.55776855,-122.0047037,Provident,pge,,39.55776855036031,-122.00470373938784,3.3769325949247284e-06,True
157,66,Substation,' ',39.531676,-122.1861239,Willows A,pge,SUBSTATION,39.5316759967068,-122.1861239374362,3.231404391643117e-06,True
158,66,Substation,' ',39.58704303,-122.533157,Stony Gorge,pge,SUBSTATION,39.587043025553136,-122.53315696653576,2.909976016433996e-06,True
159,66,Substation,' ',40.87793436,-123.9946333,Ultra Power,pge,SUBSTATION,40.877934364674815,-123.99463325830364,3.5439575717787403e-06,True
160,66,Substation,' ',40.86708117,-124.0884243,Arcata,pge,SUBSTATION,40.86708117110176,-124.08842427813433,1.8427373835443054e-06,True
161,66,Substation,' ',41.16271474,-124.1020064,Big Lagoon,pge,SUBSTATION,41.162714744863706,-124.10200637028775,2.54539869809863e-06,True
162,66,Substation,' ',40.90584397,-124.0343692,Blue Chip Milling,other,SUBSTATION,40.905843965098654,-124.03436919741873,5.865907380858702e-07,True
163,66,Substation,' ',40.8798343,-123.9805907,Blue Lake,pge,SUBSTATION,40.87983429974335,-123.98059072697896,2.268373767993582e-06,True
164,115,Substation,' ',40.47964597,-123.7803098,Bridgeville,pge,SUBSTATION,40.47964597017619,-123.78030981845563,1.5610812506260545e-06,True
165,66,Substation,' ',40.80046704,-124.1962938,Fairhaven,pge,SUBSTATION,40.80046703945119,-124.19629383745486,3.1532931022218952e-06,True
166,66,Substation,' ',40.21377701,-123.5963844,Fort Seward,pge,SUBSTATION,40.21377701409556,-123.59638439474168,6.377756181475995e-07,True
167,66,Substation,' ',40.28584174,-123.8373077,Fruitland,pge,SUBSTATION,40.28584174156862,-123.8373077081287,7.112180874597783e-07,True
168,66,Substation,' ',40.10300786,-123.7928774,Garberville,pge,SUBSTATION,40.10300785982294,-123.79287741477847,1.2570861402887276e-06,True
169,66,Substation,' ',40.78091459,-124.1318534,Harris,pge,SUBSTATION,40.780914589124485,-124.13185342405006,2.0273105089622015e-06,True
170,66,Substation,' ',40.74032526,-124.2096559,Humboldt Bay,pge,SUBSTATION,40.7403252642439,-124.20965592244193,1.9487239775468145e-06,True
171,66,Substation,' ',40.90513782,-124.072347,Janes Creek,pge,SUBSTATION,40.90513782437269,-124.07234698514996,1.3393737368299558e-06,True
172,66,Substation,' ',40.86575137,-124.1523425,Sierra Pacific Lumber,other,SUBSTATION,40.86575136938922,-124.1523425158373,1.3334986456466826e-06,True
173,66,Substation,' ',40.59459298,-124.1352072,Newburg,pge,SUBSTATION,40.59459298156031,-124.1352072063305,5.619641903175505e-07,True
174,230,Substation,' ',37.80116,-121.641651,Windmaster,other,SUBSTATION,37.80116000097159,-121.64165101665944,1.4676775498053415e-06,True
175,66,Substation,' ',40.48092347,-124.1040001,Pacific Lumber,other,SUBSTATION,40.48092346557348,-124.1040000660817,2.91063847505475e-06,True
176,66,Substation,' ',40.72891925,-123.6697785,Ridge Cabin,pge,,40.72891925469917,-123.66977850927016,9.397935796178735e-07,True
177,66,Substation,' ',40.49538982,-124.0992681,Rio Dell,pge,SUBSTATION,40.49538981817036,-124.09926805925724,3.451172194153819e-06,True
178,66,Substation,' ',40.82049761,-123.8282375,Russ Ranch,pge,SUBSTATION,40.82049761112737,-123.8282375459324,3.867152479039542e-06,True
179,66,Substation,' ',37.73329501,-121.120652,Mrip,other,SUBSTATION,37.73329500638687,-121.12065202331873,2.0896470716048637e-06,True
180,66,Substation,' ',41.06473688,-124.1284232,Trinidad,pge,SUBSTATION,41.06473688164412,-124.128423239171,3.2890794051851107e-06,True
181,115,Substation,' ',32.99897909,-115.5188889,Alamorio,iid,SUBSTATION,32.99897909227542,-115.5188889219392,2.0615676258434086e-06,True
182,115,Substation,' ',33.12533089,-115.9785357,Anza,iid,SUBSTATION,33.12533088605369,-115.97853572348794,2.2308550749877713e-06,True
183,66,Substation,' ',32.78149971,-114.5745907,Bard,iid,SUBSTATION,32.78149970846808,-114.57459068848506,1.0898820514967246e-06,True
184,115,Substation,' ',32.90250651,-114.4800809,Barret,iid,SUBSTATION,32.90250651139008,-114.48008087673414,2.177567299026506e-06,True
185,115,Substation,' ',33.38496117,-115.6887666,Bombay,iid,SUBSTATION,33.38496117463499,-115.68876661084998,1.1315723151681101e-06,True
186,66,Substation,' ',32.66910959,-115.5002718,Calexico,iid,SUBSTATION,32.6691095906929,-115.50027179551692,4.2664929528334195e-07,True
187,115,Substation,' ',32.81791422,-115.5779823,Central,iid,SUBSTATION,32.81791422111321,-115.57798228890142,1.04450012069093e-06,True
188,115,Substation,' ',33.41180556,-116.0507499,Desert Shores,iid,SUBSTATION,33.4118055552231,-116.05074992148975,2.064154507656154e-06,True
189,115,Substation,' ',32.79963333,-115.5791028,Euclid,iid,SUBSTATION,32.799633334218264,-115.5791027769839,2.201789665934539e-06,True
190,115,Substation,' ',33.05360069,-114.9841401,Goldfields,iid,SUBSTATION,33.053600687367975,-114.98414006909596,2.8950645006090455e-06,True
191,115,Substation,' ',33.04703333,-114.8841944,Goldmine,iid,SUBSTATION,33.0470333341259,-114.88419444624306,4.334487799845218e-06,True
192,66,Substation,' ',32.91199807,-115.5681245,Holly Sugar,iid,SUBSTATION,32.9119980697043,-115.5681244944294,5.210451640431071e-07,True
193,66,Substation,' ',32.75293878,-114.590084,No Mans Land,iid,SUBSTATION,32.75293877656305,-114.59008398750956,1.228990042393745e-06,True
194,115,Substation,' ',32.70621445,-115.0311648,Drop 2,iid,SUBSTATION,32.706214454912704,-115.03116484323635,4.082134869600545e-06,True
195,66,Substation,' ',32.71114659,-114.9425616,Sand Hill,iid,SUBSTATION,32.71114658749359,-114.9425616422622,3.963862430059391e-06,True
196,115,Substation,' ',32.73657328,-114.7126452,Araz,iid,SUBSTATION,32.73657328084171,-114.71264521053396,9.897108012846456e-07,True
197,115,Substation,' ',32.81140555,-115.680425,Navy Base,iid,SUBSTATION,32.81140555400118,-115.68042500024208,4.4548599306363554e-07,True
198,115,Substation,' ',33.24227704,-115.501121,Niland,iid,SUBSTATION,33.24227704191166,-115.50112104206184,3.917480494795788e-06,True
199,66,Substation,' ',32.98697223,-115.5429722,Oakley,iid,SUBSTATION,32.98697223277511,-115.54297223233613,3.03172393236239e-06,True
200,66,Substation,' ',32.79184606,-115.857801,Plaster City,iid,SUBSTATION,32.79184605765573,-115.85780103416567,3.204267308734371e-06,True
201,66,Substation,' ',32.68598055,-115.5085444,Pruett,iid,SUBSTATION,32.6859805505376,-115.50854443596435,3.3663070713102552e-06,True
202,115,Substation,' ',33.28528889,-115.9698333,Salton City,iid,SUBSTATION,33.28528889020597,-115.96983333210903,2.9847245914065927e-06,True
203,115,Substation,' ',32.79148946,-115.6946665,Seeley,iid,SUBSTATION,32.79148945939664,-115.69466646040712,3.701578614984644e-06,True
204,66,Substation,' ',32.75270556,-115.6376722,Silsbee,iid,SUBSTATION,32.75270555591408,-115.63767222277164,2.1774479438808813e-06,True
205,115,Substation,' ',32.88062222,-115.7434361,Superstition,iid,SUBSTATION,32.880622220796546,-115.74343611496214,1.3999978725455835e-06,True
206,66,Substation,' ',32.69940301,-115.2832006,Verde,iid,SUBSTATION,32.699403012845806,-115.28320058777476,1.1869047646552536e-06,True
207,66,Substation,' ',33.03810038,-115.6189923,Westmorland,iid,SUBSTATION,33.03810038051389,-115.61899225356372,4.328965817770937e-06,True
208,66,Substation,' ',37.37438227,-117.9796042,Deep Springs,sce,SUBSTATION,37.37438227055606,-117.97960419697826,2.740809083022441e-07,True
209,115,Substation,' ',36.10989167,-117.9564555,Haiwee,sce,SUBSTATION,36.109891666571,-117.95645554882653,4.402777624873827e-06,True
210,115,Substation,' ',36.60071079,-118.0725009,Lone Pine,sce,SUBSTATION,36.60071079093501,-118.07250087592718,2.151456737846954e-06,True
211,66,Substation,' ',37.35976047,-118.7018945,Morgan,sce,SUBSTATION,37.35976046704782,-118.7018945081338,7.902884562352947e-07,True
212,66,Substation,' ',37.34980639,-118.4653526,Mt. Tom,sce,SUBSTATION,37.34980639242232,-118.46535257071926,2.6022199364644914e-06,True
213,66,Substation,' ',37.40070021,-118.3505364,Roberts,sce,SUBSTATION,37.40070021274296,-118.35053644437994,3.932108507362942e-06,True
214,66,Substation,' ',35.7116008,-120.0111956,Berrenda A,pge,SUBSTATION,35.711600795171336,-120.0111956132608,1.3121517511928397e-06,True
215,66,Substation,' ',35.65850145,-120.0424297,Berrenda C,pge,SUBSTATION,35.65850145399845,-120.0424297367336,3.3484004653793825e-06,True
216,66,Substation,' ',34.88051458,-118.9009699,Castaic,other,SUBSTATION,34.88051457955476,-118.90096994284652,3.908703179920547e-06,True
217,66,Substation,' ',35.4707658,-119.1183189,Cawelo B,pge,SUBSTATION,35.470765797660405,-119.11831887459046,2.3157090991451274e-06,True
218,115,Substation,' ',35.57075757,-119.1154201,Cawelo C,pge,SUBSTATION,35.570757571696184,-119.11542007329167,2.423003971436097e-06,True
219,115,Substation,' ',35.40105743,-119.035393,Kernwater,pge,SUBSTATION,35.40105742857489,-119.0353929898614,9.324934640269319e-07,True
220,230,Substation,' ',34.95491418,-118.8442502,Lebec,sce,SUBSTATION,34.9549141776336,-118.84425022253906,2.0708964600454944e-06,True
221,66,Substation,' ',35.78573189,-119.8662835,Lost Hills,pge,SUBSTATION,35.785731893981215,-119.866283479829,1.8725529560583279e-06,True
222,66,Substation,' ',35.06401416,-119.0618268,Valpredo,pge,SUBSTATION,35.06401415861526,-119.06182678719854,1.1752448425642265e-06,True
223,66,Substation,' ',34.92639747,-118.9252995,Pacific Pipeline,other,SUBSTATION,34.92639747364589,-118.9252995374819,3.441091641367832e-06,True
224,66,Substation,' ',35.6579012,-119.9964345,Antelope,pge,SUBSTATION,35.657901199099186,-119.9964344714247,2.5836412647163534e-06,True
225,66,Substation,' ',35.7755224,-119.9136038,Arco,pge,SUBSTATION,35.77552239736215,-119.91360382886036,2.6200767823724365e-06,True
226,66,Substation,' ',35.15031453,-118.8784674,Arvin,pge,SUBSTATION,35.15031452530935,-118.87846735665951,3.974795331154482e-06,True
227,115,Substation,' ',35.31698056,-118.9332139,Arvin-Edison,other,SUBSTATION,35.31698055832251,-118.93321389202936,7.468528129331177e-07,True
228,66,Substation,' ',35.38723247,-119.004436,Bakersfield,pge,SUBSTATION,35.38723247177944,-119.0044360309872,2.8160227801430815e-06,True
229,66,Substation,' ',35.61462223,-119.8537112,Blackwell,pge,SUBSTATION,35.61462223382047,-119.85371117195912,2.5701405283046915e-06,True
230,66,Substation,' ',35.10678049,-119.4035453,Cadet,pge,SUBSTATION,35.10678049294684,-119.40354531110331,1.0618504516950709e-06,True
231,66,Substation,' ',35.54109995,-119.8052306,Carneras,pge,SUBSTATION,35.54109994696263,-119.80523057317228,2.4507342018638245e-06,True
232,66,Substation,' ',35.4747136,-119.7603817,Celeron,other,SUBSTATION,35.474713601945304,-119.76038165026527,4.508869109075137e-06,True
233,66,Substation,' ',35.09714151,-119.429419,Chalk,pge,SUBSTATION,35.09714151424839,-119.42941895416924,4.1962327982083e-06,True
234,115,Substation,' ',35.60807501,-119.3253139,Charca,pge,SUBSTATION,35.60807500748761,-119.32531387859125,1.9554851132903915e-06,True
235,66,Substation,' ',35.09339007,-119.2789365,Copus,pge,SUBSTATION,35.09339007164383,-119.27893651119976,1.0352366174594027e-06,True
236,115,Substation,' ',35.31512502,-119.6095695,Cymric,other,SUBSTATION,35.31512502154228,-119.60956945164725,4.390559767008136e-06,True
237,66,Substation,' ',35.77500833,-119.9737889,Devils Den,pge,SUBSTATION,35.77500833436411,-119.97378894289916,3.90043140914386e-06,True
238,115,Substation,' ',35.42797818,-118.9764344,Discovery,other,SUBSTATION,35.427978176241574,-118.97643436846876,2.8873452477494063e-06,True
239,115,Substation,' ',35.50103906,-119.0460399,Double C,other,SUBSTATION,35.50103906482249,-119.04603985838686,3.804976957669869e-06,True
240,66,Substation,' ',35.35577972,-118.9717712,Eisen,pge,SUBSTATION,35.35577971540057,-118.97177120256912,5.620033043572055e-07,True
241,66,Substation,' ',35.22606664,-119.3766031,Elk Hills,pge,SUBSTATION,35.22606664016438,-119.37660312489945,2.26176987850711e-06,True
242,115,Substation,' ',35.19517779,-119.5852944,Fellows,pge,SUBSTATION,35.19517778904881,-119.58529444556518,4.141757160954384e-06,True
243,115,Substation,' ',35.39404669,-119.3214819,Frito Lay,other,SUBSTATION,35.3940466911502,-119.32148189110036,8.167798893961609e-07,True
244,115,Substation,' ',35.3772676,-119.092688,Fruitvale,pge,SUBSTATION,35.37726759509589,-119.09268803960424,3.631836261870829e-06,True
245,115,Substation,' ',35.50111517,-119.4489669,Ganso,pge,SUBSTATION,35.50111516603199,-119.44896686745672,2.978814742825336e-06,True
246,66,Substation,' ',35.15360385,-119.3361848,Gardner,other,SUBSTATION,35.15360385486149,-119.33618478791271,1.2246682291107057e-06,True
247,66,Substation,' ',34.91833522,-118.9261907,Grapevine,other,SUBSTATION,34.918335219616395,-118.92619074860995,4.432283194260491e-06,True
248,115,Substation,' ',35.50944487,-119.0305112,Kern Front,pge,SUBSTATION,35.50944486622697,-119.0305111790723,1.940171379434516e-06,True
249,66,Substation,' ',35.09414443,-119.1011222,Lakeview,pge,SUBSTATION,35.094144434837254,-119.1011222366665,3.3790263915978137e-06,True
250,66,Substation,' ',35.50036603,-119.1518273,Lerdo,pge,SUBSTATION,35.500366029903,-119.15182728465126,1.3894863966176786e-06,True
251,66,Substation,' ',35.10778002,-119.398181,Maricopa,pge,SUBSTATION,35.10778001807841,-119.39818100307734,3.5216126275388163e-07,True
252,66,Substation,' ',35.68838406,-119.2768598,Mc Farland,pge,SUBSTATION,35.6883840601955,-119.2768598083155,7.513120133139948e-07,True
253,66,Substation,' ',35.31982573,-119.6623248,Sysquoc,pge,SUBSTATION,35.3198257331365,-119.66232478995532,9.757898991259614e-07,True
254,115,Substation,' ',35.24241942,-119.6245472,Midsun,other,SUBSTATION,35.24241942233654,-119.62454719604524,4.4327285024599434e-07,True
255,66,Substation,' ',35.2329709,-119.5803103,Mobil,other,SUBSTATION,35.232970899543936,-119.58031031547836,1.406743647425752e-06,True
256,66,Substation,' ',35.09082503,-119.4070389,Moco,other,SUBSTATION,35.090825028006186,-119.40703891690708,1.5541745035761743e-06,True
257,115,Substation,' ',35.28599981,-119.3090374,Norco,pge,SUBSTATION,35.28599981233232,-119.30903741111212,1.0414120379468935e-06,True
258,66,Substation,' ',35.20843056,-119.1006862,Old River,pge,SUBSTATION,35.20843056321126,-119.10068620407476,5.143479248408755e-07,True
259,66,Substation,' ',35.29555607,-119.0216521,Panama,pge,SUBSTATION,35.295556072797815,-119.0216521139904,1.307263033755962e-06,True
260,66,Substation,' ',35.517707,-119.7595381,Petro Lewis,other,SUBSTATION,35.51770700213444,-119.75953811877216,1.7154806645790492e-06,True
261,115,Substation,' ',35.44202961,-119.2607154,Rio Bravo,pge,SUBSTATION,35.44202960741,-119.2607153968728,4.039764991687392e-07,True
262,66,Substation,' ',35.42982347,-118.8226315,Rio Bravo,pge,SUBSTATION,35.42982346517468,-118.82263147468828,2.3552858689650586e-06,True
263,115,Substation,' ',35.37716309,-119.077933,Rosedale,pge,,35.37716309022068,-119.07793299382897,5.600250427920986e-07,True
264,66,Substation,' ',35.09239722,-118.8781167,San Bernard,pge,SUBSTATION,35.092397223656064,-118.8781167121445,1.1773527272175146e-06,True
265,115,Substation,' ',35.1933472,-119.5823472,Santa Fe Energy,other,SUBSTATION,35.19334719721107,-119.58234723336054,3.0472860791095197e-06,True
266,115,Substation,' ',35.60074571,-119.4375241,Semitropic,pge,SUBSTATION,35.600745710428626,-119.43752405277478,4.269985997819643e-06,True
267,115,Substation,' ',35.51390484,-119.3178014,Shafter,pge,SUBSTATION,35.513904843903426,-119.31780144050684,3.6918701378589547e-06,True
268,115,Substation,' ',35.71782151,-119.4553416,Smyrna,pge,SUBSTATION,35.71782150992626,-119.4553416393832,3.5555008863234532e-06,True
269,66,Substation,' ',35.10881659,-118.5670131,Stallion,other,SUBSTATION,35.108816590362736,-118.56701314086988,3.71791648888412e-06,True
270,66,Substation,' ',35.0932291,-119.4438304,Berry Petroleum,pge,SUBSTATION,35.09322909516888,-119.4438304395185,3.6353698440992776e-06,True
271,66,Substation,' ',35.09175615,-119.4406975,Tannehill Electric Co.,other,SUBSTATION,35.091756148092514,-119.44069747253934,2.5074478466531573e-06,True
272,66,Substation,' ',35.01965139,-118.9796384,Tecuya,pge,SUBSTATION,35.01965139017872,-118.97963838659624,1.2207562675424116e-06,True
273,66,Substation,' ',35.01965399,-118.9551559,Tejon,pge,SUBSTATION,35.01965399271657,-118.9551558962072,4.5884147278791115e-07,True
274,115,Substation,' ',35.19434121,-119.5712604,Midset,other,SUBSTATION,35.19434121266851,-119.57126035423624,4.169065600470647e-06,True
275,115,Substation,' ',35.35416109,-119.2706556,Tupman,pge,SUBSTATION,35.3541610923557,-119.2706555655539,3.1348646209889176e-06,True
276,66,Substation,' ',35.73065651,-119.8580981,Twisselman,pge,SUBSTATION,35.73065650722425,-119.8580980733426,2.4259404754257775e-06,True
277,115,Substation,' ',35.6018111,-119.3261944,Wasco,pge,SUBSTATION,35.6018111032607,-119.3261944083058,8.338800514008632e-07,True
278,66,Substation,' ',35.22374722,-118.8800083,Weedpatch,pge,SUBSTATION,35.22374722376815,-118.8800083424542,3.87905626792893e-06,True
279,66,Substation,' ',35.22432026,-118.7789744,Wellfield,pge,SUBSTATION,35.22432025874951,-118.77897441184862,1.0852175149048665e-06,True
280,115,Substation,' ',35.37392781,-119.0403167,West Park,pge,SUBSTATION,35.37392780753941,-119.04031665945443,3.686329419064575e-06,True
281,115,Substation,' ',35.42795693,-118.9775056,Witco,pge,SUBSTATION,35.4279569332626,-118.9775055916842,8.362564965913645e-07,True
282,115,Substation,' ',35.29606803,-119.5924379,Getty Oil,other,SUBSTATION,35.29606802569509,-119.59243786587736,3.1335680811193487e-06,True
283,115,Substation,' ',35.44070561,-119.0207361,Kern Oil,pge,SUBSTATION,35.4407056097126,-119.02073606106468,3.527383426857514e-06,True
284,66,Substation,' ',34.81550555,-118.6861278,Alamo,sce,SUBSTATION,34.81550554943232,-118.68612777791914,2.0167597960533666e-06,True
285,66,Substation,' ',35.58810833,-118.5247667,Borel,sce,SUBSTATION,35.588108329296546,-118.5247666676248,2.9286079522261835e-06,True
286,66,Substation,' ',35.12389407,-118.3741213,Breeze,sce,SUBSTATION,35.12389406852266,-118.37412133455436,3.1469206691621333e-06,True
287,66,Substation,' ',35.70369931,-119.2045057,Browning,sce,SUBSTATION,35.70369930689444,-119.2045056506532,4.469148122869123e-06,True
288,66,Substation,' ',35.03026569,-118.3108221,Cal Cement,sce,SUBSTATION,35.03026568627786,-118.31082206708903,3.0250504812206465e-06,True
289,66,Substation,' ',34.94057401,-117.9530671,Corum,sce,SUBSTATION,34.94057401063733,-117.9530671217706,1.9856903859391093e-06,True
290,66,Substation,' ',35.10966362,-118.4946673,Cummings,sce,SUBSTATION,35.109663622213645,-118.4946673209988,1.92591352185963e-06,True
291,66,Substation,' ',35.77551392,-119.2424861,Delano,sce,SUBSTATION,35.77551391641868,-119.2424861372337,3.382524132424121e-06,True
292,230,Substation,' ',34.94123996,-118.826285,Edmonston,other,SUBSTATION,34.94123996298621,-118.82628502488129,2.2921300702669052e-06,True
293,66,Substation,' ',34.81499978,-119.0098992,Frazier Park,sce,SUBSTATION,34.81499978493493,-119.00989923632844,3.361548989878126e-06,True
294,66,Substation,' ',35.7222499,-118.6950727,Glennville,sce,SUBSTATION,35.72224989563012,-118.69507267220776,2.5555477222126565e-06,True
295,66,Substation,' ',35.05410894,-118.1861563,Goldtown,sce,SUBSTATION,35.05410894215437,-118.1861562851625,1.3716672825215885e-06,True
296,66,Substation,' ',34.83738247,-118.1554673,Great Lakes,sce,SUBSTATION,34.837382469169654,-118.1554672509092,4.481283809315907e-06,True
297,66,Substation,' ',35.73837172,-118.5564021,Greenhorn,sce,SUBSTATION,35.73837172200016,-118.55640213021135,2.73581373633556e-06,True
298,66,Substation,' ',35.48368775,-118.5275716,Havilah,sce,SUBSTATION,35.4836877472074,-118.5275715664036,3.057757257646167e-06,True
299,66,Substation,' ',35.63265859,-118.478256,Isabella,sce,SUBSTATION,35.63265859109544,-118.47825601355224,1.2308363899491787e-06,True
300,66,Substation,' ',35.6444035,-118.4818546,Lakegen,sce,SUBSTATION,35.64440350116929,-118.48185459237504,7.011706814712069e-07,True
301,66,Substation,' ',35.30690556,-118.4232873,Loraine,sce,SUBSTATION,35.3069055607542,-118.423287286396,1.2373075686477734e-06,True
302,66,Substation,' ',35.12376189,-118.3796721,Monolith,sce,SUBSTATION,35.12376188863579,-118.37967207193984,2.5565070230488016e-06,True
303,230,Substation,' ',38.12530207,-121.832271,Shiloh I,other,SUBSTATION,38.125302070879954,-121.83227102822951,2.471254151781162e-06,True
304,66,Substation,' ',35.71895095,-119.2333701,Pandol,sce,SUBSTATION,35.7189509522157,-119.23337014055438,3.669453525410445e-06,True
305,230,Substation,' ',34.93527777,-118.8431278,Pastoria,sce,SUBSTATION,34.93527776619365,-118.84312777674025,2.1621350174327236e-06,True
306,66,Substation,' ',35.73285976,-119.1298083,Quinn,sce,SUBSTATION,35.73285976072808,-119.1298082914389,7.769731274567798e-07,True
307,115,Substation,' ',34.93014632,-117.6977315,Unknown,unknown,SUBSTATION,34.930113083709095,-117.69774529539698,0.0039038303463007273,True
308,66,Substation,' ',34.86428131,-118.2373311,Rosamond,sce,SUBSTATION,34.86428130883972,-118.23733108755884,1.1423949403613302e-06,True
309,115,Substation,' ',34.87995833,-117.8962833,Southbase,sce,SUBSTATION,34.87995833477575,-117.89628332977294,2.7672881906451904e-06,True
310,66,Substation,' ',35.41102545,-118.492508,Walker Basin,sce,SUBSTATION,35.41102545383071,-118.4925080107833,1.0660416035991956e-06,True
311,66,Substation,' ',35.66663278,-118.2628215,Weldon,sce,SUBSTATION,35.66663278424176,-118.26282149944554,4.743142605711727e-07,True
312,66,Substation,' ',34.81941387,-118.7510667,Westpac,sce,SUBSTATION,34.81941387144325,-118.7510666695697,2.782495822438066e-06,True
313,66,Substation,' ',35.45227062,-118.9904154,Sycamore,sce,SUBSTATION,35.4522706231241,-118.99041536133632,3.519315504713264e-06,True
314,66,Substation,' ',36.08514444,-119.5536056,Boswell,pge,SUBSTATION,36.08514444248407,-119.55360555310266,4.22330243243086e-06,True
315,66,Substation,' ',35.99203334,-119.5717083,Angiola,pge,SUBSTATION,35.99203333952427,-119.57170833599842,3.2391272878042485e-06,True
316,66,Substation,' ',36.26869793,-119.6473106,Armstrong,other,SUBSTATION,36.268697928388775,-119.64731056964688,2.7270823705791756e-06,True
317,66,Substation,' ',35.97812224,-120.1171583,Avenal,other,SUBSTATION,35.97812223516114,-120.11715832314738,2.1512556493649852e-06,True
318,115,Substation,' ',36.10940095,-119.5571927,Corcoran,pge,SUBSTATION,36.10940094533666,-119.55719266405735,3.270229661793796e-06,True
319,66,Substation,' ',36.22631337,-119.6552247,Guernsey,pge,SUBSTATION,36.226313369169056,-119.65522471160294,1.0448718205532146e-06,True
320,66,Substation,' ',36.2696503,-119.6489407,Hanford,other,,36.26965029645337,-119.64894070746448,7.767511695852196e-07,True
321,66,Substation,' ',36.40412655,-119.6858489,Hardwick,pge,SUBSTATION,36.4041265497173,-119.68584894432465,3.9669741355469e-06,True
322,66,Substation,' ',36.2224111,-119.7799139,Jacobs Corner,pge,SUBSTATION,36.22241110449142,-119.77991388320748,1.5869912003088503e-06,True
323,66,Substation,' ',36.04359445,-120.1113917,Kettleman Hills,pge,SUBSTATION,36.04359444768913,-120.1113916540389,4.140290270318116e-06,True
324,66,Substation,' ',36.30933381,-119.7983006,Lemoore,pge,SUBSTATION,36.309333811206585,-119.79830060208944,2.3033120428236627e-07,True
325,66,Substation,' ',36.27633342,-119.6536119,Reserve Oil,pge,SUBSTATION,36.27633342399792,-119.65361190916563,9.341834442951901e-07,True
326,66,Substation,' ',36.00345277,-119.9494833,Tulare Lake,pge,SUBSTATION,36.003452769529034,-119.9494833416532,3.7472653517907284e-06,True
327,66,Substation,' ',39.00776751,-122.8940008,Clear Lake,pge,SUBSTATION,39.00776750858565,-122.89400077129945,2.4848596287291334e-06,True
328,66,Substation,' ',39.07721407,-122.9325679,Hartley,pge,SUBSTATION,39.077214070382624,-122.93256785221448,4.125079991341163e-06,True
329,66,Substation,' ',38.93233036,-122.7410063,Konocti,pge,SUBSTATION,38.93233036162131,-122.74100628988566,8.932449719906806e-07,True
330,115,Substation,' ',39.11038686,-122.8128382,Lucerne,pge,SUBSTATION,39.11038685603239,-122.81283817023412,2.6058112143489936e-06,True
331,115,Substation,' ',39.02753504,-122.6623833,Redbud,pge,SUBSTATION,39.0275350391145,-122.66238326015598,3.443177219213976e-06,True
332,66,Substation,' ',39.14574049,-122.9166584,Upper Lake,pge,SUBSTATION,39.1457404903959,-122.9166584019911,1.7725910775716823e-07,True
333,66,Substation,' ',40.74489222,-121.2780001,Halls Flat,pge,SUBSTATION,40.74489222104015,-121.27800013479624,2.9336519167814294e-06,True
334,66,Substation,' ',40.31499479,-120.5403437,Janesville,other,SUBSTATION,40.31499479455498,-120.54034370428772,6.234520439870097e-07,True
335,66,Substation,' ',40.36547281,-120.4226288,Standish,other,SUBSTATION,40.36547280716087,-120.42262881137532,1.014136019843377e-06,True
336,66,Substation,' ',40.41749316,-120.6671093,Susan,other,SUBSTATION,40.41749316294681,-120.66710927995436,1.7283543433871812e-06,True
337,66,Substation,' ',40.15526654,-120.3519513,Milford,other,SUBSTATION,40.15526653783554,-120.35195130571722,5.422281526532415e-07,True
338,66,Substation,' ',40.58807127,-121.0915844,Bogard,pge,SUBSTATION,40.588071272160775,-121.0915843818615,1.5503850206104017e-06,True
339,66,Substation,' ',40.26934857,-121.0881239,Hamilton Branch,pge,SUBSTATION,40.26934856638285,-121.08812389778008,4.441231693060145e-07,True
340,66,Substation,' ',40.29997937,-121.0016847,Westwood,other,SUBSTATION,40.299979366789984,-121.00168472532135,2.1768359482952537e-06,True
341,66,Substation,' ',34.16270281,-118.2841966,Airway,other,SUBSTATION,34.1627028091268,-118.28419661538504,1.4188693298628285e-06,True
342,66,Substation,' ',34.27357024,-118.4587732,San Fernando,sce,SUBSTATION,34.2735702360914,-118.45877318477866,1.46460986686913e-06,True
343,66,Substation,' ',33.99032214,-118.3940417,Movie,sce,SUBSTATION,33.99032214260579,-118.39404166777886,2.9847333362143457e-06,True
344,66,Substation,' ',34.30787223,-118.4505278,Olive,ladwp,SUBSTATION,34.30787222511813,-118.45052777575316,2.292259713837397e-06,True
345,230,Substation,' ',34.04335333,-118.2461297,Station P (Market),ladwp,SUBSTATION,34.043353326944434,-118.24612966275885,3.4480933588884523e-06,True
346,66,Substation,' ',33.77047202,-118.264962,Station Q (Harbor),ladwp,SUBSTATION,33.77047201952387,-118.2649619822112,1.6451256823211268e-06,True
347,230,Substation,' ',34.17158743,-118.423154,Station S (Van Nuys),ladwp,SUBSTATION,34.171587427841054,-118.42315396165176,3.5361241252319046e-06,True
348,230,Substation,' ',34.1895064,-118.5915883,Station T,ladwp,SUBSTATION,34.18950640300785,-118.59158828232044,1.6601774246662876e-06,True
349,230,Substation,' ',34.17935193,-118.5438005,Station U (Tarzana),ladwp,SUBSTATION,34.17935192558167,-118.54380054100086,3.8035196874495268e-06,True
350,66,Substation,' ',34.19901498,-118.3440788,Lincoln,other,SUBSTATION,34.19901497569315,-118.34407876282653,3.452158731121314e-06,True
351,66,Substation,' ',34.17638134,-118.3140289,Mcneil,other,SUBSTATION,34.17638133798202,-118.31402890527404,5.345513856951384e-07,True
352,66,Substation,' ',34.12515424,-117.9249665,Aerojet,sce,SUBSTATION,34.12515424316213,-117.92496647576046,2.258754002903816e-06,True
353,66,Substation,' ',34.04748128,-117.9556304,Bassett,sce,SUBSTATION,34.04748128352519,-117.95563035495692,4.168435891490279e-06,True
354,66,Substation,' ',34.09126536,-118.1490914,Alhambra,sce,SUBSTATION,34.09126536072779,-118.14909135629424,4.0254872511010945e-06,True
355,66,Substation,' ',33.8349536,-118.2473837,Alon,sce,SUBSTATION,33.83495360399989,-118.24738365228652,4.429371535460359e-06,True
356,66,Substation,' ',34.07144828,-118.0265504,Amador,sce,SUBSTATION,34.07144828017087,-118.0265503888368,1.0283873681030516e-06,True
357,66,Substation,' ',33.86143513,-118.3217278,Amco,sce,SUBSTATION,33.861435129156675,-118.32172782564332,2.3696281798883465e-06,True
358,66,Substation,' ',34.567506,-118.147688,Anaverde,sce,SUBSTATION,34.567505997462106,-118.14768798466945,1.4318180803696009e-06,True
359,66,Substation,' ',34.10562887,-118.0384571,Anita,sce,SUBSTATION,34.105628874735984,-118.03845707935795,1.972125445642255e-06,True
360,66,Substation,' ',34.38186113,-118.5013428,Appgen,sce,SUBSTATION,34.38186113298242,-118.50134282090195,1.946593293024937e-06,True
361,115,Substation,' ',35.49595252,-119.0094663,Live Oak,pge,SUBSTATION,35.49595251962872,-119.0094663369496,3.345304675549153e-06,True
362,66,Substation,' ',34.14413076,-118.025731,Arcadia,sce,SUBSTATION,34.14413075628738,-118.02573102368476,2.2184115833566292e-06,True
363,230,Substation,' ',33.81749482,-118.2434772,Arcogen,sce,SUBSTATION,33.81749482288862,-118.24347724225488,3.916799014058687e-06,True
364,66,Substation,' ',34.19972227,-118.1706118,Arroyo,sce,SUBSTATION,34.199722274568614,-118.17061182882416,2.6991211211095137e-06,True
365,66,Substation,' ',33.81920229,-118.1643641,Astro,sce,SUBSTATION,33.81920228831321,-118.16436408510468,1.3887622079184871e-06,True
366,66,Substation,' ',33.78133053,-118.1498197,Belmont,sce,SUBSTATION,33.78133052713737,-118.14981965317544,4.339279939624052e-06,True
367,66,Substation,' ',34.13604586,-117.9109461,Azusa,sce,SUBSTATION,34.13604586255045,-117.91094605670722,3.994613035140628e-06,True
368,66,Substation,' ',33.99961503,-118.1712114,Bandini,sce,SUBSTATION,33.99961502629074,-118.17121139556464,5.807697945562129e-07,True
369,66,Substation,' ',34.05052838,-117.9907761,Industry,sce,SUBSTATION,34.05052838423726,-117.99077611484682,1.4467103470006338e-06,True
370,66,Substation,' ',34.00810574,-118.2275295,Beejay,sce,SUBSTATION,34.008105743428494,-118.2275294553202,4.136013324538759e-06,True
371,66,Substation,' ',34.0731289,-118.3973342,Beverly,sce,SUBSTATION,34.073128901933806,-118.39733422662752,2.4619458106422827e-06,True
372,66,Substation,' ',33.83038656,-118.1405681,Boost,sce,SUBSTATION,33.83038656317182,-118.14056805777376,3.916285350743175e-06,True
373,66,Substation,' ',33.85077402,-118.06401,Bovine,sce,SUBSTATION,33.85077401771619,-118.06401000438888,4.782843709210125e-07,True
374,66,Substation,' ',33.79314877,-118.1722789,Bowl,sce,SUBSTATION,33.79314877308866,-118.17227887169297,2.6382651761036473e-06,True
375,66,Substation,' ',34.13379802,-117.9872804,Bradbury,sce,SUBSTATION,34.13379801703188,-117.98728037870876,1.98722987521424e-06,True
376,66,Substation,' ',33.93731568,-118.1299057,Downey,sce,SUBSTATION,33.93731567918026,-118.12990574829674,4.456439841984945e-06,True
377,66,Substation,' ',34.1271721,-117.9398895,Brew,sce,SUBSTATION,34.12717209595179,-117.93988951350656,1.3222156834319917e-06,True
378,66,Substation,' ',33.88055076,-118.3258829,Bridge,sce,SUBSTATION,33.88055075823267,-118.3258829073435,7.058183110723405e-07,True
379,66,Substation,' ',33.86007925,-118.0843086,Artesia,sce,SUBSTATION,33.86007924635705,-118.08430857536987,2.310050374065066e-06,True
380,66,Substation,' ',33.90252379,-118.3118682,Brighton,sce,SUBSTATION,33.90252379244319,-118.31186822989508,2.7723721923690313e-06,True
381,66,Substation,' ',33.76697406,-118.1520507,Broadway,sce,SUBSTATION,33.76697406330917,-118.15205069873862,3.859939680996201e-07,True
382,66,Substation,' ',33.90011631,-118.2062764,Bullis,sce,SUBSTATION,33.900116313641504,-118.20627636165436,3.562123367341654e-06,True
383,66,Substation,' ',33.95650731,-118.2322842,Calden,sce,SUBSTATION,33.95650730812637,-118.23228417761804,2.0748166936025207e-06,True
384,66,Substation,' ',33.77486919,-118.229778,Carbogen,sce,SUBSTATION,33.774869193668806,-118.22977798423892,1.5128138427379546e-06,True
385,66,Substation,' ',33.90319501,-118.047069,Carmenita,sce,SUBSTATION,33.90319501437861,-118.04706898279716,1.660621997631579e-06,True
386,66,Substation,' ',33.86398483,-118.2169821,Carson,sce,SUBSTATION,33.8639848269413,-118.21698209520208,5.58503237639709e-07,True
387,66,Substation,' ',33.81660822,-118.1716782,Certified,sce,SUBSTATION,33.816608220411865,-118.17167820451336,4.194667866219403e-07,True
388,66,Substation,' ',33.75941402,-118.2378628,Dock,sce,SUBSTATION,33.75941402251796,-118.23786283975012,3.6853522843484635e-06,True
389,66,Substation,' ',33.77861447,-118.1832932,Cherry,sce,SUBSTATION,33.77861447186341,-118.18329315520086,4.145711235519427e-06,True
390,66,Substation,' ',33.91260297,-118.4141553,Chevgen,sce,SUBSTATION,33.9126029667343,-118.41415532229011,2.0887284993734676e-06,True
391,66,Substation,' ',34.11901471,-117.8719909,Citrus,sce,SUBSTATION,34.11901470769405,-117.87199089442184,5.739583361344563e-07,True
392,66,Substation,' ',33.79574877,-118.1071449,Clark,sce,SUBSTATION,33.79574877233803,-118.10714485927257,3.7724219416192217e-06,True
393,66,Substation,' ',33.78410009,-118.1085203,College,sce,SUBSTATION,33.78410008507525,-118.108520269099,2.9078495825768955e-06,True
394,66,Substation,' ',34.02561317,-118.4721561,Colorado,sce,SUBSTATION,34.025613173755616,-118.47215613759792,3.4899855190733786e-06,True
395,66,Substation,' ',33.7568199,-118.2203333,Commodore,sce,SUBSTATION,33.75681989873164,-118.22033332617822,2.4242270176558526e-06,True
396,66,Substation,' ',34.00414636,-118.2065258,Ybarra,other,SUBSTATION,34.00414636294653,-118.2065257658302,3.166777760476016e-06,True
397,66,Substation,' ',33.86341862,-118.1653359,Corners,sce,SUBSTATION,33.86341862290357,-118.16533588414342,1.4992590400334418e-06,True
398,66,Substation,' ',33.88369974,-118.1203648,Cornuta,sce,SUBSTATION,33.883699742803664,-118.12036475069957,4.561627388947054e-06,True
399,66,Substation,' ',34.09258019,-117.8795847,Cortez,sce,SUBSTATION,34.09258019031261,-117.87958465541836,4.105410155043503e-06,True
400,66,Substation,' ',33.92406834,-118.3187593,Cosmic,sce,SUBSTATION,33.92406834344089,-118.3187593088562,9.022768114928262e-07,True
401,66,Substation,' ',34.10697209,-118.7149439,Crater,sce,SUBSTATION,34.10697208619078,-118.71494386752364,3.0199025944132525e-06,True
402,66,Substation,' ',33.76694457,-118.3731939,Crest,sce,SUBSTATION,33.76694457472049,-118.37319390757165,8.748570847092023e-07,True
403,66,Substation,' ',34.05755342,-117.9891722,Cryco,sce,SUBSTATION,34.05755341769126,-117.98917222000904,1.8610701228206312e-06,True
404,66,Substation,' ',33.96384263,-118.1942652,Cudahy,sce,SUBSTATION,33.96384262893612,-118.19426516437528,3.2875840578742263e-06,True
405,66,Substation,' ',34.01457592,-118.40261,Culver,sce,SUBSTATION,34.014575918770824,-118.4026100151509,1.4031144065837674e-06,True
406,66,Substation,' ',34.11389987,-117.9336277,Dalton,sce,SUBSTATION,34.11389987020276,-117.93362770997533,9.186162235874774e-07,True
407,66,Substation,' ',34.71797092,-118.2889766,Del Sur,sce,SUBSTATION,34.71797092211215,-118.28897656405348,3.293838400447427e-06,True
408,66,Substation,' ',34.00294768,-117.8112369,Diamond Bar,sce,SUBSTATION,34.00294768404381,-117.81123692807404,2.6266827465376263e-06,True
409,66,Substation,' ',33.76219353,-118.2229677,Dike,sce,SUBSTATION,33.76219352570858,-118.22296765249524,4.4172878268509095e-06,True
410,66,Substation,' ',33.87232911,-118.3779075,Ditmar,sce,SUBSTATION,33.87232911117855,-118.37790752342556,2.1666882796316925e-06,True
411,66,Substation,' ',33.86247615,-118.2230313,Domhill,sce,SUBSTATION,33.86247615387242,-118.22303131794708,1.7121512735605887e-06,True
412,66,Substation,' ',33.92228339,-118.3826717,Douglas,sce,SUBSTATION,33.92228339186394,-118.38267169972386,2.0882155976576099e-07,True
413,66,Substation,' ',33.89897697,-118.1442684,Dougoil,sce,SUBSTATION,33.898976968843485,-118.14426835072516,4.549602156702593e-06,True
414,66,Substation,' ',34.16225829,-118.0857225,Eaton,sce,SUBSTATION,34.16225828799414,-118.0857224862174,1.2875781704546064e-06,True
415,66,Substation,' ',34.49113968,-118.6163972,Elizabeth Lake,sce,SUBSTATION,34.49113967934675,-118.61639720835846,7.694767306785871e-07,True
416,66,Substation,' ',33.87990599,-118.090471,Eric,sce,SUBSTATION,33.87990599404825,-118.090470989726,1.0498435292772668e-06,True
417,66,Substation,' ',33.91580073,-118.3620587,Felton,sce,SUBSTATION,33.91580072652684,-118.36205867418369,2.413328319176015e-06,True
418,66,Substation,' ',33.92829702,-118.215484,Fernwood,sce,SUBSTATION,33.92829701888313,-118.21548401949616,1.8030472013880884e-06,True
419,66,Substation,' ',33.82143255,-118.2332985,Polypro,sce,SUBSTATION,33.8214325478294,-118.23329849431022,5.783784447712132e-07,True
420,66,Substation,' ',34.51456388,-118.6082972,MWD Foothill,sce,SUBSTATION,34.51456388291289,-118.60829723115852,2.873141323840851e-06,True
421,66,Substation,' ',33.9959959,-118.226704,Fruitland,sce,SUBSTATION,33.99599590338499,-118.2267039685973,2.919351797053924e-06,True
422,66,Substation,' ',33.89928827,-118.3828843,Galaxy,sce,SUBSTATION,33.89928827439011,-118.382884325699,2.4215734745557285e-06,True
423,66,Substation,' ',33.96155128,-118.1113506,Gallatin,sce,SUBSTATION,33.96155127708615,-118.11135056347226,3.384368959009373e-06,True
424,66,Substation,' ',34.0582889,-117.7552801,Pomona,sce,SUBSTATION,34.0582889049014,-117.7552800858884,1.4096048321628802e-06,True
425,66,Substation,' ',34.05753246,-117.7756362,Ganesha,sce,SUBSTATION,34.057532460269066,-117.77563618978984,9.410595711476301e-07,True
426,66,Substation,' ',34.12496383,-118.1498524,Garfield,sce,SUBSTATION,34.12496382666213,-118.14985241515129,1.4432028215553745e-06,True
427,66,Substation,' ',33.8073843,-118.2331894,Gatx,sce,SUBSTATION,33.80738429602814,-118.23318938124817,1.7879496789044256e-06,True
428,66,Substation,' ',34.79054444,-118.8271055,Gorman,sce,SUBSTATION,34.7905444367663,-118.82710553803528,3.4918725533048635e-06,True
429,66,Substation,' ',34.08150219,-118.0418247,Ductile,sce,SUBSTATION,34.08150219257723,-118.04182465901916,3.7850470840969724e-06,True
430,66,Substation,' ',33.8810914,-118.0474627,Greening,sce,SUBSTATION,33.8810913997248,-118.04746271350756,1.2473049266270652e-06,True
431,66,Substation,' ',33.79104783,-118.1421862,Hathaway,sce,SUBSTATION,33.79104782857861,-118.14218623485942,3.2252677413635678e-06,True
432,66,Substation,' ',34.61192881,-118.1138639,Helijet,sce,SUBSTATION,34.61192881019347,-118.1138639285966,2.6171185039685976e-06,True
433,66,Substation,' ',34.02427906,-118.0250218,Hillgen,sce,,34.024279056122126,-118.02502177507752,2.3369411661516893e-06,True
434,66,Substation,' ',33.92261915,-118.3071692,Howard,sce,SUBSTATION,33.92261915237017,-118.30716923390013,3.1390010125675817e-06,True
435,66,Substation,' ',33.91171863,-118.3918007,Hughesair,sce,SUBSTATION,33.91171863486632,-118.3918007401163,3.7412872275462562e-06,True
436,66,Substation,' ',33.81046975,-118.3404907,Hughtron,sce,SUBSTATION,33.8104697542777,-118.3404906918843,8.879555380712692e-07,True
437,66,Substation,' ',33.911845,-118.148285,Imperial,sce,SUBSTATION,33.911844998957804,-118.1482849943889,5.306025486598944e-07,True
438,66,Substation,' ',34.03341675,-117.9677135,Unknown,sce,RISER,34.033416752454194,-117.96771352977936,2.7576584673841596e-06,True
439,66,Substation,' ',33.96564841,-118.3581035,Inglewood,sce,SUBSTATION,33.96564840547798,-118.3581034902834,1.0275237368912862e-06,True
440,66,Substation,' ',33.80134174,-118.1594037,Injection,sce,SUBSTATION,33.80134174439936,-118.15940365514994,4.172908236945267e-06,True
441,66,Substation,' ',33.8795048,-118.2481891,Jersey,sce,SUBSTATION,33.87950480407864,-118.24818910089591,4.6100437287108544e-07,True
442,66,Substation,' ',34.21350946,-118.1679679,Jet,sce,SUBSTATION,34.213509457446406,-118.16796785970595,3.7159990003096044e-06,True
443,66,Substation,' ',34.03710332,-118.0255447,Jose,sce,SUBSTATION,34.03710332088513,-118.02554467316357,2.4747889878269447e-06,True
444,230,Substation,' ',34.01497467,-118.2035779,Kinetic,sce,,34.01497466704336,-118.20357793063008,2.842206003552294e-06,True
445,66,Substation,' ',34.20527032,-118.2104934,La Canada,sce,SUBSTATION,34.20527031611846,-118.2104934273128,2.5485367140152388e-06,True
446,66,Substation,' ',33.88863032,-118.0144049,La Mirada,sce,SUBSTATION,33.888630318034224,-118.01440490676548,6.616394777304409e-07,True
447,66,Substation,' ',33.83024406,-118.124653,Lakewood,sce,SUBSTATION,33.83024406197492,-118.12465295444868,4.213238133282e-06,True
448,66,Substation,' ',34.70049983,-118.1456041,Lancaster,sce,SUBSTATION,34.70049983365722,-118.145604147703,4.379818691905859e-06,True
449,66,Substation,' ',34.6906835,-118.2284922,Lanpri,other,SUBSTATION,34.69068350469264,-118.22849217713322,2.1548095902679313e-06,True
450,66,Substation,' ',34.08708686,-117.9264289,Lark Ellen,sce,SUBSTATION,34.08708686357298,-117.92642891296106,1.2579720923997157e-06,True
451,66,Substation,' ',34.04483575,-118.7761002,Latigo,sce,SUBSTATION,34.044835748206715,-118.77610016928529,2.83695051122021e-06,True
452,66,Substation,' ',34.0899808,-117.7697035,Layfair,sce,SUBSTATION,34.08998080073877,-117.76970350071416,1.052290074698634e-07,True
453,66,Substation,' ',33.94225454,-118.3473626,Lennox,sce,SUBSTATION,33.94225454308961,-118.34736261452665,1.3833816187504066e-06,True
454,66,Substation,' ',33.9976075,-118.217888,Owill,other,SUBSTATION,33.997607496422866,-118.21788796565926,3.1906715085615564e-06,True
455,66,Substation,' ',34.11185469,-117.9318568,Liquid,sce,SUBSTATION,34.111854687181044,-117.93185679940414,3.182177032135159e-07,True
456,66,Substation,' ',34.61620142,-117.9689511,Little Rock,sce,SUBSTATION,34.616201417672485,-117.96895112024364,1.87050441242998e-06,True
457,66,Substation,' ',34.12116598,-117.731895,Live Oak,sce,SUBSTATION,34.12116598381864,-117.73189499282816,7.849491646313633e-07,True
458,66,Substation,' ',33.93180519,-118.4044994,Losulfur,sce,SUBSTATION,33.9318051892294,-118.40449943034696,2.8010809995120928e-06,True
459,66,Substation,' ',33.84235695,-118.1205988,Lucas,sce,SUBSTATION,33.842356945704545,-118.12059878204715,1.7254679222152295e-06,True
460,66,Substation,' ',34.17219306,-118.347163,Macneil,sce,SUBSTATION,34.17219305523192,-118.3471629822674,1.715345604700993e-06,True
461,66,Substation,' ',34.1475568,-118.7614645,Malibu,sce,SUBSTATION,34.147556801764445,-118.76146445946372,3.73547930121292e-06,True
462,66,Substation,' ',34.00698276,-118.4656902,Marine,sce,SUBSTATION,34.006982757656225,-118.46569023618731,3.3458100420986218e-06,True
463,66,Substation,' ',33.747174,-118.38898,Marymount,sce,SUBSTATION,33.74717399600899,-118.38897997852168,2.034831370238397e-06,True
464,66,Substation,' ',33.96958134,-118.1013564,Rivera,sce,SUBSTATION,33.96958134372019,-118.10135642946818,2.7487958960034485e-06,True
465,66,Substation,' ',34.04972528,-117.9072064,Merced,sce,SUBSTATION,34.049725281541306,-117.90720639875798,2.0607499948933884e-07,True
466,66,Substation,' ',33.85348082,-118.3356067,Mobgen,sce,,33.853480815351986,-118.33560668376118,1.5861168062993983e-06,True
467,66,Substation,' ',33.85707385,-118.3329564,Mobil Oil,sce,SUBSTATION,33.85707385425299,-118.33295635397032,4.276589446982682e-06,True
468,66,Substation,' ',33.95442599,-118.043106,Murphy,sce,SUBSTATION,33.95442599199879,-118.04310598240322,1.6381726450858345e-06,True
469,66,Substation,' ',34.00500608,-118.0668355,Narrows,sce,SUBSTATION,34.00500608124564,-118.06683551304984,1.2108736560066533e-06,True
470,66,Substation,' ',33.76395201,-118.219192,Navy-1,sce,SUBSTATION,33.76395201398806,-118.21919196259918,3.485662067089118e-06,True
471,66,Substation,' ',34.77510559,-118.5014361,Neenach,sce,SUBSTATION,34.77510559077813,-118.50143614261653,3.893348313831384e-06,True
472,66,Substation,' ',33.82735334,-118.2684007,Neptune,sce,SUBSTATION,33.82735333511019,-118.26840071155766,1.1980858128362462e-06,True
473,66,Substation,' ',34.04557089,-118.1291485,Newmark,sce,SUBSTATION,34.045570893124406,-118.12914853717102,3.442338646957546e-06,True
474,66,Substation,' ',34.37921299,-118.55917,Newhall,sce,SUBSTATION,34.379212989845584,-118.55917001654367,1.5183296858514211e-06,True
475,66,Substation,' ',34.00676088,-117.8552914,Nogales,sce,SUBSTATION,34.006760876800264,-117.85529135965302,3.736059835325794e-06,True
476,66,Substation,' ',33.85951472,-118.2763265,Nola,sce,SUBSTATION,33.859514719414335,-118.27632651328912,1.22880613957284e-06,True
477,66,Substation,' ',34.41563081,-118.4527486,North Oaks,sce,SUBSTATION,34.4156308133542,-118.45274856570023,3.168390395396795e-06,True
478,66,Substation,' ',34.64671235,-118.094864,Oasis,sce,SUBSTATION,34.64671235483603,-118.09486397077988,2.7265249407452784e-06,True
479,66,Substation,' ',33.94627279,-117.9223101,Olinda,sce,SUBSTATION,33.946272786610315,-117.92231009447764,6.336842487286811e-07,True
480,66,Substation,' ',34.80844445,-118.7192917,Oso,sce,SUBSTATION,34.808444447762525,-118.71929166312476,3.375824790469109e-06,True
481,66,Substation,' ',34.05002232,-118.231275,Owill,sce,,34.05002231971286,-118.23127499849372,1.4240035659976783e-07,True
482,66,Substation,' ',34.03454683,-117.9767578,Package,sce,SUBSTATION,34.03454683294263,-117.97675780354488,4.623474379672354e-07,True
483,66,Substation,' ',33.8460286,-118.2338731,Pacline,sce,SUBSTATION,33.846028603528474,-118.23387308274884,1.6407707762604272e-06,True
484,66,Substation,' ',34.5660542,-118.0591861,Palmdale,sce,SUBSTATION,34.566054203717854,-118.0591861287438,2.6642252991167663e-06,True
485,66,Substation,' ',33.79329009,-118.349233,Palogen,sce,SUBSTATION,33.79329009370984,-118.34923304321345,4.014538925693718e-06,True
486,66,Substation,' ',33.96420598,-118.082148,Passons,sce,SUBSTATION,33.96420598348535,-118.08214800327968,4.916111051121985e-07,True
487,230,Substation,' ',34.50906959,-117.9196821,Pearblossom,sce,SUBSTATION,34.50906959243497,-117.91968213196309,2.9412229973212586e-06,True
488,66,Substation,' ',33.76508981,-118.2066567,Pico,sce,SUBSTATION,33.76508980684087,-118.2066567454716,4.217999063068652e-06,True
489,66,Substation,' ',33.91557578,-118.0811489,Pioneer,sce,SUBSTATION,33.91557578257503,-118.081148918095,1.6941110281092687e-06,True
490,66,Substation,' ',34.46359424,-118.5941936,Pitchgen,sce,SUBSTATION,34.46359423857899,-118.59419363716326,3.4107390635575647e-06,True
491,66,Substation,' ',34.69065568,-117.9693728,Piute,sce,SUBSTATION,34.69065567603713,-117.96937275877993,3.794367774862e-06,True
492,66,Substation,' ',33.92870414,-118.3897191,Polaris,sce,SUBSTATION,33.92870413633516,-118.3897190848424,1.456636670194389e-06,True
493,66,Substation,' ',33.76483111,-118.2078277,Tidelands,sce,SUBSTATION,33.76483110734601,-118.20782770747276,7.511748123600894e-07,True
494,66,Substation,' ',33.93499107,-118.0677468,Powerine,sce,SUBSTATION,33.93499106658885,-118.06774680523004,6.137399576811083e-07,True
495,66,Substation,' ',33.95856507,-118.0656099,Procal,sce,SUBSTATION,33.95856507419894,-118.06560989916464,4.7321458115085634e-07,True
496,66,Substation,' ',34.00901094,-117.9304235,Puente,sce,SUBSTATION,34.009010943756515,-117.9304235161623,1.5472115316532462e-06,True
497,66,Substation,' ',33.99797748,-118.2060903,Leonis,other,SUBSTATION,33.99797747916687,-118.20609024956195,4.650653660375063e-06,True
498,66,Substation,' ',34.6595412,-118.2282903,Quartz Hill,sce,SUBSTATION,34.659541198808625,-118.2282903141592,1.3017992290755776e-06,True
499,66,Substation,' ',33.99710378,-117.887703,Railroad,sce,SUBSTATION,33.99710378191769,-117.88770302030086,1.8836037058294177e-06,True
500,66,Substation,' ',34.06991918,-118.1300281,Ramona,sce,SUBSTATION,34.06991918056235,-118.13002812005836,1.8486073845452326e-06,True
501,66,Substation,' ',33.98271475,-118.205316,Randolph,sce,SUBSTATION,33.98271475075549,-118.20531598574593,1.316958095365764e-06,True
502,66,Substation,' ',34.12177523,-118.0810745,Ravendale,sce,SUBSTATION,34.12177523203726,-118.08107445532468,4.1187051255545846e-06,True
503,66,Substation,' ',34.76318367,-117.969417,Redman,sce,SUBSTATION,34.76318367456447,-117.9694169684286,2.9283173760492074e-06,True
504,66,Substation,' ',33.83959608,-118.2442872,Refinery,sce,SUBSTATION,33.83959608476592,-118.2442871673529,3.0614528477669553e-06,True
505,66,Substation,' ',33.99456583,-118.1527794,Refuse,sce,SUBSTATION,33.99456582926024,-118.15277941808162,1.668985999534304e-06,True
506,66,Substation,' ',34.03444747,-118.0241902,Reno,sce,SUBSTATION,34.034447474345264,-118.02419023127769,2.9223749937919813e-06,True
507,66,Substation,' ',34.04794252,-118.1621853,Repetto,sce,SUBSTATION,34.04794252052424,-118.16218530928492,8.574272179049839e-07,True
508,66,Substation,' ',33.90338589,-118.3794564,Repro,sce,SUBSTATION,33.90338588944783,-118.3794563644278,3.283513246864418e-06,True
509,66,Substation,' ',33.86303482,-118.1619319,Revital,sce,SUBSTATION,33.86303482330877,-118.16193190243298,4.3107865621033915e-07,True
510,66,Substation,' ',34.61032551,-118.0732689,Rockair,sce,SUBSTATION,34.610325511237825,-118.07326887006523,2.7430020359676637e-06,True
511,66,Substation,' ',33.8083703,-118.3550087,Rolling Hills,sce,SUBSTATION,33.8083703032093,-118.35500868745105,1.2131028281448693e-06,True
512,66,Substation,' ',34.09221847,-118.0826588,Rosemead,sce,SUBSTATION,34.09221846879837,-118.0826588126807,1.1753158857996693e-06,True
513,66,Substation,' ',34.05121845,-118.0813473,Rush,sce,SUBSTATION,34.05121844754287,-118.08134725291058,4.346904694815419e-06,True
514,66,Substation,' ',34.11718102,-117.807819,San Dimas,sce,SUBSTATION,34.11718101686111,-117.80781899131163,8.726654968766828e-07,True
515,66,Substation,' ',34.09869881,-118.1001833,San Gabriel,sce,SUBSTATION,34.0986988049738,-118.1001832926538,8.774407522326073e-07,True
516,66,Substation,' ',33.80703817,-118.298972,Sanitreat,sce,SUBSTATION,33.80703816898084,-118.2989720314025,2.9036048447127204e-06,True
517,66,Substation,' ',33.948067,-118.058548,Santa Fe Springs,sce,SUBSTATION,33.94806700357026,-118.05854800318475,4.938647508871685e-07,True
518,66,Substation,' ',34.01725703,-118.4881591,Santa Monica,sce,SUBSTATION,34.01725703277429,-118.48815908850368,1.1035647395963794e-06,True
519,66,Substation,' ',34.04746172,-118.4521968,Sawtelle,sce,SUBSTATION,34.04746171766957,-118.45219682592624,2.402681922860402e-06,True
520,66,Substation,' ',33.77253096,-118.203535,Seabright,sce,SUBSTATION,33.77253096089302,-118.20353502669651,2.4695794485896095e-06,True
521,66,Substation,' ',33.91903805,-118.3966925,Sepulveda,sce,SUBSTATION,33.91903804705698,-118.39669250119314,3.452715107207274e-07,True
522,66,Substation,' ',33.80757585,-118.2439987,Shellwatt,sce,SUBSTATION,33.807575847480784,-118.24399871277878,1.2134446138941897e-06,True
523,66,Substation,' ',34.64275724,-118.165005,Shuttle,sce,SUBSTATION,34.64275723616384,-118.1650050353467,3.261581113635768e-06,True
524,66,Substation,' ',33.81143827,-118.1682108,Signal Hill,sce,SUBSTATION,33.81143826802223,-118.16821080895586,8.561488246753737e-07,True
525,66,Substation,' ',34.05950958,-117.7738664,Simpson,sce,SUBSTATION,34.05950958358579,-117.7738663562304,4.051730265065759e-06,True
526,66,Substation,' ',34.45187222,-118.4225889,Solemint,sce,SUBSTATION,34.45187222171963,-118.42258888624376,1.2757412064222687e-06,True
527,66,Substation,' ',33.87420269,-118.1429767,Somerset,sce,SUBSTATION,33.87420269493183,-118.1429767256852,2.4338708839915864e-06,True
528,66,Substation,' ',34.02223836,-117.8370753,Sopipe,sce,SUBSTATION,34.02223836206305,-117.83707533742673,3.456891184023041e-06,True
529,66,Substation,' ',34.12748897,-117.7954723,San Dimas Power,sce,SUBSTATION,34.12748896540247,-117.79547227072273,2.742924014830911e-06,True
530,66,Substation,' ',33.89140933,-118.3750106,Space,sce,SUBSTATION,33.89140932630207,-118.37501058677864,1.2877736497500934e-06,True
531,66,Substation,' ',33.98084795,-118.111255,Sponge,sce,SUBSTATION,33.980847953114086,-118.11125499588368,5.137704692973439e-07,True
532,66,Substation,' ',33.79018782,-118.1987019,State Street,sce,SUBSTATION,33.790187820835655,-118.19870187715874,2.1128480535092583e-06,True
533,66,Substation,' ',33.94007948,-118.1405091,Stewart,sce,SUBSTATION,33.940079475178464,-118.14050914774896,4.437336535011927e-06,True
534,66,Substation,' ',33.84618126,-118.1771048,Oldfield,sce,SUBSTATION,33.84618126207298,-118.17710479590254,4.4308488796175627e-07,True
535,66,Substation,' ',34.14300113,-118.359135,Universal Studios A,sce,SUBSTATION,34.143001134210074,-118.35913503679248,3.418194503657479e-06,True
536,66,Substation,' ',33.85318463,-118.1670673,Sunnyside,sce,SUBSTATION,33.85318463226766,-118.16706732341676,2.177045343670704e-06,True
537,66,Substation,' ',34.03956,-118.697951,Rindge,sce,SUBSTATION,34.03955999857316,-118.69795101380198,1.281597979537902e-06,True
538,66,Substation,' ',33.93233405,-117.9920328,Telegraph,sce,SUBSTATION,33.93233405079835,-117.99203279360046,5.970477394309401e-07,True
539,66,Substation,' ',34.38417581,-118.4955308,Tengen,sce,SUBSTATION,34.38417581478815,-118.49553076024404,3.6868827423001305e-06,True
540,66,Substation,' ',33.91601025,-118.4096022,Thermal,sce,SUBSTATION,33.916010251769265,-118.40960217668304,2.160566440239198e-06,True
541,66,Substation,' ',33.82781208,-118.3765776,Topaz,sce,SUBSTATION,33.827812080364,-118.376577638448,3.5517188578182977e-06,True
542,66,Substation,' ',33.82984666,-118.344309,Torrance,sce,SUBSTATION,33.82984665979658,-118.3443089762538,2.1935298332500297e-06,True
543,66,Substation,' ',34.64068536,-118.0658871,Tortoise,sce,SUBSTATION,34.64068535971695,-118.06588708843525,1.0584546169209046e-06,True
544,66,Substation,' ',33.87280461,-118.1603338,Toyota,sce,SUBSTATION,33.872804611231295,-118.16033384156056,3.839420347927726e-06,True
545,66,Substation,' ',33.92131535,-118.3855839,Trisonic,sce,SUBSTATION,33.9213153507487,-118.38558389919326,1.1167718705640447e-07,True
546,66,Substation,' ',34.041376,-117.8181737,Trophy,sce,SUBSTATION,34.04137600228667,-117.81817367300016,2.5007226009866044e-06,True
547,66,Substation,' ',33.8591492,-118.185589,Linden,sce,SUBSTATION,33.859149198546774,-118.18558898078814,1.7813155590402108e-06,True
548,66,Substation,' ',34.14297885,-118.3573966,Universal Studios (Studio Master),sce,SUBSTATION,34.142978850609964,-118.35739656780592,2.9635758188820993e-06,True
549,66,Substation,' ',34.00677528,-118.1278159,Vail,sce,SUBSTATION,34.006775279192105,-118.1278159413384,3.811526459879942e-06,True
550,66,Substation,' ',34.14776836,-118.6317992,Valdez,sce,SUBSTATION,34.147768364184955,-118.63179920230324,5.113419700425554e-07,True
551,66,Substation,' ',33.99033882,-118.4209425,Venice,sce,SUBSTATION,33.99033881769101,-118.42094250338543,4.041533324037559e-07,True
552,66,Substation,' ',33.9984558,-118.2201768,Vernon,other,SUBSTATION,33.99845579796022,-118.22017675883755,3.8013934240228335e-06,True
553,66,Substation,' ',33.85885406,-118.3742046,Victoria,sce,SUBSTATION,33.85885405513075,-118.37420464122609,3.845030970576038e-06,True
554,66,Substation,' ',33.81251186,-118.2320643,Air Products,sce,SUBSTATION,33.81251185943073,-118.23206433733432,3.4498142968239227e-06,True
555,66,Substation,' ',34.0451314,-118.1864239,Wabash,sce,SUBSTATION,34.045131404052604,-118.1864239327024,3.046573155106347e-06,True
556,66,Substation,' ',33.79195901,-118.323487,Walteria,sce,SUBSTATION,33.79195901489466,-118.3234869894342,1.1178298176810195e-06,True
557,230,Substation,' ',34.68507479,-118.7885538,Warne,sce,SUBSTATION,34.68507478865003,-118.7885537608486,3.5829442909944675e-06,True
558,66,Substation,' ',33.80809399,-118.2617246,Watson,sce,SUBSTATION,33.80809398574686,-118.26172464639954,4.312977103125487e-06,True
559,66,Substation,' ',33.81138697,-118.175932,Westex,sce,SUBSTATION,33.81138697104582,-118.1759319606866,3.63398643902458e-06,True
560,66,Substation,' ',33.90929415,-118.4203523,Westhill,sce,SUBSTATION,33.90929414713082,-118.42035227528795,2.3027122116012633e-06,True
561,66,Substation,' ',33.93890622,-118.0610011,Nietos,sce,SUBSTATION,33.938906221916525,-118.0610011107744,1.0165380969621094e-06,True
562,66,Substation,' ',34.5793131,-117.7197077,Wilsona,sce,SUBSTATION,34.57931310306249,-117.71970768295952,1.5968117823351039e-06,True
563,66,Substation,' ',33.91887059,-118.3345922,Yukon,sce,SUBSTATION,33.91887058712976,-118.33459215907696,3.7895451108065704e-06,True
564,66,Substation,' ',36.92801165,-120.1032155,Glass,other,SUBSTATION,36.92801165356874,-120.10321551761332,1.6151225577002968e-06,True
565,66,Substation,' ',36.92391824,-120.2015797,Bonita,pge,SUBSTATION,36.92391823971697,-120.20157965744748,3.782751473928327e-06,True
566,66,Substation,' ',36.92214301,-119.984616,Borden,pge,SUBSTATION,36.92214300830158,-119.98461599164996,7.65926467011352e-07,True
567,115,Substation,' ',36.86081121,-120.3387028,Sjve Madera,other,SUBSTATION,36.86081121465074,-120.33870275159812,4.33708627807856e-06,True
568,66,Substation,' ',36.92353502,-119.812659,Cassidy,pge,SUBSTATION,36.9235350157937,-119.8126589810418,1.7489595650117414e-06,True
569,115,Substation,' ',37.22747611,-119.6907452,Coarsegold,pge,SUBSTATION,37.22747610662805,-119.69074521540252,1.4143103526763433e-06,True
570,115,Substation,' ',37.05491545,-120.3167429,Dairyland,pge,SUBSTATION,37.054915448421376,-120.31674289512644,4.667447998468565e-07,True
571,66,Substation,' ',36.88073634,-120.1644258,El Peco,pge,SUBSTATION,36.88073633628072,-120.16442581399936,1.3120332532075217e-06,True
572,230,Substation,' ',36.85280964,-119.9170804,Gregg,pge,SUBSTATION,36.852809641082125,-119.9170803954647,4.210895374703214e-07,True
573,66,Substation,' ',36.92350064,-120.055387,Madera,other,SUBSTATION,36.92350064462336,-120.05538699714704,5.732458429597297e-07,True
574,115,Substation,' ',36.86696374,-120.3280422,Newhall,pge,SUBSTATION,36.86696373850815,-120.3280422136908,1.2291689811764728e-06,True
575,115,Substation,' ',37.32195436,-119.6343316,Oakhurst,pge,SUBSTATION,37.32195435968183,-119.63433155980304,3.5546627733852805e-06,True
576,115,Substation,' ',37.09782628,-120.1571839,Sharon,pge,SUBSTATION,37.09782627977079,-120.15718387640584,2.0927180567713808e-06,True
577,66,Substation,' ',36.92207055,-119.9753746,Norby Lumber Co Inc.,other,,36.92207055071992,-119.97537456614114,3.010953067472734e-06,True
578,115,Substation,' ',38.07814448,-122.52581,Hamilton Wetlands,pge,SUBSTATION,38.07814447902148,-122.5258099661144,2.9679799045110397e-06,True
579,66,Substation,' ',37.94121202,-122.706149,Bolinas,pge,SUBSTATION,37.941212015097584,-122.70614899138528,9.315933565888591e-07,True
580,66,Substation,' ',37.9378727,-122.5141976,Greenbrae,pge,SUBSTATION,37.93787270382002,-122.51419760633036,6.990141304477379e-07,True
581,115,Substation,' ',38.02243333,-122.5379407,Las Gallinas,pge,SUBSTATION,38.02243332549303,-122.53794071204062,1.1677199086822336e-06,True
582,66,Substation,' ',38.1086144,-122.5682432,Novato,pge,SUBSTATION,38.108614398502894,-122.56824321885992,1.65848486421085e-06,True
583,66,Substation,' ',38.04217885,-122.7864522,Olema,pge,SUBSTATION,38.04217884496899,-122.786452187854,1.2017966382843553e-06,True
584,115,Substation,' ',37.86356846,-122.4988508,Sausalito,pge,SUBSTATION,37.86356845628652,-122.49885083123884,2.7732328953838567e-06,True
585,66,Substation,' ',38.11991639,-122.6140151,Stafford,pge,SUBSTATION,38.11991638969132,-122.61401508372496,1.4241419775059736e-06,True
586,66,Substation,' ',38.05486443,-122.7598631,Tocaloma,pge,SUBSTATION,38.05486443157044,-122.75986310219042,2.593755847668328e-07,True
587,66,Substation,' ',38.01206226,-122.6536699,Woodacre,pge,SUBSTATION,38.01206225668505,-122.6536699406762,3.5825905310467976e-06,True
588,66,Substation,' ',37.5864556,-120.1255417,Bear Valley,pge,SUBSTATION,37.58645560462845,-120.1255417263133,2.3750209630181757e-06,True
589,66,Substation,' ',37.66479448,-119.8412278,Indian Flat,pge,SUBSTATION,37.66479447681744,-119.8412278307714,2.73157544482466e-06,True
590,66,Substation,' ',39.31141158,-123.7865408,Big River,pge,SUBSTATION,39.31141158284998,-123.78654080553652,5.721128386011882e-07,True
591,66,Substation,' ',39.78611628,-123.248547,Covelo,pge,SUBSTATION,39.78611627594674,-123.24854696006476,3.4419619783134845e-06,True
592,66,Substation,' ',39.12926005,-123.711735,Elk,pge,SUBSTATION,39.12926005444285,-123.7117349541515,3.985473558296575e-06,True
593,66,Substation,' ',39.4348293,-123.799384,Fort Bragg,pge,SUBSTATION,39.434829296251486,-123.799384023294,2.043474374210161e-06,True
594,66,Substation,' ',38.78617978,-123.5220977,Gualala,pge,SUBSTATION,38.78617977578909,-123.52209765733848,3.7272246351252382e-06,True
595,66,Substation,' ',38.97279314,-123.0811218,Hopland,pge,SUBSTATION,38.97279313501813,-123.0811217825633,1.6059352606555776e-06,True
596,66,Substation,' ',39.68458651,-123.477223,Laytonville,pge,SUBSTATION,39.684586506278166,-123.47722297792636,1.9336995263815693e-06,True
597,66,Substation,' ',39.17375327,-123.2056911,Masonite,other,,39.17375327176119,-123.20569109096738,8.028808727388436e-07,True
598,66,Substation,' ',39.06398274,-123.4379281,Philo,pge,SUBSTATION,39.06398273628727,-123.4379281431657,3.7495714442437967e-06,True
599,66,Substation,' ',38.9122899,-123.679924,Point Arena,pge,SUBSTATION,38.91228990349537,-123.679924033987,2.9661899992651835e-06,True
600,115,Substation,' ',39.14314957,-123.1918149,Ukiah,pge,SUBSTATION,39.143149566432285,-123.19181491813512,1.6134951281792667e-06,True
601,66,Substation,' ',36.94045747,-120.9221407,Arburua,other,SUBSTATION,36.94045747223001,-120.92214070849464,7.946289048314932e-07,True
602,115,Substation,' ',37.37941115,-120.8095195,Gallo,pge,SUBSTATION,37.37941115394823,-120.80951946311409,3.2886430350446743e-06,True
603,230,Substation,' ',36.99874307,-120.9076579,GE3,other,SUBSTATION,36.9987430705954,-120.90765791374574,1.22249221999372e-06,True
604,66,Substation,' ',36.93681162,-120.8194868,Mercy Springs,pge,SUBSTATION,36.936811623753805,-120.8194867965914,5.157556269585283e-07,True
605,115,Substation,' ',37.36010094,-120.6146848,Atwater,pge,SUBSTATION,37.36010093561656,-120.61468476352314,3.260531980800269e-06,True
606,66,Substation,' ',37.06633333,-120.8355639,Canal,pge,SUBSTATION,37.06633333339536,-120.83556394913944,4.376295846940887e-06,True
607,66,Substation,' ',37.18636395,-120.4901943,Sjve El Nido,other,SUBSTATION,37.18636394554233,-120.49019431127186,1.1147873881499976e-06,True
608,115,Substation,' ',37.42846952,-120.6385277,Cressey,pge,SUBSTATION,37.4284695169969,-120.63852774445644,3.939739454684127e-06,True
609,115,Substation,' ',37.04729946,-121.1950278,International Turbine Research,pge,SUBSTATION,37.04729946348425,-121.19502784277223,3.815709940452174e-06,True
610,230,Substation,' ',36.92521123,-120.8297334,Dos Amigos,other,SUBSTATION,36.925211234219525,-120.8297333825061,1.6242980090288867e-06,True
611,66,Substation,' ',36.97476896,-120.635217,Dos Palos,pge,SUBSTATION,36.97476896390239,-120.63521695745663,3.8041120908414e-06,True
612,66,Substation,' ',37.25323614,-121.0130417,Gustine,pge,SUBSTATION,37.25323614332989,-121.01304169556924,5.393372175837479e-07,True
613,115,Substation,' ',37.18497687,-120.2739551,Le Grand,pge,SUBSTATION,37.18497687324676,-120.2739550698558,2.694697327663198e-06,True
614,66,Substation,' ',37.36342702,-120.760391,Livingston,pge,SUBSTATION,37.36342701655074,-120.76039099415776,6.43189883282466e-07,True
615,66,Substation,' ',37.52319174,-120.3303445,Merced Falls,pge,SUBSTATION,37.5231917383836,-120.33034452620844,2.3182853377112743e-06,True
616,66,Substation,' ',36.98352226,-120.8194891,Ortiga,pge,SUBSTATION,36.98352226268427,-120.81948913475556,3.1015036530986115e-06,True
617,66,Substation,' ',37.08584186,-121.0132255,Santa Nella,pge,SUBSTATION,37.085841857403146,-121.01322547094186,2.593692316952183e-06,True
618,66,Substation,' ',37.0546472,-120.6339944,Santa Rita,pge,SUBSTATION,37.05464719500596,-120.63399444296688,3.853121418896362e-06,True
619,115,Substation,' ',37.29339509,-120.4071739,Wilson,pge,SUBSTATION,37.29339508805083,-120.40717388158028,1.6437684661206723e-06,True
620,66,Substation,' ',41.70474169,-121.2765623,Clear Lake,pacificorp,SUBSTATION,41.704741685355415,-121.27656231867348,1.6339694064884874e-06,True
621,66,Substation,' ',41.20075251,-120.9421348,Adin,other,SUBSTATION,41.20075251018347,-120.942134822199,1.8573637799983734e-06,True
622,66,Substation,' ',41.53151534,-120.1820013,Cedarville,other,SUBSTATION,41.53151533976993,-120.1820012665606,2.783596467764269e-06,True
623,115,Substation,' ',41.73313546,-120.3669055,Davis Creek,other,SUBSTATION,41.73313546292427,-120.36690550611247,6.024891729871072e-07,True
624,66,Substation,' ',41.2076197,-121.1380763,Lookout,other,SUBSTATION,41.20761969911885,-121.13807626019418,3.3313955610403974e-06,True
625,66,Substation,' ',41.44490566,-120.8809624,Canby 2,other,SUBSTATION,41.44490566195096,-120.88096243775549,3.1544228232353355e-06,True
626,66,Substation,' ',41.88812878,-121.378287,Newell,pacificorp,SUBSTATION,41.88812877811837,-121.37828695554882,3.6855700514858147e-06,True
627,66,Substation,' ',41.63312677,-121.2264898,Perez,pacificorp,SUBSTATION,41.63312676646782,-121.22648976917402,2.591838100815502e-06,True
628,115,Substation,' ',37.64909166,-118.916775,Casa Diablo,sce,SUBSTATION,37.64909165734999,-118.9167750055233,5.685871446051359e-07,True
629,115,Substation,' ',37.9521,-119.1164556,Lee Vining,sce,SUBSTATION,37.95210000114013,-119.11645555543384,3.909614797526488e-06,True
630,115,Substation,' ',37.56001389,-118.6747361,Sherwin,sce,SUBSTATION,37.56001389235069,-118.67473611274828,1.1537079187545636e-06,True
631,66,Substation,' ',35.95856112,-120.8635778,Texaco,pge,SUBSTATION,35.95856111715653,-120.86357779412668,6.15972400068672e-07,True
632,66,Substation,' ',36.2283404,-121.1297858,Basic Vegetable,other,SUBSTATION,36.22834039582913,-121.12978581702578,1.5960378223562873e-06,True
633,66,Substation,' ',36.65389082,-121.6293384,Buena Vista,pge,SUBSTATION,36.65389082139208,-121.62933839543028,4.3604770352045095e-07,True
634,66,Substation,' ',36.46821918,-121.3903611,Camphora,pge,SUBSTATION,36.468219176509145,-121.39036110711068,7.449658794914668e-07,True
635,66,Substation,' ',36.57244588,-121.5205016,Chualar,pge,TAP,36.57244588451994,-121.52050158247106,1.6440609870165975e-06,True
636,115,Substation,' ',36.64341665,-121.7925252,Fort Ord,pge,SUBSTATION,36.64341665332674,-121.79252517166388,2.5550394072843325e-06,True
637,66,Substation,' ',36.73130338,-121.6133116,Gabilan,pge,SUBSTATION,36.73130337624566,-121.61331164213672,3.778235290503449e-06,True
638,66,Substation,' ',36.50886507,-121.4468904,Gonzales,pge,SUBSTATION,36.50886506696333,-121.44689042031597,1.8468598090379046e-06,True
639,66,Substation,' ',36.55686072,-121.8979239,Hatton,pge,SUBSTATION,36.556860720745206,-121.8979239294068,2.627898373086396e-06,True
640,66,Substation,' ',36.66378719,-121.628595,Industrial Acres,pge,SUBSTATION,36.66378718640669,-121.62859499820712,4.3037250797261405e-07,True
641,66,Substation,' ',36.01324171,-121.1679583,Jolon,pge,SUBSTATION,36.013241708000336,-121.1679583269854,2.4373246428281875e-06,True
642,66,Substation,' ',36.74876123,-121.6059886,Lagunitas,pge,SUBSTATION,36.74876122594697,-121.60598856689566,2.983722631793707e-06,True
643,66,Substation,' ',36.47770203,-121.7272208,Laureles,pge,SUBSTATION,36.47770202544918,-121.7272208311117,2.8273658410161897e-06,True
644,66,Substation,' ',36.36646576,-121.2800808,Los Coches,pge,SUBSTATION,36.36646576287461,-121.28008081271584,1.1825771261853435e-06,True
645,115,Substation,' ',36.61454769,-121.8335449,Manzanita,pge,SUBSTATION,36.61454768813276,-121.83354489066902,8.583044143161265e-07,True
646,66,Substation,' ',36.59982743,-121.8904837,Monterey,pge,SUBSTATION,36.59982742598498,-121.89048372337044,2.133499842741391e-06,True
647,66,Substation,' ',36.58953306,-121.8638317,Monterey Naval Lab,pge,SUBSTATION,36.58953305992025,-121.86383166309272,3.2951414132042122e-06,True
648,66,Substation,' ',36.59960041,-121.8768842,Navy School,pge,SUBSTATION,36.59960040831284,-121.87688420420542,4.196807059982227e-07,True
649,66,Substation,' ',36.65238324,-121.6340191,Fresh Express,other,,36.65238323701237,-121.63401912732084,2.459789764296689e-06,True
650,66,Substation,' ',35.95647497,-120.8511528,Oil Fields,pge,SUBSTATION,35.9564749662973,-120.85115276190712,3.453302543709682e-06,True
651,66,Substation,' ',36.38008664,-121.8993005,Otter,pge,SUBSTATION,36.38008663965642,-121.8993004698779,2.6968917038804484e-06,True
652,115,Substation,' ',36.7853813,-121.6711331,Prunedale,pge,SUBSTATION,36.785381301385314,-121.6711331172012,1.5395636859194694e-06,True
653,66,Substation,' ',35.9519472,-120.8684416,Salinas River,other,SUBSTATION,35.95194720398843,-120.86844164675016,4.231444560011685e-06,True
654,66,Substation,' ',36.07369445,-120.9368055,San Ardo,pge,SUBSTATION,36.073694446131,-120.93680552869054,2.6141888395495073e-06,True
655,66,Substation,' ',36.6137528,-121.5671333,Spence,pge,SUBSTATION,36.61375279893127,-121.56713328671503,1.1916681469347456e-06,True
656,66,Substation,' ',36.57837138,-121.9084179,Viejo,pge,SUBSTATION,36.57837138389728,-121.90841786106006,3.504013536862704e-06,True
657,66,Substation,' ',38.26316201,-122.269232,Basalt,pge,SUBSTATION,38.26316201235704,-122.2692320112342,1.0152428656074575e-06,True
658,66,Substation,' ',38.59208804,-122.5786104,Calistoga,pge,SUBSTATION,38.59208804224296,-122.57861044400111,3.832291739822503e-06,True
659,115,Substation,' ',38.16621802,-122.253621,Highway,pge,SUBSTATION,38.16621801651261,-122.2536210070525,7.283656239886649e-07,True
660,115,Substation,' ',38.34521981,-122.2994534,Pueblo,pge,SUBSTATION,38.34521980878797,-122.29945343649096,3.185180872573147e-06,True
661,66,Substation,' ',39.35227675,-120.0862313,Glenshire,other,SUBSTATION,39.35227674923159,-120.08623130252282,2.3314214753767427e-07,True
662,115,Substation,' ',39.23105002,-121.0350261,Brunswick,pge,SUBSTATION,39.23105001931794,-121.03502608178792,1.570471956962134e-06,True
663,66,Substation,' ',39.33184021,-121.1013503,Columbia Hill,pge,SUBSTATION,39.33184021378099,-121.10135032722202,2.378759924913578e-06,True
664,66,Substation,' ',39.20900553,-121.3032691,Smartsville,pge,SUBSTATION,39.20900552958486,-121.30326908384752,1.3924426891878179e-06,True
665,66,Substation,' ',33.92250286,-117.8472599,Ammonia,sce,SUBSTATION,33.922502861317284,-117.84725989132512,8.13711967559218e-07,True
666,66,Substation,' ',33.75252377,-118.0371725,Apollo,sce,SUBSTATION,33.75252377155307,-118.03717248491228,1.4055457238968195e-06,True
667,66,Substation,' ',33.8803142,-117.8320335,Atwood,sce,SUBSTATION,33.8803141981645,-117.83203349200843,7.654466081983549e-07,True
668,66,Substation,' ',33.80891103,-117.9817954,Barre,sce,SUBSTATION,33.80891102627719,-117.9817954360624,3.3574812681881627e-06,True
669,66,Substation,' ',33.65698201,-117.907066,Bayside,sce,SUBSTATION,33.65698200893429,-117.90706601556457,1.4454499082149424e-06,True
670,66,Substation,' ',33.73062983,-118.0332781,Bolsa,sce,SUBSTATION,33.73062983261632,-118.0332780620285,3.523486059654447e-06,True
671,66,Substation,' ',33.597665,-117.74901,Borrego,sce,SUBSTATION,33.59766499926211,-117.74900999849508,1.6174056471804923e-07,True
672,66,Substation,' ',33.92015153,-117.8480316,Brea,sce,SUBSTATION,33.92015153408917,-117.84803161772898,1.6978922389697363e-06,True
673,66,Substation,' ',33.73723539,-117.957129,Brookhurst,sce,SUBSTATION,33.73723538520991,-117.95712899609612,6.434367769557847e-07,True
674,66,Substation,' ',33.73454449,-117.8022639,Bryan,sce,SUBSTATION,33.7345444850323,-117.80226386369144,3.402655227426479e-06,True
675,66,Substation,' ',33.8196748,-117.8714279,Burris Pit,sce,SUBSTATION,33.819674799529146,-117.87142791292158,1.1948429769042687e-06,True
676,66,Substation,' ',33.6718729,-117.8475913,Cabrillo,sce,SUBSTATION,33.671872899905466,-117.84759132903316,2.68673151086759e-06,True
677,66,Substation,' ',33.71318376,-117.883619,Camden,sce,SUBSTATION,33.71318375796785,-117.88361902781404,2.5825596900847102e-06,True
678,66,Substation,' ',33.87145556,-117.7469806,Canyon,sce,SUBSTATION,33.87145556338792,-117.7469805516897,4.476084045227108e-06,True
679,66,Substation,' ',33.91020869,-117.8795575,Carolina,sce,SUBSTATION,33.91020869194232,-117.8795575023963,3.091049507140164e-07,True
680,66,Substation,' ',33.7332416,-117.849825,Chestnut,sce,SUBSTATION,33.73324160463992,-117.84982501075176,1.1201459942560605e-06,True
681,66,Substation,' ',33.66060237,-117.8606297,Chip,sce,SUBSTATION,33.66060236930548,-117.86062974572656,4.232764833038746e-06,True
682,66,Substation,' ',33.61304202,-117.821927,Coygen,sce,SUBSTATION,33.61304201850497,-117.8219269804417,1.8187628507243266e-06,True
683,66,Substation,' ',33.60815162,-117.8651633,Crown,sce,SUBSTATION,33.60815162488212,-117.8651632985031,5.602867313913509e-07,True
684,66,Substation,' ',33.8096399,-118.072602,Cypress,sce,SUBSTATION,33.809639900318224,-118.07260201471225,1.3597357480924206e-06,True
685,66,Substation,' ',33.85108801,-118.02792,Ely,sce,SUBSTATION,33.851088010810315,-118.02792001881822,1.7401231204214235e-06,True
686,66,Substation,' ',33.68750555,-117.8285556,Estrella,sce,SUBSTATION,33.68750554978607,-117.82855557279368,2.517309206023779e-06,True
687,66,Substation,' ',33.693574,-117.867617,Fairview,sce,SUBSTATION,33.69357400076392,-117.8676169803764,1.8174820675484003e-06,True
688,66,Substation,' ',33.86814402,-117.921312,Fullerton,sce,SUBSTATION,33.86814401600681,-117.92131198494994,1.4587548451682766e-06,True
689,66,Substation,' ',33.87756274,-117.9717703,Gilbert,sce,SUBSTATION,33.87756273746006,-117.97177031378698,1.3037362179475259e-06,True
690,66,Substation,' ',33.68734602,-117.912816,Gisler,sce,SUBSTATION,33.68734601940051,-117.912815980022,1.8496206283793125e-06,True
691,66,Substation,' ',33.65452399,-117.95263,Hamilton,sce,SUBSTATION,33.65452399017425,-117.95262999780238,2.0432956771711146e-07,True
692,66,Substation,' ',33.68303892,-117.7421917,Irvine,sce,SUBSTATION,33.683038921397305,-117.7421916742602,2.3866975364697474e-06,True
693,66,Substation,' ',33.67561118,-117.8637801,Johnair,sce,SUBSTATION,33.67561117825772,-117.86378011131184,1.064521365915409e-06,True
694,66,Substation,' ',33.925175,-117.933787,La Habra,sce,SUBSTATION,33.925174997371776,-117.93378701946764,1.8198186225555724e-06,True
695,66,Substation,' ',33.84628388,-117.9798243,La Palma,sce,SUBSTATION,33.846283883729924,-117.97982428380378,1.5521790244456809e-06,True
696,66,Substation,' ',33.76679901,-117.85212,La Veta,sce,SUBSTATION,33.766799010696914,-117.85212001833904,1.696976540442183e-06,True
697,66,Substation,' ',33.63536199,-117.935652,Lafayette,sce,SUBSTATION,33.635361987075406,-117.93565199117296,8.79523428268311e-07,True
698,66,Substation,' ',33.92281875,-117.8472364,Lambert,sce,SUBSTATION,33.922818750881426,-117.84723639169596,7.724446479153418e-07,True
699,66,Substation,' ',33.77821908,-117.8991005,Lampson,sce,SUBSTATION,33.77821907884746,-117.89910052170424,2.010098173807424e-06,True
700,66,Substation,' ',33.6502112,-117.6885669,Limestone,sce,SUBSTATION,33.65021120155283,-117.6885668744614,2.370216517497521e-06,True
701,66,Substation,' ',33.6387063,-117.8660485,Macarthur,sce,SUBSTATION,33.638706304666165,-117.86604846174734,3.5790495010378995e-06,True
702,66,Substation,' ',33.81770272,-118.0271859,Marion,sce,SUBSTATION,33.81770271863715,-118.02718585777129,3.904120658987287e-06,True
703,66,Substation,' ',33.78825004,-117.802686,Modena,sce,SUBSTATION,33.788250037433954,-117.80268602842136,2.641985168370712e-06,True
704,66,Substation,' ',33.55188499,-117.778884,Morro,sce,SUBSTATION,33.551884994618874,-117.7788840129122,1.3021183553222412e-06,True
705,66,Substation,' ',33.60912633,-117.6975574,Moulton,sce,SUBSTATION,33.60912632726707,-117.6975574005121,3.0756601962742346e-07,True
706,66,Substation,' ',33.92508498,-117.9551271,Coyote Creek,other,SUBSTATION,33.92508498445915,-117.95512705615296,4.075863543711446e-06,True
707,66,Substation,' ',33.91052601,-117.820078,Yorba Linda,other,SUBSTATION,33.9105260101296,-117.82007801202523,1.1098043223793197e-06,True
708,66,Substation,' ',33.5638,-117.714833,Niguel,sce,SUBSTATION,33.5637999958568,-117.71483301226225,1.2260154237391274e-06,True
709,66,Substation,' ',33.75711477,-118.0890789,Norseal,sce,SUBSTATION,33.757114771107545,-118.0890789353221,3.2677619514330723e-06,True
710,66,Substation,' ',33.92081737,-117.9198431,Norweld,sce,SUBSTATION,33.920817371307244,-117.91984306637237,3.106246753932023e-06,True
711,66,Substation,' ',33.71637428,-117.987525,Oceanview,sce,SUBSTATION,33.71637427912325,-117.98752503853964,3.565920367295013e-06,True
712,66,Substation,' ',33.79049001,-117.861454,Orange,sce,SUBSTATION,33.7904900059798,-117.8614539851309,1.4449622489821578e-06,True
713,66,Substation,' ',33.68963109,-117.9450355,Kiwi,sce,SUBSTATION,33.689631094549206,-117.94503552699884,2.5486410048093253e-06,True
714,66,Substation,' ',33.64399723,-117.9555611,Orcogen,sce,SUBSTATION,33.64399723003256,-117.95556111777027,1.6449882567866707e-06,True
715,66,Substation,' ',33.86093727,-117.8927361,Paper,sce,SUBSTATION,33.86093726610003,-117.8927361209118,1.9789990925541524e-06,True
716,66,Substation,' ',33.91547973,-117.9637095,Parkwood,sce,SUBSTATION,33.91547973483775,-117.96370952010837,1.9319318021669147e-06,True
717,66,Substation,' ',33.87159716,-117.8786331,Placentia,sce,SUBSTATION,33.871597164017544,-117.87863312780544,2.605685451494384e-06,True
718,66,Substation,' ',33.67358241,-118.0212329,Recovery ,sce,SUBSTATION,33.673582406688915,-118.02123292523552,2.364077054693617e-06,True
719,66,Substation,' ',33.77220888,-118.0120858,Shawnee,sce,SUBSTATION,33.772208881611895,-118.01208581473244,1.3734843575156452e-06,True
720,66,Substation,' ',33.69228199,-118.017185,Slater,sce,SUBSTATION,33.69228199075599,-118.0171850194264,1.799244136943657e-06,True
721,66,Substation,' ',33.67374598,-118.0215237,Soco,sce,,33.6737459798397,-118.0215236765434,2.170686010050317e-06,True
722,66,Substation,' ',33.74480503,-117.9019307,Sullivan,sce,SUBSTATION,33.74480503197076,-117.90193066093616,3.618516833866914e-06,True
723,66,Substation,' ',33.8828944,-117.9573769,Sunnyhills,sce,SUBSTATION,33.882894400067684,-117.95737694493587,4.148111772166641e-06,True
724,66,Substation,' ',33.71452999,-117.920428,Talbert,sce,SUBSTATION,33.71452998823002,-117.92042800589788,5.799316972084563e-07,True
725,66,Substation,' ',33.74497923,-117.9999129,Team,sce,SUBSTATION,33.74497922744819,-117.99991293961632,3.6739237961434395e-06,True
726,66,Substation,' ',33.76616302,-117.979563,Trask,sce,SUBSTATION,33.7661630161049,-117.97956299414936,6.92873374502011e-07,True
727,66,Substation,' ',33.76550798,-117.928479,Vera,sce,SUBSTATION,33.76550798444247,-117.92847901309516,1.3074089751690883e-06,True
728,66,Substation,' ',33.75604993,-117.8593889,Washington,sce,SUBSTATION,33.75604992523059,-117.85938893865304,3.6125629396547394e-06,True
729,66,Substation,' ',33.66558697,-117.997429,Wave,sce,SUBSTATION,33.66558696783527,-117.9974289599258,3.7165147659484562e-06,True
730,66,Substation,' ',33.88892101,-117.788148,Yorba Linda,sce,SUBSTATION,33.88892101378733,-117.7881479992034,4.275032628231989e-07,True
731,115,Substation,' ',33.51258901,-117.665534,Capistrano,sdge,SUBSTATION,33.51258900550316,-117.6655339957112,6.388469637046693e-07,True
732,115,Substation,' ',33.4633412,-117.5704995,Cristianitos,sdge,SUBSTATION,33.46334119788515,-117.5704994958254,4.530583087839236e-07,True
733,115,Substation,' ',33.49494501,-117.702976,Laguna Niguel,sdge,SUBSTATION,33.49494501302921,-117.70297598798469,1.1639740513961749e-06,True
734,115,Substation,' ',33.56291183,-117.6735199,Trabuco,sdge,SUBSTATION,33.56291183004031,-117.67351986563943,3.183731364661178e-06,True
735,66,Substation,' ',39.24295872,-120.0264639,Brockway,other,SUBSTATION,39.24295872349737,-120.02646390151276,4.1012981512359185e-07,True
736,66,Substation,' ',39.28069605,-120.1126328,Northstar,other,SUBSTATION,39.28069604629392,-120.11263277138777,2.4969190227683037e-06,True
737,66,Substation,' ',39.20552959,-120.2011536,Squaw Valley,other,SUBSTATION,39.20552959421316,-120.20115363052568,2.6715853251968657e-06,True
738,66,Substation,' ',39.16617697,-120.1444681,Tahoe City,other,SUBSTATION,39.1661769747225,-120.14446811574956,1.4557980124452834e-06,True
739,66,Substation,' ',39.33097146,-120.1819888,Burney Lumber Co.,other,,39.33097145540012,-120.18198876923,2.6954720104682773e-06,True
740,66,Substation,' ',39.32958792,-120.1696808,Martis Valley,other,SUBSTATION,39.3295879209294,-120.1696807792014,1.7918842449561964e-06,True
741,66,Substation,' ',38.7636276,-121.2640323,Atlantic,pge,SUBSTATION,38.7636275956832,-121.2640322520378,4.18606163071263e-06,True
742,66,Substation,' ',38.90349314,-121.0698265,Auburn,pge,SUBSTATION,38.90349314437346,-121.06982652969592,2.6152702176947593e-06,True
743,115,Substation,' ',38.94679968,-121.0916716,Bell,pge,SUBSTATION,38.94679967505984,-121.0916715839996,1.4887587783716624e-06,True
744,66,Substation,' ',39.21470787,-120.8092925,Bonnie Nook,pge,SUBSTATION,39.21470786930682,-120.8092924505058,4.264714827029232e-06,True
745,115,Substation,' ',39.11994562,-120.9434986,Cape Horn,other,SUBSTATION,39.11994562450587,-120.94349859858494,5.156867721011208e-07,True
746,66,Substation,' ',39.30962787,-120.5483422,Cisco Grove,pge,SUBSTATION,39.30962787094344,-120.54834221528311,1.3190659477202552e-06,True
747,66,Substation,' ',38.79881552,-121.2213126,Del Mar,pge,SUBSTATION,38.79881551672975,-121.2213126039165,4.974188196866377e-07,True
748,66,Substation,' ',39.01930167,-120.8302452,Foresthill,pge,SUBSTATION,39.01930166874294,-120.83024524168704,3.6041017634540576e-06,True
749,66,Substation,' ',38.95692848,-121.0422303,Halsey,pge,SUBSTATION,38.95692847708868,-121.04223033527708,3.067443119372203e-06,True
750,115,Substation,' ',38.74431607,-121.1616425,Horseshoe,pge,SUBSTATION,38.74431606810035,-121.16164253935796,3.419890347152989e-06,True
751,66,Substation,' ',38.9005233,-121.294094,Lincoln,pge,SUBSTATION,38.90052330344682,-121.29409397354496,2.3211755781723687e-06,True
752,66,Substation,' ',38.84450412,-121.1665604,Penryn,pge,SUBSTATION,38.84450411971604,-121.16656041028244,8.910640982606437e-07,True
753,66,Substation,' ',38.82209041,-121.3065408,Pleasant Grove,pge,SUBSTATION,38.822090412493125,-121.30654082172713,1.902560766619105e-06,True
754,66,Substation,' ',38.78796355,-121.231692,Rocklin,pge,SUBSTATION,38.78796354713167,-121.2316919770298,2.0162830140232816e-06,True
755,66,Substation,' ',39.11534451,-120.9529453,Shady Glen,pge,SUBSTATION,39.11534451385823,-120.95294531231836,1.1460771241560603e-06,True
756,66,Substation,' ',39.31387986,-120.4969207,Tamarack,pge,SUBSTATION,39.31387986258088,-120.4969206510396,4.221829559204456e-06,True
757,66,Substation,' ',38.78014499,-121.2461844,Taylor ,other,SUBSTATION,38.780144994770914,-121.2461843966075,6.065556256860067e-07,True
758,66,Substation,' ',39.03596259,-120.9879836,Weimar,pge,SUBSTATION,39.0359625927244,-120.9879836044398,4.886932211556909e-07,True
759,66,Substation,' ',38.701391,-121.193734,Santa Juanita-Canyon Fall,smud,SUBSTATION,38.70139100373464,-121.19373402375496,2.102824860430488e-06,True
760,66,Substation,' ',38.7374284,-121.3041565,SP Retarder Yard,smud,,38.7374283975057,-121.30415651282668,1.146567801870014e-06,True
761,66,Substation,' ',38.81036761,-121.3240488,Roseville,other,SUBSTATION,38.810367610337615,-121.32404876439637,3.085134781905084e-06,True
762,66,Substation,' ',39.8196694,-120.3751007,Beckworth,other,SUBSTATION,39.81966939945648,-120.37510073056542,2.611131995942842e-06,True
763,66,Substation,' ',39.79888809,-120.1596983,Chilcoot,other,SUBSTATION,39.79888809161944,-120.1596982501585,4.2617962897165534e-06,True
764,66,Substation,' ',39.80388056,-120.4646374,Portola,other,SUBSTATION,39.80388056196142,-120.46463740753954,6.799867587778591e-07,True
765,66,Substation,' ',40.1715573,-121.0853365,Big Meadows,pge,SUBSTATION,40.171557302152735,-121.08533652645772,2.2607129115051715e-06,True
766,66,Substation,' ',40.30242579,-121.2270207,Chester,pge,SUBSTATION,40.30242578830534,-121.22702068809072,1.027356865348096e-06,True
767,66,Substation,' ',40.02241742,-121.0654455,Grays Flat,pge,SUBSTATION,40.02241741879699,-121.06544554254224,3.625037367146221e-06,True
768,66,Substation,' ',39.9351719,-120.914496,Plumas,other,TAP,39.9351718979996,-120.91449598833844,1.0188548012224122e-06,True
769,66,Substation,' ',40.02697206,-120.9631234,Spanish Creek,pge,SUBSTATION,40.02697206206378,-120.96312342905055,2.484177743491e-06,True
770,115,Substation,' ',33.70934723,-116.2323083,Carreon,iid,SUBSTATION,33.709347230833906,-116.23230832273188,2.1047202002450813e-06,True
771,115,Substation,' ',33.80949125,-116.3886831,Edom,iid,SUBSTATION,33.80949125056851,-116.38868305040236,4.582810229289892e-06,True
772,115,Substation,' ',33.67175626,-116.2650291,Jefferson,iid,SUBSTATION,33.67175626466429,-116.26502908155214,1.7841999762129048e-06,True
773,66,Substation,' ',33.69937449,-116.3863461,Silver Spur,sce,SUBSTATION,33.69937449418112,-116.38634613363956,3.146526375593032e-06,True
774,115,Substation,' ',33.58697132,-116.0883118,Mecca,iid,SUBSTATION,33.58697132180075,-116.08831176558662,3.194014127013765e-06,True
775,115,Substation,' ',33.52323635,-115.9216318,North Shore,iid,SUBSTATION,33.52323635262647,-115.92163177172996,2.6368273306143074e-06,True
776,115,Substation,' ',33.43715191,-116.0598176,Oasis,iid,,33.43715190763784,-116.05981764453392,4.140692488159874e-06,True
777,115,Substation,' ',33.88785169,-116.3553041,Sky Valley,iid,SUBSTATION,33.887851694770696,-116.35530408913652,1.1344376640316468e-06,True
778,115,Substation,' ',33.63872707,-116.1362241,Thermal,iid,SUBSTATION,33.63872707052465,-116.1362240783216,2.0077262804965916e-06,True
779,115,Substation,' ',33.71886668,-116.1986917,Van Buren,iid,SUBSTATION,33.718866680168794,-116.19869170887917,8.214376060523592e-07,True
780,230,Substation,' ',33.70470622,-115.6266044,Julian Hinds,sce,SUBSTATION,33.704706224403715,-115.62660443514604,3.2878167505811447e-06,True
781,66,Substation,' ',33.97811931,-117.3700775,Riverside,other,SUBSTATION,33.97811931491831,-117.37007745448044,4.232767950192435e-06,True
782,115,Substation,' ',33.90206112,-117.2187445,Alessandro,sce,SUBSTATION,33.90206112145157,-117.21874445996944,3.6979818166274093e-06,True
783,66,Substation,' ',34.01134168,-117.5063472,Bain,sce,SUBSTATION,34.01134167884273,-117.50634723105088,2.8649284422089096e-06,True
784,115,Substation,' ',33.82896388,-117.2123222,Bunker,sce,SUBSTATION,33.82896388275175,-117.21232223126742,2.9043340508056087e-06,True
785,115,Substation,' ',33.858925,-117.3263444,Cajalco,sce,SUBSTATION,33.85892500432705,-117.32634444549969,4.228793219246123e-06,True
786,66,Substation,' ',33.84505856,-117.5377957,Chase,sce,SUBSTATION,33.84505855768209,-117.53779572194648,2.043134551149226e-06,True
787,115,Substation,' ',33.75747652,-116.3350763,Concho,sce,SUBSTATION,33.75747652276095,-116.3350762690745,2.8754102863081403e-06,True
788,66,Substation,' ',33.88440023,-117.5718877,Corona,sce,SUBSTATION,33.88440022839429,-117.5718877284675,2.6338937579737736e-06,True
789,115,Substation,' ',34.02933687,-117.3877244,Crestmore,sce,SUBSTATION,34.02933686873323,-117.38772441472548,1.3642875347370858e-06,True
790,66,Substation,' ',33.85543836,-117.5392955,Databank,sce,SUBSTATION,33.855438359393865,-117.53929549062774,8.680672922924994e-07,True
791,66,Substation,' ',33.89242954,-117.5801181,Delgen,sce,SUBSTATION,33.89242953731006,-117.58011805101614,4.531160789047844e-06,True
792,115,Substation,' ',33.80795835,-116.4939389,Eisenhower,sce,SUBSTATION,33.80795835340744,-116.49393889869204,3.976957120252214e-07,True
793,115,Substation,' ',33.67438334,-117.3261806,Elsinore,sce,SUBSTATION,33.67438333660014,-117.32618055901024,3.8118489471915238e-06,True
794,115,Substation,' ',33.84615835,-116.5050806,Farrell,sce,SUBSTATION,33.846158346381735,-116.50508055091905,4.550514778694078e-06,True
795,66,Substation,' ',33.92672299,-116.9287486,Foil,sce,SUBSTATION,33.92672298578089,-116.92874855600728,4.085976355336219e-06,True
796,115,Substation,' ',33.90148334,-116.5435333,Garnet,sce,SUBSTATION,33.90148334327056,-116.54353333522502,3.271249867678469e-06,True
797,66,Substation,' ',34.00502923,-117.4574435,Glen Avon,sce,SUBSTATION,34.00502922614702,-117.45744347371412,2.460600386942367e-06,True
798,115,Substation,' ',33.76026398,-117.477333,Ivyglen,sce,SUBSTATION,33.760263984393895,-117.47733295798588,3.914569907485339e-06,True
799,66,Substation,' ',33.85775076,-117.5883042,Jefferson,sce,SUBSTATION,33.85775075743802,-117.5883042324793,3.0126027255700208e-06,True
800,66,Substation,' ',33.86116105,-115.4886971,Kem,sce,SUBSTATION,33.86116104902012,-115.48869705391066,4.257061986158303e-06,True
801,115,Substation,' ',33.92601393,-116.9874583,Maraschino,sce,SUBSTATION,33.92601393014196,-116.98745834174946,3.852045930239837e-06,True
802,115,Substation,' ',33.94716607,-117.2433136,Maxwell,sce,SUBSTATION,33.947166073644965,-117.24331358260132,1.6552766911228665e-06,True
803,115,Substation,' ',33.73638889,-116.9200361,Mayberry,sce,SUBSTATION,33.73638888798358,-116.92003610825964,7.959970779379977e-07,True
804,115,Substation,' ',33.503775,-117.1404167,Moraga,sce,SUBSTATION,33.50377500077366,-117.1404166593142,3.7733619401386912e-06,True
805,115,Substation,' ',33.94704447,-117.1725056,Moreno,sce,SUBSTATION,33.9470444662988,-117.17250558198486,1.711961710110076e-06,True
806,115,Substation,' ',33.7723639,-116.9883194,Nelson,sce,SUBSTATION,33.77236389650971,-116.98831944377406,4.064656166091603e-06,True
807,115,Substation,' ',33.54372221,-117.0435584,Pauba,sce,SUBSTATION,33.54372220593668,-117.04355835143951,4.523063523399284e-06,True
808,66,Substation,' ',33.95892401,-117.52272,Pedley,sce,SUBSTATION,33.95892400920189,-117.5227199907491,8.578082348496749e-07,True
809,115,Substation,' ',33.74781668,-116.3920917,Santa Rosa,sce,SUBSTATION,33.74781667585365,-116.3920916618026,3.5616055654625754e-06,True
810,115,Substation,' ',33.63091389,-117.2920056,Skylark,sce,SUBSTATION,33.63091389447492,-117.29200555273722,4.40395046607905e-06,True
811,115,Substation,' ',33.55781389,-117.2032139,Stadler,sce,SUBSTATION,33.557813888566315,-117.20321386975452,2.8071332345866206e-06,True
812,115,Substation,' ',33.73355277,-117.0073389,Stetson,sce,SUBSTATION,33.733552770001786,-117.00733888075786,1.7793759005233794e-06,True
813,115,Substation,' ',33.791975,-116.4499445,Tamarisk,sce,SUBSTATION,33.79197500096935,-116.4499444540048,4.2517789635653205e-06,True
814,115,Substation,' ',33.90877226,-117.2597778,Tanker,sce,SUBSTATION,33.90877225981747,-117.25977782125592,1.961679700602056e-06,True
815,115,Substation,' ',33.81365833,-116.5320444,Thornhill,sce,SUBSTATION,33.81365832885198,-116.53204443248922,3.004278316529621e-06,True
816,115,Substation,' ',33.73999442,-117.1561138,Valley,sce,SUBSTATION,33.73999442392952,-117.1561138094946,9.806499049522566e-07,True
817,66,Substation,' ',34.01056535,-117.0513646,Yucaipa,sce,SUBSTATION,34.01056535054399,-117.0513646355591,3.2781564737812983e-06,True
818,66,Substation,' ',38.63011999,-121.156246,Alder Creek,smud,SUBSTATION,38.63011998592827,-121.15624598014142,1.7834342112295536e-06,True
819,66,Substation,' ',38.60551183,-121.2119995,Nimbus,other,SUBSTATION,38.60551182512586,-121.21199951663236,1.5435411552189447e-06,True
820,66,Substation,' ',38.57360799,-121.297968,Mather,other,SUBSTATION,38.57360799468832,-121.29796798742665,1.2109937933634415e-06,True
821,66,Substation,' ',38.22554469,-121.4739245,New Hope,other,SUBSTATION,38.22554469447242,-121.47392448781096,1.1751583783621987e-06,True
822,66,Substation,' ',38.53924448,-121.4454023,14th & 52nd,smud,SUBSTATION,38.5392444792033,-121.44540229161132,7.349626853241178e-07,True
823,66,Substation,' ',38.49108101,-121.479797,24th & Gardendale,smud,SUBSTATION,38.491081006146445,-121.47979698977512,9.87691429342637e-07,True
824,66,Substation,' ',38.67826602,-121.387198,34th & E,smud,SUBSTATION,38.67826601660655,-121.38719799384208,6.543085571906583e-07,True
825,66,Substation,' ',38.51711557,-121.5156782,43Rd & S. Land,smud,SUBSTATION,38.51711557051675,-121.51567822185308,1.9021162996755e-06,True
826,66,Substation,' ',38.5204268,-121.380017,88th-Fruitridge,smud,SUBSTATION,38.52042680479885,-121.38001702621614,2.34232615937161e-06,True
827,66,Substation,' ',38.5179733,-121.3780685,Airco,smud,SUBSTATION,38.5179732968958,-121.3780685207208,1.8354649571845216e-06,True
828,66,Substation,' ',38.69352934,-121.2390442,Almond-Elm,smud,SUBSTATION,38.69352933912385,-121.23904422203653,1.9149812732372637e-06,True
829,66,Substation,' ',38.58291901,-121.18649,American River-Aggregate,smud,SUBSTATION,38.582919014097584,-121.18649000520084,6.418443197064067e-07,True
830,66,Substation,' ',38.624824,-121.447074,Arcade-Rio Linda,smud,SUBSTATION,38.62482400163408,-121.4470739988268,2.0833340419188663e-07,True
831,66,Substation,' ',38.60232501,-121.434024,Arden-Point West,smud,SUBSTATION,38.60232500680142,-121.43402399182057,7.94797286985091e-07,True
832,66,Substation,' ',38.594444,-121.365199,Arden-Watt,smud,SUBSTATION,38.59444399820443,-121.36519902333444,2.0377499326536548e-06,True
833,66,Substation,' ',38.5102617,-121.398444,Army Depot,smud,SUBSTATION,38.510261704431805,-121.39844397548045,2.189612999462276e-06,True
834,66,Substation,' ',38.57744199,-121.364083,Ashton-American River Dr.,smud,SUBSTATION,38.57744199412742,-121.36408301521357,1.399864775970494e-06,True
835,66,Substation,' ',38.68817202,-121.308101,Auburn Van Muren,smud,SUBSTATION,38.68817201935078,-121.30810100686412,6.001261616626219e-07,True
836,66,Substation,' ',38.59154329,-121.341395,Battlewood-Thistlewood,smud,SUBSTATION,38.59154328779472,-121.34139500587514,5.664452501093863e-07,True
837,66,Substation,' ',38.67975895,-121.2314119,Beech-Greenback,smud,SUBSTATION,38.67975895376416,-121.23141185595318,3.8463012718674955e-06,True
838,66,Substation,' ',38.60133847,-121.4102429,Bell Cottage,smud,SUBSTATION,38.60133846898003,-121.41024288130762,1.6283123991373973e-06,True
839,66,Substation,' ',38.64698997,-121.4109118,Bell-Winters,smud,SUBSTATION,38.64698997018248,-121.41091179235052,6.646234287928735e-07,True
840,66,Substation,' ',38.43537527,-121.4360252,Big Horn-Meadowspring,smud,SUBSTATION,38.4353752699036,-121.43602519378324,5.415866300106184e-07,True
841,66,Substation,' ',38.723503,-121.382919,Black Eagle-Chrystal Brook,smud,SUBSTATION,38.72350300315002,-121.38291899189062,7.858737441597802e-07,True
842,66,Substation,' ',38.67233617,-121.1501439,Blue Ravine-School,smud,SUBSTATION,38.67233616656384,-121.15014386398066,3.150221255534713e-06,True
843,66,Substation,' ',38.42279888,-121.3699284,Bond-Elk Grove Florin,smud,SUBSTATION,38.42279888335403,-121.36992836669016,2.925664004067283e-06,True
844,66,Substation,' ',38.60480134,-121.3859924,Butano-Cottage,smud,SUBSTATION,38.60480134465302,-121.38599236297604,3.258547020630127e-06,True
845,115,Substation,' ',38.51175859,-121.4715277,Campbell Soup,smud,,38.5117585917022,-121.47152767003352,2.614179514643981e-06,True
846,66,Substation,' ',38.55422102,-121.423867,Campus Commons,smud,SUBSTATION,38.55422101796714,-121.4238669901429,8.864440815540531e-07,True
847,66,Substation,' ',38.64185799,-121.475853,Cargo-Northgate,smud,SUBSTATION,38.64185798822795,-121.47585300204254,2.6513160673666497e-07,True
848,66,Substation,' ',38.61783999,-121.266584,Citrus-Coloma,smud,SUBSTATION,38.61783999246267,-121.26658397907322,1.8386144900645635e-06,True
849,66,Substation,' ',38.33526975,-121.1689614,Clay Station-Twin Cities,smud,SUBSTATION,38.33526974831987,-121.16896140663944,6.084870234823178e-07,True
850,66,Substation,' ',38.35419211,-121.2424311,Colony-Woods,smud,SUBSTATION,38.35419210876394,-121.24243113748427,3.2714385149173967e-06,True
851,66,Substation,' ',38.604954,-121.306598,Cordova-Park,smud,SUBSTATION,38.60495400410074,-121.3065980039932,5.729928648653319e-07,True
852,66,Substation,' ',38.61621199,-121.380501,Country Club 2,smud,SUBSTATION,38.6162119929116,-121.3805010165304,1.472226141586355e-06,True
853,66,Substation,' ',38.60873702,-121.378409,Country Club 3,smud,SUBSTATION,38.60873701856335,-121.37840899516333,4.495990693513275e-07,True
854,66,Substation,' ',38.534974,-121.39904,Crystal Creamery,smud,SUBSTATION,38.53497400297198,-121.39903998768844,1.1206901103740748e-06,True
855,66,Substation,' ',38.63943371,-121.3288841,Cypress-Manzanita,smud,SUBSTATION,38.63943371037181,-121.32888406807696,2.7729296505957097e-06,True
856,66,Substation,' ',38.70364063,-121.3265439,Daly-Roseville,smud,SUBSTATION,38.70364062762104,-121.32654393074884,2.6813259397450153e-06,True
857,66,Substation,' ',38.71018302,-121.462789,Delano,smud,SUBSTATION,38.71018301970518,-121.46278898869936,9.810786955199854e-07,True
858,66,Substation,' ',38.650085,-121.307877,Dewey-Winding,smud,SUBSTATION,38.65008499854689,-121.30787699860298,2.0205409267298492e-07,True
859,66,Substation,' ',38.44275499,-121.188405,Dillard-Orange,smud,SUBSTATION,38.442754992250094,-121.1884050079926,7.396855286128418e-07,True
860,66,Substation,' ',38.40192239,-121.256965,Dillard-Wilton,smud,SUBSTATION,38.401922390778125,-121.25696503579826,3.120675290993169e-06,True
861,66,Substation,' ',38.5861647,-121.2815662,Disk Data,smud,SUBSTATION,38.58616469792248,-121.28156615790463,3.6661234980288455e-06,True
862,66,Substation,' ',38.60902208,-121.4443619,Dixeanne-Evergreen,smud,SUBSTATION,38.60902208096034,-121.44436185990834,3.4852076694265318e-06,True
863,66,Substation,' ',38.693465,-121.346564,Don Julio-Elkhorn,smud,,38.69346500490368,-121.34656400600385,7.541995991982131e-07,True
864,115,Substation,' ',38.55375189,-121.4306192,East City,smud,SUBSTATION,38.55375188806832,-121.43061917291624,2.3649002566008992e-06,True
865,66,Substation,' ',38.60679914,-121.3640415,Eastern-El Camino,smud,SUBSTATION,38.60679913813544,-121.36404148753468,1.1028106684018479e-06,True
866,66,Substation,' ',38.61845199,-121.364095,Eastern-Marconi,smud,SUBSTATION,38.6184519879912,-121.3640949924072,6.96446951423987e-07,True
867,66,Substation,' ',38.62760401,-121.398989,Edison-Ball,smud,SUBSTATION,38.62760401333146,-121.39898899259396,7.423744420404552e-07,True
868,66,Substation,' ',38.608322,-121.456265,El Monte,smud,SUBSTATION,38.60832200474327,-121.45626500513671,6.909376561413263e-07,True
869,66,Substation,' ',38.59117153,-121.2722866,Electronic Data Systems,smud,SUBSTATION,38.59117152848391,-121.27228664202114,3.656020959740325e-06,True
870,66,Substation,' ',38.478179,-121.371486,Elk Grove Florin-Gerber,smud,SUBSTATION,38.47817899977073,-121.37148599163802,7.28343692343459e-07,True
871,66,Substation,' ',38.40862902,-121.376029,Elk Grove-Colton,smud,SUBSTATION,38.408629018128224,-121.37602897990524,1.7632312385451777e-06,True
872,66,Substation,' ',38.69300512,-121.2072862,Elm,smud,SUBSTATION,38.693005120380256,-121.20728617865451,1.8530232600484585e-06,True
873,66,Substation,' ',38.71419362,-121.5761911,Elverta-Powerline,smud,SUBSTATION,38.71419362312656,-121.57619113962213,3.4552565221946586e-06,True
874,66,Substation,' ',38.71405793,-121.4200798,Elverta-Cherrybrooke,smud,SUBSTATION,38.71405793322844,-121.42007976879854,2.730824397292534e-06,True
875,66,Substation,' ',38.61265619,-121.3997156,Elvyra-Fulton,smud,SUBSTATION,38.61265619216638,-121.39971564065608,3.5406402721417213e-06,True
876,66,Substation,' ',38.63144972,-121.3631699,Engle-Eastern,smud,SUBSTATION,38.63144971905632,-121.3631699149546,1.3032318098219167e-06,True
877,66,Substation,' ',38.35017428,-121.4084589,Eschinger-Bruceville,smud,SUBSTATION,38.3501742775759,-121.40845891736066,1.537706926253584e-06,True
878,66,Substation,' ',38.60566001,-121.447086,Evergreen-Royal Oaks,smud,SUBSTATION,38.60566001441274,-121.4470860002918,4.913289526520715e-07,True
879,66,Substation,' ',38.59330343,-121.4321974,Exposition,smud,SUBSTATION,38.59330343155727,-121.43219742964142,2.5819259257382347e-06,True
880,66,Substation,' ',38.55524523,-121.4171834,Filtration Plant,smud,SUBSTATION,38.555245231747314,-121.41718336356914,3.1738081864907106e-06,True
881,66,Substation,' ',38.69601408,-121.1593285,Folsom Prison,smud,SUBSTATION,38.69601408136324,-121.1593285475027,4.125295690618786e-06,True
882,66,Substation,' ',38.69350783,-121.3473313,Foothill,smud,SUBSTATION,38.693507826320335,-121.3473312631199,3.2267866638397114e-06,True
883,66,Substation,' ',38.56339,-121.34405,Franchise Tax,smud,SUBSTATION,38.56338999923594,-121.34404999272336,6.383483647595967e-07,True
884,66,Substation,' ',38.37950219,-121.4534339,Franklin,smud,SUBSTATION,38.37950218820584,-121.45343393936186,3.4368675382430864e-06,True
885,66,Substation,' ',38.4630378,-121.4472652,Franklin-Ehrhardt,smud,SUBSTATION,38.4630377966548,-121.44726523802645,3.3316675548729895e-06,True
886,66,Substation,' ',38.43017262,-121.4579264,Franklin-Laguna,smud,SUBSTATION,38.430172621893085,-121.45792640341364,3.643171580849267e-07,True
887,66,Substation,' ',38.50327002,-121.517396,Freehaven-Lake Park,smud,SUBSTATION,38.50327001641279,-121.51739597955608,1.8231604142879975e-06,True
888,66,Substation,' ',38.61272302,-121.422175,Frienza Albatross,smud,SUBSTATION,38.61272301698771,-121.42217502543294,2.235000030754346e-06,True
889,66,Substation,' ',38.52432614,-121.4562977,Fruitridge & 44Th,smud,SUBSTATION,38.52432614136492,-121.456297693471,5.879028361722551e-07,True
890,66,Substation,' ',38.525576,-121.428628,Fruitridge & 64Th,smud,SUBSTATION,38.52557600210048,-121.42862800374992,4.012038165728285e-07,True
891,66,Substation,' ',38.52289999,-121.513505,Fruitridge & S. Land Park,smud,SUBSTATION,38.52289999061247,-121.51350499633082,3.2638115849799397e-07,True
892,66,Substation,' ',38.5245276,-121.4767157,Fruitridge & 28th,smud,SUBSTATION,38.52452759980964,-121.47671569060044,8.179640938704314e-07,True
893,66,Substation,' ',38.25459168,-121.3018379,Galt,smud,SUBSTATION,38.25459168313582,-121.30183792913394,2.567694819984526e-06,True
894,66,Substation,' ',38.67721299,-121.364168,Gilman-Cornelia,smud,SUBSTATION,38.67721299307469,-121.3641680065681,6.648094575028817e-07,True
895,66,Substation,' ',38.50348601,-121.539389,Gloria-Florin,smud,SUBSTATION,38.50348600647264,-121.5393889862203,1.2615983798620825e-06,True
896,66,Substation,' ',38.55499099,-121.345313,Goethe-Mayhew,smud,SUBSTATION,38.5549909939093,-121.3453129791717,1.8625729816039257e-06,True
897,66,Substation,' ',38.54377998,-121.332252,Granite,smud,SUBSTATION,38.543779984785296,-121.33225201642736,1.5245455551430098e-06,True
898,66,Substation,' ',38.43394431,-121.297585,Grantline-Siefker,smud,SUBSTATION,38.43394431394174,-121.29758499040022,9.440700640353946e-07,True
899,66,Substation,' ',38.67909104,-121.2633096,Greenback-Fairoaks,smud,SUBSTATION,38.67909104057697,-121.26330957697064,2.0000983888583847e-06,True
900,66,Substation,' ',38.657677,-121.383646,Haggin,smud,SUBSTATION,38.65767699970402,-121.38364599903738,8.98308489633456e-08,True
901,66,Substation,' ',38.555329,-121.322051,Happy Lane,smud,SUBSTATION,38.55532900255233,-121.3220510060743,5.996100146066545e-07,True
902,66,Substation,' ',38.49399301,-121.535149,Havenside-Canal,smud,SUBSTATION,38.49399301303524,-121.53514901083224,1.0013154869552413e-06,True
903,66,Substation,' ',38.65047402,-121.225759,Hazel-Timm,smud,SUBSTATION,38.65047401992239,-121.22575899527656,4.102731745021017e-07,True
904,66,Substation,' ',38.29464944,-121.2454065,Herald-Twin Cities,smud,SUBSTATION,38.29464944136251,-121.24540648745646,1.1051046468442188e-06,True
905,66,Substation,' ',38.29952145,-121.5175743,Herzog,smud,SUBSTATION,38.29952145094234,-121.51757425660968,3.787853082478212e-06,True
906,66,Substation,' ',38.36795136,-121.5103977,Hood,smud,SUBSTATION,38.36795135672728,-121.51039773520186,3.090447374800024e-06,True
907,230,Substation,' ',38.53282983,-121.3974341,Hunt-Wesson,smud,SUBSTATION,38.532829826002605,-121.39743407517088,2.204963747448071e-06,True
908,66,Substation,' ',38.722573,-121.308793,Imran Woods-Whyte,smud,SUBSTATION,38.722573001437055,-121.30879299361504,5.764987161962946e-07,True
909,66,Substation,' ',38.64303501,-121.160789,Intel,smud,SUBSTATION,38.64303500639902,-121.1607890192448,1.7186868357524513e-06,True
910,66,Substation,' ',38.5066606,-121.2436877,Jackson-Sunrise,smud,SUBSTATION,38.50666060225442,-121.243687742717,3.7254221257068355e-06,True
911,66,Substation,' ',38.66540149,-121.290864,Kalamazoo-San Juan,smud,SUBSTATION,38.66540148919851,-121.29086399484096,4.5669753760539527e-07,True
912,66,Substation,' ',38.62235601,-121.426218,Kathleen Academy,smud,SUBSTATION,38.62235601381908,-121.4262179899408,9.71602279810633e-07,True
913,66,Substation,' ',38.65262999,-121.259935,Kathywood Bamboo,smud,SUBSTATION,38.65262999087867,-121.25993498728288,1.1086355293931307e-06,True
914,66,Substation,' ',38.61341999,-121.336147,Kenneth-Garfield,smud,SUBSTATION,38.6134199925214,-121.33614698661056,1.1966457452504271e-06,True
915,66,Substation,' ',38.48077985,-121.3915248,Keyes-Fibre,smud,SUBSTATION,38.48077985014018,-121.3915248314427,2.7369813413168684e-06,True
916,66,Substation,' ',38.55391702,-121.391103,Lake Forest-Bennington,smud,SUBSTATION,38.55391702103913,-121.39110298178808,1.587860243315896e-06,True
917,66,Substation,' ',38.32372022,-121.445282,Lambert,smud,SUBSTATION,38.323720215947965,-121.44528196830566,2.801314593757643e-06,True
918,66,Substation,' ',38.6823983,-121.1714546,Leidesdorff-Coloma,smud,SUBSTATION,38.68239829751715,-121.17145456054594,3.435772815746655e-06,True
919,66,Substation,' ',38.26589605,-121.309889,Lodi Iron Works,smud,SUBSTATION,38.265896045378696,-121.30988904634948,4.079000188858441e-06,True
920,66,Substation,' ',38.494742,-121.101957,Lone Pine Jackson,smud,SUBSTATION,38.49474199583866,-121.10195701739023,1.582599996466042e-06,True
921,66,Substation,' ',38.6307372,-121.4319995,Los Robles-Marysville,smud,,38.63073719772965,-121.4319994829102,1.505799814510792e-06,True
922,66,Substation,' ',38.47544016,-121.442723,Mack-Tangerine,smud,SUBSTATION,38.47544015593553,-121.44272304760952,4.169059758076048e-06,True
923,66,Substation,' ',38.663934,-121.241578,Madison-Kenneth,smud,SUBSTATION,38.6639340000835,-121.24157798364152,1.4203335464873232e-06,True
924,66,Substation,' ',38.55434672,-121.3738507,Manlove-Folsom,smud,SUBSTATION,38.554346724754055,-121.37385072116172,1.9145704404813173e-06,True
925,66,Substation,' ',38.53501886,-121.3446297,Mayhew-Jackson,smud,SUBSTATION,38.535018857695306,-121.34462971151164,1.0335553687952202e-06,True
926,66,Substation,' ',38.67844574,-121.3923717,Mcclellan-Adc,smud,SUBSTATION,38.67844574179036,-121.39237173551749,3.0895530314139416e-06,True
927,66,Substation,' ',38.65827499,-121.384761,Mcclellan-Haggin,smud,SUBSTATION,38.65827498814525,-121.38476097474634,2.20246511036751e-06,True
928,66,Substation,' ',38.48167205,-121.5059655,Meadowview-Freeport,smud,SUBSTATION,38.48167205325583,-121.50596552413757,2.131997445933122e-06,True
929,66,Substation,' ',38.48299298,-121.466524,Meadowview-Mack,smud,SUBSTATION,38.482992982931904,-121.46652401904686,1.6896388847339036e-06,True
930,66,Substation,' ',38.56339257,-121.4645509,Mid City,smud,SUBSTATION,38.56339257485923,-121.46455093845294,3.3866862902574977e-06,True
931,66,Substation,' ',38.460453,-121.383925,Morgan Hills-Sonoma Hills,smud,SUBSTATION,38.460453002027066,-121.38392500788872,7.229065999948635e-07,True
932,66,Substation,' ',38.65454126,-121.3572721,Myrtle-Date,smud,SUBSTATION,38.65454126159884,-121.35727214325613,3.7603524504606827e-06,True
933,66,Substation,' ',38.58118102,-121.402206,Northrup,smud,SUBSTATION,38.58118101680729,-121.40220600338436,4.6106131398220736e-07,True
934,66,Substation,' ',38.65600647,-121.3361466,Omni-Hackberry,smud,SUBSTATION,38.65600647245137,-121.33614660934155,8.557326746895957e-07,True
935,66,Substation,' ',38.645953,-121.385328,Orange Grove-Watt,smud,SUBSTATION,38.64595300168504,-121.38532798443526,1.3646511988435595e-06,True
936,66,Substation,' ',38.684985,-121.266373,Orangevale,smud,SUBSTATION,38.68498499898294,-121.26637300073934,1.3002996539297065e-07,True
937,66,Substation,' ',38.66831022,-121.3324973,Palm-Hackberry,smud,SUBSTATION,38.66831021495221,-121.3324973443592,3.891879256761976e-06,True
938,66,Substation,' ',38.6708833,-121.315493,Parkoaks-Hilltop,smud,SUBSTATION,38.67088330412464,-121.31549297987688,1.8061929826792524e-06,True
939,66,Substation,' ',38.49382328,-121.4526031,Parkway,smud,SUBSTATION,38.49382327993355,-121.45260311260412,1.0969541324287021e-06,True
940,66,Substation,' ',38.61647671,-121.4659406,PG&E Gas Holder,smud,,38.61647670680986,-121.4659405982248,3.8680542851010033e-07,True
941,66,Substation,' ',38.66000402,-121.450324,Pinedale-Rio Linda,smud,SUBSTATION,38.66000401917594,-121.45032400531966,4.7089962414494176e-07,True
942,66,Substation,' ',38.48964399,-121.4700357,Pocket,smud,SUBSTATION,38.48964398994014,-121.47003572179756,1.8971530849159345e-06,True
943,66,Substation,' ',38.70549859,-121.2994095,Poplar-Antelope,smud,SUBSTATION,38.70549858980809,-121.29940945165778,4.194864604711479e-06,True
944,66,Substation,' ',38.47552604,-121.4090741,Power Inn-Elsie,smud,SUBSTATION,38.47552603665509,-121.40907406632518,2.9549488315787773e-06,True
945,66,Substation,' ',38.68959453,-121.5774523,Powerline-Elkhorn,smud,SUBSTATION,38.68959452608651,-121.5774522649717,3.071181387538374e-06,True
946,66,Substation,' ',38.62642602,-121.207876,Prairie,smud,SUBSTATION,38.62642601835943,-121.2078760000489,1.8247232869381032e-07,True
947,66,Substation,' ',38.65551299,-121.168275,Prairie City-Blue Ravine,smud,SUBSTATION,38.65551298804807,-121.16827501779288,1.5601957353328725e-06,True
948,66,Substation,' ',38.52910927,-121.4014035,Procter & Gamble,smud,SUBSTATION,38.52910927143959,-121.40140349242968,6.776938412667237e-07,True
949,66,Substation,' ',38.69715799,-121.384057,Q & Watt,smud,SUBSTATION,38.697157992028565,-121.38405698112554,1.653446728994533e-06,True
950,66,Substation,' ',38.49512942,-121.3973087,Reese-Florin,smud,SUBSTATION,38.49512942224276,-121.39730873976715,3.4698254844077086e-06,True
951,66,Substation,' ',38.49403387,-121.4309711,Requa Fawn,smud,SUBSTATION,38.49403387482088,-121.43097112086056,1.8929672763090247e-06,True
952,66,Substation,' ',38.69036602,-121.4564702,Rio Linda,smud,SUBSTATION,38.69036601649595,-121.45647018403854,1.4390724972940763e-06,True
953,66,Substation,' ',38.62105302,-121.329314,Robertson-Fairoaks,smud,SUBSTATION,38.62105301931928,-121.32931401709314,1.4869049677047363e-06,True
954,66,Substation,' ',38.60577299,-121.427436,Royal-Yorkshire,smud,SUBSTATION,38.60577298687022,-121.42743598490097,1.3573888229888521e-06,True
955,66,Substation,' ',38.52106626,-121.5136062,S. Land Park & 35Th Ave.,smud,SUBSTATION,38.52106625558119,-121.51360617142764,2.533796548918243e-06,True
956,66,Substation,' ',38.66579466,-121.1321368,S. Lexington-Duxbury,smud,SUBSTATION,38.66579466272759,-121.13213675915716,3.558977839278079e-06,True
957,66,Substation,' ',38.44850889,-121.4603661,Carson Ice,smud,SUBSTATION,38.448508892813386,-121.4603661099876,9.243118585004116e-07,True
958,66,Substation,' ',38.53000321,-121.398755,Safeway Stores,smud,SUBSTATION,38.53000321095894,-121.39875502346187,2.0436342882383513e-06,True
959,66,Substation,' ',38.68203052,-121.28114,San Simeon-Stefano,smud,SUBSTATION,38.68203052070558,-121.28114002129291,1.8499264263827378e-06,True
960,66,Substation,' ',38.41917101,-121.418343,Seasons-Bruceville,smud,SUBSTATION,38.419171009378495,-121.41834299677546,2.8929491919260065e-07,True
961,66,Substation,' ',38.67963516,-121.3369695,Shiloh-Shenandoah,smud,SUBSTATION,38.679635160370985,-121.3369694653982,3.0038779537622912e-06,True
962,230,Substation,' ',38.57201028,-121.5005099,Station D,smud,SUBSTATION,38.5720102811216,-121.50050992102848,1.8323598660565965e-06,True
963,66,Substation,' ',38.47019573,-121.4196496,Stockton Wyndham,smud,SUBSTATION,38.47019573400479,-121.41964960634785,7.097216184423513e-07,True
964,66,Substation,' ',38.4403566,-121.4044819,Stockton-Sheldon,smud,SUBSTATION,38.44035659998316,-121.40448191836924,1.5998542395721325e-06,True
965,66,Substation,' ',38.60190602,-121.263944,Sunco-Trade Center,smud,SUBSTATION,38.60190602120792,-121.2639439861147,1.2140670700143423e-06,True
966,66,Substation,' ',38.70823427,-121.270772,Sunrise Antelope,smud,,38.70823426658545,-121.27077204610308,4.018337843048264e-06,True
967,66,Substation,' ',38.66460565,-121.2491826,Sunrise Center,smud,SUBSTATION,38.66460564894746,-121.24918263976902,3.454841932689657e-06,True
968,66,Substation,' ',38.63533012,-121.2594872,Sutter-Marshall,smud,SUBSTATION,38.635330123569446,-121.259487210415,9.878716709229439e-07,True
969,66,Substation,' ',38.69272648,-121.2907574,Sylvan-Antelope,smud,SUBSTATION,38.69272648194725,-121.29075738445474,1.366417209060797e-06,True
970,66,Substation,' ',38.54679563,-121.3811452,Teichert Aggregates,smud,SUBSTATION,38.54679562857307,-121.3811452086798,7.713395822338449e-07,True
971,66,Substation,' ',38.59681517,-121.2430345,Teledyne,smud,SUBSTATION,38.59681517176902,-121.2430345461675,4.017004786833062e-06,True
972,66,Substation,' ',38.623209,-121.474566,Tenaya-Northgate,smud,SUBSTATION,38.62320900481907,-121.47456598925405,1.0763942097486387e-06,True
973,66,Substation,' ',38.62012007,-121.4982792,Truxel,smud,SUBSTATION,38.620120067787504,-121.49827916229626,3.284804532889198e-06,True
974,66,Substation,' ',38.29124352,-121.3145568,Twin Cities,smud,SUBSTATION,38.29124352427082,-121.3145568304871,2.70276860622741e-06,True
975,66,Substation,' ',38.27720009,-121.5158684,Twin Cities-Snodgrass,smud,SUBSTATION,38.27720008842431,-121.51586835174948,4.215459895583988e-06,True
976,66,Substation,' ',38.66824147,-121.2030871,Twin Lakes-Main,smud,SUBSTATION,38.66824147145057,-121.20308713241414,2.818762078970371e-06,True
977,66,Substation,' ',38.61363946,-121.5206515,W. El Camino-15,smud,SUBSTATION,38.613639460869415,-121.52065152818813,2.451022123461383e-06,True
978,66,Substation,' ',38.70829575,-121.2441546,Wachtel-Oak,smud,SUBSTATION,38.70829575478351,-121.24415462868512,2.545202229994293e-06,True
979,66,Substation,' ',38.70588701,-121.3628,Walerga-Antelope,smud,SUBSTATION,38.70588700624851,-121.36279999194804,8.137432384918719e-07,True
980,66,Substation,' ',38.69719299,-121.364113,Walerga-Galbrath,smud,SUBSTATION,38.69719299398939,-121.36411299882388,4.551913532101252e-07,True
981,66,Substation,' ',38.63087111,-121.3453459,Walnut-Engle,smud,SUBSTATION,38.63087111401372,-121.34534586544969,3.03417256257715e-06,True
982,66,Substation,' ',38.39015152,-121.3531655,Waterman-Grantline,smud,SUBSTATION,38.390151524606566,-121.35316546795492,2.8394601436324486e-06,True
983,66,Substation,' ',38.58611399,-121.307722,White Rock-Folsom,smud,SUBSTATION,38.58611399332841,-121.30772198186337,1.6192623450063627e-06,True
984,66,Substation,' ',38.589224,-121.267876,White Rock-Sunrise,smud,SUBSTATION,38.5892240020525,-121.267875976365,2.066856052903886e-06,True
985,66,Substation,' ',38.64518797,-121.27614,Winding Way-New York,smud,SUBSTATION,38.64518797396395,-121.27614001079746,1.03614679872336e-06,True
986,66,Substation,' ',36.90630302,-121.6277027,Granite Rock,other,SUBSTATION,36.90630302460025,-121.6277027384725,3.458760063329886e-06,True
987,66,Substation,' ',36.85686674,-121.5119869,San Justo,pge,SUBSTATION,36.85686673551709,-121.51198690822748,8.856158399533113e-07,True
988,230,Substation,' ',34.84485419,-114.9662705,Camino,other,SUBSTATION,34.84485419188672,-114.96627047282922,2.4884069890789723e-06,True
989,66,Substation,' ',34.05100152,-117.2626686,Unimed,sce,SUBSTATION,34.05100152240361,-117.2626686441641,4.077579010190299e-06,True
990,66,Substation,' ',34.13546122,-117.4092334,Alder,sce,SUBSTATION,34.135461218673726,-117.40923340563188,5.389145852617552e-07,True
991,66,Substation,' ',34.09299679,-117.5333557,Ameron,sce,SUBSTATION,34.09299679236063,-117.53335574463271,4.118318951898766e-06,True
992,115,Substation,' ',34.44908567,-117.2243526,Apple Valley,sce,SUBSTATION,34.44908566745419,-117.22435264527036,4.160688047532128e-06,True
993,115,Substation,' ',34.41536392,-117.3557833,Aqueduct,sce,SUBSTATION,34.41536391954433,-117.35578331247314,1.1453025078693505e-06,True
994,66,Substation,' ',33.99775834,-117.592678,Archibald,sce,SUBSTATION,33.99775833721838,-117.59267799225032,7.78502777591097e-07,True
995,66,Substation,' ',34.12100557,-117.5841222,Archline,sce,SUBSTATION,34.12100556570418,-117.58412216810132,2.9749754449721153e-06,True
996,66,Substation,' ',34.14225412,-117.2901281,Arro,sce,SUBSTATION,34.14225411537563,-117.2901281105142,1.0957657001938454e-06,True
997,66,Substation,' ',34.049227,-117.400217,Bloomington,sce,SUBSTATION,34.04922699757047,-117.40021701279152,1.2090678443760337e-06,True
998,115,Substation,' ',34.09303476,-117.3171676,Calectric,sce,SUBSTATION,34.09303475651907,-117.3171676061716,6.875924301204977e-07,True
999,66,Substation,' ',34.08959165,-117.2610465,Capsule,sce,SUBSTATION,34.08959164765226,-117.26104645630583,4.032144617782012e-06,True
1000,66,Substation,' ',34.102305,-117.277863,Cardiff,sce,SUBSTATION,34.102304995968986,-117.27786301427102,1.3883312467577118e-06,True
1001,66,Substation,' ',33.98971965,-117.6886239,Cimgen,sce,SUBSTATION,33.989719648375335,-117.68862394613416,4.257217762302393e-06,True
1002,66,Substation,' ',34.08426138,-117.5927555,Cucamonga,sce,SUBSTATION,34.08426137644503,-117.59275545116256,4.514935677519413e-06,True
1003,66,Substation,' ',34.07789452,-117.4880782,Declez,sce,SUBSTATION,34.07789451717264,-117.48807816833568,2.93318695230922e-06,True
1004,66,Substation,' ',34.149932,-117.251707,Del Rosa,sce,SUBSTATION,34.149932003938034,-117.25170698497227,1.4505497386397508e-06,True
1005,115,Substation,' ',34.20602784,-117.3351194,Devil Canyon,sce,SUBSTATION,34.20602784209941,-117.33511935989245,3.6956948522288365e-06,True
1006,66,Substation,' ',34.04181302,-117.623414,Firehouse,sce,SUBSTATION,34.041813015091805,-117.62341400347871,6.329287002306327e-07,True
1007,66,Substation,' ',34.04205824,-117.7230212,Francis,sce,SUBSTATION,34.042058244325474,-117.72302118855244,1.1592548529506208e-06,True
1008,66,Substation,' ',34.08378134,-117.4926085,Furnace,sce,SUBSTATION,34.083781339515774,-117.49260853161982,2.912483962455128e-06,True
1009,66,Substation,' ',34.079955,-117.493451,Galvanizing,sce,SUBSTATION,34.07995499956003,-117.49345100111276,1.1356113486857641e-07,True
1010,66,Substation,' ',34.09135901,-117.566609,Genamic,sce,SUBSTATION,34.09135900559924,-117.56660900172952,5.146079422812497e-07,True
1011,66,Substation,' ',34.35461599,-114.2612991,Havasu,sce,SUBSTATION,34.354615994669736,-114.26129912244272,2.124628765417413e-06,True
1012,115,Substation,' ',34.41278889,-117.2898222,Hesperia,sce,SUBSTATION,34.41278889299464,-117.289822222892,2.126218832897882e-06,True
1013,115,Substation,' ',34.13644282,-116.1806786,Hi Desert,sce,SUBSTATION,34.13644281606473,-116.18067856774792,3.0004455029420618e-06,True
1014,66,Substation,' ',34.10791101,-117.186797,Highland,sce,SUBSTATION,34.10791100496467,-117.18679699550027,6.965037771634388e-07,True
1015,66,Substation,' ',34.06297519,-117.5290494,Hygen,sce,SUBSTATION,34.0629751934807,-117.52904937779336,2.0818894498614567e-06,True
1016,66,Substation,' ',34.04389897,-117.5413393,Inland,sce,SUBSTATION,34.04389896858,-117.54133929212736,7.423507073422168e-07,True
1017,66,Substation,' ',34.47871451,-114.4169599,Landing,sce,SUBSTATION,34.47871451163332,-114.41695987283735,2.4963991186435997e-06,True
1018,66,Substation,' ',34.06666802,-117.5215658,Linde,sce,SUBSTATION,34.06666801591899,-117.52156579664997,5.487664838109358e-07,True
1019,115,Substation,' ',35.76518459,-117.3864132,Mcgen,sce,SUBSTATION,35.76518459141151,-117.38641316084497,3.5362757634172423e-06,True
1020,115,Substation,' ',34.0633109,-117.1207692,Mentone,sce,SUBSTATION,34.06331089982828,-117.1207692481032,4.431115224122583e-06,True
1021,66,Substation,' ',34.04688623,-117.6749861,Narod,sce,SUBSTATION,34.046886228099424,-117.6749861100015,9.453999846319266e-07,True
1022,66,Substation,' ',34.05626401,-117.6435967,Orange Products,sce,SUBSTATION,34.05626401354456,-117.64359671001436,1.0032237894910703e-06,True
1023,115,Substation,' ',34.10192228,-117.3535111,Pepper,sce,SUBSTATION,34.10192227903623,-117.35351109736769,2.650043146059868e-07,True
1024,66,Substation,' ',33.996246,-117.733345,Peyton,sce,SUBSTATION,33.996246002754205,-117.73334499198704,7.996734559897102e-07,True
1025,115,Substation,' ',34.42411111,-117.555725,Phelan,sce,SUBSTATION,34.424111107642354,-117.5557250156674,1.460763061523708e-06,True
1026,66,Substation,' ',34.09293314,-117.5313242,Pipe,sce,SUBSTATION,34.092933135381465,-117.53132419488983,6.965420208223824e-07,True
1027,230,Substation,' ',34.78158159,-116.3847321,Pisgah,sce,SUBSTATION,34.78158158631442,-116.3847320972097,4.825872882046415e-07,True
1028,66,Substation,' ',34.11371501,-117.45412,Randall,sce,SUBSTATION,34.11371500885539,-117.45411998117956,1.7372999889514999e-06,True
1029,66,Substation,' ',34.10092769,-117.5305121,Reduction,sce,SUBSTATION,34.100927691641424,-117.53051208729626,1.183852896302433e-06,True
1030,115,Substation,' ',34.57613889,-117.4131611,Roadway,sce,SUBSTATION,34.57613888838123,-117.413161111846,1.0993933263961733e-06,True
1031,66,Substation,' ',34.0829,-117.506054,Rolling,sce,SUBSTATION,34.082899996301315,-117.50605401428,1.3779196954688628e-06,True
1032,66,Substation,' ',34.09297352,-117.6975826,San Antonio,sce,SUBSTATION,34.092973516919,-117.69758255282784,4.357278059562938e-06,True
1033,115,Substation,' ',34.47410279,-117.2943238,Savage,sce,SUBSTATION,34.47410279338222,-117.29432383266573,3.0178974707669446e-06,True
1034,115,Substation,' ',34.16998056,-117.3302444,Shandin,sce,SUBSTATION,34.169980558879146,-117.33024443757807,3.459424914554161e-06,True
1035,66,Substation,' ',33.96403334,-117.6953973,Soquel,sce,SUBSTATION,33.964033341743104,-117.69539724964706,4.647781892081448e-06,True
1036,66,Substation,' ',34.10043039,-117.2927014,Stoddard,sce,SUBSTATION,34.10043038954096,-117.2927013827737,1.586942894642615e-06,True
1037,66,Substation,' ',34.07700769,-117.5007479,Strip,sce,SUBSTATION,34.077007686622665,-117.50074785887708,3.8060395217163813e-06,True
1038,115,Substation,' ',34.02718056,-117.1112667,Tennessee,sce,SUBSTATION,34.02718056046632,-117.11126667819612,2.0100105937449032e-06,True
1039,66,Substation,' ',34.86323332,-117.0309806,Tortilla,sce,SUBSTATION,34.863233318020484,-117.0309805572867,3.903269397174925e-06,True
1040,66,Substation,' ',34.093625,-117.650043,Upland,sce,SUBSTATION,34.09362499909719,-117.6500429920766,7.364845914757143e-07,True
1041,66,Substation,' ',34.04854595,-117.5249344,Wimbledon,sce,SUBSTATION,34.04854595059848,-117.52493437814364,2.0147711534252927e-06,True
1042,115,Substation,' ',34.07434697,-117.047645,Zanja,sce,SUBSTATION,34.07434696918813,-117.04764498184056,1.6749918678052409e-06,True
1043,115,Substation,' ',33.10049167,-116.1153639,San Felipe,iid,SUBSTATION,33.1004916740578,-116.11536389633812,5.656316452163141e-07,True
1044,66,Substation,' ',32.82773264,-116.7898943,Alpine,sdge,SUBSTATION,32.8277326448652,-116.78989426474809,3.3379842305072442e-06,True
1045,66,Substation,' ',33.13668611,-117.0703361,Ash,sdge,SUBSTATION,33.13668611423466,-117.0703361148394,1.4597446211954511e-06,True
1046,66,Substation,' ',33.38465278,-117.2368917,Avocado,sdge,SUBSTATION,33.384652783555254,-117.23689168168464,1.745875309967178e-06,True
1047,66,Substation,' ',32.65348001,-116.679885,Barrett Lake,sdge,SUBSTATION,32.65348000911325,-116.6798850103664,9.755051347197334e-07,True
1048,230,Substation,' ',33.10114166,-117.2504194,Batiquitos,sdge,SUBSTATION,33.10114166474143,-117.25041944096992,3.852547244860738e-06,True
1049,66,Substation,' ',33.02151944,-117.0963,Bernardo,sdge,SUBSTATION,33.021519442554414,-117.09630000706744,7.175331868205806e-07,True
1050,66,Substation,' ',32.56260275,-116.9431646,Border,sdge,SUBSTATION,32.56260275175198,-116.9431646234658,2.2077216156077273e-06,True
1051,66,Substation,' ',33.27086111,-116.3482139,Borrego,sdge,SUBSTATION,33.2708611120085,-116.34821386814028,2.9703604905669844e-06,True
1052,66,Substation,' ',33.00599188,-116.5862104,Boulder Creek,sdge,SUBSTATION,33.00599188373753,-116.58621040755742,8.181435366900704e-07,True
1053,66,Substation,' ',32.66173953,-116.2732725,Boulevard,sdge,SUBSTATION,32.661739529548115,-116.2732725289124,2.7070100198033736e-06,True
1054,66,Substation,' ',32.70748299,-117.245054,Cabrillo,sdge,SUBSTATION,32.7074829862412,-117.24505397835118,2.068219338709521e-06,True
1055,66,Substation,' ',32.65325187,-116.488157,Cameron,sdge,SUBSTATION,32.65325187433884,-116.4881569523764,4.484581644402329e-06,True
1056,115,Substation,' ',33.13739001,-117.332713,Cannon,sdge,SUBSTATION,33.1373900080471,-117.33271301587769,1.4942411814017238e-06,True
1057,115,Substation,' ',32.85492699,-117.0120254,Carlton Hills,sdge,SUBSTATION,32.85492698992838,-117.0120253901718,9.180758485187771e-07,True
1058,115,Substation,' ',32.95836111,-117.1088083,Chicarita,sdge,SUBSTATION,32.958361111243555,-117.10880833314135,3.095175355910187e-06,True
1059,66,Substation,' ',32.74376949,-117.0467861,Chollas,sdge,SUBSTATION,32.74376948691777,-117.04678614426518,4.154099069488753e-06,True
1060,66,Substation,' ',32.8259013,-117.1839957,Clairemont,sdge,SUBSTATION,32.82590129654676,-117.18399566712438,3.0957865852609463e-06,True
1061,115,Substation,' ',33.01815277,-116.8529417,Creelman,sdge,SUBSTATION,33.018152772563155,-116.85294167200776,2.6254204656558884e-06,True
1062,66,Substation,' ',32.98069444,-117.2553722,Del Mar,sdge,SUBSTATION,32.98069444484518,-117.25537221760374,1.7281384479730662e-06,True
1063,66,Substation,' ',32.86525136,-116.6337687,Descanso,sdge,SUBSTATION,32.86525136270584,-116.63376871688328,1.6053156372828861e-06,True
1064,66,Substation,' ',32.681563,-117.120109,Division,sdge,SUBSTATION,32.681563003569295,-117.12010900755163,8.105798621878246e-07,True
1065,66,Substation,' ',32.90154502,-117.22992,Dunhill,sdge,SUBSTATION,32.90154501906031,-117.22992000622062,5.900819063507864e-07,True
1066,66,Substation,' ',33.05067224,-117.2853194,Encinitas,sdge,SUBSTATION,33.05067223877669,-117.28531944924713,4.591961096520977e-06,True
1067,66,Substation,' ',33.11580789,-117.0890752,Esco,sdge,SUBSTATION,33.11580789493501,-117.08907519224232,9.072642887092257e-07,True
1068,230,Substation,' ',32.77171299,-117.164406,Fashion Valley,sdge,,32.7717129881126,-117.164405978378,2.0324448622830273e-06,True
1069,66,Substation,' ',33.0932544,-117.0736853,Felicita,sdge,SUBSTATION,33.093254400212395,-117.07368526739089,3.03786561025223e-06,True
1070,66,Substation,' ',32.89497223,-117.1563222,Fenton,sdge,SUBSTATION,32.89497222896113,-117.15632220957356,9.012868585044391e-07,True
1071,66,Substation,' ',32.65520139,-117.1153578,Fuel Oil Terminal,sdge,SUBSTATION,32.655201392700924,-117.11535778012605,1.884657354808732e-06,True
1072,66,Substation,' ',32.82811905,-117.136126,General Dynamics,sdge,SUBSTATION,32.82811905463065,-117.13612601537471,1.5260589647147142e-06,True
1073,66,Substation,' ',32.87960999,-117.21362,Genesee,sdge,SUBSTATION,32.87960998752614,-117.21362001492032,1.420198049727394e-06,True
1074,66,Substation,' ',32.79833889,-116.4983278,Glencliff,sdge,SUBSTATION,32.79833889450978,-116.49832778936975,1.112964995942774e-06,True
1075,66,Substation,' ',32.80440834,-116.9208861,Granite Hills,sdge,SUBSTATION,32.80440833527524,-116.92088610907162,9.974312840861983e-07,True
1076,66,Substation,' ',33.37825236,-117.457539,Horno,sdge,SUBSTATION,33.378252360162186,-117.4575389835044,1.531790141343728e-06,True
1077,66,Substation,' ',32.58336664,-117.0972389,Imperial Beach,sdge,SUBSTATION,32.583366642463176,-117.09723891482776,1.4160119149381717e-06,True
1078,66,Substation,' ',32.74416116,-116.9573083,Jamacha,sdge,SUBSTATION,32.744161157821985,-116.95730832765696,2.5979435035915573e-06,True
1079,66,Substation,' ',33.37430389,-117.5547883,Japanese Mesa,sdge,SUBSTATION,33.37430388593775,-117.55478830798874,8.685229425949702e-07,True
1080,66,Substation,' ',32.83287778,-117.1319611,Kearny,sdge,SUBSTATION,32.83287778257747,-117.13196111375102,1.3163655969712517e-06,True
1081,66,Substation,' ',32.73318101,-117.173771,Kettner,sdge,SUBSTATION,32.733181011754915,-117.17377098510627,1.4067158315152702e-06,True
1082,66,Substation,' ',32.84011391,-117.2752889,La Jolla,sdge,SUBSTATION,32.84011390875879,-117.27528890091868,1.625260377056459e-07,True
1083,66,Substation,' ',33.31285,-117.4669222,Las Pulgas,sdge,SUBSTATION,33.31285000314811,-117.46692222705944,2.538717364253513e-06,True
1084,66,Substation,' ',33.25324444,-117.0858528,Lilac,sdge,SUBSTATION,33.253244444019074,-117.08585277570413,2.3029856105187343e-06,True
1085,66,Substation,' ',33.2065,-117.2529028,Melrose,sdge,SUBSTATION,33.20650000341185,-117.252902778841,2.004792791041118e-06,True
1086,66,Substation,' ',32.82961391,-117.1572528,Mesa Heights,sdge,SUBSTATION,32.82961390619752,-117.15725276975822,2.857117762183072e-06,True
1087,230,Substation,' ',32.90491833,-117.1731498,Mesa Rim,sdge,SUBSTATION,32.904918334064234,-117.17314975439812,4.281141324531226e-06,True
1088,66,Substation,' ',32.89420147,-117.1355055,Miramar,sdge,SUBSTATION,32.89420146730078,-117.1355055461297,4.317465641398254e-06,True
1089,66,Substation,' ',33.32911388,-117.2352528,Monserate,sdge,SUBSTATION,33.32911387498234,-117.2352527739218,2.4862449702731117e-06,True
1090,66,Substation,' ',32.63166669,-117.0996723,Montgomery,sdge,SUBSTATION,32.6316666875281,-117.09967226881224,2.9334303522793436e-06,True
1091,66,Substation,' ',33.25221389,-117.3003,Morro Hill,sdge,SUBSTATION,33.25221388671848,-117.30030000314208,4.6745211380259755e-07,True
1092,66,Substation,' ',32.79085555,-117.02305,Murray,sdge,SUBSTATION,32.79085554891451,-117.0230500012111,1.654852124588709e-07,True
1093,66,Substation,' ',32.67309101,-117.107385,National City,sdge,SUBSTATION,32.67309100686177,-117.10738500560116,6.297854954728488e-07,True
1094,66,Substation,' ',33.19678962,-117.3818318,Oceanside,sdge,SUBSTATION,33.19678961596885,-117.38183179056512,9.85704368794533e-07,True
1095,66,Substation,' ',32.59534999,-117.057828,Otay,sdge,SUBSTATION,32.59534998706765,-117.05782799852634,3.540852594432764e-07,True
1096,66,Substation,' ',32.59710005,-116.9276917,Otay Lake,sdge,SUBSTATION,32.59710004987526,-116.92769165817788,3.917897035096264e-06,True
1097,66,Substation,' ',32.799202,-117.2402,Pacific Beach,sdge,SUBSTATION,32.799201999328936,-117.2401999948053,4.912374580086663e-07,True
1098,66,Substation,' ',33.35572399,-117.1122384,Pala,sdge,SUBSTATION,33.35572398807259,-117.11223843621347,3.3702598508615257e-06,True
1099,66,Substation,' ',32.70448899,-117.049995,Paradise,sdge,SUBSTATION,32.70448899050115,-117.04999499087356,8.55749760666677e-07,True
1100,66,Substation,' ',33.30916945,-117.3350361,Pendleton,sdge,SUBSTATION,33.3091694541707,-117.33503611090754,1.1146691042926654e-06,True
1101,66,Substation,' ',32.74148888,-117.2334,Point Loma,sdge,SUBSTATION,32.74148888108397,-117.23339997947583,1.923369239913231e-06,True
1102,66,Substation,' ',32.97875278,-117.0312833,Poway,sdge,SUBSTATION,32.97875278162103,-117.03128333630364,3.3911379984681877e-06,True
1103,230,Substation,' ',32.66511502,-116.986682,Proctor Valley,sdge,SUBSTATION,32.66511501833525,-116.9866819888588,1.0592098806491207e-06,True
1104,66,Substation,' ',32.993825,-117.0779056,Rancho Carmel,sdge,SUBSTATION,32.99382500146592,-117.0779055533293,4.355674050988248e-06,True
1105,66,Substation,' ',33.01432222,-117.1985694,Rancho Santa Fe,sdge,SUBSTATION,33.01432222144143,-117.19856944340384,4.050181971396081e-06,True
1106,66,Substation,' ',33.28585277,-116.9586528,Rincon,sdge,SUBSTATION,33.28585277478773,-116.95865278109392,1.8362371815983845e-06,True
1107,66,Substation,' ',32.84455,-117.2370528,Rose Canyon,sdge,SUBSTATION,32.84454999544128,-117.23705279138883,9.508437098172224e-07,True
1108,66,Substation,' ',32.69439301,-117.142389,Sampson,sdge,SUBSTATION,32.69439301295036,-117.14238901596512,1.5295754455534936e-06,True
1109,66,Substation,' ',33.12880001,-117.1972333,San Marcos,sdge,SUBSTATION,33.128800007420104,-117.19723332903531,2.7189306705273403e-06,True
1110,66,Substation,' ',32.56217,-117.026761,San Ysidro,sdge,SUBSTATION,32.56217000207851,-117.02676102050113,1.935135661718242e-06,True
1111,66,Substation,' ',33.11050944,-116.6710459,Santa Ysabel,sdge,SUBSTATION,33.1105094441661,-116.67104587276856,2.578264425211325e-06,True
1112,66,Substation,' ',32.85443801,-116.968369,Santee,sdge,SUBSTATION,32.85443800932987,-116.9683690172454,1.6126062005384072e-06,True
1113,66,Substation,' ',32.67037102,-117.114654,Scrap Disposal Corp.,sdge,,32.67037101804,-117.1146539826949,1.634400889483766e-06,True
1114,66,Substation,' ',32.91098058,-117.1125945,Scripps,sdge,SUBSTATION,32.91098057774938,-117.11259445972686,3.767814488474098e-06,True
1115,66,Substation,' ',32.73897899,-117.002741,Spring Valley,sdge,SUBSTATION,32.738978993333944,-117.0027409998221,3.7109118881910976e-07,True
1116,66,Substation,' ',32.71415112,-117.1695014,Station B,sdge,SUBSTATION,32.71415112435967,-117.16950142258936,2.168277318975321e-06,True
1117,66,Substation,' ',32.75496001,-117.12596,Station F,sdge,SUBSTATION,32.75496001273112,-117.12595998481456,1.4521620655758458e-06,True
1118,66,Substation,' ',32.745658,-117.078598,Streamview,sdge,SUBSTATION,32.74565799569511,-117.07859801908296,1.8477919749763497e-06,True
1119,66,Substation,' ',33.25671667,-117.416575,Stuart,sdge,SUBSTATION,33.256716665713604,-117.41657500124953,4.905828314390074e-07,True
1120,66,Substation,' ',32.65802001,-117.030314,Sunnyside,sdge,SUBSTATION,32.658020010311176,-117.03031401811224,1.6959411044520578e-06,True
1121,66,Substation,' ',32.65832702,-117.091735,Sweetwater,sdge,SUBSTATION,32.65832701793388,-117.09173501319064,1.25603549230504e-06,True
1122,66,Substation,' ',32.89869101,-117.240009,Torrey Pines,sdge,SUBSTATION,32.89869101173953,-117.24000899233864,7.409769642243987e-07,True
1123,66,Substation,' ',32.7132472,-117.1514583,Urban,sdge,SUBSTATION,32.713247195613846,-117.15145833389684,3.208600014701293e-06,True
1124,66,Substation,' ',32.730044,-117.110966,Wabash,sdge,SUBSTATION,32.730044002441986,-117.11096601432388,1.367098216432517e-06,True
1125,66,Substation,' ',33.24728884,-116.6759305,Warner,sdge,SUBSTATION,33.24728884145393,-116.67593051694566,1.584110733553022e-06,True
1126,66,Substation,' ',33.01541111,-117.0023194,Warren Canyon,sdge,SUBSTATION,33.01541111409764,-117.00231944679572,4.38694185721934e-06,True
1127,115,Substation,' ',37.69167955,-122.4559379,Daly City,pge,SUBSTATION,37.6916795472424,-122.45593791212416,1.1099978854459616e-06,True
1128,230,Substation,' ',37.78753484,-122.3934471,Embarcadero,pge,SUBSTATION,37.78753484078519,-122.3934471224645,1.9760202603334494e-06,True
1129,115,Substation,' ',37.78365957,-122.4170094,Larkin,pge,SUBSTATION,37.78365956601328,-122.41700936897736,2.7620945492894864e-06,True
1130,115,Substation,' ',37.77735298,-122.4138229,Mission,pge,SUBSTATION,37.77735297807763,-122.41382288375962,1.443253705903825e-06,True
1131,115,Substation,' ',37.65340549,-121.5268002,AEC 300,other,SUBSTATION,37.65340549325187,-121.52680022159603,1.9352943722450753e-06,True
1132,66,Substation,' ',37.70515812,-121.3193468,Banta Carbona,other,SUBSTATION,37.70515812062092,-121.31934682048704,1.8036477952950745e-06,True
1133,115,Substation,' ',37.72176524,-121.5487876,Ellis,other,SUBSTATION,37.72176524424084,-121.54878761179096,1.1392411980005035e-06,True
1134,66,Substation,' ',37.80950607,-121.2831109,Louise,other,,37.80950606521119,-121.28311090202124,5.613164662894352e-07,True
1135,115,Substation,' ',37.7407682,-121.4122755,Heinz,other,SUBSTATION,37.74076819738555,-121.41227545543066,3.929822850354561e-06,True
1136,115,Substation,' ',37.84226199,-121.054125,Avena,pge,SUBSTATION,37.84226199204446,-121.0541250136846,1.2229728043823926e-06,True
1137,115,Substation,' ',37.752922,-121.350604,Banta,pge,SUBSTATION,37.75292199551821,-121.35060399104756,9.315799860026775e-07,True
1138,66,Substation,' ',37.74748343,-121.326734,Calvo,pge,SUBSTATION,37.74748343400993,-121.32673399046512,9.495406415693791e-07,True
1139,115,Substation,' ',37.69223945,-121.4166814,Carbona,pge,SUBSTATION,37.692239454930416,-121.41668141790986,1.668515882551408e-06,True
1140,66,Substation,' ',37.955259,-121.332594,Channel,pge,SUBSTATION,37.95525900058912,-121.33259399642591,3.201378784001274e-07,True
1141,66,Substation,' ',38.00551199,-121.238009,Cherokee,pge,SUBSTATION,38.00551198513393,-121.23800900755306,8.548159986686898e-07,True
1142,66,Substation,' ',38.19022444,-121.1818846,Colony,pge,SUBSTATION,38.1902244358813,-121.1818846468171,4.1171336440185394e-06,True
1143,66,Substation,' ',37.97921029,-121.316392,Country Club,pge,SUBSTATION,37.97921028718587,-121.31639202851346,2.518651938221192e-06,True
1144,66,Substation,' ',37.96293399,-121.261635,East Stockton,pge,SUBSTATION,37.96293398993085,-121.26163502109512,1.8493631068088983e-06,True
1145,66,Substation,' ',37.88208899,-121.290364,French Camp,pge,SUBSTATION,37.88208898737167,-121.29036398565094,1.2927917137998916e-06,True
1146,66,Substation,' ',37.83082516,-121.2636809,Gronemeyer,other,SUBSTATION,37.830825164772726,-121.2636809400545,3.557575531038694e-06,True
1147,66,Substation,' ',38.02160701,-121.320379,Hammer,pge,SUBSTATION,38.02160701470673,-121.3203790103872,1.0496682375041722e-06,True
1148,66,Substation,' ',37.96372899,-121.290389,Harding,pge,SUBSTATION,37.96372898729796,-121.29038899788084,3.5325053893567093e-07,True
1149,115,Substation,' ',37.74881851,-121.4160218,Tracy,pge,SUBSTATION,37.74881850754059,-121.41602183613314,3.188649132857535e-06,True
1150,115,Substation,' ',37.74589043,-121.3411874,Kasson,pge,SUBSTATION,37.745890432836354,-121.34118738096768,1.702887586124223e-06,True
1151,66,Substation,' ',37.938572,-121.329094,Learner,pge,,37.93857199698007,-121.32909398034434,1.7561289949254283e-06,True
1152,66,Substation,' ',37.75580975,-121.1465203,Ripon,pge,SUBSTATION,37.75580975020523,-121.14652034365436,3.8378847756854365e-06,True
1153,66,Substation,' ',38.01698501,-121.095863,Linden,pge,SUBSTATION,38.01698500755364,-121.09586298042954,1.7358677422062992e-06,True
1154,115,Substation,' ',37.72172801,-121.391948,TRACY DEFENSE DEPOT,pge,SUBSTATION,37.72172800700287,-121.39194800812216,7.882915250267372e-07,True
1155,66,Substation,' ',37.99144843,-121.4788758,Mc Donald,pge,SUBSTATION,37.99144842676079,-121.47887583957504,3.486735043926998e-06,True
1156,66,Substation,' ',38.07792237,-121.2869017,Mettler,pge,SUBSTATION,38.077922370760064,-121.28690168406489,1.3973524866991552e-06,True
1157,66,Substation,' ',37.96937502,-121.280239,Monarch,pge,SUBSTATION,37.96937501643341,-121.2802389849553,1.3771474024545263e-06,True
1158,66,Substation,' ',37.96883799,-121.185983,Mormon,pge,SUBSTATION,37.96883799029348,-121.18598299624314,3.3093810252101803e-07,True
1159,66,Substation,' ',38.02187,-121.280979,Mosher,pge,SUBSTATION,38.021869998315466,-121.28097901653813,1.4607434126434005e-06,True
1160,66,Substation,' ',37.94631912,-121.3285144,National,other,SUBSTATION,37.94631911882505,-121.32851443154452,2.7691241898011664e-06,True
1161,66,Substation,' ',37.98051101,-121.298545,Oak Park,pge,SUBSTATION,37.98051100923031,-121.29854501283836,1.1284809160889324e-06,True
1162,115,Substation,' ',37.71339419,-121.487862,Owens Illinois,other,SUBSTATION,37.71339419340456,-121.4878620058576,6.393774485726872e-07,True
1163,66,Substation,' ',37.94339396,-121.3298474,Robertson,pge,SUBSTATION,37.94339395521123,-121.3298474259229,2.3347225461598365e-06,True
1164,66,Substation,' ',37.80650699,-121.290899,S.J. Power,pge,,37.80650699209757,-121.29089900214474,2.9983866970624724e-07,True
1165,66,Substation,' ',37.90818416,-121.271139,Cargill,other,SUBSTATION,37.90818415828461,-121.27113896259584,3.2870953962655106e-06,True
1166,66,Substation,' ',37.97851302,-121.27781,Sumiden Wire,other,SUBSTATION,37.97851301641856,-121.27780999245851,7.716951293883293e-07,True
1167,66,Substation,' ',38.11646156,-121.4221819,Terminous,pge,SUBSTATION,38.11646156281604,-121.422181919905,1.7692882547066107e-06,True
1168,115,Substation,' ',37.85642659,-120.9444262,Valley Home,pge,SUBSTATION,37.85642658658715,-120.9444261734473,2.3618559217949505e-06,True
1169,66,Substation,' ',38.14550601,-121.177581,Victor,pge,SUBSTATION,38.14550601166566,-121.17758098211316,1.5751065503724063e-06,True
1170,66,Substation,' ',38.05163078,-121.2098926,Waterloo,pge,SUBSTATION,38.05163078327458,-121.20989255434432,4.0142094108608215e-06,True
1171,66,Substation,' ',37.99020651,-121.2836808,West Lane,pge,SUBSTATION,37.990206511065786,-121.28368075254568,4.160322765781678e-06,True
1172,66,Substation,' ',35.46547218,-120.6714417,Atascadero,pge,SUBSTATION,35.465472178074315,-120.6714416884647,1.0664072514082409e-06,True
1173,66,Substation,' ',35.36124621,-120.8114339,Baywood,pge,SUBSTATION,35.36124621126173,-120.81143387275726,2.474394988810139e-06,True
1174,115,Substation,' ',35.04694437,-120.5861056,Callendar,pge,SUBSTATION,35.04694436661621,-120.58610556426706,3.274575462091582e-06,True
1175,66,Substation,' ',35.60042605,-121.1153792,Cambria,pge,SUBSTATION,35.60042605491833,-121.11537922011534,1.8991199521633811e-06,True
1176,115,Substation,' ',35.38068154,-120.0401942,Carrizo Plains,pge,SUBSTATION,35.38068153866974,-120.04019423974916,3.6066837857665352e-06,True
1177,66,Substation,' ',35.4487033,-120.8703597,Cayucos,pge,SUBSTATION,35.448703299598,-120.87035972373032,2.1500353436033832e-06,True
1178,66,Substation,' ',35.68655,-120.3362306,Cholame,other,SUBSTATION,35.686549999485045,-120.33623055531903,4.03575637847038e-06,True
1179,115,Substation,' ',35.28670653,-120.7059138,Foothill,pge,SUBSTATION,35.28670653090418,-120.70591377619728,2.1627975826701947e-06,True
1180,66,Substation,' ',35.32017501,-120.6931445,Goldtree,pge,SUBSTATION,35.32017501326539,-120.69314451285074,1.2211482608390958e-06,True
1181,66,Substation,' ',35.30408758,-120.6579827,Cal Poly,other,SUBSTATION,35.30408757640828,-120.65798268452164,1.460272014939683e-06,True
1182,115,Substation,' ',35.10171139,-120.5809911,Oceano,pge,SUBSTATION,35.10171139194951,-120.58099108951156,9.784722307132141e-07,True
1183,66,Substation,' ',35.61563887,-120.6794917,Paso Robles,pge,SUBSTATION,35.615638873572074,-120.67949166031464,3.609280351101057e-06,True
1184,66,Substation,' ',35.57091817,-121.0553711,Perry,pge,SUBSTATION,35.57091817059289,-121.05537112809648,2.5420540645574277e-06,True
1185,66,Substation,' ',38.12992772,-121.2515619,Industrial,pge,SUBSTATION,38.12992771852424,-121.25156189484872,4.795200636578048e-07,True
1186,115,Substation,' ',35.04087227,-120.5908509,Union Oil,other,SUBSTATION,35.04087227343983,-120.590850910914,1.0646877223699299e-06,True
1187,66,Substation,' ',37.48034045,-122.1677091,Tyco Electronics,other,SUBSTATION,37.48034044879336,-122.16770912828107,2.499127474485792e-06,True
1188,66,Substation,' ',37.42741667,-122.1752194,Stanford,other,SUBSTATION,37.42741666786324,-122.1752194441223,3.903350233039939e-06,True
1189,115,Substation,' ',37.6262453,-122.4035241,San Francisco Airport,pge,SUBSTATION,37.62624530359648,-122.40352407709956,2.056052518198481e-06,True
1190,115,Substation,' ',37.49770281,-122.2140334,Bair,pge,SUBSTATION,37.49770280657784,-122.2140333653122,3.0837129989990844e-06,True
1191,66,Substation,' ',37.47765834,-122.1685056,Belle Haven,pge,SUBSTATION,37.47765834121956,-122.1685055498896,4.42398393157938e-06,True
1192,66,Substation,' ',37.56489266,-122.319312,Beresford,pge,SUBSTATION,37.56489265618386,-122.31931200422642,5.646499935084284e-07,True
1193,115,Substation,' ',37.58992414,-122.363374,Burlingame,pge,SUBSTATION,37.58992414455095,-122.36337404834336,4.289512720432822e-06,True
1194,66,Substation,' ',37.43002883,-122.1759994,Cardinal,other,,37.43002882729562,-122.17599941632191,1.4722548892871512e-06,True
1195,66,Substation,' ',37.55280499,-122.376312,Carolands,pge,SUBSTATION,37.55280499465498,-122.37631200928465,9.684186016589763e-07,True
1196,66,Substation,' ',37.52998867,-122.3617254,Crystal Springs,pge,SUBSTATION,37.52998866796908,-122.3617254110697,1.0019242857172927e-06,True
1197,115,Substation,' ',37.65381238,-122.4031653,East Grand,pge,SUBSTATION,37.65381238392636,-122.40316525507636,3.978871952088335e-06,True
1198,66,Substation,' ',37.45715557,-122.1869222,Glenwood,pge,SUBSTATION,37.457155571098994,-122.18692221960626,1.7349041536105643e-06,True
1199,66,Substation,' ',37.46884722,-122.4301222,Half Moon Bay & CM&O Yard ,pge,SUBSTATION,37.46884721555426,-122.43012216506732,3.1223200710246595e-06,True
1200,66,Substation,' ',37.46284168,-122.2279056,Las Pulgas,pge,SUBSTATION,37.46284167816763,-122.22790555904724,3.620258102591888e-06,True
1201,66,Substation,' ',37.43280833,-122.2027583,Menlo,pge,SUBSTATION,37.43280833182845,-122.2027583179545,1.5982991058121808e-06,True
1202,115,Substation,' ',37.60593813,-122.3918934,Millbrae,pge,SUBSTATION,37.60593812655228,-122.39189344273694,3.7842343744727173e-06,True
1203,66,Substation,' ',37.59480099,-122.488816,Pacifica,pge,SUBSTATION,37.59480099325919,-122.48881601975864,1.7781511478519903e-06,True
1204,115,Substation,' ',37.43977501,-122.1153222,Colorado Power Station,other,SUBSTATION,37.43977501122853,-122.11532223546288,3.133924320275485e-06,True
1205,66,Substation,' ',37.51131389,-122.340125,Ralston,pge,SUBSTATION,37.51131388825796,-122.34012499701088,3.271609573506525e-07,True
1206,66,Substation,' ',37.62095693,-122.4251145,San Bruno,pge,SUBSTATION,37.62095692901936,-122.42511447118066,2.5405687121367665e-06,True
1207,115,Substation,' ',37.5114177,-122.2075808,Shredder,pge,SUBSTATION,37.51141770427968,-122.20758081766444,1.6291149779766542e-06,True
1208,66,Substation,' ',37.62203201,-122.446803,Sneath Lane,pge,SUBSTATION,37.62203201200436,-122.44680297920873,1.8446518371207812e-06,True
1209,66,Substation,' ',37.4872972,-122.3112195,Watershed,pge,SUBSTATION,37.48729719596609,-122.3112195445634,3.957415836229113e-06,True
1210,66,Substation,' ',37.43708061,-122.2421944,Woodside,pge,SUBSTATION,37.43708060614827,-122.24219443836604,3.414350425778965e-06,True
1211,115,Substation,' ',34.68480877,-120.6038688,Surf,other,SUBSTATION,34.68480877227951,-120.60386883699708,3.392311542930693e-06,True
1212,115,Substation,' ',34.62477663,-120.1860946,Buellton,pge,SUBSTATION,34.624776631645176,-120.18609463634252,3.3304125193911553e-06,True
1213,115,Substation,' ',34.91052315,-120.4465126,Fairway,pge,SUBSTATION,34.91052314642181,-120.44651258584707,1.3504773097833695e-06,True
1214,115,Substation,' ',34.65639194,-120.4523604,Lompoc,other,SUBSTATION,34.65639193911873,-120.45236038863568,1.0440627978566602e-06,True
1215,115,Substation,' ',34.60365397,-120.4569855,Manville,other,SUBSTATION,34.60365396867382,-120.45698550320084,3.2797631443040325e-07,True
1216,115,Substation,' ',34.82531944,-120.2987944,Palmer,pge,SUBSTATION,34.82531944132415,-120.29879444459286,4.073078695560702e-06,True
1217,115,Substation,' ',34.7008539,-120.4355482,Purisima,pge,SUBSTATION,34.70085389912369,-120.43554815305627,4.292573892460873e-06,True
1218,115,Substation,' ',34.62520111,-120.1193527,Santa Ynez,pge,SUBSTATION,34.625201112592144,-120.11935266826184,2.9183369271784058e-06,True
1219,115,Substation,' ',34.69670375,-120.1514768,Zaca,pge,SUBSTATION,34.6967037474649,-120.15147681827511,1.694358704692003e-06,True
1220,66,Substation,' ',34.40939472,-119.5150032,Carpinteria,sce,SUBSTATION,34.40939471644834,-119.51500321686228,1.596530999393989e-06,True
1221,66,Substation,' ',34.4183926,-119.6857936,Desal,sce,SUBSTATION,34.41839260267133,-119.6857936118628,1.1279684515540848e-06,True
1222,66,Substation,' ',34.43113732,-119.9001029,Ellwood,sce,TAP,34.43113731741229,-119.90010292025316,1.879658326389724e-06,True
1223,66,Substation,' ',34.47602778,-120.1993556,Gaviota,sce,SUBSTATION,34.476027775362134,-120.1993555565836,4.013038531143182e-06,True
1224,66,Substation,' ',34.43302157,-119.8713325,Isla Vista,sce,SUBSTATION,34.433021573240666,-119.87133245159065,4.454327192847706e-06,True
1225,66,Substation,' ',34.41838335,-119.5867362,Ortega,sce,SUBSTATION,34.41838335158604,-119.5867361864632,1.2541685740140357e-06,True
1226,66,Substation,' ',34.42331477,-119.6855987,Santa Barbara,sce,SUBSTATION,34.42331477437763,-119.68559873049526,2.8391519402831225e-06,True
1227,66,Substation,' ',34.44918609,-119.8158694,Vegas,sce,SUBSTATION,34.449186088029535,-119.8158694397222,3.648890567099559e-06,True
1228,115,Substation,' ',37.38564099,-122.009516,Advanced Micro Devices,other,,37.38564098747256,-122.00951599365962,6.267296882577362e-07,True
1229,115,Substation,' ',37.37456219,-122.0163659,Britton,pge,SUBSTATION,37.37456219213301,-122.01636588479026,1.3647741601353414e-06,True
1230,115,Substation,' ',37.15817557,-121.6374928,Coyote Pumping,other,SUBSTATION,37.158175574438,-121.63749284046968,3.6201805557852376e-06,True
1231,115,Substation,' ',37.34735123,-121.9219112,FMC,pge,SUBSTATION,37.34735122617952,-121.92191123495176,3.1186977621807535e-06,True
1232,66,Substation,' ',37.323915,-122.07315,Monta Vista,pge,SUBSTATION,37.32391499798285,-122.07315000092498,2.38744553097844e-07,True
1233,66,Substation,' ',37.31791646,-122.0933215,Permanente,other,,37.3179164559892,-122.0933214794538,1.8708668293470256e-06,True
1234,115,Substation,' ',37.38493422,-122.0129783,Signetics,pge,SUBSTATION,37.38493422024482,-122.01297825893649,3.628173120963887e-06,True
1235,66,Substation,' ',37.38000001,-122.0221528,Westinghouse,other,SUBSTATION,37.38000001062824,-122.02215282388676,2.1117522202151597e-06,True
1236,115,Substation,' ',37.43273601,-121.941956,Wpcp,other,SUBSTATION,37.43273600537013,-121.94195597767845,2.0370368375194915e-06,True
1237,66,Substation,' ',34.45776393,-118.5804806,Lockheed,sce,SUBSTATION,34.45776393104636,-118.5804805669836,3.0293452766661866e-06,True
1238,115,Substation,' ',37.41868054,-122.0393278,Moffet Field,wapa,SUBSTATION,37.41868054219352,-122.03932778549915,1.3036310785901717e-06,True
1239,66,Substation,' ',37.37651363,-121.9509018,Kifer,svp,SUBSTATION,37.37651363218545,-121.95090180162062,2.8206575327681194e-07,True
1240,66,Substation,' ',37.37099749,-121.9762828,Uranium,svp,SUBSTATION,37.370997487155066,-121.97628275293994,4.1706684040521864e-06,True
1241,66,Substation,' ',37.25996122,-121.8898984,Almaden,pge,SUBSTATION,37.25996121985501,-121.8898983887587,9.949844953368146e-07,True
1242,115,Substation,' ',37.41763027,-122.0664166,Ames,pge,SUBSTATION,37.41763026688033,-122.06641663089506,2.750432898215912e-06,True
1243,115,Substation,' ',37.20243127,-121.832955,Calero,other,SUBSTATION,37.20243126710255,-121.83295503901422,3.4703684009539255e-06,True
1244,115,Substation,' ',37.2445636,-121.7950654,Edenvale,pge,SUBSTATION,37.24456359512649,-121.7950653785124,1.977725983718729e-06,True
1245,115,Substation,' ',37.29203239,-121.9357659,El Patio,pge,SUBSTATION,37.29203239473645,-121.9357659123516,1.212953876380642e-06,True
1246,115,Substation,' ',37.33426773,-121.8547515,Lsi Jennings,other,SUBSTATION,37.33426773287363,-121.8547515326572,2.9049251724818255e-06,True
1247,115,Substation,' ',37.00726293,-121.5572443,Llagas,pge,SUBSTATION,37.0072629332842,-121.55724432477602,2.2301074217408957e-06,True
1248,66,Substation,' ',37.39384445,-122.114725,Los Altos,pge,SUBSTATION,37.39384444710306,-122.11472499894712,3.352851473858322e-07,True
1249,66,Substation,' ',37.36105838,-122.0997084,Loyola,pge,SUBSTATION,37.36105837680576,-122.0997083840317,1.4552987323920131e-06,True
1250,115,Substation,' ',37.36081517,-121.8641576,Mabury,pge,SUBSTATION,37.36081517235132,-121.86415760519633,5.284661602340607e-07,True
1251,115,Substation,' ',37.33627225,-121.8781761,Markham,pge,,37.336272248366704,-121.87817612582194,2.290127970372019e-06,True
1252,115,Substation,' ',37.36625341,-121.8433525,Mc Kee,pge,SUBSTATION,37.3662534085359,-121.84335247469508,2.242229447367051e-06,True
1253,115,Substation,' ',37.41538249,-121.8883726,Milpitas,pge,SUBSTATION,37.41538248570829,-121.88837260043444,4.787559508036674e-07,True
1254,115,Substation,' ',37.4033327,-121.9059904,Montague,pge,SUBSTATION,37.403332697501774,-121.90599044132966,3.6612433339792765e-06,True
1255,115,Substation,' ',37.12670056,-121.658903,Morgan Hill,pge,SUBSTATION,37.12670056195035,-121.6589030313354,2.7865247370797174e-06,True
1256,115,Substation,' ',37.38260834,-122.0697194,Mt. View,pge,SUBSTATION,37.38260833645474,-122.06971944286131,3.8074917977646757e-06,True
1257,115,Substation,' ',37.32816531,-121.902405,San Jose Station A,pge,SUBSTATION,37.328165308040944,-121.90240499218696,7.243546424100498e-07,True
1258,115,Substation,' ',37.34096401,-121.901525,San Jose Station B,pge,SUBSTATION,37.34096401468957,-121.9015250001308,5.21584475953832e-07,True
1259,115,Substation,' ',37.33599502,-122.043177,Stelling,pge,SUBSTATION,37.335995015082055,-122.04317701163414,1.1649106082854463e-06,True
1260,115,Substation,' ',37.304004,-121.867716,Stone,pge,SUBSTATION,37.30400399503388,-121.86771598785953,1.207468311770706e-06,True
1261,115,Substation,' ',37.32256802,-121.79696,Swift,pge,SUBSTATION,37.322568019299865,-121.79695998817743,1.048316684433687e-06,True
1262,115,Substation,' ',37.38206205,-121.9272426,Trimble,pge,SUBSTATION,37.38206205330404,-121.92724261163217,1.0914645170836697e-06,True
1263,115,Substation,' ',37.40499722,-122.0685528,Whisman,pge,SUBSTATION,37.40499722340614,-122.06855277641526,2.1173648684467805e-06,True
1264,115,Substation,' ',37.33443633,-122.0206064,Wolfe,pge,SUBSTATION,37.33443633426892,-122.02060640357652,5.703595744776126e-07,True
1265,66,Substation,' ',37.01728123,-122.1996819,Lone Star,other,SUBSTATION,37.01728122829412,-122.1996819299432,2.66523585711861e-06,True
1266,66,Substation,' ',37.13088801,-122.1721447,Big Basin,pge,SUBSTATION,37.130888014806175,-122.17214468956844,1.0680848318072094e-06,True
1267,66,Substation,' ',37.095332,-122.1442873,Burns,pge,SUBSTATION,37.09533199716804,-122.14428727103169,2.5885050892449285e-06,True
1268,115,Substation,' ',37.04188835,-122.0251366,Camp Evers,pge,SUBSTATION,37.04188835011482,-122.02513661190704,1.0568887598979263e-06,True
1269,66,Substation,' ',37.02569744,-122.1548009,Crusher,pge,SUBSTATION,37.025697443617865,-122.1548008548698,4.026542589381493e-06,True
1270,66,Substation,' ',36.93038173,-121.7642402,Erta,pge,SUBSTATION,36.93038172667928,-121.76424019825812,4.0039376858662485e-07,True
1271,66,Substation,' ',37.03106848,-122.1881733,Point Moretti,pge,SUBSTATION,37.03106847758357,-122.18817332080263,1.8660527930642487e-06,True
1272,115,Substation,' ',36.9792271,-121.8672496,Rob Roy,pge,SUBSTATION,36.97922709718958,-121.8672496384155,3.4266701167793484e-06,True
1273,66,Substation,' ',40.90972376,-121.640867,Ultra Power,other,SUBSTATION,40.90972375593398,-121.64086697548116,2.1094552730669005e-06,True
1274,115,Substation,' ',40.61848609,-122.3237135,College View,other,SUBSTATION,40.618486091090766,-122.32371352492522,2.1072777642006015e-06,True
1275,115,Substation,' ',40.57001643,-122.3141935,East Redding,other,SUBSTATION,40.570016429027255,-122.31419350140382,1.6049699118023075e-07,True
1276,115,Substation,' ',40.58390341,-122.4377672,Eureka Way,other,SUBSTATION,40.58390340901938,-122.4377672078032,6.67922957640245e-07,True
1277,115,Substation,' ',40.60184701,-122.3827079,Sulphur Creek,other,SUBSTATION,40.6018470102572,-122.38270791520796,1.284247408902413e-06,True
1278,66,Substation,' ',40.44973412,-122.3050459,Anderson,pge,SUBSTATION,40.44973411757957,-122.3050458968686,3.7768296728284087e-07,True
1279,66,Substation,' ',40.89453713,-122.380722,Antler,pge,SUBSTATION,40.89453712707826,-122.38072195182964,4.061925865135061e-06,True
1280,115,Substation,' ',40.56241874,-122.3953543,Benton,pge,SUBSTATION,40.562418739683416,-122.3953543399731,3.376894443116199e-06,True
1281,66,Substation,' ',40.55535283,-122.2398048,Deschutes,pge,SUBSTATION,40.55535283082838,-122.23980477568264,2.0564783292119507e-06,True
1282,66,Substation,' ',40.68689945,-122.641138,French Gulch,pge,SUBSTATION,40.6868994531246,-122.64113796308338,3.1320392982220767e-06,True
1283,66,Substation,' ',40.51332737,-122.3787745,Girvan,pge,SUBSTATION,40.51332737038144,-122.37877447664933,1.9744388130496922e-06,True
1284,66,Substation,' ',41.051239,-121.408261,Mc Arthur,pge,SUBSTATION,41.05123900244495,-121.40826095781478,3.5478568474188284e-06,True
1285,115,Substation,' ',40.4343679,-122.267923,Panorama,pge,SUBSTATION,40.43436790172827,-122.26792297442684,2.1729235994770288e-06,True
1286,66,Substation,' ',40.92900611,-121.5443868,Rising River,pge,SUBSTATION,40.92900611205241,-121.54438678481873,1.2956395064165974e-06,True
1287,66,Substation,' ',40.67776349,-122.3497752,Stillwater,pge,SUBSTATION,40.67776349188238,-122.34977518071872,1.6393830417835217e-06,True
1288,66,Substation,' ',40.62903386,-121.9158181,Whitmore,pge,SUBSTATION,40.62903385703951,-121.91581806937708,2.605163412007096e-06,True
1289,66,Substation,' ',41.14611102,-122.3196401,Castella,pacificorp,SUBSTATION,41.14611102392029,-122.31964008345702,1.4521744058171006e-06,True
1290,66,Substation,' ',41.17823801,-122.2907352,Nutglade,pacificorp,SUBSTATION,41.17823801328788,-122.2907352113697,1.0193741587105298e-06,True
1291,66,Substation,' ',41.05395082,-122.3818566,Shotgun Creek,pacificorp,SUBSTATION,41.053950824817576,-122.38185660103676,5.426981597237577e-07,True
1292,66,Substation,' ',40.97715517,-122.4563801,Slate Creek,other,SUBSTATION,40.97715517008847,-122.45638012319752,1.9474320644820965e-06,True
1293,115,Substation,'IMPORT',39.52123111,-120.0086799,California,other,SUBSTATION,39.52123110696069,-120.0086799429116,3.696203510235734e-06,True
1294,66,Substation,' ',39.59350924,-120.3811403,Sierraville,other,SUBSTATION,39.59350924280388,-120.38114027558213,2.1153508821697264e-06,True
1295,66,Substation,' ',39.64613762,-120.217918,Sierra Brooks,other,SUBSTATION,39.64613761976396,-120.21791799023669,8.363471627117798e-07,True
1296,66,Substation,' ',39.47039793,-120.1047022,Stampede Dam,other,SUBSTATION,39.470397925834966,-120.10470215929816,3.5242972324324823e-06,True
1297,66,Substation,' ',39.46548156,-120.8448009,Alleghany,pge,SUBSTATION,39.46548155585289,-120.84480093929696,3.4047559662825784e-06,True
1298,66,Substation,' ',41.4320569,-122.3832214,International Paper,pacificorp,SUBSTATION,41.4320568988248,-122.38322139761556,2.378906256920737e-07,True
1299,66,Substation,' ',41.28040267,-122.3283891,Lake Siskiyou,other,SUBSTATION,41.28040266850119,-122.32838908233114,1.4858181100976382e-06,True
1300,66,Substation,' ',41.61676202,-122.3993063,Big Springs,pacificorp,SUBSTATION,41.61676201569528,-122.3993063217494,1.870310606482588e-06,True
1301,66,Substation,' ',41.60541943,-122.8501503,Fort Jones,pacificorp,SUBSTATION,41.60541942822712,-122.850150307247,6.339763656059049e-07,True
1302,66,Substation,' ',41.71130374,-122.6490047,Greenhorn,pacificorp,SUBSTATION,41.71130374480522,-122.64900469344047,7.628682036001358e-07,True
1303,66,Substation,' ',41.78021618,-123.071222,Hamburg,pacificorp,SUBSTATION,41.780216177406125,-123.07122196297904,3.0832520950812683e-06,True
1304,66,Substation,' ',41.80354175,-123.372551,Happy Camp,pacificorp,SUBSTATION,41.80354174914639,-123.37255096895952,2.5746514112965383e-06,True
1305,115,Substation,' ',41.71162517,-122.3601712,Hart,pacificorp,SUBSTATION,41.71162517188242,-122.360171178861,1.7671339337099487e-06,True
1306,66,Substation,' ',41.89799074,-122.5399625,Hornbrook,pacificorp,SUBSTATION,41.89799074323568,-122.539962450731,4.0936535959646255e-06,True
1307,66,Substation,' ',41.70174113,-122.3696599,Little Shasta,pacificorp,SUBSTATION,41.70174113098766,-122.369659890592,7.88736832215327e-07,True
1308,66,Substation,' ',41.2663287,-122.125997,Mccloud,pacificorp,SUBSTATION,41.26632870474356,-122.12599702046847,1.7902198036365745e-06,True
1309,66,Substation,' ',41.72704111,-122.5364216,Montague,pacificorp,SUBSTATION,41.727041109853474,-122.53642161106198,9.181513916881271e-07,True
1310,66,Substation,' ',41.26271288,-122.2704296,Mott,pacificorp,SUBSTATION,41.262712880525136,-122.27042955173184,4.034893870835161e-06,True
1311,66,Substation,' ',41.30465314,-122.3218293,Mt. Shasta,pacificorp,SUBSTATION,41.304653144742126,-122.3218293014706,5.414205616395972e-07,True
1312,66,Substation,' ',41.22066964,-122.2763499,North Dunsmuir,pacificorp,SUBSTATION,41.22066963800598,-122.27634987054262,2.4737219310761353e-06,True
1313,66,Substation,' ',41.74229468,-122.9995371,Scott Bar,pacificorp,SUBSTATION,41.74229468453111,-122.9995371386213,3.2436911748879962e-06,True
1314,66,Substation,' ',41.8405331,-123.1919616,Seiad,pacificorp,SUBSTATION,41.84053309602203,-123.19196159609751,5.478775033592034e-07,True
1315,115,Substation,' ',41.54864896,-122.3641931,Shastina,pacificorp,SUBSTATION,41.54864895533091,-122.36419305071072,4.134455454028655e-06,True
1316,66,Substation,' ',41.26799279,-122.2389364,Snow Brush,pacificorp,SUBSTATION,41.26799278585443,-122.2389363938396,6.910746242167887e-07,True
1317,66,Substation,' ',41.49312367,-122.905649,Walker Bryan,pacificorp,SUBSTATION,41.49312367004124,-122.90564898410004,1.3242996211283096e-06,True
1318,66,Substation,' ',41.37290596,-122.8329384,Yuba,pacificorp,SUBSTATION,41.37290595843101,-122.83293838500124,1.2636474392266045e-06,True
1319,66,Substation,' ',38.8565124,-121.7859242,Rclm. Dist. 2047,other,SUBSTATION,38.8565123959684,-121.7859242346462,3.0333136193198216e-06,True
1320,230,Substation,' ',38.40329935,-121.9226354,Amerigas,pge,SUBSTATION,38.40329934570463,-121.9226353843564,1.4444162900533187e-06,True
1321,66,Substation,' ',38.04375716,-121.9876197,GWF 5,other,SUBSTATION,38.04375715773144,-121.98761972694734,2.3732356968072557e-06,True
1322,66,Substation,' ',38.03083399,-121.946022,Shell Chemical,pge,SUBSTATION,38.030833992616856,-121.94602199348677,6.403919507028809e-07,True
1323,66,Substation,' ',38.03229044,-122.1199925,Stauffer,pge,,38.03229043595164,-122.11999248931232,1.0386879134779311e-06,True
1324,115,Substation,' ',38.08549398,-122.2572744,Mare Island Station H,other,SUBSTATION,38.08549398281679,-122.25727437904656,1.8604122236084324e-06,True
1325,66,Substation,' ',38.27151996,-121.9333985,Travis Air Force Base,other,SUBSTATION,38.27151995907075,-121.93339852748863,2.4019105757897428e-06,True
1326,230,Substation,' ',38.08087076,-122.1373891,Bahia,pge,SUBSTATION,38.08087076372414,-122.1373890774632,2.0155563721633574e-06,True
1327,66,Substation,' ',38.3870864,-121.7758553,Batavia,pge,SUBSTATION,38.3870864024969,-121.77585530062252,2.828947010039972e-07,True
1328,66,Substation,' ',38.29639272,-121.7481614,Cache Slough,pge,SUBSTATION,38.29639271612527,-121.74816138446602,1.4224326921353128e-06,True
1329,66,Substation,' ',38.44525036,-121.8260198,Dixon,pge,SUBSTATION,38.44525036336403,-121.82601980252832,4.340574787374546e-07,True
1330,115,Substation,' ',38.23623323,-122.0966651,Hale,other,SUBSTATION,38.23623322870251,-122.09666510984609,8.719732633175637e-07,True
1331,66,Substation,' ',38.3847599,-121.7586908,Maine Prairie,pge,SUBSTATION,38.38475990328079,-121.75869079719683,4.390667316615614e-07,True
1332,115,Substation,' ',38.06582097,-122.1963293,North Tower,pge,SUBSTATION,38.06582096810914,-122.19632934541984,3.9817921898005724e-06,True
1333,66,Substation,' ',38.24513201,-122.041256,Suisun,pge,SUBSTATION,38.24513201232641,-122.04125599715135,3.588923309865264e-07,True
1334,66,Substation,' ',38.51760057,-121.9511518,Winters,pge,SUBSTATION,38.51760056658567,-121.95115181645906,1.48142632460147e-06,True
1335,66,Substation,' ',38.68030292,-123.3118863,Annapolis,pge,SUBSTATION,38.6803029150572,-123.31188627934075,1.8756352682743477e-06,True
1336,66,Substation,' ',38.309559,-122.731648,Cotati,pge,SUBSTATION,38.30955900237303,-122.73164799441626,5.540580519823115e-07,True
1337,66,Substation,' ',38.539593,-123.223702,Fort Ross,pge,SUBSTATION,38.53959300252851,-123.22370201479188,1.3168771446392601e-06,True
1338,66,Substation,' ',38.70981339,-122.9079796,Geyserville,pge,SUBSTATION,38.70981339234968,-122.9079796468376,4.072395407993946e-06,True
1339,66,Substation,' ',38.48950733,-122.8941827,Mirabel,pge,SUBSTATION,38.48950733334947,-122.89418272045346,1.8187053220007904e-06,True
1340,66,Substation,' ',38.42528801,-122.832326,Molino,pge,SUBSTATION,38.4252880061949,-122.8323259975505,4.738701924564424e-07,True
1341,66,Substation,' ',38.47141397,-123.0122363,Monte Rio,pge,SUBSTATION,38.47141397437374,-123.01223630501092,6.533180619808346e-07,True
1342,115,Substation,' ',38.31550856,-122.6811315,Penngrove,pge,SUBSTATION,38.315508557263975,-122.68113148263924,1.544883323731378e-06,True
1343,66,Substation,' ',38.23908895,-122.6367124,Petaluma Station C,pge,SUBSTATION,38.23908894718915,-122.63671235397786,4.031540596782152e-06,True
1344,66,Substation,' ',38.23417,-122.636224,Petaluma Station A,pge,SUBSTATION,38.23417000206364,-122.63622400296876,3.4625151432594776e-07,True
1345,115,Substation,' ',38.49006768,-122.6660723,Rincon,pge,SUBSTATION,38.49006768021555,-122.66607232599657,2.2627148681873583e-06,True
1346,66,Substation,' ',38.34344601,-123.044758,Salmon Creek,pge,SUBSTATION,38.34344600928007,-123.04475798077164,1.678833994722924e-06,True
1347,115,Substation,' ',38.16136109,-122.3810185,Skaggs Island,pge,SUBSTATION,38.1613610947696,-122.38101854538714,4.0034675712070005e-06,True
1348,66,Substation,' ',38.37001596,-122.7641156,Stony Point,other,SUBSTATION,38.37001595596874,-122.7641156321494,2.838368064740121e-06,True
1349,115,Substation,' ',37.53231402,-121.2593287,Texaco Trading,other,SUBSTATION,37.5323140210868,-121.25932867336005,2.3521813689227046e-06,True
1350,66,Substation,' ',37.70453399,-120.4341003,Bonds Flat,other,SUBSTATION,37.70453398748977,-120.4341003419509,3.7011547037103967e-06,True
1351,66,Substation,' ',37.66683999,-120.976886,Briggsmore,other,SUBSTATION,37.66683999423489,-120.97688599948091,4.7310942013611453e-07,True
1352,66,Substation,' ',37.65210701,-121.001287,Enslen,other,SUBSTATION,37.65210701486181,-121.00128702413954,2.1928527145684273e-06,True
1353,66,Substation,' ',37.68242601,-121.085836,Finney,other,SUBSTATION,37.68242600843957,-121.0858360234186,2.0681493482130555e-06,True
1354,66,Substation,' ',37.732516,-121.013993,Ladd,other,SUBSTATION,37.73251600290968,-121.0139929949546,5.491332499920721e-07,True
1355,66,Substation,' ',37.64885953,-120.9396607,Lincoln,other,SUBSTATION,37.64885953285494,-120.93966071149958,1.061035285678863e-06,True
1356,66,Substation,' ',37.66751202,-120.95819,Oakdale,other,SUBSTATION,37.66751201757854,-120.95819001367047,1.233014117160695e-06,True
1357,66,Substation,' ',37.62169302,-121.020254,Paradise,other,SUBSTATION,37.62169301658204,-121.02025402020944,1.8200291698280499e-06,True
1358,66,Substation,' ',37.66464701,-121.044461,Poust,other,SUBSTATION,37.66464700876367,-121.044460998702,1.7875394724123306e-07,True
1359,66,Substation,' ',37.67171599,-121.027432,Prescott,other,SUBSTATION,37.67171598541289,-121.02743201564316,1.468255304310662e-06,True
1360,66,Substation,' ',37.64689487,-120.7734451,Reinway,other,SUBSTATION,37.64689486686266,-120.77344514679972,4.1351312928303574e-06,True
1361,66,Substation,' ',37.68012402,-120.940094,Roselle,other,SUBSTATION,37.68012401559885,-120.94009399045106,9.724566545684208e-07,True
1362,115,Substation,' ',37.62764954,-120.9751518,Santa Cruz,other,SUBSTATION,37.6276495377878,-120.97515178897652,1.0014710923584565e-06,True
1363,66,Substation,' ',37.63492302,-120.979526,Santa Rosa,other,SUBSTATION,37.63492301814968,-120.97952601478956,1.3184791780643724e-06,True
1364,66,Substation,' ',37.68474201,-121.051988,Sisk,other,SUBSTATION,37.68474201352234,-121.05198798054047,1.7566226518532482e-06,True
1365,66,Substation,' ',37.69039686,-121.0211042,Standiford,other,SUBSTATION,37.69039685733569,-121.0211042370982,3.2777416423521587e-06,True
1366,66,Substation,' ',37.70406301,-121.068657,Stoddard,other,SUBSTATION,37.70406300900404,-121.06865700677616,6.063335957567456e-07,True
1367,66,Substation,' ',37.68841599,-120.976619,Sylvan,other,SUBSTATION,37.68841598632461,-120.9766190218247,1.9634434538213874e-06,True
1368,66,Substation,' ',37.68587302,-121.003819,Woodrow,other,SUBSTATION,37.68587301654188,-121.00381899953696,3.8667835733794284e-07,True
1369,66,Substation,' ',37.60890546,-120.956186,Ceres,other,SUBSTATION,37.60890545774313,-120.95618598485008,1.3579174372564983e-06,True
1370,115,Substation,' ',37.46266378,-120.740225,Cortez,other,SUBSTATION,37.4626637802933,-120.74022501028578,9.084189957013108e-07,True
1371,66,Substation,' ',37.57986687,-120.6453751,Hawkins,other,SUBSTATION,37.57986686573541,-120.64537511325804,1.2608963227858228e-06,True
1372,115,Substation,' ',37.41894801,-120.848808,Hilmar,other,SUBSTATION,37.41894801246978,-120.84880800849196,7.986480902706814e-07,True
1373,66,Substation,' ',37.55146111,-120.7712944,Montpellier,other,SUBSTATION,37.55146111110996,-120.77129442691056,2.3755353762556108e-06,True
1374,66,Substation,' ',37.58704202,-120.935646,Roeding,other,SUBSTATION,37.58704201825329,-120.93564601045163,9.411905655386432e-07,True
1375,66,Substation,' ',37.60983162,-120.8467248,Tuolumne,other,SUBSTATION,37.60983161674357,-120.8467247578632,3.729322843940115e-06,True
1376,115,Substation,' ',37.55399055,-121.3083704,Modesto Energy,other,SUBSTATION,37.5539905514464,-121.308370350156,4.396842610187453e-06,True
1377,66,Substation,' ',37.47172611,-121.1264485,Patterson,other,,37.47172611046982,-121.12644854937255,4.357454795448816e-06,True
1378,115,Substation,' ',37.76920307,-120.9078448,Riverbank,pge,SUBSTATION,37.7692030729445,-120.90784477935696,1.8437828033436927e-06,True
1379,115,Substation,' ',37.42194799,-121.147482,Salado,pge,SUBSTATION,37.42194798786807,-121.14748200719993,6.785743233610563e-07,True
1380,66,Substation,' ',37.37738333,-121.0859027,Crows Landing,pge,SUBSTATION,37.37738332848153,-121.08590273598206,3.1839089259819062e-06,True
1381,115,Substation,' ',37.75093426,-120.845295,Hershey,pge,SUBSTATION,37.75093426151019,-120.84529498667897,1.183156296118514e-06,True
1382,230,Substation,' ',37.25318899,-121.1182195,Miller,other,SUBSTATION,37.25318898539237,-121.118219465737,3.075512422814851e-06,True
1383,66,Substation,' ',37.31558611,-121.0150139,Newman,pge,SUBSTATION,37.315586112666914,-121.01501392854986,2.5421416502044253e-06,True
1384,115,Substation,' ',37.38596944,-121.1407139,Stanislaus Resource Recovery Facility,other,SUBSTATION,37.38596944346426,-121.14071389963598,3.86548351848464e-07,True
1385,66,Substation,' ',38.78480978,-121.6551594,Rclm. Dist. 1500,other,SUBSTATION,38.78480977959054,-121.65515935373033,4.010769539707084e-06,True
1386,66,Substation,' ',38.79018562,-121.5976352,Rclm. Dist. 1001,other,SUBSTATION,38.79018562005575,-121.59763517379388,2.271302064929841e-06,True
1387,66,Substation,' ',39.06921639,-121.6898478,Barry,pge,SUBSTATION,39.06921638560733,-121.6898478161391,1.4764258906947378e-06,True
1388,66,Substation,' ',38.80884801,-121.516414,Catlett,pge,SUBSTATION,38.80884800692517,-121.51641401759566,1.5624903934754555e-06,True
1389,230,Substation,' ',39.05180085,-121.6962463,Sutter,other,,39.05180085328225,-121.69624627561016,2.137485887842781e-06,True
1390,66,Substation,' ',39.1432819,-121.6480153,Harter,pge,SUBSTATION,39.14328190436777,-121.64801526159908,3.347097330470893e-06,True
1391,66,Substation,' ',39.27639001,-121.6602999,Live Oak,pge,SUBSTATION,39.2763900097432,-121.66029985888775,3.538898753314405e-06,True
1392,66,Substation,' ',39.14495364,-121.9105311,Meridian,other,SUBSTATION,39.144953641410936,-121.91053107397134,2.250120135313418e-06,True
1393,66,Substation,' ',39.17023248,-121.6613095,Pease,pge,SUBSTATION,39.170232484388265,-121.66130954428624,3.848812183333381e-06,True
1394,66,Substation,' ',38.86241636,-121.7931625,Rclm. Dist. 108,other,SUBSTATION,38.862416357963134,-121.7931624718646,2.4465379176553604e-06,True
1395,66,Substation,' ',39.93243151,-122.1875897,Corning,pge,SUBSTATION,39.932431514275535,-122.18758967583248,2.1147621675383662e-06,True
1396,66,Substation,' ',40.12802358,-122.0983563,Dairyville,pge,SUBSTATION,40.12802358226514,-122.09835630796664,7.226407128535123e-07,True
1397,66,Substation,' ',40.06410008,-122.1560572,Gerber,pge,SUBSTATION,40.06410007779955,-122.15605722893883,2.4748258613836438e-06,True
1398,66,Substation,' ',40.03419988,-122.0961178,Los Molinos,pge,SUBSTATION,40.03419987957665,-122.0961177707717,2.4888723117864045e-06,True
1399,66,Substation,' ',40.14997335,-122.2130231,Rawson Packaging,pge,SUBSTATION,40.14997334510596,-122.21302309610718,6.368792044087255e-07,True
1400,66,Substation,' ',40.14574122,-122.1994669,Red Bank,pge,SUBSTATION,40.14574121874566,-122.1994669205267,1.7502971108780198e-06,True
1401,66,Substation,' ',40.18238662,-122.2446177,Red Bluff,pge,SUBSTATION,40.18238661661079,-122.24461774556656,3.889285875959766e-06,True
1402,66,Substation,' ',40.13847475,-122.2088409,Tyler,pge,SUBSTATION,40.1384747493391,-122.2088408813554,1.5866305400443011e-06,True
1403,66,Substation,' ',39.94163705,-122.0417015,Vina,pge,SUBSTATION,39.9416370534073,-122.0417015018011,4.088068682968474e-07,True
1404,66,Substation,' ',40.74156839,-123.2093541,Big Bar,other,SUBSTATION,40.741568386618745,-123.20935412411232,2.0659166229724086e-06,True
1405,115,Substation,' ',40.37833449,-123.3388827,Forest Glen,other,SUBSTATION,40.37833448798477,-123.33888273650884,3.100640364380189e-06,True
1406,66,Substation,' ',40.71262604,-123.5301757,Grouse Creek,other,SUBSTATION,40.71262603727418,-123.53017573511684,2.9752911708678747e-06,True
1407,66,Substation,' ',40.55234414,-123.1628797,Hayfork,other,SUBSTATION,40.55234413601504,-123.162879697792,4.807759904396674e-07,True
1408,66,Substation,' ',40.63741925,-123.4893376,Hyampom,other,SUBSTATION,40.63741924976293,-123.48933760308782,2.6188118768552174e-07,True
1409,115,Substation,' ',40.43324913,-123.4726911,Low Gap,pge,SUBSTATION,40.43324912756948,-123.472691142014,3.566210239101362e-06,True
1410,66,Substation,' ',40.72322839,-122.9386675,Mill Street,other,SUBSTATION,40.72322838588906,-122.93866750453957,5.960734465643265e-07,True
1411,115,Substation,' ',40.38716974,-123.044104,Wildwood,pge,SUBSTATION,40.38716974121961,-123.0441040072797,6.312953105863931e-07,True
1412,115,Substation,' ',35.96336389,-119.4568361,Alpaugh,pge,SUBSTATION,35.96336388597445,-119.45683611564412,1.4774180686675203e-06,True
1413,66,Substation,' ',36.52023058,-119.3943083,Dinuba,other,SUBSTATION,36.52023057573426,-119.3943083383009,3.4553352819822797e-06,True
1414,66,Substation,' ',36.54483612,-119.2514194,Orosi,pge,SUBSTATION,36.54483612446745,-119.25141944291128,3.865446916467052e-06,True
1415,66,Substation,' ',36.47211377,-119.1880105,Stone Corral,pge,SUBSTATION,36.472113770589765,-119.18801052757304,2.466370359546705e-06,True
1416,66,Substation,' ',36.16692648,-119.2065943,Bliss,sce,SUBSTATION,36.166926478318565,-119.20659430924142,8.503897706392392e-07,True
1417,66,Substation,' ',36.12653059,-118.8215139,Boxwood,sce,SUBSTATION,36.12653058647427,-118.82151392533852,2.309277903746039e-06,True
1418,66,Substation,' ',35.77875298,-119.3050707,Captive,sce,SUBSTATION,35.778752975110066,-119.305070720192,1.900948215209257e-06,True
1419,66,Substation,' ',36.41450277,-119.2964557,Chatham,sce,SUBSTATION,36.414502769689214,-119.29645567067097,2.6246897508198537e-06,True
1420,66,Substation,' ',35.8343055,-119.2100027,Columbine,sce,SUBSTATION,35.83430549566919,-119.2100027260338,2.395772885216744e-06,True
1421,66,Substation,' ',36.18544198,-119.3341851,Protein,sce,SUBSTATION,36.18544198239245,-119.3341850797273,1.8387516873206725e-06,True
1422,66,Substation,' ',35.89225701,-119.2507923,Earlimart,sce,SUBSTATION,35.8922570050641,-119.2507923014195,5.635453471213425e-07,True
1423,66,Substation,' ',36.34271821,-119.3920717,Elcans,sce,SUBSTATION,36.34271821383013,-119.3920717386077,3.4840653848160316e-06,True
1424,66,Substation,' ',36.32655001,-119.4391583,Goshen,sce,SUBSTATION,36.32655001085197,-119.43915832379244,2.133542574024679e-06,True
1425,66,Substation,' ',36.41545452,-119.0077184,Kawgen,sce,SUBSTATION,36.41545451840407,-119.007718393473,6.104164336370353e-07,True
1426,66,Substation,' ',36.239925,-119.4755333,Laurel,sce,SUBSTATION,36.23992499838226,-119.4755333413896,3.716347896208441e-06,True
1427,66,Substation,' ',36.38670269,-119.0263491,Lemon Cove,sce,SUBSTATION,36.38670268620818,-119.0263490677656,2.916118885278291e-06,True
1428,66,Substation,' ',36.28307499,-119.3321667,Liberty,sce,SUBSTATION,36.28307499125474,-119.33216671212152,1.095429373683371e-06,True
1429,66,Substation,' ',36.20430092,-119.09202,Lindsay,sce,SUBSTATION,36.20430092104269,-119.0920199509562,4.4019822668816395e-06,True
1430,66,Substation,' ',36.13140322,-119.3292217,Lourich,sce,SUBSTATION,36.13140321498771,-119.32922167261884,2.5214295071488263e-06,True
1431,66,Substation,' ',36.34136944,-119.3672861,Oak Grove,sce,SUBSTATION,36.341369438112814,-119.36728610864505,8.022452598166575e-07,True
1432,66,Substation,' ',36.12372922,-119.3945203,Octol,sce,SUBSTATION,36.12372922146369,-119.39452031100625,1.001858986335398e-06,True
1433,66,Substation,' ',35.96472074,-119.3033598,Pixley,sce,SUBSTATION,35.96472074334985,-119.30335984636194,4.189113955679673e-06,True
1434,66,Substation,' ',35.99376384,-119.1440972,Poplar,sce,SUBSTATION,35.99376384297651,-119.1440972238692,2.172765302318274e-06,True
1435,66,Substation,' ',36.06738391,-119.0347003,Porterville,sce,SUBSTATION,36.06738390533308,-119.03470033528669,3.2137985246928532e-06,True
1436,66,Substation,' ',36.14585279,-119.0579195,Strathmore,sce,SUBSTATION,36.14585278496765,-119.05791948473636,1.480381914721906e-06,True
1437,66,Substation,' ',35.96392382,-119.0184794,Terra Bella,sce,SUBSTATION,35.963923816188135,-119.01847937679013,2.1314522533570826e-06,True
1438,66,Substation,' ',36.45348612,-118.8879166,Three Rivers,sce,SUBSTATION,36.453486122454926,-118.88791663420884,3.0717381852851207e-06,True
1439,66,Substation,' ',36.05188566,-119.304212,Tipton,sce,SUBSTATION,36.05188566189436,-119.30421195474284,4.074038549804632e-06,True
1440,66,Substation,' ',36.21327501,-119.3305945,Tulare,sce,SUBSTATION,36.21327500607536,-119.33059445255742,4.2786091448913685e-06,True
1441,66,Substation,' ',36.41429483,-119.1891356,Venice Hill,sce,SUBSTATION,36.41429483434555,-119.18913563896584,3.5201271881988278e-06,True
1442,66,Substation,' ',36.32536944,-119.1345972,Venida,sce,SUBSTATION,36.32536943673647,-119.13459723460568,3.1213503197425766e-06,True
1443,66,Substation,' ',36.32979445,-119.2789611,Visalia,sce,SUBSTATION,36.32979445384139,-119.27896111014655,1.0042997356012755e-06,True
1444,66,Substation,' ',35.91083611,-119.1444611,Wheatland,sce,SUBSTATION,35.91083610776031,-119.14446108176575,1.6609563136936131e-06,True
1445,66,Substation,' ',36.08056666,-119.1791443,Woodville,sce,SUBSTATION,36.08056665599866,-119.1791442662042,3.069531749619838e-06,True
1446,115,Substation,' ',37.87515279,-119.9657761,Early Intake,other,SUBSTATION,37.87515278861144,-119.96577605743708,3.7390118182845247e-06,True
1447,115,Substation,' ',37.87474609,-120.4785168,Chinese Station,pge,SUBSTATION,37.87474608832639,-120.4785168258194,2.273853647683048e-06,True
1448,115,Substation,' ',37.97443256,-120.3199068,Curtis,pge,SUBSTATION,37.9744325633102,-120.31990681792604,1.6138153148586568e-06,True
1449,115,Substation,' ',37.97434629,-120.3156685,Fibreboard Standard Spi,other,SUBSTATION,37.97434628968982,-120.3156684991639,8.099776820188204e-08,True
1450,115,Substation,' ',38.05289438,-120.217135,Mi-Wuk,pge,SUBSTATION,38.052894384768784,-120.2171349558828,3.899107464118359e-06,True
1451,115,Substation,' ',37.90373843,-120.4978113,Peoria,pge,SUBSTATION,37.90373843285021,-120.49781126746883,2.8717516582265817e-06,True
1452,115,Substation,' ',37.97991079,-120.4141781,Racetrack,pge,SUBSTATION,37.97991079096231,-120.4141780589576,3.5988247862464295e-06,True
1453,66,Substation,' ',34.18755642,-118.8717579,Thousand Oaks,sce,SUBSTATION,34.18755641895784,-118.87175788994966,9.316734452031767e-07,True
1454,66,Substation,' ',34.22072778,-119.0085833,Camarillo,sce,SUBSTATION,34.22072778474321,-119.00858333634984,3.383530040453064e-06,True
1455,66,Substation,' ',34.16190002,-119.0476223,Camgen,sce,SUBSTATION,34.16190001814336,-119.04762225682606,3.977739616018601e-06,True
1456,66,Substation,' ',34.18167399,-119.222197,Channel Island,sce,SUBSTATION,34.1816739924947,-119.22219698854424,1.0896812265953507e-06,True
1457,66,Substation,' ',34.23676111,-118.7028916,Chatsworth,sce,SUBSTATION,34.23676110664712,-118.70289164872376,4.494520629322829e-06,True
1458,66,Substation,' ',34.20462779,-119.0963556,Colonia,sce,SUBSTATION,34.2046277911011,-119.0963555682217,2.924962989614198e-06,True
1459,66,Substation,' ',34.14596946,-119.0956666,Estero,sce,SUBSTATION,34.145969461551374,-119.0956666380964,3.5101034580626073e-06,True
1460,66,Substation,' ',34.23179724,-118.7103557,Etec-Gen,sce,SUBSTATION,34.23179723527319,-118.71035566128084,3.5981403074760513e-06,True
1461,66,Substation,' ',34.40884448,-118.9207778,Fillmore,sce,SUBSTATION,34.408844482838724,-118.92077781271271,1.2082089816343146e-06,True
1462,66,Substation,' ',34.32054899,-119.263129,Getty,sce,SUBSTATION,34.32054898819292,-119.26312901874547,1.7331844772740494e-06,True
1463,66,Substation,' ',34.22619445,-119.1757972,Gonzales,sce,SUBSTATION,34.22619444887825,-119.17579722547008,2.3450007955852816e-06,True
1464,66,Substation,' ',34.17385279,-119.1567444,Levy,sce,SUBSTATION,34.17385278794006,-119.15674443448177,3.1804347739635338e-06,True
1465,66,Substation,' ',34.19608611,-118.9310028,Newbury,sce,SUBSTATION,34.19608610593393,-118.93100277893927,1.9890539989321504e-06,True
1466,66,Substation,' ',34.18618553,-118.7847011,Oak Park,sce,SUBSTATION,34.18618553269401,-118.7847010837376,1.5255525532850713e-06,True
1467,66,Substation,' ',34.44562298,-119.242407,Ojai,sce,SUBSTATION,34.44562298426177,-119.24240698390442,1.550150497956957e-06,True
1468,66,Substation,' ',34.19716666,-119.1743083,Oxnard,sce,SUBSTATION,34.1971666643275,-119.17430833478122,3.2348282408705757e-06,True
1469,66,Substation,' ',34.16172599,-118.834785,Potrero,sce,SUBSTATION,34.16172599212937,-118.83478500897158,8.587521965718226e-07,True
1470,66,Substation,' ',34.21147223,-119.1400222,Procgen,sce,SUBSTATION,34.211472227764524,-119.1400222256717,2.373684076788393e-06,True
1471,66,Substation,' ',34.22833038,-118.7044283,Rocketdyne,sce,SUBSTATION,34.22833038368043,-118.70442830522369,6.309640160344088e-07,True
1472,66,Substation,' ',34.27843334,-118.7794583,Royal,sce,SUBSTATION,34.27843333944927,-118.77945833889436,3.574198184594561e-06,True
1473,66,Substation,' ',34.25607778,-119.2418917,San Miguel,sce,SUBSTATION,34.256077779219325,-119.24189166730032,3.006547070868021e-06,True
1474,66,Substation,' ',34.27956389,-118.7170861,Santa Susana,sce,SUBSTATION,34.27956389077435,-118.71708611648889,1.5174483631890663e-06,True
1475,66,Substation,' ',34.30061258,-119.1666234,Saticoy,sce,SUBSTATION,34.300612584075154,-119.1666234334825,3.108811528728958e-06,True
1476,66,Substation,' ',34.20973505,-119.034837,Three M,other,SUBSTATION,34.209735047462814,-119.03483697423708,2.3858063716274867e-06,True
1477,66,Substation,' ',34.23927607,-119.2588905,Shore,sce,,34.23927606569445,-119.25889046181057,3.543033979308469e-06,True
1478,66,Substation,' ',34.26427223,-119.0107556,Somis,sce,SUBSTATION,34.26427223074841,-119.0107555554638,4.0935877883098085e-06,True
1479,66,Substation,' ',34.22797779,-118.7059441,Thrust,sce,,34.2279777885096,-118.70594411264358,1.174161589151498e-06,True
1480,66,Substation,' ',34.38783812,-118.7963463,Torrey,sce,SUBSTATION,34.38783812382299,-118.7963462780943,2.054561675945623e-06,True
1481,66,Substation,' ',34.20776661,-119.2467388,Unioil,sce,NOT AVAILABLE,34.20776661017144,-119.246738794281,5.262565410318676e-07,True
1482,66,Substation,' ',34.35644199,-119.055903,Wakefield,sce,SUBSTATION,34.35644198513274,-119.05590298402112,1.5634624151383765e-06,True
1483,66,Substation,' ',34.13080101,-119.167076,Ormond Beach,sce,SUBSTATION,34.130801008140466,-119.16707600993544,9.37568555996958e-07,True
1484,66,Substation,' ',38.92500648,-121.9894822,Dunnigan,pge,SUBSTATION,38.92500648397224,-121.9894822376,3.2824870329205112e-06,True
1485,66,Substation,' ',38.80928378,-121.7450948,Knights Landing,pge,SUBSTATION,38.80928378458452,-121.74509479848558,5.263926958543706e-07,True
1486,66,Substation,' ',38.67068601,-121.969347,Madison,pge,SUBSTATION,38.670686014266025,-121.96934698137233,1.6853058205452028e-06,True
1487,115,Substation,' ',38.52282675,-121.9950809,Putah Creek,pge,SUBSTATION,38.52282675411816,-121.99508094551214,3.985696688966476e-06,True
1488,66,Substation,' ',39.22586945,-121.4227731,Browns  Valley,pge,SUBSTATION,39.22586945122523,-121.4227730889153,9.644856763386639e-07,True
1489,66,Substation,' ',39.48525926,-121.2203187,Challenge,pge,SUBSTATION,39.48525925803122,-121.22031867914004,1.8035176712928263e-06,True
1490,66,Substation,' ',39.33987652,-121.1949272,Dobbins,pge,SUBSTATION,39.33987651538986,-121.1949272411389,3.5748114368352325e-06,True
1491,66,Substation,' ',39.16343792,-121.5610556,East Marysville,pge,SUBSTATION,39.163437922321634,-121.56105561499616,1.3184113198910181e-06,True
1492,66,Substation,' ',39.24756794,-121.6371358,Encinal,pge,SUBSTATION,39.24756793906181,-121.63713575572008,3.8144372849599903e-06,True
1493,66,Substation,' ',39.05146481,-121.5463491,Feather River,other,SUBSTATION,39.0514648143359,-121.54634907033464,2.606633682906506e-06,True
1494,66,Substation,' ',39.14002976,-121.5834743,Marysville,pge,SUBSTATION,39.14002976308495,-121.5834742691922,2.679023430947974e-06,True
1495,66,Substation,' ',39.02624606,-121.543052,Plumas,pge,SUBSTATION,39.02624606204569,-121.5430520224537,1.9529023312739966e-06,True
1496,66,Substation,' ',39.01314723,-121.4186163,Wheatland,pge,SUBSTATION,39.01314723169966,-121.418616320747,1.8024491301974809e-06,True
1497,500,Substation,' ',39.23718795,-122.2765024,Maxwell,wapa,SUBSTATION,39.237187947716144,-122.27650243021397,2.614518747979801e-06,True
1498,230,Substation,' ',40.71501315,-122.4212465,Shasta,wapa,SUBSTATION,40.71501315025672,-122.42124645967978,3.3983763633387825e-06,True
1499,115,Substation,' ',40.51010552,-122.4247382,Redding Power,other,SUBSTATION,40.51010551593375,-122.42473816112177,3.317741257540221e-06,True
1500,66,Substation,' ',39.07795141,-120.4062356,French Meadows,pge,SUBSTATION,39.07795141419384,-120.40623558923149,1.0399505705532767e-06,True
1501,66,Substation,' ',39.36196528,-123.1278407,Potter Valley,pge,SUBSTATION,39.361965280724384,-123.12784074768436,4.100259403296669e-06,True
1502,115,Substation,' ',38.1865924,-120.1119474,Spring Gap,pge,SUBSTATION,38.1865924012224,-120.11194736598286,2.976183759558043e-06,True
1503,230,Substation,' ',37.75610406,-122.3864726,Potrero,other,SUBSTATION,37.75610406465573,-122.38647262300746,2.0878653148963753e-06,True
1504,66,Substation,' ',38.01284457,-121.7863208,G-P Gypsum,other,SUBSTATION,38.01284457075822,-121.78632077426988,2.2557247709743866e-06,True
1505,115,Substation,' ',38.01603226,-121.8607018,GWF 2,other,SUBSTATION,38.01603226001864,-121.86070183402865,2.9810322954064884e-06,True
1506,66,Substation,' ',34.92760556,-119.6213417,Cuyama,pge,SUBSTATION,34.927605555832194,-119.62134166579372,3.152700246214326e-06,True
1507,115,Substation,' ',34.64795679,-120.1848073,Santa Ynez Switch,pge,SUBSTATION,34.64795679031357,-120.1848072517467,4.414141426056948e-06,True
1508,500,Substation,' ',34.55164736,-117.4377996,Adelanto,ladwp,SUBSTATION,34.551647354979295,-117.43779955272286,4.365571256066604e-06,True
1509,66,Substation,' ',34.09930127,-117.7073995,Claremont,sce,SUBSTATION,34.09930127271416,-117.7073995467358,4.31385692442942e-06,True
1510,66,Substation,' ',33.89465809,-118.2645067,Fremont,sce,SUBSTATION,33.89465808999046,-118.26450670511828,4.7241495842881505e-07,True
1511,115,Substation,' ',37.96718047,-120.3864075,Sonora Mining,pge,,37.96718047107743,-120.38640751228633,1.083686918842673e-06,True
1512,230,Substation,' ',33.12288056,-117.2878861,Palomar Airport,sdge,SUBSTATION,33.122880559493346,-117.28788611905694,1.7755872311011958e-06,True
1513,66,Substation,' ',37.48333489,-120.8464336,South Turlock,other,SUBSTATION,37.48333488746549,-120.84643359816369,3.250826102881788e-07,True
1514,115,Substation,' ',33.49095832,-117.0638806,Pechanga,sce,SUBSTATION,33.49095832448622,-117.0638805511723,4.5553620903475155e-06,True
1515,66,Substation,' ',40.59278468,-122.3696561,Wintun,pge,SUBSTATION,40.5927846816981,-122.36965607440932,2.1690158700772304e-06,True
1516,115,Substation,' ',33.54998165,-117.6282105,Margarita,sdge,SUBSTATION,33.5499816503743,-117.6282105244416,2.265392367880861e-06,True
1517,230,Substation,' ',32.63792799,-117.016092,Telegraph Canyon,sdge,SUBSTATION,32.63792799426829,-117.01609199368204,7.584446886858948e-07,True
1518,66,Substation,' ',32.94142222,-117.0327306,Pomerado,sdge,SUBSTATION,32.941422223444484,-117.03273055729034,4.003931610987278e-06,True
1519,66,Substation,' ',33.11840833,-117.098475,Goal Line,sdge,SUBSTATION,33.11840833173571,-117.09847499836552,2.458055984846959e-07,True
1520,66,Substation,' ',32.90195058,-117.2270561,Eastgate,sdge,SUBSTATION,32.90195058475814,-117.22705613216144,3.0488311645292473e-06,True
1521,66,Substation,' ',32.74614754,-117.1925255,Ntcq,sdge,SUBSTATION,32.74614753791609,-117.1925254807816,1.8122451356198862e-06,True
1522,66,Substation,' ',32.67954522,-117.2473513,Sithe,sdge,SUBSTATION,32.67954522139739,-117.2473513017198,2.2372316910467607e-07,True
1523,115,Substation,' ',32.82670278,-115.7889389,Dixieland Prison,iid,SUBSTATION,32.826702781389564,-115.7889388886955,1.0675190960374469e-06,True
1524,66,Substation,' ',32.76360286,-115.565348,Clark,iid,SUBSTATION,32.76360285766447,-115.5653480059152,6.110346187039445e-07,True
1525,115,Substation,' ',33.79775322,-116.2871277,Frances Way,iid,SUBSTATION,33.79775321882636,-116.2871277168655,1.563890216669764e-06,True
1526,66,Substation,' ',33.72019357,-116.3631391,Palm Village,sce,SUBSTATION,33.72019357056164,-116.36313910576196,5.365536753853136e-07,True
1527,115,Substation,' ',33.71418472,-116.2867908,La Quinta,iid,SUBSTATION,33.7141847150549,-116.28679076020563,3.721578140784698e-06,True
1528,115,Substation,' ',32.73663553,-114.7145675,Pilot Knob,iid,SUBSTATION,32.736635534477166,-114.71456752130652,2.054111962589043e-06,True
1529,115,Substation,' ',33.32771631,-115.9448921,Cahuilla,iid,SUBSTATION,33.3277163107754,-115.94489207865888,1.984636333944738e-06,True
1530,66,Substation,' ',34.0636675,-117.3223511,Hub,other,SUBSTATION,34.06366749570336,-117.3223511237688,2.2409975043671554e-06,True
1531,66,Substation,' ',34.06007672,-117.3066786,Century,other,SUBSTATION,34.06007671794325,-117.30667854953172,4.654735549529205e-06,True
1532,230,Substation,' ',39.02399377,-121.7233826,O'Banion,wapa,SUBSTATION,39.02399377144202,-121.72338263094991,2.6784249844011968e-06,True
1533,115,Substation,' ',37.41117121,-121.9276788,River Oaks,pge,SUBSTATION,37.41117121224068,-121.92767879187348,7.597608223380478e-07,True
1534,115,Substation,' ',37.4207031,-121.9598699,Nortech,pge,SUBSTATION,37.42070310255024,-121.95986987419542,2.2963904397809024e-06,True
1535,115,Substation,' ',37.43005674,-121.9514711,Road,other,SUBSTATION,37.43005674422851,-121.95147109907302,4.772602820423637e-07,True
1536,66,Substation,' ',37.67389353,-121.835631,Cal Mat,pge,SUBSTATION,37.67389352715204,-121.8356310136024,1.2383370872673844e-06,True
1537,66,Substation,' ',37.70408449,-121.9007603,East Dublin,other,SUBSTATION,37.70408448591268,-121.90076027577622,2.1790151829182456e-06,True
1538,66,Substation,' ',37.72019332,-121.5952918,Fayette,pge,SUBSTATION,37.72019332141996,-121.595291781209,1.6603069592208528e-06,True
1539,66,Substation,' ',37.74483101,-121.857924,North Dublin,other,SUBSTATION,37.7448310114787,-121.85792400228962,2.5993366715777475e-07,True
1540,115,Substation,' ',40.5258508,-122.4280528,Texas Springs,other,SUBSTATION,40.525850798301626,-122.4280528277784,2.355433012071864e-06,True
1541,66,Substation,' ',33.23069511,-117.0184193,Valley Center,sdge,SUBSTATION,33.230695105150254,-117.0184193402416,3.7815723741549904e-06,True
1542,66,Substation,' ',32.69904488,-116.3537629,Crestwood,sdge,SUBSTATION,32.69904488343419,-116.35376285208058,4.500183030126722e-06,True
1543,115,Substation,' ',34.02229167,-117.3327972,Highgrove,sce,SUBSTATION,34.02229167276715,-117.33279722495992,2.3208084063721364e-06,True
1544,66,Substation,' ',32.79698055,-116.7922,Loveland,sdge,SUBSTATION,32.79698054756498,-116.79220000065668,2.7763221615295046e-07,True
1545,230,Substation,' ',38.12465193,-121.8301478,Birds Landing,other,SUBSTATION,38.124651928026445,-121.8301478295108,2.590727574205957e-06,True
1546,66,Substation,' ',33.05860864,-117.1192854,Lake Hodges,sdge,SUBSTATION,33.05860863726158,-117.1192854358061,3.3507747479116003e-06,True
1547,500,Substation,' ',33.73452905,-117.4125219,Alberhill,sce,,33.734529054067345,-117.41252187323964,2.5155696688273036e-06,True
1548,115,Substation,' ',37.41801671,-120.8309528,August,other,SUBSTATION,37.4180167086175,-120.83095282163087,1.916476736710351e-06,True
1549,115,Substation,' ',37.43627042,-121.1323489,Marshall,other,SUBSTATION,37.43627042154304,-121.13234888666376,1.1899202003649622e-06,True
1550,115,Substation,' ',37.53726161,-120.8092201,Taylor,other,SUBSTATION,37.53726161390632,-120.8092201467758,4.147162500365581e-06,True
1551,66,Substation,' ',37.738605,-121.7711633,Cayetano,pge,SUBSTATION,37.7386049986163,-121.77116328727968,1.1290827316218124e-06,True
1552,66,Substation,' ',37.50071672,-120.913575,Commons,other,SUBSTATION,37.50071671784286,-120.91357504817012,4.2561398459122e-06,True
1553,66,Substation,' ',35.14258236,-117.9687131,Cal City,sce,SUBSTATION,35.142582363623866,-117.9687131156139,1.475793647970937e-06,True
1554,66,Substation,' ',33.96078597,-117.4277577,Mt. View,other,SUBSTATION,33.96078596741811,-117.4277577410828,3.7998187480912312e-06,True
1555,66,Substation,' ',34.00353401,-117.3431884,Alumax,other,,34.003534006271536,-117.3431884265378,2.481160427901924e-06,True
1556,66,Substation,' ',34.2734985,-119.2475484,Pierpont,sce,,34.27349850051571,-119.24754835041084,4.556956822272427e-06,True
1557,66,Substation,' ',32.69488244,-117.1432682,Silvergate,sdge,SUBSTATION,32.69488243674081,-117.14326821023629,1.024144968116099e-06,True
1558,66,Substation,' ',40.36041129,-120.8677626,Coppervale,other,,40.36041128810393,-120.86776257482622,2.1433435751755947e-06,True
1559,66,Substation,' ',40.41450968,-120.7380555,Five Mile,other,SUBSTATION,40.41450968475381,-120.73805552416565,2.113071101650231e-06,True
1560,66,Substation,' ',40.42373732,-120.6545605,Chestnut 1,other,SUBSTATION,40.42373732443716,-120.65456052039796,1.795783336917143e-06,True
1561,66,Substation,' ',40.41232276,-120.6606949,Richmond,other,SUBSTATION,40.41232276097056,-120.66069494092729,3.4667346093839667e-06,True
1562,66,Substation,' ',40.40822706,-120.6473551,Modoc,other,,40.40822705861592,-120.64735508419714,1.3468315169549377e-06,True
1563,66,Substation,' ',40.41007909,-120.6421892,Milwood 1,other,SUBSTATION,40.41007908779207,-120.64218919799512,2.9847810157797076e-07,True
1564,66,Substation,' ',40.41009979,-120.6416013,Milwood 2,other,,40.41009979221395,-120.64160128508423,1.286638237492267e-06,True
1565,66,Substation,' ',40.38191421,-120.57454,Johnstonville,other,SUBSTATION,40.38191420926525,-120.5745399960168,3.471359274664987e-07,True
1566,66,Substation,' ',40.3520719,-120.3224458,Maples Lane,other,,40.35207190161045,-120.32244582955208,2.5106220638172375e-06,True
1567,66,Substation,' ',40.36833693,-120.2647837,Honey Lake,other,SUBSTATION,40.36833693262591,-120.26478365049114,4.204491362860307e-06,True
1568,66,Substation,' ',40.35133837,-120.2488718,Wineagle,other,SUBSTATION,40.35133837431095,-120.24887175799496,3.5916536128927216e-06,True
1569,66,Substation,' ',40.30038982,-120.1942201,Amedee,other,SUBSTATION,40.30038981603017,-120.19422012315978,2.01304509671094e-06,True
1570,66,Substation,' ',41.44399812,-120.8801201,Canby 1,other,SUBSTATION,41.44399811517712,-120.8801201039143,6.277295878922578e-07,True
1571,66,Substation,' ',41.13280847,-121.1375887,Big Valley Lumber Co.,other,SUBSTATION,41.13280847137819,-121.13758868556776,1.2183819653924502e-06,True
1572,66,Substation,' ',41.09133715,-121.1788459,Muck Valley,other,SUBSTATION,41.09133715199359,-121.17884585390104,3.8696100263600355e-06,True
1573,66,Substation,' ',40.29760752,-121.0180107,Mt. Lassen,other,SUBSTATION,40.29760752370292,-121.0180107250969,2.16787429009925e-06,True
1574,66,Substation,' ',40.79375288,-124.1832703,Eureka Station A,pge,SUBSTATION,40.79375287687645,-124.18327027149384,2.4247089427816936e-06,True
1575,66,Substation,' ',40.79343242,-124.1803135,Eureka Station E,pge,SUBSTATION,40.79343242207439,-124.1803134677917,2.7211621492476645e-06,True
1576,66,Substation,' ',40.27530051,-120.187432,Us Ord Depot-Herlong,other,SUBSTATION,40.27530051005712,-120.18743197770468,1.8914539982212732e-06,True
1577,66,Substation,' ',40.1445318,-120.1703093,Patton,other,SUBSTATION,40.14453179840663,-120.17030930997696,8.663493132668565e-07,True
1578,66,Substation,' ',39.65452133,-121.6355082,Clark Road,pge,SUBSTATION,39.65452133080093,-121.63550822129932,1.8256006791152487e-06,True
1579,115,Substation,' ',39.71972703,-121.8393363,Dayton Road,pge,SUBSTATION,39.719727027619335,-121.83933629287388,6.644941697190274e-07,True
1580,66,Substation,' ',39.76192786,-122.1975464,High Line,pge,SUBSTATION,39.76192786067611,-122.19754636048349,3.3785697222982676e-06,True
1581,66,Substation,' ',39.40558966,-123.3270796,Willits Station A,pge,SUBSTATION,39.40558965953939,-123.32707957151013,2.448305744406725e-06,True
1582,115,Substation,' ',39.58040165,-121.1196964,Sly Creek,pge,SUBSTATION,39.580401651569936,-121.1196963680714,2.7418882850187157e-06,True
1583,66,Substation,' ',39.33576922,-120.1837725,North Truckee,other,SUBSTATION,39.33576922299284,-120.1837725329751,2.8554203718296727e-06,True
1584,230,Substation,' ',38.98438032,-120.3273764,Loon Lake,smud,SUBSTATION,38.98438032247759,-120.32737641030886,9.326497886293521e-07,True
1585,230,Substation,' ',38.89702284,-120.378397,Robbs Peak,smud,SUBSTATION,38.8970228409008,-120.37839702481814,2.1501026613453597e-06,True
1586,230,Substation,' ',38.83404102,-120.5318797,Jaybird,smud,SUBSTATION,38.8340410233048,-120.53187968272805,1.5405169357999847e-06,True
1587,115,Substation,' ',38.0718328,-120.5393568,Angels,pge,SUBSTATION,38.07183279950617,-120.53935679326852,5.918036625545947e-07,True
1588,230,Substation,' ',37.9465677,-120.5300395,New Melones,wapa,SUBSTATION,37.94656769986396,-120.53003953211808,2.816365997868707e-06,True
1589,66,Substation,' ',38.03021814,-121.8740447,Los Medanos,other,SUBSTATION,38.03021814008722,-121.87404472152406,1.885245935029147e-06,True
1590,66,Substation,' ',38.03040028,-121.8694191,Loveridge Road,pge,SUBSTATION,38.03040028127549,-121.8694190811146,1.660174216387728e-06,True
1591,115,Substation,' ',38.01494901,-122.1162354,Martinez,pge,SUBSTATION,38.01494900778573,-122.11623544813986,4.224470269556671e-06,True
1592,115,Substation,' ',38.01608705,-122.1162873,Fairview,pge,SUBSTATION,38.01608705182072,-122.11628728147318,1.6355950331123013e-06,True
1593,115,Substation,' ',37.87667314,-120.6055921,Tulloch,pge,SUBSTATION,37.876673141863705,-120.6055921445229,3.913264249575728e-06,True
1594,115,Substation,' ',38.0141512,-121.7753221,Gaylord,other,SUBSTATION,38.014151203405454,-121.77532214325262,3.808057977148027e-06,True
1595,230,Substation,' ',38.01528973,-121.7623028,Contra Costa Power,pge,SUBSTATION,38.01528972980356,-121.76230276116462,3.4022257884193086e-06,True
1596,115,Substation,' ',38.01445584,-121.790861,Riverview,other,SUBSTATION,38.01445584285173,-121.79086098464488,1.3820613584520143e-06,True
1597,115,Substation,' ',37.94324554,-122.384154,Standard Oil 1,other,SUBSTATION,37.94324554325323,-122.38415400241088,4.189896056577156e-07,True
1598,115,Substation,' ',37.94430499,-122.389169,Standard Oil 4,other,SUBSTATION,37.94430499338963,-122.38916899781309,4.228898692357238e-07,True
1599,115,Substation,' ',37.94096481,-122.3887883,Standard Oil 3,other,SUBSTATION,37.94096480527805,-122.38878832365594,2.1398834707286046e-06,True
1600,115,Substation,' ',37.95041,-122.395126,Standard Oil 2,other,SUBSTATION,37.95040999844127,-122.39512600680526,6.213601134658334e-07,True
1601,115,Substation,' ',37.94563541,-122.3809747,Standard Oil 5,other,SUBSTATION,37.94563541294959,-122.38097467869667,1.8966119009871218e-06,True
1602,115,Substation,' ',37.94438087,-119.216016,Poole Ph,sce,SUBSTATION,37.944380874131966,-119.21601602108773,1.9053914272504182e-06,True
1603,230,Substation,' ',37.94623587,-121.7597976,Lone Tree,pge,SUBSTATION,37.94623587461143,-121.7597975664782,2.9838156066522664e-06,True
1604,66,Substation,' ',37.9261806,-122.3695771,Richmond R,pge,SUBSTATION,37.92618059542927,-122.36957712050716,1.8691289675389732e-06,True
1605,115,Substation,' ',37.88360418,-122.1934706,Orinda,pge,SUBSTATION,37.88360417650063,-122.19347064930142,4.3442374905734905e-06,True
1606,230,Substation,' ',37.54586828,-118.5899655,Upper Gorge,ladwp,SUBSTATION,37.54586828289295,-118.5899654666983,2.9535365614574877e-06,True
1607,230,Substation,' ',37.79142631,-121.7277739,US Wind Power,pge,SUBSTATION,37.79142631116007,-121.72777392662525,2.343150959927082e-06,True
1608,115,Substation,' ',37.83757075,-122.2636119,Oakland D,pge,SUBSTATION,37.83757074843421,-122.26361185898772,3.6057621409066655e-06,True
1609,115,Substation,' ',37.79786601,-122.282006,Oakland C,pge,SUBSTATION,37.79786600794784,-122.28200602092356,1.852531484504335e-06,True
1610,115,Substation,' ',37.79743896,-122.2807377,Oakland I,pge,SUBSTATION,37.79743896091407,-122.28073765446842,4.001889676134308e-06,True
1611,115,Substation,' ',37.80528987,-122.2312677,Oakland X,pge,SUBSTATION,37.805289865997466,-122.23126768762208,1.1750124199561003e-06,True
1612,115,Substation,' ',37.810314,-122.271413,Oakland L,pge,SUBSTATION,37.81031399495175,-122.27141300504756,7.153504108577808e-07,True
1613,66,Substation,' ',37.79421735,-121.5595702,Mt. House,pge,SUBSTATION,37.79421735104328,-121.5595701644619,3.1248190788353232e-06,True
1614,66,Substation,' ',37.74908911,-121.6494936,California Energy Tesla,pge,SUBSTATION,37.74908911357867,-121.64949359323576,7.155734485748583e-07,True
1615,230,Substation,' ',37.80058871,-121.6209518,Delta Pumps,other,SUBSTATION,37.80058870662981,-121.62095179555686,5.411369214963018e-07,True
1616,230,Substation,' ',37.74738601,-121.598344,Fayette Energy Corp.,other,SUBSTATION,37.747386010737344,-121.59834399505948,4.420590032776866e-07,True
1617,115,Substation,' ',37.78868624,-122.2898292,NCPA Alameda,other,SUBSTATION,37.78868623860683,-122.28982923101744,2.7300456560056833e-06,True
1618,115,Substation,' ',37.77932065,-122.2926961,Cartwright,other,SUBSTATION,37.77932064674998,-122.29269608597664,1.2843445609104353e-06,True
1619,66,Substation,' ',37.76124999,-121.690746,Green Ridge Services,pge,SUBSTATION,37.76124998638339,-121.69074599267692,7.590400029190774e-07,True
1620,115,Substation,' ',37.64645793,-118.9100447,Mammoth Pacific Il,sce,SUBSTATION,37.64645793312118,-118.9100447455774,4.027774034586408e-06,True
1621,115,Substation,' ',37.64552942,-118.9146492,Mammoth Pacific I,sce,SUBSTATION,37.64552941894216,-118.91464918345162,1.4617363360578928e-06,True
1622,66,Substation,' ',37.74310007,-121.6587199,Zond Wind,pge,SUBSTATION,37.743100065318885,-121.65871992899972,2.6024964052619844e-06,True
1623,115,Substation,' ',37.68223895,-121.705288,Lawrence Livermore Laboratory,pge,SUBSTATION,37.68223894665222,-121.70528803545147,3.1419004334655222e-06,True
1624,66,Substation,' ',37.7265308,-121.5872593,Midway Green Ridge Services,pge,,37.726530802418,-121.58725934901273,4.318973142350113e-06,True
1625,115,Substation,' ',37.69858612,-121.6106741,Patterson Pass,other,SUBSTATION,37.69858611943497,-121.61067405754837,3.7354978047242095e-06,True
1626,115,Substation,' ',37.36244493,-120.6278648,San Joaquin Power,other,,37.36244493143084,-120.62786481273628,1.1368106696436293e-06,True
1627,66,Substation,' ',37.41693813,-118.4028574,White Mt. Radio,sce,SUBSTATION,37.4169381322746,-118.40285740226363,3.223911903099241e-07,True
1628,66,Substation,' ',37.34207284,-118.4409309,Inyo,sce,SUBSTATION,37.3420728447539,-118.44093088233322,1.6488311492276905e-06,True
1629,115,Substation,' ',37.32303711,-118.5017679,Bishop Creek 4,sce,SUBSTATION,37.3230371082762,-118.5017679046358,4.5252323889420826e-07,True
1630,66,Substation,' ',37.36019169,-118.3985227,Dwp,sce,SUBSTATION,37.36019169114109,-118.39852273942998,3.4872002118046596e-06,True
1631,66,Substation,' ',37.27387104,-118.5736305,Bishop Creek 2,sce,SUBSTATION,37.27387103913632,-118.57363052325584,2.059995883901829e-06,True
1632,230,Substation,' ',37.20010694,-119.3068684,Big Creek 2A,sce,SUBSTATION,37.200106942589606,-119.3068683809501,1.711643348920376e-06,True
1633,230,Substation,' ',37.20395556,-119.242925,Big Creek 1,sce,SUBSTATION,37.20395555547393,-119.24292500063044,5.063637119016691e-07,True
1634,230,Substation,' ',36.92739551,-119.0208088,Haas,pge,SUBSTATION,36.92739551493467,-119.02080883955904,3.558916793743337e-06,True
1635,230,Substation,' ',37.20971272,-119.328853,Big Creek 8,sce,SUBSTATION,37.20971271545284,-119.32885300467684,6.536006575778589e-07,True
1636,230,Substation,' ',37.22028333,-119.3380194,Mammoth,sce,SUBSTATION,37.22028333304702,-119.33801944801216,4.26477725622591e-06,True
1637,66,Substation,' ',37.08690864,-121.0168727,Chevron Los Banos,other,,37.086908641106525,-121.0168726760039,2.132068977715372e-06,True
1638,115,Substation,' ',36.94007047,-118.2569513,Division Creek,sce,SUBSTATION,36.94007046613018,-118.25695130884856,8.964371262883869e-07,True
1639,115,Substation,' ',37.14207156,-118.3241606,Big Pine,sce,SUBSTATION,37.14207156125533,-118.324160611502,1.029026246855316e-06,True
1640,230,Substation,' ',37.01341111,-120.9452333,Wright,pge,SUBSTATION,37.013411112949264,-120.9452333297489,2.6616419350739183e-06,True
1641,66,Substation,' ',37.06232233,-121.18011,Pacheco,wapa,SUBSTATION,37.06232233199356,-121.18010995822787,3.71312166260115e-06,True
1642,230,Substation,' ',37.06666669,-121.0754528,San Luis,pge,SUBSTATION,37.06666668816659,-121.07545277410044,2.3069951636991457e-06,True
1643,115,Substation,' ',37.0922461,-119.5526664,Kerchoff 1,pge,SUBSTATION,37.09224609880732,-119.55266643410953,3.0282952617706517e-06,True
1644,230,Substation,' ',37.14821116,-119.3885387,Big Creek 3,sce,SUBSTATION,37.14821115717656,-119.38853871210998,1.1182912780842547e-06,True
1645,115,Substation,' ',37.07187751,-119.558037,Kerchoff 2,pge,SUBSTATION,37.07187751488886,-119.55803699738144,5.911780146588715e-07,True
1646,230,Substation,' ',36.83274727,-119.3268009,Pine Flat,pge,SUBSTATION,36.83274726809918,-119.32680087985766,1.805069894957291e-06,True
1647,230,Substation,' ',36.78002058,-120.729744,San Luis 5,pge,SUBSTATION,36.78002057787478,-120.72974401420127,1.2866600435234965e-06,True
1648,66,Substation,' ',36.80022812,-121.7690706,Dolan Road,pge,SUBSTATION,36.80022812267143,-121.76907061405304,1.2860175365106865e-06,True
1649,66,Substation,' ',36.62404337,-121.6880604,Reservation Road,pge,SUBSTATION,36.62404336583979,-121.68806042023954,1.864503280115119e-06,True
1650,66,Substation,' ',36.71951798,-119.764185,California Ave,pge,SUBSTATION,36.71951798339581,-119.76418502160708,1.9625235877033477e-06,True
1651,115,Substation,' ',36.68886004,-119.7237178,Rio Bravo Fresno,pge,SUBSTATION,36.68886004102305,-119.72371782540635,2.268244421372824e-06,True
1652,115,Substation,' ',36.69045427,-119.7404181,Kings River Consrv.,pge,SUBSTATION,36.69045427413424,-119.74041806567574,3.0948373194704e-06,True
1653,115,Substation,' ',36.53941711,-119.5806772,East Bank,other,SUBSTATION,36.53941711049656,-119.5806772059287,5.3253648059601e-07,True
1654,66,Substation,' ',36.13620329,-120.3442291,Coalinga 1,pge,SUBSTATION,36.136203290897456,-120.34422914244838,3.8132975837850316e-06,True
1655,66,Substation,' ',36.23719531,-120.3147162,Coalinga 2,pge,SUBSTATION,36.23719530813537,-120.31471623769188,3.386831572470089e-06,True
1656,230,Substation,' ',36.03673169,-117.7979617,Coso 1-3,sce,SUBSTATION,36.03673169209842,-117.79796170609256,5.954430374492696e-07,True
1657,115,Substation,' ',36.00145001,-117.7901861,Coso 8-9,sce,SUBSTATION,36.00145000689258,-117.79018610536248,5.933749906909081e-07,True
1658,115,Substation,' ',36.00617523,-117.8101854,Coso 7,sce,SUBSTATION,36.0061752320737,-117.81018537111213,2.608718172055309e-06,True
1659,115,Substation,' ',36.01858914,-117.7915328,Coso 4-6,sce,SUBSTATION,36.01858913869485,-117.79153279816578,2.197172313173836e-07,True
1660,66,Substation,' ',36.22587778,-121.1283444,Calpine Corp.,other,SUBSTATION,36.22587778257522,-121.12834444172636,3.753801436875183e-06,True
1661,66,Substation,' ',36.05657777,-119.5499472,Quebec Corcoran State Prison,other,SUBSTATION,36.05657776654397,-119.5499472340916,3.088631003744261e-06,True
1662,66,Substation,' ',35.46016796,-118.7796082,Kern River 1,sce,SUBSTATION,35.460167958765894,-118.77960818591843,1.2827338321826403e-06,True
1663,66,Substation,' ',35.77620279,-118.4362468,Kern River 3,sce,SUBSTATION,35.776202785355125,-118.43624680445512,6.544389609353401e-07,True
1664,115,Substation,' ',35.55923489,-118.9576432,Poso Mt.,pge,SUBSTATION,35.55923489011593,-118.95764321438143,1.3009890309271084e-06,True
1665,66,Substation,' ',35.45137667,-118.9839222,Omar,sce,SUBSTATION,35.45137666675964,-118.98392217285036,2.4854756815000425e-06,True
1666,115,Substation,' ',35.51575889,-119.040603,Sierra,pge,SUBSTATION,35.515758891424355,-119.04060295449294,4.121786742052878e-06,True
1667,115,Substation,' ',35.41707406,-119.00734,Oildale Cogen,other,SUBSTATION,35.417074057900166,-119.00733999994848,2.3353752208666015e-07,True
1668,115,Substation,' ',35.44042076,-119.0133061,Dai/Oildale Cogen,pge,SUBSTATION,35.44042076314727,-119.01330614773951,4.338983399707506e-06,True
1669,115,Substation,' ',35.2769642,-119.4741216,U.S. Navy 35R,other,SUBSTATION,35.2769641952892,-119.4741216455869,4.171227093042893e-06,True
1670,115,Substation,' ',35.27225248,-119.474105,Sunset,other,SUBSTATION,35.272252481706616,-119.47410503905768,3.5507870608406485e-06,True
1671,115,Substation,' ',35.28134076,-119.4699213,Elk Hills Cogen 1,pge,SUBSTATION,35.28134075980005,-119.46992125210744,4.3473261417784925e-06,True
1672,115,Substation,' ',35.28117768,-119.4728705,Elk Hills Cogen 2,pge,SUBSTATION,35.281177682288366,-119.4728704495776,4.583982969529759e-06,True
1673,115,Substation,' ',35.2786367,-119.4641802,Elk Hills Cogen 3,pge,SUBSTATION,35.27863670288552,-119.46418022953011,2.699708955644811e-06,True
1674,115,Substation,' ',35.42487718,-119.6876388,Mobil South Belridge,other,SUBSTATION,35.424877178976644,-119.68763879193234,7.398135304958939e-07,True
1675,66,Substation,' ',35.3634818,-119.6755007,Welport,pge,SUBSTATION,35.363481802893084,-119.67550066129364,3.5245721730120984e-06,True
1676,66,Substation,' ',35.29631924,-119.6270095,Mckittrick,pge,SUBSTATION,35.29631924245988,-119.62700952309002,2.1132983894469337e-06,True
1677,66,Substation,' ',35.4405646,-118.7967529,Kern Canyon,pge,SUBSTATION,35.440564603595185,-118.79675290206322,4.413037461043889e-07,True
1678,66,Substation,' ',35.62202485,-117.6883033,Downs,sce,SUBSTATION,35.622024853187,-117.68830329152696,8.438750272566454e-07,True
1679,230,Substation,' ',35.02957907,-119.0044792,Wheeler,other,SUBSTATION,35.029579070412936,-119.00447923424755,3.1186670808891334e-06,True
1680,66,Substation,' ',35.05874577,-118.2699171,Morwind,sce,SUBSTATION,35.0587457650215,-118.2699171248418,2.3278848783688635e-06,True
1681,66,Substation,' ',35.0446759,-118.2763121,Eastwind,sce,SUBSTATION,35.04467589649689,-118.276312092782,7.638747687604415e-07,True
1682,66,Substation,' ',35.04604202,-118.2808834,Mojave 17,sce,SUBSTATION,35.04604201688036,-118.28088337143151,2.6237431778670206e-06,True
1683,230,Substation,' ',35.03860642,-118.2928989,Winderness,sce,SUBSTATION,35.03860641634559,-118.2928989487176,4.453950086982562e-06,True
1684,115,Substation,' ',35.22732222,-119.6310111,Midway-Sunset Cogeneration,pge,SUBSTATION,35.22732221964842,-119.63101111071208,9.737826870215077e-07,True
1685,115,Substation,' ',35.22558057,-119.6297639,Midway-Sunset Cogen 3,pge,SUBSTATION,35.2255805690481,-119.62976389920804,1.279774496398232e-07,True
1686,66,Substation,' ',35.27635813,-119.5988863,North Midway,pge,SUBSTATION,35.27635813221335,-119.59888631120108,1.0461600877319203e-06,True
1687,66,Substation,' ',35.22527531,-119.5594974,Dome Project,pge,SUBSTATION,35.22527531197844,-119.55949744740808,4.311884753031789e-06,True
1688,115,Substation,' ',35.1457167,-119.5027528,University,other,SUBSTATION,35.145716695764904,-119.50275278729104,1.2478115573674681e-06,True
1689,230,Substation,' ',35.15800786,-119.348897,Buena Vista Pumps,pge,SUBSTATION,35.158007860457275,-119.34889697276218,2.476692960849024e-06,True
1690,66,Substation,' ',35.08980448,-119.441227,Berry,pge,SUBSTATION,35.089804481514875,-119.44122704526774,4.1221499340787766e-06,True
1691,66,Substation,' ',34.86026253,-118.8805391,Lebec,other,SUBSTATION,34.86026252741612,-118.88053907027972,2.726880917550414e-06,True
1692,115,Substation,' ',35.03252074,-117.7003105,U.S. Borax,other,SUBSTATION,35.03252073579049,-117.70031048429551,1.5045465548967452e-06,True
1693,66,Substation,' ',34.15591282,-118.2775984,Grayson,other,SUBSTATION,34.15591281903145,-118.27759837314936,2.473014865157379e-06,True
1694,66,Substation,' ',34.17780359,-118.316146,Magnolia,other,,34.17780359360383,-118.31614596418086,3.319328261472209e-06,True
1695,66,Substation,' ',34.17160752,-118.3038497,Glendale,other,SUBSTATION,34.1716075240919,-118.3038496605168,3.660766486508955e-06,True
1696,66,Substation,' ',34.10139918,-118.2877455,Station 54 ,sce,SUBSTATION,34.101399183574514,-118.2877455253539,2.3680455349168643e-06,True
1697,66,Substation,' ',34.04077632,-117.8218358,Spadra,sce,SUBSTATION,34.04077632116868,-117.8218357598405,3.7025988831123888e-06,True
1698,66,Substation,' ',34.024072,-118.0241972,Puente Hills,sce,,34.02407200437444,-118.02419715496548,4.17872886912227e-06,True
1699,66,Substation,' ',33.90248924,-118.4028868,Chevmain,sce,SUBSTATION,33.90248924260048,-118.4028868488978,4.522054741557612e-06,True
1700,66,Substation,' ',33.87575205,-118.2491081,Icegen,sce,SUBSTATION,33.875752046218246,-118.24910814073236,3.7838247002131676e-06,True
1701,66,Substation,' ',33.80372031,-118.2821461,Outfall,sce,SUBSTATION,33.80372031448248,-118.28214609706995,5.67208314512417e-07,True
1702,66,Substation,' ',33.79405948,-118.2353506,Shell Los Angeles,sce,SUBSTATION,33.794059484679245,-118.23535058195384,1.746889539689708e-06,True
1703,115,Substation,' ',33.77007438,-118.2651929,Harbor,ladwp,,33.77007437946377,-118.26519286660712,3.087197704419805e-06,True
1704,66,Substation,' ',33.77514222,-118.2278691,Hanjin,sce,SUBSTATION,33.7751422213954,-118.22786908736782,1.1778344735286235e-06,True
1705,66,Substation,' ',33.7656395,-118.2251507,Long Beach,sce,SUBSTATION,33.76563950429359,-118.2251507255038,2.4053849969371116e-06,True
1706,115,Substation,' ',33.15710432,-115.6467855,Salton Sea 1,iid,SUBSTATION,33.157104320724564,-115.64678548155734,1.71870773399907e-06,True
1707,115,Substation,' ',33.15682042,-115.6399654,Salton Sea 3,iid,SUBSTATION,33.15682042211293,-115.6399653676132,3.024019278032441e-06,True
1708,115,Substation,' ',33.1577481,-115.6400038,Salton Sea 2,iid,SUBSTATION,33.15774810095882,-115.6400038240268,2.2391662031027044e-06,True
1709,115,Substation,' ',33.16232475,-115.6177256,Vulcan,iid,SUBSTATION,33.16232475266174,-115.61772558471392,1.453344789381905e-06,True
1710,115,Substation,' ',33.16436955,-115.6153132,A W Hoch,iid,SUBSTATION,33.16436954540794,-115.6153132476502,4.464661473408257e-06,True
1711,115,Substation,' ',33.17808484,-115.6042926,J J Elmore,iid,SUBSTATION,33.17808483722805,-115.60429258049032,1.841687130614172e-06,True
1712,115,Substation,' ',33.17838727,-115.5658256,J M Leathers,iid,SUBSTATION,33.178387267357415,-115.56582564060272,3.790178271450275e-06,True
1713,115,Substation,' ',32.96851821,-115.5346445,Rockwood,iid,SUBSTATION,32.968518210433416,-115.53464446819224,2.9677110461039322e-06,True
1714,115,Substation,' ',32.81647025,-115.2573359,East Mesa 1,iid,SUBSTATION,32.816470254070055,-115.25733585146357,4.558224439377408e-06,True
1715,115,Substation,' ',32.78658788,-115.2487903,East Mesa 2,iid,SUBSTATION,32.786587884642955,-115.24879026862462,2.9780884565566124e-06,True
1716,115,Substation,' ',32.77451111,-115.2648667,East Mesa 3,iid,SUBSTATION,32.77451111067762,-115.26486666672756,3.1116706051846233e-06,True
1717,115,Substation,' ',32.77523611,-115.2632922,Gem III,iid,,32.77523610633583,-115.26329223227164,3.0445504774077387e-06,True
1718,115,Substation,' ',32.70607416,-115.217907,Drop 4,iid,SUBSTATION,32.70607416314305,-115.21790695953771,3.8019650663926174e-06,True
1719,115,Substation,' ',32.7060577,-115.1263706,Drop 3,iid,SUBSTATION,32.706057697608784,-115.12637064030685,3.780686096344978e-06,True
1720,66,Substation,' ',32.77916572,-114.6344093,Siphon Drop,iid,SUBSTATION,32.779165721876645,-114.63440925630812,4.09001969710313e-06,True
1721,66,Substation,' ',32.7145034,-115.5174953,Heber Geothermal,iid,SUBSTATION,32.71450339503957,-115.51749526949432,2.9068172712731918e-06,True
1722,115,Substation,' ',32.67353827,-115.3920561,Drop 5,iid,SUBSTATION,32.67353826795076,-115.3920560644586,3.334450917882597e-06,True
1723,66,Substation,' ',41.93298104,-122.4367485,Iron Gate,pacificorp,,41.932981039006506,-122.43674846188034,3.1552274511426497e-06,True
1724,66,Substation,' ',41.97986964,-122.3359387,Copco 1,pacificorp,SUBSTATION,41.97986963624015,-122.33593870697112,7.119208002981396e-07,True
1725,115,Substation,' ',41.60383182,-122.5226591,Lucerne,pacificorp,SUBSTATION,41.60383181796002,-122.5226590674409,2.7166579343617502e-06,True
1726,230,Substation,' ',40.98975466,-121.4967732,Pit 1 A,pge,SUBSTATION,40.98975466438371,-121.49677324479578,3.791305824093474e-06,True
1727,230,Substation,' ',40.98709396,-121.8493033,Pit 4,pge,SUBSTATION,40.98709395894264,-121.84930328788134,1.0239693121944859e-06,True
1728,230,Substation,' ',40.99253306,-121.9746015,James B. Black,pge,SUBSTATION,40.99253305530018,-121.97460152736431,2.355375264655683e-06,True
1729,230,Substation,' ',40.92227055,-121.9923454,Pit 6,pge,SUBSTATION,40.92227055364233,-121.99234538707358,1.1591204783631658e-06,True
1730,230,Substation,' ',40.98672929,-121.9765849,Pit 5,pge,SUBSTATION,40.98672928632707,-121.97658491117306,1.0229006883811324e-06,True
1731,230,Substation,' ',40.79696775,-122.7614314,Trinity Hydro,other,SUBSTATION,40.79696775156744,-122.76143137687087,1.954745480964506e-06,True
1732,230,Substation,' ',40.59823642,-122.5371186,Whiskeytown,wapa,SUBSTATION,40.59823642127988,-122.53711860373672,3.4610267808620454e-07,True
1733,230,Substation,' ',40.64590342,-122.6257398,Carr,wapa,SUBSTATION,40.64590341695069,-122.6257398136769,1.2026928267683133e-06,True
1734,66,Substation,' ',40.67817555,-121.8730925,Kilarc,pge,SUBSTATION,40.67817555451951,-121.87309246356546,3.1132921734786102e-06,True
1735,66,Substation,' ',40.57186647,-122.0203827,Cow Creek,pge,SUBSTATION,40.57186647034807,-122.0203827065687,5.561568045736867e-07,True
1736,66,Substation,' ',40.73723942,-122.3224981,Mt. Gate,pge,SUBSTATION,40.73723942472659,-122.32249810228689,5.597779208396841e-07,True
1737,115,Substation,' ',40.63357895,-122.3918969,Beltline,other,SUBSTATION,40.633578946207,-122.39189692931272,2.5092432211704036e-06,True
1738,66,Substation,' ',40.74435042,-122.3083163,Mt. Gate Junction,pge,SUBSTATION,40.74435042460144,-122.30831628967974,1.0088083295440844e-06,True
1739,115,Substation,' ',40.53504296,-122.3775951,Moore Road,other,SUBSTATION,40.53504296199494,-122.37759514265812,3.611818979742156e-06,True
1740,115,Substation,' ',40.58640252,-122.3952491,Oregon St,other,SUBSTATION,40.58640251499354,-122.39524905976924,3.442567200898105e-06,True
1741,115,Substation,' ',40.57484532,-122.3894841,Waldon,other,SUBSTATION,40.57484532061687,-122.3894841084286,7.151669395378365e-07,True
1742,230,Substation,' ',40.6280133,-122.4677291,Spring Creek,wapa,SUBSTATION,40.62801329547465,-122.4677291346775,2.9694408531956474e-06,True
1743,66,Substation,' ',40.40490556,-122.1217246,Coleman,other,SUBSTATION,40.40490555533054,-122.12172456111702,3.333029092712957e-06,True
1744,115,Substation,' ',40.51800505,-122.3153389,Airport Road 1,other,SUBSTATION,40.51800504582735,-122.31533890316436,5.355591484089682e-07,True
1745,66,Substation,' ',40.45955127,-121.8664328,Volta 1,pge,SUBSTATION,40.45955126665701,-121.8664328193955,1.682518850358911e-06,True
1746,66,Substation,' ',40.40132958,-121.9651054,Inskip,pge,SUBSTATION,40.40132957916039,-121.9651053658046,2.8970856741468735e-06,True
1747,66,Substation,' ',40.14465791,-122.2116928,Packaging,other,SUBSTATION,40.14465790634146,-122.21169283037932,2.6140778065889537e-06,True
1748,115,Substation,' ',40.17581925,-121.1907463,Butt Valley,pge,SUBSTATION,40.17581924598903,-121.1907463469757,4.015922775293265e-06,True
1749,66,Substation,' ',39.97493535,-120.9447603,Unknown,pge,,39.974935345896654,-120.94476034344426,3.729963754629858e-06,True
1750,66,Substation,' ',39.75696824,-120.3708737,Marble,other,SUBSTATION,39.75696823722704,-120.37087365834935,3.5737336879192697e-06,True
1751,66,Substation,' ',39.80126759,-120.6449025,Mohawk,other,SUBSTATION,39.801267592094575,-120.64490254916258,4.206296264238771e-06,True
1752,66,Substation,' ',39.24586381,-120.0274494,Kings Beach,other,SUBSTATION,39.24586380561402,-120.027449421649,1.9270089443703814e-06,True
1753,66,Substation,' ',39.13686954,-121.6401138,Greenleaf Unit Ii,other,SUBSTATION,39.13686953790881,-121.6401137762936,2.05779074834948e-06,True
1754,66,Substation,' ',39.0525088,-121.6919042,Sutter Power,pge,SUBSTATION,39.05250879544234,-121.69190423802937,3.322730316936155e-06,True
1755,115,Substation,' ',38.88992636,-121.0984958,Wise,pge,SUBSTATION,38.88992635835282,-121.09849583458151,2.9985950831129193e-06,True
1756,115,Substation,' ',38.8057044,-122.8149792,Geysers Unit 3,pge,SUBSTATION,38.80570439815968,-122.81497922510012,2.184568526196577e-06,True
1757,115,Substation,' ',38.81471409,-122.8020392,Ridge Line,pge,SUBSTATION,38.81471408642573,-122.80203918048647,1.7367485017111118e-06,True
1758,230,Substation,' ',38.8053101,-122.7838602,Cobb Creek,pge,SUBSTATION,38.80531010470983,-122.78386017768248,2.003515664259009e-06,True
1759,66,Substation,' ',37.31772837,-122.0887268,Magnesium,pge,,37.31772836573991,-122.0887268467429,4.160611783419034e-06,True
1760,230,Substation,' ',38.795979,-122.7670067,Fumarole,pge,SUBSTATION,38.79597899954995,-122.76700668231793,1.5332044026019915e-06,True
1761,66,Substation,' ',38.7794983,-121.2827414,Park,pge,SUBSTATION,38.77949830211822,-121.28274135487744,3.91845971310415e-06,True
1762,230,Substation,' ',38.75227765,-122.7195493,NCPA 1&2,pge,SUBSTATION,38.752277648346734,-122.71954930248444,2.8321469440544395e-07,True
1763,66,Substation,' ',38.60655701,-122.852858,Fitch Mt.,pge,SUBSTATION,38.60655700780188,-122.85285800306566,3.615280603598059e-07,True
1764,66,Substation,' ',38.64740601,-121.411359,Mcclellan-Bell,smud,SUBSTATION,38.64740601249178,-121.4113590028844,3.735170850329196e-07,True
1765,66,Substation,' ',38.60630599,-121.34661,Walnut,smud,SUBSTATION,38.60630598571929,-121.34660998589092,1.3151469918217331e-06,True
1766,66,Substation,' ',38.62063386,-121.405762,Wright,smud,SUBSTATION,38.62063386141434,-121.40576201043108,9.197586815569341e-07,True
1767,66,Substation,' ',38.59310499,-121.237507,White Rock-Aerojet,smud,,38.59310498736732,-121.23750700896056,8.319621913259038e-07,True
1768,66,Substation,' ',38.61922402,-121.282636,Carmichael Id,smud,SUBSTATION,38.61922401696264,-121.28263598424904,1.4094728870076593e-06,True
1769,66,Substation,' ',38.60908499,-121.491049,Azusa -Thelma,smud,SUBSTATION,38.609084994080106,-121.49104898790256,1.1448766999040807e-06,True
1770,66,Substation,' ',38.61934901,-121.439584,Alamos,smud,SUBSTATION,38.6193490142511,-121.43958401746362,1.5891327907380612e-06,True
1771,66,Substation,' ',38.58062618,-121.3851902,Larch-Northrop,smud,SUBSTATION,38.58062617961389,-121.38519023916793,3.4049273018194472e-06,True
1772,66,Substation,' ',38.59787636,-121.3812278,Pak-N-Save 1,smud,SUBSTATION,38.59787635547851,-121.3812278306119,2.707378660666441e-06,True
1773,66,Substation,' ',38.57077511,-121.451394,Arden Pumping Sta.,smud,SUBSTATION,38.57077510735377,-121.45139398751697,1.1244131086677215e-06,True
1774,66,Substation,' ',38.55643741,-121.4265029,Csus,smud,SUBSTATION,38.55643740868742,-121.42650292876712,2.5056660706575275e-06,True
1775,66,Substation,' ',38.53171154,-121.4001031,Air Products 2,smud,SUBSTATION,38.5317115365701,-121.40010307874805,1.8875075291540404e-06,True
1776,66,Substation,' ',38.52911015,-121.7513987,UC Davis,pge,SUBSTATION,38.52911014688864,-121.7513986700727,2.6261697476826704e-06,True
1777,66,Substation,' ',38.49860176,-121.4279462,Pak-N-Save 2,smud,,38.49860176056151,-121.42794623913282,3.406057985213933e-06,True
1778,66,Substation,' ',38.34437299,-121.1235694,Rancho Seco,smud,SUBSTATION,38.3443729852998,-121.12356941729524,1.5962961346440237e-06,True
1779,66,Substation,' ',38.271455,-121.312744,Air Products 1,smud,SUBSTATION,38.27145500144809,-121.31274401793031,1.5735313722728009e-06,True
1780,66,Substation,' ',38.27497882,-121.282964,Marengo-SPRR,smud,SUBSTATION,38.27497882475674,-121.28296399112668,9.379426096016718e-07,True
1781,115,Substation,' ',38.19806517,-122.1551376,Cordelia Interm Pumps,other,SUBSTATION,38.19806516907967,-122.15513756387683,3.1583034104712233e-06,True
1782,115,Substation,' ',38.20550643,-122.147878,Jameson,pge,SUBSTATION,38.20550643382101,-122.1478779805956,1.7479181347008134e-06,True
1783,230,Substation,' ',38.123638,-121.829231,US Windpower,other,SUBSTATION,38.12363800494861,-121.8292309874816,1.2255235308113658e-06,True
1784,66,Substation,' ',38.24122071,-121.8557539,Creed Energy,pge,SUBSTATION,38.24122070720033,-121.85575393461002,3.03861276925451e-06,True
1785,66,Substation,' ',38.22659284,-121.8441836,Goose Haven,pge,SUBSTATION,38.2265928409433,-121.84418359857176,1.6299134909141047e-07,True
1786,115,Substation,' ',38.22688953,-121.0245828,Camanche Dam,other,SUBSTATION,38.22688952562461,-121.02458280408376,6.032848171045503e-07,True
1787,230,Substation,' ',38.08793823,-121.3882058,Lodi Stig,other,SUBSTATION,38.08793822765308,-121.38820584802858,4.211441225845366e-06,True
1788,66,Substation,' ',38.11600961,-121.290442,Henning,pge,SUBSTATION,38.11600960870221,-121.29044203727057,3.26376924504958e-06,True
1789,66,Substation,' ',38.13724028,-121.2613779,Lodi,other,SUBSTATION,38.137240278833545,-121.2613778814748,1.6253712821987473e-06,True
1790,66,Substation,' ',37.91255598,-121.2633716,Stockton Cogen,pge,SUBSTATION,37.9125559768013,-121.26337159943589,3.5910501381291526e-07,True
1791,66,Substation,' ',37.93766718,-121.3283912,Stockton Wastewater,other,SUBSTATION,37.9376671775382,-121.3283912215907,1.913129532229857e-06,True
1792,66,Substation,' ',37.79785502,-121.274217,Vierra,pge,SUBSTATION,37.797855016410985,-121.2742169983529,4.2451013680869136e-07,True
1793,66,Substation,' ',37.80878549,-121.2765713,Howland Road,pge,SUBSTATION,37.80878549138279,-121.27657128699784,1.1525543234087292e-06,True
1794,66,Substation,' ',37.75614112,-121.4169099,Leprino Foods (Tracy),other,SUBSTATION,37.7561411160082,-121.41690987319215,2.3982029366482134e-06,True
1795,115,Substation,' ',37.67245302,-121.5443886,AEC 2,other,SUBSTATION,37.67245301715513,-121.5443886182344,1.6357387400144601e-06,True
1796,115,Substation,' ',37.72005266,-121.4884286,Thermal Energy,pge,SUBSTATION,37.72005265740157,-121.48842859533217,5.020417490518545e-07,True
1797,115,Substation,' ',37.71036086,-121.4899576,GWF Tracy,pge,SUBSTATION,37.71036085561445,-121.48995755444668,4.036786457480935e-06,True
1798,115,Substation,' ',37.73691799,-122.3768664,Hunters Point,pge,SUBSTATION,37.73691799383807,-122.37686636880566,2.7761128538290597e-06,True
1799,115,Substation,' ',37.74602982,-122.4033721,Bayshore ,pge,SUBSTATION,37.74602981587972,-122.40337211093212,1.0648152583635368e-06,True
1800,66,Substation,' ',37.64289802,-121.040375,Rosemore A,other,,37.64289801647388,-121.04037499349904,6.938060298267185e-07,True
1801,66,Substation,' ',37.65300923,-121.0196588,Woodland- Mid,other,SUBSTATION,37.65300922969731,-121.01965877709924,2.016366973832583e-06,True
1802,66,Substation,' ',37.637159,-120.993187,12th Street,other,SUBSTATION,37.63715899773227,-120.99318701199228,1.0856637901314364e-06,True
1803,66,Substation,' ',37.641965,-121.00605,8th Street,other,SUBSTATION,37.64196500377312,-121.00605000020984,4.199588563381732e-07,True
1804,66,Substation,' ',37.62925302,-120.931338,Mcclure,other,SUBSTATION,37.62925301630144,-120.93133798609162,1.2920285235253757e-06,True
1805,66,Substation,' ',37.48947163,-120.8380604,F Street,other,SUBSTATION,37.48947162508136,-120.83806038958495,1.0693596791055655e-06,True
1806,115,Substation,' ',37.48773294,-120.8968342,Walnut Energy,other,SUBSTATION,37.48773293527221,-120.8968341728128,2.455694329456945e-06,True
1807,66,Substation,' ',37.45537671,-122.1782867,Sri,pge,SUBSTATION,37.45537671251861,-122.17828672892516,2.568524580918048e-06,True
1808,66,Substation,' ',37.4547593,-121.9355511,Newby Island I,pge,SUBSTATION,37.454759299452746,-121.93555105344583,4.109801923087523e-06,True
1809,115,Substation,' ',37.40954139,-122.0317761,Lockheed 1,other,SUBSTATION,37.40954138684667,-122.03177614066104,3.608405545449697e-06,True
1810,115,Substation,' ',37.41613333,-122.0308028,Lockheed 2,other,SUBSTATION,37.41613333334354,-122.03080277718443,2.048988533704036e-06,True
1811,115,Substation,' ',37.41811202,-122.063481,Nasa,other,SUBSTATION,37.418112018487015,-122.06348097931397,1.834585663994372e-06,True
1812,66,Substation,' ',37.36941523,-121.9445236,Container Corp.,svp,SUBSTATION,37.369415234020046,-121.94452359859427,4.6394879426656523e-07,True
1813,115,Substation,' ',37.26909516,-121.7872462,Piercy,pge,SUBSTATION,37.26909515749541,-121.78724623859824,3.426853483347075e-06,True
1814,66,Substation,' ',37.22643981,-121.9773522,Los Gatos,pge,SUBSTATION,37.22643981154891,-121.97735216024137,3.524402972892311e-06,True
1815,115,Substation,' ',37.24447236,-121.7964123,IBM Cottle,other,SUBSTATION,37.24447235977669,-121.79641226136307,3.4201505641903843e-06,True
1816,115,Substation,' ',37.21507985,-121.8043416,IBM Harry Road,other,SUBSTATION,37.21507985425151,-121.80434161998434,1.831717706891056e-06,True
1817,66,Substation,' ',37.2142178,-121.8952356,Guadalupe,pge,SUBSTATION,37.21421780228547,-121.89523561623888,1.4602902996014094e-06,True
1818,115,Substation,' ',37.19925063,-121.7490891,IBM Bailey Road,other,SUBSTATION,37.19925063166495,-121.74908910855162,7.797206670781296e-07,True
1819,500,Substation,' ',37.22628255,-121.7462767,Metcalf 2,pge,SUBSTATION,37.22628255275606,-121.74627670579927,5.979647508007408e-07,True
1820,230,Substation,' ',37.22141404,-121.746599,Metcalf Energy Center,pge,SUBSTATION,37.22141403525465,-121.7465990269561,2.444457452938176e-06,True
1821,115,Substation,' ',36.99859078,-121.5364215,Gilroy Food I,other,SUBSTATION,36.99859077860152,-121.536421537882,3.367736583472619e-06,True
1822,66,Substation,' ',36.91115927,-121.7679575,Calpine Monterey,other,SUBSTATION,36.91115926832345,-121.7679575216844,1.9369071702972217e-06,True
1823,115,Substation,' ',35.02029675,-117.5662498,SEGS 6,sce,SUBSTATION,35.02029674996945,-117.5662498456552,4.157497156905605e-06,True
1824,115,Substation,' ',35.01551078,-117.5657344,SEGS 7,sce,SUBSTATION,35.0155107843272,-117.565734353386,4.272239511686408e-06,True
1825,115,Substation,' ',35.01904365,-117.5555104,SEGS 5,sce,SUBSTATION,35.019043649308585,-117.5555103699416,2.73832849518507e-06,True
1826,115,Substation,' ',35.01185281,-117.5556662,SEGS 4,sce,SUBSTATION,35.01185281371926,-117.55566618248402,1.6479577512024092e-06,True
1827,115,Substation,' ',35.00735718,-117.5557409,SEGS 3,sce,SUBSTATION,35.007357180705725,-117.5557409365196,3.3270355006405336e-06,True
1828,115,Substation,' ',35.70415183,-117.3933603,Westend,sce,SUBSTATION,35.70415183188721,-117.39336034342632,3.926785514041846e-06,True
1829,115,Substation,' ',35.76488065,-117.3754457,Trona,sce,SUBSTATION,35.76488065091537,-117.37544565456528,4.100656829253781e-06,True
1830,500,Substation,' ',35.21629199,-120.847388,Diablo Canyon,pge,SUBSTATION,35.21629198772879,-120.84738797907124,1.9179529272586217e-06,True
1831,230,Substation,' ',34.14883909,-115.1219475,Iron Mt.,sce,SUBSTATION,34.148839089191185,-115.12194753694088,3.400596847798608e-06,True
1832,115,Substation,' ',34.94478983,-120.4577742,Santa Maria Cogen,pge,SUBSTATION,34.94478983212465,-120.45777417291836,2.479688732311187e-06,True
1833,115,Substation,' ',34.86159802,-116.8280445,SEGS 2,sce,SUBSTATION,34.86159802212094,-116.828044497378,3.359313093501082e-07,True
1834,230,Substation,' ',34.59531611,-117.3630892,Caldwell,other,SUBSTATION,34.59531611164384,-117.36308916714994,3.012440350500709e-06,True
1835,66,Substation,' ',34.76375276,-120.5259889,Vandenberg Afb,other,SUBSTATION,34.76375276364824,-120.52598890492688,6.059027092545147e-07,True
1836,66,Substation,' ',34.60605018,-117.3350898,Rivertex,sce,SUBSTATION,34.60605018438025,-117.33508975017422,4.586088503865774e-06,True
1837,115,Substation,' ',34.38305539,-116.9411811,Pluess,sce,SUBSTATION,34.38305539326738,-116.94118109522248,5.693941172392168e-07,True
1838,115,Substation,' ',34.566,-117.3124944,Soport,sce,SUBSTATION,34.56600000012016,-117.31249444437476,4.0632414695864914e-06,True
1839,66,Substation,' ',34.4041565,-119.7265495,Playa,sce,SUBSTATION,34.40415649618411,-119.7265494587461,3.80850335889294e-06,True
1840,230,Substation,' ',34.29103334,-114.141425,Parker 2,wapa,SUBSTATION,34.29103333729369,-114.14142500212164,3.5853559063263046e-07,True
1841,115,Substation,' ',34.30747075,-117.3234937,Mojave Siphon,other,SUBSTATION,34.30747075398313,-117.32349372436823,2.2816155060490682e-06,True
1842,66,Substation,' ',34.14563804,-117.0591055,Santa Ana 1,sce,SUBSTATION,34.14563804353655,-117.05910549853571,4.1569378161731527e-07,True
1843,115,Substation,' ',34.0742056,-117.0774917,Crafton Hills,sce,SUBSTATION,34.07420559611151,-117.07749168215464,1.6995518287802397e-06,True
1844,66,Substation,' ',34.0417976,-117.36086,Agua Mansa,sce,SUBSTATION,34.04179760028816,-117.36086002346742,2.1625120347045043e-06,True
1845,115,Substation,' ',34.08802668,-117.0396618,Mill Creek 3,sce,SUBSTATION,34.08802667945183,-117.03966182869893,2.643560402560423e-06,True
1846,66,Substation,' ',34.04401675,-117.5682165,Milliken,sce,SUBSTATION,34.0440167484247,-117.56821647421552,2.3821526068262794e-06,True
1847,66,Substation,' ',33.98992232,-117.6806503,OLS Energy Chino,sce,SUBSTATION,33.989922321328386,-117.68065032388006,2.2065887121334097e-06,True
1848,115,Substation,' ',33.94999167,-116.66685,Seawind,sce,SUBSTATION,33.94999167221292,-116.66685000566932,5.779311746600373e-07,True
1849,115,Substation,' ',33.91601977,-116.7183577,Unknown,sce,SUBSTATION,33.91601976606559,-116.71835765306491,4.353013354931154e-06,True
1850,115,Substation,' ',33.91775834,-116.6428055,Renwind,sce,SUBSTATION,33.91775833666313,-116.64280554867982,4.507176332502163e-06,True
1851,115,Substation,' ',33.93719236,-116.6157222,Venwind,sce,SUBSTATION,33.93719236092514,-116.61572219113378,8.243775618630882e-07,True
1852,115,Substation,' ',33.92625001,-116.6148056,Sanwind,sce,,33.92625000780043,-116.61480555280728,4.3610868808158125e-06,True
1853,115,Substation,' ',33.92066048,-116.5811554,Tiffanywind,sce,SUBSTATION,33.9206604839667,-116.581155374492,2.394615632409379e-06,True
1854,115,Substation,' ',33.92176389,-116.5797111,Buckwind,sce,SUBSTATION,33.921763886798004,-116.5797110939545,6.61760401691055e-07,True
1855,115,Substation,' ',33.93161389,-116.5689805,Terawind,sce,SUBSTATION,33.93161388587051,-116.56898054727895,4.386006825056361e-06,True
1856,115,Substation,' ',33.90733058,-116.5798389,Altwind,sce,SUBSTATION,33.90733057644093,-116.579838882724,1.6427016119747778e-06,True
1857,115,Substation,' ',33.90721389,-116.5793333,Mountwind,sce,SUBSTATION,33.90721388895275,-116.57933333542556,3.271332634141877e-06,True
1858,115,Substation,' ',33.91063251,-116.5528915,Indigo,sce,SUBSTATION,33.91063250632866,-116.55289148805548,1.1754276437358484e-06,True
1859,66,Substation,' ',33.9307667,-117.2935923,Springs Generation,other,SUBSTATION,33.93076669534415,-117.2935923358473,3.347540376915029e-06,True
1860,115,Substation,' ',33.87760559,-116.4643638,Capwind,sce,SUBSTATION,33.87760559424886,-116.46436384868412,4.519156523495841e-06,True
1861,66,Substation,' ',33.96216982,-117.4528961,Rerc,other,SUBSTATION,33.96216981563295,-117.45289612125856,2.0198293307139323e-06,True
1862,500,Substation,' ',33.67121576,-115.5589824,Capacitor,sce,SUBSTATION,33.67121576210494,-115.55898243532164,3.2770358508648803e-06,True
1863,66,Substation,' ',33.85479613,-117.4538978,MWD Lake Mathews,sce,SUBSTATION,33.8547961312797,-117.4538977497909,4.638594758849886e-06,True
1864,115,Substation,' ',33.91713502,-116.7346083,Banwind,sce,SUBSTATION,33.91713501522253,-116.73460831594586,1.5643580791970985e-06,True
1865,115,Substation,' ',33.83565128,-117.1830736,Perris,sce,SUBSTATION,33.835651283900184,-117.18307361774472,1.6953583451977882e-06,True
1866,66,Substation,' ',33.85342728,-117.8570252,Dowling,other,SUBSTATION,33.85342728094698,-117.85702516325073,3.3951888454956784e-06,True
1867,66,Substation,' ',33.83104984,-117.9113948,Anaheim,other,SUBSTATION,33.83104983980629,-117.91139484928551,4.552442071872376e-06,True
1868,66,Substation,' ',33.80449763,-117.900745,Katella,other,SUBSTATION,33.80449763031589,-117.90074500993482,9.186121335296859e-07,True
1869,115,Substation,' ',33.77345347,-116.2845082,Avenue 42,iid,SUBSTATION,33.773453474739725,-116.28450817131476,2.7032482333559577e-06,True
1870,115,Substation,' ',33.74289723,-116.1966315,Shadow Hills,iid,SUBSTATION,33.74289723053262,-116.19663151636452,1.5142683539585035e-06,True
1871,115,Substation,' ',33.66994416,-116.1571434,Avenue 52,iid,SUBSTATION,33.669944160542364,-116.15714338015697,1.8372917396291125e-06,True
1872,115,Substation,' ',33.67655626,-116.1724908,Coachella Switching,iid,SUBSTATION,33.67655626334254,-116.17249077883844,1.9931330871077827e-06,True
1873,115,Substation,' ',33.69921608,-116.269905,Avenue 48,iid,SUBSTATION,33.69921608107118,-116.26990497247824,2.548819202330928e-06,True
1874,115,Substation,' ',33.63038756,-116.2392514,Avenue 58,iid,SUBSTATION,33.63038756058305,-116.23925142343738,2.1708939633204703e-06,True
1875,115,Substation,' ',33.68098774,-117.0698252,MWD Eastside Res,other,SUBSTATION,33.680987744334345,-117.0698251673193,3.0620977266149738e-06,True
1876,115,Substation,' ',33.687275,-117.1460111,Sun City,sce,SUBSTATION,33.68727500392857,-117.14601111342436,1.3166407108484493e-06,True
1877,66,Substation,' ',33.06849724,-117.1413944,Olivanhain,sdge,SUBSTATION,33.06849723734161,-117.14139443313611,3.1018542325642352e-06,True
1878,66,Substation,' ',32.87607979,-117.1658958,Miramar Gt,sdge,SUBSTATION,32.87607978917124,-117.16589583859414,3.605357155939542e-06,True
1879,66,Substation,' ',32.883611,-117.222466,UC San Diego,sdge,SUBSTATION,32.883610995853,-117.22246600135104,4.780723795225668e-07,True
1880,66,Substation,' ',32.67076687,-117.1147256,Naval Station,sdge,SUBSTATION,32.670766868659534,-117.1147256273952,2.568582622282316e-06,True
1881,66,Substation,' ',32.5916948,-117.0585226,MMC Chula,sdge,SUBSTATION,32.591694799646106,-117.05852264766985,4.466126210383055e-06,True
1882,66,Substation,' ',32.56629513,-116.9443235,Larkspur Energy Facility,sdge,SUBSTATION,32.5662951280479,-116.94432349575996,4.527650231350178e-07,True
1883,66,Substation,' ',39.11355687,-121.3330798,Beale Afb 2,other,SUBSTATION,39.11355687338174,-121.3330798473903,4.105892009046652e-06,True
1884,66,Substation,' ',39.09777864,-121.3373207,Beale Afb 1,other,SUBSTATION,39.09777864458771,-121.33732066109832,3.395565573850977e-06,True
1885,115,Substation,' ',38.67863771,-121.7600408,Woodland,pge,SUBSTATION,38.67863770636255,-121.76004075764016,3.6992592051863193e-06,True
1886,66,Substation,' ',38.60717675,-121.5241233,Dist. 1000,smud,SUBSTATION,38.60717675095425,-121.52412332864782,2.4915385245089446e-06,True
1887,115,Substation,' ',38.24645008,-120.0338424,Donnells-Curtis,pge,SUBSTATION,38.246450076997306,-120.03384241420105,1.2843023087816486e-06,True
1888,115,Substation,' ',38.20287089,-120.0768601,Beardsley,pge,SUBSTATION,38.20287088680954,-120.07686006915937,2.7181018899317445e-06,True
1889,115,Substation,' ',38.18612556,-120.150002,Sand Bar,pge,SUBSTATION,38.186125561643735,-120.15000199836854,2.3181632877776867e-07,True
1890,115,Substation,' ',38.13789804,-120.3701892,Stanislaus,other,SUBSTATION,38.13789804274525,-120.37018923243194,2.852804053636037e-06,True
1891,66,Substation,' ',37.6966396,-120.4201211,Don Pedro,other,SUBSTATION,37.696639603103,-120.42012114026429,3.559375849883301e-06,True
1892,66,Substation,' ',36.13582345,-118.7890314,Tule,sce,SUBSTATION,36.135823448906976,-118.78903137578573,2.177918008521222e-06,True
1893,66,Substation,' ',34.19593016,-119.1668901,Oxgen,sce,SUBSTATION,34.19593015682259,-119.16689009722212,4.3600707815888034e-07,True
1894,66,Substation,' ',34.14297045,-119.1828051,Willamette,sce,,34.1429704530186,-119.18280505446756,4.2037392227417945e-06,True
1895,66,Substation,' ',34.14113701,-119.1844939,Oxnard Wastewater ,sce,SUBSTATION,34.141137010279785,-119.18449389905668,9.222170876796434e-08,True
1896,66,Substation,' ',34.15667223,-119.2092028,Lehman,sce,SUBSTATION,34.156672225833745,-119.20920277637832,2.2223560876528817e-06,True
1897,115,Substation,' ',32.68431555,-114.4695691,Gila,wapa,,32.68431554697007,-114.4695691193214,1.839374480791023e-06,True
1898,500,Substation,'IMPORT',42.07986401,-121.3901623,Captain Jack,other,,42.079864012574575,-121.39016226831134,2.630891359106068e-06,True
1899,66,Substation,' ',39.93440815,-120.8882835,Quincy,other,SUBSTATION,39.934408152091166,-120.88828350017997,2.33031843382651e-07,True
1900,66,Substation,' ',38.21807754,-122.1584791,PG&E Pumping Station,pge,SUBSTATION,38.21807754072103,-122.15847906827008,2.773134062702097e-06,True
1901,66,Substation,' ',34.99610491,-117.3036821,Sandlot,sce,SUBSTATION,34.99610491320834,-117.3036820511044,4.468160266054158e-06,True
1902,66,Substation,' ',38.57810705,-121.28952,Reserver Intl,smud,SUBSTATION,38.57810705400959,-121.28951996403042,3.1583765806595696e-06,True
1903,66,Substation,' ',38.27385606,-121.3138934,Live Oak,smud,SUBSTATION,38.27385606203207,-121.3138933544295,3.984470419219957e-06,True
1904,115,Substation,' ',38.27647582,-121.7967847,Barker Slough Pumping Station,pge,SUBSTATION,38.2764758192872,-121.79678467503042,2.181070132012574e-06,True
1905,230,Substation,' ',38.05886608,-121.3769021,Eight Mile,pge,SUBSTATION,38.05886607785135,-121.37690208647813,1.2077394511603202e-06,True
1906,115,Substation,' ',37.77065318,-122.2246715,Owens-Brockway,other,SUBSTATION,37.770653184575934,-122.22467145889723,3.6484289878309536e-06,True
1907,230,Substation,' ',37.25376296,-121.9662772,Vasona,pge,SUBSTATION,37.25376295961767,-121.96627723605908,3.1917640227430192e-06,True
1908,66,Substation,' ',36.90277062,-121.76387,Agrilink Foods,other,SUBSTATION,36.90277062201028,-121.76387000933488,8.596077038824249e-07,True
1909,66,Substation,' ',36.90275189,-121.7559092,Watsonville,pge,SUBSTATION,36.90275189090223,-121.75590924656431,4.141605487522968e-06,True
1910,230,Substation,' ',36.73565748,-120.6402159,Westland #1 RA PP,other,SUBSTATION,36.7356574766738,-120.64021593663163,3.2852055131293867e-06,True
1911,115,Substation,' ',39.73015383,-121.796365,Notre Dame,pge,SUBSTATION,39.73015382806001,-121.79636502454132,2.1097328293376454e-06,True
1912,230,Substation,' ',38.76621101,-122.7132248,Santa Rosa Geothermal,other,SUBSTATION,38.76621100619571,-122.7132247561425,3.825881986227522e-06,True
1913,230,Substation,' ',38.7658666,-122.7119276,Unknown,pge,,38.76586659985292,-122.71192762087207,1.8096808953090811e-06,True
1914,115,Substation,' ',38.01338898,-121.8641362,Union Carbide,other,SUBSTATION,38.01338898109557,-121.86413623327128,2.917334332368688e-06,True
1915,66,Substation,' ',38.00443593,-122.055216,SFPP LP,other,SUBSTATION,38.00443592644236,-122.05521603186348,2.819686552124149e-06,True
1916,66,Substation,' ',37.98255043,-121.7493958,Contra Costa 4,wapa,SUBSTATION,37.98255042622581,-121.74939576456602,3.1337906003922895e-06,True
1917,230,Substation,' ',37.76722152,-121.6165152,Unknown,other,SUBSTATION,37.76722151649388,-121.61651522014272,1.8129625212445377e-06,True
1918,230,Substation,' ',37.76433684,-121.6144491,Flowind Corp,other,SUBSTATION,37.76433684408904,-121.61444909893854,4.641552018519376e-07,True
1919,115,Substation,' ',36.80545886,-118.1868338,Unknown,sce,SUBSTATION,36.805458861774255,-118.18683377147134,2.54758338607597e-06,True
1920,66,Substation,' ',36.18093633,-120.3879297,Coalinga Cogen,pge,SUBSTATION,36.18093632930731,-120.38792969092,8.185776365510469e-07,True
1921,66,Substation,' ',36.30752169,-120.2516134,Pleasant Valley Pumps,wapa,SUBSTATION,36.30752168954961,-120.25161341921748,1.7227383104515637e-06,True
1922,66,Substation,' ',35.51759999,-119.7613417,Unknown,pge,SUBSTATION,35.517599994519514,-119.7613416623252,3.4466192672986294e-06,True
1923,115,Substation,' ',35.60091105,-119.403033,Wasco Prison,pge,SUBSTATION,35.6009110506618,-119.4030330094133,8.542495698840291e-07,True
1924,115,Substation,' ',35.44065586,-118.9605384,Unknown,pge,SUBSTATION,35.4406558562246,-118.96053840733909,7.863072850711857e-07,True
1925,115,Substation,' ',35.41569334,-119.0119946,Witco Refinery,other,SUBSTATION,35.41569333929414,-119.01199459343444,6.001281442254324e-07,True
1926,230,Substation,' ',35.38771939,-119.1640945,Renfro,pge,SUBSTATION,35.38771938712356,-119.16409451354572,1.2689154161798412e-06,True
1927,230,Substation,' ',35.10812875,-118.3138502,Arbwind,sce,SUBSTATION,35.10812874764,-118.31385015324491,4.261164242247104e-06,True
1928,66,Substation,' ',35.08816944,-118.3670165,Unknown,sce,SUBSTATION,35.088169437781595,-118.36701654806755,4.380486962365454e-06,True
1929,66,Substation,' ',35.07590833,-118.3726066,Northwind,sce,,35.07590832652443,-118.37260660277944,4.618773198020573e-07,True
1930,230,Substation,' ',35.09908646,-118.3345469,Unknown,sce,SUBSTATION,35.099086460807925,-118.33454692077386,1.892038042712613e-06,True
1931,66,Substation,' ',35.09826195,-118.3378519,Unknown,sce,SUBSTATION,35.09826195486944,-118.33785186867796,2.9005423826722255e-06,True
1932,66,Substation,' ',35.05390316,-118.34667,Midwind,sce,SUBSTATION,35.05390316047623,-118.34666999712422,2.6707193364282124e-07,True
1933,66,Substation,' ',35.07305681,-118.3203834,Flowind,sce,SUBSTATION,35.07305681379521,-118.3203833538057,4.225001846395918e-06,True
1934,66,Substation,' ',35.07808854,-118.3111001,Varwind,sce,SUBSTATION,35.07808853621504,-118.31110006216048,3.4689685616427052e-06,True
1935,66,Substation,' ',35.07880128,-118.3093627,Enwind,sce,SUBSTATION,35.07880127556776,-118.30936271690994,1.6157647759854765e-06,True
1936,66,Substation,' ',35.07922962,-118.3049045,Canwind,sce,SUBSTATION,35.07922962397689,-118.30490447561552,2.262557976760655e-06,True
1937,115,Substation,' ',35.21033334,-119.5826444,Sunrise Power,pge,SUBSTATION,35.210333339352324,-119.58264443348602,3.0430846243122424e-06,True
1938,115,Substation,' ',35.20995835,-119.581225,Unknown,pge,SUBSTATION,35.209958351376706,-119.5812249894615,9.695964914169288e-07,True
1939,66,Substation,' ',34.305325,-118.5004778,Sylmar-Pac Intertie,sce,SUBSTATION,34.30532499779853,-118.50047778381229,1.506890560347766e-06,True
1940,66,Substation,' ',34.19192629,-118.3231889,Unknown,sce,SUBSTATION,34.19192629367919,-118.32318893886018,3.597539057245548e-06,True
1941,66,Substation,' ',34.18601701,-118.347346,Valley,other,SUBSTATION,34.186017007826074,-118.34734599178174,7.936456881219948e-07,True
1942,66,Substation,' ',34.16599255,-118.2961017,Unknown,other,SUBSTATION,34.165992552048536,-118.2961016999405,2.2785283706192082e-07,True
1943,66,Substation,' ',34.15402513,-118.3394597,Unknown,sce,SUBSTATION,34.15402513175664,-118.33945971806072,1.6733376193790806e-06,True
1944,66,Substation,' ',33.92079574,-118.1274327,Downey Med,sce,SUBSTATION,33.92079574364111,-118.1274327222154,2.089429552719992e-06,True
1945,66,Substation,' ',33.78784139,-118.3002395,Unknown,sce,SUBSTATION,33.78784139059503,-118.3002395000436,6.628620674889351e-08,True
1946,66,Substation,' ',40.67319414,-122.3688692,Unknown,other,SUBSTATION,40.67319414414715,-122.36886921952014,1.7095911588523062e-06,True
1947,66,Substation,' ',38.75211412,-121.3140177,Baseline,smud,SUBSTATION,38.75211411782711,-121.31401774724084,4.10368448223386e-06,True
1948,66,Substation,' ',38.77889884,-121.3089818,PG2,other,SUBSTATION,38.77889883642148,-121.30898175587332,3.845722339358437e-06,True
1949,66,Substation,' ',38.72833851,-121.269809,Cirby,other,SUBSTATION,38.72833850703221,-121.26980897068798,2.5640109809745397e-06,True
1950,66,Substation,' ',37.36937638,-121.9563813,Walsh,svp,SUBSTATION,37.3693763833283,-121.95638127862892,1.9245038369453984e-06,True
1951,230,Substation,' ',35.21590889,-120.8512451,Pecho Valley,other,SUBSTATION,35.215908894601284,-120.85124511541386,1.4908110874000774e-06,True
1952,66,Substation,' ',34.60145611,-117.3350595,Oro Grande,sce,SUBSTATION,34.60145611269182,-117.33505950404891,4.763655053778364e-07,True
1953,66,Substation,' ',34.58002088,-117.3693753,George Air Force Base,sce,SUBSTATION,34.58002088312426,-117.36937530062752,3.521208745575463e-07,True
1954,66,Substation,' ',34.10370114,-117.5264367,MWD Etiwanda,sce,SUBSTATION,34.10370113629064,-117.52643671300804,1.2667103064601297e-06,True
1955,66,Substation,' ',33.83390123,-117.4972091,MWD Temescal,other,SUBSTATION,33.83390122749649,-117.49720909770112,3.5011528940823655e-07,True
1956,66,Substation,' ',39.19110887,-121.9904572,Colusa Junction,pge,SUBSTATION,39.1911088675894,-121.99045724860068,4.19701395019132e-06,True
1957,66,Substation,' ',38.78153534,-121.3077791,Industrial,other,SUBSTATION,38.78153533571646,-121.3077790617322,3.3511087661481056e-06,True
1958,66,Substation,' ',38.42101505,-120.5497737,West Point,pge,SUBSTATION,38.42101504600821,-120.54977367107364,2.5587835175003887e-06,True
1959,66,Substation,' ',38.13803636,-121.3861773,Unknown,pge,SUBSTATION,38.13803636173469,-121.38617731733493,1.5282937478771648e-06,True
1960,66,Substation,' ',36.88170591,-121.6032411,Brigatano,other,SUBSTATION,36.88170590934863,-121.60324109644752,3.2416024468723843e-07,True
1961,66,Substation,' ',37.37197302,-121.9506779,Fiberglas,svp,SUBSTATION,37.371973018611584,-121.9506778788286,1.8772313936647477e-06,True
1962,66,Substation,' ',37.71068202,-121.0136898,Unknown,other,SUBSTATION,37.71068202049962,-121.013689846811,4.11821694280852e-06,True
1963,66,Substation,' ',37.70470281,-121.0417369,Unknown,other,SUBSTATION,37.70470281373716,-121.0417369025134,4.707182106018464e-07,True
1964,66,Substation,' ',37.64504464,-120.6068048,Unknown,other,SUBSTATION,37.64504464305264,-120.60680475556666,3.926841546514271e-06,True
1965,66,Substation,' ',37.57957789,-121.2059602,Westley,pge,SUBSTATION,37.5795778931092,-121.20596017237388,2.4589185355982923e-06,True
1966,115,Substation,' ',37.3635047,-120.6317933,Jr Wood,other,SUBSTATION,37.36350470422476,-120.63179325145352,4.316076934707833e-06,True
1967,66,Substation,' ',36.96772403,-120.2026749,Bonita Tap,pge,SUBSTATION,36.967724032752265,-120.2026749282796,2.5309849001086932e-06,True
1968,115,Substation,' ',36.70011514,-119.737072,SC Johnson Wax,other,SUBSTATION,36.70011513682247,-119.73707201018694,9.745066576342247e-07,True
1969,66,Substation,' ',36.53156657,-120.1704548,Stroud Switching Station,pge,SUBSTATION,36.53156657156764,-120.17045479075252,8.444338352450977e-07,True
1970,66,Substation,' ',36.13094168,-120.245123,Jacalitio,other,SUBSTATION,36.13094167606683,-120.24512298135129,1.7309828961757435e-06,True
1971,66,Substation,' ',36.2645078,-119.9062759,Lemoore N.A.S.,pge,SUBSTATION,36.2645077950768,-119.90627589005264,1.0464531885946246e-06,True
1972,66,Substation,' ',36.21699729,-121.1271469,King City,pge,SUBSTATION,36.2169972915545,-121.1271468897357,9.368965654702241e-07,True
1973,66,Substation,' ',36.31291154,-119.6543971,Hanford,sce,SUBSTATION,36.31291153866741,-119.65439706669665,2.9876654817032824e-06,True
1974,66,Substation,' ',36.26903562,-119.6545088,Armstrong Ss,other,SUBSTATION,36.26903561919987,-119.65450881841774,1.6535573986917915e-06,True
1975,66,Substation,' ',36.26974983,-119.6473706,GWF Hanford,other,SUBSTATION,36.26974983384966,-119.64737060984908,9.812605444361515e-07,True
1976,66,Substation,' ',36.25516045,-119.6490377,Contadina,other,SUBSTATION,36.255160450606645,-119.64903771579836,1.4181899040432733e-06,True
1977,66,Substation,' ',35.84304303,-119.9083816,Las Perillas Pumps,pge,SUBSTATION,35.84304303394568,-119.90838164091288,3.713782831605953e-06,True
1978,66,Substation,' ',35.83498773,-119.9426154,Badger Hill Pumps,pge,SUBSTATION,35.83498773451544,-119.94261537810964,2.036212308211728e-06,True
1979,66,Substation,' ',36.35733718,-119.3129715,Riverway,sce,SUBSTATION,36.35733717548143,-119.31297154199116,3.7936945393042017e-06,True
1980,66,Substation,' ',36.31853504,-119.3117235,Mooney,sce,SUBSTATION,36.31853503696963,-119.31172345375644,4.156815658179692e-06,True
1981,66,Substation,' ',35.7309326,-120.2077977,Polonio Pass,pge,SUBSTATION,35.73093259648137,-120.20779772837156,2.590660966489711e-06,True
1982,66,Substation,' ',35.70756238,-120.0841888,Bluestone,pge,SUBSTATION,35.707562384908705,-120.0841888400976,3.661364382798179e-06,True
1983,115,Substation,' ',35.4486638,-119.7339932,South Belridge Cogen,pge,SUBSTATION,35.44866380334264,-119.7339932444599,4.044441602523907e-06,True
1984,115,Substation,' ',35.4562202,-119.6319178,Belridge 1A,pge,SUBSTATION,35.456220202874995,-119.63191776219676,3.438912745039407e-06,True
1985,115,Substation,' ',35.4439513,-119.6609901,Belridge 1B,pge,SUBSTATION,35.44395129589508,-119.66099011487482,1.422698534101941e-06,True
1986,66,Substation,' ',35.47018145,-119.7510309,King Ellis,pge,SUBSTATION,35.470181446427794,-119.75103090486408,5.931306187164924e-07,True
1987,230,Substation,' ',35.0141651,-118.9775458,Wind Gap,other,SUBSTATION,35.0141650981014,-118.97754581514944,1.3957150814403328e-06,True
1988,66,Substation,' ',35.74210436,-119.051819,Ultragen,sce,SUBSTATION,35.742104355975165,-119.05181898323312,1.5780341009281709e-06,True
1989,66,Substation,' ',35.06200315,-118.3205828,Dutchwind,sce,SUBSTATION,35.062003145085754,-118.32058277241842,2.5691612251151636e-06,True
1990,115,Substation,' ',35.03228875,-117.7015827,Mogen,sce,SUBSTATION,35.03228875424916,-117.70158269517135,6.453931934523508e-07,True
1991,66,Substation,' ',34.27976053,-119.3010385,Ventura,sce,SUBSTATION,34.279760532820475,-119.30103848012864,1.8525230017514725e-06,True
1992,66,Substation,' ',34.12874902,-119.0956835,Missile,sce,SUBSTATION,34.128749021591666,-119.09568345686482,3.974313503263262e-06,True
1993,66,Substation,' ',34.51757917,-117.2156822,Rancho,sce,SUBSTATION,34.517579169105915,-117.21568218276178,1.5824804361660706e-06,True
1994,66,Substation,' ',34.53535066,-117.2951374,Victorville,sce,SUBSTATION,34.53535065796395,-117.2951373726944,2.5114119072073455e-06,True
1995,66,Substation,' ',34.24286195,-117.2854823,Huston,sce,SUBSTATION,34.24286194871865,-117.28548225446524,4.187996398919551e-06,True
1996,115,Substation,' ',33.9477822,-116.9232031,Unknown,sce,SUBSTATION,33.94778219551035,-116.92320307807653,2.082960607983822e-06,True
1997,66,Substation,' ',34.09050178,-117.533316,Grapeland,sce,SUBSTATION,34.09050177753859,-117.53331601599864,1.4984659532873464e-06,True
1998,66,Substation,' ',34.03301841,-117.5214519,Metalcan,sce,SUBSTATION,34.03301841379493,-117.52145186911326,2.8772918862493245e-06,True
1999,66,Substation,' ',34.05649126,-117.6456358,Ontario,sce,SUBSTATION,34.05649125750691,-117.64563584125158,3.810335444365842e-06,True
2000,66,Substation,' ',33.99376264,-117.7086853,Plastic,sce,SUBSTATION,33.99376264301147,-117.70868533001618,2.787425962845017e-06,True
2001,66,Substation,' ',34.09563526,-117.440474,Flanco,sce,SUBSTATION,34.09563525549936,-117.44047403136464,2.9311217903785837e-06,True
2002,66,Substation,' ',34.0230499,-117.3766349,Fibre,sce,SUBSTATION,34.023049904732645,-117.37663490893416,9.771755656423143e-07,True
2003,66,Substation,' ',34.07679718,-117.4346845,Kempster,sce,SUBSTATION,34.07679717645486,-117.43468445099214,4.530871734025874e-06,True
2004,66,Substation,' ',34.10130445,-117.368353,Rialto,sce,SUBSTATION,34.10130445436379,-117.36835296986946,2.816375037057822e-06,True
2005,66,Substation,' ',34.164599,-117.2864129,Valencia,sce,SUBSTATION,34.16459899509722,-117.28641290073575,5.493510052595976e-07,True
2006,115,Substation,' ',34.1288882,-117.3043733,Sixteenth Street,sce,SUBSTATION,34.128888197731534,-117.30437327987272,1.8697003003508786e-06,True
2007,66,Substation,' ',34.12072036,-117.3103556,Mt. Vernon,sce,SUBSTATION,34.120720357182314,-117.31035558681108,1.2538628266899653e-06,True
2008,66,Substation,' ',34.12095856,-117.2583267,Tippecanoe,sce,SUBSTATION,34.12095856269221,-117.25832665447702,4.201218956702083e-06,True
2009,115,Substation,' ',34.44514481,-116.9466369,Lucerne,sce,SUBSTATION,34.44514480967806,-116.94663690071523,7.47182716549264e-08,True
2010,66,Substation,' ',34.86248816,-116.8909496,Daggett,sce,SUBSTATION,34.8624881603545,-116.89094960647832,5.923830510349274e-07,True
2011,66,Substation,' ',34.88999449,-117.0018638,East Barstow,sce,SUBSTATION,34.88999449285983,-117.001863844516,4.072642847733692e-06,True
2012,66,Substation,' ',34.90108975,-117.0221335,Barstow,sce,SUBSTATION,34.901089753270135,-117.02213348405058,1.4992781047716173e-06,True
2013,66,Substation,' ',34.89160541,-117.049312,West Barstow,sce,SUBSTATION,34.89160540712454,-117.04931198233146,1.6428913346121597e-06,True
2014,66,Substation,' ',34.9072516,-117.1540201,Hinkley,sce,SUBSTATION,34.907251599660455,-117.15402008868688,1.0323201268990181e-06,True
2015,66,Substation,' ',34.86475877,-117.1177491,Ordway,sce,SUBSTATION,34.864758769976824,-117.1177490595057,3.6945313229661434e-06,True
2016,115,Substation,' ',34.1359889,-116.3156637,Joshua Tree,sce,SUBSTATION,34.13598889529775,-116.31566370220835,5.609812363028141e-07,True
2017,115,Substation,' ',34.13779814,-116.0537102,Twentynine Palms,sce,SUBSTATION,34.13779814053026,-116.05371024205404,3.870892656651825e-06,True
2018,66,Substation,' ',34.02772415,-117.1653247,Smiley,sce,SUBSTATION,34.0277241454126,-117.16532474082392,3.7965389296371514e-06,True
2019,66,Substation,' ',34.10244419,-117.5452261,Arbors,other,SUBSTATION,34.102444189214246,-117.54522605271984,4.354122358901059e-06,True
2020,66,Substation,' ',34.7209336,-118.1788309,Riteaid,sce,SUBSTATION,34.72093360445946,-118.17883092747552,2.559621065839866e-06,True
2021,66,Substation,' ',34.14938981,-118.6644768,Shelline,sce,SUBSTATION,34.14938980781818,-118.66447679867376,2.7157523885532057e-07,True
2022,66,Substation,' ',33.88193703,-117.5884483,Perez,sce,SUBSTATION,33.88193703196716,-117.58844825039245,4.584627547660873e-06,True
2023,66,Substation,' ',33.74682731,-116.9756602,Hemet,sce,SUBSTATION,33.74682731282687,-116.97566016520072,3.232810003637592e-06,True
2024,66,Substation,' ',33.92128128,-116.876008,Unknown,sce,SUBSTATION,33.92128127706258,-116.8760079659095,3.1624477052759554e-06,True
2025,115,Substation,' ',33.80845523,-116.4726024,Desert Outpost,sce,SUBSTATION,33.80845523084865,-116.47260241848794,1.7107436688248807e-06,True
2026,66,Substation,' ',33.81299035,-116.5435857,Sunny Dunes,sce,SUBSTATION,33.81299034650807,-116.54358567396598,2.436349816712531e-06,True
2027,66,Substation,' ',33.79897529,-116.5432439,Palm Canyon,sce,SUBSTATION,33.79897528600333,-116.543243924453,2.302803774676601e-06,True
2028,115,Substation,' ',33.7259849,-116.2543635,Unknown,iid,SUBSTATION,33.72598490366478,-116.25436349833348,4.3567680316631036e-07,True
2029,115,Substation,' ',33.52501628,-116.1131999,Unknown,iid,SUBSTATION,33.52501627681342,-116.1131998511164,4.545196375195445e-06,True
2030,66,Substation,' ',33.87894152,-117.8873634,Titans,sce,SUBSTATION,33.878941522937104,-117.88736338160366,1.7293922408283867e-06,True
2031,66,Substation,' ',33.83755882,-117.9681754,Hannum,other,SUBSTATION,33.83755882318095,-117.96817539549149,5.463563073353525e-07,True
2032,66,Substation,' ',33.80803397,-117.9332035,Southwest,other,SUBSTATION,33.808033974738976,-117.93320354712436,4.385714281441226e-06,True
2033,66,Substation,' ',33.84837748,-117.9106911,Sharp,other,SUBSTATION,33.84837748008549,-117.9106910892887,9.892228992395222e-07,True
2034,66,Substation,' ',33.82668375,-117.9024838,Vermont,other,SUBSTATION,33.8266837499818,-117.90248380519569,4.799416962940507e-07,True
2035,66,Substation,' ',33.85820599,-117.8071247,Yorba,other,SUBSTATION,33.85820599448646,-117.80712473916104,3.650315065926073e-06,True
2036,66,Substation,' ',33.62954877,-117.9250012,Costa Mesa,sce,SUBSTATION,33.629548773526594,-117.92500122788874,2.6116842355605135e-06,True
2037,66,Substation,' ',32.66719695,-116.7001427,Barrett,sdge,SUBSTATION,32.66719694583571,-116.70014267216516,2.646337157358208e-06,True
2038,66,Substation,' ',33.02116972,-117.1342178,Artesian,sdge,SUBSTATION,33.0211697190587,-117.13421778241116,1.6432074241684025e-06,True
2039,66,Substation,' ',32.88485153,-117.2008385,Eastgate,sdge,SUBSTATION,32.88485153479576,-117.200838449833,4.714722106222533e-06,True
2040,115,Substation,' ',32.7126482,-117.1308139,Grant Hill,sdge,SUBSTATION,32.71264819530314,-117.130813914861,1.4852267373430199e-06,True
2041,66,Substation,' ',32.76724014,-115.5383555,Second Imperial Geothermal,iid,SUBSTATION,32.767240143294174,-115.538355477159,2.166843693813201e-06,True
2042,115,Substation,' ',32.82017958,-115.5102463,Aten,iid,SUBSTATION,32.82017958203271,-115.51024633351308,3.1397926753489287e-06,True
2043,115,Substation,' ',32.67546136,-115.3730132,Gateway,iid,SUBSTATION,32.67546136023711,-115.37301322262876,2.1181579261485543e-06,True
2044,115,Substation,' ',33.15371813,-115.639604,Salton Sea 5,iid,SUBSTATION,33.15371812932624,-115.63960402110624,1.9662704191505585e-06,True
2045,66,Substation,' ',34.0822219,-117.9261072,Badillo,sce,SUBSTATION,34.082221903775704,-117.9261071748344,2.355358576584215e-06,True
2046,66,Substation,' ',34.13866519,-117.9657695,Duarte,sce,SUBSTATION,34.13866518804264,-117.96576947501929,2.3093545031609e-06,True
2047,66,Substation,' ',34.14300447,-118.0028218,Monrovia,sce,SUBSTATION,34.14300447060652,-118.00282182343378,2.1576472628447257e-06,True
2048,66,Substation,' ',34.11844514,-118.008015,Mayflower,sce,SUBSTATION,34.11844513714388,-118.00801497117628,2.672335128869281e-06,True
2049,66,Substation,' ',34.15824526,-118.0545549,Sierra Madre,sce,SUBSTATION,34.15824525769389,-118.05455489925988,2.653169155781044e-07,True
2050,66,Substation,' ',34.12854766,-118.0674658,Michillinda,sce,SUBSTATION,34.12854765913157,-118.0674658417486,3.8439641977560815e-06,True
2051,66,Substation,' ',34.10617907,-118.0682685,Temple,sce,SUBSTATION,34.10617907392197,-118.06826848650128,1.3171109808238413e-06,True
2052,66,Substation,' ',34.0881554,-118.0759694,Ivar,sce,SUBSTATION,34.08815540029707,-118.07596940045669,5.34768537757845e-08,True
2053,66,Substation,' ',34.05215852,-118.0488728,Hoyt,sce,SUBSTATION,34.05215852072799,-118.048872751829,4.438642509582106e-06,True
2054,66,Substation,' ',34.11216764,-118.1654356,Sangar,sce,SUBSTATION,34.112167640574135,-118.16543561899026,1.7494622976201281e-06,True
2055,66,Substation,' ',34.00190359,-118.0782253,Bartolo,sce,SUBSTATION,34.001903592765444,-118.0782252719168,2.606984775411257e-06,True
2056,66,Substation,' ',34.02059386,-118.1053235,Harding,sce,SUBSTATION,34.0205938575565,-118.10532351345152,1.2691506670620131e-06,True
2057,66,Substation,' ',34.00609425,-118.1216643,Montebello,sce,SUBSTATION,34.006094251556824,-118.12166429648352,3.674736891056184e-07,True
2058,66,Substation,' ',33.94801917,-118.0066737,Friendly Hills,sce,SUBSTATION,33.94801917285763,-118.00667366837294,2.934569513420624e-06,True
2059,66,Substation,' ',33.93550647,-118.0942072,Floraday,sce,SUBSTATION,33.935506473499046,-118.09420716926245,2.8622503720434147e-06,True
2060,66,Substation,' ',33.89973377,-118.1184703,Woodruff,sce,SUBSTATION,33.899733773256976,-118.11847025999003,3.710375722750327e-06,True
2061,66,Substation,' ',33.92451886,-118.0676978,Siggen,sce,SUBSTATION,33.924518854996485,-118.06769780181004,5.808904136507723e-07,True
2062,66,Substation,' ',33.99005369,-118.0648964,Westgate,sce,SUBSTATION,33.990053690463775,-118.06489644493008,4.142676279216862e-06,True
2063,66,Substation,' ',34.05746641,-118.1822514,Terrace,sce,SUBSTATION,34.05746640681845,-118.182251377069,2.1418747500779464e-06,True
2064,66,Substation,' ',34.03653489,-118.1789908,Belvedere,sce,SUBSTATION,34.03653488712871,-118.1789907900642,9.696056467577791e-07,True
2065,66,Substation,' ',34.03354114,-118.1626139,Bicknell,sce,SUBSTATION,34.033541139848765,-118.162613870883,2.68313741771645e-06,True
2066,66,Substation,' ',34.02441084,-118.1546498,Amalia,sce,SUBSTATION,34.0244108354365,-118.15464984731496,4.389890646825389e-06,True
2067,66,Substation,' ',33.98106055,-118.186159,Maywood,sce,,33.98106055222039,-118.18615898406112,1.49024400653188e-06,True
2068,66,Substation,' ',33.97555785,-118.2480049,Naomi,sce,SUBSTATION,33.97555785221418,-118.248004895082,5.160187070569447e-07,True
2069,66,Substation,' ',33.95677603,-118.1899735,Plaster,sce,SUBSTATION,33.95677602612747,-118.18997345492436,4.179641029300472e-06,True
2070,66,Substation,' ',33.95347762,-118.1774452,Schultz,sce,SUBSTATION,33.953477621038566,-118.17744516930996,2.833057310585514e-06,True
2071,66,Substation,' ',33.94641224,-118.1660836,Velasco,sce,TAP,33.946412239314554,-118.16608362115352,1.9527490962077863e-06,True
2072,66,Substation,' ',33.94534369,-118.1750032,Shred,sce,SUBSTATION,33.94534368967486,-118.17500320964412,8.903454877797205e-07,True
2073,66,Substation,' ',33.95866685,-118.2369151,Graham,sce,SUBSTATION,33.95866685455863,-118.23691512787798,2.6206640818228313e-06,True
2074,66,Substation,' ',33.94710328,-118.213069,South Gate,sce,SUBSTATION,33.947103281915204,-118.21306899400318,5.92737620558004e-07,True
2075,66,Substation,' ',33.92709968,-118.2127966,Lynwood,sce,SUBSTATION,33.927099678140785,-118.21279658345009,1.5408884076800577e-06,True
2076,66,Substation,' ',33.92066364,-118.1880085,Brewster,sce,SUBSTATION,33.920663640854535,-118.18800852306208,2.130076082024172e-06,True
2077,66,Substation,' ',33.91649613,-118.2385643,Athens,sce,SUBSTATION,33.91649613369242,-118.23856434628853,4.29097735088456e-06,True
2078,66,Substation,' ',33.88177182,-118.1956953,Longdon,sce,SUBSTATION,33.8817718216613,-118.19569532386772,2.211028628001981e-06,True
2079,66,Substation,' ',34.19147793,-118.1484119,Fair Oaks,sce,SUBSTATION,34.191477929194285,-118.14841192622904,2.4141174343478284e-06,True
2080,66,Substation,' ',34.22272085,-118.388532,Station 67,ladwp,SUBSTATION,34.22272085309232,-118.38853203513165,3.24833691296552e-06,True
2081,66,Substation,' ',34.18851555,-118.3348953,Unknown,sce,SUBSTATION,34.1885155465244,-118.33489530999404,9.971841698914118e-07,True
2082,66,Substation,' ',34.14649743,-118.2608476,Unknown,other,SUBSTATION,34.146497428475,-118.2608476402694,3.709689700577928e-06,True
2083,66,Substation,' ',34.11312249,-118.267733,Unknown,sce,SUBSTATION,34.11312248855284,-118.26773301627998,1.5073768039986849e-06,True
2084,66,Substation,' ',34.12070019,-118.2262352,Unknown,sce,SUBSTATION,34.12070018639731,-118.2262352271748,2.533409921881155e-06,True
2085,66,Substation,' ',34.08673267,-118.21442,Unknown,sce,SUBSTATION,34.086732667683194,-118.21442003046803,2.817619617974053e-06,True
2086,66,Substation,' ',34.11393906,-118.1893829,Unknown,sce,SUBSTATION,34.11393905602914,-118.1893829151653,1.4642878147516498e-06,True
2087,66,Substation,' ',33.8974341,-118.2247208,Compton,sce,SUBSTATION,33.897434101889495,-118.2247207745308,2.3600736862747865e-06,True
2088,66,Substation,' ',33.82401308,-118.2393177,Carbonic,sce,SUBSTATION,33.824013081292286,-118.23931770609812,5.813541544028103e-07,True
2089,66,Substation,' ',33.83151973,-118.2140953,Davidson City,sce,SUBSTATION,33.831519734665434,-118.21409531734068,1.683628377577257e-06,True
2090,66,Substation,' ',33.78320086,-118.1915831,Locust,sce,SUBSTATION,33.78320085994234,-118.1915830628997,3.4287935624375156e-06,True
2091,66,Substation,' ',34.08994998,-118.3608738,Fairfax,sce,SUBSTATION,34.0899499814444,-118.36087381791496,1.6575362495732745e-06,True
2092,66,Substation,' ',34.02167221,-118.458565,Pearl,sce,SUBSTATION,34.021672212719295,-118.45856503360056,3.111398339249987e-06,True
2093,66,Substation,' ',34.02976491,-118.4659844,Papermate,sce,SUBSTATION,34.02976490829318,-118.46598444887962,4.508374556572843e-06,True
2094,66,Substation,' ',34.01504769,-118.4022034,Sony,sce,SUBSTATION,34.015047689977415,-118.40220337838544,1.9921823974398457e-06,True
2095,66,Substation,' ',34.01144285,-118.4164117,MWD Venice,sce,SUBSTATION,34.01144285262221,-118.41641170120756,3.1209833730318194e-07,True
2096,66,Substation,' ',33.92056244,-118.3355132,Northrop,sce,SUBSTATION,33.920562440717696,-118.33551320884592,8.201122165876029e-07,True
2097,66,Substation,' ',33.90951875,-118.3908616,Wesbasin,sce,SUBSTATION,33.90951875489297,-118.39086157728482,2.1656768068620735e-06,True
2098,66,Substation,' ',33.90937336,-118.4115222,Chevcentral,sce,SUBSTATION,33.90937336459072,-118.41152219724955,5.700866619427095e-07,True
2099,66,Substation,' ',33.89530076,-118.4098942,El Porto,sce,SUBSTATION,33.89530076285921,-118.40989416204414,3.517655003142858e-06,True
2100,66,Substation,' ',33.86598502,-118.3483554,Perry,sce,SUBSTATION,33.86598502250785,-118.34835543322347,3.0801725058914474e-06,True
2101,66,Substation,' ',33.84828869,-118.387829,Redondo,sce,SUBSTATION,33.8482886896138,-118.38782896761464,2.9910681916841595e-06,True
2102,66,Substation,' ',33.84816655,-118.3300529,Vapor,sce,SUBSTATION,33.84816654754284,-118.33005293578636,3.3161170512800867e-06,True
2103,66,Substation,' ',33.77966215,-118.3873419,Bluff Cove,sce,SUBSTATION,33.7796621537618,-118.38734186389172,3.363355327757618e-06,True
2104,230,Substation,' ',33.89909374,-118.3846356,Unknown,sce,SUBSTATION,33.89909374362192,-118.38463556956688,2.8375254028366195e-06,True
2105,66,Substation,' ',36.92817149,-120.1070544,Canandaiqua Winery,other,SUBSTATION,36.928171484951854,-120.10705435264452,4.246598371517766e-06,True
2106,230,Substation,' ',39.53670207,-122.2609693,Schuller,other,,39.53670206562876,-122.2609692976934,5.247673032065611e-07,True
2107,230,Substation,' ',39.36528231,-122.2638437,Arkansas,pge,SUBSTATION,39.36528231138363,-122.26384366237554,3.2381117274435037e-06,True
2108,66,Substation,' ',39.19443266,-121.4421906,Cal-Sierra,other,SUBSTATION,39.19443265563925,-121.44219059168604,8.651292634863302e-07,True
2109,66,Substation,' ',38.56753222,-121.5688412,Sacramento Mail (Postal Service),other,SUBSTATION,38.5675322173487,-121.56884121621722,1.4404256792737283e-06,True
2110,66,Substation,' ',38.82271105,-121.3082231,Formica,other,SUBSTATION,38.82271104569082,-121.3082231405172,3.5425908276511456e-06,True
2111,66,Substation,' ',38.80092722,-121.2174637,Sierra Pine,other,SUBSTATION,38.800927216862185,-121.21746371836676,1.629408523752829e-06,True
2112,66,Substation,' ',38.65326453,-120.9654797,Pw Pipe,other,SUBSTATION,38.65326452898818,-120.96547974946498,4.296842962572894e-06,True
2113,66,Substation,' ',38.44026158,-122.7090068,Santa Rosa B,pge,,38.44026157785383,-122.70900679710958,3.4687539350205174e-07,True
2114,230,Substation,' ',38.44282579,-122.5838138,Oakmont North,pge,SUBSTATION,38.44282578570213,-122.58381376983976,2.6698085322572417e-06,True
2115,230,Substation,' ',38.42885652,-122.5933435,Oakmont South,pge,SUBSTATION,38.42885652446785,-122.59334347409708,2.3103955582181357e-06,True
2116,230,Substation,' ',38.13818919,-122.2091105,Parkway,pge,SUBSTATION,38.13818918955193,-122.20911047771322,1.9497792046591503e-06,True
2117,66,Substation,' ',38.04858913,-122.2216993,Crockett,pge,SUBSTATION,38.048589126123005,-122.22169930548776,6.455712279643331e-07,True
2118,66,Substation,' ',38.40796819,-121.9535987,Liquid Carbonic Inc.,other,SUBSTATION,38.40796819089811,-121.95359865283324,4.1110006714621044e-06,True
2119,66,Substation,' ',38.13827559,-121.3879479,Sebastini Winery (Nathanson),other,,38.13827558870788,-121.3879479470106,4.113929649443506e-06,True
2120,66,Substation,' ',38.15262823,-121.245421,Woodbridge Winery,other,SUBSTATION,38.15262822804437,-121.24542099587912,4.2086173357399697e-07,True
2121,230,Substation,' ',38.01861691,-121.8508717,Trans Bay Cable,pge,,38.0186169128807,-121.85087174624896,4.0640768646801e-06,True
2122,115,Substation,' ',37.83984215,-122.4785842,Sausalito Meter,pge,SUBSTATION,37.83984214869384,-122.47858416640244,2.953903813567239e-06,True
2123,66,Substation,' ',37.96209566,-122.3474106,Brookside,pge,SUBSTATION,37.96209565707229,-122.3474106211808,1.8852024368214696e-06,True
2124,115,Substation,' ',37.94691618,-122.3987455,Standard Oil 6,other,SUBSTATION,37.94691617964747,-122.39874554203934,3.6864765076404706e-06,True
2125,66,Substation,' ',37.93855075,-122.3246229,Mira Vista,pge,SUBSTATION,37.93855075112244,-122.32462290119236,1.628243617795865e-07,True
2126,66,Substation,' ',37.92501343,-122.3373506,Richmond Q,pge,SUBSTATION,37.92501343319077,-122.33735061647336,1.4878395425037458e-06,True
2127,66,Substation,' ',37.9247241,-122.3593914,Virginia,pge,SUBSTATION,37.92472410400429,-122.35939138417984,1.4573143843249937e-06,True
2128,66,Substation,' ',37.90942594,-122.3068776,Waldo,pge,SUBSTATION,37.90942593874367,-122.30687762688434,2.362720898114058e-06,True
2129,66,Substation,' ',37.90188336,-122.286301,Oak,pge,SUBSTATION,37.90188336246642,-122.2863009581251,3.684321524408267e-06,True
2130,66,Substation,' ',37.9022322,-122.2966299,Fairmont,pge,SUBSTATION,37.90223219996787,-122.29662994323913,3.7937786556441035e-06,True
2131,66,Substation,' ',37.8908588,-122.2922097,Solano,pge,SUBSTATION,37.89085880175824,-122.29220973770788,3.3147530616774314e-06,True
2132,66,Substation,' ',37.88498247,-122.2551057,Ridge,pge,SUBSTATION,37.88498247194448,-122.25510573016852,2.656405539476706e-06,True
2133,66,Substation,' ',37.88892428,-122.272939,Arlington,pge,SUBSTATION,37.88892427650707,-122.2729390429972,3.7931717894013047e-06,True
2134,66,Substation,' ',37.87587184,-122.2453898,Hillside,other,SUBSTATION,37.875871837941325,-122.24538980699218,6.550127382237264e-07,True
2135,66,Substation,' ',37.87242957,-122.2781691,Berkeley F,pge,SUBSTATION,37.87242956835905,-122.27816911147052,1.0232240369257727e-06,True
2136,66,Substation,' ',37.86395872,-122.2589613,Berkeley T,other,SUBSTATION,37.86395871640366,-122.25896128682572,1.2236923182239777e-06,True
2137,66,Substation,' ',37.85804465,-122.2686875,Stuart,pge,SUBSTATION,37.85804465342326,-122.26868745271749,4.168448784719668e-06,True
2138,66,Substation,' ',37.8544867,-122.2796669,Russell,other,SUBSTATION,37.85448670185692,-122.27966691690987,1.4989167329145062e-06,True
2139,66,Substation,' ',37.82101995,-122.328728,Oakland P,pge,SUBSTATION,37.82101994924655,-122.32872803419949,3.0051217258566846e-06,True
2140,66,Substation,' ',37.80905327,-122.3127067,Cuthbertson,other,SUBSTATION,37.80905326551771,-122.31270669537491,6.430416965721948e-07,True
2141,66,Substation,' ',37.79853204,-122.2884507,Schnitzer Steel,other,SUBSTATION,37.79853204269206,-122.28845069568472,4.830774136529129e-07,True
2142,66,Substation,' ',37.83632031,-122.2200046,Florence,pge,,37.83632030709053,-122.22000455752703,3.7438961405560604e-06,True
2143,66,Substation,' ',37.9266152,-122.0749436,Geary,pge,SUBSTATION,37.92661520036147,-122.074943599322,7.177785575543381e-08,True
2144,66,Substation,' ',37.93880425,-122.0821136,Pleasant Hill,pge,SUBSTATION,37.938804248237865,-122.08211356479114,3.093882982257398e-06,True
2145,66,Substation,' ',37.90480205,-122.0609609,Walnut Creek,pge,SUBSTATION,37.904802047538944,-122.06096087634268,2.093571091891506e-06,True
2146,66,Substation,' ',37.89510414,-122.0737283,Saranap,pge,SUBSTATION,37.89510413784193,-122.07372832288436,2.02234476735092e-06,True
2147,66,Substation,' ',37.60403102,-122.4231589,San Andreas,pge,SUBSTATION,37.60403101798599,-122.42315894314376,3.807288831592635e-06,True
2148,115,Substation,' ',37.60582023,-122.3925307,Santa Paula,other,SUBSTATION,37.605820233666506,-122.39253073132414,2.7893521653930724e-06,True
2149,115,Substation,' ',37.60810443,-122.3910401,Ma,other,SUBSTATION,37.608104434788544,-122.39104007551444,2.2216594686062636e-06,True
2150,66,Substation,' ',37.52507892,-122.3562982,Hillsdale Junction,pge,SUBSTATION,37.52507891871521,-122.3562982414704,3.6599478500277645e-06,True
2151,115,Substation,' ',37.51313717,-122.2062532,Rmc Lonestar,other,SUBSTATION,37.51313717184156,-122.20625322566926,2.2733027789045795e-06,True
2152,66,Substation,' ',37.72239092,-122.1616289,Ward,pge,SUBSTATION,37.72239091971295,-122.16162891461188,1.2855635724423926e-06,True
2153,66,Substation,' ',37.73986963,-122.1554072,Bancroft,pge,SUBSTATION,37.73986963293181,-122.15540723260396,2.885428218787959e-06,True
2154,115,Substation,' ',37.70698474,-122.1771784,Domtar 2,other,SUBSTATION,37.706984741819134,-122.17717838580232,1.2652694572571317e-06,True
2155,66,Substation,' ',37.68021007,-122.1262564,San Lorenzo,pge,SUBSTATION,37.68021007110539,-122.12625635713135,3.774595018441122e-06,True
2156,66,Substation,' ',37.71581395,-122.1439269,Cherry,pge,SUBSTATION,37.715813950900895,-122.14392687926076,1.8269971452883325e-06,True
2157,66,Substation,' ',37.6863891,-122.1021887,Hayward O,pge,SUBSTATION,37.68638909966676,-122.10218867840564,1.9005830094264277e-06,True
2158,66,Substation,' ',37.66851129,-122.0849976,Soto,pge,,37.668511288872686,-122.084997586592,1.1867756183341906e-06,True
2159,66,Substation,' ',37.70187077,-122.0827995,Parsons,pge,SUBSTATION,37.701870770501614,-122.08279949493938,4.4870250348463854e-07,True
2160,230,Substation,' ',37.78212148,-121.9676808,Technical Ecological Services,pge,SUBSTATION,37.78212147519469,-121.96768080127508,5.459500314087464e-07,True
2161,66,Substation,' ',37.78289645,-121.6317484,Tosco Byron Pumping,other,SUBSTATION,37.78289644976064,-121.63174840465152,4.096486612064718e-07,True
2162,66,Substation,' ',37.7768338,-121.5176269,Westside,pge,SUBSTATION,37.77683380416322,-121.51762692980812,2.660384428389901e-06,True
2163,66,Substation,' ',37.7521495,-121.804359,Unknown,pge,SUBSTATION,37.7521494957399,-121.8043589571346,3.798302120758828e-06,True
2164,115,Substation,' ',37.51244728,-121.9444502,Western Digital,other,SUBSTATION,37.51244728008662,-121.9444502069256,6.109282772241649e-07,True
2165,115,Substation,' ',37.64624161,-121.5464501,Unknown,other,,37.646241607524445,-121.54645007133256,2.538956090720701e-06,True
2166,66,Substation,' ',37.97044803,-121.2681709,Van Den Bergh Foods,other,,37.97044802580564,-121.26817091018732,1.0074577433301277e-06,True
2167,66,Substation,' ',37.96810648,-121.2686965,Ragu,pge,SUBSTATION,37.96810648140888,-121.26869653727908,3.271670094043693e-06,True
2168,115,Substation,' ',37.94316146,-121.3011895,Newark-Sierra-Paperbroad,pge,SUBSTATION,37.94316146427212,-121.30118949605078,5.878716357460077e-07,True
2169,66,Substation,' ',37.90487095,-121.2607316,Jm Manufacturing,other,SUBSTATION,37.90487094896968,-121.2607316202036,1.7762902609396654e-06,True
2170,66,Substation,' ',37.80827817,-121.2880772,Libbey Owens Ford,other,SUBSTATION,37.80827816681937,-121.28807715125544,4.296857672812681e-06,True
2171,66,Substation,' ',37.31519458,-122.0926711,Kaiser Cement,other,,37.31519457832063,-122.09267106462389,3.1340456679385635e-06,True
2172,66,Substation,' ',37.36306465,-121.9458245,Mathew,svp,SUBSTATION,37.363064654155465,-121.94582453362324,3.007276473320733e-06,True
2173,230,Substation,' ',37.04146743,-121.0108158,Pacheco Wind Power,pge,SUBSTATION,37.04146743265345,-121.01081579813427,3.3834329450244484e-07,True
2174,66,Substation,' ',36.98428761,-121.9903777,Arana,pge,SUBSTATION,36.9842876083443,-121.99037773136556,2.7920460959131398e-06,True
2175,66,Substation,' ',36.97642408,-121.9801497,Capitola,pge,SUBSTATION,36.97642408125738,-121.98014968416922,1.4132100011082828e-06,True
2176,66,Substation,' ',36.97633055,-121.9646549,Opal Cliffs,pge,SUBSTATION,36.97633055345885,-121.96465485909064,3.6543500845678287e-06,True
2177,66,Substation,' ',36.9647278,-121.9737783,Roland,pge,SUBSTATION,36.96472779654248,-121.97377831285034,1.2046869672206992e-06,True
2178,66,Substation,' ',36.98677959,-121.9510457,Soquel,pge,SUBSTATION,36.98677959085639,-121.95104567646784,2.0922843213822215e-06,True
2179,66,Substation,' ',36.98428364,-121.9154166,Seacliff,pge,SUBSTATION,36.98428364209861,-121.91541655936638,3.6167186651693285e-06,True
2180,66,Substation,' ',36.97546948,-121.8942993,Rio Del Mar,pge,SUBSTATION,36.97546947545002,-121.8942992611325,3.489582061684239e-06,True
2181,66,Substation,' ',36.61739069,-121.9190297,Pacific Grove,pge,SUBSTATION,36.61739068641315,-121.91902970025458,3.994857251608736e-07,True
2182,66,Substation,' ',36.59011835,-121.9442807,Forest,pge,SUBSTATION,36.59011835032979,-121.94428070965672,8.629405079314777e-07,True
2183,66,Substation,' ',36.56082725,-121.9196629,Carmel,pge,SUBSTATION,36.56082724799605,-121.91966287972927,1.8241332361566519e-06,True
2184,115,Substation,' ',36.87957607,-119.8246891,Valley Children'S Hospital,other,SUBSTATION,36.8795760656701,-119.8246891247366,2.252251394112268e-06,True
2185,115,Substation,' ',36.84992908,-119.803345,Pinedale,pge,SUBSTATION,36.84992908278196,-119.80334504901184,4.37199095767424e-06,True
2186,115,Substation,' ',36.77800449,-119.6737998,Airways,pge,SUBSTATION,36.77800449376864,-119.6737997732644,2.417740470260398e-06,True
2187,66,Substation,' ',36.70367654,-119.8810706,Fresno Waste Water,other,,36.70367654450058,-119.88107056851362,2.851244004685158e-06,True
2188,66,Substation,' ',36.72636077,-119.7927116,Danish Creamery,other,SUBSTATION,36.72636076681618,-119.79271160757078,7.619673342834508e-07,True
2189,66,Substation,' ',36.2379017,-120.3676133,Oil City ,other,SUBSTATION,36.23790169699348,-120.36761333136856,2.833125736834543e-06,True
2190,66,Substation,' ',36.13397773,-120.2520369,CA State Dept Of Corrections,other,SUBSTATION,36.13397772681435,-120.25203689253144,7.585111180286784e-07,True
2191,66,Substation,' ',36.30036393,-119.8122866,Leprino Foods,other,SUBSTATION,36.30036393435195,-119.81228664446812,4.0142726852702354e-06,True
2192,66,Substation,' ',36.30522614,-119.7930855,Candlewick (Dixie) Yarn,other,SUBSTATION,36.30522614196742,-119.79308549258288,6.997203280190347e-07,True
2193,66,Substation,' ',36.30400018,-119.7910976,Leprino,other,SUBSTATION,36.30400017581146,-119.79109761471264,1.39825449269575e-06,True
2194,66,Substation,' ',36.32061231,-119.6912126,Grangeville,sce,,36.3206123117163,-119.691212576351,2.1273260006879223e-06,True
2195,115,Substation,' ',35.28258257,-119.3099896,Arco Western Energy,other,SUBSTATION,35.28258256619648,-119.3099895666212,3.059166557983817e-06,True
2196,115,Substation,' ',35.4207551,-118.9637524,Cal Resources Llc,other,SUBSTATION,35.42075510209908,-118.96375240013646,2.3373402077272776e-07,True
2197,115,Substation,' ',35.35813714,-118.9249094,Bolthouse Farms,other,SUBSTATION,35.358137143340095,-118.92490941938118,1.7963972163924781e-06,True
2198,115,Substation,' ',35.37708756,-119.0773347,Texaco Refining & Manufacturing,other,SUBSTATION,35.37708755571062,-119.07733472396824,2.2247785904045674e-06,True
2199,66,Substation,' ',35.08231476,-119.3041211,Pentland,other,SUBSTATION,35.08231476273423,-119.30412114863994,4.436362480542882e-06,True
2200,66,Substation,' ',35.08324767,-119.2966802,Texaco Basic Training,other,SUBSTATION,35.083247671085246,-119.29668022583436,2.3538347026054584e-06,True
2201,66,Substation,' ',35.42202686,-118.9007632,Cal Water,other,SUBSTATION,35.42202685755374,-118.9007631646658,3.213280892684504e-06,True
2202,66,Substation,' ',35.24729651,-118.8608581,Grimmway-Malaga,other,SUBSTATION,35.24729651324038,-118.86085807420828,2.369683079803951e-06,True
2203,66,Substation,' ',35.07545753,-118.3725027,Unknown,sce,,35.07545753032979,-118.37250265383628,4.201126358481779e-06,True
2204,66,Substation,' ',35.03525039,-118.3524329,Oakwind,sce,SUBSTATION,35.03525039367047,-118.35243293217869,2.9580422513739595e-06,True
2205,66,Substation,' ',35.03161988,-118.3514755,Southwind,sce,SUBSTATION,35.03161988075983,-118.35147551208748,1.103805245223512e-06,True
2206,66,Substation,' ',34.88938647,-120.2601902,Garey,other,SUBSTATION,34.88938646600772,-120.26019021681904,1.5969783337445707e-06,True
2207,115,Substation,' ',34.6427778,-120.4548466,Lompoc - Control Building,pge,SUBSTATION,34.64277780330332,-120.45484655597544,4.044146004311117e-06,True
2208,230,Substation,' ',40.89028086,-121.7968934,Hatchet Ridge Wind,pge,SUBSTATION,40.890280860279,-121.79689340038198,4.464781603011407e-08,True
2209,66,Substation,' ',34.43159118,-119.9114558,Onshore,sce,SUBSTATION,34.43159117648044,-119.9114558390428,3.6020846021134347e-06,True
2210,66,Substation,' ',34.4195105,-119.8513903,Colegio,other,SUBSTATION,34.41951050302266,-119.85139033076788,2.8421887848828845e-06,True
2211,66,Substation,' ',34.26343147,-119.0118563,Shellsom,sce,SUBSTATION,34.26343147190601,-119.01185625872768,3.7987575879052816e-06,True
2212,66,Substation,' ',34.43109571,-118.5987892,Colossus,sce,SUBSTATION,34.43109571036942,-118.59878916753937,2.977386726967146e-06,True
2213,66,Substation,' ',34.19286589,-118.9194514,Pharmacy,sce,SUBSTATION,34.19286589266145,-118.91945135674194,3.989646696473989e-06,True
2214,66,Substation,' ',33.82471019,-118.344446,Haveda,sce,SUBSTATION,33.824710191687835,-118.34444598387086,1.5016975685789663e-06,True
2215,66,Substation,' ',33.84751172,-118.3111216,Moog,sce,SUBSTATION,33.84751172362345,-118.3111215670189,3.072336290484143e-06,True
2216,66,Substation,' ',33.79629417,-118.2157604,Larder,sce,SUBSTATION,33.79629417478726,-118.21576044736852,4.409351705224656e-06,True
2217,66,Substation,' ',33.76772237,-118.2135059,Thumsgen,sce,SUBSTATION,33.767722365020795,-118.21350592027214,1.953959858033975e-06,True
2218,66,Substation,' ',33.99707836,-117.9143016,Santee,sce,SUBSTATION,33.99707835834872,-117.91430156143728,3.559756817959221e-06,True
2219,66,Substation,' ',33.86946944,-117.9596958,Basta,sce,SUBSTATION,33.86946943886751,-117.95969582942271,2.7194030605465733e-06,True
2220,230,Substation,' ',39.91096984,-121.3275804,Grizzly,pge,SUBSTATION,39.910969838998064,-121.32758041656646,1.4173594774119045e-06,True
2221,66,Substation,' ',39.00090033,-120.724844,Ralston,other,SUBSTATION,39.00090033233164,-120.72484398339778,1.4578978619402979e-06,True
2222,66,Substation,' ',38.78137265,-121.3195751,Foothills,other,SUBSTATION,38.78137265455169,-121.31957512689569,2.385653106326922e-06,True
2223,66,Substation,' ',38.79227077,-121.362327,West Plan,other,SUBSTATION,38.79227076846954,-121.36232703844944,3.336672493981506e-06,True
2224,66,Substation,' ',33.75349535,-117.993784,Cedarwood,sce,SUBSTATION,33.75349534573729,-117.99378402260098,2.142579101927108e-06,True
2225,66,Substation,' ',33.85880824,-117.4407018,El Sobrante,sce,SUBSTATION,33.858808235373026,-117.44070176793628,3.0050627841512114e-06,True
2226,66,Substation,' ',33.68720303,-117.9425958,Orcosan,sce,SUBSTATION,33.68720302649553,-117.94259584112638,3.825031152576116e-06,True
2227,66,Substation,' ',33.72690426,-117.8685382,Edinger,sce,SUBSTATION,33.726904258728986,-117.86853823441318,3.1856697726378466e-06,True
2228,66,Substation,' ',33.92346139,-117.2846982,Edgemont,sce,SUBSTATION,33.92346139031671,-117.28469819687054,2.9088803142178226e-07,True
2229,66,Substation,' ',33.93382056,-116.9837522,Beaumont,sce,SUBSTATION,33.933820555536,-116.98375215063017,4.581655795362394e-06,True
2230,115,Substation,' ',33.78334936,-116.9593832,San Jacinto,sce,SUBSTATION,33.78334936476247,-116.95938318697104,1.3154294706330063e-06,True
2231,115,Substation,' ',33.92158621,-116.6501837,Whitewater,sce,SUBSTATION,33.92158621003686,-116.65018372500056,2.3067998198303582e-06,True
2232,66,Substation,' ',33.84555142,-116.5459043,Holiday,sce,SUBSTATION,33.84555141871459,-116.54590429391352,5.799872455572686e-07,True
2233,66,Substation,' ',33.82514048,-116.5460938,Palm Springs,sce,SUBSTATION,33.82514048081114,-116.54609379881182,1.420624195728897e-07,True
2234,66,Substation,' ',33.83019433,-116.5148399,Belding,sce,SUBSTATION,33.83019433061495,-116.51483994647836,4.2936878602828705e-06,True
2235,230,Substation,' ',33.80964288,-115.4510934,Unknown,other,SUBSTATION,33.809642877841746,-115.45109342369074,2.2019236558462676e-06,True
2236,230,Substation,' ',37.79994499,-121.907854,Tassajara,pge,SUBSTATION,37.7999449878799,-121.90785395711802,3.775035580330844e-06,True
2237,66,Substation,' ',38.25707836,-120.8503822,Pardee,pge,SUBSTATION,38.25707835599408,-120.85038224817522,4.229927057278025e-06,True
2238,66,Substation,' ',38.03273648,-122.0743277,Urich,other,,38.03273647845262,-122.07432770954205,8.532555840084374e-07,True
2239,66,Substation,' ',41.29428709,-124.0568714,Orick,pge,SUBSTATION,41.2942870880898,-124.0568713812834,1.5780210778560336e-06,True
2240,66,Substation,' ',33.89149927,-118.071162,Southpac,sce,SUBSTATION,33.89149926495644,-118.07116204324882,4.031169878527116e-06,True
2241,66,Substation,' ',34.11395095,-117.9234422,Kirkwall,other,SUBSTATION,34.113950949785526,-117.92344218370144,1.5006501982874051e-06,True
2242,66,Substation,' ',35.75233608,-120.6839668,San Miguel,pge,SUBSTATION,35.75233608078926,-120.683966845535,4.1100281938103875e-06,True
2243,66,Substation,' ',37.9633121,-121.3234312,Stockton Acres,pge,SUBSTATION,37.96331210001517,-121.32343120564369,4.947650261550935e-07,True
2244,66,Substation,' ',37.62724201,-120.934895,Mariposa,other,SUBSTATION,37.627242006247634,-120.9348949941552,6.626001246603802e-07,True
2245,230,Substation,' ',37.79748937,-121.6033106,Kelso,pge,SUBSTATION,37.79748936963168,-121.60331055402354,4.039894053407515e-06,True
2246,66,Substation,' ',32.79525102,-116.996787,Garfield,sdge,SUBSTATION,32.795251019241434,-116.99678699823822,1.8502141573630888e-07,True
2247,66,Substation,' ',37.35009541,-118.4630219,Bishop Creek 6,sce,SUBSTATION,37.35009541098678,-118.46302188551554,1.285026732975938e-06,True
2248,115,Substation,' ',37.94620721,-120.5276303,Melones,other,SUBSTATION,37.94620720500711,-120.52763034507612,3.991391352460612e-06,True
2249,66,Substation,' ',40.6238604,-122.4619985,Keswick,pge,SUBSTATION,40.62386039813804,-122.46199853399462,2.876502741040561e-06,True
2250,230,Substation,' ',38.82389103,-122.7813165,Lake View,pge,SUBSTATION,38.823891032848216,-122.7813164581537,3.638927027455679e-06,True
2251,115,Substation,' ',35.40593792,-119.336836,Golden Valley,other,SUBSTATION,35.40593792461079,-119.336835982647,1.6541849204608066e-06,True
2252,66,Substation,' ',37.99529965,-121.7018916,Contra Costa,wapa,SUBSTATION,37.995299648508826,-121.70189163836068,3.365573846084216e-06,True
2253,66,Substation,' ',37.9833716,-121.7279044,Contra Costa 3,wapa,SUBSTATION,37.98337160342601,-121.72790443618447,3.1941015432434214e-06,True
2254,115,Substation,' ',37.09834375,-121.0484791,O'Neill,wapa,SUBSTATION,37.09834375408047,-121.04847914130556,3.6913515891154806e-06,True
2255,66,Substation,' ',40.70230013,-122.9248397,Weaverville,wapa,SUBSTATION,40.70230013342764,-122.92483968560144,1.272199881824138e-06,True
2256,230,Substation,' ',38.6563236,-121.1898018,Sacramento Operations Ce,wapa,SUBSTATION,38.6563235979043,-121.18980183679103,3.2031585788485106e-06,True
2257,66,Substation,' ',37.80813517,-121.5948502,Bethany Byron,other,SUBSTATION,37.80813516870944,-121.59485022035808,1.794235838651837e-06,True
2258,66,Substation,' ',33.60621266,-114.5998554,Blythe,sce,SUBSTATION,33.6062126552897,-114.59985536213696,3.5453938341416216e-06,True
2259,66,Substation,' ',35.26250712,-116.7022796,Military,sce,SUBSTATION,35.26250711916345,-116.70227962853777,2.592681344726451e-06,True
2260,66,Substation,' ',36.34224774,-119.5924108,Mascot,sce,SUBSTATION,36.34224773533673,-119.59241084390796,3.966723305500585e-06,True
2261,230,Substation,'IMPORT',34.31514963,-114.1576556,Black Meadows,wapa,SUBSTATION,34.31514963177065,-114.1576555504003,4.559556650329942e-06,True
2262,66,Substation,' ',35.00019441,-117.6491998,Amargo,sce,SUBSTATION,35.000194408197416,-117.6491998434197,3.959972582093317e-06,True
2263,66,Substation,' ',35.01359157,-117.8813046,North Muroc,sce,SUBSTATION,35.01359156895624,-117.8813045885843,1.0460906615092423e-06,True
2264,500,Substation,' ',35.03484956,-118.2806898,Windhub,sce,SUBSTATION,35.03484956079267,-118.28068978722332,1.1666085868744287e-06,True
2265,66,Substation,' ',33.72935002,-114.5171768,North Intake,sce,SUBSTATION,33.72935002041,-114.51717681752872,1.621652867568286e-06,True
2266,66,Substation,' ',33.69094936,-114.5724676,Second Ave.,sce,SUBSTATION,33.69094936188645,-114.57246759184142,7.834269580759684e-07,True
2267,66,Substation,' ',33.66046487,-114.62376,Defrain,sce,SUBSTATION,33.660464871900935,-114.62376002890218,2.6832825445618183e-06,True
2268,66,Substation,' ',33.6112788,-114.551017,Olive Lake,sce,SUBSTATION,33.61127880192445,-114.5510170140968,1.322850058974129e-06,True
2269,66,Substation,' ',33.61086405,-114.6799559,Dunes,sce,,33.61086405402572,-114.67995587849082,2.0415365367577754e-06,True
2270,66,Substation,' ',34.08755227,-116.9205846,Forest Home,sce,SUBSTATION,34.08755227234807,-116.92058464555652,4.203399732123454e-06,True
2271,66,Substation,' ',34.23438741,-117.2014241,Burnt Mill,sce,SUBSTATION,34.23438741025922,-117.20142413397105,3.1230789511735166e-06,True
2272,66,Substation,' ',34.1957231,-116.9123756,Converse Flats,sce,SUBSTATION,34.19572310285092,-116.9123755879308,1.1544044619731622e-06,True
2273,66,Substation,' ',34.9030172,-116.8293583,Yermo,sce,SUBSTATION,34.903017197373174,-116.8293582769389,2.1232076852253066e-06,True
2274,66,Substation,' ',34.95748592,-116.6531954,Harvard,sce,SUBSTATION,34.9574859150051,-116.6531954048529,7.099786579544336e-07,True
2275,66,Substation,' ',34.83674776,-116.6626696,Cady,sce,SUBSTATION,34.83674776136687,-116.66266960733788,6.86735216290864e-07,True
2276,66,Substation,' ',34.74052045,-117.3239307,Helendale,sce,SUBSTATION,34.74052045323334,-117.32393067083488,2.6890616674688363e-06,True
2277,66,Substation,' ',34.68212804,-117.3389005,Bryman,sce,SUBSTATION,34.68212804343408,-117.3389004855358,1.376597690658868e-06,True
2278,66,Substation,' ',33.74644555,-116.715478,Idyllwild,sce,SUBSTATION,33.74644554891553,-116.71547802887008,2.6720214626256208e-06,True
2279,66,Substation,' ',35.64848234,-117.8165945,Inyokern Town,sce,SUBSTATION,35.64848234029615,-117.81659454290404,3.876856719315288e-06,True
2280,66,Substation,' ',35.62634452,-117.6728936,Ridgecrest,sce,SUBSTATION,35.626344516728835,-117.67289356073884,3.5671302295502474e-06,True
2281,66,Substation,' ',34.20804986,-117.1039999,Running Springs,sce,SUBSTATION,34.20804986223215,-117.10399986283076,3.427022597145494e-06,True
2282,66,Substation,' ',33.77735982,-118.21534,Arco,sce,SUBSTATION,33.77735982379448,-118.21534001568334,1.5097013746853217e-06,True
2283,66,Substation,' ',34.09743511,-117.5461089,Forge,sce,SUBSTATION,34.09743510888628,-117.54610886304624,3.4049130170330897e-06,True
2284,66,Substation,' ',34.08269139,-118.7094311,Reclaim,sce,SUBSTATION,34.082691384998675,-118.70943111367592,1.3767951930930882e-06,True
2285,115,Substation,' ',33.5841918,-117.2554484,Tenaja,sce,SUBSTATION,33.58419179994482,-117.25544839682352,2.9431304887159525e-07,True
2286,66,Substation,' ',33.64037384,-117.8499344,University,sce,SUBSTATION,33.64037384033878,-117.8499343764618,2.179332040991323e-06,True
2287,66,Substation,' ',36.20500203,-119.3410815,Dairymans,sce,SUBSTATION,36.20500203063278,-119.34108152235802,2.007288738770864e-06,True
2288,230,Substation,' ',34.00046963,-118.3737029,Stanhill,sce,SUBSTATION,34.00046962558648,-118.37370289507902,6.683055809033884e-07,True
2289,115,Substation,' ',37.41853023,-122.0676159,Ames Distribution,pge,SUBSTATION,37.41853022786698,-122.06761586680192,2.9414025253121554e-06,True
2290,66,Substation,' ',37.37717118,-122.0063579,Applied Materials,other,SUBSTATION,37.37717118122096,-122.00635790116316,1.7028086246747186e-07,True
2291,66,Substation,' ',37.93956363,-122.3472345,Barrett,pge,SUBSTATION,37.93956363231305,-122.34723449027432,8.908297831797377e-07,True
2292,66,Substation,' ',38.04166454,-122.0293338,Bay Point,pge,SUBSTATION,38.041664539520085,-122.02933383964545,3.4722795749722265e-06,True
2293,66,Substation,' ',36.06874235,-119.5716755,Boswell Dairy Ave.,pge,SUBSTATION,36.068742345554014,-119.57167549512612,6.605331887327236e-07,True
2294,230,Substation,' ',38.21363614,-121.0244583,Camanche,other,SUBSTATION,38.213636139769406,-121.02445829627136,3.267685136746176e-07,True
2295,66,Substation,' ',35.99695674,-119.9613971,Chevron Kettleman,pge,SUBSTATION,35.99695673761514,-119.96139709749318,3.4811037987286693e-07,True
2296,66,Substation,' ',40.40095412,-122.1410592,Coleman Hatchery,pge,SUBSTATION,40.40095412133911,-122.14105921429234,1.2193727848180177e-06,True
2297,66,Substation,' ',37.91116804,-121.2558883,Dana,other,SUBSTATION,37.91116804071717,-121.25588829841936,1.5996238153949682e-07,True
2298,66,Substation,' ',39.55334858,-122.0032163,Glenn-Colusa Irrigation,other,SUBSTATION,39.55334857916418,-122.00321631178876,1.0149719232117323e-06,True
2299,66,Substation,' ',37.74023807,-121.4155718,H J Heinz Co.,other,,37.74023807342462,-121.4155718081398,8.107460752164193e-07,True
2300,115,Substation,' ',37.42573614,-121.9336799,Svp,svp,SUBSTATION,37.42573613512178,-121.93367994332333,3.8639101926997865e-06,True
2301,66,Substation,' ',39.47336845,-121.5608867,Louisiana Pacific Corp.,other,,39.4733684456896,-121.56088671459868,1.3415956196909524e-06,True
2302,66,Substation,' ',37.94211221,-121.3377044,Pacific Ethanol,other,SUBSTATION,37.94211220892549,-121.33770440451217,4.133258785080782e-07,True
2303,66,Substation,' ',37.59365534,-119.9858686,Saxon Creek,other,SUBSTATION,37.59365534391288,-119.98586863997146,3.5485040555965987e-06,True
2304,66,Substation,' ',38.64677997,-121.0705589,Video Products Distribution,other,SUBSTATION,38.6467799738698,-121.07055891139386,1.0790079946340772e-06,True
2305,66,Substation,' ',37.77697497,-121.6253239,South Bay 2,pge,SUBSTATION,37.77697496906707,-121.62532386832268,2.786006430515446e-06,True
2306,115,Substation,' ',39.57223521,-121.1281804,Yuba Co Water Agency,other,SUBSTATION,39.57223521443007,-121.12818042402051,2.1169426221474606e-06,True
2307,66,Substation,' ',32.8293907,-116.9663913,Clark Helicopter,sdge,SUBSTATION,32.8293907003872,-116.96639131664364,1.5557081607386698e-06,True
2308,66,Substation,' ',41.2012439,-122.2764098,South Dunsmuir,pacificorp,SUBSTATION,41.20124390279776,-122.2764098191782,1.6343879589290468e-06,True
2309,66,Substation,' ',34.18507227,-118.3451326,Unknown,other,SUBSTATION,34.18507226717156,-118.34513263639523,3.3625003996532063e-06,True
2310,66,Substation,' ',34.18813539,-118.3455304,Unknown,other,SUBSTATION,34.1881353942391,-118.34553042628032,2.4627976151178984e-06,True
2311,66,Substation,' ',37.41164719,-118.1861367,White Mt.,sce,,37.41164718835832,-118.18613672745676,2.431873548754731e-06,True
2312,66,Substation,' ',37.33466081,-118.47958,Bishop Creek 5,sce,,37.33466081466088,-118.47958004383035,3.9096258674587875e-06,True
2313,66,Substation,' ',36.46509547,-118.8619812,Kaweah 1,sce,SUBSTATION,36.46509546966556,-118.86198122048992,1.8326902717241895e-06,True
2314,500,Substation,' ',34.85927794,-118.4352171,Whirlwind,sce,SUBSTATION,34.859277941866615,-118.4352171477292,4.359848226732881e-06,True
2315,66,Substation,' ',33.97018662,-117.618598,Kimball,sce,SUBSTATION,33.97018662058697,-117.6185980008174,9.970711162409728e-08,True
2316,66,Substation,' ',34.55764538,-118.1802498,Ritter Ranch,sce,TAP,34.557645375155964,-118.18024980001832,5.38634096193372e-07,True
2317,115,Substation,' ',38.52593005,-120.2291523,Km Green,other,,38.52593004979321,-120.22915226776868,2.8039190583432023e-06,True
2318,66,Substation,' ',38.68746574,-120.0658613,Km Blue,other,SUBSTATION,38.68746573851501,-120.06586131168952,1.0279431308799464e-06,True
2319,66,Substation,' ',37.96116501,-121.2815144,Aurora,pge,SUBSTATION,37.96116500699628,-121.28151443378567,2.9807326565488617e-06,True
2320,66,Substation,' ',37.94996587,-121.3463298,Port Of Stockton,other,SUBSTATION,37.94996586677416,-121.34632983713998,3.27622257752055e-06,True
2321,66,Substation,' ',37.98676821,-122.0402689,Gill,pge,SUBSTATION,37.986768207370986,-122.04026889673518,4.0905509604391944e-07,True
2322,66,Substation,' ',37.78310949,-122.400223,Moscone,other,SUBSTATION,37.78310949452423,-122.40022295485726,3.99897436083252e-06,True
2323,115,Substation,' ',37.79212554,-122.4036251,Bank Of America,other,SUBSTATION,37.79212554338982,-122.40362513220316,2.8547055506825785e-06,True
2324,115,Substation,' ',37.74620312,-122.420327,Bart,other,,37.74620312345935,-122.42032698548478,1.332963593223817e-06,True
2325,115,Substation,' ',33.24305707,-115.5001896,Niland Ss,iid,,33.24305706546611,-115.50018963224856,3.041135542118752e-06,True
2326,66,Substation,' ',35.19487109,-118.8155537,Sycamore Grimmway Farm,sce,SUBSTATION,35.19487108716629,-118.81555367358264,2.421086734210753e-06,True
2327,115,Substation,' ',36.0934423,-117.9576142,Coso Little Lake,sce,SUBSTATION,36.09344229883643,-117.95761415076218,4.426001053479911e-06,True
2328,66,Substation,' ',37.60912941,-120.9928722,Crows Landing,other,SUBSTATION,37.6091294101229,-120.99287215483628,3.978393273255115e-06,True
2329,66,Substation,' ',33.70191633,-117.3752229,Dryden,sce,SUBSTATION,33.70191633261762,-117.37522287753453,2.0984980819844162e-06,True
2330,66,Substation,' ',39.40007937,-120.1499392,Hobart,other,SUBSTATION,39.40007937420186,-120.14993916428271,3.1043334656678565e-06,True
2331,66,Substation,' ',39.67078544,-120.2479684,Cemetery,other,SUBSTATION,39.67078543644706,-120.2479684324609,2.8062610373692027e-06,True
2332,115,Substation,' ',33.16867618,-115.4925094,Calipatria,iid,SUBSTATION,33.168676181043445,-115.49250944553258,4.239632597225439e-06,True
2333,66,Substation,' ',33.9988765,-117.3488524,Hunter,other,SUBSTATION,33.99887649529436,-117.34885237587883,2.2843670626653137e-06,True
2334,66,Substation,' ',33.9718988,-117.3323483,University,other,SUBSTATION,33.971898797379346,-117.33234830443196,5.019412858323267e-07,True
2335,66,Substation,' ',41.13235472,-121.1143557,Unknown,other,SUBSTATION,41.132354718631255,-121.11435573869302,3.2441568839367153e-06,True
2336,66,Substation,' ',40.55124879,-124.0792155,Rio Dell Tap,pge,TAP,40.551248789422594,-124.07921547141898,2.4156257637219357e-06,True
2337,66,Substation,' ',40.08983849,-120.1723133,Herlong,other,SUBSTATION,40.089838487092216,-120.17231330508032,5.397364079484847e-07,True
2338,66,Substation,' ',40.29968726,-121.2448944,Collins Pine Co.,other,SUBSTATION,40.29968726481272,-121.2448943825951,1.570045647269776e-06,True
2339,66,Substation,' ',38.62741805,-121.229413,Gold Country,smud,SUBSTATION,38.62741804708436,-121.22941304795684,4.178508326029268e-06,True
2340,66,Substation,' ',38.41951217,-121.3954859,West Stockton,smud,SUBSTATION,38.41951216729102,-121.39548586041808,3.461477693801776e-06,True
2341,66,Substation,' ',38.5953278,-121.3756089,Arden,smud,SUBSTATION,38.59532779900826,-121.37560886222433,3.2848136099789105e-06,True
2342,66,Substation,' ',38.39508861,-121.41834,Bruceville,smud,SUBSTATION,38.39508861424784,-121.41834004626924,4.0598718488607365e-06,True
2343,66,Substation,' ',38.43766004,-121.3755445,Sheldon,smud,SUBSTATION,38.43766004409707,-121.37554449382108,7.051046198366037e-07,True
2344,66,Substation,' ',38.42171757,-121.448745,Laguna Pointe-Franklin,smud,SUBSTATION,38.42171757171157,-121.44874499870264,2.2134775687771697e-07,True
2345,66,Substation,' ',38.65923885,-121.1071492,Golflinks,smud,SUBSTATION,38.6592388479157,-121.10714922613327,2.280941891093406e-06,True
2346,66,Substation,' ',38.4159142,-121.4821271,Maritime,smud,SUBSTATION,38.41591420472181,-121.48212706359608,3.2148028575431423e-06,True
2347,66,Substation,' ',38.4534286,-121.4066181,Power Inn-Geneva Pointe,smud,SUBSTATION,38.45342859531464,-121.40661806184472,3.3630959589560935e-06,True
2348,66,Substation,' ',38.67138727,-121.2647745,Macy Plaza,smud,SUBSTATION,38.671387267617774,-121.26477447925708,1.8201662947280715e-06,True
2349,66,Substation,' ',38.58605279,-121.2124628,White Rock-Nike,smud,SUBSTATION,38.58605279010319,-121.21246280792056,6.885359877256375e-07,True
2350,66,Substation,' ',38.56923017,-121.4849919,Q-19Th,smud,,38.56923016626906,-121.48499185436802,3.98880192232376e-06,True
2351,66,Substation,' ',38.386891,-121.3738271,Promanade,smud,SUBSTATION,38.38689099967471,-121.3738271101928,8.89126660008954e-07,True
2352,66,Substation,' ',38.58460932,-121.4201776,American River Parkway,smud,SUBSTATION,38.58460932475149,-121.42017756398845,3.174392799574773e-06,True
2353,66,Substation,' ',38.51878132,-121.3963467,Midway-Siena,smud,SUBSTATION,38.518781315546825,-121.39634665166588,4.2340903474703486e-06,True
2354,66,Substation,' ',38.40208663,-121.335074,Bradshaw-Grant Line,smud,SUBSTATION,38.40208662897047,-121.3350739827451,1.5079466714412427e-06,True
2355,115,Substation,' ',38.65217913,-121.1182589,Cavitt,smud,SUBSTATION,38.65217912738761,-121.11825892892514,2.528539062056653e-06,True
2356,66,Substation,' ',38.68711998,-121.1517604,Cimmaron-E Natomas,smud,SUBSTATION,38.68711997750887,-121.15176036492116,3.057261634081263e-06,True
2357,66,Substation,' ',38.50138226,-121.3160589,Knox-Florin,smud,SUBSTATION,38.50138226253095,-121.31605891335391,1.1956545404260035e-06,True
2358,66,Substation,' ',39.32735867,-120.2818904,Donner Lake,other,SUBSTATION,39.327358671338935,-120.2818904389922,3.3571572683075295e-06,True
2359,66,Substation,' ',33.70479568,-116.7312309,Mountain Center,other,SUBSTATION,33.70479567653136,-116.73123086698426,3.0783427093420065e-06,True
2360,66,Substation,' ',33.51518854,-116.7884555,Lake Riverside,other,SUBSTATION,33.51518854151166,-116.7884554849974,1.400975345175496e-06,True
2361,115,Substation,' ',37.76698524,-119.1233382,June Lake,sce,,37.766985236287816,-119.12333824341516,3.8384720195352655e-06,True
2362,66,Substation,' ',33.81699412,-117.9763665,Clair,other,SUBSTATION,33.81699411515631,-117.97636652783343,2.6271334339097683e-06,True
2363,66,Substation,' ',33.86437216,-117.7463946,Park,other,,33.864372158712875,-117.7463946478373,4.419217339304691e-06,True
2364,66,Substation,' ',33.85647208,-117.7683222,Fairmont,other,SUBSTATION,33.856472079172455,-117.76832220192216,1.9992709588217075e-07,True
2365,66,Substation,' ',33.85839882,-117.8622674,Canyon,other,SUBSTATION,33.85839882027431,-117.86226743840476,3.5463565692270315e-06,True
2366,66,Substation,' ',37.40332926,-121.9732165,Tasman,svp,,37.40332925766502,-121.9732165277994,2.4692354026786397e-06,True
2367,66,Substation,' ',37.32734247,-121.9962031,Serra,svp,SUBSTATION,37.32734246926344,-121.9962030813904,1.6475064952439733e-06,True
2368,66,Substation,' ',37.37706603,-121.9978537,Zeno,svp,SUBSTATION,37.37706602683574,-121.9978536866034,1.2349308018055614e-06,True
2369,66,Substation,' ',37.33909296,-121.978458,Homestead,svp,SUBSTATION,37.33909295895819,-121.97845801682676,1.4921009591039204e-06,True
2370,66,Substation,' ',37.37699607,-121.955302,Raymond,svp,SUBSTATION,37.37699607176468,-121.95530201635054,1.4580309814300032e-06,True
2371,66,Substation,' ',37.3758027,-121.9543269,Kenneth,svp,SUBSTATION,37.37580269739527,-121.95432689299246,6.836004704459189e-07,True
2372,66,Substation,' ',37.38169967,-121.978366,Central,svp,SUBSTATION,37.381699668552606,-121.97836595479008,3.99782733494696e-06,True
2373,66,Substation,' ',37.38658303,-121.9675138,Juliette,svp,SUBSTATION,37.38658302916208,-121.96751381758595,1.5565217499655158e-06,True
2374,66,Substation,' ',37.38516906,-121.9565774,Norman Avenue,svp,SUBSTATION,37.38516905745191,-121.95657737085293,2.5907535893036155e-06,True
2375,66,Substation,' ',37.39136113,-121.9676557,Agnew,svp,SUBSTATION,37.391361129090825,-121.96765572023386,1.7904193061856984e-06,True
2376,66,Substation,' ',37.39437509,-121.9575378,Palm,svp,SUBSTATION,37.39437508995889,-121.95753783718598,3.285068337182731e-06,True
2377,66,Substation,' ',37.37399652,-121.9741934,Northwestern,svp,SUBSTATION,37.373996519695226,-121.97419336803642,2.824681795548759e-06,True
2378,66,Substation,' ',37.37593549,-121.9509503,Lafayette,svp,SUBSTATION,37.37593549316067,-121.9509503186919,1.6886533874294282e-06,True
2379,500,Substation,' ',33.57898011,-114.8159277,Colorado River,sce,SUBSTATION,33.578980113208246,-114.81592767827811,2.0436728202549977e-06,True
2380,66,Substation,' ',34.00301487,-118.2343272,Bj,other,SUBSTATION,34.0030148716011,-118.2343271504149,4.574294977425312e-06,True
2381,66,Substation,' ',34.00326263,-118.2325784,Kinetic,other,SUBSTATION,34.00326262501917,-118.23257840369185,6.500456352353297e-07,True
2382,66,Substation,' ',34.08661106,-117.3265084,North,other,SUBSTATION,34.0866110609836,-117.32650839880326,1.5526841625553805e-07,True
2383,66,Substation,' ',34.5901071,-117.3712162,Cement,sce,,34.59010709887707,-117.37121620977068,9.030776940105278e-07,True
2384,66,Substation,' ',36.68448148,-119.5536121,Sanger Power And Feed,other,SUBSTATION,36.684481475780174,-119.55361213707312,3.3389961559633177e-06,True
2385,66,Substation,' ',34.26865171,-116.8148676,Palomino,other,SUBSTATION,34.26865171315603,-116.81486757645509,2.1918696919531814e-06,True
2386,66,Substation,' ',34.25062959,-116.8270485,Maple,other,SUBSTATION,34.2506295871959,-116.82704854859794,4.477597928412311e-06,True
2387,66,Substation,' ',34.26634071,-116.8310392,Maltby,other,SUBSTATION,34.26634071314899,-116.8310391820453,1.6866892492041827e-06,True
2388,66,Substation,' ',34.26538392,-116.8496005,Bear City,other,SUBSTATION,34.265383917795795,-116.84960050072996,2.5411015072890727e-07,True
2389,66,Substation,' ',34.22430904,-116.857889,Bear Mt.,other,SUBSTATION,34.22430904265614,-116.85788899765372,3.657398861315594e-07,True
2390,66,Substation,' ',34.22675718,-116.8637969,Moonridge,other,SUBSTATION,34.22675717794689,-116.86379693354372,3.0923787628932213e-06,True
2391,66,Substation,' ',34.26184786,-116.8666181,Division,other,SUBSTATION,34.2618478590865,-116.86661807569544,2.235888186497019e-06,True
2392,66,Substation,' ',34.2614109,-116.8821987,Fawnskin,other,SUBSTATION,34.26141090442784,-116.88219872700186,2.529847606030111e-06,True
2393,66,Substation,' ',34.2526932,-116.8914217,Lake,other,SUBSTATION,34.252693203058584,-116.8914217469977,4.332910769760927e-06,True
2394,66,Substation,' ',34.24704552,-116.8853968,Meadow,other,SUBSTATION,34.24704552188969,-116.88539684540667,4.178876861156381e-06,True
2395,66,Substation,' ',34.23620135,-116.8896699,Summit,other,SUBSTATION,34.23620135431516,-116.88966992498466,2.3463660116464587e-06,True
2396,66,Substation,' ',34.2453792,-116.9003541,Pine Knot,other,SUBSTATION,34.245379200854885,-116.90035411450836,1.3369584319019547e-06,True
2397,66,Substation,' ',34.24017994,-116.9104415,Village,other,SUBSTATION,34.240179939080924,-116.91044147716325,2.1017171401118605e-06,True
2398,66,Substation,' ',34.3037656,-116.8201577,Goldhill,sce,SUBSTATION,34.30376559549168,-116.82015771530848,1.4928284239106945e-06,True
2399,230,Substation,' ',35.20709103,-118.2479019,Unknown,sce,SUBSTATION,35.2070910278341,-118.24790192572478,2.349586361512727e-06,True
2400,230,Substation,' ',38.12482122,-121.8318147,Shiloh IV,other,SUBSTATION,38.12482121898239,-121.83181470377949,3.4943301522763217e-07,True
2401,66,Substation,' ',33.76483417,-118.0988825,Alamitos,sce,,33.76483416992947,-118.09888250825772,7.633766491169307e-07,True
2402,115,Substation,' ',36.13838951,-119.577214,Waukena,pge,SUBSTATION,36.13838950645197,-119.57721400910224,9.076160428657385e-07,True
2403,115,Substation,' ',39.14379082,-123.1988789,Orchard Street,pge,SUBSTATION,39.14379081953796,-123.198878900639,7.534128987899314e-08,True
2404,66,Substation,' ',33.93260512,-116.5043504,Aventura P.T.,sce,,33.93260512185515,-116.50435042260274,2.095457225438706e-06,True
2405,230,Substation,' ',33.20491247,-115.5731889,Bannister,iid,SUBSTATION,33.20491246523464,-115.57318888566232,1.4353486396521398e-06,True
2406,115,Substation,' ',33.91373651,-116.7196241,Transwind,sce,SUBSTATION,33.91373651216439,-116.71962411540778,1.442028532333637e-06,True
2407,115,Substation,' ',33.90196491,-116.5557961,Hugo,sce,SUBSTATION,33.90196491171866,-116.55579606267844,3.4497412026006e-06,True
2408,115,Substation,' ',32.71983423,-114.7107632,Yucca Axis Plant,iid,,32.71983423155737,-114.71076323397271,3.1828944315982516e-06,True
2409,66,Substation,' ',37.36428512,-121.9442823,Unknown,svp,,37.36428512386098,-121.94428234900585,4.3522132772994145e-06,True
7623,230,Substation,' ',36.10797845,-118.9380686,Springville,sce,SUBSTATION,36.10795758601929,-118.93805833110746,0.0024966532599579455,True
7624,66,Substation,' ',36.10795571,-118.9380569,Springville,sce,SUBSTATION,36.10795758601929,-118.93805833110746,0.0002450392659116827,True
7625,230,Substation,' ',36.30432534,-119.2445438,Rector,sce,SUBSTATION,36.304305560887656,-119.2445694435389,0.0031808063274927157,True
7626,66,Substation,' ',36.30427691,-119.2445756,Rector,sce,SUBSTATION,36.304305560887656,-119.2445694435389,0.00323324711238754,True
7627,230,Substation,' ',33.68537943,-117.9431138,Ellis,sce,SUBSTATION,33.68533899119745,-117.94309799149669,0.0047285039208449665,True
7628,66,Substation,' ',33.68529538,-117.9431194,Ellis,sce,SUBSTATION,33.68533899119745,-117.94309799149669,0.005238299475634762,True
7631,230,Substation,' ',37.79799347,-121.5804434,Tracy,wapa,SUBSTATION,37.79803786044646,-121.58040538664348,0.0059598283601052255,True
7632,500,Substation,' ',37.7980376,-121.5803659,Tracy,wapa,SUBSTATION,37.79803786044646,-121.58040538664348,0.003469558042778764,True
7633,66,Substation,' ',37.79807877,-121.5804202,Tracy,wapa,SUBSTATION,37.79803786044646,-121.58040538664348,0.004731474447450424,True
7634,66,Substation,' ',35.38277387,-119.6961467,Temblor,pge,SUBSTATION,35.38274812099552,-119.69618759671236,0.004684433153740065,True
7635,115,Substation,' ',35.38270685,-119.6961461,Temblor,pge,SUBSTATION,35.38274812099552,-119.69618759671236,0.005934022507604223,True
7636,230,Substation,' ',35.3743397,-120.8560494,Morro Bay,pge,SUBSTATION,35.37433961065797,-120.85601432618392,0.0031800501927952887,True
7637,115,Substation,' ',35.3743576,-120.8560621,Morro Bay,pge,SUBSTATION,35.37433961065797,-120.85601432618392,0.004771081778413138,True
7638,230,Substation,' ',37.63210964,-122.1018261,Mt. Eden,pge,SUBSTATION,37.63206011003971,-122.10184811059204,0.005838596805309423,True
7639,66,Substation,' ',37.63209122,-122.1018886,Mt. Eden,pge,SUBSTATION,37.63206011003971,-122.10184811059204,0.004967845543650809,True
7642,230,Substation,' ',33.81852556,-116.370064,Mirage,sce,SUBSTATION,33.818502324745126,-116.3701103564654,0.005001474595919096,True
7643,115,Substation,' ',33.81852727,-116.3701257,Mirage,sce,SUBSTATION,33.818502324745126,-116.3701103564654,0.0031149745710905485,True
7646,66,Substation,' ',40.61905419,-122.3220371,Oregon Trail,pge,SUBSTATION,40.61904558800701,-122.32206024241452,0.0021749096404801807,True
7647,115,Substation,' ',40.61900976,-122.3220492,Oregon Trail,pge,SUBSTATION,40.61904558800701,-122.32206024241452,0.0040914606301226866,True
7648,66,Substation,' ',38.54516943,-121.7342428,Davis,other,SUBSTATION,38.54520818603588,-121.73422845666718,0.0044863777120295635,True
7649,115,Substation,' ',38.54517286,-121.7342632,Davis,other,SUBSTATION,38.54520818603588,-121.73422845666718,0.00495575177752382,True
7650,66,Substation,' ',41.45176067,-122.3622029,Weed Junction,pacificorp,SUBSTATION,41.45174559378809,-122.36218072963584,0.0024948741421672695,True
7651,115,Substation,' ',41.45175834,-122.3621313,Weed Junction,pacificorp,SUBSTATION,41.45174559378809,-122.36218072963584,0.004356561726391336,True
7652,230,Substation,' ',38.6503711,-121.4863474,Natomas,smud,SUBSTATION,38.65038572023357,-121.48631389974015,0.0033325860055604946,True
7653,66,Substation,' ',38.65042713,-121.4862918,Natomas,smud,SUBSTATION,38.65038572023357,-121.48631389974015,0.00498849107930068,True
7654,230,Substation,' ',33.82885513,-117.7896549,Serrano,sce,SUBSTATION,33.828864799053086,-117.78969482417943,0.0038413298871453204,True
7655,500,Substation,' ',33.82888121,-117.7897284,Serrano,sce,SUBSTATION,33.828864799053086,-117.78969482417943,0.0035984211216877125,True
7656,230,Substation,' ',32.91742171,-117.0311398,Sycamore Canyon,sdge,SUBSTATION,32.917398605389415,-117.03112755146188,0.002812032600380708,True
7657,66,Substation,' ',32.91739502,-117.0311349,Sycamore Canyon,sdge,SUBSTATION,32.917398605389415,-117.03112755146188,0.0007933794683301462,True
7658,115,Substation,' ',32.91740534,-117.0310899,Sycamore Canyon,sdge,SUBSTATION,32.917398605389415,-117.03112755146188,0.0035934006375321916,True
7659,230,Substation,' ',34.50498671,-117.3883741,Victor,sce,SUBSTATION,34.50494039543655,-117.38838687045426,0.005281220543979147,True
7660,66,Substation,' ',34.50489089,-117.3883733,Victor,sce,SUBSTATION,34.50494039543655,-117.38838687045426,0.0056434576286939755,True
7661,115,Substation,' ',34.50495636,-117.388347,Victor,sce,SUBSTATION,34.50494039543655,-117.38838687045426,0.00406189760798873,True
7662,230,Substation,' ',33.81923151,-118.2224963,Hinson,sce,SUBSTATION,33.819268982610296,-118.22253903742477,0.005740160583871557,True
7663,66,Substation,' ',33.8192585,-118.2225237,Hinson,sce,SUBSTATION,33.819268982610296,-118.22253903742477,0.0018347201140644501,True
7666,230,Substation,' ',38.76171235,-121.2641887,Berry,other,SUBSTATION,38.76173800367263,-121.26415161431632,0.004298442618984351,True
7667,66,Substation,' ',38.7617769,-121.2641137,Berry,other,SUBSTATION,38.76173800367263,-121.26415161431632,0.005432585659002393,True
7668,115,Substation,' ',38.76171806,-121.2641437,Berry,other,SUBSTATION,38.76173800367263,-121.26415161431632,0.0023213768878899213,True
7669,66,Substation,' ',32.73888735,-114.6334904,Winterhaven,iid,SUBSTATION,32.7388638873002,-114.63346666069064,0.003425862146927751,True
7670,115,Substation,' ',32.73883866,-114.6334837,Winterhaven,iid,SUBSTATION,32.7388638873002,-114.63346666069064,0.0032262585243330484,True
7673,66,Substation,' ',34.05897335,-117.314488,Colton (Century),sce,SUBSTATION,34.058978426489944,-117.31449314732694,0.0007372109343242397,True
7674,115,Substation,' ',34.0589893,-117.3144659,Colton (Century),sce,SUBSTATION,34.058978426489944,-117.31449314732694,0.0027860705355915285,True
7675,230,Substation,' ',33.97773257,-118.436901,Tahiti,sce,SUBSTATION,33.97776042433827,-118.43692868412496,0.004013654412697469,True
7676,66,Substation,' ',33.97777802,-118.4369308,Tahiti,sce,SUBSTATION,33.97776042433827,-118.43692868412496,0.001966251838559348,True
7677,66,Substation,' ',37.90841915,-122.0573089,Lakewood,pge,SUBSTATION,37.90841012924259,-122.05733485714823,0.0024883966737812135,True
7678,115,Substation,' ',37.90841279,-122.0573036,Lakewood,pge,SUBSTATION,37.90841012924259,-122.05733485714823,0.0027581700029707316,True
7679,230,Substation,' ',38.25097444,-122.5815961,Lakeville,pge,SUBSTATION,38.25095566704731,-122.58164540213878,0.004784551547430168,True
7680,66,Substation,' ',38.25098877,-122.5816254,Lakeville,pge,SUBSTATION,38.25095566704731,-122.58164540213878,0.004074259669532869,True
7681,115,Substation,' ',38.25095423,-122.581694,Lakeville,pge,SUBSTATION,38.25095566704731,-122.58164540213878,0.004246675208680055,True
7682,230,Substation,' ',38.80558507,-122.808212,Mccabe,pge,SUBSTATION,38.80562000315504,-122.80822213335718,0.0039823978545145584,True
7683,66,Substation,' ',38.80557669,-122.8081843,Mccabe,pge,SUBSTATION,38.80562000315504,-122.80822213335718,0.005826079749630481,True
7684,66,Substation,' ',37.89867204,-122.5245658,Alto,pge,SUBSTATION,37.898627509040566,-122.5246062288268,0.006091173381547901,True
7685,115,Substation,' ',37.89861964,-122.52465,Alto,pge,SUBSTATION,37.898627509040566,-122.5246062288268,0.003939061004340786,True
7690,230,Substation,' ',34.03327651,-118.4600633,Station K (Olympic),ladwp,SUBSTATION,34.033296014255576,-118.46003499827764,0.0033919114700315107,True
7691,66,Substation,' ',34.03328084,-118.4600374,Station K (Olympic),ladwp,SUBSTATION,34.033296014255576,-118.46003499827764,0.0017017528026317794,True
7692,115,Substation,' ',34.03327747,-118.4600247,Station K (Olympic),ladwp,SUBSTATION,34.033296014255576,-118.46003499827764,0.0022699128083836497,True
7695,66,Substation,' ',36.68231075,-121.6513715,Salinas,pge,SUBSTATION,36.68227571857433,-121.65138546406432,0.004089509938573267,True
7696,115,Substation,' ',36.68232165,-121.6513961,Salinas,pge,SUBSTATION,36.68227571857433,-121.65138546406432,0.005194659838089972,True
7697,66,Substation,' ',34.06068628,-117.3535257,Drews,other,SUBSTATION,34.06068531623223,-117.35357399416748,0.004450094309690156,True
7698,115,Substation,' ',34.0606834,-117.3535713,Drews,other,SUBSTATION,34.06068531623223,-117.35357399416748,0.0003271027474999443,True
7699,230,Substation,' ',34.4687799,-119.8843541,Goleta,sce,SUBSTATION,34.4687733858032,-119.88437130541196,0.0017356441174363356,True
7700,66,Substation,' ',34.46874197,-119.8843313,Goleta,sce,SUBSTATION,34.4687733858032,-119.88437130541196,0.005064871760649377,True
7707,230,Substation,' ',36.24195533,-119.9032943,Henrietta,pge,SUBSTATION,36.24191955475813,-119.90327197289793,0.004453541324014104,True
7708,66,Substation,' ',36.24192858,-119.9033148,Henrietta,pge,SUBSTATION,36.24191955475813,-119.90327197289793,0.003969757389950631,True
7709,230,Substation,' ',33.86978862,-118.3328685,La Fresa,sce,SUBSTATION,33.869742368081674,-118.33284284782984,0.00566209797072951,True
7710,66,Substation,' ',33.86978338,-118.3328875,La Fresa,sce,SUBSTATION,33.869742368081674,-118.33284284782984,0.006147513020379446,True
7715,66,Substation,' ',35.37800345,-119.0954011,Kern Pp Dist.,pge,,35.37805279157113,-119.09539444390688,0.005519619675416828,True
7716,115,Substation,' ',35.37801241,-119.0954143,Kern Pp Dist.,pge,,35.37805279157113,-119.09539444390688,0.004837652120013081,True
7725,230,Substation,' ',33.90157971,-118.3915996,Airchem,sce,SUBSTATION,33.9016139909303,-118.39162852714956,0.004653790486511928,True
7726,66,Substation,' ',33.90160172,-118.3916633,Airchem,sce,SUBSTATION,33.9016139909303,-118.39162852714956,0.003487256537536727,True
7727,66,Substation,' ',38.54814056,-121.4077324,Brighton,pge,SUBSTATION,38.54814198372994,-121.40774354112658,0.000981724066921036,True
7728,115,Substation,' ',38.54812503,-121.4077433,Brighton,pge,SUBSTATION,38.54814198372994,-121.40774354112658,0.001885285377685947,True
7731,230,Substation,' ',33.66701748,-117.6423751,Viejo,sce,SUBSTATION,33.66700687753794,-117.64237505031316,0.00117894895784298,True
7732,66,Substation,' ',33.66696983,-117.6424057,Viejo,sce,SUBSTATION,33.66700687753794,-117.64237505031316,0.005001578742403999,True
7745,230,Substation,' ',40.67896254,-122.4251023,Flannigan,other,SUBSTATION,40.67898866423839,-122.42506237686348,0.004446617493528837,True
7746,66,Substation,' ',40.67896998,-122.4250914,Flannigan,other,SUBSTATION,40.67898866423839,-122.42506237686348,0.003210352790348348,True
7747,230,Substation,' ',33.85268118,-118.3938368,Redondo 1,sce,SUBSTATION,33.85263910626862,-118.39382291463336,0.004850919314250128,True
7748,66,Substation,' ',33.85261435,-118.3938607,Redondo 1,sce,SUBSTATION,33.85263910626862,-118.39382291463336,0.00444440496376756,True
7751,230,Substation,' ',32.80233773,-115.5371291,El Centro,iid,SUBSTATION,32.802341462179314,-115.53714710365357,0.0017331182692718252,True
7752,66,Substation,' ',32.80231892,-115.537175,El Centro,iid,SUBSTATION,32.802341462179314,-115.53714710365357,0.0036167665663747062,True
7753,115,Substation,' ',32.80237428,-115.5371749,El Centro,iid,SUBSTATION,32.802341462179314,-115.53714710365357,0.004479497926334091,True
7754,230,Substation,' ',37.99234052,-121.3486474,Stagg,pge,SUBSTATION,37.99229903158738,-121.34862733050988,0.004937172662931806,True
7755,66,Substation,' ',37.99229623,-121.3486288,Stagg,pge,SUBSTATION,37.99229903158738,-121.34862733050988,0.0003370889801280518,True
7758,66,Substation,' ',37.80116217,-121.2238314,Manteca,pge,SUBSTATION,37.801133988578215,-121.22386999463303,0.004617139468604377,True
7759,115,Substation,' ',37.80115769,-121.2239054,Manteca,pge,SUBSTATION,37.801133988578215,-121.22386999463303,0.004077041222239598,True
7764,66,Substation,' ',32.7603857,-114.7486701,Knob,wapa,SUBSTATION,32.760368197873746,-114.7486567089287,0.002314182079203571,True
7765,115,Substation,' ',32.76037313,-114.7486325,Knob,wapa,SUBSTATION,32.760368197873746,-114.7486567089287,0.0023292233104175654,True
7770,230,Substation,' ',34.56366841,-117.3220928,Victorville,ladwp,SUBSTATION,34.56368213703407,-117.32208058546556,0.0018922990341909102,True
7771,500,Substation,' ',34.56368448,-117.3221111,Victorville,ladwp,SUBSTATION,34.56368213703407,-117.32208058546556,0.0028062922505610313,True
7772,66,Substation,' ',34.56364104,-117.3220901,Victorville,ladwp,SUBSTATION,34.56368213703407,-117.32208058546556,0.004652091054732981,True
7773,230,Substation,' ',33.91924041,-118.425367,Station L (Scattergood),ladwp,SUBSTATION,33.91922778210644,-118.42536777548544,0.0014059797579421302,True
7774,66,Substation,' ',33.91919279,-118.4254139,Station L (Scattergood),ladwp,SUBSTATION,33.91922778210644,-118.42536777548544,0.0057665532922417636,True
7775,115,Substation,' ',33.91922262,-118.4254107,Station L (Scattergood),ladwp,SUBSTATION,33.91922778210644,-118.42536777548544,0.004002121963833754,True
7778,230,Substation,' ',38.33152352,-120.6697894,Electra 1,pge,SUBSTATION,38.331545188417024,-120.66979925970637,0.002558304319706613,True
7779,66,Substation,' ',38.33153169,-120.6697873,Electra 1,pge,SUBSTATION,38.331545188417024,-120.66979925970637,0.001827869853718015,True
7780,230,Substation,' ',33.13693016,-117.3355562,Encina,sdge,SUBSTATION,33.13696599750437,-117.3355170007649,0.0054038328261138795,True
7781,66,Substation,' ',33.13699045,-117.3355222,Encina,sdge,SUBSTATION,33.13696599750437,-117.3355170007649,0.002761753667840365,True
7782,115,Substation,' ',33.13692609,-117.3355207,Encina,sdge,SUBSTATION,33.13696599750437,-117.3355170007649,0.004450859604943306,True
7785,230,Substation,' ',33.9983907,-117.6785606,Chino,sce,SUBSTATION,33.9983590444426,-117.67854336224448,0.0038620153956145154,True
7786,500,Substation,' ',33.99832191,-117.6785285,Chino,sce,SUBSTATION,33.9983590444426,-117.67854336224448,0.0043505342222986436,True
7787,66,Substation,' ',33.99838617,-117.6785196,Chino,sce,SUBSTATION,33.9983590444426,-117.67854336224448,0.0037277551442539175,True
7788,230,Substation,' ',37.7447448,-121.9358634,San Ramon,pge,SUBSTATION,37.74472575304592,-121.93590980356208,0.004597064749077415,True
7789,66,Substation,' ',37.74468834,-121.935896,San Ramon,pge,SUBSTATION,37.74472575304592,-121.93590980356208,0.004333572732488804,True
7792,66,Substation,' ',35.44253822,-119.7395888,Kernridge,pge,SUBSTATION,35.44250986128924,-119.73962988016642,0.004877793030554698,True
7793,115,Substation,' ',35.44248833,-119.7396103,Kernridge,pge,SUBSTATION,35.44250986128924,-119.73962988016642,0.0029796509617125637,True
7800,230,Substation,' ',33.45690796,-117.5892211,Pico,sdge,SUBSTATION,33.45687435488643,-117.58924261945327,0.004236568938481668,True
7801,66,Substation,' ',33.45691855,-117.5892519,Pico,sdge,SUBSTATION,33.45687435488643,-117.58924261945327,0.00498912010127567,True
7802,115,Substation,' ',33.45687089,-117.5892392,Pico,sdge,SUBSTATION,33.45687435488643,-117.58924261945327,0.0004990684303646098,True
7805,230,Substation,' ',33.94829445,-118.2551678,Station B (Century),ladwp,SUBSTATION,33.94828198673869,-118.25516201176848,0.0014851416028118327,True
7806,115,Substation,' ',33.94825012,-118.2551749,Station B (Century),ladwp,SUBSTATION,33.94828198673869,-118.25516201176848,0.0037375286246848333,True
7807,66,Substation,' ',34.07945249,-117.240419,Mountainview,sce,,34.079472854998215,-117.24038857623688,0.003602636465363461,True
7808,115,Substation,' ',34.07947877,-117.2403642,Mountainview,sce,,34.079472854998215,-117.24038857623688,0.002339375477067265,True
7809,66,Substation,' ',39.12053554,-122.2233849,Cortina,pge,SUBSTATION,39.12054473540145,-122.22333491105772,0.0044319689742829856,True
7810,115,Substation,' ',39.12052808,-122.2233561,Cortina,pge,SUBSTATION,39.12054473540145,-122.22333491105772,0.0026021440518842905,True
7817,66,Substation,' ',38.50888149,-121.40971,Power Inn-Elder Creek,smud,SUBSTATION,38.5088649632107,-121.40970613914868,0.001868148171999605,True
7818,115,Substation,' ',38.5088237,-121.4096816,Power Inn-Elder Creek,smud,SUBSTATION,38.5088649632107,-121.40970613914868,0.005060745178361536,True
7819,230,Substation,' ',34.01543658,-118.2037922,Station F (Velasco & Kinetic),ladwp,SUBSTATION,34.01543789706917,-118.20384035414672,0.004440687749404361,True
7820,66,Substation,' ',34.01543272,-118.2038146,Station F (Velasco & Kinetic),ladwp,SUBSTATION,34.01543789706917,-118.20384035414672,0.002442515425869158,True
7821,230,Substation,' ',37.45763021,-122.2863257,Jefferson,pge,SUBSTATION,37.45761682162042,-122.28637093369755,0.004261155924301009,True
7822,66,Substation,' ',37.4575755,-122.2864161,Jefferson,pge,SUBSTATION,37.45761682162042,-122.28637093369755,0.006083212708156428,True
7823,230,Substation,' ',37.62506173,-122.1165823,Eastshore,pge,SUBSTATION,37.62507858781576,-122.11661121383084,0.003161955575520409,True
7824,115,Substation,' ',37.62504401,-122.1165892,Eastshore,pge,SUBSTATION,37.62507858781576,-122.11661121383084,0.004306016005174287,True
7827,230,Substation,' ',38.50824083,-121.3553738,Hedge,smud,SUBSTATION,38.508248204201095,-121.35536578407734,0.001076493569679364,True
7828,66,Substation,' ',38.50826589,-121.3553692,Hedge,smud,SUBSTATION,38.508248204201095,-121.35536578407734,0.0019889056164014802,True
7829,115,Substation,' ',38.50826651,-121.3553338,Hedge,smud,SUBSTATION,38.508248204201095,-121.35536578407734,0.0034479564990377493,True
7830,230,Substation,' ',34.0891351,-117.527049,Etiwanda,sce,SUBSTATION,34.08917006316914,-117.52704644758376,0.0038948258478535766,True
7831,66,Substation,' ',34.0891736,-117.527047,Etiwanda,sce,SUBSTATION,34.08917006316914,-117.52704644758376,0.00039655409661516484,True
7832,230,Substation,' ',38.76299123,-121.3572333,Fiddyment Receiving,other,SUBSTATION,38.76301966827046,-121.3572241686948,0.003259795601596921,True
7833,66,Substation,' ',38.7629841,-121.3572386,Fiddyment Receiving,other,SUBSTATION,38.76301966827046,-121.3572241686948,0.004148219312536818,True
7834,230,Substation,' ',38.65743918,-121.1367682,Gold Hill,pge,SUBSTATION,38.65748758790568,-121.13675733267137,0.005464799682750579,True
7835,66,Substation,' ',38.65749333,-121.136732,Gold Hill,pge,SUBSTATION,38.65748758790568,-121.13675733267137,0.0022904655239078496,True
7836,115,Substation,' ',38.65749942,-121.1367753,Gold Hill,pge,SUBSTATION,38.65748758790568,-121.13675733267137,0.002040830225706017,True
7837,66,Substation,' ',39.3192471,-120.3788903,Summit,pge,SUBSTATION,39.31928513190563,-120.37884971476753,0.00548389451689024,True
7838,115,Substation,' ',39.31925294,-120.3788044,Summit,pge,SUBSTATION,39.31928513190563,-120.37884971476753,0.005292333523789505,True
7839,230,Substation,' ',37.99953661,-121.7828376,Contra Costa,pge,SUBSTATION,37.99955467869259,-121.78282309756756,0.0023772843818806754,True
7840,66,Substation,' ',37.99953097,-121.782776,Contra Costa,pge,SUBSTATION,37.99955467869259,-121.78282309756756,0.00489702630376547,True
7841,115,Substation,' ',37.99955629,-121.7827931,Contra Costa,pge,SUBSTATION,37.99955467869259,-121.78282309756756,0.0026345861363251104,True
7844,230,Substation,' ',36.821906,-119.8589773,Fig Garden,pge,SUBSTATION,36.82191866501834,-119.85892793129833,0.004614540892125107,True
7845,115,Substation,' ',36.82195601,-119.8589138,Fig Garden,pge,SUBSTATION,36.82191866501834,-119.85892793129833,0.0043388995381689124,True
7848,230,Substation,' ',39.77794836,-122.1428552,Glenn,pge,SUBSTATION,39.77791304436671,-122.142904054826,0.005731584703412299,True
7849,66,Substation,' ',39.7779599,-122.1428682,Glenn,pge,SUBSTATION,39.77791304436671,-122.142904054826,0.006044297236597312,True
7850,230,Substation,' ',38.01554628,-121.0136589,Bellota,pge,SUBSTATION,38.01551233898278,-121.01368657506131,0.004485706985409206,True
7851,115,Substation,' ',38.01550268,-121.0136681,Bellota,pge,SUBSTATION,38.01551233898278,-121.01368657506131,0.001942437544262015,True
7866,230,Substation,' ',33.81546184,-117.8344187,Villa Park,sce,SUBSTATION,33.81548160221185,-117.83439768513831,0.0029322419375353553,True
7867,66,Substation,' ',33.8154625,-117.8343681,Villa Park,sce,SUBSTATION,33.81548160221185,-117.83439768513831,0.0034615176584168257,True
7868,230,Substation,' ',33.97594301,-118.147888,Laguna Bell,sce,SUBSTATION,33.97589882204399,-118.14787388052436,0.00508304791840638,True
7869,66,Substation,' ',33.97591181,-118.1478911,Laguna Bell,sce,SUBSTATION,33.97589882204399,-118.14787388052436,0.002146364908711142,True
7870,230,Substation,' ',33.66489011,-117.7680577,Santiago,sce,SUBSTATION,33.664904987736776,-117.76802000677172,0.003860785901003983,True
7871,66,Substation,' ',33.66488581,-117.768026,Santiago,sce,SUBSTATION,33.664904987736776,-117.76802000677172,0.0022034194390376607,True
7874,230,Substation,' ',37.64250706,-121.0429726,Rosemore B,other,SUBSTATION,37.64254479909887,-121.04295502714626,0.004472555241634019,True
7875,66,Substation,' ',37.64259383,-121.0429188,Rosemore B,other,SUBSTATION,37.64254479909887,-121.04295502714626,0.006316531235043571,True
7880,66,Substation,' ',34.82826787,-120.4484566,Divide,pge,SUBSTATION,34.82822558276568,-120.44842243666147,0.005642145761957237,True
7881,115,Substation,' ',34.82817718,-120.4484135,Divide,pge,SUBSTATION,34.82822558276568,-120.44842243666147,0.005443604388107,True
7882,230,Substation,' ',38.51106842,-121.4750191,South City,smud,SUBSTATION,38.51108701284196,-121.47506398577212,0.004418915736165071,True
7883,115,Substation,' ',38.51110946,-121.4750838,South City,smud,SUBSTATION,38.51108701284196,-121.47506398577212,0.0030335250042326707,True
7884,230,Substation,' ',34.31192399,-118.4804278,Sylmar East,ladwp,SUBSTATION,34.31189487154974,-118.4804143253756,0.003466280064043882,True
7885,66,Substation,' ',34.3118678,-118.4803652,Sylmar East,ladwp,SUBSTATION,34.31189487154974,-118.4804143253756,0.0054239115415679415,True
7888,230,Substation,' ',32.71792376,-115.7156357,Imperial Valley,sdge,SUBSTATION,32.7179477614166,-115.71566148929638,0.0035977259237066394,True
7889,500,Substation,' ',32.71798545,-115.715688,Imperial Valley,sdge,SUBSTATION,32.7179477614166,-115.71566148929638,0.004869680604411829,True
7892,230,Substation,' ',38.28545467,-121.9706952,Peabody,pge,SUBSTATION,38.28546411187329,-121.9707061017594,0.0014169127485801508,True
7893,66,Substation,' ',38.2854921,-121.9706995,Peabody,pge,SUBSTATION,38.28546411187329,-121.9707061017594,0.0031650298520372487,True
7896,66,Substation,' ',37.35623222,-121.9397986,Brokaw,svp,SUBSTATION,37.35619213055161,-121.93981919307475,0.004815020011358113,True
7897,115,Substation,' ',37.35615633,-121.9398365,Brokaw,svp,SUBSTATION,37.35619213055161,-121.93981919307475,0.004264629283987742,True
7900,66,Substation,' ',40.64643682,-122.9466795,Douglas City,other,SUBSTATION,40.64638987254954,-122.94670808703856,0.0057505406947413575,True
7901,115,Substation,' ',40.64634829,-122.9467281,Douglas City,other,SUBSTATION,40.64638987254954,-122.94670808703856,0.004922412670613668,True
7904,230,Substation,' ',34.98945554,-117.5423921,Kramer,sce,SUBSTATION,34.98947997974933,-117.5423960172021,0.0027409048547563392,True
7905,66,Substation,' ',34.98949717,-117.5423492,Kramer,sce,SUBSTATION,34.98947997974933,-117.5423960172021,0.004673675360319667,True
7906,115,Substation,' ',34.98948531,-117.5423634,Kramer,sce,SUBSTATION,34.98947997974933,-117.5423960172021,0.003029874085265613,True
7907,230,Substation,' ',40.3824504,-122.3822466,Olinda,other,SUBSTATION,40.382458382009176,-122.3822184194393,0.0025466038342081814,True
7908,500,Substation,' ',40.38246713,-122.3822499,Olinda,other,SUBSTATION,40.382458382009176,-122.3822184194393,0.0028383314679989264,True
7911,230,Substation,' ',35.02669316,-117.348207,Harper Lake,sce,SUBSTATION,35.026650033559505,-117.34821398250754,0.004837406062731298,True
7912,66,Substation,' ',35.02665085,-117.348244,Harper Lake,sce,SUBSTATION,35.026650033559505,-117.34821398250754,0.0027347763172058917,True
7913,66,Substation,' ',37.27333607,-120.4872542,Merced,pge,SUBSTATION,37.27330800181223,-120.4872390057089,0.0033982996670984217,True
7914,115,Substation,' ',37.27330581,-120.4872857,Merced,pge,SUBSTATION,37.27330800181223,-120.4872390057089,0.0041388794949729565,True
7917,230,Substation,' ',37.28102858,-122.0151755,Saratoga,pge,SUBSTATION,37.28103662677783,-122.01521981672684,0.004021716144068378,True
7918,66,Substation,' ',37.28103367,-122.0151969,Saratoga,pge,SUBSTATION,37.28103662677783,-122.01521981672684,0.00205403906743378,True
7919,230,Substation,' ',35.25223227,-115.5157519,Cima,sce,SUBSTATION,35.25221722065503,-115.51571284250429,0.003921541143766741,True
7920,500,Substation,' ',35.25222325,-115.5157004,Cima,sce,SUBSTATION,35.25221722065503,-115.51571284250429,0.0013137698647994007,True
7927,230,Substation,' ',35.40371172,-119.4523725,Midway,pge,SUBSTATION,35.403680946179904,-119.45237612261928,0.003437608391412247,True
7928,500,Substation,' ',35.40364658,-119.4523314,Midway,pge,SUBSTATION,35.403680946179904,-119.45237612261928,0.005570693868614778,True
7929,115,Substation,' ',35.40372729,-119.4523721,Midway,pge,SUBSTATION,35.403680946179904,-119.45237612261928,0.00516607869021494,True
7930,66,Substation,' ',37.63934049,-120.91968,Claus,other,SUBSTATION,37.63938844232272,-120.91971050573262,0.0059704176545151335,True
7931,115,Substation,' ',37.63938144,-120.9196894,Claus,other,SUBSTATION,37.63938844232272,-120.91971050573262,0.0020149208202160833,True
7934,230,Substation,' ',33.453114,-117.5714875,Talega,sdge,SUBSTATION,33.45311242492506,-117.57145345137376,0.0031636810300142166,True
7935,66,Substation,' ',33.453147,-117.5714813,Talega,sdge,SUBSTATION,33.45311242492506,-117.57145345137376,0.004632049621651989,True
7936,115,Substation,' ',33.45312814,-117.571433,Talega,sdge,SUBSTATION,33.45311242492506,-117.57145345137376,0.0025794375287666363,True
7937,230,Substation,' ',36.26518293,-121.1458146,Coburn,pge,SUBSTATION,36.26513885600068,-121.14583686925218,0.005291891444268588,True
7938,66,Substation,' ',36.26513946,-121.1458666,Coburn,pge,SUBSTATION,36.26513885600068,-121.14583686925218,0.0026663613040029577,True
7939,230,Substation,' ',32.91869913,-117.2190936,Penasquitos,sdge,,32.918711857407544,-117.21913861984876,0.004434140765772268,True
7940,115,Substation,' ',32.91870837,-117.2191148,Penasquitos,sdge,,32.918711857407544,-117.21913861984876,0.002256949466837039,True
7941,230,Substation,' ',33.98913921,-118.3594038,La Brea,ladwp,SUBSTATION,33.98918354112964,-118.35938918626668,0.005110211833344346,True
7942,115,Substation,' ',33.98918122,-118.3594185,La Brea,ladwp,SUBSTATION,33.98918354112964,-118.35938918626668,0.002714919978192066,True
7945,66,Substation,' ',37.63755084,-120.9540703,Lapham,other,SUBSTATION,37.637518008730815,-120.95406602380112,0.0036700375584476775,True
7946,115,Substation,' ',37.63748009,-120.9541107,Lapham,other,SUBSTATION,37.637518008730815,-120.95406602380112,0.005766589081572685,True
7947,230,Substation,' ',34.22153233,-118.1869461,Gould,sce,SUBSTATION,34.22148365007317,-118.18696015129149,0.005564999795661858,True
7948,500,Substation,' ',34.22148197,-118.1870023,Gould,sce,SUBSTATION,34.22148365007317,-118.18696015129149,0.0038798094381573053,True
7949,66,Substation,' ',34.22146811,-118.1869762,Gould,sce,SUBSTATION,34.22148365007317,-118.18696015129149,0.00227227558786475,True
7950,230,Substation,' ',34.42200505,-118.5758575,Saugus,sce,SUBSTATION,34.42198650947459,-118.57582683428733,0.003487411765349966,True
7951,66,Substation,' ',34.42202916,-118.5757956,Saugus,sce,SUBSTATION,34.42198650947459,-118.57582683428733,0.005540705203023318,True
7954,230,Substation,' ',34.10598475,-118.3587368,Nichols Canyon,ladwp,SUBSTATION,34.105975791580924,-118.3587530698821,0.0017989344846201516,True
7955,115,Substation,' ',34.10597119,-118.3587988,Nichols Canyon,ladwp,SUBSTATION,34.105975791580924,-118.3587530698821,0.004241331141206982,True
7956,230,Substation,' ',37.70359732,-122.4095626,Martin,pge,SUBSTATION,37.70357715132619,-122.40953733134864,0.0031577456816095956,True
7957,115,Substation,' ',37.70358291,-122.4095784,Martin,pge,SUBSTATION,37.70357715132619,-122.40953733134864,0.003669351356961908,True
7960,230,Substation,' ',37.70086232,-121.7332009,Las Positas,pge,SUBSTATION,37.70082423282943,-121.73324446912255,0.005712202973291762,True
7961,66,Substation,' ',37.70082538,-121.7332444,Las Positas,pge,SUBSTATION,37.70082423282943,-121.73324446912255,0.00012770442641365525,True
7970,230,Substation,' ',36.80608967,-121.7757438,Moss Landing,pge,SUBSTATION,36.80612983039401,-121.77572736481476,0.004699245006900575,True
7971,500,Substation,' ',36.80615242,-121.7756983,Moss Landing,pge,SUBSTATION,36.80612983039401,-121.77572736481476,0.0036062848535355816,True
7972,66,Substation,' ',36.80617723,-121.7757661,Moss Landing,pge,SUBSTATION,36.80612983039401,-121.77572736481476,0.006298571778421704,True
7973,115,Substation,' ',36.8061037,-121.7757005,Moss Landing,pge,SUBSTATION,36.80612983039401,-121.77572736481476,0.003763366305245691,True
7974,230,Substation,' ',34.17616905,-118.359841,Station E (Toluca),ladwp,SUBSTATION,34.176217403654334,-118.35984052184378,0.005376860974726881,True
7975,500,Substation,' ',34.17622937,-118.359843,Station E (Toluca),ladwp,SUBSTATION,34.176217403654334,-118.35984052184378,0.0013499851815517083,True
7976,66,Substation,' ',34.17625687,-118.3598815,Station E (Toluca),ladwp,SUBSTATION,34.176217403654334,-118.35984052184378,0.005785261191601463,True
7977,230,Substation,' ',37.41569443,-122.2056977,S.L.A.C,other,SUBSTATION,37.415702421592,-122.20565581502606,0.0038043668397137556,True
7978,66,Substation,' ',37.41572847,-122.2056812,S.L.A.C,other,SUBSTATION,37.415702421592,-122.20565581502606,0.0036627284400951453,True
7981,230,Substation,' ',33.88058552,-118.1750582,Lighthipe,sce,SUBSTATION,33.88057686043842,-118.1750338625573,0.0024443393100726323,True
7982,66,Substation,' ',33.88059892,-118.1750826,Lighthipe,sce,SUBSTATION,33.88057686043842,-118.1750338625573,0.005124371215776313,True
7987,66,Substation,' ',37.97056407,-122.5272379,San Rafael,pge,SUBSTATION,37.97057814841819,-122.5272159897048,0.002477776872906974,True
7988,115,Substation,' ',37.97057855,-122.5271901,San Rafael,pge,SUBSTATION,37.97057814841819,-122.5272159897048,0.0022698774591414675,True
7989,230,Substation,' ',34.00829608,-117.9499737,Walnut,sce,SUBSTATION,34.00827063933188,-117.94992779725725,0.00508968665893844,True
7990,66,Substation,' ',34.00827438,-117.9499671,Walnut,sce,SUBSTATION,34.00827063933188,-117.94992779725725,0.0036465613538319208,True
7991,66,Substation,' ',40.57580175,-122.3536629,Canby,other,SUBSTATION,40.57577506008267,-122.35362496130662,0.004367462402587838,True
7992,115,Substation,' ',40.57578422,-122.3536475,Canby,other,SUBSTATION,40.57577506008267,-122.35362496130662,0.0021589304073892277,True
7995,66,Substation,' ',39.31766925,-120.3288463,Summit Meter,other,,39.31769666201046,-120.32881471449122,0.004083344364127821,True
7996,115,Substation,' ',39.31773495,-120.3288614,Summit Meter,other,,39.31769666201046,-120.32881471449122,0.005852782295830022,True
7999,66,Substation,' ',37.71308642,-120.9210263,Claus,other,SUBSTATION,37.71309379816486,-120.9210459990671,0.0019172220948225343,True
8000,115,Substation,' ',37.71305522,-120.9210526,Claus,other,SUBSTATION,37.71309379816486,-120.9210459990671,0.004328815727116505,True
8001,66,Substation,' ',41.86754757,-122.4641555,Ager,pacificorp,SUBSTATION,41.86751520188198,-122.46412255364156,0.00451628353370458,True
8002,115,Substation,' ',41.86756326,-122.4641137,Ager,pacificorp,SUBSTATION,41.86751520188198,-122.46412255364156,0.005393874615491009,True
8003,230,Substation,' ',32.57416997,-116.9113077,Otay Mesa,sdge,SUBSTATION,32.5741325812642,-116.91132132101032,0.004348944842757314,True
8004,66,Substation,' ',32.57413358,-116.9112988,Otay Mesa,sdge,SUBSTATION,32.5741325812642,-116.91132132101032,0.002113216898445004,True
8005,66,Substation,' ',34.35457104,-116.8542721,Permanente,sce,SUBSTATION,34.354559044301595,-116.85430032125076,0.00291388183273387,True
8006,115,Substation,' ',34.35459231,-116.8542637,Permanente,sce,SUBSTATION,34.354559044301595,-116.85430032125076,0.00499838934790915,True
8007,66,Substation,' ',37.84734821,-122.2285846,Claremont,pge,SUBSTATION,37.84737345521274,-122.22858507586392,0.0028074505246808213,True
8008,115,Substation,' ',37.84734752,-122.228551,Claremont,pge,SUBSTATION,37.84737345521274,-122.22858507586392,0.004155586028448269,True
8009,230,Substation,' ',34.43865977,-118.5152949,Haskell,sce,SUBSTATION,34.438706593789874,-118.51524886124572,0.006703274309773997,True
8010,66,Substation,' ',34.43874185,-118.5152723,Haskell,sce,SUBSTATION,34.438706593789874,-118.51524886124572,0.004470914837482556,True
8011,66,Substation,' ',38.43675609,-122.7134315,Santa Rosa A,pge,SUBSTATION,38.43677550701216,-122.7134328571638,0.0021623066650740793,True
8012,115,Substation,' ',38.43680758,-122.7134131,Santa Rosa A,pge,SUBSTATION,38.43677550701216,-122.7134328571638,0.003959809041858825,True
8013,230,Substation,' ',38.49778049,-122.7606879,Fulton,pge,SUBSTATION,38.49781842377962,-122.76066894697142,0.004529056694853649,True
8014,66,Substation,' ',38.49780272,-122.7606887,Fulton,pge,SUBSTATION,38.49781842377962,-122.76066894697142,0.0024503290890916215,True
8015,115,Substation,' ',38.49776857,-122.7607143,Fulton,pge,SUBSTATION,38.49781842377962,-122.76066894697142,0.006804980270545556,True
8018,230,Substation,' ',34.24290772,-118.3925348,Station M (Valley),ladwp,SUBSTATION,34.24293288538142,-118.39255486742933,0.0033515429454740856,True
8019,66,Substation,' ',34.24295395,-118.3925786,Station M (Valley),ladwp,SUBSTATION,34.24293288538142,-118.39255486742933,0.003200817556817346,True
8020,230,Substation,' ',33.80930521,-117.8991273,Lewis,other,SUBSTATION,33.809263355407786,-117.8990868147152,0.005970855646359395,True
8021,66,Substation,' ',33.80931046,-117.8990897,Lewis,other,SUBSTATION,33.809263355407786,-117.8990868147152,0.005244570895047541,True
8022,230,Substation,' ',40.00743437,-121.2493849,Belden,pge,SUBSTATION,40.00740568078464,-121.24942204943804,0.004493100239371754,True
8023,115,Substation,' ',40.00736313,-121.2494541,Belden,pge,SUBSTATION,40.00740568078464,-121.24942204943804,0.005462429916303368,True
8028,230,Substation,' ',38.21655716,-120.7640145,Valley Springs,pge,SUBSTATION,38.21658505767753,-120.76401047642304,0.00312193261876699,True
8029,66,Substation,' ',38.21662754,-120.7640446,Valley Springs,pge,SUBSTATION,38.21658505767753,-120.76401047642304,0.00558585015186549,True
8032,230,Substation,' ',38.22141505,-121.8669239,Lambie Energy,pge,SUBSTATION,38.22145764864739,-121.86692486766052,0.004737507698463194,True
8033,66,Substation,' ',38.22145509,-121.866913,Lambie Energy,pge,SUBSTATION,38.22145764864739,-121.86692486766052,0.0010750597790580316,True
8036,66,Substation,' ',34.859027,-116.8664211,Gale,sce,SUBSTATION,34.85901389453238,-116.86642500010706,0.0015000811461696193,True
8037,115,Substation,' ',34.85902113,-116.8664701,Gale,sce,SUBSTATION,34.85901389453238,-116.86642500010706,0.0041929268813725214,True
8040,230,Substation,' ',32.80906143,-116.6828609,Suncrest,sdge,SUBSTATION,32.809104295607455,-116.6828788331159,0.005052507930550214,True
8041,500,Substation,' ',32.80911016,-116.6828361,Suncrest,sdge,SUBSTATION,32.809104295607455,-116.6828788331159,0.004046602163511438,True
8042,66,Substation,' ',33.13725894,-116.2944972,Narrows,sdge,SUBSTATION,33.137232985746124,-116.29447678829804,0.0034555695654827478,True
8043,115,Substation,' ',33.13719683,-116.2945132,Narrows,sdge,SUBSTATION,33.137232985746124,-116.29447678829804,0.005259024525426657,True
8044,66,Substation,' ',38.49986786,-122.4591484,Silverado,pge,SUBSTATION,38.49981793855024,-122.45911067581191,0.006449092621496501,True
8045,115,Substation,' ',38.49983256,-122.4591125,Silverado,pge,SUBSTATION,38.49981793855024,-122.45911067581191,0.0016335625245857514,True
8052,66,Substation,' ',36.99232964,-121.9822104,Paul Sweet,pge,SUBSTATION,36.99232273085709,-121.98217929661874,0.0028672330474807262,True
8053,115,Substation,' ',36.99234523,-121.982187,Paul Sweet,pge,SUBSTATION,36.99232273085709,-121.98217929661874,0.0025936524774089493,True
8064,230,Substation,' ',41.9769811,-122.3613405,Copco 2 A,pacificorp,SUBSTATION,41.97693765324555,-122.36138046319596,0.005852547868201587,True
8065,66,Substation,' ',41.97698731,-122.3613697,Copco 2 A,pacificorp,SUBSTATION,41.97693765324555,-122.36138046319596,0.005592803493822178,True
8066,115,Substation,' ',41.97692732,-122.3613426,Copco 2 A,pacificorp,SUBSTATION,41.97693765324555,-122.36138046319596,0.0033341570143039867,True
8071,66,Substation,' ',37.3353314,-118.4819329,Oxbow,sce,SUBSTATION,37.33531481825058,-118.48197232762132,0.003943435851083687,True
8072,115,Substation,' ',37.33529047,-118.4819686,Oxbow,sce,SUBSTATION,37.33531481825058,-118.48197232762132,0.0027273864852550094,True
8073,230,Substation,' ',33.71347564,-117.8526388,Johanna,sce,SUBSTATION,33.713461114633006,-117.85266387737433,0.0028264603194804476,True
8074,66,Substation,' ',33.7134483,-117.8526845,Johanna,sce,SUBSTATION,33.713461114633006,-117.85266387737433,0.0023809426516749636,True
8075,66,Substation,' ',41.43143181,-122.3896996,Weed,pacificorp,SUBSTATION,41.431411765311154,-122.38974031914184,0.004060999341363383,True
8076,115,Substation,' ',41.43141499,-122.389723,Weed,pacificorp,SUBSTATION,41.431411765311154,-122.38974031914184,0.0014877233188800253,True
8081,230,Substation,' ',34.00822245,-117.5643647,Mira Loma,sce,SUBSTATION,34.00817988769529,-117.56436358755404,0.004733823061483976,True
8082,500,Substation,' ',34.00820338,-117.5643559,Mira Loma,sce,SUBSTATION,34.00817988769529,-117.56436358755404,0.002706629628339651,True
8083,66,Substation,' ',34.00817797,-117.5643533,Mira Loma,sce,SUBSTATION,34.00817988769529,-117.56436358755404,0.0009719444450306002,True
8084,230,Substation,' ',37.90545914,-122.2081305,Sobrante,pge,SUBSTATION,37.905458048175525,-122.20809506910524,0.0031109220500583922,True
8085,115,Substation,' ',37.90541336,-122.2080877,Sobrante,pge,SUBSTATION,37.905458048175525,-122.20809506910524,0.005010982367535158,True
8086,66,Substation,' ',38.60127897,-121.4239517,Jamestown-Middleberry,smud,SUBSTATION,38.60129168133019,-121.42390395021424,0.004383561541046373,True
8087,115,Substation,' ',38.60128858,-121.4239139,Jamestown-Middleberry,smud,SUBSTATION,38.60129168133019,-121.42390395021424,0.0009308659154629967,True
8088,66,Substation,' ',32.79567294,-115.5493929,Terminal Station,iid,SUBSTATION,32.79565858430769,-115.54942936359916,0.0037635912203670004,True
8089,115,Substation,' ',32.7956247,-115.5494571,Terminal Station,iid,SUBSTATION,32.79565858430769,-115.54942936359916,0.004573554012839458,True
8094,230,Substation,' ',33.90849087,-118.4230673,El Segundo,sce,SUBSTATION,33.908443638984096,-118.42307493005436,0.0052988416895256366,True
8095,66,Substation,' ',33.90848003,-118.4231042,El Segundo,sce,SUBSTATION,33.908443638984096,-118.42307493005436,0.004865216393102339,True
8098,66,Substation,' ',34.28345226,-117.2162423,Arrowhead,sce,SUBSTATION,34.28346401021299,-117.2162660014276,0.002539492249162966,True
8099,115,Substation,' ',34.28345857,-117.2162844,Arrowhead,sce,SUBSTATION,34.28346401021299,-117.2162660014276,0.0017953672590216103,True
8100,230,Substation,' ',38.05344487,-122.2345158,Unocal,pge,SUBSTATION,38.05340781048908,-122.2345321861037,0.004363455403375922,True
8101,66,Substation,' ',38.05339499,-122.2345441,Unocal,pge,SUBSTATION,38.05340781048908,-122.2345321861037,0.001766482229204623,True
8102,230,Substation,' ',34.03775241,-118.2299066,River,ladwp,SUBSTATION,34.037730176980155,-118.2298892490749,0.0029441239187752424,True
8103,66,Substation,' ',34.03769967,-118.2298788,River,ladwp,SUBSTATION,34.037730176980155,-118.2298892490749,0.00352621384672852,True
8104,66,Substation,' ',41.18487088,-122.2859514,Crag View,pacificorp,SUBSTATION,41.18484430731303,-122.28594370899296,0.003024033008584811,True
8105,115,Substation,' ',41.18484456,-122.285989,Crag View,pacificorp,SUBSTATION,41.18484430731303,-122.28594370899296,0.0037902409233221764,True
8106,230,Substation,' ',34.04133601,-117.319218,Vista,sce,SUBSTATION,34.04134500442164,-117.31920598350632,0.001492030923588174,True
8107,66,Substation,' ',34.04133443,-117.3192143,Vista,sce,SUBSTATION,34.04134500442164,-117.31920598350632,0.0014034755732113982,True
8108,115,Substation,' ',34.04131771,-117.3192148,Vista,sce,SUBSTATION,34.04134500442164,-117.31920598350632,0.0031418380238867043,True
8111,230,Substation,' ',38.03680624,-121.8967809,Pittsburg,pge,SUBSTATION,38.03682199694362,-121.89679600317832,0.0021953155371499974,True
8112,115,Substation,' ',38.03680732,-121.896811,Pittsburg,pge,SUBSTATION,38.03682199694362,-121.89679600317832,0.002094864746425237,True
8113,230,Substation,' ',33.77130371,-118.1002907,Stadium,sce,SUBSTATION,33.77133254866984,-118.1002474100538,0.00512777716431221,True
8114,66,Substation,' ',33.77135575,-118.1002338,Stadium,sce,SUBSTATION,33.77133254866984,-118.1002474100538,0.0028702459538270443,True
8115,230,Substation,' ',33.84771626,-118.0968754,Del Amo,sce,SUBSTATION,33.84773537251443,-118.09686689050228,0.0022658545395783805,True
8116,66,Substation,' ',33.84773136,-118.0969143,Del Amo,sce,SUBSTATION,33.84773537251443,-118.09686689050228,0.004400927585699682,True
8117,66,Substation,' ',33.96181488,-118.3761915,Station N (Airport),ladwp,SUBSTATION,33.961815007087615,-118.37617598647348,0.00143082325162607,True
8118,115,Substation,' ',33.96177035,-118.3762102,Station N (Airport),ladwp,SUBSTATION,33.961815007087615,-118.37617598647348,0.005883370203428519,True
8121,66,Substation,' ',34.87858246,-120.3307075,Sisquoc,pge,SUBSTATION,34.878598629858416,-120.330677457305,0.0032776849358464575,True
8122,115,Substation,' ',34.87857878,-120.3306964,Sisquoc,pge,SUBSTATION,34.878598629858416,-120.330677457305,0.0028031411459681515,True
8123,230,Substation,' ',34.03729609,-118.1105004,Mesa,sce,SUBSTATION,34.037262821640034,-118.11047022572556,0.00462765306808341,True
8124,500,Substation,' ',34.03727333,-118.1105018,Mesa,sce,SUBSTATION,34.037262821640034,-118.11047022572556,0.0031352647600235133,True
8125,66,Substation,' ',34.03725496,-118.1104625,Mesa,sce,SUBSTATION,34.037262821640034,-118.11047022572556,0.0011273671134121807,True
8130,230,Substation,' ',38.57187037,-121.4830384,Station B,smud,SUBSTATION,38.5718970194384,-121.48301997870148,0.0033683394638056915,True
8131,66,Substation,' ',38.57190517,-121.4829759,Station B,smud,SUBSTATION,38.5718970194384,-121.48301997870148,0.0039377034531397955,True
8132,115,Substation,' ',38.57190888,-121.4830087,Station B,smud,SUBSTATION,38.5718970194384,-121.48301997870148,0.0016433910207154397,True
8135,66,Substation,' ',34.06211064,-117.2440974,Timoteo,sce,SUBSTATION,34.06215270191067,-117.24412993113724,0.005554735467936279,True
8136,115,Substation,' ',34.06215802,-117.244171,Timoteo,sce,SUBSTATION,34.06215270191067,-117.24412993113724,0.003829088942606367,True
8141,66,Substation,' ',32.79377875,-115.7784542,Dixieland,iid,SUBSTATION,32.79376147940484,-115.77842004772415,0.003725438067080729,True
8142,115,Substation,' ',32.79380112,-115.7784054,Dixieland,iid,SUBSTATION,32.79376147940484,-115.77842004772415,0.0046155845869119685,True
8143,230,Substation,' ',33.99598484,-118.3591931,Windsor Hills,sce,SUBSTATION,33.99600542585852,-118.35919986551984,0.00237249421262843,True
8144,115,Substation,' ',33.99596715,-118.3591906,Windsor Hills,sce,SUBSTATION,33.99600542585852,-118.35919986551984,0.004340950548371553,True
8147,66,Substation,' ',38.02083705,-121.9059675,Kirker,pge,SUBSTATION,38.02078899146564,-121.90595499339868,0.005455009640109135,True
8148,115,Substation,' ',38.02081145,-121.905937,Kirker,pge,SUBSTATION,38.02078899146564,-121.90595499339868,0.002953090056273835,True
8153,66,Substation,' ',40.71180671,-122.8079309,Lewiston,other,SUBSTATION,40.71176567539927,-122.8079485526584,0.004799297310231992,True
8154,115,Substation,' ',40.7117163,-122.8079954,Lewiston,other,SUBSTATION,40.71176567539927,-122.8079485526584,0.006762729445963097,True
8157,230,Substation,' ',35.36110593,-118.9217104,Magunden,pge,SUBSTATION,35.361126825277424,-118.9217317285238,0.003023109202947219,True
8158,66,Substation,' ',35.36115758,-118.9217673,Magunden,pge,SUBSTATION,35.361126825277424,-118.9217317285238,0.0047010481605565604,True
8159,115,Substation,' ',35.36114738,-118.9216825,Magunden,pge,SUBSTATION,35.361126825277424,-118.9217317285238,0.005015209136415735,True
8160,66,Substation,' ',37.94749523,-121.2886975,Stockton Station A,pge,SUBSTATION,37.94745800461249,-121.2887219790938,0.004662712764107702,True
8161,115,Substation,' ',37.94746451,-121.2887683,Stockton Station A,pge,SUBSTATION,37.94745800461249,-121.2887219790938,0.004125584795005009,True
8168,230,Substation,' ',40.85914692,-121.7528026,Carberry,pge,SUBSTATION,40.85915010843056,-121.75278628602968,0.0014170559358750408,True
8169,66,Substation,' ',40.85919517,-121.7527774,Carberry,pge,SUBSTATION,40.85915010843056,-121.75278628602968,0.005066039620310987,True
8172,230,Substation,' ',38.37271291,-121.3530735,Elk Grove,smud,SUBSTATION,38.372723861291234,-121.35303365981774,0.0036803847584257945,True
8173,66,Substation,' ',38.37267761,-121.3530003,Elk Grove,smud,SUBSTATION,38.372723861291234,-121.35303365981774,0.005908208365665954,True
8176,66,Substation,' ',40.78254664,-124.1124043,Humboldt,pge,SUBSTATION,40.78258457560753,-124.11238002277976,0.004687402181189999,True
8177,115,Substation,' ',40.78259192,-124.1124003,Humboldt,pge,SUBSTATION,40.78258457560753,-124.11238002277976,0.0018925320919082212,True
8181,66,Substation,' ',37.3770073,-121.9514124,Duane,svp,SUBSTATION,37.37695772846212,-121.95144161126586,0.006086518090818952,True
8182,115,Substation,' ',37.37699069,-121.9514523,Duane,svp,SUBSTATION,37.37695772846212,-121.95144161126586,0.003784891766971207,True
8183,230,Substation,' ',34.30230885,-119.1849098,Santa Clara,sce,SUBSTATION,34.30226607718408,-119.18493835770632,0.0054315518213979945,True
8184,66,Substation,' ',34.30223437,-119.1849092,Santa Clara,sce,SUBSTATION,34.30226607718408,-119.18493835770632,0.004427603170000728,True
8185,230,Substation,' ',33.6160965,-114.6846051,Blythe-Bucks,sce,SUBSTATION,33.61612527536549,-114.6845938590275,0.003364729382611335,True
8186,115,Substation,' ',33.61610174,-114.6846245,Blythe-Bucks,sce,SUBSTATION,33.61612527536549,-114.6845938590275,0.0038599502371466595,True
8195,66,Substation,' ',36.76312693,-121.7347624,Castroville,pge,SUBSTATION,36.76311989630461,-121.73473546336916,0.0025237642202669544,True
8196,115,Substation,' ',36.76314858,-121.7347287,Castroville,pge,SUBSTATION,36.76311989630461,-121.73473546336916,0.0032458859735831217,True
8199,230,Substation,' ',32.78399006,-117.1374709,Mission,sdge,SUBSTATION,32.78402027400728,-117.13744314865468,0.004244711213739284,True
8200,66,Substation,' ',32.78405663,-117.137467,Mission,sdge,SUBSTATION,32.78402027400728,-117.13744314865468,0.004616733350559774,True
8201,115,Substation,' ',32.78398502,-117.1373994,Mission,sdge,SUBSTATION,32.78402027400728,-117.13744314865468,0.0056650880240672365,True
8204,230,Substation,' ',41.5007235,-120.5330095,Warner,other,SUBSTATION,41.50074034481368,-120.53300776157296,0.0018786445423697577,True
8205,66,Substation,' ',41.5007026,-120.5330177,Warner,other,SUBSTATION,41.50074034481368,-120.53300776157296,0.00427786197842943,True
8206,115,Substation,' ',41.50070523,-120.5329751,Warner,other,SUBSTATION,41.50074034481368,-120.53300776157296,0.004758609906578347,True
8207,230,Substation,' ',33.76291827,-118.0962613,Haynes,ladwp,SUBSTATION,33.76290689264419,-118.09622305816588,0.0037546758226115777,True
8208,66,Substation,' ',33.7629479,-118.0962038,Haynes,ladwp,SUBSTATION,33.76290689264419,-118.09622305816588,0.004895013131994751,True
8209,230,Substation,' ',34.12018656,-117.6395048,Padua,sce,SUBSTATION,34.12015652939458,-117.63947575434165,0.004277810414296988,True
8210,66,Substation,' ',34.12015321,-117.6394756,Padua,sce,SUBSTATION,34.12015652939458,-117.63947575434165,0.00036937318604647807,True
8215,230,Substation,' ',38.86348125,-120.4428066,Union Valley,smud,SUBSTATION,38.86343203140704,-120.44285145719137,0.006710886383383257,True
8216,66,Substation,' ',38.86343042,-120.4428983,Union Valley,smud,SUBSTATION,38.86343203140704,-120.44285145719137,0.0040596645289190415,True
8223,230,Substation,' ',33.81087081,-115.45362,Eagle Mt.,sce,SUBSTATION,33.81083074902592,-115.45365672182164,0.00559944222610179,True
8224,66,Substation,' ',33.81082713,-115.4536123,Eagle Mt.,sce,SUBSTATION,33.81083074902592,-115.45365672182164,0.004123794511947752,True
8225,230,Substation,' ',34.08817118,-118.3474096,Station H (Hollywood),ladwp,SUBSTATION,34.08819144477339,-118.34737869417654,0.0036301160721558556,True
8226,66,Substation,' ',34.08818462,-118.3473318,Station H (Hollywood),ladwp,SUBSTATION,34.08819144477339,-118.34737869417654,0.00438460800962402,True
8227,115,Substation,' ',34.08816094,-118.3473925,Station H (Hollywood),ladwp,SUBSTATION,34.08819144477339,-118.34737869417654,0.0036224119124777725,True
8228,66,Substation,' ',32.75932322,-115.5340727,Valley,iid,SUBSTATION,32.75930405634861,-115.5340355774416,0.004073173493715467,True
8229,115,Substation,' ',32.75931175,-115.5340182,Valley,iid,SUBSTATION,32.75930405634861,-115.5340355774416,0.0018363967911001458,True
8230,66,Substation,' ',36.40198898,-120.1387582,Schindler,pge,SUBSTATION,36.401944424908194,-120.1387222013054,0.005909747932792703,True
8231,115,Substation,' ',36.4019601,-120.1387436,Schindler,pge,SUBSTATION,36.401944424908194,-120.1387222013054,0.002589549681829155,True
8234,230,Substation,' ',33.67284506,-116.1154293,Coachella Valley,iid,SUBSTATION,33.67281835009941,-116.1154097880516,0.0034757926225598753,True
8235,115,Substation,' ',33.67278428,-116.115383,Coachella Valley,iid,SUBSTATION,33.67281835009941,-116.1154097880516,0.004527383148119512,True
8238,66,Substation,' ',35.13596914,-119.4819906,Taft,other,SUBSTATION,35.135946106618626,-119.4820278265972,0.004244884000037211,True
8239,115,Substation,' ',35.1359516,-119.4820609,Taft,other,SUBSTATION,35.135946106618626,-119.4820278265972,0.0030689005596149827,True
8240,66,Substation,' ',35.22291284,-116.7331298,Tiefort,sce,SUBSTATION,35.22290559326038,-116.73317773798868,0.004428458876149493,True
8241,115,Substation,' ',35.2229005,-116.7332055,Tiefort,sce,SUBSTATION,35.22290559326038,-116.73317773798868,0.0025846227614988388,True
8244,230,Substation,' ',35.08879566,-118.9759424,Wheeler Ridge,pge,SUBSTATION,35.08875271780095,-118.9759646600732,0.005186743804016285,True
8245,66,Substation,' ',35.08870717,-118.976007,Wheeler Ridge,pge,SUBSTATION,35.08875271780095,-118.9759646600732,0.006363314801251763,True
8252,230,Substation,' ',37.23376178,-121.9010635,Hicks,pge,SUBSTATION,37.233713452707946,-121.90106831081536,0.005390601065286061,True
8253,66,Substation,' ',37.23373796,-121.9011125,Hicks,pge,SUBSTATION,37.233713452707946,-121.90106831081536,0.004767656551868592,True
8254,115,Substation,' ',37.23373669,-121.9010775,Hicks,pge,SUBSTATION,37.233713452707946,-121.90106831081536,0.0027089109938628723,True
8261,230,Substation,' ',34.08851994,-117.534522,Rancho Vista,sce,SUBSTATION,34.088500390408235,-117.53453256932234,0.0023817669865366224,True
8262,500,Substation,' ',34.08854029,-117.5345531,Rancho Vista,sce,SUBSTATION,34.088500390408235,-117.53453256932234,0.004822678674790003,True
8263,66,Substation,' ',34.08851642,-117.5345019,Rancho Vista,sce,SUBSTATION,34.088500390408235,-117.53453256932234,0.0033397045551772407,True
8264,66,Substation,' ',41.56430483,-120.4138646,Cedarville Junction,other,SUBSTATION,41.5643399901035,-120.41383197993582,0.004759246804779167,True
8265,115,Substation,' ',41.56435256,-120.4138075,Cedarville Junction,other,SUBSTATION,41.5643399901035,-120.41383197993582,0.0024701396625083825,True
8268,230,Substation,' ',36.14021389,-120.1254164,Gates,pge,SUBSTATION,36.14024498483854,-120.12546365722362,0.005473868340212823,True
8269,500,Substation,' ',36.14026966,-120.125482,Gates,pge,SUBSTATION,36.14024498483854,-120.12546365722362,0.003200200633781518,True
8270,66,Substation,' ',36.14023443,-120.1254345,Gates,pge,SUBSTATION,36.14024498483854,-120.12546365722362,0.0028692822835065922,True
8271,115,Substation,' ',36.14021189,-120.1254768,Gates,pge,SUBSTATION,36.14024498483854,-120.12546365722362,0.00386459705910448,True
8276,66,Substation,' ',41.72855044,-122.6307269,Yreka,pacificorp,SUBSTATION,41.72857814518734,-122.63077234473836,0.004869591592270488,True
8277,115,Substation,' ',41.72860387,-122.6308085,Yreka,pacificorp,SUBSTATION,41.72857814518734,-122.63077234473836,0.004145412679905816,True
8282,230,Substation,' ',38.64367357,-121.3290901,Carmichael,smud,SUBSTATION,38.64364467654053,-121.3290907988287,0.0032133793109164433,True
8283,66,Substation,' ',38.64368733,-121.3290436,Carmichael,smud,SUBSTATION,38.64364467654053,-121.3290907988287,0.006268772635180662,True
8284,230,Substation,' ',37.42747865,-121.9329329,Los Esteros,pge,SUBSTATION,37.42747021425644,-121.9329308886194,0.0009546787803845834,True
8285,115,Substation,' ',37.42749883,-121.9329641,Los Esteros,pge,SUBSTATION,37.42747021425644,-121.9329308886194,0.00432724711778478,True
8288,230,Substation,' ',34.43923345,-118.5828382,Pardee,sce,SUBSTATION,34.43927043973017,-118.582836056037,0.004117766895529914,True
8289,500,Substation,' ',34.43925998,-118.5828189,Pardee,sce,SUBSTATION,34.43927043973017,-118.582836056037,0.0019565285638267088,True
8290,66,Substation,' ',37.59511548,-120.8469633,Hughson,other,SUBSTATION,37.59506873213761,-120.84696891749236,0.005221633498892392,True
8291,115,Substation,' ',37.59511516,-120.8469852,Hughson,other,SUBSTATION,37.59506873213761,-120.84696891749236,0.00535815375808032,True
8292,230,Substation,' ',37.489961,-120.9060456,Walnut,other,SUBSTATION,37.48995268404078,-120.90608256968189,0.003390327088291549,True
8293,66,Substation,' ',37.4899619,-120.9060986,Walnut,other,SUBSTATION,37.48995268404078,-120.90608256968189,0.0017465656740351403,True
8294,115,Substation,' ',37.48998406,-120.9061044,Walnut,other,SUBSTATION,37.48995268404078,-120.90608256968189,0.0039851935426546345,True
8295,66,Substation,' ',32.6870771,-115.490716,Perry,iid,SUBSTATION,32.687102771825835,-115.49075831800457,0.004881896568037682,True
8296,115,Substation,' ',32.68714021,-115.4907895,Perry,iid,SUBSTATION,32.687102771825835,-115.49075831800457,0.005083873403083557,True
8299,66,Substation,' ',35.39836562,-118.9399035,Columbus,pge,SUBSTATION,35.398405555376186,-118.93988055546694,0.004903482271413184,True
8300,115,Substation,' ',35.39839949,-118.9398774,Columbus,pge,SUBSTATION,35.398405555376186,-118.93988055546694,0.0007325779170061156,True
8301,66,Substation,' ',36.4884467,-119.5825258,Kingsburg,pge,SUBSTATION,36.48843212335158,-119.58249021621556,0.0035702528317657725,True
8302,115,Substation,' ',36.4884244,-119.5825009,Kingsburg,pge,SUBSTATION,36.48843212335158,-119.58249021621556,0.0012844335645826065,True
8303,66,Substation,' ',32.7147703,-115.5346013,Heber,iid,SUBSTATION,32.71478155815489,-115.53455637843048,0.0043851744903833515,True
8304,115,Substation,' ',32.71476646,-115.534599,Heber,iid,SUBSTATION,32.71478155815489,-115.53455637843048,0.004326518562671626,True
8309,230,Substation,' ',33.3696416,-117.5542123,San Onofre,sce,SUBSTATION,33.369685777020784,-117.55423813830096,0.005466951692311279,True
8310,115,Substation,' ',33.36970546,-117.5542174,San Onofre,sce,SUBSTATION,33.369685777020784,-117.55423813830096,0.002915301044260052,True
8311,66,Substation,' ',34.98448153,-117.891046,Edwards,sce,SUBSTATION,34.98447778199193,-117.8910944544627,0.004433967988518969,True
8312,115,Substation,' ',34.98449275,-117.8911405,Edwards,sce,SUBSTATION,34.98447778199193,-117.8910944544627,0.004512994497702174,True
8313,66,Substation,' ',34.06040819,-117.1766405,Redlands,sce,SUBSTATION,34.06037904525473,-117.17662855319008,0.003422515651148489,True
8314,115,Substation,' ',34.06037091,-117.1766238,Redlands,sce,SUBSTATION,34.06037904525473,-117.17662855319008,0.0010049979524634504,True
8315,230,Substation,' ',34.07961234,-117.238605,San Bernardino,sce,SUBSTATION,34.079607325840634,-117.23865381361676,0.004530092115671489,True
8316,66,Substation,' ',34.07962257,-117.2386887,San Bernardino,sce,SUBSTATION,34.079607325840634,-117.23865381361676,0.0036326970201645925,True
8317,115,Substation,' ',34.07959675,-117.2386173,San Bernardino,sce,SUBSTATION,34.079607325840634,-117.23865381361676,0.003562531983655027,True
8318,66,Substation,' ',40.7180208,-122.9344386,Trinity,pge,SUBSTATION,40.71803009961374,-122.9344308734431,0.0012220200575836,True
8319,115,Substation,' ',40.71799795,-122.9343846,Trinity,pge,SUBSTATION,40.71803009961374,-122.9344308734431,0.005290404841369586,True
8320,66,Substation,' ',37.47357983,-122.1280211,Cooley Landing,pge,SUBSTATION,37.47358664232182,-122.12800367278729,0.0017143485278200837,True
8321,115,Substation,' ',37.47361584,-122.1279624,Cooley Landing,pge,SUBSTATION,37.47358664232182,-122.12800367278729,0.0048791969588789005,True
8328,230,Substation,' ',32.77030948,-115.2736733,Highline,iid,SUBSTATION,32.77029303063715,-115.27371187283654,0.004043792918683953,True
8329,115,Substation,' ',32.7702638,-115.2737414,Highline,iid,SUBSTATION,32.77029303063715,-115.27371187283654,0.004264512970185103,True
8330,230,Substation,' ',32.9587576,-117.2206707,North City West,sdge,SUBSTATION,32.958750918699934,-117.22066611262098,0.0008573937963685365,True
8331,66,Substation,' ',32.95873532,-117.2206304,North City West,sdge,SUBSTATION,32.958750918699934,-117.22066611262098,0.003756394341700687,True
8332,115,Substation,' ',32.95870614,-117.2207073,North City West,sdge,SUBSTATION,32.958750918699934,-117.22066611262098,0.006289586564185011,True
8335,230,Substation,' ',37.50084138,-121.9862901,Newark,pge,SUBSTATION,37.50087311537809,-121.98626242223652,0.004291155747680798,True
8336,115,Substation,' ',37.50083754,-121.9863065,Newark,pge,SUBSTATION,37.50087311537809,-121.98626242223652,0.005546863173040616,True
8337,66,Substation,' ',36.6903365,-121.6792844,Boronda,pge,SUBSTATION,36.69028668467311,-121.67925781517144,0.006025096295249408,True
8338,115,Substation,' ',36.69026246,-121.6792619,Boronda,pge,SUBSTATION,36.69028668467311,-121.67925781517144,0.0027181733139109805,True
8339,230,Substation,' ',34.68754958,-118.3005464,Antelope,sce,SUBSTATION,34.68751284101918,-118.30054134162089,0.004111285383125004,True
8340,500,Substation,' ',34.68752411,-118.300543,Antelope,sce,SUBSTATION,34.68751284101918,-118.30054134162089,0.001262194283384046,True
8341,66,Substation,' ',34.68752178,-118.3005353,Antelope,sce,SUBSTATION,34.68751284101918,-118.30054134162089,0.0011371535568143012,True
8342,115,Substation,' ',34.68746465,-118.3004924,Antelope,sce,SUBSTATION,34.68751284101918,-118.30054134162089,0.0069813104345891825,True
8343,230,Substation,' ',33.64597906,-117.9778602,Huntington Beach,sce,SUBSTATION,33.64596785338422,-117.97782183041453,0.0037640205443567375,True
8344,66,Substation,' ',33.64593073,-117.9778035,Huntington Beach,sce,SUBSTATION,33.64596785338422,-117.97782183041453,0.004463063814656814,True
8347,230,Substation,' ',33.76455073,-118.2264619,Fuel,sce,SUBSTATION,33.764577263515605,-118.22648253740662,0.0035134282314568093,True
8348,66,Substation,' ',33.76453527,-118.2265286,Fuel,sce,SUBSTATION,33.764577263515605,-118.22648253740662,0.006319375285945801,True
8349,66,Substation,' ',38.50853962,-121.4639282,48th-Martin Luther King,smud,SUBSTATION,38.50856850264654,-121.46394918019485,0.0036941754783905924,True
8350,115,Substation,' ',38.50852695,-121.463996,48th-Martin Luther King,smud,SUBSTATION,38.50856850264654,-121.46394918019485,0.0061599458304815455,True
8355,230,Substation,' ',35.38002776,-119.0973342,Kern Power,pge,SUBSTATION,35.38000116873635,-119.09736644193148,0.004157774641359438,True
8356,115,Substation,' ',35.38003617,-119.0973611,Kern Power,pge,SUBSTATION,35.38000116873635,-119.09736644193148,0.003921979644162753,True
8357,230,Substation,' ',33.56499904,-114.9065748,Midpoint,other,SUBSTATION,33.56495942489513,-114.90662187045368,0.006198769174430491,True
8358,66,Substation,' ',33.56494013,-114.9066377,Midpoint,other,SUBSTATION,33.56495942489513,-114.90662187045368,0.0025988999330144526,True
8367,230,Substation,' ',34.00073226,-118.3783013,La Cienega,sce,SUBSTATION,34.00073799622606,-118.37832698605438,0.0024522474082277488,True
8368,66,Substation,' ',34.00073879,-118.3783068,La Cienega,sce,SUBSTATION,34.00073799622606,-118.37832698605438,0.001862922745574454,True
8376,66,Substation,' ',38.82906686,-122.8101656,Eagle Rock,pge,SUBSTATION,38.82904835521856,-122.81015215486602,0.0023643823281277072,True
8377,115,Substation,' ',38.82903937,-122.8101098,Eagle Rock,pge,SUBSTATION,38.82904835521856,-122.81015215486602,0.0038025150320782665,True
8378,230,Substation,' ',33.77896895,-118.2273047,Harborgen,sce,SUBSTATION,33.77892912577885,-118.22731748446571,0.004583183142490046,True
8379,66,Substation,' ',33.77888915,-118.2273491,Harborgen,sce,SUBSTATION,33.77892912577885,-118.22731748446571,0.005319514557125147,True
8380,66,Substation,' ',37.30225073,-118.5317627,Bishop Creek 3,sce,SUBSTATION,37.302252296682376,-118.5317567459243,0.0005547030738566555,True
8381,115,Substation,' ',37.30227706,-118.5317174,Bishop Creek 3,sce,SUBSTATION,37.302252296682376,-118.5317567459243,0.004437733284613174,True
8382,66,Substation,' ',40.76794332,-123.8736664,Maple Creek,pge,SUBSTATION,40.76789910706237,-123.873700206482,0.0056811070066370125,True
8383,115,Substation,' ',40.76785126,-123.873659,Maple Creek,pge,SUBSTATION,40.76789910706237,-123.873700206482,0.00635203662923344,True
8384,66,Substation,' ',38.26499209,-122.6573229,Corona,pge,SUBSTATION,38.26501270479249,-122.65736853423064,0.0045964732341320005,True
8385,115,Substation,' ',38.26497414,-122.6573428,Corona,pge,SUBSTATION,38.26501270479249,-122.65736853423064,0.004841130952003395,True
8386,66,Substation,' ',33.12658062,-115.5101921,Calipatria,iid,SUBSTATION,33.12656119103277,-115.51014743209154,0.004687140188502528,True
8387,115,Substation,' ',33.12653677,-115.5101084,Calipatria,iid,SUBSTATION,33.12656119103277,-115.51014743209154,0.004537099602489791,True
8390,230,Substation,' ',40.51940693,-122.3155182,Airport,wapa,SUBSTATION,40.5194048463804,-122.31554941236335,0.0026484976698160096,True
8391,115,Substation,' ',40.51940232,-122.315524,Airport,wapa,SUBSTATION,40.5194048463804,-122.31554941236335,0.002166368411553994,True
8394,230,Substation,' ',36.84476083,-119.922183,Herndon,pge,SUBSTATION,36.844717860538495,-119.922134727871,0.006424992340813212,True
8395,115,Substation,' ',36.84467104,-119.9220922,Herndon,pge,SUBSTATION,36.844717860538495,-119.922134727871,0.00643629734887252,True
8398,230,Substation,' ',38.71385135,-121.4784815,Elverta,wapa,SUBSTATION,38.71385901059641,-121.47849885247904,0.0017298240357273397,True
8399,66,Substation,' ',38.7138629,-121.4785298,Elverta,wapa,SUBSTATION,38.71385901059641,-121.47849885247904,0.0027197085659723948,True
8400,230,Substation,' ',39.53264548,-121.4862328,Edward C Hyatt,pge,SUBSTATION,39.53267590770114,-121.48622940663633,0.0033958984961205787,True
8401,66,Substation,' ',39.53267582,-121.4862419,Edward C Hyatt,pge,SUBSTATION,39.53267590770114,-121.48622940663633,0.001071480098680123,True
8402,230,Substation,' ',33.93693288,-116.5773326,Devers,sce,SUBSTATION,33.93691611909812,-116.57732694133402,0.0019354571699437117,True
8403,500,Substation,' ',33.93689257,-116.5773748,Devers,sce,SUBSTATION,33.93691611909812,-116.57732694133402,0.005133224121499982,True
8404,115,Substation,' ',33.9368735,-116.5772801,Devers,sce,SUBSTATION,33.93691611909812,-116.57732694133402,0.006413399654628096,True
8405,230,Substation,' ',35.55499422,-120.6802926,Templeton,pge,SUBSTATION,35.55501644554795,-120.68030663520751,0.0027784405926531705,True
8406,66,Substation,' ',35.55502392,-120.6802628,Templeton,pge,SUBSTATION,35.55501644554795,-120.68030663520751,0.004051645644603973,True
8407,230,Substation,' ',40.3978799,-122.2642135,Cottonwood,pge,SUBSTATION,40.39788002258034,-122.26422492870724,0.0009679001965768884,True
8408,66,Substation,' ',40.39792069,-122.2642201,Cottonwood,pge,SUBSTATION,40.39788002258034,-122.26422492870724,0.0045404607158055525,True
8409,115,Substation,' ',40.39786299,-122.2642504,Cottonwood,pge,SUBSTATION,40.39788002258034,-122.26422492870724,0.0028704456339357473,True
8410,230,Substation,' ',38.63728455,-121.3836257,Auburn Watt,smud,SUBSTATION,38.637286591639295,-121.38359199621634,0.002936163689839555,True
8411,66,Substation,' ',38.63726397,-121.3836048,Auburn Watt,smud,SUBSTATION,38.637286591639295,-121.38359199621634,0.0027502778097681277,True
8412,230,Substation,' ',34.20745048,-119.2491156,Mandalay,sce,SUBSTATION,34.2074611048529,-119.2491638993979,0.004596007264449034,True
8413,66,Substation,' ',34.20744275,-119.2491721,Mandalay,sce,SUBSTATION,34.2074611048529,-119.2491638993979,0.002175830986746732,True
8414,230,Substation,' ',40.6103267,-122.4440906,Keswick,wapa,SUBSTATION,40.61034929376836,-122.44408267909355,0.002599766834046262,True
8415,115,Substation,' ',40.61038968,-122.4440358,Keswick,wapa,SUBSTATION,40.61034929376836,-122.44408267909355,0.005985535178174779,True
8416,230,Substation,' ',34.8631524,-116.8542005,Cool Water,sce,SUBSTATION,34.863112022671935,-116.85420697976257,0.0045285104262234675,True
8417,66,Substation,' ',34.86314396,-116.8541907,Cool Water,sce,SUBSTATION,34.863112022671935,-116.85420697976257,0.0038493775615764904,True
8418,115,Substation,' ',34.86312887,-116.8542106,Cool Water,sce,SUBSTATION,34.863112022671935,-116.85420697976257,0.0019022335424125846,True
8419,230,Substation,' ',37.05356146,-121.0211092,Los Banos,pge,SUBSTATION,37.05351312188253,-121.02110261140248,0.0054066605727590734,True
8420,500,Substation,' ',37.05350878,-121.0211078,Los Banos,pge,SUBSTATION,37.05351312188253,-121.02110261140248,0.0006671587359367319,True
8421,66,Substation,' ',37.0535541,-121.0211108,Los Banos,pge,SUBSTATION,37.05351312188253,-121.02110261140248,0.004614138772873954,True
8422,115,Substation,' ',37.05350336,-121.0210853,Los Banos,pge,SUBSTATION,37.05351312188253,-121.02110261140248,0.0018810347141631426,True
8427,230,Substation,' ',40.96096373,-121.5486459,Hat Creek 2,pge,SUBSTATION,40.96098323587359,-121.54859854432516,0.004529502609084891,True
8428,66,Substation,' ',40.96095737,-121.5485503,Hat Creek 2,pge,SUBSTATION,40.96098323587359,-121.54859854432516,0.004968229290750503,True
8433,66,Substation,' ',38.04445436,-122.2570372,Oleum,pge,SUBSTATION,38.04448561242868,-122.25701587075334,0.003945257402158056,True
8434,115,Substation,' ',38.04452863,-122.2570108,Oleum,pge,SUBSTATION,38.04448561242868,-122.25701587075334,0.0048039020809940115,True
8435,66,Substation,' ',37.12067402,-120.4726946,El Nido,pge,SUBSTATION,37.12063344519221,-120.47269727142356,0.004517925770844082,True
8436,115,Substation,' ',37.12064102,-120.4726993,El Nido,pge,SUBSTATION,37.12063344519221,-120.47269727142356,0.0008612697140661401,True
8439,66,Substation,' ',35.01409884,-117.7039948,Holgate,sce,SUBSTATION,35.01412270375938,-117.704034895897,0.004513852596360329,True
8440,115,Substation,' ',35.01410239,-117.7039961,Holgate,sce,SUBSTATION,35.01412270375938,-117.704034895897,0.00419346746466433,True
8443,230,Substation,' ',37.74200457,-120.8024239,Warnerville,other,SUBSTATION,37.74197967037467,-120.80246081085994,0.004266092716238555,True
8444,115,Substation,' ',37.7419919,-120.8024826,Warnerville,other,SUBSTATION,37.74197967037467,-120.80246081085994,0.0023494711059013095,True
8445,66,Substation,' ',35.60507136,-119.2037009,Famoso,pge,SUBSTATION,35.60504032904604,-119.20365312438253,0.005528268586005322,True
8446,115,Substation,' ',35.60508518,-119.203664,Famoso,pge,SUBSTATION,35.60504032904604,-119.20365312438253,0.005083197167219709,True
8453,230,Substation,' ',33.90312312,-118.3978623,Rosecrans,sce,SUBSTATION,33.903154038405944,-118.39784470240164,0.0038022712344788745,True
8454,66,Substation,' ',33.90320093,-118.3978271,Rosecrans,sce,SUBSTATION,33.903154038405944,-118.39784470240164,0.005461316956270233,True
8455,66,Substation,' ',33.92229008,-116.872771,Banning,sce,SUBSTATION,33.92233057378444,-116.87279168780988,0.004890605417731489,True
8456,115,Substation,' ',33.9223429,-116.8727578,Banning,sce,SUBSTATION,33.92233057378444,-116.87279168780988,0.0034140028531324937,True
8459,66,Substation,' ',36.70718981,-119.6108803,Sanger,pge,SUBSTATION,36.70722322080933,-119.61090006390856,0.0041117138492760595,True
8460,115,Substation,' ',36.70726213,-119.6108905,Sanger,pge,SUBSTATION,36.70722322080933,-119.61090006390856,0.004409708072790054,True
8461,230,Substation,' ',36.65357586,-120.5817931,Panoche,pge,SUBSTATION,36.65353625161828,-120.5817560649944,0.0055056748650797625,True
8462,115,Substation,' ',36.65353109,-120.5817603,Panoche,pge,SUBSTATION,36.65353625161828,-120.5817560649944,0.0006871254892555801,True
8463,66,Substation,' ',37.65081497,-122.4542636,Serramonte,pge,SUBSTATION,37.65079991874742,-122.4542630438474,0.0016743389901967113,True
8464,115,Substation,' ',37.65081013,-122.454267,Serramonte,pge,SUBSTATION,37.65079991874742,-122.4542630438474,0.0011876578027351732,True
8467,66,Substation,' ',35.45465829,-118.992237,Petrol,pge,SUBSTATION,35.45463055696804,-118.99219166849436,0.005135043608302258,True
8468,115,Substation,' ',35.45463751,-118.9921864,Petrol,pge,SUBSTATION,35.45463055696804,-118.99219166849436,0.0009085540571754852,True
8469,66,Substation,' ',37.37704703,-121.9542021,Scott,svp,SUBSTATION,37.37709314748377,-121.95419701320796,0.005147691228843531,True
8470,115,Substation,' ',37.37704667,-121.9541796,Scott,svp,SUBSTATION,37.37709314748377,-121.95419701320796,0.005392247719262688,True
8471,66,Substation,' ',32.90609709,-115.5138901,Mesquite Research Recovery,iid,SUBSTATION,32.906087609376456,-115.51389089470796,0.0010568046062326766,True
8472,115,Substation,' ',32.90606633,-115.5138748,Mesquite Research Recovery,iid,SUBSTATION,32.906087609376456,-115.51389089470796,0.002802905775251063,True
8475,230,Substation,' ',38.58729426,-121.4181505,Hurley,smud,SUBSTATION,38.58731451663071,-121.4181929186225,0.004320477566053614,True
8476,66,Substation,' ',38.58734227,-121.4182254,Hurley,smud,SUBSTATION,38.58731451663071,-121.4181929186225,0.004182567602563284,True
8477,115,Substation,' ',38.58730278,-121.4181639,Hurley,smud,SUBSTATION,38.58731451663071,-121.4181929186225,0.0028398309949206283,True
8480,230,Substation,' ',34.77653852,-118.7747463,Bailey,sce,SUBSTATION,34.776511933891044,-118.77471560428924,0.004074217970540387,True
8481,66,Substation,' ',34.77647168,-118.7747613,Bailey,sce,SUBSTATION,34.776511933891044,-118.77471560428924,0.006119918559566423,True
8486,230,Substation,' ',33.19231968,-115.4344433,Midway,iid,SUBSTATION,33.19236269131709,-115.43447426716568,0.005583639658585221,True
8487,115,Substation,' ',33.19240512,-115.4344666,Midway,iid,SUBSTATION,33.19236269131709,-115.43447426716568,0.00477149383061731,True
8488,230,Substation,' ',37.71241873,-121.5648323,Tesla,pge,SUBSTATION,37.71239639315276,-121.56485786768286,0.0033507159466795336,True
8489,500,Substation,' ',37.71239956,-121.564845,Tesla,pge,SUBSTATION,37.71239639315276,-121.56485786768286,0.001185420090438217,True
8490,66,Substation,' ',37.71244148,-121.5648307,Tesla,pge,SUBSTATION,37.71239639315276,-121.56485786768286,0.005553888300145844,True
8491,115,Substation,' ',37.7123613,-121.5648526,Tesla,pge,SUBSTATION,37.71239639315276,-121.56485786768286,0.003929596426831929,True
8492,230,Substation,' ',34.29117261,-114.1712965,Gene,other,SUBSTATION,34.291161900288785,-114.1712861481218,0.0015239966933803472,True
8493,66,Substation,' ',34.29119485,-114.1712708,Gene,other,SUBSTATION,34.291161900288785,-114.1712861481218,0.0039257883850199625,True
8494,66,Substation,' ',32.95547516,-115.5360384,Unknown,iid,SUBSTATION,32.95547967378185,-115.53602582638676,0.0012760118529506676,True
8495,115,Substation,' ',32.95550966,-115.5360311,Unknown,iid,SUBSTATION,32.95547967378185,-115.53602582638676,0.003370425128696695,True
8496,230,Substation,' ',35.65249117,-117.7957761,Inyokern,sce,SUBSTATION,35.652518826535186,-117.7958008875476,0.00380437101946728,True
8497,66,Substation,' ',35.65256098,-117.7958443,Inyokern,sce,SUBSTATION,35.652518826535186,-117.7958008875476,0.006111955522009196,True
8498,115,Substation,' ',35.6524786,-117.7958421,Inyokern,sce,SUBSTATION,35.652518826535186,-117.7958008875476,0.005820087619214929,True
8501,66,Substation,' ',33.93261159,-116.5051758,Coffee,sce,SUBSTATION,33.93261579282901,-116.50516472375033,0.0011236638378147128,True
8502,115,Substation,' ',33.93263853,-116.5051906,Coffee,sce,SUBSTATION,33.93261579282901,-116.50516472375033,0.003477243960662934,True
8503,230,Substation,' ',39.55524025,-121.644835,Table Mt.,pge,SUBSTATION,39.55528056360781,-121.64478736387608,0.006064080607399521,True
8504,500,Substation,' ',39.55531107,-121.6447716,Table Mt.,pge,SUBSTATION,39.55528056360781,-121.64478736387608,0.003651466660586526,True
8505,66,Substation,' ',39.55523152,-121.644793,Table Mt.,pge,SUBSTATION,39.55528056360781,-121.64478736387608,0.00547476545857213,True
8506,115,Substation,' ',39.55526209,-121.6447486,Table Mt.,pge,SUBSTATION,39.55528056360781,-121.64478736387608,0.003906929099212469,True
8507,230,Substation,' ',37.82120821,-121.6609017,Wind Driven,pge,SUBSTATION,37.82124149972409,-121.6609369008515,0.004823075140042747,True
8508,66,Substation,' ',37.82122073,-121.6609024,Wind Driven,pge,SUBSTATION,37.82124149972409,-121.6609369008515,0.0038101383108699164,True
8511,230,Substation,' ',38.07693736,-122.5405147,Ignacio,pge,SUBSTATION,38.07692860079395,-122.54056371767577,0.004399716877117788,True
8512,66,Substation,' ',38.07696184,-122.540554,Ignacio,pge,SUBSTATION,38.07692860079395,-122.54056371767577,0.003792645369062615,True
8513,115,Substation,' ',38.07689652,-122.5406123,Ignacio,pge,SUBSTATION,38.07692860079395,-122.54056371767577,0.005550532138671742,True
8522,230,Substation,' ',42.00660274,-121.3166427,Malin,pge,,42.00661230121407,-121.316599524345,0.0037224555744965653,True
8523,500,Substation,' ',42.00665191,-121.3166395,Malin,pge,,42.00661230121407,-121.316599524345,0.005505237645125586,True
8524,66,Substation,' ',37.98526516,-122.3368032,San Pablo,pge,SUBSTATION,37.98529640750591,-122.33682526254108,0.0039763409055136424,True
8525,115,Substation,' ',37.98526683,-122.3368173,San Pablo,pge,SUBSTATION,37.98529640750591,-122.33682526254108,0.0033620882683980187,True
8526,230,Substation,' ',33.76401376,-118.2276395,Main Oil,sce,,33.763998871596186,-118.2276040552649,0.0036710051725472067,True
8527,66,Substation,' ',33.76397222,-118.2275881,Main Oil,sce,,33.763998871596186,-118.2276040552649,0.0033102588765795814,True
8528,230,Substation,' ',40.79219236,-122.7673924,Trinity,wapa,SUBSTATION,40.79220264940447,-122.7673977478663,0.0012295187508830187,True
8529,66,Substation,' ',40.79216603,-122.7674276,Trinity,wapa,SUBSTATION,40.79220264940447,-122.7673977478663,0.0047849580357817376,True
8532,66,Substation,' ',32.97036114,-115.5342611,Rio Vista,iid,SUBSTATION,32.97039662695644,-115.53421821825737,0.005619005272284567,True
8533,115,Substation,' ',32.97039541,-115.534179,Rio Vista,iid,SUBSTATION,32.97039662695644,-115.53421821825737,0.003661062741864968,True
8534,230,Substation,' ',38.12736919,-121.8308081,High Winds,other,SUBSTATION,38.12739585707894,-121.8307770616785,0.004020390153207322,True
8535,500,Substation,' ',38.12735372,-121.8307367,High Winds,other,SUBSTATION,38.12739585707894,-121.8307770616785,0.005866629234375944,True
8540,66,Substation,' ',38.29545728,-122.2788672,Napa,pge,SUBSTATION,38.2954518695612,-122.27891504790612,0.004218737532600069,True
8541,115,Substation,' ',38.29545198,-122.2788719,Napa,pge,SUBSTATION,38.2954518695612,-122.27891504790612,0.003765478300168382,True
8542,230,Substation,' ',40.0861195,-121.1486435,Caribou 2,pge,SUBSTATION,40.08612756790898,-121.14869302914649,0.004308022557179955,True
8543,66,Substation,' ',40.08611134,-121.1487146,Caribou 2,pge,SUBSTATION,40.08612756790898,-121.14869302914649,0.0025736433948574163,True
8544,115,Substation,' ',40.08608078,-121.1486931,Caribou 2,pge,SUBSTATION,40.08612756790898,-121.14869302914649,0.005202581598811085,True
8545,66,Substation,' ',32.67000086,-115.4362865,Border,iid,SUBSTATION,32.67001514224579,-115.43628803823964,0.0015946269736551541,True
8546,115,Substation,' ',32.66999279,-115.436283,Border,iid,SUBSTATION,32.67001514224579,-115.43628803823964,0.0025298014124349216,True
8551,230,Substation,' ',33.89569461,-118.3732787,El Nido,sce,SUBSTATION,33.895658598875904,-118.373322105196,0.005664250686965974,True
8552,66,Substation,' ',33.89569302,-118.3733574,El Nido,sce,SUBSTATION,33.895658598875904,-118.373322105196,0.005026090559605268,True
8553,230,Substation,' ',40.99101788,-121.4978393,Pit 1,pge,SUBSTATION,40.99103496354888,-121.49779162016772,0.004429801498396577,True
8554,66,Substation,' ',40.99102695,-121.4977594,Pit 1,pge,SUBSTATION,40.99103496354888,-121.49779162016772,0.0028473024195144548,True
8555,230,Substation,' ',32.85966256,-116.8991849,Los Coches,sdge,SUBSTATION,32.85961372106041,-116.8992092308914,0.005886985443903269,True
8556,66,Substation,' ',32.85962802,-116.8992008,Los Coches,sdge,SUBSTATION,32.85961372106041,-116.8992092308914,0.0017742960393868205,True
8561,66,Substation,' ',38.90969662,-121.542537,East Nicolaus,pge,SUBSTATION,38.9097025313182,-121.54249826250768,0.0034156003206823934,True
8562,115,Substation,' ',38.90971428,-121.5424499,East Nicolaus,pge,SUBSTATION,38.9097025313182,-121.54249826250768,0.004383742613456815,True
8565,230,Substation,' ',39.02426495,-120.5964417,Middle Fork,pge,SUBSTATION,39.024247428028936,-120.59641017110816,0.0033487636474372716,True
8566,66,Substation,' ',39.0242176,-120.596375,Middle Fork,pge,SUBSTATION,39.024247428028936,-120.59641017110816,0.004497964722458647,True
8569,230,Substation,' ',33.92880827,-118.1057578,Center,sce,SUBSTATION,33.92883001219632,-118.10575462957712,0.002435253070678084,True
8570,66,Substation,' ',33.92887029,-118.1057597,Center,sce,SUBSTATION,33.92883001219632,-118.10575462957712,0.004503052783753525,True
8571,66,Substation,' ',33.84774654,-118.3033435,Halldale,ladwp,SUBSTATION,33.84777363353841,-118.3033196405509,0.003732448156234028,True
8572,115,Substation,' ',33.84778553,-118.3032851,Halldale,ladwp,SUBSTATION,33.84777363353841,-118.3033196405509,0.0034532218196976832,True
8573,230,Substation,' ',36.61081221,-119.6391792,McCall,pge,SUBSTATION,36.61082900597876,-119.63921063456868,0.0033704961433754436,True
8574,115,Substation,' ',36.61084886,-119.6392455,McCall,pge,SUBSTATION,36.61082900597876,-119.63921063456868,0.0038155165216250137,True
8575,230,Substation,' ',38.01838518,-122.0612753,Tesoro,other,SUBSTATION,38.018425059815854,-122.06131586850118,0.005682774730015872,True
8576,66,Substation,' ',38.01838543,-122.061269,Tesoro,other,SUBSTATION,38.018425059815854,-122.06131586850118,0.006022902138383019,True
8577,66,Substation,' ',39.25664803,-120.7667715,Drum 1,pge,SUBSTATION,39.25666722895088,-120.76679573880246,0.0029854520139326783,True
8578,115,Substation,' ',39.25668413,-120.7667659,Drum 1,pge,SUBSTATION,39.25666722895088,-120.76679573880246,0.003183118459482095,True
8579,230,Substation,' ',34.15084119,-118.1843115,Eagle Rock,sce,SUBSTATION,34.15085612442867,-118.18431842576358,0.0017787270770399269,True
8580,66,Substation,' ',34.15090533,-118.1843309,Eagle Rock,sce,SUBSTATION,34.15085612442867,-118.18431842576358,0.005590525319861228,True
8581,66,Substation,' ',39.33739981,-120.2212791,Truckee Donner,other,SUBSTATION,39.3373668955442,-120.22126260669997,0.003925174803275884,True
8582,115,Substation,' ',39.3373937,-120.2212761,Truckee Donner,other,SUBSTATION,39.3373668955442,-120.22126260669997,0.0031984551788834885,True
8583,230,Substation,' ',34.06832037,-118.4883739,Kenter Canyon,ladwp,SUBSTATION,34.06828428091254,-118.48839794963172,0.004583751616320438,True
8584,115,Substation,' ',34.06832049,-118.4883642,Kenter Canyon,ladwp,SUBSTATION,34.06828428091254,-118.48839794963172,0.005086730703151339,True
8587,66,Substation,' ',37.55159911,-122.2928268,Bay Meadows,pge,SUBSTATION,37.55158035932156,-122.29285775519622,0.003434231077006002,True
8588,115,Substation,' ',37.55156531,-122.2928937,Bay Meadows,pge,SUBSTATION,37.55158035932156,-122.29285775519622,0.0035834689584648373,True
8589,230,Substation,' ',33.21143869,-117.3345195,San Luis Rey,sdge,SUBSTATION,33.211474710535136,-117.33454909877236,0.0048605443456387,True
8590,66,Substation,' ',33.21149374,-117.3345537,San Luis Rey,sdge,SUBSTATION,33.211474710535136,-117.33454909877236,0.002158843833722948,True
8591,66,Substation,' ',37.49041743,-122.2130487,Redwood City,pge,SUBSTATION,37.49046667016374,-122.21306391272245,0.005637367103018384,True
8592,115,Substation,' ',37.49050174,-122.2130761,Redwood City,pge,SUBSTATION,37.49046667016374,-122.21306391272245,0.004045116878134523,True
8593,230,Substation,' ',35.0994889,-118.3781251,Highwind,sce,SUBSTATION,35.09945518170935,-118.37812372802148,0.0037513798476313262,True
8594,66,Substation,' ',35.09949439,-118.3781208,Highwind,sce,SUBSTATION,35.09945518170935,-118.37812372802148,0.0043678930297742155,True
8599,66,Substation,' ',33.79818926,-118.2578819,Station C (Wilmington),ladwp,SUBSTATION,33.79819522762282,-118.25788105422572,0.0006681557446177536,True
8600,115,Substation,' ',33.7982105,-118.2579099,Station C (Wilmington),ladwp,SUBSTATION,33.79819522762282,-118.25788105422572,0.0031604588215615507,True
8603,500,Substation,' ',32.74652429,-114.4904054,North Gila,other,,32.746502999638864,-114.4903570231026,0.005106292682357739,True
8604,115,Substation,' ',32.74652769,-114.490333,North Gila,other,,32.746502999638864,-114.4903570231026,0.00354755785207771,True
8607,230,Substation,' ',34.03829757,-118.3707365,Station D (Fairfax),ladwp,SUBSTATION,34.038251794681585,-118.3707577709808,0.005454304425068701,True
8608,115,Substation,' ',34.03820636,-118.3707952,Station D (Fairfax),ladwp,SUBSTATION,34.038251794681585,-118.3707577709808,0.006117043243539807,True
8609,230,Substation,' ',37.91908243,-121.6767862,Brentwood,pge,SUBSTATION,37.91905743453774,-121.6767632027892,0.0034342970122571022,True
8610,66,Substation,' ',37.91909304,-121.6767672,Brentwood,pge,SUBSTATION,37.91905743453774,-121.6767632027892,0.003974642946904204,True
8615,66,Substation,' ',40.65478853,-122.3893884,Knauf,other,SUBSTATION,40.65482430816292,-122.38943098144708,0.005360065972691865,True
8616,115,Substation,' ',40.65483902,-122.3894407,Knauf,other,SUBSTATION,40.65482430816292,-122.38943098144708,0.0018298196216075184,True
8617,230,Substation,' ',35.00890637,-120.4531634,Mesa,pge,SUBSTATION,35.00886455676995,-120.45319888309312,0.005662211057880615,True
8618,115,Substation,' ',35.00881883,-120.4532025,Mesa,pge,SUBSTATION,35.00886455676995,-120.45319888309312,0.005095244389615194,True
8621,66,Substation,' ',33.92646362,-118.3096525,Imperial Terminal Tower,ladwp,SUBSTATION,33.92644736160605,-118.30963939700548,0.002174825089173691,True
8622,115,Substation,' ',33.92648364,-118.3096682,Imperial Terminal Tower,ladwp,SUBSTATION,33.92644736160605,-118.30963939700548,0.004830653634308463,True
8623,230,Substation,' ',38.44917123,-120.4923149,Tiger Creek,pge,SUBSTATION,38.449175243866094,-120.49227690773776,0.0033384654304842516,True
8624,66,Substation,' ',38.44916405,-120.4922447,Tiger Creek,pge,SUBSTATION,38.449175243866094,-120.49227690773776,0.0030685438564732963,True
8625,115,Substation,' ',38.44916049,-120.4922426,Tiger Creek,pge,SUBSTATION,38.449175243866094,-120.49227690773776,0.003408428884017413,True
8628,230,Substation,' ',34.28094947,-118.9029903,Moorpark,sce,SUBSTATION,34.28092761383576,-118.90300661856487,0.0028555773013385854,True
8629,66,Substation,' ',34.28089975,-118.9029754,Moorpark,sce,SUBSTATION,34.28092761383576,-118.90300661856487,0.004222186028498225,True
8632,230,Substation,' ',39.45432184,-121.5176791,Palermo,pge,SUBSTATION,39.45434305228144,-121.51766154413596,0.0027991777056818176,True
8633,115,Substation,' ',39.4543164,-121.517684,Palermo,pge,SUBSTATION,39.45434305228144,-121.51766154413596,0.0035355453806817597,True
8638,66,Substation,' ',37.9162045,-122.3022292,El Cerrito Station G,pge,SUBSTATION,37.9162522425779,-122.30222220257755,0.005344102518106287,True
8639,115,Substation,' ',37.91622278,-122.3022692,El Cerrito Station G,pge,SUBSTATION,37.9162522425779,-122.30222220257755,0.005265907827569608,True
8640,230,Substation,' ',32.81590355,-117.0885222,Elliott,sdge,SUBSTATION,32.81593335004344,-117.08849167454088,0.004372343351901381,True
8641,66,Substation,' ',32.81597238,-117.0885274,Elliott,sdge,SUBSTATION,32.81593335004344,-117.08849167454088,0.0054754807089062284,True
8646,230,Substation,' ',37.58304641,-122.3187042,San Mateo,pge,SUBSTATION,37.58307460925212,-122.31866392138384,0.0047359880686084575,True
8647,66,Substation,' ',37.58310442,-122.3186317,San Mateo,pge,SUBSTATION,37.58307460925212,-122.31866392138384,0.004364581257861645,True
8648,115,Substation,' ',37.58302613,-122.3187099,San Mateo,pge,SUBSTATION,37.58307460925212,-122.31866392138384,0.006743465304454581,True
8651,230,Substation,' ',38.65715308,-121.1324092,Lake,smud,SUBSTATION,38.65712772151721,-121.13241707606647,0.0029014847903139013,True
8652,115,Substation,' ',38.65711911,-121.1323839,Lake,smud,SUBSTATION,38.65712772151721,-121.13241707606647,0.0030357181121857023,True
8653,66,Substation,' ',37.45755591,-121.9212843,Dixon Landing,pge,SUBSTATION,37.45755414227556,-121.92127798956194,0.0005906685713675192,True
8654,115,Substation,' ',37.45752676,-121.9213194,Dixon Landing,pge,SUBSTATION,37.45755414227556,-121.92127798956194,0.004757197916654471,True
8657,230,Substation,' ',34.15782472,-118.2801985,Air Way (Glendale),ladwp,SUBSTATION,34.15779192190894,-118.2801913349289,0.003706092830782023,True
8658,66,Substation,' ',34.15776976,-118.280179,Air Way (Glendale),ladwp,SUBSTATION,34.15779192190894,-118.2801913349289,0.0027130988252571688,True
8659,230,Substation,' ',38.24787405,-122.2679095,Tulucay,pge,SUBSTATION,38.24782902083961,-122.26794898800048,0.006079565875974465,True
8660,66,Substation,' ',38.24781104,-122.2679742,Tulucay,pge,SUBSTATION,38.24782902083961,-122.26794898800048,0.002974024149496273,True
8661,66,Substation,' ',38.58951476,-121.5448685,West Sacramento,pge,SUBSTATION,38.58951498035394,-121.54490113999591,0.002836972061298283,True
8662,115,Substation,' ',38.58953223,-121.5449386,West Sacramento,pge,SUBSTATION,38.58951498035394,-121.54490113999591,0.0037787802579488587,True
8663,230,Substation,' ',34.29373966,-114.1724425,Whipple,sce,,34.29378300611694,-114.17246949328784,0.005420350627149813,True
8664,66,Substation,' ',34.29381921,-114.1724881,Whipple,sce,,34.29378300611694,-114.17246949328784,0.004373542339546647,True
8667,66,Substation,' ',32.7810311,-115.5778831,Dahlia,iid,SUBSTATION,32.7810584797539,-115.57783373144532,0.005529007652437856,True
8668,115,Substation,' ',32.78108706,-115.5777981,Dahlia,iid,SUBSTATION,32.7810584797539,-115.57783373144532,0.004603860702352307,True
8669,66,Substation,' ',35.59266833,-118.9590675,Vedder,other,SUBSTATION,35.59266231240573,-118.95904863752534,0.001832123149134378,True
8670,115,Substation,' ',35.5926818,-118.9590414,Vedder,other,SUBSTATION,35.59266231240573,-118.95904863752534,0.00226358565614559,True
8671,230,Substation,' ',39.33097077,-121.1914929,Colgate,pge,SUBSTATION,39.33096778898454,-121.19150473735888,0.0010707205956998556,True
8672,66,Substation,' ',39.330918,-121.1914985,Colgate,pge,SUBSTATION,39.33096778898454,-121.19150473735888,0.005562213867316708,True
8673,230,Substation,' ',38.1176994,-121.1605966,Lockeford,pge,SUBSTATION,38.117748085853535,-121.1605601257086,0.006284007876237606,True
8674,66,Substation,' ',38.11776038,-121.160554,Lockeford,pge,SUBSTATION,38.117748085853535,-121.1605601257086,0.001468330158137688,True
8675,115,Substation,' ',38.11769914,-121.1605893,Lockeford,pge,SUBSTATION,38.117748085853535,-121.1605601257086,0.006011238366222403,True
8680,230,Substation,' ',35.04377294,-118.2764293,Westwind,sce,SUBSTATION,35.04379964692466,-118.27639075373835,0.004597058195143635,True
8681,66,Substation,' ',35.04376668,-118.2764183,Westwind,sce,SUBSTATION,35.04379964692466,-118.27639075373835,0.004441444983462895,True
8684,230,Substation,' ',38.70751704,-121.161118,Folsom,wapa,SUBSTATION,38.70747042422644,-121.16114415130548,0.005658370491010154,True
8685,115,Substation,' ',38.70745141,-121.1610947,Folsom,wapa,SUBSTATION,38.70747042422644,-121.16114415130548,0.004783544518761905,True
8688,230,Substation,' ',34.06713747,-118.2261373,Station A (St. John),ladwp,SUBSTATION,34.067102266986005,-118.22611959695432,0.0042404662997807515,True
8689,66,Substation,' ',34.06705972,-118.2261318,Station A (St. John),ladwp,SUBSTATION,34.067102266986005,-118.22611959695432,0.004862707590231228,True
8690,66,Substation,' ',35.57824487,-119.5442403,North Generator,pge,SUBSTATION,35.57820273141215,-119.54425997739465,0.005012154241142432,True
8691,115,Substation,' ',35.57817465,-119.5442801,North Generator,pge,SUBSTATION,35.57820273141215,-119.54425997739465,0.003614120831604044,True
8692,66,Substation,' ',36.95191401,-121.7602529,Green Valley,pge,SUBSTATION,36.95194003570028,-121.76029691983965,0.004865753687783413,True
8693,115,Substation,' ',36.95196933,-121.7603222,Green Valley,pge,SUBSTATION,36.95194003570028,-121.76029691983965,0.003956871625831788,True
8694,230,Substation,' ',38.50839452,-121.4376099,Wire-48Th,smud,SUBSTATION,38.508394807893225,-121.43765682456728,0.00408312189999102,True
8695,66,Substation,' ',38.50837589,-121.4376332,Wire-48Th,smud,SUBSTATION,38.508394807893225,-121.43765682456728,0.0029411889292510905,True
8702,230,Substation,' ',40.80747176,-121.9358253,Round Mt.,pge,SUBSTATION,40.80747896449215,-121.93581580541282,0.001131520531898406,True
8703,500,Substation,' ',40.80750267,-121.9358596,Round Mt.,pge,SUBSTATION,40.80747896449215,-121.93581580541282,0.0045314860393562886,True
8704,230,Substation,' ',38.4011652,-121.9207885,Vaca-Dixon & Gc Yard,pge,SUBSTATION,38.40116764046183,-121.92078581127718,0.00035851917813079436,True
8705,66,Substation,' ',38.40115074,-121.9207975,Vaca-Dixon & Gc Yard,pge,SUBSTATION,38.40116764046183,-121.92078581127718,0.002137533830022191,True
8706,115,Substation,' ',38.40111887,-121.92076,Vaca-Dixon & Gc Yard,pge,SUBSTATION,38.40116764046183,-121.92078581127718,0.005870968094214862,True
8711,66,Substation,' ',36.42965585,-121.3324869,Soledad,pge,SUBSTATION,36.4296388113508,-121.33249626729054,0.0020716867346152277,True
8712,115,Substation,' ',36.42967611,-121.3325053,Soledad,pge,SUBSTATION,36.4296388113508,-121.33249626729054,0.004225417729141089,True
8715,66,Substation,' ',38.00283792,-122.2083731,Christie,pge,SUBSTATION,38.00286201856196,-122.20836799669176,0.002716689330583808,True
8716,115,Substation,' ',38.0028542,-122.208412,Christie,pge,SUBSTATION,38.00286201856196,-122.20836799669176,0.003952345997335568,True
8719,66,Substation,' ',35.70007801,-117.3987748,Searles,sce,SUBSTATION,35.700123543188056,-117.3987485581922,0.005590140862291038,True
8720,115,Substation,' ',35.70010308,-117.3987834,Searles,sce,SUBSTATION,35.700123543188056,-117.3987485581922,0.0038827831510757976,True
8721,230,Substation,' ',37.32640152,-122.0753827,Monta Vista (Upper),pge,SUBSTATION,37.32640766491489,-122.07542609827172,0.0038977011399689457,True
8722,66,Substation,' ',37.32638893,-122.0754593,Monta Vista (Upper),pge,SUBSTATION,37.32640766491489,-122.07542609827172,0.0035997856460013057,True
8723,115,Substation,' ',37.32641515,-122.0753798,Monta Vista (Upper),pge,SUBSTATION,37.32640766491489,-122.07542609827172,0.004177515837244502,True
8724,230,Substation,' ',34.29329752,-114.1422911,Parker,wapa,,34.29329166242863,-114.14226112428452,0.0028297080154773193,True
8725,66,Substation,' ',34.29328846,-114.1422158,Parker,wapa,,34.29329166242863,-114.14226112428452,0.00417892728294169,True
8726,115,Substation,' ',34.29328317,-114.1423012,Parker,wapa,,34.29329166242863,-114.14226112428452,0.0038007453224427187,True
8727,230,Substation,' ',32.61511768,-117.0949415,South Bay,sdge,SUBSTATION,32.61514850638519,-117.0949234152615,0.003823406485637702,True
8728,66,Substation,' ',32.61518937,-117.0948944,South Bay,sdge,SUBSTATION,32.61514850638519,-117.0949234152615,0.005294490882737932,True
8729,115,Substation,' ',32.61517797,-117.0949084,South Bay,sdge,SUBSTATION,32.61514850638519,-117.0949234152615,0.0035652913582219416,True
8730,230,Substation,' ',33.93170701,-118.4258922,Hyperion,ladwp,SUBSTATION,33.93169039805566,-118.42592952662255,0.003907832730606806,True
8731,66,Substation,' ',33.9317079,-118.4259472,Hyperion,ladwp,SUBSTATION,33.93169039805566,-118.42592952662255,0.002538902134990815,True
8732,115,Substation,' ',33.93164154,-118.4258892,Hyperion,ladwp,SUBSTATION,33.93169039805566,-118.42592952662255,0.006584603354498898,True
8739,230,Substation,' ',37.22439742,-121.7419328,Metcalf 1,pge,SUBSTATION,37.22438647477061,-121.74191085622988,0.002292642695715304,True
8740,115,Substation,' ',37.22442234,-121.7419435,Metcalf 1,pge,SUBSTATION,37.22438647477061,-121.74191085622988,0.004925279985516083,True
8741,230,Substation,' ',38.935181,-121.4668864,Rio Oso,pge,SUBSTATION,38.93517895362423,-121.46684295367594,0.0037647206108675636,True
8742,66,Substation,' ',38.93519013,-121.4668926,Rio Oso,pge,SUBSTATION,38.93517895362423,-121.46684295367594,0.00447031641087374,True
8743,115,Substation,' ',38.93513981,-121.4668323,Rio Oso,pge,SUBSTATION,38.93517895362423,-121.46684295367594,0.004449045618268397,True
8744,66,Substation,' ',36.59820852,-121.8530391,Del Monte,pge,SUBSTATION,36.59823782593487,-121.8530361578862,0.003269238684247368,True
8745,115,Substation,' ',36.59819644,-121.8530802,Del Monte,pge,SUBSTATION,36.59823782593487,-121.8530361578862,0.0060527494384196,True
8752,230,Substation,' ',33.12096162,-117.1172519,Calpeak Power Enterprise 7,sdge,SUBSTATION,33.120941666788426,-117.11726944462974,0.0027553984295093053,True
8753,66,Substation,' ',33.12091339,-117.1173133,Calpeak Power Enterprise 7,sdge,SUBSTATION,33.120941666788426,-117.11726944462974,0.005154276094372577,True
8754,500,Substation,' ',38.40522235,-121.9181383,Calpeak Power Vaca Dixon 1,pge,SUBSTATION,38.40518842401202,-121.9181113738112,0.004442509085372657,True
8755,66,Substation,' ',38.40519523,-121.9181347,Calpeak Power Vaca Dixon 1,pge,SUBSTATION,38.40518842401202,-121.9181113738112,0.002168880150462012,True
8756,115,Substation,' ',38.40516442,-121.9180629,Calpeak Power Vaca Dixon 1,pge,SUBSTATION,38.40518842401202,-121.9181113738112,0.00499650205661619,True
8757,230,Substation,' ',32.6782604,-116.9829554,Miguel,sdge,SUBSTATION,32.67829632849509,-116.9829865917867,0.004948063513805781,True
8758,500,Substation,' ',32.67831021,-116.9829426,Miguel,sdge,SUBSTATION,32.67829632849509,-116.9829865917867,0.004397208159707466,True
8759,66,Substation,' ',32.67830054,-116.9829894,Miguel,sdge,SUBSTATION,32.67829632849509,-116.9829865917867,0.0005370142615619218,True
8760,115,Substation,' ',32.67825697,-116.982985,Miguel,sdge,SUBSTATION,32.67829632849509,-116.9829865917867,0.004379000050802938,True
8761,230,Substation,' ',34.48592872,-118.1185145,Vincent,sce,SUBSTATION,34.48596596632423,-118.11848076366482,0.005168538163201525,True
8762,500,Substation,' ',34.48598213,-118.118475,Vincent,sce,SUBSTATION,34.48596596632423,-118.11848076366482,0.0018733437451534992,True
8763,66,Substation,' ',40.65224465,-122.3341835,Cascade,pge,SUBSTATION,40.6521977312861,-122.33420112618268,0.005424890393823855,True
8764,115,Substation,' ',40.65224065,-122.3342342,Cascade,pge,SUBSTATION,40.6521977312861,-122.33420112618268,0.0055281251011097265,True
8765,66,Substation,' ',36.88672556,-120.6549209,Oro Loma,pge,SUBSTATION,36.886750573285184,-120.65491603381926,0.0028148195053957674,True
8766,115,Substation,' ',36.88678244,-120.6549626,Oro Loma,pge,SUBSTATION,36.886750573285184,-120.65491603381926,0.005450430572029807,True
8767,66,Substation,' ',33.61126719,-114.6805,Blythe Walc,other,SUBSTATION,33.611258372170305,-114.68047736725188,0.002313903835219792,True
8768,115,Substation,' ',33.61123182,-114.6804928,Blythe Walc,other,SUBSTATION,33.611258372170305,-114.68047736725188,0.003280168819674141,True
8769,66,Substation,' ',37.33627258,-118.4808665,Control,sce,SUBSTATION,37.3363200113634,-118.48088546363286,0.005534194854324387,True
8770,115,Substation,' ',37.33631044,-118.4808509,Control,sce,SUBSTATION,37.3363200113634,-118.48088546363286,0.003235802612824014,True
8771,66,Substation,' ',40.94012133,-122.4309918,Dog Creek,pacificorp,SUBSTATION,40.94013301225021,-122.4310079579032,0.001878672820731534,True
8772,115,Substation,' ',40.94011893,-122.4310412,Dog Creek,pacificorp,SUBSTATION,40.94013301225021,-122.4310079579032,0.003201308194109088,True
8773,66,Substation,' ',33.77298576,-118.2399988,Station 119,ladwp,SUBSTATION,33.77295008350205,-118.2400019503168,0.003977717857344446,True
8774,115,Substation,' ',33.77298297,-118.2400074,Station 119,ladwp,SUBSTATION,33.77295008350205,-118.2400019503168,0.0036913415438227055,True
8775,230,Substation,' ',38.58812471,-121.4742515,North City,smud,SUBSTATION,38.58812502039554,-121.47427550795938,0.002086948923517442,True
8776,66,Substation,' ',38.58809802,-121.4742531,North City,smud,SUBSTATION,38.58812502039554,-121.47427550795938,0.003578685445471476,True
8777,115,Substation,' ',38.58810274,-121.4743057,North City,smud,SUBSTATION,38.58812502039554,-121.47427550795938,0.0036088833434727192,True
8778,230,Substation,' ',37.49291926,-122.1379289,Ravenswood,pge,SUBSTATION,37.49296812408314,-122.13794615040464,0.005642560752683588,True
8779,115,Substation,' ',37.49299496,-122.1379112,Ravenswood,pge,SUBSTATION,37.49296812408314,-122.13794615040464,0.004290963190033174,True
8780,230,Substation,' ',37.69333978,-121.6950855,Lawrence Livermore,wapa,SUBSTATION,37.69332544196518,-121.69508720747534,0.001601379740469264,True
8781,115,Substation,' ',37.69328365,-121.6950968,Lawrence Livermore,wapa,SUBSTATION,37.69332544196518,-121.69508720747534,0.004723081307310726,True
8782,230,Substation,' ',34.10944715,-118.2544033,Station G (Atwater),ladwp,SUBSTATION,34.10941811317132,-118.25442982220407,0.004048104232223642,True
8783,66,Substation,' ',34.10942599,-118.2544145,Station G (Atwater),ladwp,SUBSTATION,34.10941811317132,-118.25442982220407,0.0016604442911609858,True
8788,230,Substation,' ',37.51696477,-121.2311782,Westley,other,SUBSTATION,37.51694302851554,-121.23113632793871,0.0044139141181491395,True
8789,115,Substation,' ',37.51692296,-121.2311406,Westley,other,SUBSTATION,37.51694302851554,-121.23113632793871,0.0022631026461867984,True
8790,230,Substation,' ',33.1414468,-117.2388142,Shadowridge,sdge,SUBSTATION,33.141486111700296,-117.23876944545856,0.006039135458133161,True
8791,66,Substation,' ',33.14148562,-117.2388064,Shadowridge,sdge,SUBSTATION,33.141486111700296,-117.23876944545856,0.003441126828479432,True
8792,230,Substation,' ',34.1513409,-118.0878857,Goodrich,sce,SUBSTATION,34.15135632587066,-118.08792158777318,0.003721293744266424,True
8793,66,Substation,' ',34.15138288,-118.0878953,Goodrich,sce,SUBSTATION,34.15135632587066,-118.08792158777318,0.0038170582379116343,True
8796,230,Substation,' ',37.66795895,-120.9171077,Parker,other,SUBSTATION,37.667915675056655,-120.91707673826598,0.005530061160387483,True
8797,66,Substation,' ',37.66792123,-120.9170827,Parker,other,SUBSTATION,37.667915675056655,-120.91707673826598,0.0008104832343787601,True
8798,115,Substation,' ',37.66790077,-120.917063,Parker,other,SUBSTATION,37.667915675056655,-120.91707673826598,0.0020516014063280312,True
8805,230,Substation,' ',34.10514835,-117.9808049,Rio Hondo,sce,SUBSTATION,34.10513457167242,-117.98079957797754,0.0016085306402988018,True
8806,500,Substation,' ',34.10512387,-117.9808133,Rio Hondo,sce,SUBSTATION,34.10513457167242,-117.98079957797754,0.0017355680887188195,True
8807,66,Substation,' ',34.10508699,-117.9808239,Rio Hondo,sce,SUBSTATION,34.10513457167242,-117.98079957797754,0.005745228124957334,True
8808,230,Substation,' ',32.76607333,-117.1923717,Old Town,sdge,SUBSTATION,32.76607500384663,-117.19238398741764,0.0011638813623644345,True
8809,66,Substation,' ',32.76608849,-117.1924158,Old Town,sdge,SUBSTATION,32.76607500384663,-117.19238398741764,0.0033311765133909026,True
8810,115,Substation,' ',32.76609084,-117.1923431,Old Town,sdge,SUBSTATION,32.76607500384663,-117.19238398741764,0.004209113933342243,True
8813,66,Substation,' ',37.4019383,-121.9665303,Northern Receiving Station,svp,SUBSTATION,37.40196482105618,-121.96650805432122,0.003543718071383872,True
8814,115,Substation,' ',37.40201017,-121.9664657,Northern Receiving Station,svp,SUBSTATION,37.40196482105618,-121.96650805432122,0.006278900939506272,True
8823,66,Substation,' ',33.40941449,-117.5906247,San Mateo,sdge,SUBSTATION,33.40946044243822,-117.5906118684413,0.005246653578708246,True
8824,115,Substation,' ',33.40950895,-117.5906592,San Mateo,sdge,SUBSTATION,33.40946044243822,-117.5906118684413,0.006956618263750603,True
8829,66,Substation,' ',37.9198224,-121.2403159,Weber,pge,SUBSTATION,37.91985100304596,-121.24027399076682,0.0048610926659122,True
8830,115,Substation,' ',37.91982164,-121.2402435,Weber,pge,SUBSTATION,37.91985100304596,-121.24027399076682,0.004220648560580009,True
8831,230,Substation,' ',34.31207749,-118.4901154,Sylmar West,ladwp,SUBSTATION,34.31212171136534,-118.49008624559976,0.005598993446073737,True
8832,500,Substation,' ',34.31208957,-118.4901225,Sylmar West,ladwp,SUBSTATION,34.31212171136534,-118.49008624559976,0.004884727705299992,True
8833,230,Substation,' ',34.28062227,-118.4783448,Rinaldi,ladwp,SUBSTATION,34.28065282927489,-118.47833148296186,0.0036116123981790207,True
8834,500,Substation,' ',34.28066368,-118.4783664,Rinaldi,ladwp,SUBSTATION,34.28065282927489,-118.47833148296186,0.0034275283143267014,True
8835,66,Substation,' ',34.28061616,-118.4782958,Rinaldi,ladwp,SUBSTATION,34.28065282927489,-118.47833148296186,0.005232034142863639,True
8836,66,Substation,' ',32.9170824,-117.2190472,Doublett,sdge,SUBSTATION,32.91704962833535,-117.2190893773697,0.005364594815819696,True
8837,115,Substation,' ',32.9170598,-117.2190911,Doublett,sdge,SUBSTATION,32.91704962833535,-117.2190893773697,0.0011424102992060427,True
8838,230,Substation,' ',33.12586972,-117.1167459,Escondido,sdge,SUBSTATION,33.12588884547165,-117.11670316693228,0.0045120298766793635,True
8839,66,Substation,' ',33.12591326,-117.1167512,Escondido,sdge,SUBSTATION,33.12588884547165,-117.11670316693228,0.005232341574531969,True
8842,66,Substation,' ',35.26170308,-120.6348653,San Luis Obispo,pge,SUBSTATION,35.261690787983795,-120.6348658471788,0.0013677124174268707,True
8843,115,Substation,' ',35.26169829,-120.6349069,San Luis Obispo,pge,SUBSTATION,35.261690787983795,-120.6348658471788,0.0038195272379680668,True
8846,230,Substation,' ',40.79119302,-121.9377536,Cedar Creek,pge,SUBSTATION,40.79121365415692,-121.93778829102152,0.003713956745048706,True
8847,66,Substation,' ',40.79119112,-121.9377684,Cedar Creek,pge,SUBSTATION,40.79121365415692,-121.93778829102152,0.00301371847870596,True
8848,230,Substation,' ',37.84780829,-122.1608615,Moraga,pge,SUBSTATION,37.84776392918334,-122.16083185480454,0.005577364804839909,True
8849,115,Substation,' ',37.84775964,-122.1608387,Moraga,pge,SUBSTATION,37.84776392918334,-122.16083185480454,0.0007672772014901807,True
8850,66,Substation,' ',32.81236596,-115.3880192,Holtville,iid,SUBSTATION,32.81241389237889,-115.3879944453452,0.005810254087913141,True
8851,115,Substation,' ',32.81244195,-115.388001,Holtville,iid,SUBSTATION,32.81241389237889,-115.3879944453452,0.003179431384646004,True
8852,230,Substation,' ',38.79556257,-120.6219014,El Dorado,pge,,38.79560542901486,-120.6219214610108,0.005072922915401386,True
8853,115,Substation,' ',38.79562108,-120.621932,El Dorado,pge,,38.79560542901486,-120.6219214610108,0.001965422294649781,True
8856,66,Substation,' ',34.07460077,-117.2917341,Homart,sce,SUBSTATION,34.074559987887426,-117.29171602075796,0.004830824242643325,True
8857,115,Substation,' ',34.0745972,-117.2917426,Homart,sce,SUBSTATION,34.074559987887426,-117.29171602075796,0.004807734687585902,True
8860,230,Substation,' ',32.69645166,-117.1434555,Main Street,sdge,,32.69649699336924,-117.14347898871374,0.0054991936588325435,True
8861,66,Substation,' ',32.69651586,-117.1435039,Main Street,sdge,,32.69649699336924,-117.14347898871374,0.0031360841013615146,True
8862,115,Substation,' ',32.69651413,-117.143455,Main Street,sdge,,32.69649699336924,-117.14347898871374,0.002944464656670759,True
8863,230,Substation,' ',34.36666329,-117.3686289,Lugo,sce,SUBSTATION,34.36662838993692,-117.36863049687834,0.0038834768381947153,True
8864,500,Substation,' ',34.36659965,-117.3686115,Lugo,sce,SUBSTATION,34.36662838993692,-117.36863049687834,0.003640462232037086,True
8865,230,Substation,' ',35.84170572,-119.0850329,Vestal,sce,SUBSTATION,35.841743502167844,-119.08504796861142,0.0044152968470814215,True
8866,66,Substation,' ',35.84173559,-119.085093,Vestal,sce,SUBSTATION,35.841743502167844,-119.08504796861142,0.004153326194504894,True
8867,66,Substation,' ',38.90126467,-121.0878419,Placer,pge,SUBSTATION,38.90125522393904,-121.0878584895581,0.0017788011401200091,True
8868,115,Substation,' ',38.90129874,-121.0878804,Placer,pge,SUBSTATION,38.90125522393904,-121.0878584895581,0.005196975274764296,True
