utility,substation_name,latitude,longitude,voltage_kv,substation_type,sys_name,division,subst_id,existing_gen,queued_gen,total_gen,projected_load,der_penetration,max_remain_cap,circuit_count,res_pct,com_pct,agr_pct,ind_pct,other_pct,res_total,com_total,agr_total,ind_total,other_total,note_sub,existing_der,net_min_daytime_load_mw,is_pt,in_clean,cats_bus_i,cats_kv,cats_lat,cats_lon,cats_dist_km,cats_matched
pge,ALMADEN,37.26010442296057,-121.8898329799593,12.0,,,San Jose,8231.0,7.152,7.544,14.696,,,,2.0,,,,,,,,,,,No,,,False,True,1241,66,37.25996122,-121.8898984,0.016943318527101167,True
pge,HOPLAND,38.97287952085421,-123.08117071435976,12.0,,,Humboldt,4225.0,4.324,21.615,25.939,,,,1.0,,,,,,,,,,,No,,,False,True,595,66,38.97279314,-123.0811218,0.01049470121761329,True
pge,KEARNEY,36.706696128628494,-119.88009059611775,12.0,,,Fresno,25270.0,2.751,2.884,5.635,,,,2.0,,,,,,,,,,,No,,,False,True,134,66,36.706794,-119.880023,0.012439723921958645,True
pge,STAGG,37.99168060969362,-121.34788419136744,21.0,,,Stockton,16242.0,5.083,7.763,12.846,,,,4.0,,,,,,,,,,,No,,,False,True,7755,66,37.99229623,-121.3486288,0.09457129638456656,True
pge,BURNEY,40.888215757543065,-121.6708403712964,12.0,,,North Valley,10331.0,0.782,0.826,1.608,,,,2.0,,,,,,,,,,,No,,,False,True,1273,66,40.90972376,-121.640867,3.47362834517303,False
pge,PANORAMA,40.43443262495934,-122.26746683270112,12.0,,,North Valley,10346.0,7.76,8.808,16.568,,,,1.0,,,,,,,,,,,No,,,False,True,1285,115,40.4343679,-122.267923,0.039273224587423695,True
pge,HAMILTON A,39.74626480299121,-122.01146489920175,12.0,,,North Valley,10212.0,3.445,5.388,8.833,,,,1.0,,,,,,,,,,,No,,,False,True,47,66,39.74641854,-122.0113693,0.018948212396194857,True
pge,BROOKSIDE,37.96197173061187,-122.34740011271514,4.16,,,East Bay,1321.0,0.318,0.318,0.636,,,,1.0,,,,,,,,,,,No,,,False,True,2123,66,37.96209566,-122.3474106,0.013810955639448548,True
pge,STROUD,36.53114916455339,-120.10431099777811,12.0,,,Fresno,25366.0,2.323,2.855,5.178,,,,1.0,,,,,,,,,,,No,,,False,True,145,66,36.53108764,-120.1045065,0.01875979425649701,True
pge,TEMBLOR,35.383198949735814,-119.6964252470037,12.0,,,Kern,25255.0,3.75,20.773,24.523,,,,1.0,,,,,,,,,,,Yes,,,False,True,7634,66,35.38277387,-119.6961467,0.053589365355186255,True
pge,DUMBARTON,37.55713232904114,-122.05834145293557,12.0,,,Mission,1447.0,21.384,36.222,57.606,,,,3.0,,,,,,,,,,,No,,,False,True,7,115,37.55699202,-122.05794,0.038674419214002845,True
pge,SCHINDLER,36.401932506462806,-120.13844397559691,12.0,,,Fresno,25289.0,4.988,5.994,10.982,,,,2.0,,,,,,,,,,,No,,,False,True,8231,115,36.4019601,-120.1387436,0.026990709103383213,True
pge,WILKINS SLOUGH,39.0064697514912,-121.86729753227635,12.0,,,Sacramento,6277.0,1.103,1.655,2.758,,,,1.0,,,,,,,,,,,Yes,,,False,True,1532,230,39.02399377,-121.7233826,12.58544758198566,False
pge,SANTA YNEZ,34.62552143506068,-120.11931589174262,12.0,,,Los Padres,18272.0,7.109,7.505,14.614,,,,2.0,,,,,,,,,,,No,,,False,True,1218,115,34.62520111,-120.1193527,0.03577740018017559,True
pge,FAMOSO,35.60547527167606,-119.20318663401906,12.0,,,Kern,25246.0,6.96,8.611,15.571,,,,1.0,,,,,,,,,,,No,,,False,True,8446,115,35.60508518,-119.203664,0.06118848289996937,True
pge,FAIRVIEW,38.01590927413491,-122.11629244561098,21.0,,,Diablo,1343.0,5.476,5.801,11.277,,,,1.0,,,,,,,,,,,No,,,False,True,1592,115,38.01608705,-122.1162873,0.019772913228170288,True
pge,WATERLOO,38.05131599877336,-121.20945809220316,12.0,,,Stockton,16315.0,5.071,5.474,10.545,,,,1.0,,,,,,,,,,,No,,,False,True,1170,66,38.05163078,-121.2098926,0.05169765222855768,True
pge,SILVERADO,38.49997654207099,-122.45894388782744,21.0,,,North Bay,4343.0,9.214,9.617,18.831,,,,2.0,,,,,,,,,,,No,,,False,True,8044,66,38.49986786,-122.4591484,0.02151234679399935,True
pge,STOCKTON A,37.94731136404815,-121.28897066909988,12.0,,,Stockton,16237.0,9.78,10.474,20.254,,,,5.0,,,,,,,,,,,No,,,False,True,8161,115,37.94746451,-121.2887683,0.02459407898784734,True
pge,AVENA,37.84274975923836,-121.05412253622625,17.0,,,Stockton,16357.0,6.615,14.743,21.358,,,,1.0,,,,,,,,,,,No,,,False,True,1136,115,37.84226199,-121.054125,0.05423789616333704,True
pge,GABILAN,36.73135977881113,-121.61341084063255,12.0,,,Central Coast,18233.0,5.271,7.21,12.481,,,,1.0,,,,,,,,,,,No,,,False,True,637,66,36.73130338,-121.6133116,0.010841844856076836,True
pge,GOOSE LAKE,35.60174548016343,-119.57986582808483,12.0,,,Kern,25420.0,2.43,10.408,12.838,,,,2.0,,,,,,,,,,,No,,,False,True,8690,66,35.57824487,-119.5442403,4.148008745383423,False
pge,CANAL,37.06637138757264,-120.83597188351864,12.0,,,Yosemite,25209.0,9.715,20.063,29.778,,,,2.0,,,,,,,,,,,No,,,False,True,606,66,37.06633333,-120.8355639,0.03644553360057056,True
pge,CHALLENGE,39.48563129002225,-121.22014874811364,12.0,,,North Valley,10320.0,0.397,0.487,0.884,,,,1.0,,,,,,,,,,,No,,,False,True,1489,66,39.48525926,-121.2203187,0.043863684263908236,True
pge,TERMINOUS,38.11711521592538,-121.42139866543384,12.0,,,Stockton,16302.0,1.073,2.452,3.525,,,,1.0,,,,,,,,,,,No,,,False,True,1167,66,38.11646156,-121.4221819,0.09988898553854886,True
pge,PERRY,35.57121004522495,-121.0559169553722,12.0,,,Los Padres,18307.0,5.962,6.5,12.462,,,,1.0,,,,,,,,,,,No,,,False,True,1184,66,35.57091817,-121.0553711,0.0590824435677342,True
pge,PINEDALE,36.85007067841538,-119.8034557830923,21.0,,,Fresno,25285.0,13.161,13.64,26.801,,,,3.0,,,,,,,,,,,No,,,False,True,2185,115,36.84992908,-119.803345,0.018576161463524456,True
pge,JAMESON,38.20543608324877,-122.14796860832556,12.0,,,North Bay,6380.0,3.373,4.493,7.866,,,,2.0,,,,,,,,,,,No,,,False,True,1782,115,38.20550643,-122.147878,0.01112954051347159,True
pge,PIT NO 5,40.98670271889426,-121.97630522163178,12.0,,,North Valley,10132.0,2.057,2.062,4.119,,,,1.0,,,,,,,,,,,Yes,,,False,True,1730,230,40.98672929,-121.9765849,0.023660502649575393,True
pge,RIO DELL,40.495345252516735,-124.09933588858924,12.0,,,Humboldt,19225.0,0.165,0.205,0.37,,,,1.0,,,,,,,,,,,No,,,False,True,177,66,40.49538982,-124.0992681,0.007577348907093871,True
pge,KERN OIL,35.44071661874439,-119.02040105128609,12.0,,,Kern,25272.0,1.926,3.482,5.408,,,,3.0,,,,,,,,,,,No,,,False,True,283,115,35.44070561,-119.0207361,0.030377502353699785,True
pge,STILLWATER,40.67760281495655,-122.34983936540058,12.0,,,North Valley,10356.0,3.621,3.79,7.411,,,,1.0,,,,,,,,,,,No,,,False,True,1287,66,40.67776349,-122.3497752,0.018667667034624635,True
pge,CLAY,38.34223678954548,-120.93502517926262,12.0,,,Stockton,16334.0,4.367,4.759,9.126,,,,2.0,,,,,,,,,,,No,,,False,True,26,66,38.34219061,-120.9349804,0.006451273039027322,True
pge,SANTA NELLA,37.08567509415812,-121.01318384348406,12.0,,,Yosemite,25405.0,5.078,6.012,11.09,,,,2.0,,,,,,,,,,,No,,,False,True,617,66,37.08584186,-121.0132255,0.018908086007288185,True
pge,HOLLYWOOD,37.81262335848576,-122.2188198016409,4.16,,,East Bay,1317.0,1.716,1.915,3.631,,,,1.0,,,,,,,,,,,No,,,False,True,1611,115,37.80528987,-122.2312677,1.3641172626901017,True
pge,VACA DIXON,38.39965913851507,-121.920052746684,12.0,,,North Bay,6359.0,42.195,54.037,96.232,,,,3.0,,,,,,,,,,,No,,,False,True,8706,115,38.40111887,-121.92076,0.17362181474134772,True
pge,NEW HOPE,38.226101912543534,-121.47310289510555,12.0,,,Stockton,16208.0,0.86,2.514,3.374,,,,1.0,,,,,,,,,,,No,,,False,True,821,66,38.22554469,-121.4739245,0.09481498579082619,True
pge,ZAMORA,38.77465430165772,-121.85821418077823,12.0,,,Sacramento,6319.0,1.385,1.385,2.77,,,,2.0,,,,,,,,,,,No,,,False,True,1485,66,38.80928378,-121.7450948,10.532938430273028,False
pge,DEEPWATER,38.55140495900723,-121.55981764661082,12.0,,,Sacramento,6362.0,9.11,12.418,21.528,,,,2.0,,,,,,,,,,,No,,,False,True,2109,66,38.56753222,-121.5688412,1.9573993339729934,True
pge,WOLFE,37.33477745536544,-122.02082362284114,12.0,,,De Anza,8367.0,1.161,1.21,2.371,,,,3.0,,,,,,,,,,,No,,,False,True,1264,115,37.33443633,-122.0206064,0.042516198285366014,True
pge,WILLITS,39.40550748378168,-123.32695422926648,12.0,,,Humboldt,4266.0,4.332,6.014,10.346,,,,2.0,,,,,,,,,,,Yes,,,False,True,1581,66,39.40558966,-123.3270796,0.014125178001203224,True
pge,LOGAN CREEK,39.53921325844442,-122.2628031886025,21.0,,,North Valley,10314.0,5.519,16.362,21.881,,,,1.0,,,,,,,,,,,No,,,False,True,154,230,39.53951119,-122.2630509,0.03935364296967352,True
pge,PENRYN,38.84486110184167,-121.16643199707649,12.0,,,Sierra,15256.0,13.941,14.929,28.87,,,,2.0,,,,,,,,,,,No,,,False,True,752,66,38.84450412,-121.1665604,0.04122278553491177,True
pge,EAST STOCKTON,37.96312284092296,-121.26093352398566,4.16,,,Stockton,16313.0,6.12,6.448,12.568,,,,2.0,,,,,,,,,,,No,,,False,True,1144,66,37.96293399,-121.261635,0.06498276542372138,True
pge,LE GRAND,37.18467134480297,-120.27370723472944,12.0,,,Yosemite,25536.0,2.749,7.826,10.575,,,,1.0,,,,,,,,,,,No,,,False,True,613,115,37.18497687,-120.2739551,0.04045123399671867,True
pge,WEBER,37.91977787523238,-121.24063827031146,12.0,,,Stockton,16348.0,2.243,6.744,8.987,,,,4.0,,,,,,,,,,,No,,,False,True,8829,66,37.9198224,-121.2403159,0.02870798856694029,True
pge,OREGON TRAIL,40.61899130155303,-122.3221442755599,12.0,,,North Valley,10352.0,5.043,5.649,10.692,,,,2.0,,,,,,,,,,,No,,,False,True,7647,115,40.61900976,-122.3220492,0.008282999560140251,True
pge,MC CALL,36.6103052673948,-119.63836125979108,12.0,,,Fresno,25412.0,7.264,8.124,15.388,,,,2.0,,,,,,,,,,,No,,,False,True,8573,230,36.61081221,-119.6391792,0.092236227319334,True
pge,BALFOUR,37.926180349016605,-121.67855023269668,12.0,,,Diablo,1432.0,1.396,1.65,3.046,,,,1.0,,,,,,,,,,,No,,,False,True,79,66,37.92583801,-121.678276,0.04502895977875484,True
pge,MOUNTAIN QUARRIES,38.91439251858,-121.01899061136776,21.0,,,Sierra,15228.0,11.362,12.095,23.457,,,,1.0,,,,,,,,,,,No,,,False,True,102,66,38.91406597,-121.0189822,0.03631783751107611,True
pge,SANGER,36.70772235449084,-119.61086419533504,12.0,,,Fresno,25235.0,7.467,7.914,15.381,,,,2.0,,,,,,,,,,,No,,,False,True,8460,115,36.70726213,-119.6108905,0.051228324762274076,True
pge,SARANAP,37.8949912204196,-122.07469961303588,4.16,,,Diablo,1356.0,0.529,0.541,1.07,,,,1.0,,,,,,,,,,,No,,,False,True,2146,66,37.89510414,-122.0737283,0.08615073329550495,True
pge,CALFLAX,36.28387686148028,-120.12208024379596,12.0,,,Fresno,25344.0,2.065,2.065,4.13,,,,1.0,,,,,,,,,,,No,,,False,True,119,66,36.28400837,-120.122075,0.014630632031866488,True
pge,SUNOL,37.58689135859106,-121.86962721571362,12.0,,,Mission,1424.0,1.472,1.661,3.133,,,,1.0,,,,,,,,,,,Yes,,,False,True,21,115,37.58690266,-121.869684,0.0051588922188070836,True
pge,TAMARACK,39.31400206641118,-120.49620864570748,12.0,,,Sierra,15229.0,0.025,0.045,0.07,,,,1.0,,,,,,,,,,,Yes,,,False,True,756,66,39.31387986,-120.4969207,0.0627470881085138,True
pge,WALNUT CREEK,37.904820730988014,-122.06085617174196,4.16,,,Diablo,1220.0,0.003,0.003,0.006,,,,2.0,,,,,,,,,,,No,,,False,True,2145,66,37.90480205,-122.0609609,0.009420354587382928,True
pge,ESQUON,39.60772314757492,-121.76822648360046,12.0,,,North Valley,10217.0,2.514,2.55,5.064,,,,2.0,,,,,,,,,,,No,,,False,True,46,115,39.60773551,-121.7683336,0.009278795220243469,True
pge,UPPER LAKE,39.14608725571375,-122.91705320074546,12.0,,,Humboldt,4287.0,1.778,2.021,3.799,,,,1.0,,,,,,,,,,,No,,,False,True,332,66,39.14574049,-122.9166584,0.051438338807039435,True
pge,ERTA,36.93065412756231,-121.76425096468428,4.16,,,Central Coast,8351.0,0.619,0.642,1.261,,,,1.0,,,,,,,,,,,No,,,False,True,1270,66,36.93038173,-121.7642402,0.030304335970046933,True
pge,LIVE OAK,39.27647099774993,-121.66045789355064,12.0,,,Sacramento,15377.0,7.126,18.155,25.281,,,,2.0,,,,,,,,,,,No,,,False,True,1391,66,39.27639001,-121.6602999,0.016310828702636088,True
pge,CAPAY,39.77653431381928,-122.10355513930796,12.0,,,North Valley,10211.0,2.273,2.401,4.674,,,,1.0,,,,,,,,,,,No,,,False,True,152,66,39.77596358,-122.1038109,0.06712110451283711,True
pge,NORTH DUBLIN,37.74483921993783,-121.85769752164674,21.0,,,Mission,1405.0,10.976,12.004,22.98,,,,1.0,,,,,,,,,,,No,,,False,True,1539,66,37.74483101,-121.857924,0.019934432410915748,True
pge,ORICK,41.29430712515043,-124.05658700221892,12.0,,,Humboldt,19226.0,0.081,0.081,0.162,,,,1.0,,,,,,,,,,,No,,,False,True,2239,66,41.29428709,-124.0568714,0.023863961979952154,True
pge,REDBUD,39.027411633952696,-122.66266510947312,12.0,,,Humboldt,4319.0,3.356,5.495,8.851,,,,2.0,,,,,,,,,,,No,,,False,True,331,115,39.02753504,-122.6623833,0.027944218192425884,True
pge,CLOVERDALE,38.79708983960812,-123.01056995209038,12.0,,,Sonoma,4282.0,2.935,4.181,7.116,,,,1.0,,,,,,,,,,,No,,,False,True,1338,66,38.70981339,-122.9079796,13.16518592721488,False
pge,DRUM,39.25637292962176,-120.76688167651604,12.0,,,Sierra,15232.0,0.085,0.085,0.17,,,,1.0,,,,,,,,,,,No,,,False,True,8577,66,39.25664803,-120.7667715,0.032026908774855686,True
pge,MARTELL,38.36883661631688,-120.79647096943472,12.0,,,Stockton,16301.0,10.056,10.856,20.912,,,,1.0,,,,,,,,,,,No,,,False,True,29,66,38.36910799,-120.796754,0.03897936955472356,True
pge,CRESSEY,37.42859913669553,-120.6384473846346,21.0,,,Yosemite,25470.0,13.025,25.181,38.206,,,,1.0,,,,,,,,,,,No,,,False,True,608,115,37.42846952,-120.6385277,0.0160630681712973,True
pge,HENRIETTA,36.24184869376041,-119.90482761916222,12.0,,,Fresno,25268.0,5.047,5.314,10.361,,,,2.0,,,,,,,,,,,No,,,False,True,7708,66,36.24192858,-119.9033148,0.13596291792022736,True
pge,WATSONVILLE,36.90322145782284,-121.75635320535145,4.16,,,Central Coast,8333.0,0.283,0.46,0.743,,,,2.0,,,,,,,,,,,No,,,False,True,1909,66,36.90275189,-121.7559092,0.06545922708276242,True
pge,GUERNSEY,36.22643077790519,-119.65578907910825,12.0,,,Fresno,25266.0,12.261,15.921,28.182,,,,2.0,,,,,,,,,,,No,,,False,True,319,66,36.22631337,-119.6552247,0.052280862590973885,True
pge,MAPLE,37.79719717055544,-122.2057538023828,4.16,,,East Bay,1352.0,0.424,0.492,0.916,,,,1.0,,,,,,,,,,,No,,,False,True,1611,115,37.80528987,-122.2312677,2.4155188946651225,False
pge,EDES,37.738958386689234,-122.19406786917396,12.0,,,East Bay,1368.0,0.697,2.244,2.941,,,,2.0,,,,,,,,,,,No,,,False,True,8,115,37.73868954,-122.1937991,0.0381082309637869,True
pge,MESA,35.0078834935596,-120.45376497641756,12.0,,,Los Padres,18282.0,9.419,22.338,31.757,,,,1.0,,,,,,,,,,,No,,,False,True,8618,115,35.00881883,-120.4532025,0.1159366372173769,True
pge,WESTLEY,37.57919043551431,-121.20566160950838,12.0,,,Yosemite,16267.0,1.354,3.169,4.523,,,,2.0,,,,,,,,,,,No,,,False,True,1965,66,37.57957789,-121.2059602,0.05048267166389206,True
pge,ANTELOPE,35.657909182784095,-119.99680487400924,12.0,,,Kern,25202.0,3.0,3.0,6.0,,,,1.0,,,,,,,,,,,No,,,False,True,224,66,35.6579012,-119.9964345,0.033474031611603734,True
pge,SF A (POTRERO),37.75597723579284,-122.38631343999468,12.0,,,San Francisco,2203.0,0.692,1.352,2.044,,,,3.0,,,,,,,,,,,No,,,False,True,1503,230,37.75610406,-122.3864726,0.019865977726164833,True
pge,GUALALA,38.78608834746834,-123.52264215716971,12.0,,,Humboldt,4284.0,1.11,1.226,2.336,,,,2.0,,,,,,,,,,,No,,,False,True,594,66,38.78617978,-123.5220977,0.048273732430133394,True
pge,PANAMA,35.29554130507497,-119.02181642397912,21.0,,,Kern,25342.0,29.778,31.151,60.929,,,,1.0,,,,,,,,,,,No,,,False,True,259,66,35.29555607,-119.0216521,0.015003379295880479,True
pge,JESSUP,40.46170457696071,-122.32775472405966,12.0,,,North Valley,10344.0,13.828,23.673,37.501,,,,1.0,,,,,,,,,,,No,,,False,True,1278,66,40.44973412,-122.3050459,2.3373868442143304,False
pge,KONOCTI,38.932601383485405,-122.74098053352844,12.0,,,Humboldt,4331.0,9.29,22.626,31.916,,,,3.0,,,,,,,,,,,No,,,False,True,329,66,38.93233036,-122.7410063,0.030218736343420503,True
pge,RED BLUFF,40.1824640348198,-122.244707344526,12.0,,,North Valley,10354.0,4.065,19.325,23.39,,,,3.0,,,,,,,,,,,No,,,False,True,1401,66,40.18238662,-122.2446177,0.011493298119161532,True
pge,ALPINE,38.46682532572175,-120.0381940068952,12.0,,,Stockton,16356.0,0.055,0.055,0.11,,,,1.0,,,,,,,,,,,Yes,,,False,True,32,115,38.4984199,-120.2184202,16.07600225756715,False
pge,BORONDA,36.690641286171,-121.67942490459326,12.0,,,Central Coast,18246.0,0.282,1.182,1.464,,,,1.0,,,,,,,,,,,No,,,False,True,8337,66,36.6903365,-121.6792844,0.036132104035737266,True
pge,EL NIDO,37.12088972778191,-120.47290782246549,12.0,,,Yosemite,25245.0,5.683,15.743,21.426,,,,2.0,,,,,,,,,,,No,,,False,True,8435,66,37.12067402,-120.4726946,0.030540236347135614,True
pge,TIDEWATER,38.02052295487403,-122.06207554043746,21.0,,,Diablo,1465.0,4.887,5.127,10.014,,,,2.0,,,,,,,,,,,No,,,False,True,8575,230,38.01838518,-122.0612753,0.24783062649054896,True
pge,PRUNEDALE,36.7848917695957,-121.6710561826014,12.0,,,Central Coast,18296.0,2.96,3.109,6.069,,,,2.0,,,,,,,,,,,No,,,False,True,652,115,36.7853813,-121.6711331,0.054862594038024924,True
pge,DAYTON ROAD,39.72016631724905,-121.83969083882324,4.16,,,North Valley,10294.0,0.132,0.309,0.441,,,,1.0,,,,,,,,,,,No,,,False,True,1579,115,39.71972703,-121.8393363,0.057493293311189866,True
pge,ALHAMBRA,37.99408242188111,-122.13034397164172,12.0,,,Diablo,1410.0,11.075,11.669,22.744,,,,2.0,,,,,,,,,,,No,,,False,True,69,115,37.99392322,-122.1301156,0.026718243290614972,True
pge,BRIDGEVILLE,40.47973690196123,-123.78042714948089,12.0,,,Humboldt,19246.0,1.559,1.559,3.118,,,,1.0,,,,,,,,,,,No,,,False,True,164,115,40.47964597,-123.7803098,0.01416852649163437,True
pge,POINT PINOLE,37.995974173346816,-122.34791448274218,12.0,,,East Bay,1426.0,4.519,5.934,10.453,,,,1.0,,,,,,,,,,,No,,,False,True,93,115,37.99592158,-122.3481031,0.017532199648727903,True
pge,GATES,36.13875751303389,-120.1233876281544,12.0,,,Fresno,25393.0,3.209,4.209,7.418,,,,2.0,,,,,,,,,,,No,,,False,True,8268,230,36.14021389,-120.1254164,0.24375282632280942,True
pge,FELLOWS,35.19473434349657,-119.58611007274465,21.0,,,Kern,25424.0,0.038,0.038,0.076,,,,2.0,,,,,,,,,,,Yes,,,False,True,242,115,35.19517779,-119.5852944,0.08902212275789605,True
pge,PITTSBURG,38.03070653596985,-121.8692592247712,4.16,,,Diablo,1216.0,0.0,0.0,0.0,,,,1.0,,,,,,,,,,,Yes,,,False,True,1590,66,38.03040028,-121.8694191,0.03682068663673028,True
pge,GIFFEN,36.54577475933991,-120.33539282422548,12.0,,,Fresno,25315.0,1.194,2.425,3.619,,,,1.0,,,,,,,,,,,No,,,False,True,116,66,36.63241754,-120.3423122,9.65402404240416,False
pge,BAKERSFIELD,35.38858633344532,-119.00445108128255,12.0,,,Kern,25337.0,2.971,3.185,6.156,,,,6.0,,,,,,,,,,,No,,,False,True,228,66,35.38723247,-119.004436,0.15054895416933806,True
pge,GRAND ISLAND,38.23143431844358,-121.59064447220264,21.0,,,Sacramento,6246.0,7.48,9.456,16.936,,,,3.0,,,,,,,,,,,No,,,False,True,975,66,38.27720009,-121.5158684,8.278218657885219,False
pge,CLARKSVILLE,38.6556481194856,-121.05997890956418,21.0,,,Sierra,15361.0,17.154,19.282,36.436,,,,3.0,,,,,,,,,,,No,,,False,True,2304,66,38.64677997,-121.0705589,1.3477734909852495,True
pge,CHANNEL,37.95540129864133,-121.33245614324008,12.0,,,Stockton,16307.0,1.867,2.104,3.971,,,,1.0,,,,,,,,,,,No,,,False,True,1140,66,37.955259,-121.332594,0.01991113399723254,True
pge,SAN RAMON,37.74487564264759,-121.93673033346126,21.0,,,Mission,1423.0,19.726,26.251,45.977,,,,4.0,,,,,,,,,,,No,,,False,True,7789,66,37.74468834,-121.935896,0.07625946545790716,True
pge,TAR FLAT,37.98475497824085,-120.37980694800358,4.16,,,Yosemite,16324.0,0.587,0.651,1.238,,,,1.0,,,,,,,,,,,No,,,False,True,1511,115,37.96718047,-120.3864075,2.0380384575761363,False
pge,WILSON,37.2934446066299,-120.40695900507797,12.0,,,Yosemite,25430.0,1.601,1.892,3.493,,,,1.0,,,,,,,,,,,No,,,False,True,619,115,37.29339509,-120.4071739,0.019791007457720174,True
pge,SAN JOAQUIN,36.62114126800271,-120.17810289515532,12.0,,,Fresno,25236.0,3.741,3.754,7.495,,,,2.0,,,,,,,,,,,No,,,False,True,144,66,36.62093615,-120.1783513,0.031806712376949944,True
pge,SAN MIGUEL,35.75222542522153,-120.68382054645429,12.0,,,Los Padres,18266.0,1.807,1.933,3.74,,,,1.0,,,,,,,,,,,No,,,False,True,2242,66,35.75233608,-120.6839668,0.01804386063813228,True
pge,WRIGHT,37.01392488612878,-120.94478091254076,12.0,,,Yosemite,25464.0,4.052,12.162,16.214,,,,1.0,,,,,,,,,,,No,,,False,True,1640,230,37.01341111,-120.9452333,0.06983637935609842,True
pge,CAYETANO,37.73836825979488,-121.77069648385788,21.0,,,Mission,1442.0,6.215,6.307,12.522,,,,1.0,,,,,,,,,,,No,,,False,True,1551,66,37.738605,-121.7711633,0.04876478085797672,True
pge,PIERCY,37.27020479293485,-121.78738454597324,21.0,,,San Jose,8391.0,19.29,20.339,39.629,,,,1.0,,,,,,,,,,,No,,,False,True,1813,115,37.26909516,-121.7872462,0.12399137546056616,True
pge,COALINGA NO 2,36.237727890424445,-120.31459024852086,12.0,,,Fresno,25238.0,0.141,10.861,11.002,,,,1.0,,,,,,,,,,,No,,,False,True,1655,66,36.23719531,-120.3147162,0.06028798515430973,True
pge,SANTA TERESA,37.238496970450434,-121.79054338190755,21.0,,,San Jose,8296.0,4.411,5.189,9.6,,,,,,,,,,,,,,,No,,,False,True,1244,115,37.2445636,-121.7950654,0.7844056325205013,True
pge,PLUMAS,39.0262294520019,-121.54346448414113,21.0,,,Sacramento,15373.0,15.83,17.82,33.65,,,,2.0,,,,,,,,,,,No,,,False,True,1495,66,39.02624606,-121.543052,0.03567929101857296,True
pge,IGNACIO,38.075692626064345,-122.53961816606646,12.0,,,Sonoma,4248.0,9.418,12.139,21.557,,,,2.0,,,,,,,,,,,No,,,False,True,8511,230,38.07693736,-122.5405147,0.1591072793905285,True
pge,JANES CREEK,40.90518967567011,-124.07217770855576,12.0,,,Humboldt,19239.0,5.726,7.439,13.165,,,,2.0,,,,,,,,,,,No,,,False,True,171,66,40.90513782,-124.072347,0.015351382507049541,True
pge,VICTOR,38.14519826927607,-121.1770973185347,12.0,,,Stockton,16328.0,4.804,8.106,12.91,,,,2.0,,,,,,,,,,,No,,,False,True,1169,66,38.14550601,-121.177581,0.05440609335793737,True
pge,COARSEGOLD,37.22741691128599,-119.690552055026,21.0,,,Yosemite,25443.0,3.922,4.566,8.488,,,,2.0,,,,,,,,,,,No,,,False,True,569,115,37.22747611,-119.6907452,0.01832382688763263,True
pge,ARANA,36.98438410414178,-121.99012545589314,4.16,,,Central Coast,8301.0,1.491,1.588,3.079,,,,2.0,,,,,,,,,,,No,,,False,True,2174,66,36.98428761,-121.9903777,0.024841649750249727,True
pge,BONITA,36.96781971171099,-120.2031525152736,12.0,,,Yosemite,25539.0,3.111,4.614,7.725,,,,1.0,,,,,,,,,,,No,,,False,True,1967,66,36.96772403,-120.2026749,0.043745726350292675,True
pge,NARROWS,39.235347065419134,-121.26906719226427,21.0,,,Sierra,15313.0,8.372,9.209,17.581,,,,2.0,,,,,,,,,,,No,,,False,True,664,66,39.20900553,-121.3032691,4.1544746824386385,False
pge,UKIAH,39.14297181783122,-123.19174687279155,12.0,,,Humboldt,4277.0,5.757,6.269,12.026,,,,2.0,,,,,,,,,,,No,,,False,True,600,115,39.14314957,-123.1918149,0.020617426258082907,True
pge,ARLINGTON,37.88897961680794,-122.27297827230667,4.16,,,East Bay,1370.0,1.297,1.402,2.699,,,,1.0,,,,,,,,,,,No,,,False,True,2133,66,37.88892428,-122.272939,0.007052579892026525,True
pge,WELLFIELD,35.22496336365365,-118.77833722283752,12.0,,,Kern,25429.0,0.0,0.0,0.0,,,,2.0,,,,,,,,,,,No,,,False,True,279,66,35.22432026,-118.7789744,0.09199731895068664,True
pge,JACOBS CORNER,36.22220579820744,-119.77959785166227,12.0,,,Fresno,25477.0,4.393,6.517,10.91,,,,2.0,,,,,,,,,,,Yes,,,False,True,322,66,36.2224111,-119.7799139,0.036399378450800074,True
pge,SAND CREEK,36.64397666926381,-119.15978031526912,12.0,,,Fresno,25460.0,2.187,2.289,4.476,,,,1.0,,,,,,,,,,,No,,,False,True,1414,66,36.54483612,-119.2514194,13.728000895740767,False
pge,WEST LANE,37.99058390947568,-121.2838089984723,12.0,,,Stockton,16362.0,8.377,8.944,17.321,,,,1.0,,,,,,,,,,,No,,,False,True,1171,66,37.99020651,-121.2836808,0.04344271177037061,True
pge,FRENCH GULCH,40.6868686177047,-122.6404649477137,12.0,,,North Valley,10338.0,0.021,0.021,0.042,,,,1.0,,,,,,,,,,,Yes,,,False,True,1282,66,40.68689945,-122.641138,0.05685340806711472,True
pge,CANTUA,36.429254389544624,-120.3414752851558,12.0,,,Fresno,25359.0,2.059,2.309,4.368,,,,1.0,,,,,,,,,,,Yes,,,False,True,121,115,36.42931356,-120.3416558,0.017438806545315697,True
pge,HERDLYN,37.81698475446724,-121.58716994811228,12.0,,,Diablo,16374.0,0.193,1.523,1.716,,,,1.0,,,,,,,,,,,No,,,False,True,70,66,37.81698936,-121.5871457,0.0021906776713111913,True
pge,SWIFT,37.322704670725145,-121.79709909967092,21.0,,,San Jose,8339.0,3.852,4.364,8.216,,,,3.0,,,,,,,,,,,No,,,False,True,1261,115,37.32256802,-121.79696,0.01954928709217224,True
pge,MCKITTRICK,35.29701832939979,-119.6266169615922,12.0,,,Kern,25278.0,0.074,0.074,0.148,,,,1.0,,,,,,,,,,,Yes,,,False,True,1676,66,35.29631924,-119.6270095,0.08550943333114668,True
pge,CARRIZO PLAINS,35.381017002802906,-120.04015761995842,12.0,,,Los Padres,25346.0,0.331,0.331,0.662,,,,1.0,,,,,,,,,,,No,,,False,True,1176,115,35.38068154,-120.0401942,0.037448891680325065,True
pge,GANSO,35.50133512445359,-119.44912437034876,12.0,,,Kern,25454.0,8.293,13.627,21.92,,,,1.0,,,,,,,,,,,No,,,False,True,245,115,35.50111517,-119.4489669,0.028308764737324306,True
pge,CORCORAN,36.1097291421788,-119.55733517121652,12.0,,,Fresno,25217.0,9.969,12.912,22.881,,,,2.0,,,,,,,,,,,No,,,False,True,318,115,36.10940095,-119.5571927,0.03867256798514959,True
pge,CALIFORNIA AVE,36.71976722854816,-119.76422834299458,12.0,,,Fresno,25228.0,8.867,11.76,20.627,,,,3.0,,,,,,,,,,,Yes,,,False,True,1650,66,36.71951798,-119.764185,0.02798312143152654,True
pge,VIERRA,37.79819570487165,-121.2743535358029,17.0,,,Stockton,16270.0,8.389,10.487,18.876,,,,2.0,,,,,,,,,,,No,,,False,True,1792,66,37.79785502,-121.274217,0.039736570570501846,True
pge,BUCKS CREEK,39.91160243296182,-121.32682793665592,12.0,,,North Valley,10221.0,0.003,0.003,0.006,,,,1.0,,,,,,,,,,,No,,,False,True,2220,230,39.91096984,-121.3275804,0.09521931409317869,True
pge,SAN MATEO,37.58173090782904,-122.31998566182828,21.0,,,Peninsula,2419.0,3.597,3.737,7.334,,,,2.0,,,,,,,,,,,No,,,False,True,8648,115,37.58302613,-122.3187099,0.1827033215482733,True
pge,DEL MONTE,36.59919530577832,-121.85414882424809,21.0,,,Central Coast,18222.0,3.439,3.583,7.022,,,,3.0,,,,,,,,,,,No,,,False,True,8745,115,36.59819644,-121.8530802,0.14641326423168224,True
pge,CAL WATER,35.42222837471225,-118.90059842079376,12.0,,,Kern,25545.0,12.833,13.344,26.177,,,,1.0,,,,,,,,,,,No,,,False,True,2201,66,35.42202686,-118.9007632,0.026926418648744392,True
pge,FRUITLAND,40.286587508255074,-123.83681278567364,12.0,,,Humboldt,19231.0,0.399,0.424,0.823,,,,1.0,,,,,,,,,,,No,,,False,True,167,66,40.28584174,-123.8373077,0.0929459941610427,True
pge,SONOMA,38.27657572900672,-122.46207109995244,12.0,,,Sonoma,4272.0,18.371,22.001,40.372,,,,2.0,,,,,,,,,,,No,,,False,True,7679,230,38.25097444,-122.5815961,10.816656880458199,False
pge,PEASE,39.17017321175534,-121.66111558856706,12.0,,,Sacramento,15375.0,9.598,15.208,24.806,,,,3.0,,,,,,,,,,,No,,,False,True,1393,66,39.17023248,-121.6613095,0.017968608336783397,True
pge,WOODLAND,38.67836096439384,-121.75921270604204,12.0,,,Sacramento,6203.0,0.0,0.0,0.0,,,,3.0,,,,,,,,,,,Yes,,,False,True,1885,115,38.67863771,-121.7600408,0.07819334233205505,True
pge,LOCKEFORD,38.11719384065125,-121.16028330539748,21.0,,,Stockton,16368.0,6.595,34.359,40.954,,,,1.0,,,,,,,,,,,No,,,False,True,8675,115,38.11769914,-121.1605893,0.06223771414769292,True
pge,HAMMER,38.02161846146168,-121.3204489914979,12.0,,,Stockton,16330.0,4.33,5.074,9.404,,,,3.0,,,,,,,,,,,No,,,False,True,1147,66,38.02160701,-121.320379,0.006261876282747938,True
pge,SAN PABLO,37.98592857019798,-122.33656746665152,12.0,,,East Bay,1437.0,1.655,2.248,3.903,,,,1.0,,,,,,,,,,,No,,,False,True,8524,66,37.98526516,-122.3368032,0.07660624959701116,True
pge,WILLOWS A,39.53184406918284,-122.18627003440444,12.0,,,North Valley,10274.0,2.695,3.233,5.928,,,,1.0,,,,,,,,,,,No,,,False,True,157,66,39.531676,-122.1861239,0.022501701970461984,True
pge,HILLSDALE,37.53650756155396,-122.32255097270397,4.16,,,Peninsula,2411.0,1.559,1.682,3.241,,,,1.0,,,,,,,,,,,No,,,False,True,8588,115,37.55156531,-122.2928937,3.1048726217415865,False
pge,KERN POWER,35.378644853294965,-119.09838282217432,21.0,,,Kern,25526.0,2.167,2.229,4.396,,,,2.0,,,,,,,,,,,No,,,False,True,8356,115,35.38003617,-119.0973611,0.1803186216616128,True
pge,ZACA,34.69665857732155,-120.15172324390338,12.0,,,Los Padres,18268.0,3.855,4.106,7.961,,,,1.0,,,,,,,,,,,No,,,False,True,1219,115,34.69670375,-120.1514768,0.023083499836276878,True
pge,CHEROKEE,38.00576000998228,-121.23810008766183,12.0,,,Stockton,16365.0,3.054,3.103,6.157,,,,1.0,,,,,,,,,,,No,,,False,True,1141,66,38.00551199,-121.238009,0.028710092762028083,True
pge,CLEAR LAKE,39.007758745598494,-122.89345093801266,12.0,,,Humboldt,4214.0,2.855,3.32,6.175,,,,2.0,,,,,,,,,,,No,,,False,True,327,66,39.00776751,-122.8940008,0.0475209324327232,True
pge,DEVILS DEN,35.77577482106427,-119.97369007248874,12.0,,,Fresno,25345.0,0.432,0.432,0.864,,,,1.0,,,,,,,,,,,No,,,False,True,237,66,35.77500833,-119.9737889,0.08569496735505475,True
pge,TUPMAN,35.35313544613848,-119.27093751559444,12.0,,,Kern,25456.0,7.216,17.39,24.606,,,,2.0,,,,,,,,,,,No,,,False,True,275,115,35.35416109,-119.2706556,0.11687707165729602,True
pge,GEYSERVILLE,38.70995941018712,-122.9076911568436,12.0,,,Sonoma,4289.0,5.177,5.402,10.579,,,,2.0,,,,,,,,,,,No,,,False,True,1338,66,38.70981339,-122.9079796,0.029833064335761827,True
pge,COVELO,39.78636157593041,-123.24873746443508,12.0,,,Humboldt,4306.0,0.926,1.098,2.024,,,,1.0,,,,,,,,,,,No,,,False,True,591,66,39.78611628,-123.248547,0.0317619374674825,True
pge,MARIPOSA,37.504521775185246,-120.00756996777992,21.0,,,Yosemite,25445.0,5.816,6.541,12.357,,,,2.0,,,,,,,,,,,No,,,False,True,2303,66,37.59365534,-119.9858686,10.094161522253053,False
pge,WINTERS,38.51671294425671,-121.95185421086413,12.0,,,North Bay,6332.0,2.221,9.277,11.498,,,,1.0,,,,,,,,,,,No,,,False,True,1334,66,38.51760057,-121.9511518,0.11608661403284959,True
pge,PARADISE,39.76034094880524,-121.6190062372056,12.0,,,North Valley,10283.0,7.196,7.727,14.923,,,,2.0,,,,,,,,,,,No,,,False,True,50,66,39.76066295,-121.6187304,0.04287093530405147,True
pge,AUBERRY,37.0682317832377,-119.49617440265196,12.0,,,Fresno,25415.0,10.824,11.679,22.503,,,,2.0,,,,,,,,,,,No,,,False,True,1645,115,37.07187751,-119.558037,5.503544191140773,False
pge,TRES PINOS,36.78439384314798,-121.3195803556968,12.0,,,Central Coast,18322.0,1.079,1.275,2.354,,,,1.0,,,,,,,,,,,No,,,False,True,987,66,36.85686674,-121.5119869,18.927922428363594,False
pge,WEST POINT,38.42091643492973,-120.5488378291623,12.0,,,Stockton,16320.0,3.673,4.142,7.815,,,,2.0,,,,,,,,,,,No,,,False,True,1958,66,38.42101505,-120.5497737,0.08226478648797901,True
pge,OLEMA,38.042251130418286,-122.7863974329975,12.0,,,Sonoma,4229.0,3.332,3.841,7.173,,,,1.0,,,,,,,,,,,No,,,False,True,583,66,38.04217885,-122.7864522,0.00935944263158024,True
pge,BARRY,39.069242120060025,-121.68996821514853,12.0,,,Sacramento,15211.0,0.653,10.752,11.405,,,,1.0,,,,,,,,,,,No,,,False,True,1387,66,39.06921639,-121.6898478,0.010781974331851189,True
pge,ALTO,37.898563217546894,-122.5246426549278,12.0,,,Sonoma,4203.0,19.51,20.858,40.368,,,,2.0,,,,,,,,,,,No,,,False,True,7685,115,37.89861964,-122.52465,0.006306905977480851,True
pge,ELECTRA,38.33116093177938,-120.67246808322844,12.0,,,Stockton,16216.0,1.444,1.811,3.255,,,,1.0,,,,,,,,,,,No,,,False,True,7778,230,38.33152352,-120.6697894,0.23710239074481496,True
pge,PEACHTON,39.37878705432235,-121.68516794919552,12.0,,,North Valley,10324.0,2.339,9.519,11.858,,,,2.0,,,,,,,,,,,No,,,False,True,51,66,39.37824172,-121.6850945,0.06096614374672899,True
pge,SANTA RITA,37.05503123485525,-120.63408256251265,12.0,,,Yosemite,25354.0,6.092,7.1,13.192,,,,1.0,,,,,,,,,,,No,,,False,True,618,66,37.0546472,-120.6339944,0.0434134877115146,True
pge,STUART,37.857984085569285,-122.26844071173984,4.16,,,East Bay,1384.0,3.39,4.492,7.882,,,,2.0,,,,,,,,,,,No,,,False,True,2137,66,37.85804465,-122.2686875,0.022688584716165017,True
pge,PEORIA,37.90339247520717,-120.49708389009176,17.0,,,Yosemite,16378.0,2.763,3.098,5.861,,,,2.0,,,,,,,,,,,No,,,False,True,1451,115,37.90373843,-120.4978113,0.07451840164392846,True
pge,PEABODY,38.28556962442518,-121.97162432823951,21.0,,,North Bay,6364.0,4.563,4.65,9.213,,,,3.0,,,,,,,,,,,No,,,False,True,7893,66,38.2854921,-121.9706995,0.08117851153420677,True
pge,STOREY,36.98320145592562,-120.03348454940144,12.0,,,Yosemite,25461.0,30.261,34.013,64.274,,,,2.0,,,,,,,,,,,No,,,False,True,573,66,36.92350064,-120.055387,6.917839690312364,False
pge,LAKEVIEW,35.09364619774964,-119.10121328188974,12.0,,,Kern,25341.0,2.56,4.348,6.908,,,,2.0,,,,,,,,,,,No,,,False,True,249,66,35.09414443,-119.1011222,0.05601722211397226,True
pge,PIKE CITY,39.43821522456168,-120.9959439071993,12.0,,,Sierra,15220.0,0.162,0.169,0.331,,,,1.0,,,,,,,,,,,No,,,False,True,1297,66,39.46548156,-120.8448009,13.326625531438362,False
pge,BANCROFT,37.74028783112764,-122.1548323818996,4.16,,,East Bay,1303.0,0.937,1.101,2.038,,,,2.0,,,,,,,,,,,No,,,False,True,2153,66,37.73986963,-122.1554072,0.06868213297997564,True
pge,BOWLES,36.60577292106775,-119.77351527184116,12.0,,,Fresno,25353.0,1.033,1.184,2.217,,,,1.0,,,,,,,,,,,No,,,False,True,139,66,36.60561902,-119.773307,0.025268097058336082,True
pge,ELK HILLS,35.226241139395945,-119.37663775129045,12.0,,,Kern,25244.0,5.348,5.977,11.325,,,,1.0,,,,,,,,,,,No,,,False,True,241,66,35.22606664,-119.3766031,0.01965707079726617,True
pge,OLETA,38.4807522569046,-120.84479287419188,12.0,,,Stockton,16354.0,5.283,5.427,10.71,,,,2.0,,,,,,,,,,,No,,,False,True,31,66,38.48076425,-120.8449436,0.013187573756014736,True
pge,POSO MOUNTAIN,35.559202917522015,-118.95782903329666,21.0,,,Kern,25364.0,0.005,0.005,0.01,,,,2.0,,,,,,,,,,,Yes,,,False,True,1664,115,35.55923489,-118.9576432,0.017182071465806574,True
pge,SEMITROPIC,35.600617453739545,-119.4375052688722,12.0,,,Kern,25290.0,2.502,3.282,5.784,,,,1.0,,,,,,,,,,,No,,,False,True,266,115,35.60074571,-119.4375241,0.014362713235453775,True
pge,LAS GALLINAS A,38.02256741456931,-122.53813147487423,12.0,,,Sonoma,4299.0,14.532,16.055,30.587,,,,3.0,,,,,,,,,,,No,,,False,True,581,115,38.02243333,-122.5379407,0.022395417023659138,True
pge,HALSEY,38.95682089677347,-121.04286722342916,12.0,,,Sierra,15224.0,7.252,7.551,14.803,,,,1.0,,,,,,,,,,,No,,,False,True,749,66,38.95692848,-121.0422303,0.05635733800413559,True
pge,SAN CARLOS,37.49925681676064,-122.2433672056333,12.0,,,Peninsula,2418.0,2.04,2.289,4.329,,,,3.0,,,,,,,,,,,No,,,False,True,1190,115,37.49770281,-122.2140334,2.593551887155481,False
pge,NEWMAN,37.315811138560335,-121.01443366157086,12.0,,,Yosemite,16274.0,6.614,6.99,13.604,,,,2.0,,,,,,,,,,,No,,,False,True,1383,66,37.31558611,-121.0150139,0.057088659909486875,True
pge,IONE,38.37370944252769,-120.9571666049228,12.0,,,Stockton,16388.0,6.74,6.903,13.643,,,,1.0,,,,,,,,,,,No,,,False,True,27,66,38.37390104,-120.9575497,0.03961293701424081,True
pge,LAKEVILLE,38.25024379525056,-122.58100117848136,12.0,,,Sonoma,4337.0,7.116,7.456,14.572,,,,2.0,,,,,,,,,,,No,,,False,True,7679,230,38.25097444,-122.5815961,0.09643336307338132,True
pge,VOLTA,40.45943689773459,-121.8677559059613,12.0,,,North Valley,10254.0,2.196,5.52,7.716,,,,1.0,,,,,,,,,,,No,,,False,True,1745,66,40.45955127,-121.8664328,0.11266058858124783,True
pge,CARQUINEZ,38.09076019525074,-122.24869737229972,12.0,,,North Bay,4328.0,8.087,8.442,16.529,,,,2.0,,,,,,,,,,,No,,,False,True,1324,115,38.08549398,-122.2572744,0.9520288166581854,True
pge,CHARCA,35.608124985119254,-119.32533697812512,12.0,,,Kern,25450.0,1.886,11.362,13.248,,,,2.0,,,,,,,,,,,No,,,False,True,234,115,35.60807501,-119.3253139,0.00593572696236682,True
pge,EUREKA A,40.79388382264845,-124.18290357012602,12.0,,,Humboldt,19212.0,0.887,1.073,1.96,,,,1.0,,,,,,,,,,,No,,,False,True,1574,66,40.79375288,-124.1832703,0.03413324629111922,True
pge,HIGHWAY,38.165934399172585,-122.25383771242235,12.0,,,North Bay,4265.0,4.51,6.756,11.266,,,,2.0,,,,,,,,,,,No,,,False,True,659,115,38.16621802,-122.253621,0.03679049679805834,True
pge,SPAULDING,39.32583317195124,-120.643761373542,12.0,,,Sierra,15225.0,0.01,0.01,0.02,,,,1.0,,,,,,,,,,,No,,,False,True,746,66,39.30962787,-120.5483422,8.403920656645688,False
pge,DESCHUTES,40.55543101923755,-122.23990905392132,12.0,,,North Valley,10335.0,3.894,4.17,8.064,,,,2.0,,,,,,,,,,,No,,,False,True,1281,66,40.55535283,-122.2398048,0.01237602566132877,True
pge,SHADY GLEN,39.115253699631616,-120.95381821842112,12.0,,,Sierra,15243.0,3.476,3.711,7.187,,,,1.0,,,,,,,,,,,No,,,False,True,755,66,39.11534451,-120.9529453,0.07598383525071219,True
pge,DIXON LANDING,37.45705888772975,-121.92097272747756,21.0,,,Mission,1472.0,14.52,18.174,32.694,,,,3.0,,,,,,,,,,,No,,,False,True,8654,115,37.45752676,-121.9213194,0.060356885393696935,True
pge,DINUBA,36.520228463825966,-119.3938871560341,12.0,,,Fresno,25409.0,4.648,5.474,10.122,,,,2.0,,,,,,,,,,,No,,,False,True,1413,66,36.52023058,-119.3943083,0.03763476958915767,True
pge,WOODWARD,36.896288880187065,-119.75080744529772,21.0,,,Fresno,25529.0,25.821,27.017,52.838,,,,3.0,,,,,,,,,,,No,,,False,True,114,66,36.90286001,-119.773843,2.1747731919534488,False
pge,CHICO B,39.7253212399454,-121.846804015902,12.0,,,North Valley,10249.0,8.613,8.779,17.392,,,,2.0,,,,,,,,,,,No,,,False,True,44,115,39.72551493,-121.8470758,0.03168779407657496,True
pge,DOLAN ROAD,36.80013119439448,-121.76897719428231,12.0,,,Central Coast,18238.0,2.57,2.933,5.503,,,,2.0,,,,,,,,,,,No,,,False,True,1648,66,36.80022812,-121.7690706,0.013613330577291161,True
pge,TUDOR,38.9816906487069,-121.63537871499491,12.0,,,Sacramento,15371.0,1.178,3.328,4.506,,,,1.0,,,,,,,,,,,No,,,False,True,1532,230,39.02399377,-121.7233826,8.941776045653121,False
pge,FORESTHILL,39.01998695236322,-120.8293416806212,12.0,,,Sierra,15218.0,0.841,0.964,1.805,,,,1.0,,,,,,,,,,,No,,,False,True,748,66,39.01930167,-120.8302452,0.10908306333652475,True
pge,HUMBOLDT BAY PP,40.74070324565622,-124.20905652543362,12.0,,,Humboldt,19234.0,0.446,3.55,3.996,,,,1.0,,,,,,,,,,,No,,,False,True,170,66,40.74032526,-124.2096559,0.06569984675152621,True
pge,WINDSOR,38.56592444445207,-122.83240176689247,12.0,,,Sonoma,4350.0,10.26,2.3,12.56,,,,1.0,,,,,,,,,,,No,,,False,True,1763,66,38.60655701,-122.852858,4.855395434679177,False
pge,BEAR VALLEY,37.58580609306456,-120.12582981367848,21.0,,,Yosemite,25219.0,3.448,3.716,7.164,,,,1.0,,,,,,,,,,,No,,,False,True,588,66,37.5864556,-120.1255417,0.07655394322561548,True
pge,MENDOTA,36.72025412492721,-120.45868266031763,12.0,,,Yosemite,25231.0,7.687,10.363,18.05,,,,1.0,,,,,,,,,,,No,,,False,True,137,66,36.72059631,-120.4589551,0.04513737958074457,True
pge,BLACKWELL,35.61426839081551,-119.8538757564631,12.0,,,Kern,25468.0,13.229,13.229,26.458,,,,1.0,,,,,,,,,,,Yes,,,False,True,229,66,35.61462223,-119.8537112,0.04206320638716632,True
pge,FRANKLIN,38.012370285670094,-122.26448472267798,12.0,,,East Bay,1392.0,4.362,6.146,10.508,,,,2.0,,,,,,,,,,,No,,,False,True,88,66,38.012107,-122.26433,0.03226179195277733,True
pge,MANCHESTER,36.78815334896068,-119.78793761047945,12.0,,,Fresno,25392.0,14.058,15.455,29.513,,,,3.0,,,,,,,,,,,No,,,False,True,2188,66,36.72636077,-119.7927116,6.884171235793621,False
pge,BRUNSWICK,39.231239532701935,-121.03491018822432,12.0,,,Sierra,15248.0,4.71,5.103,9.813,,,,3.0,,,,,,,,,,,No,,,False,True,662,115,39.23105002,-121.0350261,0.023318208271562585,True
pge,GARBERVILLE,40.10337464980182,-123.7925248171206,12.0,,,Humboldt,19222.0,0.038,0.038,0.076,,,,1.0,,,,,,,,,,,No,,,False,True,168,66,40.10300786,-123.7928774,0.05062301528947331,True
pge,EL PECO,36.88099449637093,-120.16446451789515,12.0,,,Yosemite,25398.0,3.075,3.15,6.225,,,,2.0,,,,,,,,,,,No,,,False,True,571,66,36.88073634,-120.1644258,0.0289115030353432,True
pge,TRIMBLE,37.38283159012757,-121.92643970315228,21.0,,,San Jose,8380.0,1.502,1.502,3.004,,,,4.0,,,,,,,,,,,No,,,False,True,1262,115,37.38206205,-121.9272426,0.1111511909432655,True
pge,ROSSMOOR,37.86479574223729,-122.0809458485731,12.0,,,Diablo,1416.0,17.624,21.134,38.758,,,,2.0,,,,,,,,,,,No,,,False,True,2146,66,37.89510414,-122.0737283,3.429155894103593,False
pge,KIRKER,38.02096833726849,-121.90608941215515,21.0,,,Diablo,1445.0,20.693,25.522,46.215,,,,3.0,,,,,,,,,,,No,,,False,True,8147,66,38.02083705,-121.9059675,0.018087611890711147,True
pge,COLUMBIA HILL,39.3315648176399,-121.10125373763962,12.0,,,Sierra,15247.0,1.983,7.114,9.097,,,,1.0,,,,,,,,,,,No,,,False,True,663,66,39.33184021,-121.1013503,0.031728483163991,True
pge,BANGOR,39.38796688540241,-121.40298390629762,12.0,,,North Valley,10319.0,4.56,12.05,16.61,,,,1.0,,,,,,,,,,,No,,,False,True,41,66,39.38767374,-121.4031757,0.036526602136581814,True
pge,PINECREST,38.187947321566135,-119.99379985135106,4.16,,,Yosemite,16316.0,0.0,0.0,0.0,,,,1.0,,,,,,,,,,,No,,,False,True,1887,115,38.24645008,-120.0338424,7.386157295923247,False
pge,PUTAH CREEK,38.52334998723117,-121.9952137072624,12.0,,,Sacramento,6368.0,17.089,25.006,42.095,,,,2.0,,,,,,,,,,,No,,,False,True,1487,115,38.52282675,-121.9950809,0.05931735816429125,True
pge,MONARCH,37.969157660213625,-121.28024699494452,4.16,,,Stockton,16230.0,0.573,0.579,1.152,,,,1.0,,,,,,,,,,,No,,,False,True,1157,66,37.96937502,-121.280239,0.024179464328130944,True
pge,LONE TREE,37.94630532263428,-121.75910439326935,21.0,,,Diablo,1323.0,20.227,20.835,41.062,,,,2.0,,,,,,,,,,,No,,,False,True,1603,230,37.94623587,-121.7597976,0.06127381565636502,True
pge,BIG LAGOON,41.162116737480105,-124.1022126767118,12.0,,,Humboldt,19236.0,0.116,0.127,0.243,,,,1.0,,,,,,,,,,,No,,,False,True,161,66,41.16271474,-124.1020064,0.06870042269776983,True
pge,COLUSA,39.213661583558526,-122.00306856656788,12.0,,,Sacramento,6202.0,10.781,24.762,35.543,,,,2.0,,,,,,,,,,,No,,,False,True,63,66,39.21353467,-122.0025503,0.04682739167971024,True
pge,HATTON,36.55698934837941,-121.89760148903191,12.0,,,Central Coast,18229.0,2.443,2.702,5.145,,,,1.0,,,,,,,,,,,No,,,False,True,639,66,36.55686072,-121.8979239,0.03215374520460206,True
pge,CASTRO,37.74941830614643,-122.43417816629568,4.16,,,San Francisco,2248.0,1.05,0.08,1.13,,,,2.0,,,,,,,,,,,No,,,False,True,2324,115,37.74620312,-122.420327,1.2692316470824418,True
pge,HAMILTON BRANCH,40.26931804937077,-121.08804585596388,12.0,,,North Valley,10236.0,0.64,0.747,1.387,,,,1.0,,,,,,,,,,,No,,,False,True,339,66,40.26934857,-121.0881239,0.007440560398155178,True
pge,LOS COCHES,36.36678536359205,-121.27993696622347,12.0,,,Central Coast,18215.0,0.04,0.04,0.08,,,,1.0,,,,,,,,,,,No,,,False,True,644,66,36.36646576,-121.2800808,0.03779987597491172,True
pge,PLACER,38.90151853238145,-121.08791088443655,12.0,,,Sierra,15246.0,4.504,4.933,9.437,,,,2.0,,,,,,,,,,,No,,,False,True,8868,115,38.90129874,-121.0878804,0.02458175336236161,True
pge,CHICO A,39.71896295197578,-121.82083893681968,12.0,,,North Valley,10205.0,2.937,3.339,6.276,,,,3.0,,,,,,,,,,,No,,,False,True,43,115,39.71884016,-121.8209206,0.015336646063671997,True
pge,JARVIS,37.59533398503197,-122.01754403270029,12.0,,,Mission,1350.0,20.124,21.391,41.515,,,,3.0,,,,,,,,,,,No,,,False,True,13,115,37.59531056,-122.0174915,0.005310960142436055,True
pge,SALINAS,36.68286418701568,-121.651172576963,12.0,,,Central Coast,18201.0,7.54,13.689,21.229,,,,2.0,,,,,,,,,,,No,,,False,True,7696,115,36.68232165,-121.6513961,0.06353494519703985,True
pge,MC FARLAND,35.68826942087962,-119.276810556332,12.0,,,Kern,25318.0,7.622,17.264,24.886,,,,2.0,,,,,,,,,,,No,,,False,True,252,66,35.68838406,-119.2768598,0.01350081981582194,True
pge,BAHIA,38.08114613944989,-122.13740639333582,12.0,,,North Bay,4325.0,12.981,13.793,26.774,,,,2.0,,,,,,,,,,,No,,,False,True,1326,230,38.08087076,-122.1373891,0.030658184622114077,True
pge,TAFT,35.13623071502375,-119.48227773692136,12.0,,,Kern,25208.0,2.363,7.876,10.239,,,,2.0,,,,,,,,,,,No,,,False,True,8239,115,35.1359516,-119.4820609,0.036770042397778105,True
pge,KANAKA,39.57508683288682,-121.30575066528326,12.0,,,North Valley,10322.0,0.14,0.02,0.16,,,,1.0,,,,,,,,,,,No,,,False,True,1489,66,39.48525926,-121.2203187,12.387558025569257,False
pge,PUEBLO,38.34543841547816,-122.299196392614,12.0,,,North Bay,4329.0,32.687,36.005,68.692,,,,3.0,,,,,,,,,,,No,,,False,True,660,115,38.34521981,-122.2994534,0.03306393957182815,True
pge,LAWRENCE,37.39719513054225,-122.0100946003828,12.0,,,De Anza,8342.0,5.166,5.424,10.59,,,,3.0,,,,,,,,,,,No,,,False,True,1228,115,37.38564099,-122.009516,1.285778285506541,True
pge,GANSNER,39.93961216668611,-120.94857323506642,12.0,,,North Valley,10302.0,0.797,1.526,2.323,,,,1.0,,,,,,,,,,,No,,,False,True,768,66,39.9351719,-120.914496,2.947021152254498,False
pge,LAS POSITAS,37.70094251288631,-121.73350621738382,21.0,,,Mission,1440.0,9.566,12.408,21.974,,,,3.0,,,,,,,,,,,No,,,False,True,7961,66,37.70082538,-121.7332444,0.026461759527694025,True
pge,DAIRYLAND,37.055238199109,-120.31690423390413,12.0,,,Yosemite,25242.0,3.762,4.411,8.173,,,,2.0,,,,,,,,,,,No,,,False,True,570,115,37.05491545,-120.3167429,0.038638353033383414,True
pge,ELK,39.129493032948936,-123.71168466277476,12.0,,,Humboldt,4298.0,0.893,0.967,1.86,,,,1.0,,,,,,,,,,,No,,,False,True,592,66,39.12926005,-123.711735,0.02626785232961245,True
pge,EDENVALE,37.24486514436606,-121.79536211168684,21.0,,,San Jose,8295.0,3.656,4.104,7.76,,,,4.0,,,,,,,,,,,No,,,False,True,1244,115,37.2445636,-121.7950654,0.04259205308977093,True
pge,ANTLER,40.894973011426686,-122.38051411817683,12.0,,,North Valley,10327.0,0.437,0.444,0.881,,,,1.0,,,,,,,,,,,No,,,False,True,1279,66,40.89453713,-122.380722,0.051521279097748514,True
pge,BABEL,37.96340949870682,-122.00737229942786,4.16,,,Diablo,1385.0,0.844,0.874,1.718,,,,1.0,,,,,,,,,,,No,,,False,True,2321,66,37.98676821,-122.0402689,3.880816518576383,False
pge,7TH STANDARD,35.43969344317223,-119.13116637687604,12.0,,,Kern,25458.0,11.93,12.698,24.628,,,,2.0,,,,,,,,,,,No,,,False,True,217,66,35.4707658,-119.1183189,3.6457878888030364,False
pge,WEIMAR,39.03618697846676,-120.98785201726103,12.0,,,Sierra,15249.0,4.561,5.067,9.628,,,,1.0,,,,,,,,,,,No,,,False,True,758,66,39.03596259,-120.9879836,0.02741725560617413,True
pge,LIVINGSTON,37.36355711461608,-120.76057836344424,12.0,,,Yosemite,25226.0,3.893,5.117,9.01,,,,2.0,,,,,,,,,,,No,,,False,True,614,66,37.36342702,-120.760391,0.021987599661303186,True
pge,RANDOLPH,37.7145484958375,-122.46933508414892,4.16,,,San Francisco,2259.0,0.263,0.282,0.545,,,,3.0,,,,,,,,,,,No,,,False,True,1127,115,37.69167955,-122.4559379,2.8027800965519134,False
pge,DAVIS,38.54537389882344,-121.7337412213476,12.0,,,Sacramento,6204.0,50.656,55.428,106.084,,,,3.0,,,,,,,,,,,No,,,False,True,7648,66,38.54516943,-121.7342428,0.04919053793547042,True
pge,FORT SEWARD,40.213926195853496,-123.5966650918544,12.0,,,Humboldt,19232.0,0.431,0.439,0.87,,,,1.0,,,,,,,,,,,No,,,False,True,166,66,40.21377701,-123.5963844,0.029038971204827038,True
pge,CASSIDY,36.923692299083626,-119.81261089872176,21.0,,,Yosemite,25427.0,21.65,4.21,25.86,,,,2.0,,,,,,,,,,,No,,,False,True,568,66,36.92353502,-119.812659,0.018003765672565824,True
pge,EAST NICOLAUS,38.90941478613143,-121.54229853496466,12.0,,,Sacramento,15215.0,4.383,6.322,10.705,,,,1.0,,,,,,,,,,,No,,,False,True,8562,115,38.90971428,-121.5424499,0.03578497314522169,True
pge,PALMER,34.82519468144487,-120.29920094235554,12.0,,,Los Padres,18303.0,1.334,6.445,7.779,,,,1.0,,,,,,,,,,,No,,,False,True,1216,115,34.82531944,-120.2987944,0.03961726498858656,True
pge,SHINGLE SPRINGS,38.6594107880625,-120.94678677552162,12.0,,,Sierra,15365.0,4.752,19.237,23.989,,,,3.0,,,,,,,,,,,No,,,False,True,104,66,38.65929769,-120.9472381,0.04115658674021972,True
pge,WHITNEY,38.02255800796905,-121.88567049158526,4.16,,,Diablo,1324.0,0.09,0.09,0.18,,,,1.0,,,,,,,,,,,No,,,False,True,1589,66,38.03021814,-121.8740447,1.3275840489697965,True
pge,SF N,37.76138387988553,-122.4664254717227,12.0,,,San Francisco,2228.0,2.43,0.21,2.64,,,,5.0,,,,,,,,,,,Yes,,,False,True,2324,115,37.74620312,-122.420327,4.390286568957326,False
pge,MIDDLETOWN,38.75298395846147,-122.60794041011712,12.0,,,Humboldt,4314.0,6.434,12.124,18.558,,,,2.0,,,,,,,,,,,No,,,False,True,1913,230,38.7658666,-122.7119276,9.129577416151673,False
pge,MOSHER,38.02182537980966,-121.28076435779292,21.0,,,Stockton,16372.0,12.152,12.656,24.808,,,,3.0,,,,,,,,,,,No,,,False,True,1159,66,38.02187,-121.280979,0.019445566398827212,True
pge,WOOD,37.8264060148404,-122.21614490767148,4.16,,,East Bay,1338.0,2.339,2.423,4.762,,,,1.0,,,,,,,,,,,No,,,False,True,2142,66,37.83632031,-122.2200046,1.1533565107477588,True
pge,MORGAN HILL,37.12649792772826,-121.6591293431273,21.0,,,San Jose,8324.0,13.73,16.475,30.205,,,,3.0,,,,,,,,,,,No,,,False,True,1255,115,37.12670056,-121.658903,0.030171996692275816,True
pge,SOTO,37.66853088274776,-122.08545486907524,4.16,,,Mission,1326.0,0.12,0.0,0.12,,,,2.0,,,,,,,,,,,No,,,False,True,2158,66,37.66851129,-122.0849976,0.04030655124254665,True
pge,ROSEDALE,35.377501694340864,-119.07758922783194,12.0,,,Kern,25476.0,9.974,16.289,26.263,,,,1.0,,,,,,,,,,,No,,,False,True,263,115,35.37716309,-119.077933,0.048877641496097725,True
pge,MALAGA,36.6933448884706,-119.7259384506958,12.0,,,Fresno,25425.0,11.038,21.585,32.623,,,,3.0,,,,,,,,,,,No,,,False,True,135,115,36.69325502,-119.726534,0.05403197106151327,True
pge,MIDDLE RIVER,37.93681260482009,-121.52887983580312,12.0,,,Stockton,16209.0,1.596,4.596,6.192,,,,1.0,,,,,,,,,,,No,,,False,True,72,66,37.88699377,-121.5769277,6.960933532054496,False
pge,LOS GATOS,37.22645888521239,-121.97717996165842,12.0,,,De Anza,8202.0,13.075,15.183,28.258,,,,2.0,,,,,,,,,,,No,,,False,True,1814,66,37.22643981,-121.9773522,0.015396618638860245,True
pge,FAIRWAY,34.91060882113302,-120.44608849948852,12.0,,,Los Padres,18206.0,13.93,23.206,37.136,,,,2.0,,,,,,,,,,,No,,,False,True,1213,115,34.91052315,-120.4465126,0.039827644205048224,True
pge,ALLEGHANY,39.465472208842606,-120.84426368187933,12.0,,,Sierra,15210.0,0.064,0.064,0.128,,,,1.0,,,,,,,,,,,No,,,False,True,1297,66,39.46548156,-120.8448009,0.046128318810122304,True
pge,FORT ORD,36.64329014858041,-121.7923827803921,21.0,,,Central Coast,18240.0,5.683,6.371,12.054,,,,2.0,,,,,,,,,,,No,,,False,True,636,115,36.64341665,-121.7925252,0.018955670006567192,True
pge,GUSTINE,37.253059038898215,-121.01309879419414,12.0,,,Yosemite,16311.0,5.569,7.021,12.59,,,,2.0,,,,,,,,,,,No,,,False,True,612,66,37.25323614,-121.0130417,0.020330758858345645,True
pge,BULLARD,36.82406405231952,-119.76842651281234,12.0,,,Fresno,25396.0,23.163,34.168,57.331,,,,4.0,,,,,,,,,,,No,,,False,True,2185,115,36.84992908,-119.803345,4.2342118955232815,False
pge,DUNLAP,36.70967604208161,-119.0292556541925,12.0,,,Fresno,25406.0,0.841,0.948,1.789,,,,1.0,,,,,,,,,,,Yes,,,False,True,128,66,36.70935277,-119.0289556,0.044805814786077335,True
pge,ORLAND B,39.72519125045083,-122.17865785695024,12.0,,,North Valley,10270.0,13.719,21.155,34.874,,,,2.0,,,,,,,,,,,No,,,False,True,155,66,39.725196,-122.178741,0.007130153008466521,True
pge,MONTAGUE,37.4030689299594,-121.90562357845783,21.0,,,San Jose,8389.0,3.784,4.778,8.562,,,,3.0,,,,,,,,,,,No,,,False,True,1254,115,37.4033327,-121.9059904,0.043704873255475084,True
pge,SOBRANTE,37.90535027631521,-122.20813319872327,12.0,,,Diablo,1467.0,13.352,14.709,28.061,,,,1.0,,,,,,,,,,,No,,,False,True,8085,115,37.90541336,-122.2080877,0.00807089763332279,True
pge,MERCED,37.273105730126126,-120.48710262742296,12.0,,,Yosemite,25280.0,12.695,16.96,29.655,,,,2.0,,,,,,,,,,,No,,,False,True,7914,115,37.27330581,-120.4872857,0.027520459291376097,True
pge,RACETRACK,37.97990732524795,-120.41350998469224,17.0,,,Yosemite,16376.0,1.256,1.395,2.651,,,,1.0,,,,,,,,,,,No,,,False,True,1452,115,37.97991079,-120.4141781,0.05855943456612013,True
pge,SAN JOSE A,37.328168501922605,-121.90253619243413,4.16,,,San Jose,8225.0,1.335,1.397,2.732,,,,4.0,,,,,,,,,,,No,,,False,True,1257,115,37.32816531,-121.902405,0.011605395242987053,True
pge,OAKLAND L,37.810340376987845,-122.27159254723468,12.0,,,East Bay,1211.0,0.183,0.183,0.366,,,,5.0,,,,,,,,,,,No,,,False,True,1612,115,37.810314,-122.271413,0.01604341116307408,True
pge,PLYMOUTH,37.71258459729903,-122.45577702187045,4.16,,,San Francisco,2268.0,0.6,0.11,0.71,,,,1.0,,,,,,,,,,,No,,,False,True,1127,115,37.69167955,-122.4559379,2.3245782899954794,False
pge,COPPERMINE,36.89631750001298,-119.664718786115,12.0,,,Fresno,25241.0,17.68,0.82,18.5,,,,1.0,,,,,,,,,,,No,,,False,True,125,66,36.89581265,-119.6647064,0.05614756462589972,True
pge,BUTTE,39.712000513701405,-121.81334760711448,12.0,,,North Valley,10308.0,9.882,11.943,21.825,,,,2.0,,,,,,,,,,,No,,,False,True,42,115,39.71220645,-121.8133571,0.022913464027835333,True
pge,TEMPLETON,35.55507511442895,-120.68041422031772,21.0,,,Los Padres,18305.0,20.666,24.077,44.743,,,,2.0,,,,,,,,,,,No,,,False,True,8405,230,35.55499422,-120.6802926,0.014211234650559875,True
pge,PAUL SWEET,36.99259833764791,-121.9820620699066,21.0,,,Central Coast,8325.0,8.895,10.954,19.849,,,,3.0,,,,,,,,,,,No,,,False,True,8053,115,36.99234523,-121.982187,0.03025242375184632,True
pge,ORO LOMA,36.88604386572732,-120.65597132911496,12.0,,,Yosemite,25537.0,1.935,2.158,4.093,,,,2.0,,,,,,,,,,,No,,,False,True,8765,66,36.88672556,-120.6549209,0.12030546469529847,True
pge,LOCKHEED NO 1,37.4097706587578,-122.03110865958986,12.0,,,De Anza,8299.0,0.261,0.261,0.522,,,,2.0,,,,,,,,,,,No,,,False,True,1809,115,37.40954139,-122.0317761,0.06422694872039278,True
pge,MARICOPA,35.10762692812825,-119.39725152751392,12.0,,,Kern,25421.0,1.085,4.627,5.712,,,,1.0,,,,,,,,,,,No,,,False,True,251,66,35.10778002,-119.398181,0.08624659134587198,True
pge,ROUGH AND READY ISLA,37.94947516937854,-121.3463583310698,12.0,,,Stockton,16308.0,3.2,2.19,5.39,,,,1.0,,,,,,,,,,,No,,,False,True,2320,66,37.94996587,-121.3463298,0.05462073954213094,True
pge,GLENWOOD,37.457303934642994,-122.18733079776786,4.16,,,Peninsula,2409.0,1.533,1.788,3.321,,,,3.0,,,,,,,,,,,No,,,False,True,1198,66,37.45715557,-122.1869222,0.039659925438760534,True
pge,RESEARCH,37.7823591848183,-121.96730288036213,21.0,,,Diablo,1469.0,8.8,9.393,18.193,,,,1.0,,,,,,,,,,,No,,,False,True,95,230,37.78241596,-121.9676624,0.03221991041353564,True
pge,PACIFICA,37.59472221036465,-122.48920894376208,12.0,,,Peninsula,2281.0,1.414,1.522,2.936,,,,2.0,,,,,,,,,,,No,,,False,True,1203,66,37.59480099,-122.488816,0.035711286325675974,True
pge,SAN JOSE B,37.34102949703376,-121.901895980367,12.0,,,San Jose,8226.0,7.221,9.305,16.526,,,,4.0,,,,,,,,,,,No,,,False,True,1258,115,37.34096401,-121.901525,0.03359496307008696,True
pge,CRESTA PH,39.82649357391756,-121.4096899580418,12.0,,,North Valley,10225.0,0.99,0.99,1.98,,,,,,,,,,,,,,,Yes,,,False,True,2220,230,39.91096984,-121.3275804,11.71922704750138,False
pge,GERBER,40.06428224737149,-122.15622506854064,12.0,,,North Valley,10339.0,2.649,10.702,13.351,,,,1.0,,,,,,,,,,,No,,,False,True,1397,66,40.06410008,-122.1560572,0.024786859773872353,True
pge,AMES,37.41803546385238,-122.06722574863358,12.0,,,De Anza,8390.0,2.006,4.365,6.371,,,,1.0,,,,,,,,,,,No,,,False,True,2289,115,37.41853023,-122.0676159,0.06491447783778416,True
pge,RIDGE,37.88486073895271,-122.25488061856642,4.16,,,East Bay,1284.0,0.605,0.663,1.268,,,,2.0,,,,,,,,,,,No,,,False,True,2132,66,37.88498247,-122.2551057,0.023945934386331906,True
pge,HAMMONDS,36.71999629266149,-120.60261292866964,12.0,,,Yosemite,25340.0,0.9,0.9,1.8,,,,1.0,,,,,,,,,,,No,,,False,True,1910,230,36.73565748,-120.6402159,3.776677361991232,False
pge,SUISUN,38.24454829820952,-122.04148241778712,12.0,,,North Bay,6213.0,4.054,5.633,9.687,,,,3.0,,,,,,,,,,,No,,,False,True,1333,66,38.24513201,-122.041256,0.06785079805597392,True
pge,BASALT,38.26311376964152,-122.26904909242027,12.0,,,North Bay,4246.0,10.795,13.116,23.911,,,,2.0,,,,,,,,,,,No,,,False,True,657,66,38.26316201,-122.269232,0.01684602862945971,True
pge,CONTRA COSTA,37.99867901702416,-121.78318387764637,21.0,,,Diablo,1365.0,2.095,3.377,5.472,,,,4.0,,,,,,,,,,,No,,,False,True,7839,230,37.99953661,-121.7828376,0.10007085255929794,True
pge,CASTRO VALLEY,37.6917841084946,-122.06126559376074,12.0,,,Mission,1409.0,16.471,18.172,34.643,,,,2.0,,,,,,,,,,,No,,,False,True,4,230,37.69128098,-122.0612774,0.055954980097954084,True
pge,VASONA,37.25372623401983,-121.96618795298204,12.0,,,De Anza,8377.0,14.284,15.979,30.263,,,,2.0,,,,,,,,,,,No,,,False,True,1907,230,37.25376296,-121.9662772,0.008892182545580978,True
pge,COPUS,35.09340403050877,-119.27870217911948,12.0,,,Kern,25387.0,4.585,5.388,9.973,,,,2.0,,,,,,,,,,,Yes,,,False,True,235,66,35.09339007,-119.2789365,0.021375299337183823,True
pge,DEL MAR,38.798905518358,-121.22132249121611,21.0,,,Sierra,15258.0,3.701,3.982,7.683,,,,3.0,,,,,,,,,,,No,,,False,True,747,66,38.79881552,-121.2213126,0.010044003809604888,True
pge,SALT SPRINGS,38.49873757346975,-120.21883454678164,21.0,,,Stockton,16369.0,6.672,7.0,13.672,,,,1.0,,,,,,,,,,,No,,,False,True,32,115,38.4984199,-120.2184202,0.05047715407581975,True
pge,JOLON,36.01345405632114,-121.1673499639731,12.0,,,Central Coast,18298.0,15.589,15.76,31.349,,,,2.0,,,,,,,,,,,No,,,False,True,641,66,36.01324171,-121.1679583,0.059593084575439305,True
pge,OTTER,36.38026746652593,-121.89862348687925,12.0,,,Central Coast,18294.0,0.488,0.788,1.276,,,,1.0,,,,,,,,,,,No,,,False,True,651,66,36.38008664,-121.8993005,0.06385643964677098,True
pge,AUBURN,38.90362002905324,-121.07000550995504,12.0,,,Sierra,15216.0,1.284,1.514,2.798,,,,1.0,,,,,,,,,,,No,,,False,True,742,66,38.90349314,-121.0698265,0.02095281709427394,True
pge,WHEELER RIDGE,35.08904963931724,-118.9765211969902,12.0,,,Kern,25348.0,1.795,1.952,3.747,,,,1.0,,,,,,,,,,,No,,,False,True,8244,230,35.08879566,-118.9759424,0.059757214759228724,True
pge,RALSTON,37.511320391790726,-122.33975670219075,12.0,,,Peninsula,2414.0,4.203,4.714,8.917,,,,2.0,,,,,,,,,,,No,,,False,True,1205,66,37.51131389,-122.340125,0.032493197630424214,True
pge,21ST AVENUE,37.75449989411368,-122.47806162171672,4.16,,,San Francisco,2255.0,0.97,0.07,1.04,,,,3.0,,,,,,,,,,,No,,,False,True,2324,115,37.74620312,-122.420327,5.159197766261537,False
pge,TARAVAL,37.74199971120542,-122.49319808254324,4.16,,,San Francisco,2250.0,0.67,0.05,0.72,,,,3.0,,,,,,,,,,,Yes,,,False,True,2324,115,37.74620312,-122.420327,6.424409793457521,False
pge,LIVERMORE,37.680003612395765,-121.78085098109068,12.0,,,Mission,1214.0,6.337,6.692,13.029,,,,2.0,,,,,,,,,,,No,,,False,True,15,66,37.68002781,-121.7805048,0.030583822424443397,True
pge,KING CITY,36.21705442156273,-121.12682030175492,12.0,,,Central Coast,18203.0,1.278,1.34,2.618,,,,3.0,,,,,,,,,,,No,,,False,True,1972,66,36.21699729,-121.1271469,0.029980049898496838,True
pge,SANTA MARIA,34.95030148149897,-120.44405177080088,12.0,,,Los Padres,18267.0,18.219,22.17,40.389,,,,2.0,,,,,,,,,,,Yes,,,False,True,1832,115,34.94478983,-120.4577742,1.3928017408587228,True
pge,EL CERRITO G,37.91642199870226,-122.30263855024612,12.0,,,East Bay,1250.0,10.493,11.037,21.53,,,,3.0,,,,,,,,,,,No,,,False,True,8639,115,37.91622278,-122.3022692,0.03924922339670561,True
pge,FOOTHILL,35.28648919476478,-120.7062571845936,12.0,,,Los Padres,18295.0,6.771,7.252,14.023,,,,1.0,,,,,,,,,,,No,,,False,True,1179,115,35.28670653,-120.7059138,0.03943897068592105,True
pge,RICE,39.402405951136096,-122.0140123123825,12.0,,,Sacramento,6283.0,0.407,6.983,7.39,,,,2.0,,,,,,,,,,,No,,,False,True,67,66,39.40274718,-122.0132647,0.07460473312619757,True
pge,ACTON,37.70866425535986,-122.45185131815214,4.16,,,San Francisco,2247.0,0.58,0.01,0.59,,,,2.0,,,,,,,,,,,No,,,False,True,1127,115,37.69167955,-122.4559379,1.922531152302867,True
pge,PURISIMA,34.7008255827051,-120.43565969291836,12.0,,,Los Padres,18297.0,4.501,4.826,9.327,,,,1.0,,,,,,,,,,,No,,,False,True,1217,115,34.7008539,-120.4355482,0.010667672887365646,True
pge,MIWUK,38.05297067526115,-120.2170845064534,17.0,,,Yosemite,16366.0,4.19,0.35,4.54,,,,1.0,,,,,,,,,,,No,,,False,True,1450,115,38.05289438,-120.217135,0.00956656542815844,True
pge,RISING RIVER,40.92860888434032,-121.54329343192305,12.0,,,North Valley,10355.0,0.35,0.05,0.4,,,,1.0,,,,,,,,,,,No,,,False,True,1286,66,40.92900611,-121.5443868,0.10192234534382973,True
pge,PLEASANT GROVE,38.82203193935343,-121.30628841171048,21.0,,,Sierra,15244.0,36.471,42.008,78.479,,,,3.0,,,,,,,,,,,No,,,False,True,753,66,38.82209041,-121.3065408,0.02281097939742457,True
pge,TASSAJARA,37.80025073342344,-121.90788099393204,21.0,,,Diablo,1466.0,12.002,13.022,25.024,,,,3.0,,,,,,,,,,,No,,,False,True,2236,230,37.79994499,-121.907854,0.034079745335739035,True
pge,HURON,36.18607144784237,-120.10386221168731,12.0,,,Fresno,25316.0,3.078,4.583,7.661,,,,2.0,,,,,,,,,,,No,,,False,True,131,66,36.18606391,-120.1039111,0.0044668660446695865,True
pge,POINT MORETTI,37.03115942213585,-122.1886952521402,12.0,,,Central Coast,8293.0,1.21,1.394,2.604,,,,1.0,,,,,,,,,,,Yes,,,False,True,1271,66,37.03106848,-122.1881733,0.04742326812835869,True
pge,BAY MEADOWS,37.55164336687077,-122.29243887652298,12.0,,,Peninsula,2401.0,4.079,5.003,9.082,,,,4.0,,,,,,,,,,,No,,,False,True,8587,66,37.55159911,-122.2928268,0.03454998930128382,True
pge,MENLO,37.43306229991303,-122.20225008841324,4.16,,,Peninsula,2413.0,7.25,7.937,15.187,,,,4.0,,,,,,,,,,,No,,,False,True,1201,66,37.43280833,-122.2027583,0.053019801625615065,True
pge,WOODACRE,38.01250684697549,-122.65399200051384,12.0,,,Sonoma,4302.0,6.533,7.853,14.386,,,,1.0,,,,,,,,,,,No,,,False,True,587,66,38.01206226,-122.6536699,0.056922670541565516,True
pge,HONCUT,39.3207327968909,-121.59528383517107,12.0,,,North Valley,10321.0,3.236,5.559,8.795,,,,1.0,,,,,,,,,,,No,,,False,True,1391,66,39.27639001,-121.6602999,7.457266177851311,False
pge,CONCORD NO 1,37.97581268089191,-122.02429744721525,4.16,,,Diablo,1296.0,2.541,2.756,5.297,,,,2.0,,,,,,,,,,,No,,,False,True,2321,66,37.98676821,-122.0402689,1.8556687187114236,True
pge,SERRAMONTE,37.65081882661072,-122.45407076888073,12.0,,,Peninsula,2286.0,2.032,2.209,4.241,,,,1.0,,,,,,,,,,,No,,,False,True,8463,66,37.65081497,-122.4542636,0.016981954952688998,True
pge,MONROE,38.45325388171991,-122.74428924814126,12.0,,,Sonoma,4330.0,6.15,7.665,13.815,,,,3.0,,,,,,,,,,,No,,,False,True,8012,115,38.43680758,-122.7134131,3.2518900682862366,False
pge,CHESTER,40.30286123740071,-121.22690255646653,12.0,,,North Valley,10318.0,0.875,1.159,2.034,,,,1.0,,,,,,,,,,,No,,,False,True,766,66,40.30242579,-121.2270207,0.049445196200448197,True
pge,MONTE RIO,38.47143665695768,-123.01148395746652,12.0,,,Sonoma,4281.0,0.302,0.863,1.165,,,,2.0,,,,,,,,,,,No,,,False,True,1341,66,38.47141397,-123.0122363,0.06554492258425507,True
pge,DUNBAR,38.38374078362537,-122.52780897971554,12.0,,,Sonoma,4307.0,5.214,5.681,10.895,,,,2.0,,,,,,,,,,,No,,,False,True,2115,230,38.42885652,-122.5933435,7.600979525812289,False
pge,BIG BEND,39.67704842121007,-121.4915529611423,12.0,,,North Valley,10375.0,0.352,0.371,0.723,,,,,,,,,,,,,,,No,,,False,True,1578,66,39.65452133,-121.6355082,12.573981520060801,False
pge,CEDAR CREEK,40.79097149681122,-121.9383470502897,12.0,,,North Valley,10332.0,0.63,1.52,2.15,,,,1.0,,,,,,,,,,,No,,,False,True,8847,66,40.79119112,-121.9377684,0.05449242635634,True
pge,VALLEJO C,38.09844361859794,-122.25279173182363,4.16,,,North Bay,4255.0,0.16,0.01,0.17,,,,1.0,,,,,,,,,,,No,,,False,True,1324,115,38.08549398,-122.2572744,1.4924149393886381,True
pge,BIG BASIN,37.13125948685303,-122.17227801178812,12.0,,,Central Coast,8284.0,1.91,2.024,3.934,,,,1.0,,,,,,,,,,,No,,,False,True,1266,66,37.13088801,-122.1721447,0.042963751222277864,True
pge,EVERGREEN,37.30352178997496,-121.83997139739384,21.0,,,San Jose,8201.0,2.299,2.479,4.778,,,,2.0,,,,,,,,,,,No,,,False,True,1260,115,37.304004,-121.867716,2.4545455925443944,False
pge,SPRING GAP,38.186423435629614,-120.111394105077,17.0,,,Yosemite,16283.0,0.18,0.192,0.372,,,,1.0,,,,,,,,,,,No,,,False,True,1502,115,38.1865924,-120.1119474,0.05187923271373111,True
pge,LEMOORE,36.30978580363061,-119.79816461547026,12.0,,,Fresno,25360.0,20.007,22.328,42.335,,,,3.0,,,,,,,,,,,No,,,False,True,324,66,36.30933381,-119.7983006,0.05171533594780466,True
pge,BELMONT,37.52392507929761,-122.2655656379043,12.0,,,Peninsula,2403.0,27.199,31.911,59.11,,,,5.0,,,,,,,,,,,No,,,False,True,8587,66,37.55159911,-122.2928268,3.9047276488098897,False
pge,8TH AVENUE,37.80064538752543,-122.24202081133105,4.16,,,East Bay,1267.0,0.375,0.378,0.753,,,,1.0,,,,,,,,,,,No,,,False,True,1611,115,37.80528987,-122.2312677,1.076686468219766,True
pge,CAMDEN,36.44568692380856,-119.79886678890834,12.0,,,Fresno,25230.0,11.308,13.798,25.106,,,,2.0,,,,,,,,,,,No,,,False,True,120,66,36.44598609,-119.7989666,0.03444295497166952,True
pge,MC MULLIN,36.593617549943424,-119.9886805783096,12.0,,,Fresno,25441.0,4.673,18.266,22.939,,,,1.0,,,,,,,,,,,No,,,False,True,136,230,36.59336916,-119.9887084,0.027731161645005508,True
pge,STONE CORRAL,36.4725997946069,-119.18808580526532,12.0,,,Fresno,25292.0,0.812,1.938,2.75,,,,2.0,,,,,,,,,,,Yes,,,False,True,1415,66,36.47211377,-119.1880105,0.05446133842494978,True
pge,EUREKA E,40.793699357832445,-124.17955004886942,12.0,,,Humboldt,19233.0,2.017,2.269,4.286,,,,1.0,,,,,,,,,,,No,,,False,True,1575,66,40.79343242,-124.1803135,0.07079215850117887,True
pge,BRITTON,37.37491569242551,-122.01651663969916,12.0,,,De Anza,8361.0,1.251,1.374,2.625,,,,3.0,,,,,,,,,,,No,,,False,True,1229,115,37.37456219,-122.0163659,0.041503221626043404,True
pge,LAURELES,36.477771837963815,-121.7269203955055,12.0,,,Central Coast,18237.0,2.444,2.859,5.303,,,,1.0,,,,,,,,,,,No,,,False,True,643,66,36.47770203,-121.7272208,0.027958469105993967,True
pge,TULUCAY,38.24734918540386,-122.2680448123168,12.0,,,North Bay,4230.0,7.332,14.57,21.902,,,,1.0,,,,,,,,,,,No,,,False,True,8660,66,38.24781104,-122.2679742,0.05172475729490049,True
pge,OAKLAND C,37.79750313857218,-122.28100831632332,12.0,,,East Bay,1201.0,9.543,9.852,19.395,,,,4.0,,,,,,,,,,,Yes,,,False,True,1610,115,37.79743896,-122.2807377,0.024825321300558045,True
pge,STAFFORD,38.12001877968342,-122.61391256045738,12.0,,,Sonoma,4320.0,15.338,16.173,31.511,,,,2.0,,,,,,,,,,,No,,,False,True,585,66,38.11991639,-122.6140151,0.014494326055101182,True
pge,LOS ALTOS,37.39360169214869,-122.1150733503216,12.0,,,De Anza,8224.0,6.238,6.682,12.92,,,,3.0,,,,,,,,,,,No,,,False,True,1248,66,37.39384445,-122.114725,0.04093517582945428,True
pge,BORDEN,36.92213595117919,-119.98430925285751,12.0,,,Yosemite,25512.0,11.984,18.574,30.558,,,,1.0,,,,,,,,,,,No,,,False,True,566,66,36.92214301,-119.984616,0.027279603643776,True
pge,AVENAL,35.978183285259895,-120.1169296096175,21.0,,,Fresno,25500.0,8.337,10.06,18.397,,,,1.0,,,,,,,,,,,No,,,False,True,317,66,35.97812224,-120.1171583,0.021668983567672388,True
pge,OAK,37.90115636063787,-122.28687516138622,4.16,,,East Bay,1260.0,1.34,0.13,1.47,,,,1.0,,,,,,,,,,,No,,,False,True,2129,66,37.90188336,-122.286301,0.09525092801219558,True
pge,CORRAL,38.10147374789754,-120.92528602571213,12.0,,,Stockton,16299.0,13.079,14.282,27.361,,,,2.0,,,,,,,,,,,No,,,False,True,57,66,38.10148065,-120.9261759,0.07786903988452107,True
pge,ALPAUGH,35.963432505647624,-119.45629715975916,12.0,,,Fresno,25400.0,2.276,10.926,13.202,,,,3.0,,,,,,,,,,,No,,,False,True,1412,115,35.96336389,-119.4568361,0.04910119689026488,True
pge,BEN LOMOND,37.09229030534265,-122.09644564945188,12.0,,,Central Coast,8304.0,2.216,2.376,4.592,,,,2.0,,,,,,,,,,,No,,,False,True,1267,66,37.095332,-122.1442873,4.256750694018993,False
pge,MABURY,37.36110148781495,-121.86446124822062,12.0,,,San Jose,8219.0,3.372,3.76,7.132,,,,2.0,,,,,,,,,,,No,,,False,True,1250,115,37.36081517,-121.8641576,0.041639025244594195,True
pge,COLONY,38.19050048956095,-121.18105263498548,12.0,,,Stockton,16223.0,2.779,7.275,10.054,,,,1.0,,,,,,,,,,,No,,,False,True,1142,66,38.19022444,-121.1818846,0.07892318500839957,True
pge,SAN JOAQUIN #2,37.20342953647724,-119.49674358337344,12.0,,,Yosemite,25252.0,1.162,1.255,2.417,,,,1.0,,,,,,,,,,,No,,,False,True,1644,230,37.14821116,-119.3885387,11.384465536832188,False
pge,DUNNIGAN,38.92506225480307,-121.99011725790068,12.0,,,Sacramento,6381.0,2.225,3.159,5.384,,,,1.0,,,,,,,,,,,No,,,False,True,1484,66,38.92500648,-121.9894822,0.05528539037203761,True
pge,GOLDTREE,35.32026204712884,-120.69304755782936,12.0,,,Los Padres,18258.0,0.015,0.015,0.03,,,,1.0,,,,,,,,,,,No,,,False,True,1180,66,35.32017501,-120.6931445,0.013077589418135636,True
pge,BOLINAS,37.940980126696346,-122.706692230778,12.0,,,Sonoma,4226.0,2.52,0.18,2.7,,,,1.0,,,,,,,,,,,No,,,False,True,579,66,37.94121202,-122.706149,0.054168500389239954,True
pge,LOW GAP,40.43382494194464,-123.472854441197,12.0,,,Humboldt,19241.0,3.394,3.405,6.799,,,,1.0,,,,,,,,,,,No,,,False,True,1409,115,40.43324913,-123.4726911,0.06550287234920764,True
pge,LLAGAS,37.00719420510908,-121.5569929127207,21.0,,,San Jose,8318.0,45.88,59.439,105.319,,,,3.0,,,,,,,,,,,No,,,False,True,1247,115,37.00726293,-121.5572443,0.023593969739293657,True
pge,ELK CREEK,39.59327331009217,-122.54352006687898,12.0,,,North Valley,10278.0,0.64,0.18,0.82,,,,1.0,,,,,,,,,,,No,,,False,True,158,66,39.58704303,-122.533157,1.126272452034779,True
pge,APPLE HILL,38.73938813175536,-120.67736539967991,21.0,,,Sierra,15366.0,2.991,8.353,11.344,,,,2.0,,,,,,,,,,,No,,,False,True,106,115,38.79337762,-120.619311,7.834165731098076,False
pge,FMC,37.34728445797068,-121.9223066818288,12.0,,,San Jose,8387.0,1.546,1.763,3.309,,,,2.0,,,,,,,,,,,No,,,False,True,1231,115,37.34735123,-121.9219112,0.035739120600373646,True
pge,DAIRYVILLE,40.1280600543476,-122.09824574117305,12.0,,,North Valley,10334.0,1.53,0.31,1.84,,,,1.0,,,,,,,,,,,No,,,False,True,1396,66,40.12802358,-122.0983563,0.010237403910728035,True
pge,CARUTHERS,36.53207399155622,-119.88218484607894,12.0,,,Fresno,25237.0,3.727,4.72,8.447,,,,2.0,,,,,,,,,,,No,,,False,True,123,66,36.53216946,-119.8814695,0.06479011302538988,True
pge,FLORENCE,37.83612012296221,-122.2202658186114,4.16,,,East Bay,1269.0,0.84,0.02,0.86,,,,1.0,,,,,,,,,,,Yes,,,False,True,2142,66,37.83632031,-122.2200046,0.031964497873603386,True
pge,CHICO C,39.74305713932799,-121.83856008023211,4.16,,,North Valley,10265.0,0.41,0.02,0.43,,,,1.0,,,,,,,,,,,No,,,False,True,44,115,39.72551493,-121.8470758,2.08209355512958,False
pge,MANTECA,37.8015045271901,-121.22348162992516,17.0,,,Stockton,16261.0,9.746,11.837,21.583,,,,5.0,,,,,,,,,,,No,,,False,True,7758,66,37.80116217,-121.2238314,0.04892418693781379,True
pge,SAUSALITO,37.8633472927428,-122.4989921967848,12.0,,,Sonoma,4249.0,5.234,5.803,11.037,,,,2.0,,,,,,,,,,,No,,,False,True,584,115,37.86356846,-122.4988508,0.027547645336062146,True
pge,SOLEDAD,36.42977626821583,-121.3324241495369,21.0,,,Central Coast,18205.0,2.745,3.12,5.865,,,,3.0,,,,,,,,,,,No,,,False,True,8712,115,36.42967611,-121.3325053,0.013294552208696525,True
pge,ESTUDILLO,37.72712154609791,-122.1388744667424,4.16,,,Mission,1348.0,0.69,0.774,1.464,,,,1.0,,,,,,,,,,,No,,,False,True,2156,66,37.71581395,-122.1439269,1.333566606700467,True
pge,SAN BENITO,36.86860625244168,-121.54942913233612,21.0,,,Central Coast,18274.0,2.676,3.041,5.717,,,,1.0,,,,,,,,,,,No,,,False,True,987,66,36.85686674,-121.5119869,3.5776673897687834,False
pge,PINE GROVE,38.41280369646983,-120.66072875769709,12.0,,,Stockton,16375.0,3.812,4.079,7.891,,,,2.0,,,,,,,,,,,No,,,False,True,33,66,38.4127977,-120.6602339,0.04312077223118741,True
pge,CLOVIS,36.82632258904477,-119.68092161392016,12.0,,,Fresno,25408.0,31.459,32.422,63.881,,,,3.0,,,,,,,,,,,No,,,False,True,2186,115,36.77800449,-119.6737998,5.410015643832029,False
pge,CARLOTTA,40.541262800218725,-124.06428630276322,12.0,,,Humboldt,19229.0,0.227,0.233,0.46,,,,1.0,,,,,,,,,,,No,,,False,True,2336,66,40.55124879,-124.0792155,1.680537020268871,True
pge,CALAVERAS CEMENT,38.17053149409406,-120.66845206163632,12.0,,,Stockton,16221.0,5.15,4.55,9.7,,,,1.0,,,,,,,,,,,No,,,False,True,55,66,38.16989692,-120.6672277,0.1281985680548389,True
pge,18TH STREET,37.76111429249559,-122.4388699445812,4.16,,,San Francisco,2239.0,0.37,0.02,0.39,,,,1.0,,,,,,,,,,,No,,,False,True,2324,115,37.74620312,-122.420327,2.3252441951727656,False
pge,LAKEWOOD,37.9088184998879,-122.0574732475179,12.0,,,Diablo,1353.0,3.806,4.048,7.854,,,,5.0,,,,,,,,,,,No,,,False,True,7677,66,37.90841915,-122.0573089,0.04668787990802064,True
pge,PETALUMA A,38.23437308284748,-122.63657806577606,4.16,,,Sonoma,4212.0,0.272,0.288,0.56,,,,1.0,,,,,,,,,,,No,,,False,True,1344,66,38.23417,-122.636224,0.03829209185095799,True
pge,SF X (MISSION),37.77752693688508,-122.41435930467767,12.0,,,San Francisco,2201.0,4.231,4.387,8.618,,,,2.0,,,,,,,,,,,No,,,False,True,1130,115,37.77735298,-122.4138229,0.05095755191319127,True
pge,TEJON,35.01982434064145,-118.95468562709183,12.0,,,Kern,25293.0,3.036,4.407,7.443,,,,2.0,,,,,,,,,,,No,,,False,True,273,66,35.01965399,-118.9551559,0.04682693462440012,True
pge,INDUSTRIAL ACRES,36.664142645204045,-121.62883846892647,4.16,,,Central Coast,18230.0,0.241,0.25,0.491,,,,1.0,,,,,,,,,,,No,,,False,True,640,66,36.66378719,-121.628595,0.04509774430432092,True
pge,LAS PULGAS,37.46317528473907,-122.22801351794423,4.16,,,Peninsula,2412.0,0.723,0.723,1.446,,,,2.0,,,,,,,,,,,No,,,False,True,1200,66,37.46284168,-122.2279056,0.038298487618916466,True
pge,MARYSVILLE,39.14000454607997,-121.5836129617673,12.0,,,Sacramento,15201.0,3.184,5.833,9.017,,,,3.0,,,,,,,,,,,No,,,False,True,1494,66,39.14002976,-121.5834743,0.01228292260646811,True
pge,MEADOW LANE,37.96346551773498,-122.05211023752588,21.0,,,Diablo,1430.0,1.692,2.098,3.79,,,,3.0,,,,,,,,,,,No,,,False,True,92,115,37.96324326,-122.0522531,0.027706237742953766,True
pge,ANNAPOLIS,38.679837362204594,-123.3107420981408,12.0,,,Humboldt,4286.0,0.331,0.331,0.662,,,,1.0,,,,,,,,,,,No,,,False,True,1335,66,38.68030292,-123.3118863,0.11200281053794489,True
pge,SHAFTER,35.513906883314405,-119.31779636005952,12.0,,,Kern,25365.0,14.085,28.745,42.83,,,,2.0,,,,,,,,,,,No,,,False,True,267,115,35.51390484,-119.3178014,0.0005096159765704532,True
pge,GRASS VALLEY,39.20922183386184,-121.06131819310708,12.0,,,Sierra,15203.0,4.311,4.787,9.098,,,,1.0,,,,,,,,,,,No,,,False,True,662,115,39.23105002,-121.0350261,3.319813432543505,False
pge,CALISTOGA,38.59257954214048,-122.57827051121993,12.0,,,North Bay,4271.0,6.151,28.086,34.237,,,,1.0,,,,,,,,,,,No,,,False,True,658,66,38.59208804,-122.5786104,0.062124909513148446,True
pge,RINCON,38.49018866904616,-122.66602642884762,12.0,,,Sonoma,4332.0,4.792,5.012,9.804,,,,3.0,,,,,,,,,,,No,,,False,True,1345,115,38.49006768,-122.6660723,0.014033244970261732,True
pge,BUELLTON,34.62516166893696,-120.18655523536748,12.0,,,Los Padres,18304.0,4.008,5.524,9.532,,,,2.0,,,,,,,,,,,No,,,False,True,1212,115,34.62477663,-120.1860946,0.06007975923860498,True
pge,EAST MARYSVILLE,39.16342235495069,-121.56120836057298,12.0,,,Sacramento,15233.0,6.624,14.902,21.526,,,,2.0,,,,,,,,,,,No,,,False,True,1491,66,39.16343792,-121.5610556,0.013283448374442421,True
pge,RESERVE OIL,36.27603890498239,-119.65340386371432,12.0,,,Fresno,25418.0,0.2,0.2,0.4,,,,1.0,,,,,,,,,,,Yes,,,False,True,325,66,36.27633342,-119.6536119,0.037686208750603675,True
pge,BELLEVUE,38.37873966235465,-122.7127531517697,21.0,,,Sonoma,4318.0,9.777,19.879,29.656,,,,4.0,,,,,,,,,,,No,,,False,True,1348,66,38.37001596,-122.7641156,4.581323092443831,False
pge,COLUMBUS,35.39851810200948,-118.93981268255826,12.0,,,Kern,25395.0,5.513,8.634,14.147,,,,3.0,,,,,,,,,,,No,,,False,True,8300,115,35.39839949,-118.9398774,0.014434708781068763,True
pge,FIREBAUGH,36.85079413120268,-120.4658435279364,12.0,,,Yosemite,25347.0,6.273,6.575,12.848,,,,1.0,,,,,,,,,,,No,,,False,True,129,66,36.8505811,-120.4663723,0.05267591472456604,True
pge,BOGUE,39.096194366463855,-121.6233825471538,12.0,,,Sacramento,15378.0,6.297,6.993,13.29,,,,2.0,,,,,,,,,,,No,,,False,True,1753,66,39.13686954,-121.6401138,4.7476208159282205,False
pge,VALLEJO B,38.10678437817224,-122.24125992296035,4.16,,,North Bay,4245.0,1.154,1.353,2.507,,,,3.0,,,,,,,,,,,No,,,False,True,1324,115,38.08549398,-122.2572744,2.751073786381901,False
pge,MAPLE CREEK,40.76836583499929,-123.87400272507614,12.0,,,Humboldt,19210.0,0.702,0.767,1.469,,,,1.0,,,,,,,,,,,No,,,False,True,8382,66,40.76794332,-123.8736664,0.054858719071162805,True
pge,PIT NO 1,40.990515571941216,-121.49747687310516,12.0,,,North Valley,10372.0,2.23,0.69,2.92,,,,1.0,,,,,,,,,,,No,,,False,True,8554,66,40.99102695,-121.4977594,0.061608961013088326,True
pge,WILLOW CREEK,40.94802778714024,-123.64012366855172,12.0,,,Humboldt,19217.0,1.487,1.66,3.147,,,,1.0,,,,,,,,,,,No,,,False,True,178,66,40.82049761,-123.8282375,21.241004733764672,False
pge,BERKELEY T,37.86457393824122,-122.25905444052576,4.16,,,East Bay,1266.0,0.52,0.05,0.57,,,,2.0,,,,,,,,,,,No,,,False,True,2136,66,37.86395872,-122.2589613,0.06889603444822236,True
pge,DOS PALOS,36.97511066443014,-120.63479080838368,12.0,,,Yosemite,25404.0,5.205,11.434,16.639,,,,1.0,,,,,,,,,,,No,,,False,True,611,66,36.97476896,-120.635217,0.05363829471091712,True
pge,OAKLAND X,37.80525464784044,-122.23148010243337,12.0,,,East Bay,1254.0,5.193,5.888,11.081,,,,5.0,,,,,,,,,,,No,,,False,True,1611,115,37.80528987,-122.2312677,0.019067181549642133,True
pge,BARTON,36.764127437715366,-119.73480480396712,12.0,,,Fresno,25357.0,11.699,12.904,24.603,,,,3.0,,,,,,,,,,,No,,,False,True,108,115,36.75773233,-119.6968545,3.4546920050730416,False
pge,SOQUEL,36.986659979326745,-121.95052120875124,4.16,,,Central Coast,8330.0,0.92,0.06,0.98,,,,1.0,,,,,,,,,,,No,,,False,True,2178,66,36.98677959,-121.9510457,0.04844657464417666,True
pge,HICKS,37.233642133115225,-121.9012169860993,21.0,,,San Jose,8343.0,13.753,15.057,28.81,,,,4.0,,,,,,,,,,,No,,,False,True,8253,66,37.23373796,-121.9011125,0.014110467767098627,True
pge,HIGHLANDS,38.93697153956946,-122.60907443594864,12.0,,,Humboldt,4336.0,3.765,3.972,7.737,,,,2.0,,,,,,,,,,,No,,,False,True,331,115,39.02753504,-122.6623833,11.074339402377865,False
pge,SAN ARDO,36.073430288905165,-120.93646564476516,12.0,,,Central Coast,18219.0,0.429,0.494,0.923,,,,1.0,,,,,,,,,,,No,,,False,True,654,66,36.07369445,-120.9368055,0.04237632033722438,True
pge,WOODSIDE,37.437220837862704,-122.24226770027914,12.0,,,Peninsula,2425.0,19.93,4.07,24.0,,,,3.0,,,,,,,,,,,Yes,,,False,True,1210,66,37.43708061,-122.2421944,0.016882348422122575,True
pge,NORTH TOWER,38.066339734584254,-122.19598269824904,12.0,,,North Bay,4204.0,2.323,2.529,4.852,,,,4.0,,,,,,,,,,,No,,,False,True,1332,115,38.06582097,-122.1963293,0.06517768004822483,True
pge,TRES VIAS,39.48664776643268,-121.68751739757202,12.0,,,North Valley,10325.0,6.45,2.3,8.75,,,,1.0,,,,,,,,,,,No,,,False,True,53,115,39.48676454,-121.6880242,0.045389250761359315,True
pge,TRINIDAD,41.06502580500504,-124.12827879249215,12.0,,,Humboldt,19223.0,0.874,0.93,1.804,,,,1.0,,,,,,,,,,,No,,,False,True,180,66,41.06473688,-124.1284232,0.03433244145795806,True
pge,OILFIELDS,35.956083731993004,-120.85149439691293,12.0,,,Central Coast,18239.0,10.41,18.053,28.463,,,,2.0,,,,,,,,,,,No,,,False,True,650,66,35.95647497,-120.8511528,0.05327216794210348,True
pge,SAN JUSTO,36.85649197045642,-121.51264396321426,12.0,,,Central Coast,18318.0,1.196,1.423,2.619,,,,1.0,,,,,,,,,,,No,,,False,True,987,66,36.85686674,-121.5119869,0.07179235190256456,True
pge,ROCKLIN,38.7878362079499,-121.2316984669296,12.0,,,Sierra,15206.0,8.208,8.915,17.123,,,,2.0,,,,,,,,,,,No,,,False,True,754,66,38.78796355,-121.231692,0.014170879331196503,True
pge,OROSI,36.54494016402164,-119.2512498016316,12.0,,,Fresno,25284.0,4.281,4.534,8.815,,,,2.0,,,,,,,,,,,No,,,False,True,1414,66,36.54483612,-119.2514194,0.019062792932273035,True
pge,SMARTVILLE,39.20859431679137,-121.30260526619712,12.0,,,Sacramento,15379.0,0.55,0.22,0.77,,,,1.0,,,,,,,,,,,No,,,False,True,664,66,39.20900553,-121.3032691,0.0732261184440854,True
pge,CURTIS,37.97431175393948,-120.31978089327473,17.0,,,Yosemite,16335.0,13.831,16.976,30.807,,,,2.0,,,,,,,,,,,No,,,False,True,1448,115,37.97443256,-120.3199068,0.0173851299974625,True
pge,NOVATO,38.10854640016638,-122.56790709808408,12.0,,,Sonoma,4221.0,15.462,19.533,34.995,,,,2.0,,,,,,,,,,,No,,,False,True,582,66,38.1086144,-122.5682432,0.030363077945330795,True
pge,COLUSA JUNCTION,39.19056773290833,-121.99053805724722,12.0,,,Sacramento,6207.0,11.365,20.123,31.488,,,,1.0,,,,,,,,,,,No,,,False,True,1956,66,39.19110887,-121.9904572,0.060573852066816314,True
pge,CATLETT,38.80879690086217,-121.5164995196137,12.0,,,Sacramento,15376.0,2.452,2.637,5.089,,,,2.0,,,,,,,,,,,No,,,False,True,1388,66,38.80884801,-121.516414,0.009338448128205083,True
pge,GRAYS FLAT,40.0221483161838,-121.063733200033,4.16,,,North Valley,10253.0,0.024,0.024,0.048,,,,1.0,,,,,,,,,,,No,,,False,True,767,66,40.02241742,-121.0654455,0.14884532916997034,True
pge,BALCH NO 1,36.90832240674941,-119.08622824128604,12.0,,,Fresno,25250.0,0.0,0.0,0.0,,,,1.0,,,,,,,,,,,No,,,False,True,1634,230,36.92739551,-119.0208088,6.190425594405057,False
pge,OAKLAND I,37.74773573727129,-122.17432143246587,4.16,,,East Bay,1208.0,0.151,0.186,0.337,,,,2.0,,,,,,,,,,,No,,,False,True,2153,66,37.73986963,-122.1554072,1.8790748209276853,True
pge,DIVIDE,34.8291272881148,-120.44860259638226,12.0,,,Los Padres,18257.0,9.5,11.116,20.616,,,,2.0,,,,,,,,,,,No,,,False,True,7880,66,34.82826787,-120.4484566,0.09648759038998944,True
pge,MIRA VISTA,37.938513118125606,-122.3247799791383,4.16,,,East Bay,1233.0,1.299,1.37,2.669,,,,2.0,,,,,,,,,,,No,,,False,True,2125,66,37.93855075,-122.3246229,0.014396774441387516,True
pge,FAIRMOUNT,37.90189965591967,-122.29689529328267,4.16,,,East Bay,1265.0,0.923,1.038,1.961,,,,2.0,,,,,,,,,,,No,,,False,True,2130,66,37.9022322,-122.2966299,0.043698168961441665,True
pge,PARKWAY,38.13810009221848,-122.20945720439109,12.0,,,North Bay,4205.0,8.726,9.011,17.737,,,,1.0,,,,,,,,,,,No,,,False,True,2116,230,38.13818919,-122.2091105,0.03189937756141499,True
pge,WALDO,37.909212124547615,-122.3064730075285,4.16,,,East Bay,1335.0,0.987,1.075,2.062,,,,2.0,,,,,,,,,,,No,,,False,True,2128,66,37.90942594,-122.3068776,0.04272209423430046,True
pge,LAMMERS,37.71280029392499,-121.47875326631689,12.0,,,Stockton,16277.0,2.769,4.677,7.446,,,,2.0,,,,,,,,,,,No,,,False,True,34,115,37.71296547,-121.4775277,0.10935999247956434,True
pge,CRESCENT MILLS,40.093925518711536,-120.91070330230104,21.0,,,North Valley,10313.0,0.0,0.0,0.0,,,,1.0,,,,,,,,,,,No,,,False,True,769,66,40.02697206,-120.9631234,8.679206574688747,False
pge,SAN RAFAEL,37.97034817117299,-122.5268270651713,12.0,,,Sonoma,4201.0,1.9,2.443,4.343,,,,3.0,,,,,,,,,,,No,,,False,True,7988,115,37.97057855,-122.5271901,0.040852511227587596,True
pge,NORCO,35.28554247160178,-119.30890079948529,12.0,,,Kern,25469.0,0.0,0.0,0.0,,,,1.0,,,,,,,,,,,Yes,,,False,True,257,115,35.28599981,-119.3090374,0.05234336796900812,True
pge,VALLEY VIEW,37.96628771253263,-122.27912095478516,12.0,,,East Bay,1434.0,12.973,13.87,26.843,,,,2.0,,,,,,,,,,,No,,,False,True,2125,66,37.93855075,-122.3246229,5.042737449386509,False
pge,KETTLEMAN HILLS,36.043228470347096,-120.11027046537308,12.0,,,Fresno,25273.0,0.042,0.042,0.084,,,,1.0,,,,,,,,,,,No,,,False,True,323,66,36.04359445,-120.1113917,0.10871324589682421,True
pge,LUCERNE,39.11048704064002,-122.81284365571706,12.0,,,Humboldt,4335.0,4.936,5.263,10.199,,,,2.0,,,,,,,,,,,No,,,False,True,330,115,39.11038686,-122.8128382,0.011149519867985316,True
pge,OAKLAND J,37.76329902345095,-122.21419146834046,12.0,,,East Bay,1209.0,0.477,0.519,0.996,,,,5.0,,,,,,,,,,,Yes,,,False,True,20,115,37.76299826,-122.2144948,0.042772050555075415,True
pge,SALMON CREEK,38.343512395969725,-123.04470594130596,12.0,,,Sonoma,4316.0,2.95,3.284,6.234,,,,1.0,,,,,,,,,,,No,,,False,True,1346,66,38.34344601,-123.044758,0.008666202386130872,True
pge,MORMON,37.96829976020206,-121.18544225637552,12.0,,,Stockton,16321.0,8.14,13.93,22.07,,,,1.0,,,,,,,,,,,No,,,False,True,1158,66,37.96883799,-121.185983,0.07634632598898049,True
pge,MILLBRAE,37.6054239917948,-122.39200798842708,4.16,,,Peninsula,2269.0,0.857,0.939,1.796,,,,3.0,,,,,,,,,,,No,,,False,True,1202,115,37.60593813,-122.3918934,0.05805388567838917,True
pge,EAST QUINCY,39.93825707055911,-120.91057480535616,12.0,,,North Valley,10255.0,0.7,0.05,0.75,,,,1.0,,,,,,,,,,,No,,,False,True,768,66,39.9351719,-120.914496,0.4790149151210687,True
pge,HARRIS,40.781372534153576,-124.1319638474449,12.0,,,Humboldt,19243.0,4.562,5.454,10.016,,,,2.0,,,,,,,,,,,No,,,False,True,169,66,40.78091459,-124.1318534,0.05176325621210248,True
pge,SANTA ROSA A,38.43690591996298,-122.71335000873452,12.0,,,Sonoma,4215.0,5.51,6.408,11.918,,,,3.0,,,,,,,,,,,No,,,False,True,8012,115,38.43680758,-122.7134131,0.012238003272552133,True
pge,STELLING,37.33589708085293,-122.04301499076,12.0,,,De Anza,8348.0,12.637,16.968,29.605,,,,3.0,,,,,,,,,,,No,,,False,True,1259,115,37.33599502,-122.043177,0.01799322208789457,True
pge,HAYWARD O,37.68617570872579,-122.10256842334825,4.16,,,Mission,1224.0,0.32,0.02,0.34,,,,2.0,,,,,,,,,,,No,,,False,True,2157,66,37.6863891,-122.1021887,0.04098209199132959,True
pge,BIG MEADOWS,40.17150258367834,-121.08392810254136,21.0,,,North Valley,10281.0,1.95,1.32,3.27,,,,1.0,,,,,,,,,,,Yes,,,False,True,765,66,40.1715573,-121.0853365,0.11982032128960036,True
pge,WHISMAN,37.40496417559913,-122.0690328952126,12.0,,,De Anza,8363.0,0.774,0.774,1.548,,,,3.0,,,,,,,,,,,Yes,,,False,True,1263,115,37.40499722,-122.0685528,0.04256522041440963,True
pge,SF H (MARTIN),37.70424294017619,-122.40919513249818,12.0,,,Peninsula,2210.0,3.023,4.966,7.989,,,,8.0,,,,,,,,,,,No,,,False,True,7956,230,37.70359732,-122.4095626,0.07873287220549731,True
pge,HORSESHOE,38.74422432366909,-121.16136710564363,12.0,,,Sierra,15257.0,17.775,18.801,36.576,,,,2.0,,,,,,,,,,,No,,,False,True,750,115,38.74431607,-121.1616425,0.025971438829635957,True
pge,FORT ROSS,38.539950114554514,-123.22321445936709,12.0,,,Sonoma,4285.0,0.661,0.725,1.386,,,,1.0,,,,,,,,,,,No,,,False,True,1337,66,38.539593,-123.223702,0.05809367373461671,True
pge,YOSEMITE,37.72932287844001,-122.39705250965748,4.16,,,San Francisco,2249.0,0.59,0.02,0.61,,,,3.0,,,,,,,,,,,No,,,False,True,1799,115,37.74602982,-122.4033721,1.9390640609880878,True
pge,WEST SACRAMENTO,38.58949498136971,-121.54527027674682,12.0,,,Sacramento,6313.0,4.542,4.745,9.287,,,,3.0,,,,,,,,,,,No,,,False,True,8662,115,38.58953223,-121.5449386,0.029123316553566588,True
pge,TIVY VALLEY,36.770688020428544,-119.39266766293925,12.0,,,Fresno,25294.0,4.106,4.532,8.638,,,,1.0,,,,,,,,,,,No,,,False,True,146,66,36.77054901,-119.393313,0.05952311815226036,True
pge,SHEPHERD,36.87266718173742,-119.69451127750511,21.0,,,Fresno,25206.0,12.177,13.042,25.219,,,,1.0,,,,,,,,,,,No,,,False,True,125,66,36.89581265,-119.6647064,3.6946693462364073,False
pge,CORONA,38.26512802531959,-122.6571608149265,12.0,,,Sonoma,4349.0,2.95,3.152,6.102,,,,1.0,,,,,,,,,,,No,,,False,True,8384,66,38.26499209,-122.6573229,0.02070554928489617,True
pge,PACIFIC GROVE,36.61716803226243,-121.9191911959669,4.16,,,Central Coast,18244.0,1.714,1.948,3.662,,,,2.0,,,,,,,,,,,No,,,False,True,2181,66,36.61739069,-121.9190297,0.02864829395765727,True
pge,GILL,37.98700838558783,-122.04030298525278,4.16,,,Diablo,1355.0,0.648,0.687,1.335,,,,2.0,,,,,,,,,,,No,,,False,True,2321,66,37.98676821,-122.0402689,0.026872849974787828,True
pge,CAROLANDS,37.552816739650304,-122.3759674032582,4.16,,,Peninsula,2406.0,2.805,3.341,6.146,,,,2.0,,,,,,,,,,,No,,,False,True,1195,66,37.55280499,-122.376312,0.0304058139511169,True
pge,CAMP EVERS,37.04175134982072,-122.02549688702273,21.0,,,Central Coast,8362.0,8.965,9.518,18.483,,,,2.0,,,,,,,,,,,No,,,False,True,1268,115,37.04188835,-122.0251366,0.03542062292882828,True
pge,GLENN,39.77771129658629,-122.14217762044808,12.0,,,North Valley,10260.0,5.688,8.872,14.56,,,,1.0,,,,,,,,,,,No,,,False,True,7848,230,39.77794836,-122.1428552,0.06362159811066309,True
pge,SF P (HUNTERS POINT),37.737055022315424,-122.37748705304148,12.0,,,San Francisco,2233.0,0.632,0.667,1.299,,,,2.0,,,,,,,,,,,Yes,,,False,True,1798,115,37.73691799,-122.3768664,0.05666493027584401,True
pge,SILVER,37.7292092119054,-122.41440058169415,4.16,,,San Francisco,2267.0,0.34,0.02,0.36,,,,1.0,,,,,,,,,,,No,,,False,True,2324,115,37.74620312,-122.420327,1.9601820707937727,True
pge,MONTICELLO,38.50914491487987,-122.21449434653393,12.0,,,North Bay,4305.0,2.562,2.969,5.531,,,,1.0,,,,,,,,,,,No,,,False,True,1487,115,38.52282675,-121.9950809,19.15009282767815,False
pge,RANCHERS COTTON,36.70069654914869,-119.7539900369112,12.0,,,Fresno,25480.0,7.178,8.731,15.909,,,,1.0,,,,,,,,,,,No,,,False,True,113,115,36.70056751,-119.754489,0.04674072290903518,True
pge,LAYTONVILLE,39.68493707127593,-123.47704802021951,12.0,,,Humboldt,4268.0,0.286,0.297,0.583,,,,1.0,,,,,,,,,,,No,,,False,True,596,66,39.68458651,-123.477223,0.04175754852670137,True
pge,RUSSELL,37.85452448999599,-122.27989615948655,4.16,,,East Bay,1331.0,0.634,0.657,1.291,,,,1.0,,,,,,,,,,,No,,,False,True,2138,66,37.8544867,-122.2796669,0.020562091121314397,True
pge,HOOPA,41.0562197839853,-123.6821751759544,12.0,,,Humboldt,19240.0,1.049,1.131,2.18,,,,1.0,,,,,,,,,,,No,,,False,True,178,66,40.82049761,-123.8282375,28.940449761462094,False
pge,MADERA,36.92328166223725,-120.05507066657292,12.0,,,Yosemite,25276.0,13.231,15.383,28.614,,,,3.0,,,,,,,,,,,No,,,False,True,573,66,36.92350064,-120.055387,0.03719704193921641,True
pge,HOLLISTER,36.86291061228925,-121.4059655595244,21.0,,,Central Coast,18249.0,16.222,22.088,38.31,,,,3.0,,,,,,,,,,,No,,,False,True,987,66,36.85686674,-121.5119869,9.456374018487718,False
pge,PENNGROVE,38.31542240187963,-122.68088467235825,12.0,,,Sonoma,4347.0,4.582,9.238,13.82,,,,1.0,,,,,,,,,,,No,,,False,True,1342,115,38.31550856,-122.6811315,0.02356930042948448,True
pge,ARVIN,35.14989859396815,-118.87875605697371,12.0,,,Kern,25380.0,0.016,0.016,0.032,,,,1.0,,,,,,,,,,,No,,,False,True,226,66,35.15031453,-118.8784674,0.053177214398574604,True
pge,FORT BRAGG A,39.4353215496146,-123.79944585942631,12.0,,,Humboldt,4276.0,2.175,2.753,4.928,,,,2.0,,,,,,,,,,,No,,,False,True,593,66,39.4348293,-123.799384,0.054992867914149084,True
pge,COTTLE,37.772814224827606,-120.826244610004,17.0,,,Yosemite,16371.0,4.887,5.351,10.238,,,,3.0,,,,,,,,,,,No,,,False,True,1381,115,37.75093426,-120.845295,2.9535857884498804,False
pge,OCEAN,37.72329584444796,-122.45488992150584,4.16,,,San Francisco,2258.0,1.15,0.13,1.28,,,,2.0,,,,,,,,,,,No,,,False,True,1127,115,37.69167955,-122.4559379,3.516780147846549,False
pge,6TH AVENUE,37.78165946851242,-122.4647973814628,4.16,,,San Francisco,2253.0,0.27,0.02,0.29,,,,3.0,,,,,,,,,,,No,,,False,True,1129,115,37.78365957,-122.4170094,4.205580876934875,False
pge,VIEJO,36.578607210500685,-121.90842396908974,21.0,,,Central Coast,18285.0,2.708,3.067,5.775,,,,2.0,,,,,,,,,,,No,,,False,True,656,66,36.57837138,-121.9084179,0.02622875449548936,True
pge,SAN BRUNO,37.62096289057508,-122.42531311330475,4.16,,,Peninsula,2270.0,0.611,0.642,1.253,,,,1.0,,,,,,,,,,,No,,,False,True,1206,66,37.62095693,-122.4251145,0.017505173086565025,True
pge,OCEANO,35.10171002130732,-120.58099919103158,12.0,,,Los Padres,18260.0,2.369,2.697,5.066,,,,2.0,,,,,,,,,,,No,,,False,True,1182,115,35.10171139,-120.5809911,0.0007516281936492461,True
pge,CUYAMA,34.927616278599906,-119.62029680803812,21.0,,,Kern,25314.0,0.113,0.113,0.226,,,,2.0,,,,,,,,,,,No,,,False,True,1506,66,34.92760556,-119.6213417,0.09526613768670072,True
pge,HALF MOON BAY,37.46904870806549,-122.4294538339823,12.0,,,Peninsula,2410.0,7.084,8.013,15.097,,,,3.0,,,,,,,,,,,No,,,False,True,1199,66,37.46884722,-122.4301222,0.06309729223150823,True
pge,PALO SECO,37.81955732296677,-122.20690655429549,4.16,,,East Bay,1318.0,1.598,1.752,3.35,,,,1.0,,,,,,,,,,,No,,,False,True,2142,66,37.83632031,-122.2200046,2.1903666626828,False
pge,LOYOLA,37.36101855697285,-122.09928092012728,12.0,,,De Anza,8216.0,21.377,23.971,45.348,,,,2.0,,,,,,,,,,,No,,,False,True,1249,66,37.36105838,-122.0997084,0.03803961836601231,True
pge,MENDOCINO,39.25063932695956,-123.19762575124754,12.0,,,Humboldt,4295.0,2.574,2.689,5.263,,,,1.0,,,,,,,,,,,No,,,False,True,597,66,39.17375327,-123.2056911,8.577531625716947,False
pge,EMERALD LAKE,37.46149299207372,-122.2772794279851,4.16,,,Peninsula,2408.0,1.826,2.131,3.957,,,,1.0,,,,,,,,,,,No,,,False,True,7821,230,37.45763021,-122.2863257,0.9066622960525198,True
pge,BURNS,37.09517776069064,-122.14368831593914,21.0,,,Central Coast,18358.0,5.982,6.361,12.343,,,,1.0,,,,,,,,,,,No,,,False,True,1267,66,37.095332,-122.1442873,0.05582538167105792,True
pge,MOLINO,38.425711114587386,-122.83287143283748,12.0,,,Sonoma,4257.0,8.793,9.79,18.583,,,,2.0,,,,,,,,,,,No,,,False,True,1340,66,38.42528801,-122.832326,0.06686541325231514,True
pge,MAXWELL,39.27720532980578,-122.15302787153044,12.0,,,Sacramento,6288.0,0.497,1.06,1.557,,,,2.0,,,,,,,,,,,No,,,False,True,66,66,39.27695996,-122.1532889,0.03534438141948933,True
pge,LOCKHEED NO 2,37.41633412032817,-122.03185703639838,12.0,,,De Anza,8300.0,0.548,1.269,1.817,,,,2.0,,,,,,,,,,,Yes,,,False,True,1810,115,37.41613333,-122.0308028,0.095745253653762,True
pge,WARD,37.7223556609754,-122.16118821037313,4.16,,,Mission,1298.0,0.0,0.09,0.09,,,,1.0,,,,,,,,,,,No,,,False,True,2152,66,37.72239092,-122.1616289,0.03895797033681526,True
pge,ASHLAN AVE,36.79285389656522,-119.82738205997627,12.0,,,Fresno,25205.0,5.949,6.441,12.39,,,,3.0,,,,,,,,,,,No,,,False,True,7844,230,36.821906,-119.8589773,4.283467428044096,False
pge,NEWARK 21KV,37.50289932556285,-121.98163324660962,21.0,,,Mission,1223.0,13.403,32.959,46.362,,,,,,,,,,,,,,,No,,,False,True,8335,230,37.50084138,-121.9862901,0.47023767153155493,True
pge,DALY CITY,37.69202059210078,-122.45565658797352,12.0,,,Peninsula,2264.0,2.825,3.143,5.968,,,,3.0,,,,,,,,,,,No,,,False,True,1127,115,37.69167955,-122.4559379,0.04528552781285885,True
pge,SF E,37.75998246201988,-122.42031135616251,12.0,,,San Francisco,2207.0,5.17,0.69,5.86,,,,3.0,,,,,,,,,,,No,,,False,True,2324,115,37.74620312,-122.420327,1.5321935423999071,True
pge,LAWNDALE,37.66284710325899,-122.44306917304786,4.16,,,Peninsula,2244.0,1.386,1.526,2.912,,,,2.0,,,,,,,,,,,No,,,False,True,8463,66,37.65081497,-122.4542636,1.6616676013268392,True
pge,BERESFORD,37.56455256555905,-122.31946336534357,4.16,,,Peninsula,2404.0,3.287,3.725,7.012,,,,2.0,,,,,,,,,,,No,,,False,True,1192,66,37.56489266,-122.319312,0.0401011391411224,True
pge,BIOLA,36.79252636020794,-120.11415824294244,12.0,,,Fresno,25221.0,9.734,10.808,20.542,,,,1.0,,,,,,,,,,,No,,,False,True,118,66,36.79273987,-120.1141466,0.023763831938045953,True
pge,MC ARTHUR,41.0514109866347,-121.40819070502693,12.0,,,North Valley,10349.0,2.691,12.587,15.278,,,,1.0,,,,,,,,,,,No,,,False,True,1284,66,41.051239,-121.408261,0.020011863129434083,True
pge,CHOLAME,35.68629650117082,-120.33615099258384,12.0,,,Los Padres,18256.0,0.825,12.53,13.355,,,,2.0,,,,,,,,,,,No,,,False,True,1178,66,35.68655,-120.3362306,0.029090264680092327,True
pge,CABRILLO,34.643231832675774,-120.4373602032375,12.0,,,Los Padres,18310.0,5.699,6.589,12.288,,,,1.0,,,,,,,,,,,No,,,False,True,39,115,34.64326979,-120.4372802,0.008448571037979096,True
pge,PARSONS,37.702249031979264,-122.08272925560476,4.16,,,Mission,1366.0,0.67,0.02,0.69,,,,2.0,,,,,,,,,,,Yes,,,False,True,2159,66,37.70187077,-122.0827995,0.04251239310181766,True
pge,BROWNS VALLEY,39.22604998760262,-121.42343570527576,12.0,,,Sacramento,15292.0,1.57,0.11,1.68,,,,1.0,,,,,,,,,,,No,,,False,True,1488,66,39.22586945,-121.4227731,0.0605030209230645,True
pge,PETALUMA C,38.23949974182017,-122.63676111116996,12.0,,,Sonoma,4263.0,3.946,4.749,8.695,,,,4.0,,,,,,,,,,,No,,,False,True,1343,66,38.23908895,-122.6367124,0.045875649346950785,True
pge,ANITA,39.81086776157862,-121.91991335854588,12.0,,,North Valley,10284.0,11.367,17.505,28.872,,,,2.0,,,,,,,,,,,No,,,False,True,40,66,39.81095374,-121.9196266,0.026293357699671734,True
pge,PARLIER,36.60756183371276,-119.52147471307352,12.0,,,Fresno,25229.0,3.757,4.253,8.01,,,,1.0,,,,,,,,,,,No,,,False,True,140,66,36.60755351,-119.5213101,0.014722564637438262,True
pge,HARTLEY,39.07670414389441,-122.93340708386404,12.0,,,Humboldt,4321.0,4.226,18.368,22.594,,,,2.0,,,,,,,,,,,No,,,False,True,328,66,39.07721407,-122.9325679,0.09199138771430068,True
pge,SPENCE,36.61397731072983,-121.56666763878204,12.0,,,Central Coast,18220.0,0.046,0.046,0.092,,,,2.0,,,,,,,,,,,No,,,False,True,655,66,36.6137528,-121.5671333,0.04848301500971306,True
pge,SULLIVAN,37.68724547633245,-122.4717637101012,4.16,,,Peninsula,2285.0,0.21,0.09,0.3,,,,1.0,,,,,,,,,,,No,,,False,True,1127,115,37.69167955,-122.4559379,1.4772608597922423,True
pge,JUDAH,37.76070385654141,-122.493499260624,4.16,,,San Francisco,2240.0,0.69,0.05,0.74,,,,2.0,,,,,,,,,,,No,,,False,True,2324,115,37.74620312,-122.420327,6.632046435285499,False
pge,BLUE LAKE,40.88014012907379,-123.98025783924872,12.0,,,Humboldt,19218.0,3.834,4.034,7.868,,,,1.0,,,,,,,,,,,No,,,False,True,163,66,40.8798343,-123.9805907,0.044040665394198264,True
pge,GRANT,37.67180204255067,-122.15958413255876,12.0,,,Mission,1438.0,0.987,1.929,2.916,,,,2.0,,,,,,,,,,,Yes,,,False,True,10,115,37.67126804,-122.1595387,0.059512863283356955,True
pge,RICHMOND R,37.92625133438892,-122.36966637516512,12.0,,,East Bay,1347.0,2.703,3.08,5.783,,,,2.0,,,,,,,,,,,Yes,,,False,True,1604,66,37.9261806,-122.3695771,0.011098569611920071,True
pge,MC KEE,37.36629769546083,-121.84378234897032,12.0,,,San Jose,8353.0,21.84,26.221,48.061,,,,3.0,,,,,,,,,,,No,,,False,True,1252,115,37.36625341,-121.8433525,0.038305574263735605,True
pge,CAYUCOS,35.44897550448366,-120.87040792910972,12.0,,,Los Padres,18255.0,0.624,0.782,1.406,,,,2.0,,,,,,,,,,,No,,,False,True,1177,66,35.4487033,-120.8703597,0.03058141713518444,True
pge,WAHTOKE,36.61521376920539,-119.45225124272176,12.0,,,Fresno,25453.0,10.689,11.184,21.873,,,,2.0,,,,,,,,,,,No,,,False,True,127,66,36.57016948,-119.4190334,5.8208155797282455,False
pge,VASCO,37.71097214981069,-121.71567702519704,12.0,,,Mission,1375.0,4.004,5.381,9.385,,,,2.0,,,,,,,,,,,No,,,False,True,23,66,37.71111924,-121.7158749,0.023884984631735967,True
pge,EEL RIVER,40.60254042515516,-124.20988251695042,12.0,,,Humboldt,19238.0,1.299,1.448,2.747,,,,2.0,,,,,,,,,,,Yes,,,False,True,173,66,40.59459298,-124.1352072,6.366389123977474,False
pge,WILLOW PASS,38.02501979007568,-121.96117701573776,21.0,,,Diablo,1391.0,1.451,1.739,3.19,,,,2.0,,,,,,,,,,,No,,,False,True,97,66,38.02477032,-121.9609733,0.032983452365821425,True
pge,BRENTWOOD,37.91951019657826,-121.6770008771395,21.0,,,Diablo,1459.0,70.142,74.98,145.122,,,,3.0,,,,,,,,,,,No,,,False,True,8610,66,37.91909304,-121.6767672,0.05071290664329062,True
pge,SARATOGA,37.28110735135594,-122.015662147593,12.0,,,De Anza,8337.0,23.615,26.65,50.265,,,,3.0,,,,,,,,,,,No,,,False,True,7918,66,37.28103367,-122.0151969,0.04197016531292946,True
pge,WILLIAMS,39.15751081265503,-122.14773879689832,12.0,,,Sacramento,6205.0,1.988,2.228,4.216,,,,2.0,,,,,,,,,,,No,,,False,True,68,66,39.15748765,-122.1477121,0.003454289953379281,True
pge,OROVILLE,39.50420642182479,-121.56020606130058,12.0,,,North Valley,10252.0,0.217,0.256,0.473,,,,3.0,,,,,,,,,,,No,,,False,True,49,66,39.50399795,-121.560155,0.023591331853428852,True
pge,ARCATA,40.86730949748007,-124.08825985825644,12.0,,,Humboldt,19202.0,7.503,17.969,25.472,,,,2.0,,,,,,,,,,,Yes,,,False,True,160,66,40.86708117,-124.0884243,0.028910194483596118,True
pge,MERCED FALLS,37.52304085412926,-120.33024521668725,12.0,,,Yosemite,25281.0,5.4,0.63,6.03,,,,1.0,,,,,,,,,,,No,,,False,True,615,66,37.52319174,-120.3303445,0.01892500565858102,True
pge,REDWOOD CITY,37.49079641984113,-122.21284294525265,12.0,,,Peninsula,2416.0,6.377,8.922,15.299,,,,6.0,,,,,,,,,,,No,,,False,True,8592,115,37.49050174,-122.2130761,0.03868883540490298,True
pge,METTLER,38.07824965745363,-121.28692033613773,12.0,,,Stockton,16370.0,2.479,2.601,5.08,,,,1.0,,,,,,,,,,,No,,,False,True,1156,66,38.07792237,-121.2869017,0.03642924347792873,True
pge,COTTONWOOD,40.39732263215315,-122.26727834579738,12.0,,,North Valley,10293.0,10.832,15.776,26.608,,,,2.0,,,,,,,,,,,No,,,False,True,8409,115,40.39786299,-122.2642504,0.26335894591092984,True
pge,EL DORADO PH,38.79358310217803,-120.61933508570162,21.0,,,Sierra,15276.0,2.385,2.712,5.097,,,,1.0,,,,,,,,,,,No,,,False,True,106,115,38.79337762,-120.619311,0.022943729738134057,True
pge,RIVER OAKS,37.41128179639234,-121.92707411842656,21.0,,,San Jose,8234.0,2.196,4.664,6.86,,,,2.0,,,,,,,,,,,No,,,False,True,1533,115,37.41117121,-121.9276788,0.054803817247486786,True
pge,BEACH (Q),37.80767668920345,-122.41439367858108,4.16,,,San Francisco,2234.0,0.1,0.0,0.1,,,,1.0,,,,,,,,,,,No,,,False,True,2323,115,37.79212554,-122.4036251,1.9711285379765084,True
pge,PHILO,39.06446920578099,-123.43729611086648,12.0,,,Humboldt,4260.0,2.546,3.07,5.616,,,,1.0,,,,,,,,,,,No,,,False,True,598,66,39.06398274,-123.4379281,0.07683216039181821,True
pge,NOTRE DAME,39.73006455906166,-121.79624495707743,12.0,,,North Valley,10204.0,5.936,6.539,12.475,,,,2.0,,,,,,,,,,,No,,,False,True,1911,115,39.73015383,-121.796365,0.014279959360608782,True
pge,DOBBINS,39.340076339250025,-121.19541552842642,12.0,,,Sacramento,15374.0,1.131,1.74,2.871,,,,1.0,,,,,,,,,,,No,,,False,True,1490,66,39.33987652,-121.1949272,0.04751083251769066,True
pge,POINT ARENA,38.912156018548,-123.67866119514616,12.0,,,Humboldt,4338.0,0.382,0.687,1.069,,,,1.0,,,,,,,,,,,No,,,False,True,599,66,38.9122899,-123.679924,0.11026966404835108,True
pge,LINCOLN,38.900472292516405,-121.29424750207652,21.0,,,Sierra,15370.0,18.154,20.541,38.695,,,,3.0,,,,,,,,,,,No,,,False,True,751,66,38.9005233,-121.294094,0.014443668084397114,True
pge,GIRVAN,40.51345782429336,-122.37892882123532,12.0,,,North Valley,10340.0,5.86,6.447,12.307,,,,1.0,,,,,,,,,,,No,,,False,True,1283,66,40.51332737,-122.3787745,0.019509273619404386,True
pge,DIAMOND SPRINGS,38.69335810297077,-120.82605011972905,12.0,,,Sierra,15226.0,3.497,3.679,7.176,,,,2.0,,,,,,,,,,,No,,,False,True,99,115,38.69341229,-120.8258948,0.014765216214942714,True
pge,WESTLAKE,37.69887646243163,-122.48018281387162,4.16,,,Peninsula,2260.0,0.361,0.384,0.745,,,,2.0,,,,,,,,,,,No,,,False,True,1127,115,37.69167955,-122.4559379,2.278371647969471,False
pge,LOS OSITOS,36.293861081093134,-121.19982427087686,21.0,,,Central Coast,18208.0,0.891,10.135,11.026,,,,2.0,,,,,,,,,,,No,,,False,True,7938,66,36.26513946,-121.1458666,5.79597471488981,False
pge,WESTPARK,35.37405023329696,-119.04033986202364,12.0,,,Kern,25370.0,3.828,4.004,7.832,,,,3.0,,,,,,,,,,,No,,,False,True,280,115,35.37392781,-119.0403167,0.013773882285844193,True
pge,CARNERAS,35.5408527000329,-119.80462245906078,12.0,,,Kern,25232.0,1.5,11.63,13.13,,,,1.0,,,,,,,,,,,Yes,,,False,True,231,66,35.54109995,-119.8052306,0.06151033736697572,True
pge,SUMMIT,39.31945516117808,-120.37918428385689,12.0,,,Sierra,15259.0,0.133,0.144,0.277,,,,1.0,,,,,,,,,,,No,,,False,True,7837,66,39.3192471,-120.3788903,0.03427537555731773,True
pge,TYLER,40.13845382134672,-122.20839746763076,12.0,,,North Valley,10357.0,7.849,20.564,28.413,,,,2.0,,,,,,,,,,,No,,,False,True,1402,66,40.13847475,-122.2088409,0.03776674547866275,True
pge,BIG RIVER,39.31134527209194,-123.78666920979292,12.0,,,Humboldt,4308.0,1.867,6.636,8.503,,,,1.0,,,,,,,,,,,No,,,False,True,590,66,39.31141158,-123.7865408,0.01328193464193692,True
pge,KERMAN,36.69166461699721,-120.06003825090616,12.0,,,Fresno,25271.0,5.136,6.818,11.954,,,,2.0,,,,,,,,,,,No,,,False,True,132,66,36.69153501,-120.060083,0.01495376997701119,True
pge,NORIEGA,37.752473274537806,-122.50475444624009,4.16,,,San Francisco,2251.0,0.28,0.01,0.29,,,,2.0,,,,,,,,,,,No,,,False,True,2324,115,37.74620312,-122.420327,7.45565475359042,False
pge,GREENBRAE,37.93806581399283,-122.51415076392202,12.0,,,Sonoma,4309.0,2.587,3.198,5.785,,,,2.0,,,,,,,,,,,No,,,False,True,580,66,37.9378727,-122.5141976,0.02186259360434845,True
pge,ECHO SUMMIT,38.82437656201053,-120.0284989889445,12.0,,,Sierra,15803.0,0.006,0.006,0.012,,,,1.0,,,,,,,,,,,Yes,,,False,True,2318,66,38.68746574,-120.0658613,15.564696643270995,False
pge,WATERSHED,37.48720723663254,-122.31003681213176,4.16,,,Peninsula,2424.0,0.0,0.0,0.0,,,,1.0,,,,,,,,,,,Yes,,,False,True,1209,66,37.4872972,-122.3112195,0.10482921614697503,True
pge,HAAS,36.92739381730309,-119.02017254615168,12.0,,,Fresno,25993.0,0.0,0.0,0.0,,,,,,,,,,,,,,,No,,,False,True,1634,230,36.92739551,-119.0208088,0.05655624668654306,True
pge,CLAYTON,37.94428985556829,-121.96926364911442,21.0,,,Diablo,1202.0,13.775,14.43,28.205,,,,4.0,,,,,,,,,,,No,,,False,True,82,115,37.94410025,-121.9691071,0.025158501493460193,True
pge,SOLANO,37.89093964397114,-122.29229298057712,4.16,,,East Bay,1314.0,0.19,0.08,0.27,,,,2.0,,,,,,,,,,,No,,,False,True,2131,66,37.8908588,-122.2922097,0.011585276899119127,True
pge,DIXON,38.44526066389723,-121.82592500657064,12.0,,,North Bay,6206.0,11.147,12.905,24.052,,,,2.0,,,,,,,,,,,No,,,False,True,1329,66,38.44525036,-121.8260198,0.008334512707257295,True
pge,ARBUCKLE,39.01767623855932,-122.0610830521299,12.0,,,Sacramento,6208.0,12.008,18.156,30.164,,,,2.0,,,,,,,,,,,No,,,False,True,62,66,39.01747968,-122.0613948,0.03468543845046154,True
pge,NORD,39.76022573614664,-121.90699546602146,12.0,,,North Valley,10307.0,5.67,5.892,11.562,,,,2.0,,,,,,,,,,,No,,,False,True,48,115,39.7602408,-121.9070486,0.004840849343164965,True
pge,FAIRHAVEN,40.80053988251958,-124.1961850487832,12.0,,,Humboldt,19245.0,1.139,7.688,8.827,,,,1.0,,,,,,,,,,,No,,,False,True,165,66,40.80046704,-124.1962938,0.012222944087939808,True
pge,OLD RIVER,35.20832874558806,-119.10078114322462,12.0,,,Kern,25282.0,8.991,9.94,18.931,,,,2.0,,,,,,,,,,,No,,,False,True,258,66,35.20843056,-119.1006862,0.014232931862746127,True
pge,HARTER,39.1430758668314,-121.64781496424256,12.0,,,Sacramento,15285.0,6.507,6.726,13.233,,,,2.0,,,,,,,,,,,No,,,False,True,1390,66,39.1432819,-121.6480153,0.02869409328372995,True
pge,SNEATH LANE,37.62198851913939,-122.44686234566812,12.0,,,Peninsula,2272.0,8.539,8.936,17.475,,,,2.0,,,,,,,,,,,No,,,False,True,1208,66,37.62203201,-122.446803,0.007120756061846751,True
pge,NEWARK 12KV,37.50151207995332,-121.98896346778255,12.0,,,Mission,1222.0,1.125,1.936,3.061,,,,4.0,,,,,,,,,,,No,,,False,True,8336,115,37.50083754,-121.9863065,0.24609441708258892,True
pge,CALPELLA,39.19727795800626,-123.1925392202005,12.0,,,Humboldt,4341.0,1.88,3.693,5.573,,,,1.0,,,,,,,,,,,No,,,False,True,597,66,39.17375327,-123.2056911,2.8508656651600406,False
pge,INDIAN FLAT,37.66553336561797,-119.84124163589712,12.0,,,Yosemite,25269.0,1.98,2.046,4.026,,,,1.0,,,,,,,,,,,No,,,False,True,589,66,37.66479448,-119.8412278,0.08216935766334546,True
pge,RESERVATION ROAD,36.62420269765867,-121.68862755200468,12.0,,,Central Coast,18273.0,6.45,7.58,14.03,,,,1.0,,,,,,,,,,,No,,,False,True,1649,66,36.62404337,-121.6880604,0.053624498124368744,True
pge,RADUM,37.67228311817145,-121.85958601044506,12.0,,,Mission,1315.0,4.536,6.029,10.565,,,,2.0,,,,,,,,,,,No,,,False,True,17,66,37.67255501,-121.859528,0.030661075684513435,True
pge,RAWSON,40.14506917599813,-122.2122547593741,12.0,,,North Valley,10353.0,4.44,1.14,5.58,,,,1.0,,,,,,,,,,,No,,,False,True,1747,66,40.14465791,-122.2116928,0.0661279069738583,True
pge,ORTIGA,36.983443336036615,-120.8198332500453,12.0,,,Yosemite,25431.0,5.422,5.768,11.19,,,,1.0,,,,,,,,,,,No,,,False,True,616,66,36.98352226,-120.8194891,0.03180341659443244,True
pge,COALINGA NO 1,36.13620074047216,-120.34415486251105,12.0,,,Fresno,25216.0,8.028,8.956,16.984,,,,2.0,,,,,,,,,,,No,,,False,True,1654,66,36.13620329,-120.3442291,0.006672771310548347,True
pge,ORO FINO,39.87163789301229,-121.611036786173,12.0,,,North Valley,10303.0,1.634,1.858,3.492,,,,1.0,,,,,,,,,,,No,,,False,True,50,66,39.76066295,-121.6187304,12.357333884338288,False
pge,BUENA VISTA,36.65393162469321,-121.62925836204246,12.0,,,Central Coast,18226.0,3.003,3.449,6.452,,,,3.0,,,,,,,,,,,No,,,False,True,633,66,36.65389082,-121.6293384,0.008459638046459474,True
pge,CLARK ROAD,39.65482672818301,-121.63548123647666,12.0,,,North Valley,10309.0,5.507,5.507,11.014,,,,1.0,,,,,,,,,,,No,,,False,True,1578,66,39.65452133,-121.6355082,0.0340370922472637,True
pge,VIRGINIA,37.924728371508415,-122.35950190637028,4.16,,,East Bay,1378.0,0.18,0.02,0.2,,,,1.0,,,,,,,,,,,No,,,False,True,2127,66,37.9247241,-122.3593914,0.009704438165709652,True
pge,COUNTRY CLUB,37.97960932789654,-121.31570780413264,12.0,,,Stockton,16312.0,1.662,1.987,3.649,,,,4.0,,,,,,,,,,,No,,,False,True,1143,66,37.97921029,-121.316392,0.07459855168683102,True
pge,WEEDPATCH,35.223900483374415,-118.88000875571748,12.0,,,Kern,25297.0,3.07,3.309,6.379,,,,1.0,,,,,,,,,,,No,,,False,True,278,66,35.22374722,-118.8800083,0.017042159949889397,True
pge,WHITMORE,40.6295221042704,-121.91545710136442,12.0,,,North Valley,10360.0,0.727,0.749,1.476,,,,1.0,,,,,,,,,,,No,,,False,True,1288,66,40.62903386,-121.9158181,0.062253790163723614,True
pge,GREEN VALLEY,36.952075206180815,-121.7601230620376,21.0,,,Central Coast,8319.0,8.672,11.198,19.87,,,,2.0,,,,,,,,,,,No,,,False,True,8693,115,36.95196933,-121.7603222,0.021253935072950984,True
pge,BAYWOOD,35.36100149108163,-120.8115828504644,12.0,,,Los Padres,18280.0,0.743,1.757,2.5,,,,1.0,,,,,,,,,,,Yes,,,False,True,1173,66,35.36124621,-120.8114339,0.030379390020376155,True
pge,FREMONT,37.5418196595348,-121.961946339948,12.0,,,Mission,1435.0,6.773,9.495,16.268,,,,3.0,,,,,,,,,,,No,,,False,True,2164,115,37.51244728,-121.9444502,3.612155278589187,False
pge,MILPITAS,37.41557922482778,-121.88806969825762,21.0,,,San Jose,8283.0,12.244,13.544,25.788,,,,4.0,,,,,,,,,,,No,,,False,True,1253,115,37.41538249,-121.8883726,0.03455698950233462,True
pge,MT EDEN,37.63195322408561,-122.1023291475442,12.0,,,Mission,1376.0,12.592,14.265,26.857,,,,3.0,,,,,,,,,,,No,,,False,True,7639,66,37.63209122,-122.1018886,0.04171926115757883,True
pge,ANDERSON,40.4500398913538,-122.3047386818897,12.0,,,North Valley,10326.0,2.064,2.395,4.459,,,,1.0,,,,,,,,,,,No,,,False,True,1278,66,40.44973412,-122.3050459,0.04279943168287419,True
pge,CROWS LANDING,37.37774567278726,-121.08632626856836,12.0,,,Yosemite,16325.0,2.124,2.135,4.259,,,,1.0,,,,,,,,,,,No,,,False,True,1380,66,37.37738333,-121.0859027,0.05499204345049021,True
pge,WHEATLAND,39.013259823908015,-121.41884454220936,12.0,,,Sacramento,15281.0,5.348,5.728,11.076,,,,2.0,,,,,,,,,,,No,,,False,True,1496,66,39.01314723,-121.4186163,0.023358459281846617,True
pge,HARDING,37.96361485228802,-121.29066673738885,4.16,,,Stockton,16331.0,0.497,0.506,1.003,,,,2.0,,,,,,,,,,,No,,,False,True,1148,66,37.96372899,-121.290389,0.027457399741986663,True
pge,MOUNTAIN VIEW,37.38264012657535,-122.06962750222034,12.0,,,De Anza,8203.0,1.022,1.022,2.044,,,,3.0,,,,,,,,,,,No,,,False,True,1256,115,37.38260834,-122.0697194,0.00885559839462606,True
pge,GONZALES,36.50924719473701,-121.44649143497328,12.0,,,Central Coast,18213.0,4.979,5.224,10.203,,,,2.0,,,,,,,,,,,No,,,False,True,638,66,36.50886507,-121.4468904,0.05546951470517129,True
pge,NAPA,38.29522583876939,-122.27848498957331,12.0,,,North Bay,4202.0,9.146,9.796,18.942,,,,3.0,,,,,,,,,,,No,,,False,True,8541,115,38.29545198,-122.2788719,0.04209984936511384,True
pge,LODI,38.137240812553664,-121.26217434307496,12.0,,,Stockton,16211.0,9.038,9.922,18.96,,,,2.0,,,,,,,,,,,No,,,False,True,1789,66,38.13724028,-121.2613779,0.06965579623358437,True
pge,WALL,37.92740629292976,-122.31817641662892,4.16,,,East Bay,1374.0,0.965,1.047,2.012,,,,1.0,,,,,,,,,,,No,,,False,True,2125,66,37.93855075,-122.3246229,1.36208766566958,True
pge,SAN JOAQUIN #3,37.25390411510671,-119.51929522608286,12.0,,,Yosemite,25253.0,0.279,0.317,0.596,,,,1.0,,,,,,,,,,,No,,,False,True,575,115,37.32195436,-119.6343316,12.68173349517355,False
pge,SF M,37.733508415379255,-122.43054770849852,4.16,,,San Francisco,2227.0,3.42,0.22,3.64,,,,3.0,,,,,,,,,,,No,,,False,True,2324,115,37.74620312,-122.420327,1.6734100539599166,True
pge,BECK STREET,37.76624214689912,-122.17570399534448,4.16,,,East Bay,1264.0,0.06,0.06,0.12,,,,1.0,,,,,,,,,,,No,,,False,True,20,115,37.76299826,-122.2144948,3.4288646614809872,False
pge,RIPON,37.75576421896199,-121.14626329694828,17.0,,,Stockton,16380.0,9.624,11.235,20.859,,,,2.0,,,,,,,,,,,No,,,False,True,1152,66,37.75580975,-121.1465203,0.02315439691648377,True
pge,VACAVILLE,38.35652261234486,-121.98035345499687,12.0,,,North Bay,6360.0,3.197,3.331,6.528,,,,3.0,,,,,,,,,,,No,,,False,True,2118,66,38.40796819,-121.9535987,6.1775767074813,False
pge,OAKHURST,37.321751489665104,-119.63425437090476,12.0,,,Yosemite,25442.0,6.596,8.303,14.899,,,,3.0,,,,,,,,,,,No,,,False,True,575,115,37.32195436,-119.6343316,0.023569201103786113,True
pge,MAGUNDEN,35.36190117650727,-118.92383965394583,12.0,,,Kern,25277.0,22.082,23.617,45.699,,,,2.0,,,,,,,,,,,No,,,False,True,8158,66,35.36115758,-118.9217673,0.20530954540199042,True
pge,KINGSBURG,36.4886216034969,-119.5824905378176,12.0,,,Fresno,25224.0,0.969,1.017,1.986,,,,2.0,,,,,,,,,,,No,,,False,True,8301,66,36.4884467,-119.5825258,0.0197022074804986,True
pge,SAN LEANDRO U,37.710671483216295,-122.14868122906188,12.0,,,Mission,1311.0,10.224,12.866,23.09,,,,3.0,,,,,,,,,,,No,,,False,True,19,115,37.71062477,-122.1481883,0.043671691299582115,True
pge,PLAINFIELD,38.6182663711888,-121.79358211851525,12.0,,,Sacramento,6344.0,5.602,6.334,11.936,,,,2.0,,,,,,,,,,,No,,,False,True,1885,115,38.67863771,-121.7600408,7.317693875271694,False
pge,STONE,37.30430354718722,-121.8681773963203,12.0,,,San Jose,8370.0,2.47,3.032,5.502,,,,2.0,,,,,,,,,,,No,,,False,True,1260,115,37.304004,-121.867716,0.052676780030724055,True
pge,LERDO,35.500438317703164,-119.15186971490876,12.0,,,Kern,25349.0,6.019,6.019,12.038,,,,2.0,,,,,,,,,,,Yes,,,False,True,250,66,35.50036603,-119.1518273,0.00890800099897889,True
pge,FRUITVALE,35.37778171713446,-119.09265249949172,12.0,,,Kern,25339.0,7.08,8.142,15.222,,,,2.0,,,,,,,,,,,No,,,False,True,244,115,35.3772676,-119.092688,0.057257751057700694,True
pge,WASCO,35.6019019395657,-119.32598797488932,12.0,,,Kern,25296.0,2.168,2.28,4.448,,,,1.0,,,,,,,,,,,No,,,False,True,277,115,35.6018111,-119.3261944,0.02122112778096654,True
pge,LINDEN,38.0167719179122,-121.09611286247085,12.0,,,Stockton,16207.0,1.526,5.093,6.619,,,,1.0,,,,,,,,,,,No,,,False,True,1153,66,38.01698501,-121.095863,0.03225760077551547,True
pge,ROB ROY,36.97944444856634,-121.86712902180676,21.0,,,Central Coast,8369.0,13.54,2.44,15.98,,,,1.0,,,,,,,,,,,No,,,False,True,1272,115,36.9792271,-121.8672496,0.026435117428835885,True
pge,PASO ROBLES,35.615659121898986,-120.67926595289852,21.0,,,Los Padres,18261.0,16.76,17.746,34.506,,,,3.0,,,,,,,,,,,No,,,False,True,1183,66,35.61563887,-120.6794917,0.020530284963710888,True
pge,STOCKDALE,35.31647157909954,-119.06802793721036,12.0,,,Kern,25407.0,17.06,18.09,35.15,,,,6.0,,,,,,,,,,,No,,,False,True,259,66,35.29555607,-119.0216521,4.8081966517184345,False
pge,MORRO BAY,35.374352209340344,-120.85564135935418,12.0,,,Los Padres,18301.0,3.879,4.991,8.87,,,,1.0,,,,,,,,,,,No,,,False,True,7636,230,35.3743397,-120.8560494,0.037021923215481735,True
pge,TRACY,37.74813194950613,-121.41575105836796,12.0,,,Stockton,16288.0,9.521,14.521,24.042,,,,4.0,,,,,,,,,,,No,,,False,True,1149,115,37.74881851,-121.4160218,0.07996718825312998,True
pge,MORAGA,37.84853384034408,-122.16184860596728,12.0,,,Diablo,1380.0,5.816,6.414,12.23,,,,1.0,,,,,,,,,,,No,,,False,True,8848,230,37.84780829,-122.1608615,0.11840968930105224,True
pge,FIGARDEN,36.82143004382485,-119.85912186746845,21.0,,,Fresno,25455.0,5.108,6.124,11.232,,,,3.0,,,,,,,,,,,No,,,False,True,7844,230,36.821906,-119.8589773,0.05446588204646308,True
pge,BARRETT,37.93963708159622,-122.3466580473046,4.16,,,East Bay,1302.0,0.828,0.951,1.779,,,,2.0,,,,,,,,,,,No,,,False,True,2291,66,37.93956363,-122.3472345,0.05120750835189431,True
pge,REEDLEY,36.604246761895766,-119.37597494144654,12.0,,,Fresno,25234.0,3.267,4.951,8.218,,,,2.0,,,,,,,,,,,No,,,False,True,143,66,36.6043472,-119.3762084,0.02364347290667808,True
pge,KERCKHOFF,37.09207364074768,-119.55301276394894,12.0,,,Fresno,25256.0,0.204,0.204,0.408,,,,1.0,,,,,,,,,,,No,,,False,True,1643,115,37.0922461,-119.5526664,0.036215154455610965,True
pge,OAKLAND D,37.837475094130205,-122.26158519172704,12.0,,,East Bay,1204.0,5.994,6.501,12.495,,,,6.0,,,,,,,,,,,No,,,False,True,1608,115,37.83757075,-122.2636119,0.17829613035047984,True
pge,WYANDOTTE,39.49164315311975,-121.54096296885037,12.0,,,North Valley,10291.0,22.568,35.715,58.283,,,,3.0,,,,,,,,,,,No,,,False,True,54,115,39.49170026,-121.5409467,0.006501644965836424,True
pge,NEWBURG,40.594817406183694,-124.13502277842233,12.0,,,Humboldt,19215.0,3.172,3.384,6.556,,,,2.0,,,,,,,,,,,No,,,False,True,173,66,40.59459298,-124.1352072,0.029414684230031525,True
pge,RIO BRAVO,35.44206083008288,-119.26062694774596,12.0,,,Kern,25286.0,0.45,8.692,9.142,,,,2.0,,,,,,,,,,,Yes,,,False,True,261,115,35.44202961,-119.2607154,0.008732635699703895,True
pge,VINEYARD,37.66981508616917,-121.85487819350168,21.0,,,Mission,1450.0,5.207,7.389,12.596,,,,2.0,,,,,,,,,,,No,,,False,True,24,66,37.66968929,-121.8544376,0.04122488524184793,True
pge,ATWATER,37.3600903184248,-120.61458852452108,12.0,,,Yosemite,25361.0,2.839,2.958,5.797,,,,2.0,,,,,,,,,,,No,,,False,True,605,115,37.36010094,-120.6146848,0.008590584820611268,True
pge,FROGTOWN,38.05723780621027,-120.5341629491827,17.0,,,Stockton,16345.0,4.274,4.522,8.796,,,,2.0,,,,,,,,,,,No,,,False,True,58,115,38.0571528,-120.5339711,0.019274142862699378,True
pge,FULTON,38.497363244277295,-122.76136488870888,12.0,,,Sonoma,4256.0,1.972,2.122,4.094,,,,2.0,,,,,,,,,,,No,,,False,True,8015,115,38.49776857,-122.7607143,0.07236614394323226,True
pge,MIRABEL,38.48962828607511,-122.89415788279445,12.0,,,Sonoma,4209.0,7.097,7.855,14.952,,,,1.0,,,,,,,,,,,No,,,False,True,1339,66,38.48950733,-122.8941827,0.013622037125417008,True
pge,BELL,38.946685494069264,-121.0914507213159,12.0,,,Sierra,15270.0,3.824,4.987,8.811,,,,2.0,,,,,,,,,,,No,,,False,True,743,115,38.94679968,-121.0916716,0.02293641850377982,True
pge,LAMONT,35.29714530040142,-118.8617741098652,12.0,,,Kern,25391.0,10.263,15.169,25.432,,,,2.0,,,,,,,,,,,No,,,False,True,2202,66,35.24729651,-118.8608581,5.543556328181173,False
pge,JACINTO,39.58288667011789,-122.01062919339816,12.0,,,North Valley,10285.0,1.799,3.321,5.12,,,,1.0,,,,,,,,,,,No,,,False,True,151,66,39.58278564,-122.0104719,0.01754731751810391,True
pge,RIVERBANK,37.76887583084935,-120.90778635201956,17.0,,,Yosemite,16319.0,4.221,4.347,8.568,,,,2.0,,,,,,,,,,,No,,,False,True,1378,115,37.76920307,-120.9078448,0.03674821839741301,True
pge,ATASCADERO,35.4651926369646,-120.6714179229173,12.0,,,Los Padres,18254.0,4.009,4.382,8.391,,,,1.0,,,,,,,,,,,No,,,False,True,1172,66,35.46547218,-120.6714417,0.031158266240185428,True
pge,EAST GRAND,37.65396784266645,-122.40420306125036,12.0,,,Peninsula,2257.0,9.037,10.964,20.001,,,,5.0,,,,,,,,,,,No,,,False,True,1197,115,37.65381238,-122.4031653,0.09298011969745996,True
pge,SYCAMORE CREEK,39.76887891514183,-121.82323209706044,12.0,,,North Valley,10297.0,3.179,4.637,7.816,,,,3.0,,,,,,,,,,,No,,,False,True,52,115,39.76876106,-121.8240284,0.069308595894638,True
pge,BURLINGAME,37.589994031230255,-122.3628212137506,4.16,,,Peninsula,2405.0,1.069,1.326,2.395,,,,3.0,,,,,,,,,,,Yes,,,False,True,1193,115,37.58992414,-122.363374,0.049322375961188394,True
pge,LOS MOLINOS,40.03430703089894,-122.09587413860588,12.0,,,North Valley,10348.0,5.836,7.836,13.672,,,,1.0,,,,,,,,,,,No,,,False,True,1398,66,40.03419988,-122.0961178,0.023922837456178306,True
pge,STOCKTON ACRES,37.9630980647908,-121.3237146106475,4.16,,,Stockton,16322.0,0.385,0.42,0.805,,,,1.0,,,,,,,,,,,No,,,False,True,2243,66,37.9633121,-121.3234312,0.03440538614715698,True
pge,VALLEY HOME,37.85608548958504,-120.94440964637616,17.0,,,Yosemite,16298.0,9.602,11.529,21.131,,,,2.0,,,,,,,,,,,No,,,False,True,1168,115,37.85642659,-120.9444262,0.03795646874547591,True
pge,HIGGINS,39.04402916015481,-121.0909371400403,12.0,,,Sierra,15269.0,7.777,8.354,16.131,,,,3.0,,,,,,,,,,,No,,,False,True,758,66,39.03596259,-120.9879836,8.936793031488804,False
pge,COTATI,38.30980554981653,-122.73175577070296,12.0,,,Sonoma,4227.0,2.006,2.306,4.312,,,,2.0,,,,,,,,,,,No,,,False,True,1336,66,38.309559,-122.731648,0.028982864464581495,True
pge,RENFRO,35.3871335591251,-119.1642609395004,21.0,,,Kern,25457.0,11.893,13.214,25.107,,,,2.0,,,,,,,,,,,No,,,False,True,1926,230,35.38771939,-119.1640945,0.06686595369591712,True
pge,FRENCH CAMP,37.881897863897066,-121.29042050604268,12.0,,,Stockton,16329.0,1.387,1.731,3.118,,,,2.0,,,,,,,,,,,No,,,False,True,1145,66,37.88208899,-121.290364,0.02182319102728924,True
pge,CHOWCHILLA,37.12083563007519,-120.25043505532854,12.0,,,Yosemite,25410.0,24.026,36.517,60.543,,,,2.0,,,,,,,,,,,No,,,False,True,613,115,37.18497687,-120.2739551,7.430546260078244,False
pge,MIDWAY,35.40071397340408,-119.44889279756244,12.0,,,Kern,25261.0,2.272,2.491,4.763,,,,2.0,,,,,,,,,,,No,,,False,True,7928,500,35.40364658,-119.4523314,0.45107339094404303,True
pge,PANOCHE,36.65147106321651,-120.58017074552066,12.0,,,Yosemite,25367.0,2.981,3.904,6.885,,,,1.0,,,,,,,,,,,No,,,False,True,8462,115,36.65353109,-120.5817603,0.269403552907757,True
pge,SISQUOC,34.87888609675112,-120.3307559903573,12.0,,,Los Padres,18281.0,1.462,2.325,3.787,,,,2.0,,,,,,,,,,,No,,,False,True,8121,66,34.87858246,-120.3307075,0.03405138440491733,True
pge,WEST FRESNO,36.71798260214739,-119.81904246829367,12.0,,,Fresno,25373.0,10.889,11.716,22.605,,,,3.0,,,,,,,,,,,No,,,False,True,2188,66,36.72636077,-119.7927116,2.5249570105487726,False
pge,SAN LUIS OBISPO,35.26178451937213,-120.63457824118316,12.0,,,Los Padres,18263.0,5.415,6.741,12.156,,,,2.0,,,,,,,,,,,No,,,False,True,8842,66,35.26170308,-120.6348653,0.027591388288710713,True
pge,OLIVEHURST,39.09191021084869,-121.54283685629107,12.0,,,Sacramento,15290.0,6.652,11.369,18.021,,,,2.0,,,,,,,,,,,No,,,False,True,1493,66,39.05146481,-121.5463491,4.507532456372095,False
pge,NORTECH,37.42095169352169,-121.9604588755621,21.0,,,San Jose,8246.0,12.96,17.639,30.599,,,,2.0,,,,,,,,,,,No,,,False,True,1534,115,37.4207031,-121.9598699,0.05890171062634265,True
pge,KNIGHTS LANDING,38.80894434056115,-121.74638901920422,12.0,,,Sacramento,6272.0,2.415,2.547,4.962,,,,1.0,,,,,,,,,,,No,,,False,True,1485,66,38.80928378,-121.7450948,0.11832215340267013,True
pge,SMYRNA,35.717948469880604,-119.45528357473574,12.0,,,Kern,25355.0,0.225,3.768,3.993,,,,2.0,,,,,,,,,,,No,,,False,True,268,115,35.71782151,-119.4553416,0.015057877937269369,True
pge,BONNIE NOOK,39.21451033170248,-120.80959918082056,12.0,,,Sierra,15230.0,0.194,0.222,0.416,,,,1.0,,,,,,,,,,,No,,,False,True,744,66,39.21470787,-120.8092925,0.034359133829560344,True
pge,CORNING,39.932572768315495,-122.18734884261642,12.0,,,North Valley,10333.0,4.932,5.119,10.051,,,,3.0,,,,,,,,,,,No,,,False,True,1395,66,39.93243151,-122.1875897,0.025854722459709507,True
pge,EL PATIO,37.29163644525506,-121.93561870955156,12.0,,,De Anza,8292.0,12.702,13.883,26.585,,,,4.0,,,,,,,,,,,No,,,False,True,1245,115,37.29203239,-121.9357659,0.04591211080855075,True
pge,PIT NO 3,40.99802297914013,-121.7472863637594,21.0,,,North Valley,10373.0,0.038,0.038,0.076,,,,1.0,,,,,,,,,,,Yes,,,False,True,1727,230,40.98709396,-121.8493033,8.648026140155977,False
pge,FITCH MOUNTAIN,38.606826614556056,-122.85303132509898,12.0,,,Sonoma,4275.0,6.963,8.864,15.827,,,,2.0,,,,,,,,,,,No,,,False,True,1763,66,38.60655701,-122.852858,0.03354915580052947,True
pge,STANISLAUS,38.14006225541333,-120.36971689458166,17.0,,,Yosemite,16282.0,1.304,1.549,2.853,,,,1.0,,,,,,,,,,,No,,,False,True,1890,115,38.13789804,-120.3701892,0.24416902659256332,True
pge,PLACERVILLE,38.730977599017024,-120.78350575501544,12.0,,,Sierra,15308.0,2.807,3.037,5.844,,,,2.0,,,,,,,,,,,No,,,False,True,99,115,38.69341229,-120.8258948,5.565500927654427,False
pge,EIGHT MILE,38.058406468108736,-121.37663705496492,21.0,,,Stockton,16391.0,11.371,24.311,35.682,,,,2.0,,,,,,,,,,,No,,,False,True,1905,230,38.05886608,-121.3769021,0.05612812397805773,True
pge,AIRWAYS,36.77817677583952,-119.67395617756009,12.0,,,Fresno,25204.0,21.911,23.025,44.936,,,,2.0,,,,,,,,,,,No,,,False,True,2186,115,36.77800449,-119.6737998,0.0236849190860355,True
pge,BERKELEY F,37.87234225189556,-122.27809421905329,12.0,,,East Bay,1206.0,0.179,0.604,0.783,,,,2.0,,,,,,,,,,,No,,,False,True,2135,66,37.87242957,-122.2781691,0.011724811610883915,True
pge,CASSERLY,36.96982661403625,-121.7670741950634,4.16,,,Central Coast,8311.0,0.336,0.355,0.691,,,,1.0,,,,,,,,,,,No,,,False,True,8693,115,36.95196933,-121.7603222,2.074285516802845,False
pge,EL CAPITAN,37.33595281998132,-120.50540396991832,12.0,,,Yosemite,25388.0,9.919,14.915,24.834,,,,3.0,,,,,,,,,,,No,,,False,True,7913,66,37.27333607,-120.4872542,7.145325440786776,False
sce,Acton,34.51048799897755,-118.1972449969698,12.55,,Antelope 220/66 System,,623.0,8.5,1.485,9.985,15.59,0.64,46.02,3.0,63.779,10.4206,0.1883,0.0,25.6121,1016.0,166.0,3.0,0.0,408.0,Interconnection studies in this area have identified adequate deliverability.,,,False,True,2316,66,34.55764538,-118.1802498,5.469876644773864,False
sce,Aha P.T.,33.86588835692363,-114.5337720046856,12.55,,Eagle Mountain 220/220 System,,1272.0,0.009,0.0,0.009,2.52,0.0,4.19,1.0,62.9139,7.2848,0.0,0.0,29.8013,95.0,11.0,0.0,0.0,45.0,Interconnection studies in this area have identified inadequate deliverability.,,,True,False,2265,66,33.72935002,-114.5171768,15.259615590609117,False
sce,Albury P.T.,33.83891625263318,-118.11677451985788,,,Del Amo 220/66 System,,2049.0,0.147,0.008,0.155,0.71,0.22,1.84,1.0,94.3925,0.9346,0.0,0.0,4.6729,101.0,1.0,0.0,0.0,5.0,Interconnection studies in this area have identified adequate deliverability.,,,True,False,459,66,33.84235695,-118.1205988,0.5206958692673335,True
sce,Alder,34.13536355569119,-117.40896380206628,12.55,,Etiwanda 220/66 System,,800.0,56.361,13.682,70.043,124.91,0.56,58.76,16.0,80.7607,7.7178,0.0111,0.0663,11.4441,7304.0,698.0,1.0,6.0,1035.0,Interconnection studies in this area have identified adequate deliverability.,,,False,True,990,66,34.13546122,-117.4092334,0.027085539518382547,True
sce,Alessandro,33.902360203824635,-117.2181852584964,12.55,,Valley 500/115 System,,1777.0,47.722,5.529,53.251,100.8,0.53,47.55,18.0,84.1667,6.3108,0.026,0.0347,9.4618,9696.0,727.0,3.0,4.0,1090.0,Deliverability in this area has not been determined by previous interconnection studies.,,,False,True,782,115,33.90206112,-117.2187445,0.061399392272493934,True
sce,Alhambra,34.09096899908039,-118.14957300279646,16.98,,Eagle Rock 220/66 System,,388.0,1.118,0.07,1.188,7.87,0.15,17.12,18.0,59.5195,21.4982,0.0113,0.068,18.903,5252.0,1897.0,1.0,6.0,1668.0,Interconnection studies in this area have identified adequate deliverability.,,,False,True,354,66,34.09126536,-118.1490914,0.05525185916090556,True
sce,Allview P.T.,34.21479099860479,-117.12502108530076,2.5,,Vista 220/115 System,,1277.0,0.031,0.0,0.031,0.48,0.07,0.47,1.0,85.5072,5.7971,0.0,0.0,8.6957,59.0,4.0,0.0,0.0,6.0,Interconnection studies in this area have identified adequate deliverability.,,,True,False,2281,66,34.20804986,-117.1039999,2.073245687831239,False
sce,Alola,33.96941961867055,-116.88125278288295,2.5,,El Casco 220/115 System,,2203.0,0.012,0.0,0.012,0.0,0.0,0.99,1.0,55.5556,0.0,0.0,0.0,44.4444,5.0,0.0,0.0,0.0,4.0,Deliverability in this area has not been determined by previous interconnection studies.,,,False,True,1996,115,33.9477822,-116.9232031,4.556133674876646,False
sce,Alon,33.8348209992809,-118.24764500383525,12.55,,Lighthipe 220/66 System,,823.0,7.638,6.453,14.091,29.76,0.47,34.65,9.0,31.6402,40.9524,0.0,1.164,26.2434,299.0,387.0,0.0,11.0,248.0,Interconnection studies in this area have identified adequate deliverability.,,,False,True,355,66,33.8349536,-118.2473837,0.028282454023897684,True
sce,Alpine P.T.,34.238664178957094,-117.23632790733168,2.5,,Vista 220/115 System,,1276.0,0.09,0.02,0.109,0.89,0.12,1.39,1.0,71.9008,3.3058,0.0,0.0,24.7934,87.0,4.0,0.0,0.0,30.0,Interconnection studies in this area have identified adequate deliverability.,,,True,False,2271,66,34.23438741,-117.2014241,3.2436628368443987,False
sce,Amador,34.07169126881664,-118.02699178701492,,,Rio Hondo 220/66 System,,430.0,1.497,0.086,1.584,11.19,0.14,16.65,15.0,56.3647,21.1914,0.0146,0.4369,21.9924,3870.0,1455.0,1.0,30.0,1510.0,Interconnection studies in this area have identified adequate deliverability.,,,False,True,356,66,34.07144828,-118.0265504,0.048814440823083054,True
sce,Amalia,34.0243532126106,-118.15450003414075,,,Mesa 220/66 System,,390.0,0.654,0.037,0.691,9.53,0.07,14.31,8.0,64.9467,18.5642,0.0,0.0,16.4891,1158.0,331.0,0.0,0.0,294.0,Interconnection studies in this area have identified adequate deliverability.,,,False,True,2066,66,34.02441084,-118.1546498,0.015217117618777214,True
sce,Amargo,35.00091068417334,-117.64796268028908,,,Kramer 220/115 System,,1626.0,0.466,0.005,0.471,0.9,0.52,1.03,2.0,56.7568,5.4054,0.0,0.0,37.8378,126.0,12.0,0.0,0.0,84.0,Interconnection studies in this area have identified inadequate deliverability.,,,False,True,2262,66,35.00019441,-117.6491998,0.13798893330430706,True
sce,Amboy,34.5494849984677,-115.7434559952921,12.55,,Devers 220/115 System,,1627.0,0.0,0.0,0.0,0.56,0.0,2.5,1.0,0.0,34.0,0.0,0.0,66.0,0.0,17.0,0.0,0.0,33.0,Deliverability in this area has not been determined by previous interconnection studies.,,,False,True,2017,115,34.13779814,-116.0537102,53.91600947080378,False
sce,Anaverde,34.56752478148115,-118.1462323315475,12.55,,Antelope 220/66 System,,674.0,23.71,2.755,26.465,72.8,0.36,46.33,10.0,79.7638,5.9959,0.0,0.0,14.2403,3512.0,264.0,0.0,0.0,627.0,Interconnection studies in this area have identified adequate deliverability.,,,False,True,358,66,34.567506,-118.147688,0.13330372805984048,True
sce,Anita,34.10555098724205,-118.03923537457985,,,Rio Hondo 220/66 System,,392.0,4.062,0.426,4.488,10.74,0.42,16.51,15.0,71.3954,14.8825,0.0145,0.0145,13.6931,4922.0,1026.0,1.0,1.0,944.0,Interconnection studies in this area have identified adequate deliverability.,,,False,True,359,66,34.10562887,-118.0384571,0.07217718835554729,True
sce,Apple Valley,34.44832304690117,-117.2235414064831,12.55,,Victor 220/115 System,,1628.0,43.877,5.441,49.318,65.49,0.75,34.68,11.0,76.392,7.3742,0.0427,0.0641,16.127,7148.0,690.0,4.0,6.0,1509.0,Interconnection studies in this area have identified adequate deliverability.,,,False,True,992,115,34.44908567,-117.2243526,0.11279959796430586,True
sce,Aqueduct,34.415639000690206,-117.35595999917751,12.55,,Victor 220/115 System,,1833.0,47.225,2.581,49.806,62.28,0.8,34.19,11.0,78.419,6.5349,0.0,0.0395,15.0066,5952.0,496.0,0.0,3.0,1139.0,Interconnection studies in this area have identified adequate deliverability.,,,False,True,993,115,34.41536392,-117.3557833,0.034616864615406334,True
sce,Arcadia,34.143984965719575,-118.02578444208424,16.98,,Rio Hondo 220/66 System,,394.0,2.5,0.3,2.801,8.58,0.33,22.2,15.0,58.1434,21.3001,0.0,0.024,20.5325,2424.0,888.0,0.0,1.0,856.0,Interconnection studies in this area have identified adequate deliverability.,,,False,True,362,66,34.14413076,-118.025731,0.016941190029536504,True
sce,Archibald,33.997768456231,-117.59266187137268,12.55,,Mira Loma 220/66 System,,789.0,36.878,9.38,46.258,90.59,0.51,54.54,11.0,73.3267,9.0977,0.3966,0.0248,17.1542,2958.0,367.0,16.0,1.0,692.0,Interconnection studies in this area have identified adequate deliverability.,,,False,True,994,66,33.99775834,-117.592678,0.0018644227866300197,True
sce,Archline,34.12086929458526,-117.58409269968844,12.55,,Etiwanda 220/66 System,,796.0,31.717,5.623,37.34,100.65,0.37,63.46,14.0,82.9442,7.2499,0.0123,0.0,9.7936,6750.0,590.0,1.0,0.0,797.0,Interconnection studies in this area have identified adequate deliverability.,,,False,True,995,66,34.12100557,-117.5841222,0.015394543999943599,True
sce,Armijo P.T.,34.78433379772276,-117.2490183897524,12.55,,Kramer 220/115 System,,2093.0,1.281,5.133,6.414,3.49,1.84,3.59,1.0,50.8475,9.322,0.0,0.0,39.8305,120.0,22.0,0.0,0.0,94.0,Interconnection studies in this area have identified inadequate deliverability.,,,True,False,2276,66,34.74052045,-117.3239307,8.40022448431996,False
sce,Arrington P.T.,33.829755520215,-118.10043101358654,,,Del Amo 220/66 System,,1998.0,0.212,0.005,0.217,0.75,0.29,2.28,1.0,97.479,0.0,0.0,0.0,2.521,116.0,0.0,0.0,0.0,3.0,Interconnection studies in this area have identified adequate deliverability.,,,True,False,8115,230,33.84771626,-118.0968754,2.023962353860379,False
sce,Arro,34.14197143239767,-117.28996172243762,,,San Bernardino 220/66 System,,729.0,2.626,0.197,2.824,10.68,0.26,14.72,6.0,80.6148,4.5797,0.0,0.0,14.8055,1285.0,73.0,0.0,0.0,236.0,Interconnection studies in this area have identified adequate deliverability.,,,False,True,996,66,34.14225412,-117.2901281,0.034964420067033555,True
sce,Arrowhead,34.28267982597404,-117.21513008335693,34.5,,Vista 220/115 System,,1809.0,0.786,0.052,0.837,5.21,0.16,4.76,5.0,88.3173,2.8939,0.0,0.0,8.7889,824.0,27.0,0.0,0.0,82.0,Interconnection studies in this area have identified adequate deliverability.,,,False,True,8098,66,34.28345226,-117.2162423,0.13348897107342342,True
sce,Arroyo,34.20000192212124,-118.17270389124891,16.98,,Gould 220/66 System,,428.0,0.583,0.0,0.583,0.79,0.74,2.42,8.0,72.4901,12.5071,0.0851,0.1134,14.8043,2556.0,441.0,3.0,4.0,522.0,Interconnection studies in this area have identified adequate deliverability.,,,False,True,364,66,34.19972227,-118.1706118,0.19490063912982436,True
sce,Ashley P.T.,34.44049966667659,-119.65588938914516,,,Goleta 220/66 System,,2080.0,0.261,0.008,0.27,0.73,0.37,1.23,1.0,64.0,4.0,0.0,0.0,32.0,16.0,1.0,0.0,0.0,8.0,Interconnection studies in this area have identified adequate deliverability.,,,True,False,1226,66,34.42331477,-119.6855987,3.3280115731900892,False
sce,Athens,33.916567263210936,-118.2381892261668,,,Lighthipe 220/66 System,,848.0,0.949,0.088,1.038,5.88,0.18,6.4,4.0,79.8184,6.6599,0.0,0.0,13.5217,791.0,66.0,0.0,0.0,134.0,Interconnection studies in this area have identified adequate deliverability.,,,False,True,2077,66,33.91649613,-118.2385643,0.035502353088928906,True
sce,Atwood,33.880449002142754,-117.83192699613006,12.55,,Villa Park 220/66 System,,918.0,14.265,0.854,15.12,38.16,0.4,35.28,7.0,79.9172,13.8267,0.0243,0.0243,6.2074,3283.0,568.0,1.0,1.0,255.0,Interconnection studies in this area have identified adequate deliverability.,,,False,True,667,66,33.8803142,-117.8320335,0.017926087385330955,True
sce,Auld,33.597235276736704,-117.1392829328927,12.55,,Valley 500/115 System,,1609.0,75.819,4.056,79.875,112.0,0.71,32.12,18.0,81.0505,7.9486,0.0127,0.0127,10.9755,6373.0,625.0,1.0,1.0,863.0,Deliverability in this area has not been determined by previous interconnection studies.,,,False,True,811,115,33.55781389,-117.2032139,7.368313313638898,False
sce,Aventura P.T.,33.93141848938346,-116.5041040764268,12.55,,Devers 220/115 System,,1968.0,2.7,0.117,2.817,9.45,0.3,10.2,1.0,75.4695,9.2723,0.0,0.0,15.2582,643.0,79.0,0.0,0.0,130.0,Deliverability in this area has not been determined by previous interconnection studies.,,,True,False,2404,66,33.93260512,-116.5043504,0.13389001753906032,True
sce,Badwater P.T.,36.455969002788585,-116.8452024905156,12.55,,Valley Electric 220/25,,1284.0,0.151,1.903,2.054,3.2,0.64,5.45,1.0,21.4286,11.9048,0.0,0.0,66.6667,9.0,5.0,0.0,0.0,28.0,Interconnection studies in this area have identified adequate deliverability.,,,True,False,1829,115,35.76488065,-117.3754457,90.41053049301233,False
sce,Bain,34.01006276038666,-117.50628314451394,12.55,,Mira Loma 220/66 System,,730.0,17.96,1.632,19.592,56.0,0.35,36.41,7.0,66.3325,12.5731,0.0,0.4595,20.6349,1588.0,301.0,0.0,11.0,494.0,Interconnection studies in this area have identified adequate deliverability.,,,False,True,783,66,34.01134168,-117.5063472,0.14233188394219692,True
sce,Bandage P.T.,33.778606049415224,-116.46392796750416,12.55,,Devers 220/115 System,,2286.0,4.555,0.258,4.813,5.0,0.96,0.19,1.0,67.9121,3.5165,0.0,0.0,28.5714,309.0,16.0,0.0,0.0,130.0,Deliverability in this area has not been determined by previous interconnection studies.,,,True,False,813,115,33.791975,-116.4499445,1.9697536311241928,True
sce,Bandini,33.99958180854835,-118.17157825781727,16.98,,Laguna Bell 220/66 System,,395.0,2.846,4.988,7.833,66.0,0.12,76.17,10.0,44.4444,27.3235,0.0349,0.2446,27.9525,1272.0,782.0,1.0,7.0,800.0,Interconnection studies in this area have identified adequate deliverability.,,,False,True,368,66,33.99961503,-118.1712114,0.03402001805269845,True
sce,Banducci,35.09970798299895,-118.59934938676032,12.55,,Windhub 220/66 System,,621.0,11.382,0.422,11.804,12.2,0.97,44.2,3.0,76.0811,6.0135,0.0,0.0,17.9054,1126.0,89.0,0.0,0.0,265.0,Interconnection studies in this area have identified adequate deliverability.,,,False,True,269,66,35.10881659,-118.5670131,3.111093025241037,False
sce,Banning,33.92244671648164,-116.87284521205684,34.5,,El Casco 220/115 System,,1781.0,13.71,4.97,18.68,64.09,0.29,93.32,5.0,5.0,10.0,0.0,5.0,80.0,1.0,2.0,0.0,1.0,16.0,Deliverability in this area has not been determined by previous interconnection studies.,,,False,True,8456,115,33.9223429,-116.8727578,0.014082320916120735,True
sce,Bard P.T.,34.16027322450465,-119.18816290220516,,,Santa Clara 220/66 System,,1285.0,0.426,0.076,0.502,1.76,0.29,1.94,1.0,89.8374,2.439,0.0,0.0,7.7236,221.0,6.0,0.0,0.0,19.0,Interconnection studies in this area have identified adequate deliverability.,,,True,False,1896,66,34.15667223,-119.2092028,1.9769076772362733,True
sce,Barre,33.80980878510379,-117.98381034849662,12.55,,Barre 220/66 System,,363.0,15.132,6.694,21.826,70.5,0.31,90.17,11.0,74.1423,14.7427,0.0,0.197,10.9179,6397.0,1272.0,0.0,17.0,942.0,Interconnection studies in this area have identified adequate deliverability.,,,False,True,668,66,33.80891103,-117.9817954,0.21123922053273847,True
sce,Barstow,34.901044872138776,-117.02214634898816,34.5,,Kramer 220/115 System,,1634.0,3.053,0.608,3.661,8.11,0.45,17.34,5.0,54.1508,14.5468,0.3808,0.0,30.9216,711.0,191.0,5.0,0.0,406.0,Interconnection studies in this area have identified inadequate deliverability.,,,False,True,2012,66,34.90108975,-117.0221335,0.00512591914403961,True
sce,Barwick P.T.,34.421217966055394,-119.80133317026456,2.5,,Goleta 220/66 System,,2070.0,0.047,0.0,0.047,0.06,0.78,0.12,1.0,80.0,0.0,0.0,0.0,20.0,4.0,0.0,0.0,0.0,1.0,Interconnection studies in this area have identified adequate deliverability.,,,True,False,1227,66,34.44918609,-119.8158694,3.3836012606533257,False
sce,Bassett,34.04749361907675,-117.95514105551148,12.55,,Walnut 220/66 System,,452.0,16.534,2.602,19.136,81.0,0.24,61.86,12.0,67.0472,16.5525,0.0,0.0,16.4003,3524.0,870.0,0.0,0.0,862.0,Interconnection studies in this area have identified adequate deliverability.,,,False,True,353,66,34.04748128,-117.9556304,0.045105748716466776,True
sce,Basta,33.8691828612384,-117.96020381310754,,,Barre 220/66 System,,996.0,0.435,0.011,0.446,1.41,0.32,7.05,2.0,85.8639,5.7592,0.0,0.0,8.377,164.0,11.0,0.0,0.0,16.0,Interconnection studies in this area have identified adequate deliverability.,,,False,True,2219,66,33.86946944,-117.9596958,0.05670396244883737,True
sce,Bayside,33.656856695237245,-117.90677421154508,12.55,,Ellis 220/66 System,,919.0,17.337,1.891,19.228,60.79,0.32,64.77,8.0,70.322,16.1577,0.0278,0.0,13.4925,5066.0,1164.0,2.0,0.0,972.0,Interconnection studies in this area have identified adequate deliverability.,,,False,True,669,66,33.65698201,-117.907066,0.030389529122264423,True
sce,Beaumont,33.93362502624713,-116.98362109716552,,,El Casco 220/115 System,,733.0,0.601,0.058,0.659,2.29,0.29,3.92,3.0,79.4766,10.6061,0.0,0.2755,9.6419,577.0,77.0,0.0,2.0,70.0,Deliverability in this area has not been determined by previous interconnection studies.,,,False,True,2229,66,33.93382056,-116.9837522,0.024880150286895688,True
sce,Belding,33.82977539561138,-116.51400567204634,,,Devers 220/115 System,,1709.0,3.626,0.286,3.913,4.92,0.8,5.47,3.0,79.3872,3.6212,0.0,0.0,16.9916,285.0,13.0,0.0,0.0,61.0,Deliverability in this area has not been determined by previous interconnection studies.,,,False,True,2234,66,33.83019433,-116.5148399,0.09004302011433343,True
sce,Belmont,33.78118737176825,-118.14988916312744,,,Alamitos 220/66 System,,825.0,0.647,0.062,0.709,7.17,0.1,8.44,5.0,64.5064,16.0509,0.0,0.0,19.4428,1065.0,265.0,0.0,0.0,321.0,Interconnection studies in this area have identified adequate deliverability.,,,False,True,366,66,33.78133053,-118.1498197,0.01716428228803189,True
sce,Belvedere P.T.,34.03737294459553,-118.17978155956828,,,Mesa 220/66 System,,1969.0,0.068,0.017,0.085,1.51,0.06,2.42,1.0,62.8664,16.9381,0.0,0.0,20.1954,193.0,52.0,0.0,0.0,62.0,Interconnection studies in this area have identified adequate deliverability.,,,True,False,2064,66,34.03653489,-118.1789908,0.1182924170683546,True
sce,Belvedere,34.03650001397044,-118.1790586944638,,,Mesa 220/66 System,,397.0,0.387,0.079,0.466,6.23,0.07,8.69,6.0,73.7931,10.2463,0.0,0.0,15.9606,749.0,104.0,0.0,0.0,162.0,Interconnection studies in this area have identified adequate deliverability.,,,False,True,2064,66,34.03653489,-118.1789908,0.007360605255538482,True
sce,Bessemer P.T.,34.40840314814915,-116.72150157839668,12.55,,Victor 220/115 System,,1297.0,0.004,0.0,0.004,0.07,0.06,0.75,1.0,22.2222,3.7037,0.0,0.0,74.0741,6.0,1.0,0.0,0.0,20.0,Interconnection studies in this area have identified adequate deliverability.,,,True,False,8006,115,34.35459231,-116.8542637,13.573415172912009,False
sce,Beverly,34.07311437448774,-118.39745068695186,,,Eagle Rock 220/66 System,,463.0,1.27,0.092,1.362,14.84,0.09,36.14,,,,,,,,,,,,Interconnection studies in this area have identified adequate deliverability.,,,False,True,371,66,34.0731289,-118.3973342,0.0108499635515626,True
sce,Bicknell,34.03368102349242,-118.16247130242016,,,Mesa 220/66 System,,398.0,0.349,0.018,0.367,2.87,0.13,5.63,4.0,72.4911,12.1606,0.0,0.0,15.3483,614.0,103.0,0.0,0.0,130.0,Interconnection studies in this area have identified adequate deliverability.,,,False,True,2065,66,34.03354114,-118.1626139,0.020361731924504196,True
sce,Big Bend Bia,34.25930951807461,-114.16752638762966,12.55,,Parker 161/66 System,,1848.0,0.0,0.0,0.0,2.08,0.0,5.0,1.0,23.8806,22.3881,0.0,0.0,53.7313,16.0,15.0,0.0,0.0,36.0,Interconnection studies in this area have identified inadequate deliverability.,,,False,True,8492,230,34.29117261,-114.1712965,3.5599092685014915,False
sce,Bigfoot P.T.,36.60088395546939,-118.73856106944936,,,Rector 220/66 System,,1289.0,0.0,0.0,0.0,0.12,0.0,0.75,1.0,0.0,0.0,0.0,0.0,100.0,0.0,0.0,0.0,0.0,23.0,Interconnection studies in this area have identified inadequate deliverability.,,,True,False,2313,66,36.46509547,-118.8619812,18.697007800260355,False
sce,Bixby,33.77254515576724,-118.17070239713516,,,Alamitos 220/66 System,,826.0,0.253,0.024,0.277,3.74,0.07,7.16,4.0,64.3089,16.4228,0.0,0.0,19.2683,791.0,202.0,0.0,0.0,237.0,Interconnection studies in this area have identified adequate deliverability.,,,False,True,389,66,33.77861447,-118.1832932,1.3452675161070242,True
sce,Black Meadows,34.3487917918322,-114.19596505767748,12.55,,Parker 161/66 System,,1290.0,0.0,0.0,0.0,0.56,0.0,2.5,1.0,0.0,0.0,0.0,0.0,100.0,0.0,0.0,0.0,0.0,33.0,Interconnection studies in this area have identified inadequate deliverability.,,,False,True,2261,230,34.31514963,-114.1576556,5.134977446808751,False
sce,Bliss,36.16629775969852,-119.20705393718964,12.55,,Springville 220/66 System,,560.0,18.981,9.549,28.529,29.06,0.98,27.47,6.0,42.5578,4.5674,13.8635,0.1075,38.9038,792.0,85.0,258.0,2.0,724.0,Interconnection studies in this area have identified inadequate deliverability.,,,False,True,1416,66,36.16692648,-119.2065943,0.08117838970247063,True
sce,Bloomington,34.04917000383533,-117.3985330021639,12.55,,Vista 220/115 System,,1811.0,47.548,6.244,53.792,106.2,0.51,58.21,14.0,76.3666,8.8409,0.0,0.1271,14.6654,6608.0,765.0,0.0,11.0,1269.0,Interconnection studies in this area have identified adequate deliverability.,,,False,True,997,66,34.049227,-117.400217,0.15527837766058597,True
sce,Blue Cut P.T.,34.30773098427744,-117.46851743847311,12.55,,Vista 220/115 System,,1291.0,0.399,0.015,0.414,1.33,0.31,1.09,1.0,31.1404,10.9649,0.4386,0.0,57.4561,71.0,25.0,1.0,0.0,131.0,Interconnection studies in this area have identified adequate deliverability.,,,True,False,8864,500,34.36659965,-117.3686115,11.269176554239102,False
sce,Blue Ridge P.T.,34.37737571780408,-117.69271041942166,2.5,,Victor 220/115 System,,1296.0,0.0,0.0,0.0,0.11,0.0,0.31,1.0,20.8333,20.8333,0.0,0.0,58.3333,5.0,5.0,0.0,0.0,14.0,Interconnection studies in this area have identified adequate deliverability.,,,True,False,1025,115,34.42411111,-117.555725,13.600104272169798,False
sce,Bluff Cove,33.77994268591449,-118.38755229948076,,,La Fresa 220/66 System,,539.0,3.138,0.28,3.418,5.29,0.65,4.08,4.0,87.6033,3.168,0.0,0.0,9.2287,636.0,23.0,0.0,0.0,67.0,Interconnection studies in this area have identified adequate deliverability.,,,False,True,2103,66,33.77966215,-118.3873419,0.03675886253616424,True
sce,Blythe (Walc),33.61169299611282,-114.6805210000251,,,Blythe (Walc) 161/33 System,,228.0,34.873,19.85,54.723,143.65,0.38,88.93,,,,,,,,,,,,Interconnection studies in this area have identified inadequate deliverability.,,,False,True,8767,66,33.61126719,-114.6805,0.047387399604369565,True
sce,Blythe City,33.60578415772661,-114.59963819241848,5.0,,Eagle Mountain 220/220 System,,1637.0,1.196,0.01,1.206,4.45,0.27,12.79,8.0,64.4345,11.8056,0.5456,0.0496,23.1647,1299.0,238.0,11.0,1.0,467.0,Interconnection studies in this area have identified inadequate deliverability.,,,False,True,2258,66,33.60621266,-114.5998554,0.051719453075164894,True
sce,Bolsa,33.730408022185884,-118.03324151109152,12.55,,Barre 220/66 System,,921.0,10.909,11.5,22.409,40.0,0.56,17.59,7.0,72.3892,13.9073,0.0255,0.1528,13.5252,2842.0,546.0,1.0,6.0,531.0,Interconnection studies in this area have identified adequate deliverability.,,,False,True,670,66,33.73062983,-118.0332781,0.024894917412087207,True
sce,Borrego,33.59768363722954,-117.74923154879204,12.55,,Santiago 220/66 System,,995.0,12.676,0.928,13.604,50.61,0.27,70.4,10.0,83.6038,9.2736,0.0258,0.0,7.0969,6491.0,720.0,2.0,0.0,551.0,Interconnection studies in this area have identified adequate deliverability.,,,False,True,671,66,33.597665,-117.74901,0.020624035722736595,True
sce,Bovine,33.85103372380987,-118.06390617540563,12.55,,Del Amo 220/66 System,,991.0,13.152,1.348,14.5,52.2,0.28,39.5,8.0,70.5088,13.5671,0.0,0.0,15.9241,2453.0,472.0,0.0,0.0,554.0,Interconnection studies in this area have identified adequate deliverability.,,,False,True,373,66,33.85077402,-118.06401,0.030427789687101556,True
sce,Bowl,33.79293994423392,-118.17245999957564,,,Hinson 220/66 System,,828.0,1.341,0.051,1.392,12.0,0.12,10.61,11.0,60.906,17.282,0.02,0.0,21.7921,3052.0,866.0,1.0,0.0,1092.0,Interconnection studies in this area have identified adequate deliverability.,,,False,True,374,66,33.79314877,-118.1722789,0.028622576958615108,True
sce,Boxwood,36.12610225574932,-118.82140084606492,12.55,,Springville 220/66 System,,610.0,4.185,7.129,11.314,9.61,1.18,16.69,2.0,53.1381,9.4142,1.3947,0.2092,35.8438,762.0,135.0,20.0,3.0,514.0,Interconnection studies in this area have identified inadequate deliverability.,,,False,True,1417,66,36.12653059,-118.8215139,0.04869891099924044,True
sce,Bradbury,34.1341163981833,-117.98732609469344,16.98,,Rio Hondo 220/66 System,,440.0,14.453,2.153,16.607,73.06,0.23,78.59,9.0,61.6021,16.376,0.0296,0.0591,21.9332,2084.0,554.0,1.0,2.0,742.0,Interconnection studies in this area have identified adequate deliverability.,,,False,True,375,66,34.13379802,-117.9872804,0.03565097843824549,True
sce,Brea,33.91929821622321,-117.8490431144892,12.55,,Olinda 220/66 System,,1028.0,18.425,7.788,26.213,36.63,0.72,38.19,8.0,76.0956,13.5458,0.0,0.0613,10.2973,2483.0,442.0,0.0,2.0,336.0,Interconnection studies in this area have identified adequate deliverability.,,,False,True,672,66,33.92015153,-117.8480316,0.13309503650671964,True
sce,Brewster,33.92072341848696,-118.18848926237656,,,Lighthipe 220/66 System,,829.0,1.509,0.285,1.794,5.12,0.35,7.21,4.0,78.7856,8.021,0.0,0.0,13.1934,1051.0,107.0,0.0,0.0,176.0,Interconnection studies in this area have identified adequate deliverability.,,,False,True,2076,66,33.92066364,-118.1880085,0.0448555473459796,True
sce,Bridge,33.880624437876826,-118.3259924983696,,,La Fresa 220/66 System,,532.0,2.607,0.215,2.822,9.57,0.29,25.18,6.0,80.3562,8.2766,0.0,0.0,11.3672,1534.0,158.0,0.0,0.0,217.0,Interconnection studies in this area have identified adequate deliverability.,,,False,True,378,66,33.88055076,-118.3258829,0.013018534114299473,True
sce,Bridgeport,38.21867916242766,-119.233936154576,16.98,,Inyo Sce 220/115 System,,196.0,0.018,0.003,0.021,0.67,0.03,0.98,3.0,31.6602,10.0386,1.9305,0.0,56.3707,82.0,26.0,5.0,0.0,146.0,Interconnection studies in this area have identified inadequate deliverability.,,,False,True,1602,115,37.94438087,-119.216016,30.540880209204683,False
sce,Brighton,33.902310831667656,-118.31210985553204,16.98,,La Fresa 220/66 System,,493.0,5.4,1.751,7.151,47.88,0.15,48.85,6.0,46.6228,29.0905,0.0244,0.2195,24.0429,1912.0,1193.0,1.0,9.0,986.0,Interconnection studies in this area have identified adequate deliverability.,,,False,True,380,66,33.90252379,-118.3118682,0.032529054242061345,True
sce,Broadway,33.76684825454163,-118.15180342316602,12.55,,Alamitos 220/66 System,,889.0,0.583,0.025,0.608,3.09,0.2,3.99,8.0,61.0596,17.8955,0.0147,0.0147,21.0155,4149.0,1216.0,1.0,1.0,1428.0,Interconnection studies in this area have identified adequate deliverability.,,,False,True,381,66,33.76697406,-118.1520507,0.026798439272479855,True
sce,Brookhurst,33.73715948915509,-117.95580004349053,12.55,,Ellis 220/66 System,,966.0,10.734,2.988,13.722,40.0,0.34,26.28,7.0,77.6702,11.0776,0.0,0.0,11.2522,4894.0,698.0,0.0,0.0,709.0,Interconnection studies in this area have identified adequate deliverability.,,,False,True,673,66,33.73723539,-117.957129,0.12317676244526435,True
sce,Brown P.T.,35.9797923321422,-116.2630220375144,,,Valley Electric 220/25,,1303.0,0.016,0.0,0.016,0.38,0.04,0.73,1.0,21.0526,5.2632,0.0,0.0,73.6842,8.0,2.0,0.0,0.0,28.0,Interconnection studies in this area have identified adequate deliverability.,,,True,False,2259,66,35.26250712,-116.7022796,89.09412838116083,False
sce,Browning,35.7045473762974,-119.20353075858472,12.55,,Vestal 220/66 System,,561.0,2.484,5.55,8.034,23.23,0.35,47.97,6.0,56.0038,6.4361,6.3401,0.0,31.22,583.0,67.0,66.0,0.0,325.0,Interconnection studies in this area have identified inadequate deliverability.,,,False,True,287,66,35.70369931,-119.2045057,0.12900500331728104,True
sce,Bryan,33.73483199858305,-117.80116599692272,12.55,,Villa Park 220/66 System,,922.0,23.067,5.204,28.271,92.52,0.31,72.53,16.0,75.4861,12.7299,0.0,0.0525,11.7315,5746.0,969.0,0.0,4.0,893.0,Interconnection studies in this area have identified adequate deliverability.,,,False,True,674,66,33.73454449,-117.8022639,0.10643950798432937,True
sce,Bryman,34.68592987493426,-117.33817106269278,,,Victor 220/115 System,,1641.0,0.195,0.0,0.195,0.82,0.24,0.8,2.0,43.3333,5.3333,0.0,0.0,51.3333,65.0,8.0,0.0,0.0,77.0,Interconnection studies in this area have identified adequate deliverability.,,,False,True,2277,66,34.68212804,-117.3389005,0.4279738139354949,True
sce,Bullis,33.90027364027962,-118.20574187651508,16.98,,Lighthipe 220/66 System,,878.0,1.652,0.358,2.01,9.72,0.21,14.93,14.0,58.5662,17.1675,0.0,0.0527,24.2137,3333.0,977.0,0.0,3.0,1378.0,Interconnection studies in this area have identified adequate deliverability.,,,False,True,382,66,33.90011631,-118.2062764,0.05234282551900827,True
sce,Bunker,33.8283648304304,-117.21173996305129,12.55,,Valley 500/115 System,,1817.0,34.279,13.412,47.691,84.0,0.57,36.31,11.0,81.278,4.5777,0.0,0.1308,14.0135,4350.0,245.0,0.0,7.0,750.0,Deliverability in this area has not been determined by previous interconnection studies.,,,False,True,784,115,33.82896388,-117.2123222,0.08561250370366742,True
sce,Burnt Mill,34.23455600184966,-117.20177600149432,12.55,,Vista 220/115 System,,772.0,0.587,0.051,0.639,14.0,0.05,13.36,5.0,72.2749,7.5237,0.0592,0.1777,19.9645,1220.0,127.0,1.0,3.0,337.0,Interconnection studies in this area have identified adequate deliverability.,,,False,True,2271,66,34.23438741,-117.2014241,0.0373893735910713,True
sce,Cabazon,33.91393513181455,-116.78448895599544,12.55,,El Casco 220/115 System,,1642.0,6.485,0.29,6.775,6.55,1.03,7.22,2.0,68.6763,6.291,0.0,0.1311,24.9017,524.0,48.0,0.0,1.0,190.0,Deliverability in this area has not been determined by previous interconnection studies.,,,False,True,1864,115,33.91713502,-116.7346083,4.616536322352322,False
sce,Cabrillo,33.67169434144606,-117.84750781986958,12.55,,Johanna 220/66 System,,993.0,9.753,6.037,15.79,130.04,0.12,129.81,21.0,74.8815,10.2911,0.0,0.4739,14.3534,4424.0,608.0,0.0,28.0,848.0,Interconnection studies in this area have identified adequate deliverability.,,,False,True,676,66,33.6718729,-117.8475913,0.021304743394448895,True
sce,Cady,34.8390113539395,-116.66239286066762,12.55,,Kramer 220/115 System,,1643.0,2.42,9.111,11.531,4.52,2.55,0.0,2.0,30.7692,9.2033,0.6868,0.4121,58.9286,224.0,67.0,5.0,3.0,429.0,Interconnection studies in this area have identified inadequate deliverability.,,,False,True,2275,66,34.83674776,-116.6626696,0.25296418182889807,True
sce,Cajalco,33.85904200100633,-117.32549900292356,12.55,,Valley 500/115 System,,1816.0,34.488,8.206,42.694,69.2,0.62,30.11,9.0,79.3435,5.0598,0.0544,0.0363,15.506,4375.0,279.0,3.0,2.0,855.0,Deliverability in this area has not been determined by previous interconnection studies.,,,False,True,785,115,33.858925,-117.3263444,0.07913857846110504,True
sce,Cal City 'A',35.1431029846686,-117.96986176529046,,,Kramer 220/115 System,,1819.0,8.676,0.155,8.831,10.74,0.82,5.17,,,,,,,,,,,,Interconnection studies in this area have identified inadequate deliverability.,,,False,True,1553,66,35.14258236,-117.9687131,0.11941467041849414,True
sce,Cal City 'B',35.1431029846686,-117.96986176529046,,,Kramer 220/115 System,,1820.0,3.999,13.963,17.962,10.76,1.67,0.0,,,,,,,,,,,,Interconnection studies in this area have identified inadequate deliverability.,,,False,True,1553,66,35.14258236,-117.9687131,0.11941467041849414,True
sce,Calamar P.T.,33.47177544989847,-117.16950200366703,12.55,,Valley 500/115 System,,1334.0,0.628,0.0,0.628,1.15,0.55,4.37,1.0,50.7937,11.1111,0.0,0.0,38.0952,32.0,7.0,0.0,0.0,24.0,Deliverability in this area has not been determined by previous interconnection studies.,,,True,False,804,115,33.503775,-117.1404167,4.464978520399469,False
sce,Calden,33.9564731732366,-118.23217062742631,16.98,,Laguna Bell 220/66 System,,869.0,2.674,0.471,3.145,31.52,0.1,66.85,5.0,61.4414,17.5976,0.0,0.0,20.961,1023.0,293.0,0.0,0.0,349.0,Interconnection studies in this area have identified adequate deliverability.,,,False,True,383,66,33.95650731,-118.2322842,0.01114156354088017,True
sce,Calectric,34.09320376455966,-117.3168459956363,34.5,,Vista 220/115 System,,1610.0,27.626,11.709,39.336,102.06,0.39,72.66,9.0,7.5,7.5,0.0,2.5,82.5,3.0,3.0,0.0,1.0,33.0,Interconnection studies in this area have identified adequate deliverability.,,,False,True,998,115,34.09303476,-117.3171676,0.03507383531641656,True
sce,Camarillo,34.21987406168505,-119.0087515903353,16.98,,Santa Clara 220/66 System,,1012.0,18.836,8.439,27.275,69.12,0.39,45.53,7.0,67.2727,18.1625,0.2515,0.0774,14.236,3478.0,939.0,13.0,4.0,736.0,Interconnection studies in this area have identified adequate deliverability.,,,False,True,1454,66,34.22072778,-119.0085833,0.09618196567108817,True
sce,Camden,33.71334293054773,-117.88328931162948,12.55,,Johanna 220/66 System,,938.0,13.421,0.57,13.991,42.4,0.33,28.41,7.0,75.4791,12.7855,0.0,0.0525,11.6829,2875.0,487.0,0.0,2.0,445.0,Interconnection studies in this area have identified adequate deliverability.,,,False,True,677,66,33.71318376,-117.883619,0.035258545623102946,True
sce,Cameron,33.8192358468031,-118.21711088356317,12.55,,Hinson 220/66 System,,831.0,4.533,0.6,5.133,25.67,0.2,50.87,6.0,64.6821,10.6358,0.0,0.4046,24.2775,1119.0,184.0,0.0,7.0,420.0,Interconnection studies in this area have identified adequate deliverability.,,,False,True,7662,230,33.81923151,-118.2224963,0.49750762665143383,True
sce,Camp 10,37.22160058174016,-119.2368371603174,6.88,,Big Creek 220/220 System,,1061.0,0.0,0.0,0.0,0.05,0.0,0.5,1.0,9.0909,18.1818,0.0,0.0,72.7273,1.0,2.0,0.0,0.0,8.0,Interconnection studies in this area have identified inadequate deliverability.,,,False,True,1633,230,37.20395556,-119.242925,2.034754900515941,False
sce,Camp Angelus P.T.,34.14634669428895,-116.97974167739488,2.5,,El Casco 220/115 System,,1324.0,0.012,0.0,0.012,0.41,0.03,0.74,1.0,73.9726,1.3699,0.0,0.0,24.6575,54.0,1.0,0.0,0.0,18.0,Deliverability in this area has not been determined by previous interconnection studies.,,,True,False,1842,66,34.14563804,-117.0591055,7.30396295437259,False
sce,Canadian P.T.,34.26243754845793,-117.16122250893385,,,Vista 220/115 System,,822.0,0.494,0.039,0.533,5.4,0.1,9.47,,,,,,,,,,,,Interconnection studies in this area have identified adequate deliverability.,,,True,False,2271,66,34.23438741,-117.2014241,4.8355087428844135,False
sce,Canalino P.T.,34.388460915574804,-119.51362149312124,2.5,,Goleta 220/66 System,,2161.0,0.0,0.0,0.0,0.06,0.0,0.17,1.0,0.0,0.0,0.0,0.0,100.0,0.0,0.0,0.0,0.0,2.0,Interconnection studies in this area have identified adequate deliverability.,,,True,False,1220,66,34.40939472,-119.5150032,2.331182342147387,False
sce,Cantil,35.30816674233435,-117.94638875114074,12.55,,Kramer 220/115 System,,1644.0,0.092,0.163,0.255,1.72,0.15,4.07,2.0,28.7879,9.0909,3.0303,0.0,59.0909,19.0,6.0,2.0,0.0,39.0,Interconnection studies in this area have identified inadequate deliverability.,,,False,True,1553,66,35.14258236,-117.9687131,18.523472197424457,False
sce,Canyon Lake,33.67386312507346,-117.26000862116427,12.55,,Valley 500/115 System,,1846.0,8.746,0.442,9.187,8.64,1.06,4.81,2.0,86.7012,6.0449,0.0,0.0,7.2539,1004.0,70.0,0.0,0.0,84.0,Deliverability in this area has not been determined by previous interconnection studies.,,,False,True,810,115,33.63091389,-117.2920056,5.619522784841767,False
sce,Canyon,33.871538676482594,-117.74807268223128,12.55,,Villa Park 220/66 System,,1004.0,12.098,0.526,12.624,35.42,0.36,60.18,6.0,73.3722,17.1364,0.0,0.0,9.4914,2265.0,529.0,0.0,0.0,293.0,Interconnection studies in this area have identified adequate deliverability.,,,False,True,678,66,33.87145556,-117.7469806,0.10124809812528153,True
sce,Capitan,34.48148358613582,-120.0441513428184,16.98,,Goleta 220/66 System,,646.0,5.497,0.0,5.497,2.65,2.07,22.5,2.0,5.4945,6.044,14.2857,0.5495,73.6264,10.0,11.0,26.0,1.0,134.0,Interconnection studies in this area have identified adequate deliverability.,,,False,True,2209,66,34.43159118,-119.9114558,13.371558148342395,False
sce,Car Wash P.T.,33.84791938792783,-118.1260117439953,,,Del Amo 220/66 System,,2029.0,0.287,0.0,0.287,0.71,0.4,0.71,1.0,88.9831,1.6949,0.0,0.0,9.322,105.0,2.0,0.0,0.0,11.0,Interconnection studies in this area have identified adequate deliverability.,,,True,False,459,66,33.84235695,-118.1205988,0.7952732584747751,True
sce,Carancho P.T.,33.51114201825317,-117.22239713861714,12.55,,Valley 500/115 System,,1318.0,1.909,0.245,2.154,2.73,0.79,1.6,1.0,46.7532,9.0909,1.7316,0.0,42.4242,108.0,21.0,4.0,0.0,98.0,Deliverability in this area has not been determined by previous interconnection studies.,,,True,False,811,115,33.55781389,-117.2032139,5.485812587721373,False
sce,Cardiff,34.102652997705654,-117.27742000393738,12.55,,San Bernardino 220/66 System,,736.0,17.654,13.162,30.816,84.8,0.36,53.98,14.0,57.9388,16.4245,0.0855,0.0513,25.4999,3390.0,961.0,5.0,3.0,1492.0,Interconnection studies in this area have identified adequate deliverability.,,,False,True,1000,66,34.102305,-117.277863,0.05622296445914177,True
sce,Cardinal P.T.,34.36169633330616,-117.63690737563212,2.5,,Victor 220/115 System,,1327.0,0.202,0.0,0.202,0.67,0.3,0.8,1.0,89.1892,1.0811,0.0,0.0,9.7297,165.0,2.0,0.0,0.0,18.0,Interconnection studies in this area have identified adequate deliverability.,,,True,False,1025,115,34.42411111,-117.555725,10.18105422451109,False
sce,Carmenita,33.90324389054957,-118.04717314302962,12.55,,Del Amo 220/66 System,,926.0,18.526,3.224,21.75,67.4,0.32,62.25,11.0,58.6425,24.1026,0.0,0.4525,16.8024,1944.0,799.0,0.0,15.0,557.0,Interconnection studies in this area have identified adequate deliverability.,,,False,True,385,66,33.90319501,-118.047069,0.011041727001645716,True
sce,Carodean,34.14784296135626,-116.12394915960354,12.55,,Devers 220/115 System,,1835.0,10.059,0.476,10.535,19.39,0.54,25.86,3.0,69.1658,8.1837,0.0,0.0,22.6505,1310.0,155.0,0.0,0.0,429.0,Deliverability in this area has not been determined by previous interconnection studies.,,,False,True,1013,115,34.13644282,-116.1806786,5.37251359897927,False
sce,Carolina,33.910013996191246,-117.87969900019525,12.55,,Olinda 220/66 System,,925.0,15.354,2.502,17.856,64.29,0.28,82.94,12.0,70.9908,16.6932,0.0199,0.0398,12.2563,3568.0,839.0,1.0,2.0,616.0,Interconnection studies in this area have identified adequate deliverability.,,,False,True,679,66,33.91020869,-117.8795575,0.02528216181848634,True
sce,Carpinteria,34.40994774778738,-119.51510197812551,16.98,,Goleta 220/66 System,,640.0,18.645,12.22,30.866,36.2,0.85,25.13,4.0,42.3253,17.8968,0.5225,0.0,39.2554,648.0,274.0,8.0,0.0,601.0,Interconnection studies in this area have identified adequate deliverability.,,,False,True,1220,66,34.40939472,-119.5150032,0.06215796040064587,True
sce,Carson,33.8639252787574,-118.21707429703773,16.98,,Lighthipe 220/66 System,,830.0,6.937,9.958,16.895,60.26,0.28,61.5,9.0,34.1291,37.2237,0.0,1.5915,27.0557,386.0,421.0,0.0,18.0,306.0,Interconnection studies in this area have identified adequate deliverability.,,,False,True,386,66,33.86398483,-118.2169821,0.010784948411966299,True
sce,Casa Diablo,37.64672134828576,-118.91071947724666,34.5,,Inyo Sce 220/115 System,,199.0,0.097,0.024,0.12,2.97,0.04,5.49,7.0,49.4505,15.0183,0.0,0.7326,34.7985,135.0,41.0,0.0,2.0,95.0,Interconnection studies in this area have identified inadequate deliverability.,,,False,True,1620,115,37.64645793,-118.9100447,0.06623790009295842,True
sce,Cascade P.T.,33.551587377901555,-117.28933408908274,12.55,,Valley 500/115 System,,1317.0,3.723,0.285,4.008,4.15,0.97,0.99,1.0,73.0924,4.0161,0.8032,0.0,22.0884,182.0,10.0,2.0,0.0,55.0,Deliverability in this area has not been determined by previous interconnection studies.,,,True,False,2285,115,33.5841918,-117.2554484,4.795895024458954,False
sce,Casitas,34.36295580710599,-119.31080331803668,16.98,,Santa Clara 220/66 System,,642.0,9.926,13.825,23.751,37.63,0.63,48.69,6.0,62.2423,15.5606,0.0282,0.0565,22.1124,2204.0,551.0,1.0,2.0,783.0,Interconnection studies in this area have identified adequate deliverability.,,,False,True,1462,66,34.32054899,-119.263129,6.433824470664946,False
sce,Casper P.T.,34.130415619407664,-119.09556094664534,,,Santa Clara 220/66 System,,1330.0,0.0,0.0,0.0,0.04,0.0,0.09,1.0,16.6667,50.0,25.0,0.0,8.3333,2.0,6.0,3.0,0.0,1.0,Interconnection studies in this area have identified adequate deliverability.,,,True,False,1992,66,34.12874902,-119.0956835,0.1856603976802874,True
sce,Cedar Pines P.T.,34.2494706856681,-117.32530879218336,2.5,,Vista 220/115 System,,1332.0,0.041,0.013,0.054,0.27,0.2,0.4,1.0,79.1667,2.7778,0.0,0.0,18.0556,57.0,2.0,0.0,0.0,13.0,Interconnection studies in this area have identified adequate deliverability.,,,True,False,1995,66,34.24286195,-117.2854823,3.7337523132612676,False
sce,Cedarwood,33.753664475574155,-117.99335611469348,,,Barre 220/66 System,,972.0,0.469,0.007,0.476,1.18,0.4,5.47,2.0,84.2271,7.571,0.0,0.0,8.2019,267.0,24.0,0.0,0.0,26.0,Interconnection studies in this area have identified adequate deliverability.,,,False,True,2224,66,33.75349535,-117.993784,0.04380117161146212,True
sce,Center,33.928868599739715,-118.10584791970048,12.55,,Center 220/66 System,,371.0,17.977,6.408,24.385,84.0,0.29,59.62,13.0,55.2051,22.232,0.0441,0.2426,22.2761,2503.0,1008.0,2.0,11.0,1010.0,Interconnection studies in this area have identified adequate deliverability.,,,False,True,8570,66,33.92887029,-118.1057597,0.008141486400105922,True
sce,Channel Island,34.18173499797494,-119.22229699654076,,,Santa Clara 220/66 System,,637.0,7.834,1.282,9.116,42.18,0.22,46.88,,,,,,,,,,,,Interconnection studies in this area have identified adequate deliverability.,,,False,True,1456,66,34.18167399,-119.222197,0.01142935154315281,True
sce,Chase,33.844774691488155,-117.53755711248616,12.55,,Mira Loma 220/66 System,,806.0,40.58,7.274,47.854,102.18,0.47,64.15,15.0,72.3595,13.9693,0.0,0.142,13.5292,5097.0,984.0,0.0,10.0,953.0,Interconnection studies in this area have identified adequate deliverability.,,,False,True,786,66,33.84505856,-117.5377957,0.038494663330896274,True
sce,Chatham,36.41506999948426,-119.29768400447853,12.55,,Rector 220/66 System,,605.0,6.527,17.567,24.094,11.39,2.12,3.91,2.0,33.7758,6.7847,12.0944,0.0,47.3451,229.0,46.0,82.0,0.0,321.0,Interconnection studies in this area have identified inadequate deliverability.,,,False,True,1419,66,36.41450277,-119.2964557,0.12672394294688868,True
sce,Chatsworth,34.23580401011754,-118.70207951986724,16.98,,Saugus 220/66 System,,688.0,14.649,1.808,16.457,21.81,0.75,35.54,3.0,70.9918,14.9457,0.0,0.0679,13.9946,1045.0,220.0,0.0,1.0,206.0,Interconnection studies in this area have identified adequate deliverability.,,,False,True,1457,66,34.23676111,-118.7028916,0.12999696032523855,True
sce,Cherry,33.77884099741242,-118.18354200162445,12.55,,Hinson 220/66 System,,832.0,0.96,0.683,1.643,25.96,0.06,43.16,6.0,48.5243,26.3889,0.0,0.0,25.0868,559.0,304.0,0.0,0.0,289.0,Interconnection studies in this area have identified adequate deliverability.,,,False,True,389,66,33.77861447,-118.1832932,0.03410651198329497,True
sce,Chestnut,33.73291743598918,-117.84905438111056,12.55,,Johanna 220/66 System,,974.0,12.464,1.05,13.514,88.85,0.15,87.29,15.0,52.3494,29.8345,0.0397,0.3574,17.4189,3955.0,2254.0,3.0,27.0,1316.0,Interconnection studies in this area have identified adequate deliverability.,,,False,True,680,66,33.7332416,-117.849825,0.07985932550803633,True
sce,Chillon P.T.,34.237491161319305,-117.25271894571011,2.5,,Vista 220/115 System,,1335.0,0.096,0.0,0.096,0.76,0.13,0.9,1.0,70.2128,0.0,0.0,0.0,29.7872,33.0,0.0,0.0,0.0,14.0,Interconnection studies in this area have identified adequate deliverability.,,,True,False,1995,66,34.24286195,-117.2854823,3.0703561862777384,False
sce,Chino,33.99800099876217,-117.67945500552317,12.55,,Chino 220/66 System,,330.0,23.686,1.815,25.501,84.0,0.3,58.5,13.0,70.1149,17.0209,0.0,0.1417,12.7224,4453.0,1081.0,0.0,9.0,808.0,Interconnection studies in this area have identified adequate deliverability.,,,False,True,7786,500,33.99832191,-117.6785285,0.09256597250488187,True
sce,Chiquita,33.629716996532885,-117.63206999531124,12.55,,Viejo 220/66 System,,1023.0,30.573,1.5,32.073,97.62,0.33,71.93,14.0,81.594,9.892,0.0,0.0,8.514,9296.0,1127.0,0.0,0.0,970.0,Interconnection studies in this area have identified adequate deliverability.,,,False,True,7732,66,33.66696983,-117.6424057,4.251373947390684,False
sce,Chollita P.T.,34.13987057719961,-116.3080615408371,12.55,,Devers 220/115 System,,1321.0,1.459,0.085,1.544,2.34,0.66,3.46,1.0,72.1362,4.0248,0.6192,0.0,23.2198,233.0,13.0,2.0,0.0,75.0,Deliverability in this area has not been determined by previous interconnection studies.,,,True,False,2016,115,34.1359889,-116.3156637,0.8220870039120693,True
sce,Cima,35.25530700396468,-115.5170589961386,16.98,,Cima 220/16 System,,739.0,0.01,0.0,0.01,0.66,0.01,11.19,1.0,9.5238,33.3333,0.0,0.0,57.1429,2.0,7.0,0.0,0.0,12.0,Deliverability in this area has not been determined by previous interconnection studies.,,,False,True,7919,230,35.25223227,-115.5157519,0.36190981101722763,True
sce,Citrus,34.11883200009951,-117.87186899926029,12.55,,Rio Hondo 220/66 System,,453.0,21.158,1.907,23.065,88.17,0.26,72.13,12.0,69.4064,14.7502,0.0,0.0415,15.8019,5016.0,1066.0,0.0,3.0,1142.0,Interconnection studies in this area have identified adequate deliverability.,,,False,True,391,66,34.11901471,-117.8719909,0.02320951904128689,True
sce,Clark,33.79608034211235,-118.10702342803262,,,Alamitos 220/66 System,,890.0,6.356,0.283,6.638,13.06,0.51,13.36,7.0,83.7309,3.4862,0.1223,0.0,12.6606,1369.0,57.0,2.0,0.0,207.0,Interconnection studies in this area have identified adequate deliverability.,,,False,True,392,66,33.79574877,-118.1071449,0.03853994151778336,True
sce,Coffee,33.932236354588085,-116.50504522447508,12.55,,Devers 220/115 System,,1805.0,21.893,9.846,31.739,52.76,0.6,24.26,8.0,79.438,5.0034,0.0685,0.0228,15.4672,3477.0,219.0,3.0,1.0,677.0,Deliverability in this area has not been determined by previous interconnection studies.,,,False,True,8501,66,33.93261159,-116.5051758,0.04342852340331283,True
sce,Coldbrook P.T.,33.85935675592398,-118.12132699213583,,,Del Amo 220/66 System,,2050.0,0.204,0.0,0.204,0.74,0.28,0.8,1.0,91.3978,4.3011,0.0,0.0,4.3011,85.0,4.0,0.0,0.0,4.0,Interconnection studies in this area have identified adequate deliverability.,,,True,False,459,66,33.84235695,-118.1205988,1.8914879073855164,True
sce,Colonia,34.203997997029866,-119.0967720048126,16.98,,Santa Clara 220/66 System,,643.0,17.487,23.307,40.794,70.42,0.58,43.21,9.0,41.7005,35.9257,0.5223,0.1161,21.7353,1437.0,1238.0,18.0,4.0,749.0,Interconnection studies in this area have identified adequate deliverability.,,,False,True,1458,66,34.20462779,-119.0963556,0.07981585759339763,True
sce,Colorado,34.02580816414182,-118.4724782440838,16.98,,La Cienega 220/66 System,,514.0,0.782,0.505,1.287,5.06,0.25,7.64,11.0,42.1708,30.7639,0.0,0.0,27.0653,1220.0,890.0,0.0,0.0,783.0,Interconnection studies in this area have identified adequate deliverability.,,,False,True,394,66,34.02561317,-118.4721561,0.03676260909888295,True
sce,Colton,34.05928099568391,-117.31516299984052,12.55,,Vista 220/115 System,,737.0,18.497,2.722,21.218,43.76,0.48,34.78,8.0,75.377,8.8018,0.1919,0.0274,15.6019,2749.0,321.0,7.0,1.0,569.0,Interconnection studies in this area have identified adequate deliverability.,,,False,True,7673,66,34.05897335,-117.314488,0.07097008252798742,True
sce,Columbine,35.83453147955805,-119.21259382724928,12.55,,Vestal 220/66 System,,598.0,3.556,5.489,9.045,17.95,0.5,17.04,4.0,9.4086,5.914,12.6344,0.0,72.043,35.0,22.0,47.0,0.0,268.0,Interconnection studies in this area have identified inadequate deliverability.,,,False,True,1420,66,35.8343055,-119.2100027,0.23493026748580204,True
sce,Compton,33.8968740620171,-118.22512802021888,,,Lighthipe 220/66 System,,887.0,0.647,0.111,0.758,4.33,0.18,11.6,,,,,,,,,,,,Interconnection studies in this area have identified adequate deliverability.,,,False,True,2087,66,33.8974341,-118.2247208,0.07273649949382095,True
sce,Concho,33.75688900153803,-116.33419299787862,12.55,,Mirage 220/115 System,,1826.0,22.808,3.523,26.332,56.0,0.47,29.67,9.0,63.3108,18.7829,0.0,0.025,17.8813,2528.0,750.0,0.0,1.0,714.0,Interconnection studies in this area have identified inadequate deliverability.,,,False,True,787,115,33.75747652,-116.3350763,0.10457574150405304,True
sce,Converse Flats,34.19366413798804,-116.91201653378045,12.55,,El Casco 220/115 System,,1653.0,0.0,0.0,0.0,0.61,0.0,1.0,1.0,43.75,12.5,0.0,0.0,43.75,35.0,10.0,0.0,0.0,35.0,Deliverability in this area has not been determined by previous interconnection studies.,,,False,True,2272,66,34.1957231,-116.9123756,0.23131567190948057,True
sce,Cornuta,33.88379282288618,-118.12056412504514,12.55,,Del Amo 220/66 System,,844.0,9.094,1.824,10.918,56.0,0.19,45.08,7.0,63.1721,18.4275,0.1621,0.027,18.2113,2338.0,682.0,6.0,1.0,674.0,Interconnection studies in this area have identified adequate deliverability.,,,False,True,398,66,33.88369974,-118.1203648,0.021111226212783593,True
sce,Corona,33.88433415078666,-117.57129588764676,12.55,,Mira Loma 220/66 System,,1784.0,0.291,0.029,0.319,1.85,0.17,2.81,23.0,63.7623,19.3219,0.0243,0.2917,16.5998,5247.0,1590.0,2.0,24.0,1366.0,Interconnection studies in this area have identified adequate deliverability.,,,False,True,788,66,33.88440023,-117.5718877,0.05512215160192441,True
sce,Cortez,34.092668773995285,-117.8790593448018,12.55,,Walnut 220/66 System,,454.0,22.199,5.158,27.357,95.01,0.29,73.44,14.0,63.8758,18.2577,0.0261,0.1435,17.6969,4898.0,1400.0,2.0,11.0,1357.0,Interconnection studies in this area have identified adequate deliverability.,,,False,True,399,66,34.09258019,-117.8795847,0.0493694902994153,True
sce,Corum,34.93630482935899,-117.95107436777867,12.55,,Windhub 220/66 System,,680.0,0.103,3.508,3.611,1.31,2.76,10.39,1.0,52.9032,8.3871,0.6452,0.0,38.0645,82.0,13.0,1.0,0.0,59.0,Interconnection studies in this area have identified adequate deliverability.,,,False,True,289,66,34.94057401,-117.9530671,0.5082773461750844,True
sce,Coso,36.082697937378725,-117.9508794515932,12.55,,Kramer 220/115 System,,1892.0,0.0,0.0,0.0,7.0,0.0,7.0,1.0,9.0909,22.7273,0.0,0.0,68.1818,4.0,10.0,0.0,0.0,30.0,Interconnection studies in this area have identified inadequate deliverability.,,,False,True,2327,115,36.0934423,-117.9576142,1.339247793953813,True
sce,Cottage Grove,34.24375366141106,-117.19723414306642,2.5,,Vista 220/115 System,,1346.0,0.022,0.0,0.022,0.15,0.15,0.48,1.0,85.4054,4.8649,0.5405,0.0,9.1892,158.0,9.0,1.0,0.0,17.0,Interconnection studies in this area have identified adequate deliverability.,,,False,True,2271,66,34.23438741,-117.2014241,1.110417894735164,True
sce,Cottonwood,34.37348672287697,-116.86154669043889,34.5,,Victor 220/115 System,,1785.0,34.507,15.187,49.694,34.2,1.45,6.31,5.0,15.625,9.375,0.0,0.0,75.0,5.0,3.0,0.0,0.0,24.0,Interconnection studies in this area have identified adequate deliverability.,,,False,True,8006,115,34.35459231,-116.8542637,2.204750277030549,False
sce,Cove P.T.,33.88973706516375,-116.6051725956054,,,Devers 220/115 System,,1366.0,0.265,0.019,0.284,2.39,0.12,4.72,,,,,,,,,,,,Deliverability in this area has not been determined by previous interconnection studies.,,,True,False,1856,115,33.90733058,-116.5798389,3.048634376074825,False
sce,Crater,34.108029995505106,-118.71436334833967,16.98,,Moorpark 220/66 System,,509.0,18.118,6.095,24.213,21.01,1.15,5.97,4.0,58.3405,14.3713,0.0855,0.0,27.2027,682.0,168.0,1.0,0.0,318.0,Interconnection studies in this area have identified adequate deliverability.,,,False,True,401,66,34.10697209,-118.7149439,0.12920765079981977,True
sce,Crawford P.T.,37.62900545166868,-118.98708328176254,2.5,,Inyo Sce 220/115 System,,1345.0,0.003,0.0,0.003,0.15,0.02,0.16,1.0,60.0,10.0,0.0,0.0,30.0,6.0,1.0,0.0,0.0,3.0,Interconnection studies in this area have identified inadequate deliverability.,,,True,False,628,115,37.64909166,-118.916775,6.581379348657757,False
sce,Crest,33.76692923592485,-118.3727197248746,16.98,,La Fresa 220/66 System,,537.0,16.997,2.803,19.8,50.08,0.4,36.2,7.0,66.5535,16.7044,0.0,0.0,16.7421,1765.0,443.0,0.0,0.0,444.0,Interconnection studies in this area have identified adequate deliverability.,,,False,True,402,66,33.76694457,-118.3731939,0.04386444798125303,True
sce,Crestwind U.G.S.,33.77852113938615,-118.41941446413716,,,La Fresa 220/66 System,,1344.0,0.383,0.046,0.429,1.26,0.34,1.07,1.0,79.3296,7.2626,0.0,0.0,13.4078,142.0,13.0,0.0,0.0,24.0,Interconnection studies in this area have identified adequate deliverability.,,,False,True,2103,66,33.77966215,-118.3873419,2.9669829638589693,False
sce,Crown,33.608690174598145,-117.86390230589092,12.55,,Santiago 220/66 System,,930.0,11.812,1.91,13.721,75.38,0.18,98.28,11.0,69.9628,15.7699,0.0,0.0,14.2672,4330.0,976.0,0.0,0.0,883.0,Interconnection studies in this area have identified adequate deliverability.,,,False,True,683,66,33.60815162,-117.8651633,0.13123706163223073,True
sce,Crump P.T.,34.08919933252988,-116.92173454047229,12.55,,El Casco 220/115 System,,1348.0,0.102,0.038,0.141,0.62,0.23,1.36,1.0,82.0513,6.6667,0.0,0.0,11.2821,160.0,13.0,0.0,0.0,22.0,Deliverability in this area has not been determined by previous interconnection studies.,,,True,False,2270,66,34.08755227,-116.9205846,0.2115565568270744,True
sce,Cucamonga,34.08395434683573,-117.59268522261728,12.55,,Padua 220/66 System,,790.0,25.659,10.445,36.104,117.6,0.31,81.5,17.0,56.6634,26.9676,0.0496,0.248,16.0714,3427.0,1631.0,3.0,15.0,972.0,Interconnection studies in this area have identified adequate deliverability.,,,False,True,1002,66,34.08426138,-117.5927555,0.034748577770705696,True
sce,Cudahy,33.96365158152219,-118.19368514839572,16.98,,Laguna Bell 220/66 System,,834.0,0.998,0.225,1.223,12.64,0.1,26.78,20.0,57.9725,19.1317,0.0111,0.2665,22.6183,5221.0,1723.0,1.0,24.0,2037.0,Interconnection studies in this area have identified adequate deliverability.,,,False,True,404,66,33.96384263,-118.1942652,0.05755847585153308,True
sce,Culver,34.01459700392742,-118.40266499797504,,,La Cienega 220/66 System,,468.0,5.022,0.286,5.308,15.59,0.34,11.85,21.0,57.4011,23.5188,0.0,0.0201,19.0601,2858.0,1171.0,0.0,1.0,949.0,Interconnection studies in this area have identified adequate deliverability.,,,False,True,405,66,34.01457592,-118.40261,0.005584993994163458,True
sce,Cummings,35.11090957384204,-118.49392933183512,12.55,,Windhub 220/66 System,,644.0,3.812,0.253,4.065,6.7,0.61,21.15,3.0,68.0,14.0541,0.1081,0.0,17.8378,629.0,130.0,1.0,0.0,165.0,Interconnection studies in this area have identified adequate deliverability.,,,False,True,290,66,35.10966362,-118.4946673,0.15394957923388833,True
sce,Cypress,33.80991268026793,-118.07236092354432,12.55,,Del Amo 220/66 System,,949.0,28.914,1.939,30.852,68.98,0.45,43.67,12.0,65.3072,19.5798,0.0,0.0706,15.0424,3699.0,1109.0,0.0,4.0,852.0,Interconnection studies in this area have identified adequate deliverability.,,,False,True,684,66,33.8096399,-118.072602,0.03763128279534591,True
sce,Daeley P.T.,33.9283278766198,-118.14182197758188,,,Center 220/66 System,,2046.0,0.138,0.01,0.148,1.0,0.15,0.85,1.0,85.4167,5.2083,0.0,0.0,9.375,82.0,5.0,0.0,0.0,9.0,Interconnection studies in this area have identified adequate deliverability.,,,True,False,533,66,33.94007948,-118.1405091,1.3123200794412522,True
sce,Daggett,34.8631924881409,-116.89486358150022,12.55,,Kramer 220/115 System,,1655.0,0.0,0.0,0.0,0.0,0.0,0.0,1.0,29.8658,13.0872,0.0,0.0,57.047,89.0,39.0,0.0,0.0,170.0,Interconnection studies in this area have identified inadequate deliverability.,,,False,True,2010,66,34.86248816,-116.8909496,0.3655909396513994,True
sce,Daisy,33.78857299996503,-118.2000940015866,,,Hinson 220/66 System,,886.0,0.666,0.048,0.714,4.85,0.15,5.29,4.0,64.3402,15.8124,0.0,0.0,19.8473,590.0,145.0,0.0,0.0,182.0,Interconnection studies in this area have identified adequate deliverability.,,,False,True,532,66,33.79018782,-118.1987019,0.2208891146320755,True
sce,Dalba P.T.,34.20608557579066,-117.12039687304828,2.5,,Vista 220/115 System,,1349.0,0.111,0.0,0.111,0.73,0.15,0.89,1.0,72.6415,1.8868,0.0,0.0,25.4717,77.0,2.0,0.0,0.0,27.0,Interconnection studies in this area have identified adequate deliverability.,,,True,False,2281,66,34.20804986,-117.1039999,1.5235938986989925,True
sce,Dalton,34.113777954796774,-117.9332777228,12.55,,Rio Hondo 220/66 System,,456.0,10.486,5.893,16.378,46.34,0.35,39.62,11.0,60.5226,19.1289,0.0,0.4878,19.8606,1737.0,549.0,0.0,14.0,570.0,Interconnection studies in this area have identified adequate deliverability.,,,False,True,406,66,34.11389987,-117.9336277,0.0349550554767425,True
sce,Declez,34.07838299868792,-117.48664800366758,12.55,,Etiwanda 220/66 System,,743.0,40.358,7.534,47.892,100.8,0.48,52.91,14.0,74.7067,12.2498,0.0575,0.1265,12.8594,6495.0,1065.0,5.0,11.0,1118.0,Interconnection studies in this area have identified adequate deliverability.,,,False,True,1003,66,34.07789452,-117.4880782,0.14248040973751877,True
sce,Deep Springs,37.37486700132881,-117.977503003681,2.5,,Inyo Sce 220/115 System,,203.0,0.325,0.0,0.325,0.22,1.47,0.12,1.0,0.0,0.0,0.0,0.0,100.0,0.0,0.0,0.0,0.0,2.0,Interconnection studies in this area have identified inadequate deliverability.,,,False,True,208,66,37.37438227,-117.9796042,0.1933369367178443,True
sce,Defrain,33.6599157219618,-114.62269680370996,12.55,,Eagle Mountain 220/220 System,,1656.0,0.884,0.031,0.915,3.44,0.27,5.34,2.0,41.7722,7.5949,0.6329,0.0,50.0,132.0,24.0,2.0,0.0,158.0,Interconnection studies in this area have identified inadequate deliverability.,,,False,True,2267,66,33.66046487,-114.62376,0.11580740590964392,True
sce,Del Amo,33.84822500287367,-118.09716799786231,12.55,,Del Amo 220/66 System,,2128.0,6.227,0.927,7.154,31.57,0.23,48.85,4.0,73.3715,11.3116,0.088,0.0,15.2289,1667.0,257.0,2.0,0.0,346.0,Interconnection studies in this area have identified adequate deliverability.,,,False,True,8116,66,33.84773136,-118.0969143,0.05968154849283395,True
sce,Del Rosa,34.15048200034294,-117.2517030051407,12.55,,San Bernardino 220/66 System,,798.0,22.209,4.857,27.066,84.87,0.32,79.33,12.0,76.35,7.1956,0.0127,0.0,16.4417,5995.0,565.0,1.0,0.0,1291.0,Interconnection studies in this area have identified adequate deliverability.,,,False,True,1004,66,34.149932,-117.251707,0.061158352627205766,True
sce,Del Sur,34.71800399750987,-118.28801500342776,12.55,,Antelope 220/66 System,,645.0,54.413,12.12,66.534,17.83,3.73,0.0,5.0,56.6842,6.655,0.1751,0.0584,36.4273,971.0,114.0,3.0,1.0,624.0,Interconnection studies in this area have identified adequate deliverability.,,,False,True,407,66,34.71797092,-118.2889766,0.08796528638112014,True
sce,Delano,35.775184395828234,-119.24264046324316,12.55,,Vestal 220/66 System,,562.0,0.538,0.017,0.555,1.99,0.28,5.39,13.0,78.2516,7.7186,0.6681,0.0142,13.3475,5505.0,543.0,47.0,1.0,939.0,Interconnection studies in this area have identified inadequate deliverability.,,,False,True,291,66,35.77551392,-119.2424861,0.039198467928604486,True
sce,Deluz P.T.,33.49973013826498,-117.18461438567844,12.55,,Valley 500/115 System,,1350.0,0.622,0.067,0.689,1.5,0.46,0.81,1.0,53.8462,11.5385,0.9615,0.0,33.6538,56.0,12.0,1.0,0.0,35.0,Deliverability in this area has not been determined by previous interconnection studies.,,,True,False,804,115,33.503775,-117.1404167,4.122704830544405,False
sce,Desert Outpost,33.80841701514476,-116.47263928522204,12.55,,Devers 220/115 System,,1658.0,2.379,0.181,2.56,9.21,0.28,7.94,2.0,86.6211,3.0273,0.0,0.0,10.3516,887.0,31.0,0.0,0.0,106.0,Deliverability in this area has not been determined by previous interconnection studies.,,,False,True,2025,115,33.80845523,-116.4726024,0.0054470496199619505,True
sce,Devers,33.93401700227757,-116.57836100060614,12.55,,Devers 220/115 System,,339.0,13.528,11.992,25.52,34.76,0.73,30.48,6.0,78.5794,6.6555,0.1119,0.0,14.6532,1405.0,119.0,2.0,0.0,262.0,Deliverability in this area has not been determined by previous interconnection studies.,,,False,True,8403,500,33.93689257,-116.5773748,0.3324406712673439,True
sce,Diamond Bar,34.00400717113695,-117.81169586594292,12.55,,Chino 220/66 System,,405.0,13.317,0.444,13.76,40.13,0.34,31.04,6.0,77.2509,11.5668,0.032,0.0,11.1503,2411.0,361.0,1.0,0.0,348.0,Interconnection studies in this area have identified adequate deliverability.,,,False,True,408,66,34.00294768,-117.8112369,0.12517654343229978,True
sce,Dike,33.76237900518144,-118.22216998226938,12.55,,Hinson 220/66 System,,842.0,0.0,2.8,2.8,22.4,0.13,19.6,4.0,0.0,28.4091,0.0,2.2727,69.3182,0.0,25.0,0.0,2.0,61.0,Interconnection studies in this area have identified adequate deliverability.,,,False,True,409,66,33.76219353,-118.2229677,0.07657228017405734,True
sce,Dinkey Creek P.T.,37.06493512397656,-119.1661012488832,,,Big Creek 220/220 System,,1351.0,0.0,0.0,0.0,0.16,0.0,0.3,1.0,50.0,10.0,0.0,0.0,40.0,20.0,4.0,0.0,0.0,16.0,Interconnection studies in this area have identified inadequate deliverability.,,,True,False,1633,230,37.20395556,-119.242925,16.892002627162537,False
sce,Ditmar,33.87237600011136,-118.37840454778362,,,La Fresa 220/66 System,,520.0,4.063,0.143,4.206,12.25,0.34,8.04,11.0,62.1516,19.0279,0.0,0.0691,18.7514,2698.0,826.0,0.0,3.0,814.0,Interconnection studies in this area have identified adequate deliverability.,,,False,True,410,66,33.87232911,-118.3779075,0.0461842339812002,True
sce,Doheny,34.09039725281789,-118.39157019643156,,,La Cienega 220/66 System,,475.0,0.029,0.0,0.029,0.0,0.0,0.0,2.0,,,,,,0.0,0.0,0.0,0.0,0.0,Interconnection studies in this area have identified adequate deliverability.,,,False,True,371,66,34.0731289,-118.3973342,1.9921799499510011,True
sce,Dolphin P.T.,34.15954170706311,-119.051375324635,,,Santa Clara 220/66 System,,2160.0,0.0,0.0,0.0,0.29,0.0,0.75,1.0,8.3333,8.3333,0.0,0.0,83.3333,1.0,1.0,0.0,0.0,10.0,Interconnection studies in this area have identified adequate deliverability.,,,True,False,1455,66,34.16190002,-119.0476223,0.43359984079044384,True
sce,Domeland P.T.,35.791809933097475,-117.851531062441,12.55,,Kramer 220/115 System,,1363.0,0.033,0.003,0.036,0.55,0.07,7.46,1.0,33.3333,12.8205,2.5641,0.0,51.2821,13.0,5.0,1.0,0.0,20.0,Interconnection studies in this area have identified inadequate deliverability.,,,True,False,2279,66,35.64848234,-117.8165945,16.246384674299428,False
sce,Downey,33.93716290704601,-118.12975636922113,,,Center 220/66 System,,932.0,2.347,0.103,2.45,8.36,0.29,12.55,6.0,79.0371,8.6259,0.1003,0.0,12.2367,788.0,86.0,1.0,0.0,122.0,Interconnection studies in this area have identified adequate deliverability.,,,False,True,376,66,33.93731568,-118.1299057,0.021871467728348925,True
sce,Downs,35.62041331900779,-117.6884528047109,12.55,,Kramer 220/115 System,,2027.0,27.916,19.193,47.109,54.0,0.87,8.89,7.0,71.6651,9.445,0.0188,0.0,18.8711,3809.0,502.0,1.0,0.0,1003.0,Interconnection studies in this area have identified inadequate deliverability.,,,False,True,1678,66,35.62202485,-117.6883033,0.1797028952546708,True
sce,Duarte,34.13856470583992,-117.96563295453346,,,Rio Hondo 220/66 System,,422.0,1.101,0.177,1.277,4.35,0.29,7.88,3.0,84.5987,5.6399,0.0,0.0,9.7614,390.0,26.0,0.0,0.0,45.0,Interconnection studies in this area have identified adequate deliverability.,,,False,True,2046,66,34.13866519,-117.9657695,0.01681572561753707,True
sce,Dunes,33.611349995945176,-114.67926099516676,12.55,,Eagle Mountain 220/220 System,,1661.0,1.234,5.0,6.234,3.43,1.82,7.77,2.0,52.3026,7.2368,0.0,0.0,40.4605,159.0,22.0,0.0,0.0,123.0,Interconnection studies in this area have identified inadequate deliverability.,,,False,True,2269,66,33.61086405,-114.6799559,0.08402892170828896,True
sce,Dunn Siding,35.04896210066004,-116.44277963649056,12.55,,Eldorado 220/115 System,,1657.0,0.0,0.0,0.0,0.87,0.0,5.0,1.0,0.0,37.5,0.0,0.0,62.5,0.0,9.0,0.0,0.0,15.0,Interconnection studies in this area have identified inadequate deliverability.,,,False,True,2274,66,34.95748592,-116.6531954,21.697078364158056,False
sce,Dysart P.T.,33.896619249714675,-116.90972073182132,12.55,,El Casco 220/115 System,,1364.0,0.119,0.0,0.119,0.22,0.53,0.63,1.0,31.8182,6.8182,0.0,0.0,61.3636,14.0,3.0,0.0,0.0,27.0,Deliverability in this area has not been determined by previous interconnection studies.,,,True,False,795,66,33.92672299,-116.9287486,3.7799688351673075,False
sce,Eagle Crest P.T.,33.72498088808595,-117.26877509370809,12.55,,Valley 500/115 System,,2208.0,0.136,0.017,0.154,1.09,0.14,1.35,1.0,77.4775,3.6036,0.0,0.0,18.9189,86.0,4.0,0.0,0.0,21.0,Deliverability in this area has not been determined by previous interconnection studies.,,,True,False,793,115,33.67438334,-117.3261806,7.736663260440307,False
sce,Eagle Mountain,33.81142800223903,-115.45355200188276,12.55,,Eagle Mountain 220/220 System,,310.0,0.233,0.0,0.233,2.84,0.08,13.77,2.0,13.5922,6.7961,0.0,0.0,79.6117,28.0,14.0,0.0,0.0,164.0,Interconnection studies in this area have identified inadequate deliverability.,,,False,True,8223,230,33.81087081,-115.45362,0.062274640709893095,True
sce,Earlimart,35.893572999556234,-119.25176100227374,12.55,,Vestal 220/66 System,,564.0,10.026,14.406,24.432,21.93,1.11,17.57,5.0,62.2108,4.3702,3.9846,0.0,29.4344,968.0,68.0,62.0,0.0,458.0,Interconnection studies in this area have identified inadequate deliverability.,,,False,True,1422,66,35.89225701,-119.2507923,0.1703742820176664,True
sce,East Barstow,34.88981280113665,-117.00156920661708,,,Kramer 220/115 System,,1662.0,0.561,0.058,0.619,1.16,0.53,3.13,2.0,88.2143,3.2143,0.0,0.0,8.5714,247.0,9.0,0.0,0.0,24.0,Interconnection studies in this area have identified inadequate deliverability.,,,False,True,2011,66,34.88999449,-117.0018638,0.0336171563635059,True
sce,Eaton,34.16215700293834,-118.0856959980606,16.98,,Mesa 220/66 System,,399.0,12.888,1.519,14.407,39.6,0.36,41.59,6.0,72.0526,10.2492,0.0,0.028,17.6701,2573.0,366.0,0.0,1.0,631.0,Interconnection studies in this area have identified adequate deliverability.,,,False,True,414,66,34.16225829,-118.0857225,0.011523546368784745,True
sce,Edinger,33.72704165914478,-117.86833970365298,,,Johanna 220/66 System,,989.0,1.469,0.174,1.643,5.24,0.31,8.36,5.0,92.4501,3.2051,0.0,0.0,4.3447,1298.0,45.0,0.0,0.0,61.0,Interconnection studies in this area have identified adequate deliverability.,,,False,True,2227,66,33.72690426,-117.8685382,0.023882995221746705,True
sce,Edwards,34.97733316152458,-117.89157335300752,34.5,,Kramer 220/115 System,,1786.0,9.092,0.176,9.268,24.0,0.39,43.9,3.0,27.2727,18.1818,0.0,0.0,54.5455,3.0,2.0,0.0,0.0,6.0,Interconnection studies in this area have identified inadequate deliverability.,,,False,True,8311,66,34.98448153,-117.891046,0.7963130375837829,True
sce,Eisenhower,33.807706998789484,-116.49345499860358,12.55,,Devers 220/115 System,,1815.0,17.616,4.709,22.325,44.8,0.5,22.47,12.0,60.4668,18.266,0.0,0.0,21.2671,1632.0,493.0,0.0,0.0,574.0,Deliverability in this area has not been determined by previous interconnection studies.,,,False,True,792,115,33.80795835,-116.4939389,0.052726090054014636,True
sce,El Casco,33.967165609123306,-117.07742912743562,12.55,,El Casco 220/115 System,,1861.0,16.041,0.93,16.971,20.7,0.82,39.03,4.0,80.2857,4.1429,0.0,0.0,15.5714,1124.0,58.0,0.0,0.0,218.0,Deliverability in this area has not been determined by previous interconnection studies.,,,False,True,817,66,34.01056535,-117.0513646,5.3910460256787704,False
sce,El Nido,33.89601600350098,-118.37257599658405,16.98,,El Nido 220/66 System,,302.0,11.26,2.287,13.548,86.09,0.16,98.45,10.0,53.5697,23.8552,0.0,0.1723,22.4028,2176.0,969.0,0.0,7.0,910.0,Interconnection studies in this area have identified adequate deliverability.,,,False,True,8551,230,33.89569461,-118.3732787,0.07405200562756728,True
sce,El Sobrante,33.85855174333349,-117.44061908499997,12.55,,Mira Loma 220/66 System,,1669.0,13.472,1.13,14.602,20.75,0.7,13.4,3.0,81.6547,5.1559,0.06,0.0,13.1295,1362.0,86.0,1.0,0.0,219.0,Interconnection studies in this area have identified adequate deliverability.,,,False,True,2225,66,33.85880824,-117.4407018,0.029526083374349393,True
sce,Elementary P.T.,34.10633553615135,-118.10358632634345,,,Mesa 220/66 System,,2038.0,0.209,0.017,0.225,0.5,0.45,0.77,1.0,85.9375,6.25,0.0,0.0,7.8125,55.0,4.0,0.0,0.0,5.0,Interconnection studies in this area have identified adequate deliverability.,,,True,False,515,66,34.09869881,-118.1001833,0.9051276388907779,True
sce,Elizabeth Lake,34.49098850700194,-118.61504490755289,16.98,,Saugus 220/66 System,,596.0,31.072,18.67,49.742,54.54,0.91,34.26,7.0,69.1984,14.6736,0.0646,0.1616,15.9017,2141.0,454.0,2.0,5.0,492.0,Interconnection studies in this area have identified adequate deliverability.,,,False,True,415,66,34.49113968,-118.6163972,0.12507030995882176,True
sce,Ellis,33.68544544480769,-117.9434316308098,12.55,,Ellis 220/66 System,,374.0,14.64,6.112,20.752,42.79,0.48,24.05,6.0,79.7711,11.6673,0.0,0.0204,8.5411,3904.0,571.0,0.0,1.0,418.0,Interconnection studies in this area have identified adequate deliverability.,,,False,True,7627,230,33.68537943,-117.9431138,0.030309537831609192,True
sce,Elsinore,33.67450557123915,-117.32588146539794,12.55,,Valley 500/115 System,,1667.0,23.337,3.454,26.791,36.14,0.74,29.21,12.0,67.6234,15.5437,0.0486,0.0,16.7842,2780.0,639.0,2.0,0.0,690.0,Deliverability in this area has not been determined by previous interconnection studies.,,,False,True,793,115,33.67438334,-117.3261806,0.030837649828273826,True
sce,Ely,33.850669276650706,-118.02764770461924,12.55,,Barre 220/66 System,,931.0,15.709,6.081,21.79,68.98,0.32,84.61,10.0,81.3476,7.7867,0.0,0.0223,10.8434,3646.0,349.0,0.0,1.0,486.0,Interconnection studies in this area have identified adequate deliverability.,,,False,True,685,66,33.85108801,-118.02792,0.05291713854766212,True
sce,Emigrant P.T.,36.60388225402959,-117.14340065601516,12.55,,Valley Electric 220/25,,1369.0,0.005,0.443,0.449,0.73,0.62,0.55,1.0,13.3333,53.3333,0.0,0.0,33.3333,2.0,8.0,0.0,0.0,5.0,Interconnection studies in this area have identified adequate deliverability.,,,True,False,210,115,36.60071079,-118.0725009,82.93802127780124,False
sce,Eric,33.8798500049219,-118.09062992806278,12.55,,Del Amo 220/66 System,,904.0,13.151,8.367,21.518,71.02,0.3,52.88,11.0,63.0952,20.5113,0.0,0.1171,16.2763,3233.0,1051.0,0.0,6.0,834.0,Interconnection studies in this area have identified adequate deliverability.,,,False,True,416,66,33.87990599,-118.090471,0.01593752699112453,True
sce,Escala P.T.,33.505778122375155,-117.33327331429768,12.55,,Valley 500/115 System,,2047.0,0.561,0.073,0.634,1.14,0.56,4.37,1.0,64.5833,4.1667,0.0,0.0,31.25,31.0,2.0,0.0,0.0,15.0,Deliverability in this area has not been determined by previous interconnection studies.,,,True,False,2285,115,33.5841918,-117.2554484,11.315665253189005,False
sce,Escondido P.T.,34.489360609943034,-118.32216227118028,12.55,,Saugus 220/66 System,,1373.0,0.0,0.0,0.0,0.0,0.0,1.0,1.0,,,,,,0.0,0.0,0.0,0.0,0.0,Interconnection studies in this area have identified adequate deliverability.,,,True,False,526,66,34.45187222,-118.4225889,10.10597417016502,False
sce,Estero,34.145483384192424,-119.09457121669094,16.98,,Santa Clara 220/66 System,,696.0,18.4,4.907,23.308,21.87,1.07,21.49,6.0,48.7725,21.1675,1.2002,0.1091,28.7507,894.0,388.0,22.0,2.0,527.0,Interconnection studies in this area have identified adequate deliverability.,,,False,True,1459,66,34.14596946,-119.0956666,0.11437997687697528,True
sce,Estrella,33.687249709892,-117.82790152451156,12.55,,Santiago 220/66 System,,1024.0,15.983,10.934,26.918,93.44,0.29,85.08,15.0,71.7828,11.4276,0.0,0.1676,16.622,2142.0,341.0,0.0,5.0,496.0,Interconnection studies in this area have identified adequate deliverability.,,,False,True,686,66,33.68750555,-117.8285556,0.06686987196550732,True
sce,Etiwanda,34.0874063550556,-117.52566069325276,12.55,,Etiwanda 220/66 System,,1874.0,28.269,3.109,31.378,72.31,0.43,52.62,11.0,80.7453,7.6445,0.0,0.1433,11.4668,3380.0,320.0,0.0,6.0,480.0,Interconnection studies in this area have identified adequate deliverability.,,,False,True,7830,230,34.0891351,-117.527049,0.23086031302980828,True
sce,Ettalee P.T.,36.30854453683688,-116.41507365047508,,,Valley Electric 220/25,,1371.0,0.0,0.0,0.0,0.05,0.0,0.15,1.0,0.0,53.3333,0.0,0.0,46.6667,0.0,8.0,0.0,0.0,7.0,Interconnection studies in this area have identified adequate deliverability.,,,True,False,1829,115,35.76488065,-117.3754457,105.4098764715439,False
sce,Euclid,34.08207658430842,-117.63291206560012,,,Padua 220/66 System,,776.0,0.929,0.118,1.047,3.86,0.27,6.39,2.0,91.0876,1.9637,0.0,0.0,6.9486,603.0,13.0,0.0,0.0,46.0,Interconnection studies in this area have identified adequate deliverability.,,,False,True,1040,66,34.093625,-117.650043,2.0341396739428523,False
sce,Fairfax,34.08962425490188,-118.36102317404686,16.98,,Eagle Rock 220/66 System,,474.0,0.238,0.016,0.254,4.29,0.06,11.75,11.0,50.7616,24.7427,0.0,0.0,24.4957,2466.0,1202.0,0.0,0.0,1190.0,Interconnection studies in this area have identified adequate deliverability.,,,False,True,2091,66,34.08994998,-118.3608738,0.03874308376901332,True
sce,Fairview,33.69420600217397,-117.8676489323096,12.55,,Johanna 220/66 System,,933.0,2.944,1.681,4.626,83.08,0.06,91.57,15.0,33.2953,38.7115,0.057,0.171,27.7651,584.0,679.0,1.0,3.0,487.0,Interconnection studies in this area have identified adequate deliverability.,,,False,True,687,66,33.693574,-117.867617,0.07033750310184315,True
sce,Falcon Ridge,34.154530066281474,-117.43225566011652,12.55,,Etiwanda 220/66 System,,1882.0,25.77,1.47,27.239,40.38,0.67,28.76,5.0,84.7213,3.5234,0.0,0.4484,11.3069,2645.0,110.0,0.0,14.0,353.0,Interconnection studies in this area have identified adequate deliverability.,,,False,True,990,66,34.13546122,-117.4092334,2.9974480085570407,False
sce,Falls P.T.,37.61929260719179,-119.0183354078835,2.5,,Inyo Sce 220/115 System,,1384.0,0.0,0.0,0.0,0.02,0.0,0.1,1.0,83.3333,0.0,0.0,0.0,16.6667,5.0,0.0,0.0,0.0,1.0,Interconnection studies in this area have identified inadequate deliverability.,,,True,False,628,115,37.64909166,-118.916775,9.537315585379966,False
sce,Farrell,33.84688300284005,-116.5047269975424,12.55,,Devers 220/115 System,,1807.0,57.981,6.311,64.292,104.84,0.61,47.71,13.0,79.8269,9.4449,0.0,0.1044,10.6237,5350.0,633.0,0.0,7.0,712.0,Deliverability in this area has not been determined by previous interconnection studies.,,,False,True,794,115,33.84615835,-116.5050806,0.08694339104109007,True
sce,Felton,33.916039936169824,-118.36172744918088,16.98,,El Nido 220/66 System,,517.0,1.491,0.329,1.82,4.51,0.4,7.33,9.0,59.4355,18.6319,0.0239,0.2153,21.6934,2485.0,779.0,1.0,9.0,907.0,Interconnection studies in this area have identified adequate deliverability.,,,False,True,417,66,33.91580073,-118.3620587,0.04051901017480177,True
sce,Fernwood,33.92844212484132,-118.21523574692952,16.98,,Lighthipe 220/66 System,,868.0,3.613,2.003,5.616,48.0,0.12,42.38,6.0,44.9495,23.4568,0.0,0.1684,31.4254,801.0,418.0,0.0,3.0,560.0,Interconnection studies in this area have identified adequate deliverability.,,,False,True,418,66,33.92829702,-118.215484,0.028016937109608123,True
sce,Fighter P.T.,33.818226965303246,-117.51824665701758,12.55,,Mira Loma 220/66 System,,2239.0,1.136,0.05,1.186,7.6,0.16,8.81,2.0,74.6193,5.0761,0.0,0.0,20.3046,147.0,10.0,0.0,0.0,40.0,Interconnection studies in this area have identified adequate deliverability.,,,True,False,1955,66,33.83390123,-117.4972091,2.610388548135053,False
sce,Fillmore,34.408935811473874,-118.92041982248664,16.98,,Saugus 220/66 System,,647.0,13.05,8.333,21.383,30.5,0.7,29.02,5.0,50.89,14.0372,2.4676,0.0,32.6052,1258.0,347.0,61.0,0.0,806.0,Interconnection studies in this area have identified adequate deliverability.,,,False,True,1461,66,34.40884448,-118.9207778,0.03437480394087293,True
sce,Firehouse,34.04225255129872,-117.62248279227188,12.55,,Chino 220/66 System,,813.0,22.468,11.521,33.989,95.84,0.35,66.81,15.0,54.7662,26.5774,0.0227,0.5674,18.0663,2413.0,1171.0,1.0,25.0,796.0,Interconnection studies in this area have identified adequate deliverability.,,,False,True,1006,66,34.04181302,-117.623414,0.09874405784594585,True
sce,Flagstone P.T.,33.81906581179163,-118.12107910289824,,,Del Amo 220/66 System,,2031.0,0.285,0.0,0.285,0.65,0.44,0.71,1.0,93.4211,2.6316,0.0,0.0,3.9474,71.0,2.0,0.0,0.0,3.0,Interconnection studies in this area have identified adequate deliverability.,,,True,False,447,66,33.83024406,-118.124653,1.2860604344080997,True
sce,Floraday,33.93548799543143,-118.09417900279584,,,Center 220/66 System,,1010.0,2.29,0.197,2.486,7.39,0.34,10.19,4.0,89.4663,2.5281,0.0,0.0,8.0056,637.0,18.0,0.0,0.0,57.0,Interconnection studies in this area have identified adequate deliverability.,,,False,True,2059,66,33.93550647,-118.0942072,0.003314657018036852,True
sce,Fogarty,33.70081870853662,-117.37384841874932,12.55,,Valley 500/115 System,,1834.0,15.823,0.639,16.462,30.19,0.55,39.54,5.0,82.5847,6.8164,0.0,0.0,10.5989,2096.0,173.0,0.0,0.0,269.0,Deliverability in this area has not been determined by previous interconnection studies.,,,False,True,2329,66,33.70191633,-117.3752229,0.17624784229872967,True
sce,Forest Home,34.087574182727614,-116.92060648551028,2.5,,El Casco 220/115 System,,1670.0,0.009,0.0,0.009,0.63,0.02,0.99,2.0,60.6557,8.1967,0.0,0.0,31.1475,37.0,5.0,0.0,0.0,19.0,Deliverability in this area has not been determined by previous interconnection studies.,,,False,True,2270,66,34.08755227,-116.9205846,0.003162102965337054,True
sce,Francis,34.04176760572311,-117.7227327721905,12.55,,Chino 220/66 System,,771.0,23.697,11.957,35.654,90.4,0.39,54.75,11.0,72.106,10.8354,0.039,0.052,16.9676,5550.0,834.0,3.0,4.0,1306.0,Interconnection studies in this area have identified adequate deliverability.,,,False,True,1007,66,34.04205824,-117.7230212,0.04184077838423176,True
sce,Frazier Park,34.81547512233127,-119.01032023127377,12.55,,Bailey 220/66 System,,632.0,2.574,0.346,2.919,8.3,0.35,16.1,1.0,61.3453,10.4933,0.0,0.0,28.1614,684.0,117.0,0.0,0.0,314.0,Interconnection studies in this area have identified adequate deliverability.,,,False,True,293,66,34.81499978,-119.0098992,0.06535339581291257,True
sce,Fremont,33.894644489493515,-118.26469982761756,16.98,,Lighthipe 220/66 System,,840.0,7.322,3.319,10.641,59.42,0.18,73.36,13.0,56.3796,20.5416,0.0,0.1952,22.8836,2311.0,842.0,0.0,8.0,938.0,Interconnection studies in this area have identified adequate deliverability.,,,False,True,1510,66,33.89465809,-118.2645067,0.017889512021675772,True
sce,Fruitland,33.99612653954061,-118.22661150774924,16.98,,Laguna Bell 220/66 System,,839.0,0.349,0.018,0.366,2.97,0.12,8.63,10.0,47.9461,25.4939,0.0,0.4704,26.0897,1529.0,813.0,0.0,15.0,832.0,Interconnection studies in this area have identified adequate deliverability.,,,False,True,421,66,33.9959959,-118.226704,0.0168441003659925,True
sce,Fullerton,33.86801014671579,-117.92098061980474,12.55,,Barre 220/66 System,,935.0,1.241,0.132,1.373,5.97,0.23,7.63,12.0,71.2253,13.1243,0.0,0.2904,15.36,2453.0,452.0,0.0,10.0,529.0,Interconnection studies in this area have identified adequate deliverability.,,,False,True,688,66,33.86814402,-117.921312,0.03402473760190784,True
sce,Gabrielino P.T.,34.084080889069995,-118.09351128524295,,,Mesa 220/66 System,,2039.0,0.117,0.0,0.117,0.74,0.16,0.88,1.0,82.1918,4.1096,0.0,0.0,13.6986,60.0,3.0,0.0,0.0,10.0,Interconnection studies in this area have identified adequate deliverability.,,,True,False,512,66,34.09221847,-118.0826588,1.3481679676373095,True
sce,Gage,33.96285388729544,-118.15565626543383,,,Laguna Bell 220/66 System,,891.0,0.151,0.0,0.151,3.17,0.05,7.29,2.0,71.5262,9.795,0.0,0.0,18.6788,314.0,43.0,0.0,0.0,82.0,Interconnection studies in this area have identified adequate deliverability.,,,False,True,7869,66,33.97591181,-118.1478911,1.6189541662459443,True
sce,Gale,34.85901038194339,-116.866424742626,34.5,,Kramer 220/115 System,,1787.0,19.351,22.121,41.473,23.85,1.74,14.63,3.0,3.2258,35.4839,0.0,0.0,61.2903,1.0,11.0,0.0,0.0,19.0,Interconnection studies in this area have identified inadequate deliverability.,,,False,True,8036,66,34.859027,-116.8664211,0.001877495648052084,True
sce,Galileo P.T.,35.218163138249764,-117.7650016012762,12.55,,Kramer 220/115 System,,1397.0,0.009,0.0,0.009,0.48,0.02,0.99,1.0,21.7391,4.3478,0.0,0.0,73.913,5.0,1.0,0.0,0.0,17.0,Interconnection studies in this area have identified inadequate deliverability.,,,True,False,1553,66,35.14258236,-117.9687131,20.332368462751766,False
sce,Gallatin,33.96137148906237,-118.11147605505278,12.55,,Center 220/66 System,,936.0,11.596,2.878,14.474,47.61,0.3,38.79,7.0,56.4251,20.5425,0.0889,0.3112,22.6323,1269.0,462.0,2.0,7.0,509.0,Interconnection studies in this area have identified adequate deliverability.,,,False,True,423,66,33.96155128,-118.1113506,0.023098599034682154,True
sce,Ganesha,34.05738506938873,-117.77655335681654,12.55,,Chino 220/66 System,,747.0,2.082,0.041,2.123,4.96,0.43,3.88,14.0,71.5505,9.4302,0.0397,0.0397,18.9398,3604.0,475.0,2.0,2.0,954.0,Interconnection studies in this area have identified adequate deliverability.,,,False,True,425,66,34.05753246,-117.7756362,0.0860655197156392,True
sce,Garfield,34.126135002802286,-118.14927799541836,,,Mesa 220/66 System,,402.0,1.277,0.096,1.373,6.26,0.22,7.63,6.0,65.3571,17.619,0.0,0.0,17.0238,549.0,148.0,0.0,0.0,143.0,Interconnection studies in this area have identified adequate deliverability.,,,False,True,426,66,34.12496383,-118.1498524,0.14055250215831683,True
sce,Garnet,33.90145418385204,-116.5439873868186,34.5,,Devers 220/115 System,,1613.0,116.809,36.062,152.871,73.22,2.09,15.13,11.0,63.3621,7.9741,0.0,0.0,28.6638,588.0,74.0,0.0,0.0,266.0,Deliverability in this area has not been determined by previous interconnection studies.,,,False,True,796,115,33.90148334,-116.5435333,0.042033596733164494,True
sce,Garvey,34.06333642914691,-118.0910441257477,,,Mesa 220/66 System,,403.0,1.015,0.031,1.047,5.53,0.19,12.45,4.0,82.4397,4.8257,0.0,0.0,12.7346,615.0,36.0,0.0,0.0,95.0,Interconnection studies in this area have identified adequate deliverability.,,,False,True,513,66,34.05121845,-118.0813473,1.6166697601193327,True
sce,Gavilan,33.78453137951131,-117.244404040654,12.55,,Valley 500/115 System,,1725.0,5.127,0.585,5.712,24.79,0.23,22.29,4.0,81.6556,4.1181,0.0,0.1248,14.1015,1963.0,99.0,0.0,3.0,339.0,Deliverability in this area has not been determined by previous interconnection studies.,,,False,True,784,115,33.82896388,-117.2123222,5.761640510183106,False
sce,Gaviota,34.47616945495448,-120.19895765529488,16.98,,Goleta 220/66 System,,706.0,0.198,0.003,0.202,1.11,0.18,22.2,3.0,23.8095,22.8571,0.0,0.0,53.3333,25.0,24.0,0.0,0.0,56.0,Interconnection studies in this area have identified adequate deliverability.,,,False,True,1223,66,34.47602778,-120.1993556,0.039733951184274995,True
sce,Genamic,34.090687084227305,-117.56578692312048,12.55,,Etiwanda 220/66 System,,1192.0,8.427,1.064,9.491,28.0,0.34,18.51,4.0,77.2698,11.3973,0.0,0.0,11.3329,1200.0,177.0,0.0,0.0,176.0,Interconnection studies in this area have identified adequate deliverability.,,,False,True,1010,66,34.09135901,-117.566609,0.10636274957370302,True
sce,George A.F.B.,34.57982381229889,-117.36944495127666,,,Victor 220/115 System,,1671.0,0.0,0.0,0.0,2.14,0.0,15.0,,,,,,,,,,,,Interconnection studies in this area have identified adequate deliverability.,,,False,True,1953,66,34.58002088,-117.3693753,0.02282187040244249,True
sce,Gilbert,33.87688000357716,-117.97285199579584,12.55,,Barre 220/66 System,,945.0,19.254,2.057,21.311,81.37,0.26,90.69,12.0,74.1269,11.5467,0.0,0.0,14.3264,3120.0,486.0,0.0,0.0,603.0,Interconnection studies in this area have identified adequate deliverability.,,,False,True,689,66,33.87756274,-117.9717703,0.12544058474395614,True
sce,Gisler,33.6874929740019,-117.91268546781532,12.55,,Ellis 220/66 System,,971.0,8.349,4.612,12.961,85.36,0.15,87.04,13.0,61.6762,25.0933,0.0249,0.0,13.2057,2480.0,1009.0,1.0,0.0,531.0,Interconnection studies in this area have identified adequate deliverability.,,,False,True,690,66,33.68734602,-117.912816,0.020319239803501716,True
sce,Glen Avon,34.00596154761225,-117.45752658281909,12.55,,Vista 220/115 System,,1673.0,22.115,0.932,23.048,47.22,0.49,55.35,7.0,75.9287,5.8378,0.0,0.1137,18.1198,2003.0,154.0,0.0,3.0,478.0,Interconnection studies in this area have identified adequate deliverability.,,,False,True,797,66,34.00502923,-117.4574435,0.103951485896473,True
sce,Glennville,35.7241343503674,-118.69554791102324,12.55,,Vestal 220/66 System,,566.0,0.921,0.149,1.07,2.49,0.43,3.13,1.0,42.5287,12.2605,2.4904,0.0,42.7203,222.0,64.0,13.0,0.0,223.0,Interconnection studies in this area have identified inadequate deliverability.,,,False,True,294,66,35.7222499,-118.6950727,0.21388753491011095,True
sce,Goldhill,34.304594715563255,-116.82219835404692,34.5,,Victor 220/115 System,,1798.0,0.0,0.0,0.0,34.25,0.0,50.0,1.0,,,,,,0.0,0.0,0.0,0.0,0.0,Interconnection studies in this area have identified adequate deliverability.,,,False,True,2398,66,34.3037656,-116.8201577,0.2088869056792325,True
sce,Goldtown,35.05456290386635,-118.18626607582308,12.55,,Windhub 220/66 System,,649.0,17.378,7.005,24.383,9.51,2.56,0.07,3.0,51.6653,15.1097,0.0,1.5435,31.6816,636.0,186.0,0.0,19.0,390.0,Interconnection studies in this area have identified adequate deliverability.,,,False,True,295,66,35.05410894,-118.1861563,0.05145798117323137,True
sce,Goleta,34.47458731297879,-119.88528727978417,16.98,,Goleta 220/66 System,,320.0,1.897,1.084,2.981,5.03,0.59,25.02,3.0,45.0909,9.0909,2.1818,0.0,43.6364,124.0,25.0,6.0,0.0,120.0,Interconnection studies in this area have identified adequate deliverability.,,,False,True,7699,230,34.4687799,-119.8843541,0.6513963302924032,True
sce,Gonzales,34.2261977486632,-119.17572336799584,16.98,,Santa Clara 220/66 System,,717.0,19.813,11.378,31.191,84.0,0.37,52.81,8.0,61.9727,18.727,0.2793,0.1029,18.9181,4216.0,1274.0,19.0,7.0,1287.0,Interconnection studies in this area have identified adequate deliverability.,,,False,True,1463,66,34.22619445,-119.1757972,0.006797912266587087,True
sce,Gorman,34.78871455256242,-118.8223213307326,12.55,,Bailey 220/66 System,,650.0,0.568,0.124,0.692,10.87,0.06,10.18,2.0,15.2344,26.1719,0.0,0.0,58.5938,39.0,67.0,0.0,0.0,150.0,Interconnection studies in this area have identified adequate deliverability.,,,False,True,428,66,34.79054444,-118.8271055,0.4819452250789714,True
sce,Goshen,36.32601238794229,-119.43817686985088,12.55,,Rector 220/66 System,,567.0,12.745,17.314,30.06,37.6,0.8,25.94,6.0,41.8009,11.8594,10.8346,0.2196,35.2855,571.0,162.0,148.0,3.0,482.0,Interconnection studies in this area have identified inadequate deliverability.,,,False,True,1424,66,36.32655001,-119.4391583,0.10631986514002517,True
sce,Gould,34.22045478918629,-118.18497073763636,16.98,,Gould 220/66 System,,1901.0,0.0,0.0,0.0,4.09,0.0,14.0,3.0,83.6775,3.8348,0.0,0.0,12.4877,851.0,39.0,0.0,0.0,127.0,Interconnection studies in this area have identified adequate deliverability.,,,False,True,7949,66,34.22146811,-118.1869762,0.21609230544716593,True
sce,Graham,33.95932330825726,-118.23688369438952,,,Laguna Bell 220/66 System,,845.0,0.955,0.09,1.045,7.0,0.15,5.95,4.0,77.4395,7.8845,0.0,0.0,14.676,992.0,101.0,0.0,0.0,188.0,Interconnection studies in this area have identified adequate deliverability.,,,False,True,2073,66,33.95866685,-118.2369151,0.07305227364025293,True
sce,Granada,34.105522002336,-118.12156799891294,,,Eagle Rock 220/66 System,,404.0,1.391,0.062,1.452,7.32,0.2,8.55,6.0,75.4448,8.1851,0.2372,0.0,16.1329,636.0,69.0,2.0,0.0,136.0,Interconnection studies in this area have identified adequate deliverability.,,,False,True,515,66,34.09869881,-118.1001833,2.110089593594566,False
sce,Grapevine P.T.,37.05920306834882,-117.28631243290252,12.55,,Valley Electric 220/25,,1388.0,0.0,0.0,0.0,0.04,0.0,1.0,1.0,0.0,0.0,0.0,0.0,100.0,0.0,0.0,0.0,0.0,7.0,Deliverability in this area has not been determined by previous interconnection studies.,,,True,False,208,66,37.37438227,-117.9796042,70.69008206377042,False
sce,Great Lakes,34.83671927635196,-118.1569995374843,12.55,,Antelope 220/66 System,,694.0,3.409,3.563,6.972,6.08,1.15,7.03,1.0,73.6239,8.945,0.0,0.0,17.4312,642.0,78.0,0.0,0.0,152.0,Interconnection studies in this area have identified adequate deliverability.,,,False,True,296,66,34.83738247,-118.1554673,0.15809473415269257,True
sce,Green Bear P.T.,34.21189424600382,-117.07987409261612,2.5,,Vista 220/115 System,,1389.0,0.049,0.008,0.057,0.82,0.07,0.94,1.0,83.8509,3.7267,0.0,0.0,12.4224,135.0,6.0,0.0,0.0,20.0,Interconnection studies in this area have identified adequate deliverability.,,,True,False,2281,66,34.20804986,-117.1039999,2.259328469367758,False
sce,Greenhorn,35.738119403560795,-118.55660120008169,2.5,,Vestal 220/66 System,,601.0,0.009,0.0,0.009,0.5,0.02,1.12,1.0,63.2479,8.547,0.0,0.0,28.2051,74.0,10.0,0.0,0.0,33.0,Interconnection studies in this area have identified inadequate deliverability.,,,False,True,297,66,35.73837172,-118.5564021,0.033317835655533944,True
sce,Greening,33.88151199685372,-118.04771599985176,12.55,,Del Amo 220/66 System,,1019.0,6.647,1.385,8.032,38.17,0.21,36.77,6.0,61.4286,23.0857,0.0,0.3429,15.1429,1075.0,404.0,0.0,6.0,265.0,Interconnection studies in this area have identified adequate deliverability.,,,False,True,430,66,33.8810914,-118.0474627,0.05228796339499749,True
sce,Grimshaw P.T.,35.84798971593569,-116.22601109207082,2.5,,Valley Electric 220/25,,1392.0,0.006,0.0,0.006,0.41,0.01,0.74,1.0,49.1803,4.918,0.0,0.0,45.9016,30.0,3.0,0.0,0.0,28.0,Interconnection studies in this area have identified adequate deliverability.,,,True,False,2259,66,35.26250712,-116.7022796,78.0680110996105,False
sce,Gunsite P.T.,34.032046956248955,-116.85622670508616,2.5,,El Casco 220/115 System,,1393.0,0.0,0.0,0.0,0.05,0.0,0.25,1.0,0.0,33.3333,0.0,0.0,66.6667,0.0,1.0,0.0,0.0,2.0,Deliverability in this area has not been determined by previous interconnection studies.,,,True,False,2270,66,34.08755227,-116.9205846,8.558107589312328,False
sce,Hamilton,33.65499499810547,-117.95302900495923,12.55,,Ellis 220/66 System,,937.0,18.991,2.257,21.248,56.0,0.38,34.75,8.0,80.0181,10.3332,0.0258,0.0,9.6228,6195.0,800.0,2.0,0.0,745.0,Interconnection studies in this area have identified adequate deliverability.,,,False,True,691,66,33.65452399,-117.95263,0.06408513817473215,True
sce,Hanford,36.323595092106814,-119.64909814786026,12.55,,Rector 220/66 System,,568.0,66.237,10.599,76.836,106.45,0.72,35.16,15.0,67.8412,12.689,1.4903,0.0532,17.9263,6373.0,1192.0,140.0,5.0,1684.0,Interconnection studies in this area have identified inadequate deliverability.,,,False,True,1973,66,36.31291154,-119.6543971,1.2793098947364836,True
sce,Harper Lake,35.02803309199995,-117.34041708659684,12.55,,Kramer 220/115 System,,2205.0,0.0,0.0,0.0,0.33,0.0,5.0,1.0,18.1818,0.0,0.0,0.0,81.8182,2.0,0.0,0.0,0.0,9.0,Interconnection studies in this area have identified inadequate deliverability.,,,False,True,7911,230,35.02669316,-117.348207,0.7247906500389425,True
sce,Harvard,34.95693116147875,-116.65323533398993,12.55,,Kramer 220/115 System,,1678.0,0.552,0.014,0.566,1.42,0.4,3.63,1.0,28.6164,6.9182,2.5157,0.0,61.9497,91.0,22.0,8.0,0.0,197.0,Interconnection studies in this area have identified inadequate deliverability.,,,False,True,2274,66,34.95748592,-116.6531954,0.061793594089648116,True
sce,Haskell,34.43778474777862,-118.51439019798472,16.98,,Saugus 220/66 System,,724.0,61.024,4.189,65.212,90.23,0.72,35.59,10.0,82.3391,9.5498,0.0124,0.0,8.0987,6639.0,770.0,1.0,0.0,653.0,Interconnection studies in this area have identified adequate deliverability.,,,False,True,8009,230,34.43865977,-118.5152949,0.12786883966701543,True
sce,Hathaway,33.7909243823104,-118.14183061471968,12.55,,Alamitos 220/66 System,,847.0,2.152,0.208,2.36,6.24,0.38,6.64,11.0,60.0384,20.6253,0.0274,0.0,19.3088,2189.0,752.0,1.0,0.0,704.0,Interconnection studies in this area have identified adequate deliverability.,,,False,True,431,66,33.79104783,-118.1421862,0.035611832162816257,True
sce,Havasu,34.35454456774613,-114.26128224722392,16.98,,Parker 161/66 System,,794.0,0.019,0.0,0.019,0.56,0.03,5.98,1.0,62.5,0.0,0.0,0.0,37.5,5.0,0.0,0.0,0.0,3.0,Interconnection studies in this area have identified inadequate deliverability.,,,False,True,1011,66,34.35461599,-114.2612991,0.008091071782558005,True
sce,Haveda,33.82465115637044,-118.34438234661516,,,La Fresa 220/66 System,,529.0,0.405,0.044,0.449,0.88,0.51,5.5,2.0,90.0585,2.924,0.0,0.0,7.0175,154.0,5.0,0.0,0.0,12.0,Interconnection studies in this area have identified adequate deliverability.,,,False,True,2214,66,33.82471019,-118.344446,0.008812668866920122,True
sce,Havilah,35.483344632977264,-118.52830260774395,12.55,,Windhub 220/66 System,,570.0,0.18,4.98,5.16,1.16,4.45,0.0,2.0,37.963,10.1852,0.0,0.0,51.8519,82.0,22.0,0.0,0.0,112.0,Interconnection studies in this area have identified adequate deliverability.,,,False,True,298,66,35.48368775,-118.5275716,0.07639731608719882,True
sce,Heartwell P.T.,33.83079573290369,-118.13356916466896,,,Del Amo 220/66 System,,1996.0,0.307,0.051,0.358,1.0,0.36,0.64,1.0,91.3333,1.3333,0.0,0.0,7.3333,137.0,2.0,0.0,0.0,11.0,Interconnection studies in this area have identified adequate deliverability.,,,True,False,372,66,33.83038656,-118.1405681,0.6480782308896035,True
sce,Hedda,33.86681562580689,-118.11757574761532,,,Del Amo 220/66 System,,905.0,1.177,0.392,1.569,3.6,0.44,5.87,3.0,86.3905,3.3531,0.0,0.0,10.2564,438.0,17.0,0.0,0.0,52.0,Interconnection studies in this area have identified adequate deliverability.,,,False,True,398,66,33.88369974,-118.1203648,1.8950023417220643,True
sce,Helendale,34.739570732100724,-117.32440346481268,12.55,,Victor 220/115 System,,1679.0,11.18,0.15,11.33,8.2,1.38,2.67,1.0,73.0126,7.5314,0.0,0.0,19.4561,349.0,36.0,0.0,0.0,93.0,Interconnection studies in this area have identified adequate deliverability.,,,False,True,2276,66,34.74052045,-117.3239307,0.11409762122923739,True
sce,Hemet,33.746928919438126,-116.97559724729147,12.55,,Valley 500/115 System,,1680.0,5.69,0.46,6.15,24.5,0.25,18.35,4.0,46.9441,21.3264,0.0,0.065,31.6645,722.0,328.0,0.0,1.0,487.0,Deliverability in this area has not been determined by previous interconnection studies.,,,False,True,2023,66,33.74682731,-116.9756602,0.01270958240678863,True
sce,Hesperia,34.41277900052249,-117.28962499575006,12.55,,Victor 220/115 System,,1804.0,23.279,2.789,26.069,41.09,0.63,29.93,8.0,76.043,8.0972,0.0,0.0176,15.8423,4320.0,460.0,0.0,1.0,900.0,Interconnection studies in this area have identified adequate deliverability.,,,False,True,1012,115,34.41278889,-117.2898222,0.018123808275370853,True
sce,Hession P.T.,37.173693605683454,-118.28855548537793,12.55,,Dwp Hession-85 System,,1402.0,0.239,0.04,0.279,0.83,0.34,0.72,1.0,92.4731,2.1505,0.0,0.0,5.3763,86.0,2.0,0.0,0.0,5.0,Deliverability in this area has not been determined by previous interconnection studies.,,,True,False,1639,115,37.14207156,-118.3241606,4.724372987203708,False
sce,Hi Desert,34.13681460960203,-116.18062191095066,34.5,,Devers 220/115 System,,1788.0,4.623,11.184,15.807,6.74,2.35,12.19,6.0,53.875,3.125,0.0,0.0,43.0,862.0,50.0,0.0,0.0,688.0,Deliverability in this area has not been determined by previous interconnection studies.,,,False,True,1013,115,34.13644282,-116.1806786,0.04166905024551692,True
sce,High P.T.,34.90020773819528,-117.02086988565104,,,Kramer 220/115 System,,1415.0,0.054,0.0,0.054,0.87,0.06,1.45,1.0,55.9701,11.9403,0.0,0.0,32.0896,150.0,32.0,0.0,0.0,86.0,Interconnection studies in this area have identified inadequate deliverability.,,,True,False,2012,66,34.90108975,-117.0221335,0.15132158620399175,True
sce,High School P.T.,34.239078122087065,-117.1989983761408,2.5,,Vista 220/115 System,,1401.0,0.015,0.0,0.015,0.38,0.04,0.44,1.0,83.3333,2.2727,0.0,0.0,14.3939,110.0,3.0,0.0,0.0,19.0,Interconnection studies in this area have identified adequate deliverability.,,,True,False,2271,66,34.23438741,-117.2014241,0.56725094534402,True
sce,Highland,34.107628999650004,-117.18755599934724,12.55,,San Bernardino 220/66 System,,749.0,35.043,11.358,46.401,98.69,0.47,54.4,13.0,79.8387,6.9682,0.0504,0.0882,13.0544,6336.0,553.0,4.0,7.0,1036.0,Interconnection studies in this area have identified adequate deliverability.,,,False,True,1014,66,34.10791101,-117.186797,0.0765927326238956,True
sce,Hinkley,34.90638578245534,-117.15542788776906,12.55,,Kramer 220/115 System,,1682.0,0.801,0.0,0.801,2.04,0.39,4.2,2.0,26.5672,4.6269,0.8955,0.0,67.9104,178.0,31.0,6.0,0.0,455.0,Interconnection studies in this area have identified inadequate deliverability.,,,False,True,2014,66,34.9072516,-117.1540201,0.16046469359840226,True
sce,Holgate,35.01556648872467,-117.70476753610514,12.55,,Kramer 220/115 System,,1824.0,0.684,0.06,0.744,2.4,0.31,4.51,1.0,74.1176,3.5294,0.0,0.3922,21.9608,189.0,9.0,0.0,1.0,56.0,Interconnection studies in this area have identified inadequate deliverability.,,,False,True,8440,115,35.01410239,-117.7039961,0.17731207072083405,True
sce,Holiday,33.84538927117918,-116.5460117849207,,,Devers 220/115 System,,1712.0,4.924,0.128,5.052,7.49,0.67,12.76,5.0,56.9196,16.9643,0.0,0.0,26.1161,255.0,76.0,0.0,0.0,117.0,Deliverability in this area has not been determined by previous interconnection studies.,,,False,True,2232,66,33.84555142,-116.5459043,0.02058203351823457,True
sce,Homart,34.07492245983708,-117.29134532065184,12.55,,Vista 220/115 System,,1803.0,9.296,3.859,13.154,47.78,0.28,42.85,6.0,44.5915,28.8453,0.0456,0.0456,26.4719,977.0,632.0,1.0,1.0,580.0,Interconnection studies in this area have identified adequate deliverability.,,,False,True,8856,66,34.07460077,-117.2917341,0.05061346570555731,True
sce,Homewood P.T.,35.890093300896446,-117.33084440229511,5.0,,Kramer 220/115 System,,1404.0,0.024,0.0,0.024,0.06,0.38,0.48,1.0,55.0,5.0,0.0,0.0,40.0,11.0,1.0,0.0,0.0,8.0,Interconnection studies in this area have identified inadequate deliverability.,,,True,False,1829,115,35.76488065,-117.3754457,14.492028974239522,False
sce,Hook Creek P.T.,34.25141917140717,-117.1592067069181,2.5,,Vista 220/115 System,,1405.0,0.027,0.0,0.027,0.34,0.08,0.97,1.0,81.5385,2.3077,0.0,0.0,16.1538,106.0,3.0,0.0,0.0,21.0,Interconnection studies in this area have identified adequate deliverability.,,,True,False,2271,66,34.23438741,-117.2014241,4.318100707565692,False
sce,Hot Water P.T.,35.8799801049664,-116.23687440752092,12.55,,Valley Electric 220/25,,1407.0,0.0,0.0,0.0,0.35,0.0,0.75,1.0,15.0,25.0,0.0,0.0,60.0,3.0,5.0,0.0,0.0,12.0,Interconnection studies in this area have identified adequate deliverability.,,,True,False,2259,66,35.26250712,-116.7022796,80.53573742732468,False
sce,Howard,33.9224910017214,-118.30727100252447,,,La Fresa 220/66 System,,476.0,1.916,0.215,2.131,11.93,0.18,25.63,7.0,71.1068,8.668,0.0,0.0,20.2253,1452.0,177.0,0.0,0.0,413.0,Interconnection studies in this area have identified adequate deliverability.,,,False,True,434,66,33.92261915,-118.3071692,0.01706688357045462,True
sce,Hoyt,34.05246100173005,-118.04787199850246,,,Mesa 220/66 System,,423.0,0.111,0.003,0.114,4.38,0.03,13.62,2.0,0.0,65.625,0.0,0.0,34.375,0.0,21.0,0.0,0.0,11.0,Interconnection studies in this area have identified adequate deliverability.,,,False,True,2053,66,34.05215852,-118.0488728,0.09814503598633782,True
sce,Huntington P.T.,37.20978963207122,-119.21209805186427,12.55,,Big Creek 220/220 System,,2320.0,0.0,0.0,0.0,0.33,0.0,1.0,1.0,20.0,40.0,0.0,0.0,40.0,1.0,2.0,0.0,0.0,2.0,Interconnection studies in this area have identified inadequate deliverability.,,,True,False,1633,230,37.20395556,-119.242925,2.8061121247743785,False
sce,Huntington Park,33.97986101405952,-118.22572520657688,,,Laguna Bell 220/66 System,,849.0,0.569,0.082,0.651,7.1,0.09,11.35,7.0,63.7456,17.8092,0.0,0.0707,18.3746,902.0,252.0,0.0,1.0,260.0,Interconnection studies in this area have identified adequate deliverability.,,,False,True,421,66,33.9959959,-118.226704,1.796385591784717,True
sce,Huston,34.24252188350991,-117.28568051548407,2.5,,Vista 220/115 System,,751.0,0.309,0.012,0.322,2.78,0.12,4.68,5.0,58.4932,4.6575,0.0,0.0,36.8493,427.0,34.0,0.0,0.0,269.0,Interconnection studies in this area have identified adequate deliverability.,,,False,True,1995,66,34.24286195,-117.2854823,0.04197433537564607,True
sce,Hutt P.T.,35.0101155908089,-117.32941048726266,12.55,,Kramer 220/115 System,,1411.0,0.0,0.0,0.0,0.0,0.0,1.0,1.0,0.0,18.1818,0.0,0.0,81.8182,0.0,2.0,0.0,0.0,9.0,Interconnection studies in this area have identified inadequate deliverability.,,,True,False,7912,66,35.02665085,-117.348244,2.5143725607088943,False
sce,Ice House P.T.,34.2505413049094,-117.63667425109055,2.5,,Padua 220/66 System,,1417.0,0.0,0.0,0.0,0.06,0.0,0.1,1.0,25.0,0.0,0.0,0.0,75.0,3.0,0.0,0.0,0.0,9.0,Interconnection studies in this area have identified adequate deliverability.,,,True,False,8209,230,34.12018656,-117.6395048,14.497124491071261,False
sce,Imperial,33.911807190213,-118.14781404953489,12.55,,Center 220/66 System,,895.0,1.888,0.123,2.01,11.21,0.18,9.99,14.0,61.7369,19.12,0.0,0.4147,18.7284,2680.0,830.0,0.0,18.0,813.0,Interconnection studies in this area have identified adequate deliverability.,,,False,True,437,66,33.911845,-118.148285,0.04366236052309315,True
sce,Indian Wells,33.72944374862638,-116.34321099441657,12.55,,Mirage 220/115 System,,1686.0,43.283,3.308,46.592,100.09,0.47,65.41,14.0,69.818,14.5939,0.0169,0.0,15.5713,4143.0,866.0,1.0,0.0,924.0,Interconnection studies in this area have identified inadequate deliverability.,,,False,True,1526,66,33.72019357,-116.3631391,2.110593184255358,False
sce,Industry,34.05123311734519,-117.99146038669224,12.55,,Walnut 220/66 System,,457.0,10.708,3.609,14.317,66.04,0.22,86.48,9.0,63.8144,16.0261,0.0,0.5801,19.5794,1760.0,442.0,0.0,16.0,540.0,Interconnection studies in this area have identified adequate deliverability.,,,False,True,369,66,34.05052838,-117.9907761,0.10057442068522138,True
sce,Inglewood,33.96658424764422,-118.3570986216146,,,El Nido 220/66 System,,477.0,0.769,0.09,0.86,10.34,0.08,14.01,15.0,53.139,23.0321,0.0194,0.1749,23.6346,2734.0,1185.0,1.0,9.0,1216.0,Interconnection studies in this area have identified adequate deliverability.,,,False,True,439,66,33.96564841,-118.3581035,0.13934331176051515,True
sce,Inyokern Town,35.64795863969852,-117.81573401572578,5.0,,Kramer 220/115 System,,1687.0,0.99,0.0,0.99,0.86,1.15,0.51,2.0,40.0,20.0,0.0,0.0,40.0,2.0,1.0,0.0,0.0,2.0,Interconnection studies in this area have identified inadequate deliverability.,,,False,True,2279,66,35.64848234,-117.8165945,0.09714113976258403,True
sce,Inyokern,35.653169348521565,-117.79437767306143,34.5,,Kramer 220/115 System,,1606.0,4.036,3.248,7.284,8.43,0.86,13.72,6.0,58.97,9.6996,0.6009,0.0,30.7296,687.0,113.0,7.0,0.0,358.0,Interconnection studies in this area have identified inadequate deliverability.,,,False,True,8496,230,35.65249117,-117.7957761,0.14714448636916985,True
sce,Iron Mt. Sce,34.14755935579616,-115.1204691903449,,,Mwd 220/220 System,,238.0,0.0,0.0,0.0,0.0,0.0,2.5,,,,,,,,,,,,Interconnection studies in this area have identified adequate deliverability.,,,False,False,1831,230,34.14883909,-115.1219475,0.19686543920628854,True
sce,Irvine,33.68339167134497,-117.7425321542773,12.55,,Santiago 220/66 System,,942.0,38.865,4.811,43.676,84.6,0.52,57.12,13.0,77.6484,9.185,0.0,0.0287,13.1378,5402.0,639.0,0.0,2.0,914.0,Interconnection studies in this area have identified adequate deliverability.,,,False,True,692,66,33.68303892,-117.7421917,0.05030769620157817,True
sce,Isabella,35.63310199968664,-118.47698199585776,12.55,,Vestal 220/66 System,,606.0,6.01,0.71,6.72,16.21,0.41,21.28,4.0,54.3487,10.7764,0.2121,0.0,34.6627,1281.0,254.0,5.0,0.0,817.0,Interconnection studies in this area have identified inadequate deliverability.,,,False,True,299,66,35.63265859,-118.478256,0.125251402047404,True
sce,Isla Vista,34.431962660186834,-119.87110826955949,16.98,,Goleta 220/66 System,,726.0,6.993,1.638,8.631,32.69,0.26,41.77,6.0,47.5382,23.854,0.0,0.0,28.6078,560.0,281.0,0.0,0.0,337.0,Interconnection studies in this area have identified adequate deliverability.,,,False,True,1224,66,34.43302157,-119.8713325,0.11952777918472633,True
sce,Ivar,34.08816132300995,-118.07593935933645,,,Mesa 220/66 System,,424.0,0.704,0.021,0.725,4.13,0.18,6.77,3.0,69.6325,16.0542,0.0,0.0,14.3133,360.0,83.0,0.0,0.0,74.0,Interconnection studies in this area have identified adequate deliverability.,,,False,True,2052,66,34.0881554,-118.0759694,0.002843732384637698,True
sce,Ivyglen,33.76023995734442,-117.4767247025759,12.55,,Valley 500/115 System,,1830.0,22.9,2.573,25.472,35.08,0.73,30.53,7.0,83.7823,7.1837,0.2177,0.0544,8.7619,3079.0,264.0,8.0,2.0,322.0,Deliverability in this area has not been determined by previous interconnection studies.,,,False,True,798,115,33.76026398,-117.477333,0.056296944374317474,True
sce,Jay P.T.,33.865762696313126,-118.20111911507654,,,Lighthipe 220/66 System,,1422.0,0.405,0.022,0.427,1.1,0.39,1.07,1.0,87.037,0.463,0.0,0.0,12.5,188.0,1.0,0.0,0.0,27.0,Interconnection studies in this area have identified adequate deliverability.,,,True,False,386,66,33.86398483,-118.2169821,1.4779290793474777,True
sce,Jefferson,33.85819000126701,-117.58883199997248,12.55,,Mira Loma 220/66 System,,1776.0,36.999,4.066,41.064,106.08,0.39,70.94,15.0,76.2105,9.6427,0.0205,0.0409,14.0854,7445.0,942.0,2.0,4.0,1376.0,Interconnection studies in this area have identified adequate deliverability.,,,False,True,799,66,33.85775076,-117.5883042,0.06899791020443974,True
sce,Jersey,33.87967909325,-118.24798204815698,16.98,,Lighthipe 220/66 System,,898.0,4.343,6.567,10.91,53.66,0.2,61.68,7.0,44.2878,27.613,0.0,0.3403,27.7589,911.0,568.0,0.0,7.0,571.0,Interconnection studies in this area have identified adequate deliverability.,,,False,True,441,66,33.8795048,-118.2481891,0.02722042061411427,True
sce,Jessie P.T.,35.008145492353535,-117.65453104542348,,,Kramer 220/115 System,,1428.0,0.535,0.0,0.535,1.0,0.54,0.46,1.0,59.7701,5.7471,0.0,0.0,34.4828,52.0,5.0,0.0,0.0,30.0,Interconnection studies in this area have identified inadequate deliverability.,,,True,False,2262,66,35.00019441,-117.6491998,1.0086877507853906,True
sce,Job P.T.,34.26024138107216,-117.32859690519936,2.5,,Vista 220/115 System,,1424.0,0.046,0.0,0.046,0.41,0.11,0.45,1.0,68.9655,0.0,0.0,0.0,31.0345,40.0,0.0,0.0,0.0,18.0,Interconnection studies in this area have identified adequate deliverability.,,,True,False,1995,66,34.24286195,-117.2854823,4.408806980101915,False
sce,Joburg P.T.,35.36535145949334,-117.64604476373556,2.5,,Kramer 220/115 System,,1427.0,0.03,0.0,0.03,0.66,0.04,0.97,1.0,65.2695,11.976,0.0,0.0,22.7545,109.0,20.0,0.0,0.0,38.0,Interconnection studies in this area have identified inadequate deliverability.,,,True,False,1678,66,35.62202485,-117.6883033,28.79605109713137,False
sce,Johanna,33.713483846607005,-117.85207412796372,12.55,,Johanna 220/66 System,,294.0,39.565,1.191,40.757,72.8,0.56,32.04,12.0,47.1413,30.3488,0.0,0.5394,21.9705,1311.0,844.0,0.0,15.0,611.0,Interconnection studies in this area have identified adequate deliverability.,,,False,True,8073,230,33.71347564,-117.8526388,0.05223706274920234,True
sce,Johnsondale P.T.,35.97431674452949,-118.53925845730728,,,Vestal 220/66 System,,1425.0,0.031,0.0,0.031,0.12,0.25,0.47,1.0,14.2857,85.7143,0.0,0.0,0.0,1.0,6.0,0.0,0.0,0.0,Interconnection studies in this area have identified inadequate deliverability.,,,True,False,1663,66,35.77620279,-118.4362468,23.90466687271676,False
sce,Joshua Tree,34.13599167886379,-116.3152410700874,12.55,,Devers 220/115 System,,1688.0,2.605,0.33,2.935,5.25,0.56,2.32,2.0,67.9769,10.1734,0.2312,0.0,21.6185,588.0,88.0,2.0,0.0,187.0,Deliverability in this area has not been determined by previous interconnection studies.,,,False,True,2016,115,34.1359889,-116.3156637,0.03889878741443051,True
sce,Junction,36.3074809098986,-116.41003174596273,34.5,,Valley Electric 220/25,,752.0,0.234,2.346,2.58,5.35,0.48,12.42,2.0,50.0,5.5556,0.0,0.0,44.4444,18.0,2.0,0.0,0.0,16.0,Interconnection studies in this area have identified adequate deliverability.,,,False,True,1829,115,35.76488065,-117.3754457,105.71451451243959,False
sce,June Lake,37.76752607365519,-119.12426591711588,12.55,,Inyo Sce 220/115 System,,198.0,0.133,0.0,0.133,2.72,0.05,5.84,2.0,61.6883,14.6104,0.3247,0.0,23.3766,190.0,45.0,1.0,0.0,72.0,Interconnection studies in this area have identified inadequate deliverability.,,,False,True,2361,115,37.76698524,-119.1233382,0.10132326188437843,True
sce,Kagle Canyon P.T.,34.297525037903924,-118.37638350268448,,,Saugus 220/66 System,,1429.0,0.0,0.0,0.0,0.0,0.0,0.0,,,,,,,,,,,,Interconnection studies in this area have identified adequate deliverability.,,,True,False,8019,66,34.24295395,-118.3925786,6.247850043259345,False
sce,Keeler P.T.,36.48718534720168,-117.87785814921892,2.5,,Inyo Sce 220/115 System,,1430.0,0.0,0.0,0.0,0.17,0.0,0.35,1.0,51.2195,14.6341,0.0,0.0,34.1463,21.0,6.0,0.0,0.0,14.0,Interconnection studies in this area have identified inadequate deliverability.,,,True,False,210,115,36.60071079,-118.0725009,21.487241649325814,False
sce,Kernville,35.7720581025832,-118.43173950101318,12.55,,Vestal 220/66 System,,614.0,0.724,0.109,0.833,3.65,0.23,11.77,2.0,35.6343,30.0373,0.3731,0.0,33.9552,191.0,161.0,2.0,0.0,182.0,Interconnection studies in this area have identified inadequate deliverability.,,,False,True,1663,66,35.77620279,-118.4362468,0.6146105905656886,True
sce,Kimball,33.969727853610216,-117.61814932196484,12.55,,Chino 220/66 System,,808.0,51.56,7.919,59.479,74.53,0.8,52.52,14.0,71.4658,9.0672,0.0579,0.0,19.409,2467.0,313.0,2.0,0.0,670.0,Interconnection studies in this area have identified adequate deliverability.,,,False,True,2315,66,33.97018662,-117.618598,0.0656828758614005,True
sce,Kliss P.T.,33.8316215574556,-118.09440449446686,,,Del Amo 220/66 System,,1994.0,0.225,0.024,0.249,0.62,0.41,2.25,1.0,85.5263,2.6316,0.0,0.0,11.8421,65.0,2.0,0.0,0.0,9.0,Interconnection studies in this area have identified adequate deliverability.,,,True,False,8115,230,33.84771626,-118.0968754,1.804140739251165,True
sce,Kneeland P.T.,33.84289039343719,-118.1134240067606,,,Del Amo 220/66 System,,1993.0,0.105,0.021,0.127,0.69,0.18,0.87,1.0,84.7826,7.6087,0.0,0.0,7.6087,78.0,7.0,0.0,0.0,7.0,Interconnection studies in this area have identified adequate deliverability.,,,True,False,459,66,33.84235695,-118.1205988,0.665279157121209,True
sce,Kramer,34.9916469352641,-117.5419939285038,34.5,,Kramer 220/115 System,,1616.0,1.722,75.875,77.597,13.28,5.84,0.0,4.0,13.5135,16.2162,0.0,0.0,70.2703,5.0,6.0,0.0,0.0,26.0,Interconnection studies in this area have identified inadequate deliverability.,,,False,True,7905,66,34.98949717,-117.5423492,0.2412238977526632,True
sce,Kuffel P.T.,34.247628407195684,-117.18359128053036,2.5,,Vista 220/115 System,,1432.0,0.024,0.0,0.024,0.26,0.09,0.98,1.0,91.0714,2.2321,0.0,0.0,6.6964,204.0,5.0,0.0,0.0,15.0,Interconnection studies in this area have identified adequate deliverability.,,,True,False,2271,66,34.23438741,-117.2014241,2.2033733856938795,False
sce,La Canada,34.205101445717894,-118.2105871156432,,,Gould 220/66 System,,407.0,2.085,0.248,2.333,4.38,0.53,12.67,9.0,65.4617,16.4637,0.0786,0.0393,17.9568,1666.0,419.0,2.0,1.0,457.0,Interconnection studies in this area have identified adequate deliverability.,,,False,True,445,66,34.20527032,-118.2104934,0.020661215546368503,True
sce,La Cumbre P.T.,34.42221189564841,-119.75525555461176,,,Goleta 220/66 System,,1439.0,0.542,0.048,0.59,1.02,0.58,0.91,1.0,57.6923,15.3846,0.0,0.0,26.9231,30.0,8.0,0.0,0.0,14.0,Interconnection studies in this area have identified adequate deliverability.,,,True,False,1839,66,34.4041565,-119.7265495,3.31136064232379,False
sce,La Fresa,33.86854535999439,-118.33214671842512,16.98,,La Fresa 220/66 System,,299.0,12.059,1.347,13.406,83.26,0.16,76.19,12.0,46.7402,30.9805,0.0,0.1283,22.1509,1821.0,1207.0,0.0,5.0,863.0,Interconnection studies in this area have identified adequate deliverability.,,,False,True,7709,230,33.86978862,-118.3328685,0.1534675654482196,True
sce,La Habra,33.92503519317997,-117.93335597279064,12.55,,Olinda 220/66 System,,944.0,21.204,3.359,24.564,82.63,0.3,76.24,14.0,65.7879,19.4461,0.0,0.0592,14.7068,4442.0,1313.0,0.0,4.0,993.0,Interconnection studies in this area have identified adequate deliverability.,,,False,True,694,66,33.925175,-117.933787,0.042699613881239426,True
sce,La Mirada,33.88865000018771,-118.01457299792752,12.55,,Del Amo 220/66 System,,946.0,8.432,9.359,17.791,48.0,0.37,30.21,7.0,69.0722,17.3294,0.0,0.3436,13.2548,1407.0,353.0,0.0,7.0,270.0,Interconnection studies in this area have identified adequate deliverability.,,,False,True,446,66,33.88863032,-118.0144049,0.015669910150613024,True
sce,La Palma,33.846268089605886,-117.98016977176611,12.55,,Barre 220/66 System,,987.0,10.147,0.82,10.967,51.2,0.21,45.03,10.0,77.8788,8.0909,0.0,0.0303,14.0,2570.0,267.0,0.0,1.0,462.0,Interconnection studies in this area have identified adequate deliverability.,,,False,True,695,66,33.84628388,-117.9798243,0.03195303244905894,True
sce,La Veta,33.76643799668279,-117.85248599558908,12.55,,Villa Park 220/66 System,,947.0,16.43,3.352,19.782,75.49,0.26,78.62,11.0,73.9277,13.9924,0.0,0.0141,12.0658,5257.0,995.0,0.0,1.0,858.0,Interconnection studies in this area have identified adequate deliverability.,,,False,True,696,66,33.76679901,-117.85212,0.05249788576135533,True
sce,Lacresta P.T.,33.512996202449685,-117.29600716876844,12.55,,Valley 500/115 System,,1438.0,2.27,0.406,2.676,2.64,1.01,2.32,1.0,60.8247,8.7629,1.5464,0.0,28.866,118.0,17.0,3.0,0.0,56.0,Deliverability in this area has not been determined by previous interconnection studies.,,,True,False,2285,115,33.5841918,-117.2554484,8.76355281250556,False
sce,Lafayette,33.63545033562937,-117.9354793630941,12.55,,Ellis 220/66 System,,986.0,4.791,1.316,6.107,52.94,0.12,61.09,9.0,60.1865,23.874,0.0,0.0352,15.9043,3421.0,1357.0,0.0,2.0,904.0,Interconnection studies in this area have identified adequate deliverability.,,,False,True,697,66,33.63536199,-117.935652,0.018760129375485442,True
sce,Laguna Bell,33.976063000676135,-118.14762100305056,16.98,,Laguna Bell 220/66 System,,358.0,4.887,9.513,14.4,56.0,0.26,41.6,10.0,47.4261,26.287,0.0365,0.1825,26.0679,1299.0,720.0,1.0,5.0,714.0,Interconnection studies in this area have identified adequate deliverability.,,,False,True,7868,230,33.97594301,-118.147888,0.028002910901896057,True
sce,Lakeview,33.82557942716747,-117.13410471129237,12.55,,Valley 500/115 System,,1890.0,7.107,3.977,11.084,22.07,0.5,44.92,4.0,70.5925,4.263,0.1445,0.0,25.0,977.0,59.0,2.0,0.0,346.0,Deliverability in this area has not been determined by previous interconnection studies.,,,False,True,1865,115,33.83565128,-117.1830736,4.6597541270430165,False
sce,Lakewood,33.830371003925336,-118.1245799965578,,,Del Amo 220/66 System,,853.0,5.61,0.288,5.898,13.81,0.43,11.92,7.0,90.0,1.5607,0.0,0.0578,8.3815,1557.0,27.0,0.0,1.0,145.0,Interconnection studies in this area have identified adequate deliverability.,,,False,True,447,66,33.83024406,-118.124653,0.015643495022757685,True
sce,Lampson,33.77796996263328,-117.8983985000712,12.55,,Barre 220/66 System,,984.0,8.432,2.607,11.039,62.35,0.18,67.36,10.0,74.6835,11.1434,0.0,0.0,14.1731,3599.0,537.0,0.0,0.0,683.0,Interconnection studies in this area have identified adequate deliverability.,,,False,True,699,66,33.77821908,-117.8991005,0.07054808215795906,True
sce,Lancaster,34.70036399998477,-118.14569400465916,12.55,,Antelope 220/66 System,,653.0,0.0,0.0,0.0,0.0,0.0,0.0,12.0,72.6921,10.7261,0.0443,0.0221,16.5154,6567.0,969.0,4.0,2.0,1492.0,Interconnection studies in this area have identified adequate deliverability.,,,False,True,448,66,34.70049983,-118.1456041,0.01719502939997157,True
sce,Landing,34.47907908248404,-114.4167265401381,16.98,,Parker 161/66 System,,1851.0,0.764,0.037,0.802,5.54,0.14,9.49,1.0,50.4132,2.0661,0.0,0.0,47.5207,122.0,5.0,0.0,0.0,115.0,Interconnection studies in this area have identified inadequate deliverability.,,,False,True,1017,66,34.47871451,-114.4169599,0.04583578718109657,True
sce,Lark Ellen,34.08765799971799,-117.92628299981564,12.55,,Rio Hondo 220/66 System,,458.0,10.895,1.286,12.181,46.28,0.26,71.82,8.0,70.2343,9.5544,0.0459,0.3215,19.8438,1529.0,208.0,1.0,7.0,432.0,Interconnection studies in this area have identified adequate deliverability.,,,False,True,450,66,34.08708686,-117.9264289,0.06491355568517318,True
sce,Las Lomas,33.71867641955388,-117.7391784103374,12.55,,Santiago 220/66 System,,1859.0,43.892,0.759,44.651,53.91,0.83,39.35,9.0,80.5228,9.3542,0.0,0.0256,10.0974,3142.0,365.0,0.0,1.0,394.0,Interconnection studies in this area have identified adequate deliverability.,,,False,True,692,66,33.68303892,-117.7421917,3.972501417002679,False
sce,Lathrop Wells P.T.,35.809858164599184,-115.64885522572864,25.0,,Valley Electric 220/25,,2084.0,1.05,0.022,1.072,1.93,0.56,1.93,1.0,11.25,11.25,5.0,0.0,72.5,9.0,9.0,4.0,0.0,58.0,Deliverability in this area has not been determined by previous interconnection studies.,,,True,False,7919,230,35.25223227,-115.5157519,63.16415402704712,False
sce,Latigo,34.04437418785732,-118.7769694087438,16.98,,Moorpark 220/66 System,,545.0,8.367,2.547,10.914,26.82,0.41,17.09,4.0,43.5159,18.6167,0.2882,0.0,37.5793,755.0,323.0,5.0,0.0,652.0,Interconnection studies in this area have identified adequate deliverability.,,,False,True,451,66,34.04483575,-118.7761002,0.09511997215242642,True
sce,Laurel,36.23965600441295,-119.47638799617282,12.55,,Rector 220/66 System,,573.0,13.016,10.833,23.849,22.46,1.06,32.15,5.0,20.122,4.1667,27.1341,0.0,48.5772,198.0,41.0,267.0,0.0,478.0,Interconnection studies in this area have identified inadequate deliverability.,,,False,True,1426,66,36.239925,-119.4755333,0.08228192891718931,True
sce,Lawndale,33.89504519902587,-118.35814536502288,,,El Nido 220/66 System,,508.0,0.958,0.051,1.009,4.64,0.22,4.94,4.0,74.8369,10.1584,0.0932,0.0,14.9115,803.0,109.0,1.0,0.0,160.0,Interconnection studies in this area have identified adequate deliverability.,,,False,True,8551,230,33.89569461,-118.3732787,1.3986444268418055,True
sce,Layfair,34.09187502046493,-117.76866363701156,12.55,,Padua 220/66 System,,778.0,0.73,0.134,0.864,3.46,0.25,6.14,12.0,62.2656,16.3982,0.1056,0.0528,21.1777,2358.0,621.0,4.0,2.0,802.0,Interconnection studies in this area have identified adequate deliverability.,,,False,True,452,66,34.0899808,-117.7697035,0.2313728487726418,True
sce,Lemon Cove,36.38771600060615,-119.0260869967028,12.55,,Rector 220/66 System,,574.0,2.214,0.102,2.316,7.17,0.32,25.68,3.0,54.6931,7.3105,8.1227,0.0,29.8736,606.0,81.0,90.0,0.0,331.0,Interconnection studies in this area have identified inadequate deliverability.,,,False,True,1427,66,36.38670269,-119.0263491,0.11509181984336928,True
sce,Lennox,33.94225075494569,-118.34658540252563,,,El Nido 220/66 System,,481.0,1.447,0.109,1.556,8.8,0.18,10.44,12.0,63.5338,16.4662,0.0376,0.0,19.9624,3380.0,876.0,2.0,0.0,1062.0,Interconnection studies in this area have identified adequate deliverability.,,,False,True,453,66,33.94225454,-118.3473626,0.07169567755037393,True
sce,Levy,34.17355800376603,-119.15651000407496,16.98,,Santa Clara 220/66 System,,684.0,8.412,1.496,9.908,39.72,0.25,38.09,5.0,49.5785,29.1449,0.4014,0.281,20.5941,1235.0,726.0,10.0,7.0,513.0,Interconnection studies in this area have identified adequate deliverability.,,,False,True,1464,66,34.17385279,-119.1567444,0.03923554168211375,True
sce,Liberty,36.28296874446285,-119.3326905200063,12.55,,Rector 220/66 System,,571.0,48.484,18.453,66.937,98.69,0.68,45.06,14.0,70.9943,10.9603,0.9134,0.013,17.119,5441.0,840.0,70.0,1.0,1312.0,Interconnection studies in this area have identified inadequate deliverability.,,,False,True,1428,66,36.28307499,-119.3321667,0.048415898617630404,True
sce,Lighthipe,33.88016104886397,-118.17456809026208,12.55,,Lighthipe 220/66 System,,355.0,5.719,2.765,8.483,46.08,0.18,41.92,7.0,49.6671,26.2409,0.0303,0.5448,23.5169,1641.0,867.0,1.0,18.0,777.0,Interconnection studies in this area have identified adequate deliverability.,,,False,True,7981,230,33.88058552,-118.1750582,0.06538184169164216,True
sce,Limestone,33.650239003663366,-117.68815000157966,12.55,,Viejo 220/66 System,,1026.0,27.67,7.896,35.566,108.03,0.33,113.23,19.0,72.3791,18.0788,0.0,0.0798,9.4623,4536.0,1133.0,0.0,5.0,593.0,Interconnection studies in this area have identified adequate deliverability.,,,False,True,700,66,33.6502112,-117.6885669,0.038712865210569915,True
sce,Linden,33.85912660234861,-118.1856162397323,,,Lighthipe 220/66 System,,854.0,0.774,0.058,0.832,4.18,0.2,3.74,4.0,72.7957,8.6022,0.2151,0.0,18.3871,677.0,80.0,2.0,0.0,171.0,Interconnection studies in this area have identified adequate deliverability.,,,False,True,547,66,33.8591492,-118.185589,0.0035553257039645457,True
sce,Lindsay,36.2042057902735,-119.09157298174657,12.55,,Springville 220/66 System,,576.0,0.0,0.0,0.0,0.0,0.0,0.0,7.0,59.1241,7.2701,6.2774,0.0584,27.2701,2025.0,249.0,215.0,2.0,934.0,Interconnection studies in this area have identified inadequate deliverability.,,,False,True,1429,66,36.20430092,-119.09202,0.04148014390580913,True
sce,Little Rock,34.615981101742406,-117.9679391487888,12.55,,Antelope 220/66 System,,654.0,33.541,8.989,42.53,30.27,1.41,13.47,6.0,78.5985,5.0219,0.0,0.0,16.3796,2692.0,172.0,0.0,0.0,561.0,Interconnection studies in this area have identified adequate deliverability.,,,False,True,456,66,34.61620142,-117.9689511,0.09579019748862694,True
sce,Live Oak,34.12055540677612,-117.73255728674572,12.55,,Padua 220/66 System,,738.0,26.888,1.782,28.67,68.71,0.42,47.33,10.0,73.4834,10.9026,0.0,0.0208,15.5931,3525.0,523.0,0.0,1.0,748.0,Interconnection studies in this area have identified adequate deliverability.,,,False,True,457,66,34.12116598,-117.731895,0.09124819932591055,True
sce,Lockheed,34.45915899839863,-118.58032671162694,16.98,,Saugus 220/66 System,,702.0,17.427,6.624,24.051,51.5,0.47,31.95,5.0,62.2024,19.0476,0.0425,0.085,18.6224,1463.0,448.0,1.0,2.0,438.0,Interconnection studies in this area have identified adequate deliverability.,,,False,True,1237,66,34.45776393,-118.5804806,0.15576484603864643,True
sce,Locust,33.78338437151147,-118.19190309770173,,,Hinson 220/66 System,,855.0,0.827,0.066,0.892,8.45,0.11,11.31,8.0,60.4591,16.6739,0.0866,0.0866,22.6938,1396.0,385.0,2.0,2.0,524.0,Interconnection studies in this area have identified adequate deliverability.,,,False,True,2090,66,33.78320086,-118.1915831,0.03593056607623352,True
sce,Loma Vista P.T.,34.28107609803653,-119.2207671258413,2.5,,Santa Clara 220/66 System,,1456.0,0.2,0.0,0.2,0.1,2.0,0.0,1.0,81.8182,0.0,0.0,0.0,18.1818,9.0,0.0,0.0,0.0,2.0,Interconnection studies in this area have identified adequate deliverability.,,,True,False,1556,66,34.2734985,-119.2475484,2.600997624858832,False
sce,Long P.T.,33.832458657026784,-118.11569882743052,,,Del Amo 220/66 System,,1997.0,0.237,0.0,0.237,0.77,0.31,0.76,1.0,92.3077,1.7094,0.0,0.0,5.9829,108.0,2.0,0.0,0.0,7.0,Interconnection studies in this area have identified adequate deliverability.,,,True,False,447,66,33.83024406,-118.124653,0.8629546738708622,True
sce,Longdon,33.8818326851209,-118.19559190444494,,,Lighthipe 220/66 System,,897.0,1.708,0.137,1.846,8.14,0.23,7.15,5.0,72.9252,9.2517,0.0,0.0,17.8231,1072.0,136.0,0.0,0.0,262.0,Interconnection studies in this area have identified adequate deliverability.,,,False,True,2078,66,33.88177182,-118.1956953,0.011700700743112332,True
sce,Loraine,35.30841273698387,-118.42027793852826,12.55,,Windhub 220/66 System,,577.0,0.293,0.028,0.321,0.84,0.38,2.68,1.0,45.6376,12.0805,0.0,0.0,42.2819,68.0,18.0,0.0,0.0,63.0,Interconnection studies in this area have identified adequate deliverability.,,,False,True,301,66,35.30690556,-118.4232873,0.3204003610735017,True
sce,Los Cerritos,33.81119600470003,-118.19020599797793,12.55,,Hinson 220/66 System,,858.0,2.469,0.143,2.612,4.49,0.58,4.82,11.0,54.3644,21.6226,0.0,0.9055,23.1076,1501.0,597.0,0.0,25.0,638.0,Interconnection studies in this area have identified adequate deliverability.,,,False,True,559,66,33.81138697,-118.175932,1.3189322684322622,True
sce,Loucks P.T.,34.52349201299314,-118.25905079195915,12.55,,Saugus 220/66 System,,1457.0,0.103,0.006,0.109,0.22,0.49,2.39,1.0,47.0588,17.6471,2.9412,0.0,32.3529,16.0,6.0,1.0,0.0,11.0,Interconnection studies in this area have identified adequate deliverability.,,,True,False,2316,66,34.55764538,-118.1802498,8.155830990129356,False
sce,Lucas,33.84259412410815,-118.12060564366132,12.55,,Del Amo 220/66 System,,893.0,3.801,0.357,4.158,9.5,0.44,10.84,15.0,71.7839,10.7393,0.0226,0.0452,17.409,3175.0,475.0,1.0,2.0,770.0,Interconnection studies in this area have identified adequate deliverability.,,,False,True,459,66,33.84235695,-118.1205988,0.026380130362934285,True
sce,Lucerne,34.4443941910935,-116.94704321537812,12.55,,Victor 220/115 System,,1696.0,4.039,12.121,16.16,7.44,2.17,0.0,3.0,53.9326,4.9224,0.2675,0.1605,40.717,1008.0,92.0,5.0,3.0,761.0,Interconnection studies in this area have identified adequate deliverability.,,,False,True,2009,115,34.44514481,-116.9466369,0.09140366537174388,True
sce,Lunada,33.76031762955384,-118.3787449154016,,,La Fresa 220/66 System,,530.0,0.263,0.072,0.334,0.0,0.0,5.62,3.0,92.9577,1.4085,0.0,0.0,5.6338,66.0,1.0,0.0,0.0,4.0,Interconnection studies in this area have identified adequate deliverability.,,,False,True,402,66,33.76694457,-118.3731939,0.8979457619117256,True
sce,Lundy,38.043603204948695,-119.17260475041304,16.98,,Inyo Sce 220/115 System,,189.0,0.674,3.515,4.19,3.21,1.31,9.81,3.0,53.4483,13.7931,0.0,0.0,32.7586,31.0,8.0,0.0,0.0,19.0,Interconnection studies in this area have identified inadequate deliverability.,,,False,True,629,115,37.9521,-119.1164556,11.301841833863019,False
sce,Luring P.T.,34.21251796471428,-117.11378982933076,2.5,,Vista 220/115 System,,1449.0,0.03,0.0,0.03,0.42,0.07,0.47,1.0,83.5821,1.4925,0.0,0.0,14.9254,112.0,2.0,0.0,0.0,20.0,Interconnection studies in this area have identified adequate deliverability.,,,True,False,2281,66,34.20804986,-117.1039999,1.0282395775390722,True
sce,Lynwood,33.92724108889109,-118.21250088200088,,,Lighthipe 220/66 System,,851.0,1.132,0.132,1.263,8.17,0.15,10.74,5.0,72.8592,11.3208,0.0,0.0,15.82,1004.0,156.0,0.0,0.0,218.0,Interconnection studies in this area have identified adequate deliverability.,,,False,True,2075,66,33.92709968,-118.2127966,0.03149066318331891,True
sce,Macarthur,33.63852216201871,-117.86595640340192,12.55,,Santiago 220/66 System,,988.0,12.201,1.864,14.065,70.12,0.2,86.73,12.0,69.4496,14.9866,0.0412,0.0206,15.502,3369.0,727.0,2.0,1.0,752.0,Interconnection studies in this area have identified adequate deliverability.,,,False,True,701,66,33.6387063,-117.8660485,0.022179368424650084,True
sce,Madrid,33.83533381342406,-118.32409750883438,,,La Fresa 220/66 System,,483.0,0.824,0.046,0.869,3.76,0.23,6.57,4.0,75.5304,10.3253,0.0,0.1414,14.0028,534.0,73.0,0.0,1.0,99.0,Interconnection studies in this area have identified adequate deliverability.,,,False,True,2102,66,33.84816655,-118.3300529,1.5292687220831978,True
sce,Madrone P.T.,33.866905113436665,-117.9613431680313,,,Barre 220/66 System,,1999.0,0.419,0.019,0.438,1.48,0.3,3.31,1.0,88.8889,3.7037,0.0,0.0,7.4074,144.0,6.0,0.0,0.0,12.0,Interconnection studies in this area have identified adequate deliverability.,,,True,False,2219,66,33.86946944,-117.9596958,0.3231695027444364,True
sce,Malibu,34.147638988750195,-118.76062464841829,16.98,,Moorpark 220/66 System,,655.0,15.166,2.436,17.602,51.17,0.34,38.4,7.0,68.1991,21.4014,0.0,0.0,10.3995,2151.0,675.0,0.0,0.0,328.0,Interconnection studies in this area have identified adequate deliverability.,,,False,True,461,66,34.1475568,-118.7614645,0.07782519879999066,True
sce,Manhattan,33.87862305133165,-118.39841771902574,,,La Fresa 220/66 System,,484.0,2.78,0.189,2.969,5.78,0.51,4.53,5.0,72.4335,10.4563,0.0,0.0,17.1103,381.0,55.0,0.0,0.0,90.0,Interconnection studies in this area have identified adequate deliverability.,,,False,True,410,66,33.87232911,-118.3779075,2.018694470522739,False
sce,Maraschino,33.92552894082836,-116.98765654041124,12.55,,El Casco 220/115 System,,1810.0,37.587,9.882,47.469,84.0,0.57,36.53,12.0,81.5196,7.1626,0.0396,0.0132,11.265,6180.0,543.0,3.0,1.0,854.0,Deliverability in this area has not been determined by previous interconnection studies.,,,False,True,801,115,33.92601393,-116.9874583,0.0569457206750057,True
sce,Marina P.T.,33.75758542368183,-118.11558973816268,,,Alamitos 220/66 System,,1462.0,0.0,0.0,0.0,0.35,0.0,1.0,1.0,0.0,33.3333,0.0,0.0,66.6667,0.0,10.0,0.0,0.0,20.0,Interconnection studies in this area have identified adequate deliverability.,,,True,False,2401,66,33.76483417,-118.0988825,1.7421421478959551,True
sce,Marine,34.0072963626934,-118.46621116692296,16.98,,La Cienega 220/66 System,,485.0,5.971,0.801,6.772,51.39,0.13,49.23,7.0,42.2253,29.0968,0.0,0.0,28.6778,907.0,625.0,0.0,0.0,616.0,Interconnection studies in this area have identified adequate deliverability.,,,False,True,462,66,34.00698276,-118.4656902,0.05934662898904524,True
sce,Marion,33.81745999970494,-118.02681000307484,12.55,,Barre 220/66 System,,980.0,16.732,2.347,19.079,71.44,0.27,62.12,11.0,79.4658,11.7594,0.0149,0.0448,8.7151,5325.0,788.0,1.0,3.0,584.0,Interconnection studies in this area have identified adequate deliverability.,,,False,True,702,66,33.81770272,-118.0271859,0.04398102133690353,True
sce,Mariposa,35.805895765587906,-119.16023707969768,12.55,,Vestal 220/66 System,,578.0,3.944,2.024,5.968,16.5,0.36,22.03,5.0,58.5502,7.8067,5.7621,0.0,27.881,315.0,42.0,31.0,0.0,150.0,Interconnection studies in this area have identified inadequate deliverability.,,,False,True,1420,66,35.8343055,-119.2100027,5.487520575890107,False
sce,Marymount,33.74733200407771,-118.38848000082,16.98,,La Fresa 220/66 System,,547.0,3.577,0.314,3.891,9.98,0.39,21.11,3.0,72.4852,12.8205,0.0986,0.0,14.5957,735.0,130.0,1.0,0.0,148.0,Interconnection studies in this area have identified adequate deliverability.,,,False,True,463,66,33.747174,-118.38898,0.049455026387419505,True
sce,Mascot,36.3420191206668,-119.5921514338543,12.55,,Rector 220/66 System,,1877.0,16.507,1.137,17.643,33.59,0.53,38.36,4.0,72.3329,5.8876,3.9841,0.0,17.7955,1634.0,133.0,90.0,0.0,402.0,Interconnection studies in this area have identified inadequate deliverability.,,,False,True,2260,66,36.34224774,-119.5924108,0.034436933899289264,True
sce,Maxwell,33.94767925464396,-117.242774990919,12.55,,Vista 220/115 System,,1690.0,29.618,2.811,32.429,95.2,0.34,62.77,13.0,83.3947,8.0467,0.0449,0.0,8.5137,9286.0,896.0,5.0,0.0,948.0,Interconnection studies in this area have identified adequate deliverability.,,,False,True,802,115,33.94716607,-117.2433136,0.07566091436008271,True
sce,Mayberry,33.73586677854356,-116.92033833583632,12.55,,Valley 500/115 System,,1625.0,35.706,12.526,48.233,101.03,0.48,58.17,12.0,82.6881,3.9312,0.1202,0.0,13.2604,6878.0,327.0,10.0,0.0,1103.0,Deliverability in this area has not been determined by previous interconnection studies.,,,False,True,803,115,33.73638889,-116.9200361,0.06443287390812041,True
sce,Mayflower,34.11857377863967,-118.0083242114177,,,Rio Hondo 220/66 System,,436.0,2.003,0.131,2.134,6.18,0.35,9.07,4.0,89.141,3.2415,0.0,0.0,7.6175,550.0,20.0,0.0,0.0,47.0,Interconnection studies in this area have identified adequate deliverability.,,,False,True,2048,66,34.11844514,-118.008015,0.031856642622396694,True
sce,Mc Clary P.T.,34.74171966500952,-117.32564177144472,,,Victor 220/115 System,,1463.0,0.175,0.042,0.217,0.51,0.42,1.28,1.0,30.7692,3.2967,2.1978,0.0,63.7363,28.0,3.0,2.0,0.0,58.0,Interconnection studies in this area have identified adequate deliverability.,,,True,False,2276,66,34.74052045,-117.3239307,0.20548771067638125,True
sce,Mcclenny P.T.,35.82175814352335,-118.63717515972311,2.5,,Vestal 220/66 System,,1480.0,0.03,0.0,0.03,0.06,0.49,0.14,1.0,45.4545,4.5455,0.0,0.0,50.0,10.0,1.0,0.0,0.0,11.0,Interconnection studies in this area have identified inadequate deliverability.,,,True,False,297,66,35.73837172,-118.5564021,11.792578841261815,False
sce,Mckevett P.T.,34.357287308524704,-119.05381194228602,,,Santa Clara 220/66 System,,1461.0,0.074,0.016,0.091,0.52,0.17,0.66,1.0,50.0,12.5,0.0,0.0,37.5,8.0,2.0,0.0,0.0,6.0,Interconnection studies in this area have identified adequate deliverability.,,,True,False,1482,66,34.35644199,-119.055903,0.21372864006109832,True
sce,Mebane P.T.,35.45955932287375,-118.77988907692443,12.55,,Windhub 220/66 System,,1472.0,0.0,0.0,0.0,0.06,0.0,0.3,1.0,5.8824,0.0,0.0,0.0,94.1176,1.0,0.0,0.0,0.0,16.0,Interconnection studies in this area have identified adequate deliverability.,,,True,False,1662,66,35.46016796,-118.7796082,0.07230061830601042,True
sce,Mentone,34.063709998169614,-117.11914899772498,12.55,,El Casco 220/115 System,,1724.0,9.383,1.398,10.781,28.0,0.39,17.22,4.0,79.1933,7.5479,0.0,0.0799,13.1789,1983.0,189.0,0.0,2.0,330.0,Deliverability in this area has not been determined by previous interconnection studies.,,,False,True,1020,115,34.0633109,-117.1207692,0.15570424615717388,True
sce,Merced,34.049374439924925,-117.90667949875004,12.55,,Walnut 220/66 System,,459.0,31.254,2.173,33.427,51.17,0.65,44.97,8.0,72.3652,14.3382,0.0,0.0,13.2966,3543.0,702.0,0.0,0.0,651.0,Interconnection studies in this area have identified adequate deliverability.,,,False,True,465,66,34.04972528,-117.9072064,0.062276961794625135,True
sce,Mesa,34.034754167307085,-118.1154212524564,16.98,,Mesa 220/66 System,,284.0,96.803,30.727,127.53,716.0,0.18,712.47,5.0,66.0892,17.2441,0.0,0.0,16.6667,2518.0,657.0,0.0,0.0,635.0,Interconnection studies in this area have identified adequate deliverability.,,,False,True,8124,500,34.03727333,-118.1105018,0.5328721305905396,True
sce,Mescalero P.T.,34.047846982172274,-116.580192907024,5.0,,Devers 220/115 System,,1477.0,0.496,0.018,0.514,1.0,0.51,0.49,1.0,57.554,0.7194,0.0,0.0,41.7266,80.0,1.0,0.0,0.0,58.0,Deliverability in this area has not been determined by previous interconnection studies.,,,True,False,8402,230,33.93693288,-116.5773326,12.33590429081429,False
sce,Michillinda,34.12857413233963,-118.06747048456948,,,Mesa 220/66 System,,408.0,1.814,0.175,1.989,8.11,0.25,13.01,6.0,76.7081,9.3168,0.0,0.0,13.9752,741.0,90.0,0.0,0.0,135.0,Interconnection studies in this area have identified adequate deliverability.,,,False,True,2050,66,34.12854766,-118.0674658,0.0029750037342675777,True
sce,Milliken,34.04387316924229,-117.56808668680424,12.55,,Mira Loma 220/66 System,,818.0,19.683,11.185,30.868,112.0,0.28,81.13,15.0,35.133,39.0008,0.0,0.8461,25.0201,872.0,968.0,0.0,21.0,621.0,Interconnection studies in this area have identified adequate deliverability.,,,False,True,1846,66,34.04401675,-117.5682165,0.019948727654300617,True
sce,Minaret,37.65172381549271,-119.0105427778482,12.55,,Inyo Sce 220/115 System,,209.0,0.068,0.011,0.079,13.21,0.01,20.92,4.0,69.4704,13.3956,0.0,0.0,17.134,223.0,43.0,0.0,0.0,55.0,Interconnection studies in this area have identified inadequate deliverability.,,,False,True,628,115,37.64909166,-118.916775,8.260395263286249,False
sce,Minneola,34.86456245737038,-116.81726402706413,12.55,,Kramer 220/115 System,,1699.0,0.525,3.01,3.536,2.02,1.75,1.71,1.0,47.6879,10.1156,0.0,0.0,42.1965,165.0,35.0,0.0,0.0,146.0,Interconnection studies in this area have identified inadequate deliverability.,,,False,True,1833,115,34.86159802,-116.8280445,1.03735086403501,True
sce,Mira Loma,34.00819099745657,-117.56419800000003,12.55,,Mira Loma 220/66 System,,343.0,301.441,51.329,352.771,815.11,0.43,487.23,9.0,75.1671,10.3275,0.0,0.0,14.5053,2249.0,309.0,0.0,0.0,434.0,Interconnection studies in this area have identified adequate deliverability.,,,False,True,8083,66,34.00817797,-117.5643533,0.014388023218334012,True
sce,Moab P.T.,34.15216273942732,-117.70376703395036,,,Padua 220/66 System,,1474.0,0.199,0.014,0.212,0.13,1.67,0.54,1.0,79.3103,6.8966,0.0,0.0,13.7931,23.0,2.0,0.0,0.0,4.0,Interconnection studies in this area have identified adequate deliverability.,,,True,False,457,66,34.12116598,-117.731895,4.310621536808553,False
sce,Mockingbird P.T.,34.042945401159564,-116.58407635527507,12.55,,Devers 220/115 System,,1479.0,0.282,0.13,0.412,0.78,0.53,1.09,1.0,58.6777,13.2231,0.0,0.0,28.0992,71.0,16.0,0.0,0.0,34.0,Deliverability in this area has not been determined by previous interconnection studies.,,,True,False,8402,230,33.93693288,-116.5773326,11.804439673593878,False
sce,Modena,33.788301250200355,-117.80339029717427,12.55,,Villa Park 220/66 System,,916.0,36.176,3.74,39.915,75.93,0.53,60.88,13.0,80.1926,9.0348,0.0209,0.0,10.7517,7660.0,863.0,2.0,0.0,1027.0,Interconnection studies in this area have identified adequate deliverability.,,,False,True,703,66,33.78825004,-117.802686,0.0653354748063832,True
sce,Moneta,33.88389261680484,-118.30992656395875,,,La Fresa 220/66 System,,486.0,1.441,0.143,1.584,9.18,0.17,13.29,7.0,66.9976,14.7045,0.0,0.0,18.2979,1417.0,311.0,0.0,0.0,387.0,Interconnection studies in this area have identified adequate deliverability.,,,False,True,378,66,33.88055076,-118.3258829,1.5191175801371888,True
sce,Monolith,35.12576264877239,-118.3824105939484,12.55,,Windhub 220/66 System,,657.0,7.377,13.955,21.332,22.29,0.96,6.67,4.0,56.1991,18.6213,0.0957,0.1436,24.9402,1174.0,389.0,2.0,3.0,521.0,Interconnection studies in this area have identified adequate deliverability.,,,False,True,302,66,35.12376189,-118.3796721,0.3339518403863378,True
sce,Monrovia,34.14295428462573,-118.002877029618,,,Rio Hondo 220/66 System,,409.0,1.875,0.089,1.964,8.14,0.24,12.99,6.0,80.0703,8.9097,0.0,0.0,11.0199,683.0,76.0,0.0,0.0,94.0,Interconnection studies in this area have identified adequate deliverability.,,,False,True,2047,66,34.14300447,-118.0028218,0.007548158355088276,True
sce,Montecito,34.4318675315151,-119.63477064000334,,,Goleta 220/66 System,,659.0,1.579,0.244,1.822,4.79,0.38,4.13,4.0,41.954,11.4943,0.5747,0.0,45.977,73.0,20.0,1.0,0.0,80.0,Interconnection studies in this area have identified adequate deliverability.,,,False,True,1225,66,34.41838335,-119.5867362,4.653906684050267,False
sce,Moorpark,34.279573333499826,-118.902358527684,16.98,,Moorpark 220/66 System,,322.0,35.657,9.425,45.082,71.24,0.63,60.92,9.0,67.8335,16.7446,0.1129,0.0323,15.2767,4205.0,1038.0,7.0,2.0,947.0,Interconnection studies in this area have identified adequate deliverability.,,,False,True,8629,66,34.28089975,-118.9029754,0.15800608138849148,True
sce,Moraga,33.50373842697358,-117.1399280334394,12.55,,Valley 500/115 System,,1650.0,0.0,0.0,0.0,0.38,0.0,1.0,16.0,61.5744,24.5363,0.055,0.1099,13.7244,4482.0,1786.0,4.0,8.0,999.0,Deliverability in this area has not been determined by previous interconnection studies.,,,False,True,804,115,33.503775,-117.1404167,0.04549122911280715,True
sce,Moreno,33.9478008651392,-117.17189130228648,12.55,,Valley 500/115 System,,1700.0,24.874,1.354,26.228,44.8,0.59,18.57,7.0,88.3203,3.1779,0.0,0.0206,8.4812,4280.0,154.0,0.0,1.0,411.0,Deliverability in this area has not been determined by previous interconnection studies.,,,False,True,805,115,33.94704447,-117.1725056,0.1014141918161941,True
sce,Morningside,33.9611984076802,-118.33031271695256,,,El Nido 220/66 System,,487.0,0.984,0.077,1.06,4.26,0.25,4.89,3.0,66.9127,16.3592,0.0,0.0,16.7282,544.0,133.0,0.0,0.0,136.0,Interconnection studies in this area have identified adequate deliverability.,,,False,True,439,66,33.96564841,-118.3581035,2.6103180344693087,False
sce,Morongo P.T.,34.06381471246918,-116.56047071375936,12.55,,Devers 220/115 System,,1912.0,1.404,0.082,1.486,1.12,1.33,3.51,1.0,62.5,2.8646,0.2604,0.0,34.375,240.0,11.0,1.0,0.0,132.0,Deliverability in this area has not been determined by previous interconnection studies.,,,True,False,8402,230,33.93693288,-116.5773326,14.193985033301063,False
sce,Morro,33.552258717456944,-117.77853550630896,12.55,,Santiago 220/66 System,,948.0,7.237,1.067,8.303,29.87,0.28,33.55,5.0,71.6794,16.2437,0.0423,0.0212,12.0135,3389.0,768.0,2.0,1.0,568.0,Interconnection studies in this area have identified adequate deliverability.,,,False,True,704,66,33.55188499,-117.778884,0.0526295380945799,True
sce,Moulton,33.60972830580406,-117.69800984712953,12.55,,Santiago 220/66 System,,958.0,18.99,2.195,21.185,83.62,0.25,68.42,13.0,76.5183,15.306,0.0,0.0,8.1757,6514.0,1303.0,0.0,0.0,696.0,Interconnection studies in this area have identified adequate deliverability.,,,False,True,705,66,33.60912633,-117.6975574,0.07896890111989034,True
sce,Mountain Pass A,35.503245795845864,-115.55128033550264,,,Kramer 220/115 System,,1791.0,0.068,0.0,0.068,3.69,0.02,12.69,,,,,,,,,,,,Interconnection studies in this area have identified inadequate deliverability.,,,False,True,7919,230,35.25223227,-115.5157519,28.09668159399576,False
sce,Movie,33.990248808649305,-118.3943112353228,16.98,,La Cienega 220/66 System,,522.0,1.741,0.17,1.911,23.59,0.08,42.89,4.0,39.5619,32.3454,0.2577,0.0,27.8351,307.0,251.0,2.0,0.0,216.0,Interconnection studies in this area have identified adequate deliverability.,,,False,True,343,66,33.99032214,-118.3940417,0.026153510928265514,True
sce,Moynier P.T.,34.01331000272637,-118.37931540710947,,,La Cienega 220/66 System,,1476.0,0.302,0.016,0.318,0.62,0.52,0.43,1.0,86.9048,5.9524,0.0,0.0,7.1429,73.0,5.0,0.0,0.0,6.0,Interconnection studies in this area have identified adequate deliverability.,,,True,False,8368,66,34.00073879,-118.3783068,1.4009433732132353,True
sce,Mt. Tom,37.35012841125564,-118.46543749176112,12.55,,Inyo Sce 220/115 System,,208.0,5.108,0.293,5.4,16.64,0.32,22.6,3.0,69.985,10.9055,0.0,0.05,19.0595,1399.0,218.0,0.0,1.0,381.0,Interconnection studies in this area have identified inadequate deliverability.,,,False,True,212,66,37.34980639,-118.4653526,0.03658495823922708,True
sce,Mt. Vernon,34.12074958293825,-117.31021776868803,,,Vista 220/115 System,,773.0,2.194,0.164,2.358,11.01,0.21,25.64,,,,,,,,,,,,Interconnection studies in this area have identified adequate deliverability.,,,False,True,2007,66,34.12072036,-117.3103556,0.013097353864090576,True
sce,Mt. Wilson P.T.,34.22481982764218,-118.06558094047053,,,Gould 220/66 System,,1902.0,0.0,0.0,0.0,3.88,0.0,10.0,,,,,,,,,,,,Interconnection studies in this area have identified adequate deliverability.,,,True,False,414,66,34.16225829,-118.0857225,7.1989595561904425,False
sce,Murphy,33.95412236073975,-118.0428351628798,12.55,,Center 220/66 System,,924.0,4.735,0.759,5.494,35.01,0.16,67.31,6.0,62.9305,19.0937,0.0,0.0604,17.9154,2083.0,632.0,0.0,2.0,593.0,Interconnection studies in this area have identified adequate deliverability.,,,False,True,468,66,33.95442599,-118.043106,0.041998806864402216,True
sce,Murrietta 2,33.5402055508895,-117.18773358342057,12.55,,Valley 500/115 System,,1702.0,9.488,0.218,9.707,22.29,0.44,18.29,4.0,50.9872,33.043,0.2904,0.1742,15.5052,878.0,569.0,5.0,3.0,267.0,Deliverability in this area has not been determined by previous interconnection studies.,,,False,True,811,115,33.55781389,-117.2032139,2.4272667919928876,False
sce,Muscoy,34.15757947295749,-117.33886871434376,,,Vista 220/115 System,,1705.0,0.17,0.037,0.206,1.8,0.11,4.13,2.0,76.5957,0.7092,0.0,0.0,22.695,108.0,1.0,0.0,0.0,32.0,Interconnection studies in this area have identified adequate deliverability.,,,False,True,1034,115,34.16998056,-117.3302444,1.5909441034536236,True
sce,Naomi,33.97556197808886,-118.24830170526418,,,Laguna Bell 220/66 System,,901.0,0.37,0.024,0.394,5.88,0.07,5.61,4.0,67.95,14.3407,0.0,0.0,17.7093,706.0,149.0,0.0,0.0,184.0,Interconnection studies in this area have identified adequate deliverability.,,,False,True,2068,66,33.97555785,-118.2480049,0.027372644411533975,True
sce,Naples,33.768759982218015,-118.13205146268136,,,Alamitos 220/66 System,,860.0,2.799,0.15,2.95,11.09,0.27,9.05,6.0,75.3788,9.6591,0.0,0.0,14.9621,1194.0,153.0,0.0,0.0,237.0,Interconnection studies in this area have identified adequate deliverability.,,,False,True,381,66,33.76697406,-118.1520507,1.859283803758356,True
sce,Narod,34.04776037427393,-117.67554192030468,12.55,,Chino 220/66 System,,781.0,20.219,1.168,21.387,100.8,0.21,79.41,13.0,74.0563,12.7627,0.0102,0.0612,13.1096,7259.0,1251.0,1.0,6.0,1285.0,Interconnection studies in this area have identified adequate deliverability.,,,False,True,1021,66,34.04688623,-117.6749861,0.10986511312162096,True
sce,Narrows,34.00569047028173,-118.0678933396348,12.55,,Mesa 220/66 System,,951.0,17.376,13.002,30.379,79.79,0.38,76.02,11.0,64.0628,16.007,0.2092,0.0697,19.6513,3674.0,918.0,12.0,4.0,1127.0,Interconnection studies in this area have identified adequate deliverability.,,,False,True,469,66,34.00500608,-118.0668355,0.12369167728429248,True
sce,Native P.T.,34.59316650007429,-117.1942017211258,12.55,,Victor 220/115 System,,2274.0,0.216,0.412,0.628,2.76,0.23,9.37,1.0,0.0,33.3333,0.0,0.0,66.6667,0.0,2.0,0.0,0.0,4.0,Interconnection studies in this area have identified adequate deliverability.,,,True,False,1993,66,34.51757917,-117.2156822,8.632057810871814,False
sce,Navy Mole,33.74176502611974,-118.22929670816164,12.55,,Hinson 220/66 System,,1115.0,0.0,0.0,0.0,1.49,0.0,25.0,2.0,0.0,0.0,0.0,0.0,100.0,0.0,0.0,0.0,0.0,7.0,Interconnection studies in this area have identified adequate deliverability.,,,False,True,395,66,33.7568199,-118.2203333,1.8679238333299566,True
sce,Neenach,34.77497916534034,-118.50139738842196,12.55,,Antelope 220/66 System,,689.0,3.698,11.577,15.275,2.05,7.44,6.57,3.0,39.9538,10.3926,0.0,0.0,49.6536,173.0,45.0,0.0,0.0,215.0,Interconnection studies in this area have identified adequate deliverability.,,,False,True,471,66,34.77510559,-118.5014361,0.014495606265268798,True
sce,Nelson,33.77221271736493,-116.98815952158284,12.55,,Valley 500/115 System,,1801.0,40.385,8.116,48.5,72.8,0.67,24.3,16.0,73.5312,7.6558,0.0742,0.089,18.6499,4956.0,516.0,5.0,6.0,1257.0,Deliverability in this area has not been determined by previous interconnection studies.,,,False,True,806,115,33.7723639,-116.9883194,0.022382647067648944,True
sce,Neptune,33.82736631623596,-118.26849419767844,12.55,,Hinson 220/66 System,,903.0,2.513,0.155,2.668,7.9,0.34,22.12,14.0,62.4515,19.5301,0.0204,0.1021,17.8958,3057.0,956.0,1.0,5.0,876.0,Interconnection studies in this area have identified adequate deliverability.,,,False,True,472,66,33.82735334,-118.2684007,0.008756241465974583,True
sce,Newbury,34.19537848083874,-118.93117342358124,16.98,,Moorpark 220/66 System,,690.0,32.574,9.081,41.655,86.94,0.48,59.14,9.0,70.8037,17.5317,0.0347,0.0174,11.6126,4079.0,1010.0,2.0,1.0,669.0,Interconnection studies in this area have identified adequate deliverability.,,,False,True,1465,66,34.19608611,-118.9310028,0.08023434380546852,True
sce,Newcomb,33.68706500292482,-117.20709999560265,12.55,,Valley 500/115 System,,1818.0,84.63,5.339,89.969,108.74,0.83,22.03,15.0,82.5627,6.7929,0.0106,0.0106,10.6232,7803.0,642.0,1.0,1.0,1004.0,Deliverability in this area has not been determined by previous interconnection studies.,,,False,True,1876,115,33.687275,-117.1460111,5.652169353759876,False
sce,Newhall,34.37938862145633,-118.559385600556,16.98,,Saugus 220/66 System,,708.0,30.832,4.463,35.295,101.51,0.35,76.7,12.0,68.0377,17.8856,0.0724,0.0,14.0043,4698.0,1235.0,5.0,0.0,967.0,Interconnection studies in this area have identified adequate deliverability.,,,False,True,474,66,34.37921299,-118.55917,0.027800659404749684,True
sce,Newmark,34.04572222443866,-118.12947389420242,,,Mesa 220/66 System,,412.0,1.918,0.074,1.991,8.21,0.24,13.01,9.0,68.7394,16.7518,0.0,0.0,14.5088,2421.0,590.0,0.0,0.0,511.0,Interconnection studies in this area have identified adequate deliverability.,,,False,True,473,66,34.04557089,-118.1291485,0.034380007980254125,True
sce,Nidever P.T.,34.41477339390648,-119.56024246779651,2.5,,Goleta 220/66 System,,1483.0,0.054,0.0,0.054,0.26,0.21,0.28,1.0,86.8421,5.2632,0.0,0.0,7.8947,33.0,2.0,0.0,0.0,3.0,Interconnection studies in this area have identified adequate deliverability.,,,True,False,1225,66,34.41838335,-119.5867362,2.4632040556633528,False
sce,Niguel,33.5631365000432,-117.71476690636771,12.55,,Santiago 220/66 System,,1001.0,12.229,4.387,16.617,63.38,0.26,67.38,11.0,75.45,14.7608,0.0343,0.0,9.7548,4401.0,861.0,2.0,0.0,569.0,Interconnection studies in this area have identified adequate deliverability.,,,False,True,708,66,33.5638,-117.714833,0.07403155372829671,True
sce,Nogal P.T.,34.43724984624559,-119.77163885280284,,,Goleta 220/66 System,,1490.0,0.342,0.007,0.349,0.5,0.7,0.4,1.0,68.75,9.375,0.0,0.0,21.875,22.0,3.0,0.0,0.0,7.0,Interconnection studies in this area have identified adequate deliverability.,,,True,False,1227,66,34.44918609,-119.8158694,4.26762431838884,False
sce,Nogales,34.00698200351981,-117.85519400410632,12.55,,Walnut 220/66 System,,786.0,25.771,5.454,31.225,71.69,0.44,69.58,10.0,69.7124,15.5505,0.0189,0.0,14.7181,3685.0,822.0,1.0,0.0,778.0,Interconnection studies in this area have identified adequate deliverability.,,,False,True,475,66,34.00676088,-117.8552914,0.026175552099550928,True
sce,Nola,33.85958799601749,-118.27598000294174,16.98,,Lighthipe 220/66 System,,884.0,6.268,0.404,6.673,36.37,0.18,38.13,5.0,56.4516,18.5484,0.0,0.0,25.0,840.0,276.0,0.0,0.0,372.0,Interconnection studies in this area have identified adequate deliverability.,,,False,True,476,66,33.85951472,-118.2763265,0.03301567342637102,True
sce,North Bay P.T.,34.2667598256054,-117.18447565362496,2.5,,Vista 220/115 System,,1484.0,0.039,0.0,0.039,0.57,0.07,0.96,1.0,76.699,6.7961,0.0,0.0,16.5049,79.0,7.0,0.0,0.0,17.0,Interconnection studies in this area have identified adequate deliverability.,,,True,False,8098,66,34.28345226,-117.2162423,3.4590516703317173,False
sce,North Intake,33.72879219190996,-114.51806985900689,12.55,,Eagle Mountain 220/220 System,,1710.0,0.019,0.0,0.019,0.85,0.02,8.39,2.0,47.619,17.4603,0.0,0.0,34.9206,30.0,11.0,0.0,0.0,22.0,Interconnection studies in this area have identified inadequate deliverability.,,,False,True,2265,66,33.72935002,-114.5171768,0.10328709399828956,True
sce,North Muroc,35.012830143068406,-117.8823300974798,12.55,,Kramer 220/115 System,,1711.0,0.393,0.021,0.415,1.33,0.31,1.09,1.0,71.3333,1.3333,0.0,0.0,27.3333,107.0,2.0,0.0,0.0,41.0,Interconnection studies in this area have identified inadequate deliverability.,,,False,True,2263,66,35.01359157,-117.8813046,0.12605834600642726,True
sce,North Oaks,34.415007166234965,-118.45310662371053,16.98,,Saugus 220/66 System,,613.0,28.179,4.216,32.394,83.1,0.39,68.41,11.0,64.4312,17.9777,0.0149,0.0297,17.5465,4333.0,1209.0,1.0,2.0,1180.0,Interconnection studies in this area have identified adequate deliverability.,,,False,True,477,66,34.41563081,-118.4527486,0.07672987961437716,True
sce,Northwind,35.07525090742226,-118.37277193931456,12.55,,Windhub 220/66 System,,65.0,20.044,3.155,23.199,3.39,6.85,0.0,2.0,71.2766,7.9787,0.0,0.0,20.7447,134.0,15.0,0.0,0.0,39.0,Interconnection studies in this area have identified adequate deliverability.,,,False,True,2203,66,35.07545753,-118.3725027,0.03358835074355704,True
sce,Nugget,34.2068208988223,-116.36994277728613,25.0,,Devers 220/115 System,,1759.0,6.163,5.65,11.813,10.5,1.13,2.5,2.0,74.7432,3.3837,0.0,0.0,21.8731,1237.0,56.0,0.0,0.0,362.0,Deliverability in this area has not been determined by previous interconnection studies.,,,False,True,2016,115,34.1359889,-116.3156637,9.325758150818395,False
sce,O'Neill,33.64322429575617,-117.60498583146834,,,Viejo 220/66 System,,1027.0,35.966,3.864,39.83,84.0,0.47,44.17,,,,,,,,,,,,Interconnection studies in this area have identified adequate deliverability.,,,False,True,7732,66,33.66696983,-117.6424057,4.3551527097090705,False
sce,Oak Grove,36.34144202915099,-119.36596083170778,12.55,,Rector 220/66 System,,599.0,36.496,5.075,41.571,85.06,0.49,59.23,12.0,61.0874,18.2656,0.7189,0.4943,19.4338,2719.0,813.0,32.0,22.0,865.0,Interconnection studies in this area have identified inadequate deliverability.,,,False,True,1431,66,36.34136944,-119.3672861,0.11897513328824678,True
sce,Oak Knoll P.T.,34.240001458171314,-117.07325319013972,2.5,,Vista 220/115 System,,1493.0,0.017,0.0,0.017,0.41,0.04,0.98,1.0,91.9149,1.2766,0.0,0.0,6.8085,216.0,3.0,0.0,0.0,16.0,Interconnection studies in this area have identified adequate deliverability.,,,True,False,2281,66,34.20804986,-117.1039999,4.540268961435505,False
sce,Oak Park,34.18538100573582,-118.78487940026751,16.98,,Moorpark 220/66 System,,551.0,14.774,1.391,16.166,49.37,0.33,39.83,5.0,74.528,16.2719,0.0343,0.0,9.1658,2171.0,474.0,1.0,0.0,267.0,Interconnection studies in this area have identified adequate deliverability.,,,False,True,1466,66,34.18618553,-118.7847011,0.09094994872379142,True
sce,Oak Springs P.T.,34.37919488822352,-117.59976798697936,12.55,,Victor 220/115 System,,1821.0,0.386,0.006,0.391,0.8,0.49,9.61,1.0,70.0,0.7692,0.0,0.7692,28.4615,91.0,1.0,0.0,1.0,37.0,Interconnection studies in this area have identified adequate deliverability.,,,True,False,1025,115,34.42411111,-117.555725,6.424376620833455,False
sce,Oasis,34.64734114501825,-118.09535655203612,12.55,,Antelope 220/66 System,,681.0,48.833,10.216,59.049,69.99,0.84,13.75,9.0,76.052,9.5621,0.0513,0.1711,14.1635,4446.0,559.0,3.0,10.0,828.0,Interconnection studies in this area have identified adequate deliverability.,,,False,True,478,66,34.64671235,-118.094864,0.08317919607584418,True
sce,Observatory P.T.,34.22516158234983,-118.060636636566,,,Gould 220/66 System,,1905.0,0.0,0.0,0.0,0.13,0.0,0.3,1.0,0.0,0.0,0.0,0.0,100.0,0.0,0.0,0.0,0.0,1.0,Interconnection studies in this area have identified adequate deliverability.,,,True,False,414,66,34.16225829,-118.0857225,7.3652426212980115,False
sce,Ocean Park,33.9978855360838,-118.478789035256,,,La Cienega 220/66 System,,488.0,1.062,0.125,1.188,5.83,0.2,13.69,,,,,,,,,,,,Interconnection studies in this area have identified adequate deliverability.,,,False,True,462,66,34.00698276,-118.4656902,1.5752042590909365,True
sce,Oceanview,33.71625509877289,-117.98768317374038,12.55,,Ellis 220/66 System,,955.0,12.298,1.66,13.957,53.81,0.26,42.04,7.0,75.4447,10.4327,0.0,0.0,14.1226,2842.0,393.0,0.0,0.0,532.0,Interconnection studies in this area have identified adequate deliverability.,,,False,True,711,66,33.71637428,-117.987525,0.019739646626397527,True
sce,Octol,36.12412800402892,-119.39565000121922,12.55,,Rector 220/66 System,,579.0,16.243,7.516,23.759,27.5,0.86,32.24,7.0,15.3598,11.1708,23.2009,0.2148,50.0537,143.0,104.0,216.0,2.0,466.0,Interconnection studies in this area have identified inadequate deliverability.,,,False,True,1432,66,36.12372922,-119.3945203,0.1107325926380298,True
sce,Ojai,34.4456612532938,-119.24196837511916,16.98,,Santa Clara 220/66 System,,660.0,11.175,1.685,12.861,27.41,0.47,42.29,3.0,56.8877,18.3803,0.1588,0.0794,24.4938,1433.0,463.0,4.0,2.0,617.0,Interconnection studies in this area have identified adequate deliverability.,,,False,True,1467,66,34.44562298,-119.242407,0.0404457088888,True
sce,Oldfield,33.84632124261517,-118.17711840675376,,,Lighthipe 220/66 System,,863.0,3.735,0.199,3.934,10.47,0.38,11.07,7.0,73.8121,10.9071,0.0,0.0,15.2808,1367.0,202.0,0.0,0.0,283.0,Interconnection studies in this area have identified adequate deliverability.,,,False,True,534,66,33.84618126,-118.1771048,0.015615997365170985,True
sce,Olinda,33.94410562448348,-117.92123146814002,12.55,,Olinda 220/66 System,,379.0,8.302,0.498,8.801,22.72,0.39,17.29,4.0,80.4552,10.4899,0.1979,0.0495,8.8075,1626.0,212.0,4.0,1.0,178.0,Interconnection studies in this area have identified adequate deliverability.,,,False,True,479,66,33.94627279,-117.9223101,0.26071069593592905,True
sce,Olive Lake,33.6119060007915,-114.55037200163342,12.55,,Eagle Mountain 220/220 System,,1714.0,5.648,0.069,5.717,6.23,0.92,19.5,2.0,64.3725,8.7045,0.2024,0.0,26.7206,318.0,43.0,1.0,0.0,132.0,Interconnection studies in this area have identified inadequate deliverability.,,,False,True,2268,66,33.6112788,-114.551017,0.09182320274904525,True
sce,Olympic,34.05994866826565,-118.38958337500952,,,La Cienega 220/66 System,,489.0,0.503,0.02,0.523,7.78,0.07,10.16,6.0,56.4795,25.378,0.0,0.108,18.0346,523.0,235.0,0.0,1.0,167.0,Interconnection studies in this area have identified adequate deliverability.,,,False,True,371,66,34.0731289,-118.3973342,1.6302243212159193,True
sce,Ontario,34.05654799622731,-117.645749003213,,,Chino 220/66 System,,755.0,1.067,0.128,1.195,6.72,0.18,15.31,6.0,76.1879,11.933,0.0,0.0,11.879,1411.0,221.0,0.0,0.0,220.0,Interconnection studies in this area have identified adequate deliverability.,,,False,True,1999,66,34.05649126,-117.6456358,0.012188426509782588,True
sce,Orange,33.79007400165633,-117.86143500097876,12.55,,Villa Park 220/66 System,,956.0,6.897,1.498,8.395,59.16,0.14,72.4,11.0,48.3522,33.0546,0.0,0.1476,18.4456,1966.0,1344.0,0.0,6.0,750.0,Interconnection studies in this area have identified adequate deliverability.,,,False,True,712,66,33.79049001,-117.861454,0.04629132486940654,True
sce,Ordway,34.86545213859486,-117.11555047831143,12.55,,Kramer 220/115 System,,1715.0,2.36,0.134,2.494,7.89,0.32,7.9,2.0,63.1111,8.4444,0.0,0.0,28.4444,710.0,95.0,0.0,0.0,320.0,Interconnection studies in this area have identified inadequate deliverability.,,,False,True,2015,66,34.86475877,-117.1177491,0.2148988574788935,True
sce,Oro Grande,34.602308078599954,-117.33454372645546,12.55,,Victor 220/115 System,,1716.0,0.061,0.0,0.061,1.86,0.03,4.94,1.0,36.5217,16.5217,0.0,0.8696,46.087,42.0,19.0,0.0,1.0,53.0,Interconnection studies in this area have identified adequate deliverability.,,,False,True,1952,66,34.60145611,-117.3350595,0.10584487864308292,True
sce,Ortega,34.41863328199049,-119.58273654055274,34.5,,Goleta 220/66 System,,1021.0,0.0,0.0,0.0,8.46,0.0,27.9,1.0,0.0,33.3333,0.0,0.0,66.6667,0.0,1.0,0.0,0.0,2.0,Interconnection studies in this area have identified adequate deliverability.,,,False,True,1225,66,34.41838335,-119.5867362,0.3679323905946617,True
sce,Outlaw P.T.,33.922927640668654,-117.28454260143783,12.55,,Valley 500/115 System,,1498.0,0.239,0.016,0.255,3.56,0.07,4.74,1.0,81.5884,4.1516,0.0,0.1805,14.0794,452.0,23.0,0.0,1.0,78.0,Deliverability in this area has not been determined by previous interconnection studies.,,,True,False,2228,66,33.92346139,-117.2846982,0.06106197934892089,True
sce,Outlet P.T.,33.928160868458896,-116.81124291582424,12.55,,El Casco 220/115 System,,1499.0,3.115,1.65,4.765,13.21,0.36,9.24,2.0,37.8307,25.9259,0.0,0.2646,35.9788,143.0,98.0,0.0,1.0,136.0,Deliverability in this area has not been determined by previous interconnection studies.,,,True,False,8456,115,33.9223429,-116.8727578,5.712470751444987,False
sce,Padua,34.120644996657795,-117.63984999855008,12.55,,Padua 220/66 System,,313.0,39.551,2.785,42.336,112.0,0.38,69.66,16.0,79.7495,8.1344,0.0214,0.0107,12.0839,7451.0,760.0,2.0,1.0,1129.0,Interconnection studies in this area have identified adequate deliverability.,,,False,True,8209,230,34.12018656,-117.6395048,0.06006916600958141,True
sce,Pahrump P.T.,35.978368346524945,-115.86373004552873,25.0,,Valley Electric 220/25,,2083.0,0.0,0.0,0.0,0.12,0.0,1.5,1.0,48.0,4.0,0.0,0.0,48.0,12.0,1.0,0.0,0.0,12.0,Deliverability in this area has not been determined by previous interconnection studies.,,,True,False,7919,230,35.25223227,-115.5157519,86.65331249632007,False
sce,Painted Cave P.T.,34.504194014772914,-119.79124193051912,2.5,,Goleta 220/66 System,,1505.0,0.154,0.0,0.154,0.23,0.68,0.15,1.0,41.6667,0.0,0.0,0.0,58.3333,5.0,0.0,0.0,0.0,7.0,Interconnection studies in this area have identified adequate deliverability.,,,True,False,1227,66,34.44918609,-119.8158694,6.519888175902667,False
sce,Palm Canyon,33.79901258889756,-116.5432560503965,12.55,,Devers 220/115 System,,1719.0,1.369,0.06,1.429,4.51,0.32,3.57,6.0,71.0808,12.9454,0.0594,0.0,15.9145,1197.0,218.0,1.0,0.0,268.0,Deliverability in this area has not been determined by previous interconnection studies.,,,False,True,2027,66,33.79897529,-116.5432439,0.004296724107863741,True
sce,Palm Village,33.720183718386934,-116.362285741825,12.55,,Mirage 220/115 System,,1721.0,0.0,0.0,0.0,0.0,0.0,0.0,6.0,52.6575,25.836,0.0704,0.0,21.4361,1496.0,734.0,2.0,0.0,609.0,Interconnection studies in this area have identified inadequate deliverability.,,,False,True,1526,66,33.72019357,-116.3631391,0.07893242337712454,True
sce,Palmdale,34.56594303062138,-118.05894382169546,12.55,,Antelope 220/66 System,,697.0,43.917,9.925,53.842,100.8,0.53,46.96,14.0,89.2591,2.7071,0.0219,0.011,8.0009,8144.0,247.0,2.0,1.0,730.0,Interconnection studies in this area have identified adequate deliverability.,,,False,True,484,66,34.5660542,-118.0591861,0.025395993228602965,True
sce,Palos Verdes,33.803860500737535,-118.37906529099078,,,La Fresa 220/66 System,,490.0,1.958,0.242,2.2,5.14,0.43,5.24,4.0,84.5361,3.5346,0.0,0.0,11.9293,574.0,24.0,0.0,0.0,81.0,Interconnection studies in this area have identified adequate deliverability.,,,False,True,511,66,33.8083703,-118.3550087,2.2785666607367054,False
sce,Par P.T.,34.4528027686033,-119.79973178870829,2.5,,Goleta 220/66 System,,1504.0,0.013,0.0,0.013,0.06,0.21,0.14,1.0,50.0,0.0,0.0,0.0,50.0,2.0,0.0,0.0,0.0,2.0,Interconnection studies in this area have identified adequate deliverability.,,,True,False,1227,66,34.44918609,-119.8158694,1.5333737239458705,True
sce,Parker Strip,34.228937448042785,-114.19485474762315,12.55,,Parker 161/66 System,,1521.0,0.152,0.0,0.152,3.75,0.04,3.6,1.0,18.0328,34.4262,0.0,0.0,47.541,11.0,21.0,0.0,0.0,29.0,Interconnection studies in this area have identified inadequate deliverability.,,,False,True,8492,230,34.29117261,-114.1712965,7.2510028605011945,False
sce,Parkwood,33.915624736779364,-117.96398012374236,12.55,,Olinda 220/66 System,,928.0,13.364,3.15,16.514,53.33,0.31,56.29,9.0,76.3901,13.0751,0.0,0.0178,10.517,4300.0,736.0,0.0,1.0,592.0,Interconnection studies in this area have identified adequate deliverability.,,,False,True,716,66,33.91547973,-117.9637095,0.02972528987166634,True
sce,Passons,33.964235003438496,-118.08216899828136,12.55,,Center 220/66 System,,1007.0,8.823,1.295,10.118,54.36,0.19,45.88,7.0,61.3502,20.4782,0.0,0.0563,18.1153,2181.0,728.0,0.0,2.0,644.0,Interconnection studies in this area have identified adequate deliverability.,,,False,True,486,66,33.96420598,-118.082148,0.003763691800619605,True
sce,Pauba,33.54190303848778,-117.04398293604586,12.55,,Valley 500/115 System,,1831.0,20.795,1.533,22.328,36.35,0.61,33.67,6.0,77.1193,7.6519,0.075,0.0,15.1538,2056.0,204.0,2.0,0.0,404.0,Deliverability in this area has not been determined by previous interconnection studies.,,,False,True,807,115,33.54372221,-117.0435584,0.2060735503629371,True
sce,Peacock U.G.S.,33.78253081686645,-118.4057875936086,,,La Fresa 220/66 System,,1519.0,0.072,0.031,0.103,0.28,0.37,1.4,1.0,80.0,5.7143,0.0,0.0,14.2857,28.0,2.0,0.0,0.0,5.0,Interconnection studies in this area have identified adequate deliverability.,,,False,True,2103,66,33.77966215,-118.3873419,1.7343671512078334,True
sce,Peacor P.T.,34.36998061567038,-116.61118026429408,12.55,,Victor 220/115 System,,1517.0,0.44,0.066,0.506,1.26,0.4,0.99,1.0,63.658,4.2755,0.0,0.0,32.0665,268.0,18.0,0.0,0.0,135.0,Interconnection studies in this area have identified adequate deliverability.,,,True,False,2398,66,34.3037656,-116.8201577,20.551936288964338,False
sce,Pearl,34.021978495066826,-118.458658993392,,,La Cienega 220/66 System,,491.0,1.384,0.124,1.508,3.5,0.43,2.99,3.0,65.1163,16.8157,0.0,0.0,18.068,364.0,94.0,0.0,0.0,101.0,Interconnection studies in this area have identified adequate deliverability.,,,False,True,2092,66,34.02167221,-118.458565,0.03514174518067783,True
sce,Pechanga,33.49214943279386,-117.05640121088769,12.55,,Valley 500/115 System,,1836.0,41.21,4.466,45.676,79.19,0.58,38.32,12.0,77.3943,11.1129,0.0,0.0,11.4927,4687.0,673.0,0.0,0.0,696.0,Deliverability in this area has not been determined by previous interconnection studies.,,,False,True,1514,115,33.49095832,-117.0638806,0.7061181384705683,True
sce,Pedestrian P.T.,34.072323441886475,-118.1388349149462,,,Eagle Rock 220/66 System,,2177.0,0.081,0.01,0.091,1.71,0.05,2.41,1.0,68.3761,14.8148,0.0,0.0,16.8091,240.0,52.0,0.0,0.0,59.0,Interconnection studies in this area have identified adequate deliverability.,,,True,False,500,66,34.06991918,-118.1300281,0.854092871768473,True
sce,Pedley,33.95853053680608,-117.52288257084442,12.55,,Mira Loma 220/66 System,,756.0,26.508,2.946,29.454,56.0,0.53,26.55,8.0,73.8818,11.1022,0.0,0.0,15.016,2775.0,417.0,0.0,0.0,564.0,Interconnection studies in this area have identified adequate deliverability.,,,False,True,808,66,33.95892401,-117.52272,0.046250103454959314,True
sce,Peerless,35.097878874168764,-117.79535170204684,12.55,,Kramer 220/115 System,,1722.0,0.013,0.0,0.013,0.35,0.04,1.49,1.0,71.7391,4.3478,0.0,0.0,23.913,33.0,2.0,0.0,0.0,11.0,Interconnection studies in this area have identified inadequate deliverability.,,,False,True,1990,115,35.03228875,-117.7015827,11.226070113005408,False
sce,Penitentiary P.T.,33.56645973758409,-114.91585616302976,12.55,,Eagle Mountain 220/220 System,,2215.0,0.0,0.0,0.0,0.0,0.0,6.52,1.0,0.0,0.0,0.0,0.0,100.0,0.0,0.0,0.0,0.0,1.0,Interconnection studies in this area have identified inadequate deliverability.,,,True,False,8358,66,33.56494013,-114.9066377,0.8706759641693744,True
sce,Pepper,34.102737060728806,-117.3542788797898,12.55,,Vista 220/115 System,,1723.0,27.3,2.609,29.909,74.23,0.4,46.09,9.0,82.8353,5.7216,0.0116,0.0,11.4315,7152.0,494.0,1.0,0.0,987.0,Interconnection studies in this area have identified adequate deliverability.,,,False,True,1023,115,34.10192228,-117.3535111,0.11491587181031726,True
sce,Perez,33.88195489732824,-117.588640200006,,,Mira Loma 220/66 System,,1765.0,0.172,0.017,0.189,1.24,0.15,2.31,2.0,83.5878,7.6336,0.0,0.0,8.7786,219.0,20.0,0.0,0.0,23.0,Interconnection studies in this area have identified adequate deliverability.,,,False,True,2022,66,33.88193703,-117.5884483,0.017825867783741532,True
sce,Perry,33.86597598540991,-118.34851465647648,,,La Fresa 220/66 System,,492.0,2.47,0.039,2.509,7.79,0.32,9.34,6.0,75.4896,10.8654,0.0,0.0,13.645,1195.0,172.0,0.0,0.0,216.0,Interconnection studies in this area have identified adequate deliverability.,,,False,True,2100,66,33.86598502,-118.3483554,0.0147384221575691,True
sce,Peyton,33.99551357968687,-117.73535806571996,12.55,,Chino 220/66 System,,742.0,25.598,4.257,29.854,79.7,0.37,70.95,12.0,77.5933,11.2695,0.0147,0.0,11.1225,5281.0,767.0,1.0,0.0,757.0,Interconnection studies in this area have identified adequate deliverability.,,,False,True,1024,66,33.996246,-117.733345,0.20266661596921606,True
sce,Pheasant P.T.,33.96779900311329,-116.89759266587669,12.55,,El Casco 220/115 System,,1506.0,0.452,0.04,0.492,0.55,0.9,0.51,1.0,64.1791,4.4776,0.0,0.0,31.3433,43.0,3.0,0.0,0.0,21.0,Deliverability in this area has not been determined by previous interconnection studies.,,,True,False,1996,115,33.9477822,-116.9232031,3.245518020845702,False
sce,Phelan,34.42508418296938,-117.5567109231738,12.55,,Victor 220/115 System,,1750.0,22.537,7.682,30.219,21.26,1.42,26.59,5.0,72.9234,4.2691,0.0464,0.0,22.761,3143.0,184.0,2.0,0.0,981.0,Interconnection studies in this area have identified adequate deliverability.,,,False,True,1025,115,34.42411111,-117.555725,0.14101435788799685,True
sce,Pico,33.76557216615716,-118.20652702600002,12.55,,Hinson 220/66 System,,843.0,1.639,2.87,4.509,48.7,0.09,100.14,18.0,10.4,37.3333,0.0,4.0,48.2667,39.0,140.0,0.0,15.0,181.0,Interconnection studies in this area have identified adequate deliverability.,,,False,True,488,66,33.76508981,-118.2066567,0.05495869912496975,True
sce,Pierpont,34.27390083589774,-119.24822507834864,,,Santa Clara 220/66 System,,662.0,3.482,0.503,3.984,6.79,0.59,11.01,7.0,80.3628,9.858,0.0,0.0,9.7792,1019.0,125.0,0.0,0.0,124.0,Interconnection studies in this area have identified adequate deliverability.,,,False,True,1556,66,34.2734985,-119.2475484,0.07659982735355782,True
sce,Pioneer,33.91555087546238,-118.0812231920912,12.55,,Center 220/66 System,,1000.0,1.479,0.173,1.653,5.47,0.3,12.81,11.0,70.6702,15.2011,0.0,0.0268,14.1019,2636.0,567.0,0.0,1.0,526.0,Interconnection studies in this area have identified adequate deliverability.,,,False,True,489,66,33.91557578,-118.0811489,0.007393598338262773,True
sce,Pitman,37.20519869817524,-119.23958635760312,12.55,,Big Creek 220/220 System,,572.0,0.014,0.013,0.027,2.7,0.01,13.97,2.0,56.743,9.4148,0.7634,0.0,33.0789,223.0,37.0,3.0,0.0,130.0,Interconnection studies in this area have identified inadequate deliverability.,,,False,True,1633,230,37.20395556,-119.242925,0.32640139929665934,True
sce,Piute,34.69113700076236,-117.96875300134876,12.55,,Antelope 220/66 System,,678.0,6.608,3.306,9.914,10.14,0.98,4.09,4.0,68.2661,4.4711,0.0,0.0,27.2628,626.0,41.0,0.0,0.0,250.0,Interconnection studies in this area have identified adequate deliverability.,,,False,True,491,66,34.69065568,-117.9693728,0.07794613987334281,True
sce,Pixley,35.964856760229296,-119.30281667688432,12.55,,Vestal 220/66 System,,580.0,22.177,22.005,44.182,30.64,1.44,11.82,5.0,41.6271,6.0339,12.2034,0.1356,40.0,614.0,89.0,180.0,2.0,590.0,Interconnection studies in this area have identified inadequate deliverability.,,,False,True,1433,66,35.96472074,-119.3033598,0.05116689542265968,True
sce,Placentia,33.87119299998787,-117.87861599522375,12.55,,Villa Park 220/66 System,,1003.0,15.107,2.225,17.332,67.2,0.26,49.87,11.0,68.0148,18.997,0.0,0.0924,12.8958,2943.0,822.0,0.0,4.0,558.0,Interconnection studies in this area have identified adequate deliverability.,,,False,True,717,66,33.87159716,-117.8786331,0.044968280107080046,True
sce,Playa,34.40494329569494,-119.72827247807678,,,Goleta 220/66 System,,698.0,2.894,0.246,3.14,3.81,0.82,3.08,3.0,76.5487,6.6372,0.0,0.4425,16.3717,173.0,15.0,0.0,1.0,37.0,Interconnection studies in this area have identified adequate deliverability.,,,False,True,1839,66,34.4041565,-119.7265495,0.18066775015539083,True
sce,Pomona,34.05836749677421,-117.75532947283664,,,Chino 220/66 System,,757.0,1.457,0.259,1.716,6.63,0.26,10.18,5.0,71.4475,6.6401,0.0,0.0,21.9124,538.0,50.0,0.0,0.0,165.0,Interconnection studies in this area have identified adequate deliverability.,,,False,True,424,66,34.0582889,-117.7552801,0.009852256103821878,True
sce,Poplar,35.9941569999373,-119.14426699475146,12.55,,Vestal 220/66 System,,581.0,21.873,13.876,35.749,24.0,1.49,16.42,5.0,36.116,5.8875,15.0264,0.0,42.9701,411.0,67.0,171.0,0.0,489.0,Interconnection studies in this area have identified inadequate deliverability.,,,False,True,1434,66,35.99376384,-119.1440972,0.04630935299092477,True
sce,Porterville,36.06795606180097,-119.03416632417655,12.55,,Springville 220/66 System,,582.0,0.428,0.117,0.545,6.83,0.08,8.46,19.0,71.1593,7.4782,0.7348,0.0086,20.619,8231.0,865.0,85.0,1.0,2385.0,Interconnection studies in this area have identified inadequate deliverability.,,,False,True,1435,66,36.06738391,-119.0347003,0.07969328922743253,True
sce,Potrero,34.16193136185872,-118.83239843472316,16.98,,Moorpark 220/66 System,,725.0,18.113,13.292,31.405,84.1,0.37,80.59,11.0,60.1386,25.9315,0.1083,0.0,13.8215,2776.0,1197.0,5.0,0.0,638.0,Interconnection studies in this area have identified adequate deliverability.,,,False,True,1469,66,34.16172599,-118.834785,0.22076923229680803,True
sce,Proctor,34.02182443022892,-117.96877702559684,12.55,,Walnut 220/66 System,,444.0,3.315,3.259,6.574,46.58,0.14,49.43,7.0,19.3103,47.2906,0.0,1.5764,31.8227,196.0,480.0,0.0,16.0,323.0,Interconnection studies in this area have identified adequate deliverability.,,,False,True,438,66,34.03341675,-117.9677135,1.2927278069723849,True
sce,Pruitt P.T.,33.85874370930089,-118.3639673395868,,,La Fresa 220/66 System,,2195.0,0.271,0.006,0.277,0.7,0.39,0.72,1.0,92.233,1.9417,0.0,0.0,5.8252,95.0,2.0,0.0,0.0,6.0,Interconnection studies in this area have identified adequate deliverability.,,,True,False,553,66,33.85885406,-118.3742046,0.945365007484122,True
sce,Puente,34.00890600193133,-117.93137300283362,12.55,,Walnut 220/66 System,,460.0,15.091,2.922,18.013,47.41,0.38,37.99,8.0,69.5182,14.2807,0.0,0.419,15.7821,1991.0,409.0,0.0,12.0,452.0,Interconnection studies in this area have identified adequate deliverability.,,,False,True,496,66,34.00901094,-117.9304235,0.08829489490901996,True
sce,Quartz Hill,34.65937453883543,-118.2284403720392,12.55,,Antelope 220/66 System,,699.0,42.908,9.972,52.881,56.0,0.94,3.12,9.0,84.8914,3.7173,0.092,0.0,11.2992,4613.0,202.0,5.0,0.0,614.0,Interconnection studies in this area have identified adequate deliverability.,,,False,True,498,66,34.6595412,-118.2282903,0.023061540116225375,True
sce,Queen Mary U.G.S.,33.75011514963357,-118.19134574924804,,,Hinson 220/66 System,,1522.0,0.0,0.0,0.0,0.75,0.0,0.75,1.0,0.0,66.6667,0.0,0.0,33.3333,0.0,10.0,0.0,0.0,5.0,Interconnection studies in this area have identified adequate deliverability.,,,False,True,488,66,33.76508981,-118.2066567,2.185424874291695,False
sce,Quinn,35.73389725033108,-119.13117581127771,12.55,,Vestal 220/66 System,,604.0,1.062,12.184,13.247,20.81,0.64,14.75,4.0,9.215,11.6041,17.0648,0.0,62.116,27.0,34.0,50.0,0.0,182.0,Interconnection studies in this area have identified inadequate deliverability.,,,False,True,306,66,35.73285976,-119.1298083,0.16895182092277558,True
sce,Railroad,33.99703410581549,-117.88747622105431,12.55,,Walnut 220/66 System,,461.0,19.619,6.442,26.062,102.47,0.25,85.94,15.0,68.8298,15.152,0.0304,0.0608,15.9271,4529.0,997.0,2.0,4.0,1048.0,Interconnection studies in this area have identified adequate deliverability.,,,False,True,499,66,33.99710378,-117.887703,0.022295633602149666,True
sce,Ramona,34.07033285280638,-118.12961267056764,,,Mesa 220/66 System,,413.0,2.087,0.079,2.166,14.36,0.15,29.57,9.0,75.6732,8.8869,0.0,0.0,15.4399,1686.0,198.0,0.0,0.0,344.0,Interconnection studies in this area have identified adequate deliverability.,,,False,True,500,66,34.06991918,-118.1300281,0.05983332347901222,True
sce,Rancho,34.51751221375964,-117.21422551149456,12.55,,Victor 220/115 System,,1727.0,27.325,3.251,30.576,44.8,0.68,14.22,6.0,75.7085,5.7532,0.0,0.3622,18.176,3553.0,270.0,0.0,17.0,853.0,Interconnection studies in this area have identified adequate deliverability.,,,False,True,1993,66,34.51757917,-117.2156822,0.13366837451910568,True
sce,Randall,34.11372910596103,-117.45481186020444,12.55,,Etiwanda 220/66 System,,802.0,60.32,5.086,65.406,100.8,0.65,35.39,14.0,83.5719,5.6094,0.0089,0.0356,10.7743,9401.0,631.0,1.0,4.0,1212.0,Interconnection studies in this area have identified adequate deliverability.,,,False,True,1028,66,34.11371501,-117.45412,0.063712746337321,True
sce,Randolph,33.98239600018886,-118.20552199780366,16.98,,Laguna Bell 220/66 System,,859.0,2.221,1.03,3.251,45.33,0.07,52.75,8.0,52.8055,23.7539,0.0,0.1139,23.3267,1854.0,834.0,0.0,4.0,819.0,Interconnection studies in this area have identified adequate deliverability.,,,False,True,501,66,33.98271475,-118.205316,0.040211873897404556,True
sce,Randsburg,35.37985224320661,-117.65357256110528,34.5,,Kramer 220/115 System,,1792.0,6.048,17.126,23.174,-2.61,-8.88,4.83,2.0,27.2727,18.1818,0.0,0.0,54.5455,3.0,2.0,0.0,0.0,6.0,Interconnection studies in this area have identified inadequate deliverability.,,,False,True,1678,66,35.62202485,-117.6883033,27.111278760929046,False
sce,Ravendale,34.122529169604334,-118.08118741963942,16.98,,Mesa 220/66 System,,448.0,1.758,0.091,1.849,6.03,0.31,12.15,12.0,68.2666,15.7399,0.0181,0.0181,15.9573,3769.0,869.0,1.0,1.0,881.0,Interconnection studies in this area have identified adequate deliverability.,,,False,True,502,66,34.12177523,-118.0810745,0.08447619880967766,True
sce,Rector,36.304677644129264,-119.24357248208328,12.55,,Rector 220/66 System,,305.0,413.259,152.426,565.686,783.23,0.72,333.92,9.0,75.0541,6.8315,1.391,0.0155,16.7079,4856.0,442.0,90.0,1.0,1081.0,Interconnection studies in this area have identified inadequate deliverability.,,,False,True,7625,230,36.30432534,-119.2445438,0.09544923548329605,True
sce,Red Box P.T.,34.260373738057446,-118.1003640930633,,,Gould 220/66 System,,1906.0,0.0,0.0,0.0,0.23,0.0,1.5,,,,,,,,,,,,Interconnection studies in this area have identified adequate deliverability.,,,True,False,442,66,34.21350946,-118.1679679,8.1102747608663,False
sce,Redlands,34.06000384312288,-117.17642991233484,12.55,,San Bernardino 220/66 System,,760.0,2.449,0.099,2.548,11.33,0.22,14.61,15.0,75.2235,10.9456,0.0157,0.0314,13.7839,4797.0,698.0,1.0,2.0,879.0,Interconnection studies in this area have identified adequate deliverability.,,,False,True,8314,115,34.06037091,-117.1766238,0.044552806021673844,True
sce,Redman,34.762541999383984,-117.96856000517889,12.55,,Antelope 220/66 System,,665.0,7.346,0.0,7.346,5.54,1.33,0.0,4.0,25.5973,6.8259,2.3891,0.0,65.1877,75.0,20.0,7.0,0.0,191.0,Interconnection studies in this area have identified adequate deliverability.,,,False,True,503,66,34.76318367,-117.969417,0.1059221395975462,True
sce,Redondo,33.84817299949127,-118.3875900004199,,,La Fresa 220/66 System,,494.0,2.719,0.095,2.814,8.66,0.32,9.19,7.0,68.2672,14.405,0.0,0.0,17.3278,981.0,207.0,0.0,0.0,249.0,Interconnection studies in this area have identified adequate deliverability.,,,False,True,2101,66,33.84828869,-118.387829,0.025546715531504918,True
sce,Repetto,34.04784770004844,-118.16279259228568,16.98,,Mesa 220/66 System,,434.0,1.279,0.069,1.348,3.76,0.36,4.65,12.0,60.7719,18.2098,0.0362,0.0544,20.9277,3354.0,1005.0,2.0,3.0,1155.0,Interconnection studies in this area have identified adequate deliverability.,,,False,True,507,66,34.04794252,-118.1621853,0.05693625793423581,True
sce,Retreat P.T.,33.80542627194658,-117.5087296597496,12.55,,Mira Loma 220/66 System,,1868.0,2.09,0.092,2.182,3.2,0.68,7.82,1.0,80.2139,9.0909,0.0,0.0,10.6952,150.0,17.0,0.0,0.0,20.0,Interconnection studies in this area have identified adequate deliverability.,,,True,False,1955,66,33.83390123,-117.4972091,3.3403504145809975,False
sce,Rialto,34.101252528071704,-117.36818289818122,,,Vista 220/115 System,,1729.0,1.273,0.17,1.443,4.42,0.33,6.06,5.0,71.9282,9.8481,0.046,0.0,18.1776,1563.0,214.0,1.0,0.0,395.0,Interconnection studies in this area have identified adequate deliverability.,,,False,True,2004,66,34.10130445,-117.368353,0.016692316606926313,True
sce,Ridgecrest,35.62681208164642,-117.67275024933278,5.0,,Kramer 220/115 System,,1730.0,0.536,0.035,0.571,2.12,0.27,4.43,3.0,66.5392,14.7228,0.0,0.0,18.738,348.0,77.0,0.0,0.0,98.0,Interconnection studies in this area have identified inadequate deliverability.,,,False,True,2280,66,35.62634452,-117.6728936,0.053580583587327146,True
sce,Ridgeview P.T.,33.84523899603052,-116.99926100485908,12.55,,Valley 500/115 System,,1695.0,0.046,0.0,0.046,2.89,0.02,5.2,2.0,5.7692,32.6923,1.9231,0.0,59.6154,3.0,17.0,1.0,0.0,31.0,Deliverability in this area has not been determined by previous interconnection studies.,,,True,False,2230,115,33.78334936,-116.9593832,7.805912485453632,False
sce,Rio Hondo,34.10683585850969,-117.97812610626242,12.55,,Rio Hondo 220/66 System,,288.0,13.157,0.65,13.807,72.12,0.19,64.59,14.0,57.5266,17.7926,0.0,0.1596,24.5213,2163.0,669.0,0.0,6.0,922.0,Interconnection studies in this area have identified adequate deliverability.,,,False,True,8805,230,34.10514835,-117.9808049,0.30990111775639306,True
sce,Ripley,33.525370998885414,-114.65458711126404,12.55,,Eagle Mountain 220/220 System,,1731.0,0.745,0.003,0.748,3.3,0.23,4.85,2.0,39.1304,7.3579,1.3378,0.0,52.1739,117.0,22.0,4.0,0.0,156.0,Interconnection studies in this area have identified inadequate deliverability.,,,False,True,2269,66,33.61086405,-114.6799559,9.792654516031883,False
sce,Ritter Ranch,34.579690275477724,-118.20346616201272,12.55,,Antelope 220/66 System,,1862.0,3.394,0.065,3.459,6.12,0.57,24.54,2.0,86.0656,3.4426,0.0,0.0,10.4918,525.0,21.0,0.0,0.0,64.0,Interconnection studies in this area have identified adequate deliverability.,,,False,True,2316,66,34.55764538,-118.1802498,3.2446326195183803,False
sce,Rivera,33.96955441808182,-118.10143727933446,,,Center 220/66 System,,961.0,2.505,0.208,2.713,6.26,0.43,14.37,6.0,85.307,3.1798,0.0,0.0,11.5132,778.0,29.0,0.0,0.0,105.0,Interconnection studies in this area have identified adequate deliverability.,,,False,True,464,66,33.96958134,-118.1013564,0.008036849067561101,True
sce,Riverway,36.35737818036574,-119.31314832956446,12.55,,Rector 220/66 System,,1903.0,40.233,10.293,50.527,55.92,0.9,5.47,7.0,80.5996,5.0375,0.5926,0.0,13.7703,4624.0,289.0,34.0,0.0,790.0,Interconnection studies in this area have identified inadequate deliverability.,,,False,True,1979,66,36.35733718,-119.3129715,0.016478174844603705,True
sce,Roadway,34.57597041904508,-117.4122559950478,12.55,,Victor 220/115 System,,1829.0,20.418,18.672,39.091,83.58,0.47,72.91,13.0,77.1847,6.7201,0.1936,0.1936,15.708,2791.0,243.0,7.0,7.0,568.0,Interconnection studies in this area have identified adequate deliverability.,,,False,True,1030,115,34.57613889,-117.4131611,0.08495790330276144,True
sce,Rolling Hills,33.80827080158421,-118.35497637711136,16.98,,La Fresa 220/66 System,,527.0,2.703,0.166,2.869,6.26,0.46,6.13,13.0,59.2923,22.4799,0.0297,0.1189,18.0791,1994.0,756.0,1.0,4.0,608.0,Interconnection studies in this area have identified adequate deliverability.,,,False,True,511,66,33.8083703,-118.3550087,0.011459684786650402,True
sce,Ronnie P.T.,33.89370286149141,-118.15910571958877,,,Center 220/66 System,,1535.0,0.039,0.011,0.05,0.5,0.1,0.95,1.0,66.1972,22.5352,0.0,0.0,11.2676,47.0,16.0,0.0,0.0,8.0,Interconnection studies in this area have identified adequate deliverability.,,,True,False,413,66,33.89897697,-118.1442684,1.4897312873582986,True
sce,Rosamond,34.86447300163328,-118.23732500206653,12.55,,Antelope 220/66 System,,676.0,14.931,9.874,24.805,17.26,1.44,1.7,6.0,75.1712,6.1216,0.4281,0.0,18.2791,1756.0,143.0,10.0,0.0,427.0,Interconnection studies in this area have identified adequate deliverability.,,,False,True,308,66,34.86428131,-118.2373311,0.02132239662718442,True
sce,Rosemead,34.09258860183599,-118.08287914257627,16.98,,Mesa 220/66 System,,414.0,10.525,1.168,11.692,72.14,0.16,83.51,9.0,55.2021,25.1715,0.1021,0.1021,19.4222,3783.0,1725.0,7.0,7.0,1331.0,Interconnection studies in this area have identified adequate deliverability.,,,False,True,512,66,34.09221847,-118.0826588,0.04588648180042046,True
sce,Royal,34.278596208813866,-118.78059293222798,16.98,,Moorpark 220/66 System,,712.0,36.591,1.903,38.494,100.92,0.38,73.51,11.0,69.3871,18.7171,0.0301,0.0452,11.8205,4608.0,1243.0,2.0,3.0,785.0,Interconnection studies in this area have identified adequate deliverability.,,,False,True,1472,66,34.27843334,-118.7794583,0.10581295539269982,True
sce,Rubidoux,33.99901674325448,-117.41596904208612,12.55,,Vista 220/115 System,,1735.0,0.378,0.048,0.426,1.69,0.25,2.07,3.0,55.948,5.2045,0.1859,0.0,38.6617,301.0,28.0,1.0,0.0,208.0,Interconnection studies in this area have identified adequate deliverability.,,,False,True,797,66,34.00502923,-117.4574435,3.8812367959737233,False
sce,Running Springs,34.20782205626276,-117.10405510824,12.55,,Vista 220/115 System,,791.0,0.713,0.15,0.862,7.11,0.12,9.64,3.0,72.5714,6.7143,0.0,0.1429,20.5714,508.0,47.0,0.0,1.0,144.0,Interconnection studies in this area have identified adequate deliverability.,,,False,True,2281,66,34.20804986,-117.1039999,0.025834374064732504,True
sce,Rush,34.051221002841935,-118.08136399436002,16.98,,Mesa 220/66 System,,400.0,11.744,6.044,17.787,84.52,0.21,83.01,11.0,44.1227,30.3225,0.0,0.5374,25.0173,2545.0,1749.0,0.0,31.0,1443.0,Interconnection studies in this area have identified adequate deliverability.,,,False,True,513,66,34.05121845,-118.0813473,0.0015640129961371884,True
sce,San Antonio,34.09336562452708,-117.69790411356152,12.55,,Padua 220/66 System,,762.0,21.433,4.27,25.703,112.0,0.23,86.3,16.0,66.2849,18.7422,0.0625,0.0625,14.848,6366.0,1800.0,6.0,6.0,1426.0,Interconnection studies in this area have identified adequate deliverability.,,,False,True,1032,66,34.09297352,-117.6975826,0.05270184558840597,True
sce,San Bernardino,34.07996331212228,-117.23764594241688,12.55,,San Bernardino 220/66 System,,141.0,26.5,13.286,39.786,48.04,0.83,16.21,7.0,29.2744,38.2965,0.0631,0.2524,32.1136,464.0,607.0,1.0,4.0,509.0,Interconnection studies in this area have identified adequate deliverability.,,,False,True,8315,230,34.07961234,-117.238605,0.09656489465427864,True
sce,San Dimas,34.11660000071743,-117.80873800332525,12.55,,Padua 220/66 System,,764.0,22.141,4.796,26.937,77.57,0.35,68.26,11.0,63.7697,20.7914,0.0353,0.0883,15.3153,3610.0,1177.0,2.0,5.0,867.0,Interconnection studies in this area have identified adequate deliverability.,,,False,True,514,66,34.11718102,-117.807819,0.1064489363438607,True
sce,San Fernando,34.27478288631888,-118.45894781084884,16.98,,Saugus 220/66 System,,683.0,11.408,0.539,11.947,33.81,0.35,44.05,4.0,44.8729,31.7373,0.0424,0.0847,23.2627,1059.0,749.0,1.0,2.0,549.0,Interconnection studies in this area have identified adequate deliverability.,,,False,True,342,66,34.27357024,-118.4587732,0.13579130249043633,True
sce,San Gabriel,34.09850199548855,-118.1001490050346,,,Mesa 220/66 System,,415.0,3.005,0.177,3.183,13.44,0.24,21.82,8.0,68.4699,15.7923,0.0,0.0546,15.6831,1253.0,289.0,0.0,1.0,287.0,Interconnection studies in this area have identified adequate deliverability.,,,False,True,515,66,34.09869881,-118.1001833,0.022111424187171085,True
sce,San Marcos,34.45246099694084,-119.76092699738685,16.98,,Goleta 220/66 System,,715.0,17.039,2.44,19.478,38.9,0.5,22.92,5.0,51.4544,13.1868,0.0646,0.0,35.2941,796.0,204.0,1.0,0.0,546.0,Interconnection studies in this area have identified adequate deliverability.,,,False,True,1227,66,34.44918609,-119.8158694,5.0509597929687615,False
sce,San Marino,34.12812802631122,-118.09832528955953,,,Mesa 220/66 System,,416.0,1.0,0.026,1.026,4.7,0.22,8.35,4.0,64.0244,11.5854,0.0,0.0,24.3902,210.0,38.0,0.0,0.0,80.0,Interconnection studies in this area have identified adequate deliverability.,,,False,True,502,66,34.12177523,-118.0810745,1.7379527618000608,True
sce,San Miguel,34.25591599576859,-119.24186300527784,16.98,,Santa Clara 220/66 System,,709.0,10.512,9.259,19.772,62.7,0.32,58.63,8.0,41.8885,35.9618,0.1674,0.1005,21.8818,2502.0,2148.0,10.0,6.0,1307.0,Interconnection studies in this area have identified adequate deliverability.,,,False,True,1473,66,34.25607778,-119.2418917,0.01818186224967145,True
sce,Santa Barbara,34.4231526249233,-119.68520108969594,,,Goleta 220/66 System,,667.0,2.807,0.225,3.032,6.51,0.47,11.84,16.0,47.6247,14.8852,0.0396,0.0,37.4505,1203.0,376.0,1.0,0.0,946.0,Interconnection studies in this area have identified adequate deliverability.,,,False,True,1226,66,34.42331477,-119.6855987,0.04068329754848098,True
sce,Santa Fe Springs,33.94812011161199,-118.0586989805832,12.55,,Center 220/66 System,,963.0,10.219,8.968,19.188,101.31,0.19,92.81,14.0,48.3051,32.3917,0.1177,0.5885,18.597,2052.0,1376.0,5.0,25.0,790.0,Interconnection studies in this area have identified adequate deliverability.,,,False,True,517,66,33.948067,-118.058548,0.015127069980388458,True
sce,Santa Monica,34.01748553897002,-118.48837874947888,,,La Cienega 220/66 System,,499.0,0.231,0.0,0.231,6.39,0.04,24.56,16.0,43.3116,32.4837,0.0,0.0395,24.1652,2192.0,1644.0,0.0,2.0,1223.0,Interconnection studies in this area have identified adequate deliverability.,,,False,True,518,66,34.01725703,-118.4881591,0.0324876386865179,True
sce,Santa Rosa,33.74892700398827,-116.39217399990532,12.55,,Mirage 220/115 System,,1796.0,34.719,5.231,39.95,104.76,0.38,72.05,19.0,65.177,16.4742,0.0568,0.0189,18.2731,3442.0,870.0,3.0,1.0,965.0,Interconnection studies in this area have identified inadequate deliverability.,,,False,True,809,115,33.74781668,-116.3920917,0.12369665616144974,True
sce,Santa Susana,34.2805606995611,-118.71705922310277,16.98,,Saugus 220/66 System,,668.0,48.531,3.74,52.271,106.4,0.49,54.13,10.0,74.6605,15.5591,0.0578,0.0433,9.6793,5168.0,1077.0,4.0,3.0,670.0,Interconnection studies in this area have identified adequate deliverability.,,,False,True,1474,66,34.27956389,-118.7170861,0.1108676713459753,True
sce,Santiago,33.66524066144334,-117.76821018473662,12.55,,Santiago 220/66 System,,383.0,22.684,3.084,25.768,160.0,0.16,134.23,26.0,74.5402,9.6001,0.0,0.0169,15.8428,4418.0,569.0,0.0,1.0,939.0,Interconnection studies in this area have identified adequate deliverability.,,,False,True,7870,230,33.66489011,-117.7680577,0.04145542175659787,True
sce,Saticoy,34.30084292118649,-119.16720835318044,16.98,,Santa Clara 220/66 System,,670.0,23.773,12.094,35.867,44.04,0.81,14.53,6.0,71.8587,11.2003,0.6022,0.0401,16.2987,3580.0,558.0,30.0,2.0,812.0,Interconnection studies in this area have identified adequate deliverability.,,,False,True,1475,66,34.30061258,-119.1666234,0.059524412224461185,True
sce,Saugus,34.42305042378108,-118.57679738680848,16.98,,Saugus 220/66 System,,315.0,17.341,4.953,22.294,101.07,0.22,89.71,11.0,54.0327,25.3406,0.0,0.1362,20.4905,1983.0,930.0,0.0,5.0,752.0,Interconnection studies in this area have identified adequate deliverability.,,,False,True,7950,230,34.42200505,-118.5758575,0.14472024328475427,True
sce,Savage,34.472798199734534,-117.2935258989958,12.55,,Victor 220/115 System,,1676.0,34.951,3.471,38.422,104.44,0.37,67.98,14.0,74.3347,11.4345,0.0728,0.0312,14.1268,7151.0,1100.0,7.0,3.0,1359.0,Interconnection studies in this area have identified adequate deliverability.,,,False,True,1033,115,34.47410279,-117.2943238,0.1624599697018009,True
sce,Sawtelle,34.04774706504476,-118.45220285469668,16.98,,La Cienega 220/66 System,,524.0,2.785,0.032,2.817,25.84,0.11,53.18,5.0,47.7234,30.5228,0.0,0.0,21.7538,283.0,181.0,0.0,0.0,129.0,Interconnection studies in this area have identified adequate deliverability.,,,False,True,519,66,34.04746172,-118.4521968,0.03173382471772434,True
sce,Scout P.T.,34.31103076158852,-116.91893140838816,12.55,,Victor 220/115 System,,1569.0,0.0,0.0,0.0,0.02,0.0,0.3,1.0,0.0,75.0,0.0,0.0,25.0,0.0,3.0,0.0,0.0,1.0,Interconnection studies in this area have identified adequate deliverability.,,,True,False,2392,66,34.2614109,-116.8821987,6.467723599076202,False
sce,Seabright,33.77328789189247,-118.20462787528702,12.55,,Hinson 220/66 System,,910.0,1.138,0.647,1.785,18.47,0.1,35.71,8.0,57.1856,20.9581,0.0,0.0,21.8563,382.0,140.0,0.0,0.0,146.0,Interconnection studies in this area have identified adequate deliverability.,,,False,True,520,66,33.77253096,-118.203535,0.13148426658742154,True
sce,Searles,35.699336804497015,-117.39879756375676,34.5,,Kramer 220/115 System,,1794.0,20.487,7.93,28.417,20.99,1.35,0.0,1.0,0.0,37.5,0.0,0.0,62.5,0.0,3.0,0.0,0.0,5.0,Interconnection studies in this area have identified inadequate deliverability.,,,False,True,8719,66,35.70007801,-117.3987748,0.08244392110049766,True
sce,Second Avenue,33.69166725838854,-114.57157619474964,12.55,,Eagle Mountain 220/220 System,,1738.0,0.654,0.024,0.677,1.98,0.34,4.32,2.0,60.989,7.6923,0.0,0.0,31.3187,111.0,14.0,0.0,0.0,57.0,Interconnection studies in this area have identified inadequate deliverability.,,,False,True,2266,66,33.69094936,-114.5724676,0.11477730802978692,True
sce,Sepulveda,33.918899996678014,-118.3965350030493,16.98,,El Nido 220/66 System,,472.0,0.028,0.0,0.028,0.0,0.0,0.0,10.0,46.2927,29.0434,0.0384,0.2689,24.3565,1205.0,756.0,1.0,7.0,634.0,Interconnection studies in this area have identified adequate deliverability.,,,False,True,521,66,33.91903805,-118.3966925,0.021138733139385607,True
sce,Sespe P.T.,34.409905999642085,-118.93540972338351,,,Saugus 220/66 System,,1539.0,0.033,0.0,0.033,0.13,0.25,0.27,1.0,42.8571,0.0,28.5714,0.0,28.5714,3.0,0.0,2.0,0.0,2.0,Interconnection studies in this area have identified adequate deliverability.,,,True,False,1461,66,34.40884448,-118.9207778,1.3474853778440832,True
sce,Shandin,34.16994214942746,-117.33110163065926,12.55,,Vista 220/115 System,,748.0,26.503,8.298,34.801,72.8,0.48,38.0,11.0,77.7761,5.8623,0.0155,0.0465,16.2996,5015.0,378.0,1.0,3.0,1051.0,Interconnection studies in this area have identified adequate deliverability.,,,False,True,1034,115,34.16998056,-117.3302444,0.07898071910311188,True
sce,Shawnee,33.77335503678712,-118.01125537351678,12.55,,Barre 220/66 System,,983.0,17.114,12.005,29.119,44.8,0.65,15.68,10.0,79.2395,11.3395,0.0685,0.1713,9.1812,4626.0,662.0,4.0,10.0,536.0,Interconnection studies in this area have identified adequate deliverability.,,,False,True,719,66,33.77220888,-118.0120858,0.14877602310057214,True
sce,Sherwin,37.56199618416868,-118.67541707394592,12.55,,Inyo Sce 220/115 System,,205.0,1.248,0.105,1.353,2.08,0.65,3.65,2.0,60.1911,9.8726,0.0,0.0,29.9363,189.0,31.0,0.0,0.0,94.0,Interconnection studies in this area have identified inadequate deliverability.,,,False,True,630,115,37.56001389,-118.6747361,0.22844770681965254,True
sce,Shuttle,34.64344523991096,-118.16401266997,12.55,,Antelope 220/66 System,,584.0,50.473,3.805,54.278,72.83,0.75,46.52,14.0,75.6391,12.0838,0.0297,0.0149,12.2325,5089.0,813.0,2.0,1.0,823.0,Interconnection studies in this area have identified adequate deliverability.,,,False,True,523,66,34.64275724,-118.165005,0.11871592946662084,True
sce,Sierra Madre,34.15828981695313,-118.05452246502422,,,Rio Hondo 220/66 System,,417.0,1.194,0.091,1.285,4.15,0.31,7.87,4.0,72.9798,9.8485,0.0,0.0,17.1717,289.0,39.0,0.0,0.0,68.0,Interconnection studies in this area have identified adequate deliverability.,,,False,True,2049,66,34.15824526,-118.0545549,0.005783939350030167,True
sce,Signal Hill,33.811337811686506,-118.16816655498816,12.55,,Lighthipe 220/66 System,,873.0,1.525,0.079,1.604,4.52,0.36,5.07,7.0,43.4842,32.3731,0.0,0.4801,23.6626,634.0,472.0,0.0,7.0,345.0,Interconnection studies in this area have identified adequate deliverability.,,,False,True,524,66,33.81143827,-118.1682108,0.011894905037390083,True
sce,Silver Spur,33.69940144429198,-116.38453151272898,12.55,,Mirage 220/115 System,,1741.0,14.606,0.614,15.22,28.0,0.54,12.78,4.0,71.3124,13.9373,0.0,0.0,14.7503,1228.0,240.0,0.0,0.0,254.0,Interconnection studies in this area have identified inadequate deliverability.,,,False,True,773,66,33.69937449,-116.3863461,0.1678937449380271,True
sce,Sinker P.T.,37.32371886917248,-118.499682206711,12.55,,Inyo Sce 220/115 System,,2243.0,0.0,0.0,0.0,0.13,0.0,0.52,1.0,7.1429,0.0,0.0,0.0,92.8571,1.0,0.0,0.0,0.0,13.0,Interconnection studies in this area have identified inadequate deliverability.,,,True,False,1629,115,37.32303711,-118.5017679,0.19940020508776438,True
sce,Sixteenth Street,34.12892321681423,-117.30429340398936,12.55,,Vista 220/115 System,,1742.0,5.093,2.334,7.427,21.71,0.34,20.57,4.0,72.288,8.2183,0.0329,0.0,19.4609,2199.0,250.0,1.0,0.0,592.0,Interconnection studies in this area have identified adequate deliverability.,,,False,True,2006,115,34.1288882,-117.3043733,0.008321187061308154,True
sce,Skiland,37.63661913523276,-118.9649920577004,12.55,,Inyo Sce 220/115 System,,193.0,0.539,0.217,0.757,30.64,0.02,44.04,5.0,64.4244,17.7878,0.0451,0.0903,17.6524,1427.0,394.0,1.0,2.0,391.0,Interconnection studies in this area have identified inadequate deliverability.,,,False,True,628,115,37.64909166,-118.916775,4.466197258661185,False
sce,Skyborne P.T.,33.9634093828063,-116.56609080208187,12.55,,Devers 220/115 System,,1895.0,1.512,0.016,1.528,1.91,0.8,13.47,1.0,67.7966,4.2373,0.0,0.0,27.9661,80.0,5.0,0.0,0.0,33.0,Deliverability in this area has not been determined by previous interconnection studies.,,,True,False,8402,230,33.93693288,-116.5773326,3.1213251670264714,False
sce,Skylark,33.63157278371007,-117.29169251069688,12.55,,Valley 500/115 System,,1812.0,29.401,2.041,31.442,43.13,0.73,41.36,10.0,78.444,7.2211,0.0215,0.0,14.3133,3650.0,336.0,1.0,0.0,666.0,Deliverability in this area has not been determined by previous interconnection studies.,,,False,True,810,115,33.63091389,-117.2920056,0.07879140843874265,True
sce,Slater,33.69235866914367,-118.0169822483806,12.55,,Ellis 220/66 System,,1015.0,16.315,1.716,18.031,52.61,0.34,37.97,7.0,81.792,6.496,0.032,0.064,11.616,2556.0,203.0,1.0,2.0,363.0,Interconnection studies in this area have identified adequate deliverability.,,,False,True,720,66,33.69228199,-118.017185,0.02060491358892596,True
sce,Smiley,34.02806999785241,-117.16639300179828,,,San Bernardino 220/66 System,,785.0,1.321,0.129,1.449,2.18,0.66,4.15,2.0,89.7059,1.9608,0.0,0.0,8.3333,183.0,4.0,0.0,0.0,17.0,Interconnection studies in this area have identified adequate deliverability.,,,False,True,2018,66,34.02772415,-117.1653247,0.10569328891815231,True
sce,Snowcreek P.T.,33.904916760230016,-116.67595756755536,12.55,,Devers 220/115 System,,1560.0,0.321,0.35,0.671,0.48,1.4,0.33,1.0,65.2174,0.0,0.0,0.0,34.7826,15.0,0.0,0.0,0.0,8.0,Deliverability in this area has not been determined by previous interconnection studies.,,,True,False,2231,115,33.92158621,-116.6501837,3.01535703142518,False
sce,Solemint,34.45286218745676,-118.42267722553474,16.98,,Saugus 220/66 System,,693.0,24.746,1.931,26.677,44.62,0.6,29.32,6.0,72.9846,11.7782,0.0858,0.0572,15.0943,2553.0,412.0,3.0,2.0,528.0,Interconnection studies in this area have identified adequate deliverability.,,,False,True,526,66,34.45187222,-118.4225889,0.11037686998834909,True
sce,Somerset,33.87411213712543,-118.1429962772186,12.55,,Del Amo 220/66 System,,875.0,1.823,0.151,1.974,8.04,0.25,13.5,10.0,58.7028,20.8744,0.1026,0.0205,20.2997,2860.0,1017.0,5.0,1.0,989.0,Interconnection studies in this area have identified adequate deliverability.,,,False,True,527,66,33.87420269,-118.1429767,0.010229947697487559,True
sce,Somis,34.26477110560397,-119.0098096206216,16.98,,Santa Clara 220/66 System,,672.0,11.738,2.602,14.34,28.0,0.51,13.66,5.0,64.2672,11.2069,2.6293,0.0,21.8966,1491.0,260.0,61.0,0.0,508.0,Interconnection studies in this area have identified adequate deliverability.,,,False,True,1478,66,34.26427223,-119.0107556,0.10312339254551789,True
sce,Soper P.T.,33.86582283709328,-118.1191094431758,,,Del Amo 220/66 System,,1992.0,0.64,0.006,0.646,1.82,0.35,1.85,1.0,90.4977,4.5249,0.0,0.0,4.9774,200.0,10.0,0.0,0.0,11.0,Interconnection studies in this area have identified adequate deliverability.,,,True,False,398,66,33.88369974,-118.1203648,1.9911965346636145,True
sce,Sophie P.T.,33.72370748245825,-117.2959148993144,12.55,,Valley 500/115 System,,2228.0,1.265,0.138,1.403,7.43,0.19,8.6,1.0,79.8046,3.2573,0.0,0.0,16.9381,490.0,20.0,0.0,0.0,104.0,Deliverability in this area has not been determined by previous interconnection studies.,,,True,False,793,115,33.67438334,-117.3261806,6.157931494955811,False
sce,Soquel,33.96468399845458,-117.69453800145904,12.55,,Chino 220/66 System,,817.0,21.279,2.025,23.305,55.51,0.42,60.7,9.0,75.445,13.3272,0.0,0.1597,11.068,3306.0,584.0,0.0,7.0,485.0,Interconnection studies in this area have identified adequate deliverability.,,,False,True,1035,66,33.96403334,-117.6953973,0.10730643504521606,True
sce,South Gate,33.946621098135765,-118.21314454613564,,,Laguna Bell 220/66 System,,909.0,0.913,0.098,1.011,9.99,0.1,10.99,7.0,73.5513,11.245,0.0,0.0,15.2037,1282.0,196.0,0.0,0.0,265.0,Interconnection studies in this area have identified adequate deliverability.,,,False,True,2074,66,33.94710328,-118.213069,0.05406713625398877,True
sce,Southridge P.T.,33.79445005439098,-116.50266784848702,,,Devers 220/115 System,,1549.0,0.357,0.051,0.408,1.21,0.34,1.09,1.0,51.5152,18.1818,0.0,0.0,30.303,17.0,6.0,0.0,0.0,10.0,Deliverability in this area has not been determined by previous interconnection studies.,,,True,False,792,115,33.80795835,-116.4939389,1.7049035556779142,True
sce,Southwind,35.03149211101637,-118.3500052736917,12.55,,Windhub 220/66 System,,66.0,11.0,0.0,11.0,3.3,3.33,3.0,2.0,0.0,0.0,0.0,0.0,100.0,0.0,0.0,0.0,0.0,7.0,Interconnection studies in this area have identified adequate deliverability.,,,False,True,2205,66,35.03161988,-118.3514755,0.13461651772262334,True
sce,Stadium,33.771905998735384,-118.1000940007785,12.55,,Alamitos 220/66 System,,912.0,17.078,2.998,20.075,59.1,0.34,91.92,13.0,73.28,12.9464,0.0138,0.0276,13.7322,5315.0,939.0,1.0,2.0,996.0,Interconnection studies in this area have identified adequate deliverability.,,,False,True,8114,66,33.77135575,-118.1002338,0.06253449964140144,True
sce,Stadler,33.55765478275708,-117.20339744878916,12.55,,Valley 500/115 System,,1813.0,37.198,2.845,40.042,99.11,0.4,71.96,15.0,64.4525,21.4263,0.0158,0.0473,14.0581,4085.0,1358.0,1.0,3.0,891.0,Deliverability in this area has not been determined by previous interconnection studies.,,,False,True,811,115,33.55781389,-117.2032139,0.024541309230385135,True
sce,State Street,33.79016623411935,-118.1987541678778,12.55,,Hinson 220/66 System,,876.0,4.345,1.681,6.026,38.83,0.16,45.8,9.0,36.309,29.984,0.04,0.6805,32.9864,907.0,749.0,1.0,17.0,824.0,Interconnection studies in this area have identified adequate deliverability.,,,False,True,532,66,33.79018782,-118.1987019,0.005393673525496587,True
sce,Stetson,33.73329500445457,-117.00759399721343,12.55,,Valley 500/115 System,,811.0,35.351,3.816,39.167,98.13,0.4,61.63,14.0,72.53,7.8976,0.0156,0.0156,19.5411,4647.0,506.0,1.0,1.0,1252.0,Deliverability in this area has not been determined by previous interconnection studies.,,,False,True,812,115,33.73355277,-117.0073389,0.037121330928826766,True
sce,Stewart,33.94016034737311,-118.1405332828118,12.55,,Center 220/66 System,,964.0,8.85,4.784,13.635,68.0,0.2,54.37,9.0,56.1116,22.8693,0.0,0.182,20.8371,1850.0,754.0,0.0,6.0,687.0,Interconnection studies in this area have identified adequate deliverability.,,,False,True,533,66,33.94007948,-118.1405091,0.00926463904656738,True
sce,Stoddard,34.09969444150969,-117.29255556004196,,,San Bernardino 220/66 System,,763.0,0.718,0.032,0.749,4.97,0.15,27.25,7.0,73.5184,8.9272,0.0,0.0,17.5544,980.0,119.0,0.0,0.0,234.0,Interconnection studies in this area have identified adequate deliverability.,,,False,True,1036,66,34.10043039,-117.2927014,0.0829281722264691,True
sce,Strathmore,36.14663499587697,-119.05767500254356,12.55,,Springville 220/66 System,,585.0,10.185,11.959,22.144,13.26,1.67,33.86,5.0,40.9132,6.983,10.7878,0.0895,41.2265,914.0,156.0,241.0,2.0,921.0,Interconnection studies in this area have identified inadequate deliverability.,,,False,True,1436,66,36.14585279,-119.0579195,0.0897052049051137,True
sce,Stroh P.T.,33.83854905420777,-117.52165051890846,,,Mira Loma 220/66 System,,1568.0,0.157,0.012,0.169,0.7,0.24,0.58,1.0,95.3846,1.5385,0.0,1.5385,1.5385,62.0,1.0,0.0,1.0,1.0,Interconnection studies in this area have identified adequate deliverability.,,,True,False,786,66,33.84505856,-117.5377957,1.6575036081804901,True
sce,Styx P.T.,34.59965106449961,-117.20522467565172,12.55,,Victor 220/115 System,,1538.0,2.514,0.048,2.563,2.19,1.17,4.94,1.0,73.2558,2.7132,0.0,0.0,24.031,189.0,7.0,0.0,0.0,62.0,Interconnection studies in this area have identified adequate deliverability.,,,True,False,1993,66,34.51757917,-117.2156822,9.176085877876472,False
sce,Sugarloaf P.T.,35.84119712706771,-118.61610103815796,2.5,,Vestal 220/66 System,,1561.0,0.0,0.0,0.0,0.17,0.0,0.17,1.0,36.5385,5.7692,0.0,0.0,57.6923,19.0,3.0,0.0,0.0,30.0,Interconnection studies in this area have identified inadequate deliverability.,,,True,False,297,66,35.73837172,-118.5564021,12.638186610944906,False
sce,Sullivan,33.74482369756105,-117.90196420134929,12.55,,Ellis 220/66 System,,976.0,0.388,0.025,0.413,2.01,0.21,5.59,12.0,70.5708,15.45,0.027,0.027,13.9252,5230.0,1145.0,2.0,2.0,1032.0,Interconnection studies in this area have identified adequate deliverability.,,,False,True,722,66,33.74480503,-117.9019307,0.003728749763172005,True
sce,Sun City,33.68657428124284,-117.14683101567914,12.55,,Valley 500/115 System,,1887.0,39.715,1.788,41.502,73.12,0.57,42.5,10.0,82.7148,3.9601,0.0,0.0,13.325,3321.0,159.0,0.0,0.0,535.0,Deliverability in this area has not been determined by previous interconnection studies.,,,False,True,1876,115,33.687275,-117.1460111,0.10874686321224047,True
sce,Sunlight P.T.,33.87973365665105,-118.1768934648279,,,Lighthipe 220/66 System,,1567.0,0.017,0.0,0.017,0.0,0.0,0.0,1.0,,,,,,0.0,0.0,0.0,0.0,0.0,Interconnection studies in this area have identified adequate deliverability.,,,True,False,7982,66,33.88059892,-118.1750826,0.1928794813143013,True
sce,Sunny Dunes,33.813000583701175,-116.54362550571427,,,Devers 220/115 System,,1747.0,2.468,0.016,2.484,6.95,0.36,8.72,4.0,68.714,15.547,0.0,0.0,15.739,358.0,81.0,0.0,0.0,82.0,Deliverability in this area has not been determined by previous interconnection studies.,,,False,True,2026,66,33.81299035,-116.5435857,0.00384957063790216,True
sce,Sunnyside,33.85307933608597,-118.16722597153048,12.55,,Lighthipe 220/66 System,,907.0,12.661,2.906,15.567,58.78,0.26,46.83,17.0,68.2123,11.9011,0.0172,0.0343,19.8351,3972.0,693.0,1.0,2.0,1155.0,Interconnection studies in this area have identified adequate deliverability.,,,False,True,536,66,33.85318463,-118.1670673,0.018755581757435028,True
sce,Surrey U.G.S.,33.75575006143004,-118.3499964209899,,,La Fresa 220/66 System,,1564.0,0.247,0.0,0.247,0.47,0.52,1.25,1.0,51.3514,8.1081,0.0,0.0,40.5405,19.0,3.0,0.0,0.0,15.0,Interconnection studies in this area have identified adequate deliverability.,,,False,True,402,66,33.76694457,-118.3731939,2.479535788275835,False
sce,Tahiti,33.97735300085169,-118.43602700278474,16.98,,La Cienega 220/66 System,,544.0,0.103,0.852,0.955,16.97,0.06,21.45,4.0,62.6198,15.655,0.0,0.0,21.7252,392.0,98.0,0.0,0.0,136.0,Interconnection studies in this area have identified adequate deliverability.,,,False,True,7675,230,33.97773257,-118.436901,0.0909735868942731,True
sce,Tahquitz P.T.,33.706694509279565,-116.73267963167255,12.55,,Valley 500/115 System,,1573.0,0.367,0.002,0.369,0.6,0.61,0.63,1.0,28.2609,6.5217,0.0,0.0,65.2174,13.0,3.0,0.0,0.0,30.0,Deliverability in this area has not been determined by previous interconnection studies.,,,True,False,2359,66,33.70479568,-116.7312309,0.2500787022829008,True
sce,Talbert,33.7140820008966,-117.9197889959811,12.55,,Ellis 220/66 System,,965.0,4.82,3.784,8.604,54.08,0.16,61.4,7.0,62.6837,23.5886,0.0,0.9281,12.7997,1621.0,610.0,0.0,24.0,331.0,Interconnection studies in this area have identified adequate deliverability.,,,False,True,724,66,33.71452999,-117.920428,0.07729623829682516,True
sce,Tamarisk,33.79191236586689,-116.44988631108914,12.55,,Mirage 220/115 System,,1624.0,57.918,3.581,61.499,110.96,0.55,50.5,15.0,68.8834,13.7623,0.0289,0.0144,17.311,4775.0,954.0,2.0,1.0,1200.0,Interconnection studies in this area have identified inadequate deliverability.,,,False,True,813,115,33.791975,-116.4499445,0.00879887916882534,True
sce,Tapia,34.03632128875002,-118.68464815377833,16.98,,Moorpark 220/66 System,,550.0,2.906,0.424,3.33,16.78,0.2,47.07,3.0,44.6717,30.0323,0.0,0.0,25.296,415.0,279.0,0.0,0.0,235.0,Interconnection studies in this area have identified adequate deliverability.,,,False,True,537,66,34.03956,-118.697951,1.2775793372156083,True
sce,Tatanka P.T.,34.43997563487477,-119.61407210203724,,,Goleta 220/66 System,,1308.0,0.205,0.076,0.281,1.05,0.27,1.22,1.0,26.9231,15.3846,0.0,0.0,57.6923,7.0,4.0,0.0,0.0,15.0,Interconnection studies in this area have identified adequate deliverability.,,,True,False,1225,66,34.41838335,-119.5867362,3.4713658172227104,False
sce,Team,33.745052055991295,-117.99988488347098,12.55,,Barre 220/66 System,,979.0,9.616,4.021,13.637,41.48,0.33,31.16,6.0,71.4822,15.8015,0.0,0.0208,12.6954,3429.0,758.0,0.0,1.0,609.0,Interconnection studies in this area have identified adequate deliverability.,,,False,True,725,66,33.74497923,-117.9999129,0.008502115706245289,True
sce,Tejon Peak P.T.,34.78746751829648,-118.81914765786487,2.5,,Bailey 220/66 System,,1574.0,0.0,0.0,0.0,0.05,0.0,0.1,1.0,0.0,66.6667,0.0,0.0,33.3333,0.0,4.0,0.0,0.0,2.0,Interconnection studies in this area have identified adequate deliverability.,,,True,False,428,66,34.79054444,-118.8271055,0.8032208925658209,True
sce,Telegraph,33.932316996259004,-117.99226800438082,12.55,,Olinda 220/66 System,,1006.0,20.422,1.917,22.339,80.95,0.28,89.66,14.0,74.9638,12.1348,0.0579,0.0,12.8435,5183.0,839.0,4.0,0.0,888.0,Interconnection studies in this area have identified adequate deliverability.,,,False,True,538,66,33.93233405,-117.9920328,0.02178222055632594,True
sce,Temescal P.T.,33.82799849956841,-117.51667146058186,,,Mira Loma 220/66 System,,1582.0,0.595,0.128,0.723,1.47,0.49,6.78,3.0,63.5338,11.6541,0.0,0.0,24.812,169.0,31.0,0.0,0.0,66.0,Interconnection studies in this area have identified adequate deliverability.,,,True,False,1955,66,33.83390123,-117.4972091,1.9137688141149418,True
sce,Temple,34.106083373313496,-118.06831447177188,,,Mesa 220/66 System,,439.0,1.078,0.053,1.131,4.89,0.23,8.02,3.0,75.7241,13.6552,0.0,0.0,10.6207,549.0,99.0,0.0,0.0,77.0,Interconnection studies in this area have identified adequate deliverability.,,,False,True,2051,66,34.10617907,-118.0682685,0.011451875192893786,True
sce,Tenaja,33.58568591002949,-117.25518539978694,12.55,,Valley 500/115 System,,1771.0,25.749,0.681,26.43,35.91,0.74,29.57,7.0,84.4372,4.3072,0.0,0.0,11.2556,2078.0,106.0,0.0,0.0,277.0,Deliverability in this area has not been determined by previous interconnection studies.,,,False,True,2285,115,33.5841918,-117.2554484,0.1679142121124444,True
sce,Tennessee,34.02788977886522,-117.11081863473538,12.55,,San Bernardino 220/66 System,,758.0,17.466,5.268,22.734,32.76,0.69,33.27,6.0,73.9304,10.2801,0.0,0.1231,15.6664,2402.0,334.0,0.0,4.0,509.0,Interconnection studies in this area have identified adequate deliverability.,,,False,True,1038,115,34.02718056,-117.1112667,0.08901753864980369,True
sce,Terra Bella,35.963920922490146,-119.0194234862961,12.55,,Vestal 220/66 System,,586.0,4.14,1.362,5.502,19.93,0.28,50.5,4.0,48.5987,6.0823,6.0823,0.0,39.2367,815.0,102.0,102.0,0.0,658.0,Interconnection studies in this area have identified inadequate deliverability.,,,False,True,1437,66,35.96392382,-119.0184794,0.08496811520097466,True
sce,Terrace,34.05727507993439,-118.18238468977091,,,Mesa 220/66 System,,419.0,0.343,0.012,0.355,2.88,0.12,6.64,2.0,80.4348,4.9689,0.0,0.0,14.5963,259.0,16.0,0.0,0.0,47.0,Interconnection studies in this area have identified adequate deliverability.,,,False,True,2063,66,34.05746641,-118.1822514,0.024564123495956228,True
sce,Thornhill,33.81351258763198,-116.53266202407576,12.55,,Devers 220/115 System,,1745.0,14.462,1.241,15.703,48.72,0.32,40.3,7.0,57.1742,22.5538,0.0,0.0439,20.2282,1303.0,514.0,0.0,1.0,461.0,Deliverability in this area has not been determined by previous interconnection studies.,,,False,True,815,115,33.81365833,-116.5320444,0.05931688260214005,True
sce,Thousand Oaks,34.188342099993754,-118.87204455280695,16.98,,Moorpark 220/66 System,,703.0,34.51,2.511,37.021,104.63,0.35,74.98,10.0,69.9858,16.9263,0.085,0.0,13.0028,4941.0,1195.0,6.0,0.0,918.0,Interconnection studies in this area have identified adequate deliverability.,,,False,True,1453,66,34.18755642,-118.8717579,0.09125563800287333,True
sce,Three Rivers,36.45169228357878,-118.89043935860252,12.55,,Rector 220/66 System,,609.0,2.201,0.147,2.348,6.93,0.34,6.65,2.0,51.2568,11.5847,0.1093,0.0,37.0492,469.0,106.0,1.0,0.0,339.0,Interconnection studies in this area have identified inadequate deliverability.,,,False,True,1438,66,36.45348612,-118.8879166,0.30115995274396257,True
sce,Timberwine,37.13603914241052,-119.26106387118564,12.55,,Big Creek 220/220 System,,620.0,0.108,0.0,0.108,1.22,0.09,13.89,2.0,78.1938,5.7269,0.8811,0.0,15.1982,355.0,26.0,4.0,0.0,69.0,Interconnection studies in this area have identified inadequate deliverability.,,,False,True,1633,230,37.20395556,-119.242925,7.721088402504047,False
sce,Timoteo,34.062377610723054,-117.24403188200333,12.55,,San Bernardino 220/66 System,,732.0,35.347,7.586,42.933,71.29,0.6,57.87,13.0,64.537,15.9144,0.0498,0.0166,19.4822,3889.0,959.0,3.0,1.0,1174.0,Interconnection studies in this area have identified adequate deliverability.,,,False,True,8136,115,34.06215802,-117.244171,0.02757600947258435,True
sce,Tippecanoe,34.12086699889711,-117.25843800399126,,,San Bernardino 220/66 System,,769.0,1.049,0.117,1.165,5.86,0.2,5.51,4.0,82.8467,4.4708,0.0,0.0,12.6825,908.0,49.0,0.0,0.0,139.0,Interconnection studies in this area have identified adequate deliverability.,,,False,True,2008,66,34.12095856,-117.2583267,0.014444167707383253,True
sce,Tipton,36.05173057551146,-119.30475034619822,12.55,,Springville 220/66 System,,587.0,16.849,12.136,28.985,25.8,1.12,27.01,6.0,30.6537,3.5336,21.8198,0.265,43.7279,347.0,40.0,247.0,3.0,495.0,Interconnection studies in this area have identified inadequate deliverability.,,,False,True,1439,66,36.05188566,-119.304212,0.051377511991493874,True
sce,Topaz,33.82759337136988,-118.3760024228016,,,La Fresa 220/66 System,,541.0,2.044,0.084,2.128,5.29,0.4,22.66,6.0,75.9322,8.5876,0.0,0.0,15.4802,672.0,76.0,0.0,0.0,137.0,Interconnection studies in this area have identified adequate deliverability.,,,False,True,541,66,33.82781208,-118.3765776,0.058431265699022704,True
sce,Torrance,33.829617505342334,-118.34459467876938,16.98,,La Fresa 220/66 System,,542.0,9.229,3.441,12.67,67.86,0.19,88.13,10.0,51.8416,27.5842,0.0198,0.1386,20.4158,2618.0,1393.0,1.0,7.0,1031.0,Interconnection studies in this area have identified adequate deliverability.,,,False,True,542,66,33.82984666,-118.344309,0.03668234504962062,True
sce,Tortilla,34.86459543703928,-117.03035745997872,12.55,,Kramer 220/115 System,,1928.0,10.587,2.177,12.764,36.2,0.35,43.24,8.0,69.2892,10.2139,0.069,0.069,20.3589,2008.0,296.0,2.0,2.0,590.0,Interconnection studies in this area have identified inadequate deliverability.,,,False,True,1039,66,34.86323332,-117.0309806,0.1617794198620715,True
sce,Trask,33.76640699726132,-117.97981700324527,12.55,,Barre 220/66 System,,1011.0,18.403,4.075,22.477,79.83,0.28,78.32,12.0,71.5129,16.0627,0.0073,0.0219,12.3952,9808.0,2203.0,1.0,3.0,1700.0,Interconnection studies in this area have identified adequate deliverability.,,,False,True,726,66,33.76616302,-117.979563,0.03587853868943221,True
sce,Triton,33.542546289503576,-117.11486165160484,12.55,,Valley 500/115 System,,1889.0,29.959,1.55,31.509,52.27,0.6,24.49,7.0,86.089,5.3752,0.0,0.0,8.5358,4004.0,250.0,0.0,0.0,397.0,Deliverability in this area has not been determined by previous interconnection studies.,,,False,True,804,115,33.503775,-117.1404167,4.919147918468659,False
sce,Trona,35.77288627156985,-117.37016716637036,12.55,,Kramer 220/115 System,,1755.0,0.439,0.98,1.419,1.85,0.77,4.19,2.0,63.3411,5.1044,0.0,0.0,31.5545,273.0,22.0,0.0,0.0,136.0,Interconnection studies in this area have identified inadequate deliverability.,,,False,True,1829,115,35.76488065,-117.3754457,1.009569366688987,True
sce,Trophy,34.039299427293365,-117.81990120259648,12.55,,Chino 220/66 System,,770.0,13.017,5.876,18.893,45.73,0.41,53.91,9.0,70.8361,12.7386,0.0,0.0987,16.3265,2152.0,387.0,0.0,3.0,496.0,Interconnection studies in this area have identified adequate deliverability.,,,False,True,1697,66,34.04077632,-117.8218358,0.24237264854616547,True
sce,Tulare,36.21283164375503,-119.32989254472216,12.55,,Rector 220/66 System,,589.0,57.525,10.037,67.562,108.68,0.62,44.44,15.0,74.4711,8.957,0.8109,0.028,15.7331,7990.0,961.0,87.0,3.0,1688.0,Interconnection studies in this area have identified inadequate deliverability.,,,False,True,1440,66,36.21327501,-119.3305945,0.07997785638180634,True
sce,Tumbleweed P.T.,35.34632039954138,-117.6399305395016,2.5,,Kramer 220/115 System,,1583.0,0.008,0.0,0.008,0.2,0.04,0.68,1.0,51.1628,6.9767,0.0,0.0,41.8605,22.0,3.0,0.0,0.0,18.0,Interconnection studies in this area have identified inadequate deliverability.,,,True,False,1678,66,35.62202485,-117.6883033,30.968218643870898,False
sce,Twentynine Palms,34.13828285410125,-116.05370462325484,12.55,,Devers 220/115 System,,1758.0,0.312,0.039,0.351,1.47,0.24,4.65,4.0,61.5066,11.755,0.0,0.0,26.7384,743.0,142.0,0.0,0.0,323.0,Deliverability in this area has not been determined by previous interconnection studies.,,,False,True,2017,115,34.13779814,-116.0537102,0.0539001926678533,True
sce,Tyburn P.T.,33.76234082276714,-118.4150374659854,,,La Fresa 220/66 System,,1577.0,0.207,0.0,0.207,0.53,0.39,3.54,1.0,74.4681,4.2553,0.0,0.0,21.2766,35.0,2.0,0.0,0.0,10.0,Interconnection studies in this area have identified adequate deliverability.,,,True,False,463,66,33.747174,-118.38898,2.9406708507899757,False
sce,Universal,34.143280476249465,-118.3563502272626,12.55,,Eagle Rock 220/66 System,,714.0,0.604,0.0,0.604,1.18,0.51,27.4,2.0,0.0,70.0,0.0,0.0,30.0,0.0,28.0,0.0,0.0,12.0,Interconnection studies in this area have identified adequate deliverability.,,,False,True,548,66,34.14297885,-118.3573966,0.1019703816497646,True
sce,Upland,34.09358500389584,-117.65009700275988,12.55,,Padua 220/66 System,,767.0,2.078,0.091,2.169,8.58,0.25,11.83,16.0,71.7875,14.6594,0.0576,0.0,13.4954,6229.0,1272.0,5.0,0.0,1171.0,Interconnection studies in this area have identified adequate deliverability.,,,False,True,1040,66,34.093625,-117.650043,0.006671370571864031,True
sce,Vail,34.00650048394172,-118.12826806795012,16.98,,Laguna Bell 220/66 System,,443.0,12.977,6.035,19.012,106.4,0.18,87.39,10.0,50.6883,25.2121,0.0,0.0566,24.043,2688.0,1337.0,0.0,3.0,1275.0,Interconnection studies in this area have identified adequate deliverability.,,,False,True,549,66,34.00677528,-118.1278159,0.051680417861612885,True
sce,Valdez,34.14792376295858,-118.6317477698814,16.98,,Moorpark 220/66 System,,506.0,22.571,3.679,26.25,81.77,0.32,85.75,9.0,62.9063,16.0892,0.0,0.0,21.0046,2342.0,599.0,0.0,0.0,782.0,Interconnection studies in this area have identified adequate deliverability.,,,False,True,550,66,34.14776836,-118.6317992,0.017916432823511526,True
sce,Valley Of The Moon P.T.,34.24334825125187,-117.25983834866324,2.5,,Vista 220/115 System,,1585.0,0.13,0.006,0.136,0.98,0.14,0.86,1.0,50.0,0.0,0.0,0.0,50.0,23.0,0.0,0.0,0.0,23.0,Interconnection studies in this area have identified adequate deliverability.,,,True,False,1995,66,34.24286195,-117.2854823,2.3578151471421873,False
sce,Valley,33.74010469194348,-117.15614491519052,12.55,,Valley 500/115 System,,347.0,43.397,8.752,52.149,72.8,0.72,20.65,10.0,81.0678,4.6184,0.0491,0.0491,14.2155,4950.0,282.0,3.0,3.0,868.0,Deliverability in this area has not been determined by previous interconnection studies.,,,False,True,816,115,33.73999442,-117.1561138,0.012594700810958658,True
sce,Vanderlip P.T.,33.74749758577968,-118.37109828367488,2.5,,La Fresa 220/66 System,,1587.0,0.023,0.0,0.023,0.17,0.14,0.14,1.0,26.087,0.0,0.0,0.0,73.913,6.0,0.0,0.0,0.0,17.0,Interconnection studies in this area have identified adequate deliverability.,,,True,False,463,66,33.747174,-118.38898,1.6537005505843847,True
sce,Vegas,34.449549339284125,-119.815908448548,16.98,,Goleta 220/66 System,,704.0,14.627,4.422,19.049,38.53,0.49,31.35,5.0,49.705,19.6165,0.0983,0.0,30.5801,1011.0,399.0,2.0,0.0,622.0,Interconnection studies in this area have identified adequate deliverability.,,,False,True,1227,66,34.44918609,-119.8158694,0.04054986605258779,True
sce,Venice Hill,36.4152409069544,-119.18981522163924,12.55,,Rector 220/66 System,,590.0,6.676,2.478,9.154,24.69,0.37,35.65,5.0,46.2028,8.6794,12.645,0.2245,32.2484,1235.0,232.0,338.0,6.0,862.0,Interconnection studies in this area have identified inadequate deliverability.,,,False,True,1441,66,36.41429483,-119.1891356,0.12151231273688207,True
sce,Venida,36.32538250623872,-119.13453725693633,12.55,,Rector 220/66 System,,591.0,21.994,6.428,28.422,49.81,0.57,27.58,8.0,53.9061,8.5021,7.968,0.0668,29.5571,2422.0,382.0,358.0,3.0,1328.0,Interconnection studies in this area have identified inadequate deliverability.,,,False,True,1442,66,36.32536944,-119.1345972,0.005563131838339943,True
sce,Vera,33.76554057259821,-117.9282905316424,12.55,,Ellis 220/66 System,,915.0,7.939,4.17,12.11,55.72,0.22,43.61,7.0,71.4895,16.544,0.0589,0.0147,11.8928,4857.0,1124.0,4.0,1.0,808.0,Interconnection studies in this area have identified adequate deliverability.,,,False,True,727,66,33.76550798,-117.928479,0.01779468537602774,True
sce,Verdant,33.41784425716497,-114.72418516485564,12.55,,Eagle Mountain 220/220 System,,1760.0,0.217,0.0,0.217,2.98,0.07,5.03,2.0,51.6432,6.1033,0.939,0.0,41.3146,110.0,13.0,2.0,0.0,88.0,Interconnection studies in this area have identified inadequate deliverability.,,,False,True,2379,500,33.57898011,-114.8159277,19.834396955928142,False
sce,Vestal,35.84537261092941,-119.085204100882,12.55,,Vestal 220/66 System,,308.0,171.493,92.71,264.204,181.54,1.46,295.8,4.0,28.5714,9.1837,14.5408,0.0,47.7041,112.0,36.0,57.0,0.0,187.0,Interconnection studies in this area have identified inadequate deliverability.,,,False,True,8866,66,35.84173559,-119.085093,0.40454224388166576,True
sce,Via Huerto P.T.,34.42852551056769,-119.78481610250216,,,Goleta 220/66 System,,1588.0,0.167,0.066,0.233,0.49,0.48,0.52,1.0,72.7273,9.0909,0.0,0.0,18.1818,8.0,1.0,0.0,0.0,2.0,Interconnection studies in this area have identified adequate deliverability.,,,True,False,1227,66,34.44918609,-119.8158694,3.658907724276097,False
sce,Victor,34.506298377401684,-117.3891430075162,12.55,,Victor 220/115 System,,1622.0,426.235,115.765,542.001,731.61,0.74,578.0,23.0,87.5674,3.9569,0.0076,0.0152,8.453,11530.0,521.0,1.0,2.0,1113.0,Interconnection studies in this area have identified adequate deliverability.,,,False,True,7659,230,34.50498671,-117.3883741,0.161977208323608,True
sce,Victoria,33.85900132801055,-118.3741593441038,16.98,,La Fresa 220/66 System,,501.0,11.616,1.497,13.113,67.49,0.19,65.29,9.0,54.472,23.2384,0.0202,0.0,22.2693,2698.0,1151.0,1.0,0.0,1103.0,Interconnection studies in this area have identified adequate deliverability.,,,False,True,553,66,33.85885406,-118.3742046,0.01690023924815109,True
sce,Victorville,34.53540675853123,-117.294669774305,12.55,,Victor 220/115 System,,1762.0,0.549,0.031,0.58,1.42,0.41,4.42,9.0,63.4084,14.1096,0.0,0.085,22.3969,1492.0,332.0,0.0,2.0,527.0,Interconnection studies in this area have identified adequate deliverability.,,,False,True,1994,66,34.53535066,-117.2951374,0.04328621440837848,True
sce,Viejo,33.66606548376288,-117.64214978596888,12.55,,Viejo 220/66 System,,1014.0,110.707,16.906,127.613,297.2,0.43,432.39,8.0,73.8064,15.9325,0.0,0.0791,10.182,2798.0,604.0,0.0,3.0,386.0,Interconnection studies in this area have identified adequate deliverability.,,,False,True,7732,66,33.66696983,-117.6424057,0.10331005499862159,True
sce,Villa Park,33.81402700329047,-117.8345340031481,12.55,,Villa Park 220/66 System,,368.0,185.056,24.04,209.096,730.17,0.29,630.9,13.0,69.0928,18.9287,0.0117,0.211,11.7557,5895.0,1615.0,1.0,18.0,1003.0,Interconnection studies in this area have identified adequate deliverability.,,,False,True,7866,230,33.81546184,-117.8344187,0.15990177478702214,True
sce,Vogan P.T.,33.84219925462069,-118.13016962305164,,,Del Amo 220/66 System,,1995.0,0.365,0.0,0.365,0.64,0.57,0.63,1.0,93.1818,0.0,0.0,0.0,6.8182,82.0,0.0,0.0,0.0,6.0,Interconnection studies in this area have identified adequate deliverability.,,,True,False,459,66,33.84235695,-118.1205988,0.8840928992966227,True
sce,Wabash,34.04484523957108,-118.18648075138452,16.98,,Mesa 220/66 System,,421.0,1.355,1.974,3.329,24.1,0.14,52.67,4.0,55.9857,17.7778,0.0,0.1434,26.0932,781.0,248.0,0.0,2.0,364.0,Interconnection studies in this area have identified adequate deliverability.,,,False,True,555,66,34.0451314,-118.1864239,0.03224784319734954,True
sce,Wakefield,34.35645499933594,-119.05588600318704,16.98,,Santa Clara 220/66 System,,711.0,7.998,4.223,12.221,36.28,0.34,43.78,5.0,43.6364,16.2987,1.039,0.0649,38.961,672.0,251.0,16.0,1.0,600.0,Interconnection studies in this area have identified adequate deliverability.,,,False,True,1482,66,34.35644199,-119.055903,0.002127657541311435,True
sce,Walker Basin,35.41194348178334,-118.49270940903466,12.55,,Windhub 220/66 System,,594.0,0.068,0.0,0.068,0.32,0.21,2.73,1.0,55.814,6.9767,0.0,0.0,37.2093,24.0,3.0,0.0,0.0,16.0,Interconnection studies in this area have identified adequate deliverability.,,,False,True,310,66,35.41102545,-118.492508,0.10369949744264251,True
sce,Walnut,34.008157000711364,-117.94978300159596,12.55,,Walnut 220/66 System,,289.0,21.988,8.537,30.525,89.81,0.34,70.28,12.0,73.7843,13.0996,0.0165,0.0827,13.0169,4461.0,792.0,1.0,5.0,787.0,Interconnection studies in this area have identified adequate deliverability.,,,False,True,7990,66,34.00827438,-117.9499671,0.021408309107875598,True
sce,Walteria,33.791825341925005,-118.32361074976014,16.98,,La Fresa 220/66 System,,503.0,2.132,0.075,2.207,6.92,0.32,16.59,13.0,64.9549,15.631,0.0483,0.0644,19.3014,4035.0,971.0,3.0,4.0,1199.0,Interconnection studies in this area have identified adequate deliverability.,,,False,True,556,66,33.79195901,-118.323487,0.01875341773987233,True
sce,Washington,33.75680600416409,-117.8592219959398,12.55,,Villa Park 220/66 System,,968.0,5.74,0.288,6.028,41.49,0.15,38.77,7.0,66.0232,19.0905,0.0,0.0215,14.8649,3078.0,890.0,0.0,1.0,693.0,Interconnection studies in this area have identified adequate deliverability.,,,False,True,728,66,33.75604993,-117.8593889,0.0854758472331041,True
sce,Watson,33.807991928350866,-118.26203446826712,12.55,,Hinson 220/66 System,,879.0,2.402,6.653,9.054,27.26,0.33,46.95,7.0,50.8893,24.7036,0.0,0.5929,23.8142,515.0,250.0,0.0,6.0,241.0,Interconnection studies in this area have identified adequate deliverability.,,,False,True,558,66,33.80809399,-118.2617246,0.03079681201502482,True
sce,Wave,33.665189014042795,-117.99721384787416,12.55,,Ellis 220/66 System,,941.0,0.014,0.0,0.014,0.0,0.0,0.0,6.0,80.7183,6.7738,0.0,0.0,12.5079,2562.0,215.0,0.0,0.0,397.0,Interconnection studies in this area have identified adequate deliverability.,,,False,True,729,66,33.66558697,-117.997429,0.04852414249614503,True
sce,Weesha P.T.,34.17485310005095,-116.94889555669124,2.5,,El Casco 220/115 System,,1763.0,0.0,0.0,0.0,0.11,0.0,0.25,1.0,61.7647,0.0,5.8824,0.0,32.3529,21.0,0.0,2.0,0.0,11.0,Deliverability in this area has not been determined by previous interconnection studies.,,,True,False,2272,66,34.1957231,-116.9123756,4.0828591396866525,False
sce,Weldon,35.6652036468452,-118.263673877955,12.55,,Vestal 220/66 System,,612.0,1.432,0.028,1.46,3.69,0.4,26.54,2.0,49.8299,6.4626,0.0,0.0,43.7075,293.0,38.0,0.0,0.0,257.0,Interconnection studies in this area have identified inadequate deliverability.,,,False,True,311,66,35.66663278,-118.2628215,0.17658562525436133,True
sce,West Barstow,34.892183998090665,-117.04953799793496,,,Kramer 220/115 System,,1764.0,0.866,0.0,0.866,1.77,0.49,1.63,2.0,73.3496,8.0685,0.2445,0.0,18.3374,300.0,33.0,1.0,0.0,75.0,Interconnection studies in this area have identified inadequate deliverability.,,,False,True,2013,66,34.89160541,-117.049312,0.06755735199568873,True
sce,Westend P.T.,35.71685256984399,-117.39855653314392,12.55,,Kramer 220/115 System,,1594.0,0.023,0.0,0.023,0.07,0.34,0.98,1.0,61.5385,0.0,0.0,0.0,38.4615,8.0,0.0,0.0,0.0,5.0,Interconnection studies in this area have identified inadequate deliverability.,,,True,False,1828,115,35.70415183,-117.3933603,1.4881462814343507,True
sce,Westfall P.M.,34.45401946062403,-119.74406674690124,,,Goleta 220/66 System,,1604.0,1.073,0.047,1.119,1.5,0.75,0.38,1.0,60.3774,7.5472,0.0,0.0,32.0755,32.0,4.0,0.0,0.0,17.0,Interconnection studies in this area have identified adequate deliverability.,,,False,True,1839,66,34.4041565,-119.7265495,5.772590638093159,False
sce,Wheatland,35.90907032166305,-119.14539393508598,12.55,,Vestal 220/66 System,,607.0,2.318,8.917,11.235,25.72,0.44,16.77,3.0,25.9819,10.8761,21.148,0.0,41.994,86.0,36.0,70.0,0.0,139.0,Interconnection studies in this area have identified inadequate deliverability.,,,False,True,1444,66,35.91083611,-119.1444611,0.21356517733230096,True
sce,Whipple,34.2942366466893,-114.173217778462,34.5,,Parker 161/66 System,,1847.0,0.152,0.0,0.152,6.49,0.02,11.82,1.0,0.0,0.0,0.0,0.0,100.0,0.0,0.0,0.0,0.0,1.0,Interconnection studies in this area have identified inadequate deliverability.,,,False,True,8664,66,34.29381921,-114.1724881,0.08153372677556413,True
sce,White Mt.,37.41111132174783,-118.1871065087802,12.55,,Inyo Sce 220/115 System,,206.0,0.0,0.0,0.0,0.05,0.0,2.0,1.0,0.0,50.0,0.0,0.0,50.0,0.0,2.0,0.0,0.0,2.0,Interconnection studies in this area have identified inadequate deliverability.,,,False,True,2311,66,37.41164719,-118.1861367,0.10434192790655314,True
sce,Whitewater,33.91842053947277,-116.6515872432899,,,Devers 220/115 System,,1767.0,0.036,0.0,0.036,0.34,0.1,0.96,1.0,10.6383,21.2766,0.0,0.0,68.0851,5.0,10.0,0.0,0.0,32.0,Deliverability in this area has not been determined by previous interconnection studies.,,,False,True,2231,115,33.92158621,-116.6501837,0.37507419418222643,True
sce,Wilsona,34.57779896780533,-117.71848290632536,12.55,,Antelope 220/66 System,,700.0,2.598,13.022,15.62,6.73,2.32,0.0,2.0,72.5877,3.2895,0.0,0.0,24.1228,331.0,15.0,0.0,0.0,110.0,Interconnection studies in this area have identified adequate deliverability.,,,False,True,562,66,34.5793131,-117.7197077,0.2022871449508226,True
sce,Wimbledon,34.04876699907538,-117.52602400147798,12.55,,Etiwanda 220/66 System,,815.0,15.591,10.724,26.315,97.72,0.27,74.49,13.0,74.5902,12.3307,0.0,0.6415,12.4376,2093.0,346.0,0.0,18.0,349.0,Interconnection studies in this area have identified adequate deliverability.,,,False,True,1041,66,34.04854595,-117.5249344,0.10335241626345651,True
sce,Windsor Hills,33.99634800774487,-118.3595474791942,,,La Cienega 220/66 System,,505.0,2.994,0.221,3.215,8.54,0.38,10.29,9.0,61.3578,17.9817,0.0734,0.0,20.5872,1672.0,490.0,2.0,0.0,561.0,Interconnection studies in this area have identified adequate deliverability.,,,False,True,8143,230,33.99598484,-118.3591931,0.05194282925741808,True
sce,Woodruff,33.89984786906628,-118.11810450380652,,,Del Amo 220/66 System,,899.0,3.12,0.205,3.324,11.26,0.3,11.68,6.0,86.7762,3.8341,0.0,0.0,9.3897,1109.0,49.0,0.0,0.0,120.0,Interconnection studies in this area have identified adequate deliverability.,,,False,True,2060,66,33.89973377,-118.1184703,0.03606579985945895,True
sce,Woodville,36.08093763508664,-119.1798849314082,12.55,,Springville 220/66 System,,595.0,5.218,11.46,16.678,14.37,1.16,39.32,6.0,43.1655,6.6347,11.3509,0.0,38.8489,540.0,83.0,142.0,0.0,486.0,Interconnection studies in this area have identified inadequate deliverability.,,,False,True,1445,66,36.08056666,-119.1791443,0.07830425836222743,True
sce,Wrightwood,34.358789089374774,-117.62455154914956,2.5,,Victor 220/115 System,,1773.0,0.544,0.017,0.56,3.12,0.18,3.19,5.0,76.226,6.6098,0.0,0.0,17.1642,715.0,62.0,0.0,0.0,161.0,Interconnection studies in this area have identified adequate deliverability.,,,False,True,1025,115,34.42411111,-117.555725,9.625073010029356,False
sce,Yacht P.T.,33.60777944311863,-117.88379972383537,,,Santiago 220/66 System,,2224.0,0.23,0.015,0.246,1.86,0.13,3.5,1.0,80.3625,7.7039,0.0,0.0,11.9335,532.0,51.0,0.0,0.0,79.0,Interconnection studies in this area have identified adequate deliverability.,,,True,False,683,66,33.60815162,-117.8651633,1.7263791601552751,True
sce,Yankee P.T.,35.62331865392004,-118.4183870538017,2.5,,Vestal 220/66 System,,1605.0,0.0,0.0,0.0,0.03,0.0,0.05,1.0,0.0,66.6667,0.0,0.0,33.3333,0.0,2.0,0.0,0.0,1.0,Interconnection studies in this area have identified inadequate deliverability.,,,True,False,299,66,35.63265859,-118.478256,5.509783099303157,False
sce,Yermo,34.90380430987028,-116.8304800221454,12.55,,Kramer 220/115 System,,1769.0,0.475,0.095,0.57,5.25,0.11,4.68,2.0,54.6875,6.25,0.0,0.0,39.0625,105.0,12.0,0.0,0.0,75.0,Interconnection studies in this area have identified inadequate deliverability.,,,False,True,2273,66,34.9030172,-116.8293583,0.1346257641879373,True
sce,Yorba Linda,33.88733323649356,-117.78769347091476,12.55,,Villa Park 220/66 System,,994.0,29.696,3.0,32.695,64.66,0.51,51.3,10.0,78.3016,14.8501,0.0,0.0721,6.7762,5431.0,1030.0,0.0,5.0,470.0,Interconnection studies in this area have identified adequate deliverability.,,,False,True,730,66,33.88892101,-117.788148,0.18146906469340895,True
sce,Yucaipa,34.011475002600925,-117.05063600106736,12.55,,San Bernardino 220/66 System,,768.0,34.628,14.248,48.876,82.1,0.6,51.92,11.0,77.0019,8.0623,0.082,0.041,14.8128,5635.0,590.0,6.0,3.0,1084.0,Interconnection studies in this area have identified adequate deliverability.,,,False,True,817,66,34.01056535,-117.0513646,0.12141307463522581,True
sce,Yucca,34.110269990643474,-116.42393043693389,12.55,,Devers 220/115 System,,1770.0,21.193,2.351,23.545,39.93,0.59,21.26,5.0,67.0654,11.1491,0.0,0.0,21.7856,3140.0,522.0,0.0,0.0,1020.0,Deliverability in this area has not been determined by previous interconnection studies.,,,False,True,2016,115,34.1359889,-116.3156637,10.368256944123642,False
sce,Yukon,33.91848197061967,-118.33419932399528,16.98,,La Fresa 220/66 System,,512.0,1.995,0.144,2.139,10.3,0.21,20.36,16.0,61.6939,16.2579,0.0,0.0681,21.98,2717.0,716.0,0.0,3.0,968.0,Interconnection studies in this area have identified adequate deliverability.,,,False,True,563,66,33.91887059,-118.3345922,0.05640492041525491,True
sce,Zack,37.61765946953557,-118.39812584301389,12.55,,Inyo Sce 220/115 System,,195.0,2.142,1.054,3.196,3.07,1.04,10.8,2.0,54.3605,9.8837,0.5814,0.0,35.1744,187.0,34.0,2.0,0.0,121.0,Interconnection studies in this area have identified inadequate deliverability.,,,False,True,1606,230,37.54586828,-118.5899655,18.69498075547207,False
sce,Zanja,34.0771012471024,-117.0482596650986,34.5,,El Casco 220/115 System,,1795.0,0.192,0.038,0.231,2.21,0.1,27.77,1.0,10.5263,10.5263,0.0,0.0,78.9474,2.0,2.0,0.0,0.0,15.0,Deliverability in this area has not been determined by previous interconnection studies.,,,False,True,1042,115,34.07434697,-117.047645,0.3114500498891538,True
sce,Ziggy P.T.,34.98711204178539,-117.53998139159704,12.55,,Kramer 220/115 System,,2054.0,0.0,0.0,0.0,0.04,0.0,0.17,1.0,0.0,85.7143,0.0,0.0,14.2857,0.0,6.0,0.0,0.0,1.0,Interconnection studies in this area have identified inadequate deliverability.,,,True,False,7904,230,34.98945554,-117.5423921,0.3407845252131303,True
sdge,Alpine,32.83888956328325,-116.7726717306921,12.0,69/12 kV,,,,57.018,1.127,58.144000000000005,36.80796,97.0,,,,,,,,,,,,,,,,False,True,1044,66,32.82773264,-116.7898943,2.0318425036120047,False
sdge,Artesian Ranch,33.0090573314948,-117.15110528451538,12.0,230/69/12/4 kV,,,,52.121,0.7050000000000001,52.826,41.51362,88.0,,,,,,,,,,,,,,,,False,True,2038,66,33.02116972,-117.1342178,2.0720267343786625,False
sdge,Ash,33.15561669691165,-117.064835218363,12.0,69/12 kV,,,,59.898,2.918,62.816,75.77945,68.0,,,,,,,,,,,,,,,,False,True,1045,66,33.13668611,-117.0703361,2.16639064092914,False
sdge,Avocado,33.415534714356774,-117.24519473718068,12.0,69/12 kV,,,,31.459000000000003,1.337,32.795,31.49531,52.0,,,,,,,,,,,,,,,,False,True,1046,66,33.38465278,-117.2368917,3.5193558572914125,False
sdge,Barrett,32.659659096658075,-116.70118598909106,12.0,69/12 kV,,,,6.514,0.446,6.96,4.6667000000000005,52.0,,,,,,,,,,,,,,,,False,True,2037,66,32.66719695,-116.7001427,0.84384159794273,True
sdge,Batiquitos,33.091670083710525,-117.24282602229248,12.0,138/12 kV,,,,79.062,1.865,80.928,77.36623999999999,88.0,,,,,,,,,,,,,,,,False,True,1048,230,33.10114166,-117.2504194,1.268684146186445,True
sdge,Bernardo,33.02429406155207,-117.08162576831958,12.0,69/12 kV,,,,43.612,1.862,45.473,92.38174,29.0,,,,,,,,,,,,,,,,False,True,1049,66,33.02151944,-117.0963,1.4024599908298563,True
sdge,Border,32.56861917203075,-116.9407818041129,12.0,69/12 kV,,,,35.294000000000004,4.822,40.116,58.76822,60.0,,,,,,,,,,,,,,,,False,True,1882,66,32.56629513,-116.9443235,0.42063680743365156,True
sdge,Borrego,33.242891548049656,-116.34638794455222,12.0,69/12 kV,,,,17.427,1.845,19.272,16.294059999999998,73.0,,,,,,,,,,,,,,,,False,True,1051,66,33.27086111,-116.3482139,3.1147043159031846,False
sdge,Boulevard East,32.658400194287246,-116.26859395520212,12.0,138/69/12.47 kV,,,,3.817,7.24,11.057,7.06819,13.0,,,,,,,,,,,,,,,,False,True,1053,66,32.66173953,-116.2732725,0.5741940520838952,True
sdge,Cabrillo,32.715978473390244,-117.23990304016904,12.0,69/12 kV,,,,21.34,0.294,21.634,19.13227,38.0,,,,,,,,,,,,,,,,False,True,1054,66,32.70748299,-117.245054,1.0604810818903572,True
sdge,Cameron,32.64087862662459,-116.5012543399666,12.0,69/12.47 kV,,,,3.957,0.122,4.078,4.6125,53.0,,,,,,,,,,,,,,,,False,True,1055,66,32.65325187,-116.488157,1.8430062296112941,True
sdge,Cannon,33.136804347563746,-117.31487812370123,12.0,138/12 kV,,,,46.843,4.468,51.309000000000005,100.19446,39.0,,,,,,,,,,,,,,,,False,True,1056,115,33.13739001,-117.332713,1.66189487212834,True
sdge,Carlton Hills,32.84816023573025,-117.00216066109306,12.0,138/12 kV,,,,31.438,5.383,36.821000000000005,41.52567,63.0,,,,,,,,,,,,,,,,False,True,1057,115,32.85492699,-117.0120254,1.1896608690992245,True
sdge,Chicarita,32.95989470441887,-117.1119613624112,12.0,138/12 kV,,,,63.594,1.482,65.07600000000001,70.81532,71.0,,,,,,,,,,,,,,,,False,True,1058,115,32.95836111,-117.1088083,0.3400299702093074,True
sdge,Chollas West,32.7333877734591,-117.04860433615758,12.0,69/12 kV,,,,55.208000000000006,4.405,59.614,77.33265999999999,62.0,,,,,,,,,,,,,,,,False,True,1059,66,32.74376949,-117.0467861,1.1668534812219682,True
sdge,Clairemont,32.82923686234866,-117.18779641483354,12.0,69/12 kV,,,,40.471,1.509,41.979,48.935500000000005,68.0,,,,,,,,,,,,,,,,False,True,1060,66,32.8259013,-117.1839957,0.5135002628910911,True
sdge,Coronado,32.66933055171324,-117.16018297589989,12.0,69/12 kV,,,,16.619,0.946,17.565,32.32519,28.0,,,,,,,,,,,,,,,,False,True,1108,66,32.69439301,-117.142389,3.246498259518728,False
sdge,Creelman,33.03990750569763,-116.85070347566102,12.0,69/12 kV,,,,84.655,3.494,88.15100000000001,57.64339,95.0,,,,,,,,,,,,,,,,False,True,1061,115,33.01815277,-116.8529417,2.4279987900810243,False
sdge,Crestwood,32.727783372487686,-116.35940865297788,12.0,69/12.47 kV,,,,1.985,1.037,3.022,2.11582,21.0,,,,,,,,,,,,,,,,False,True,1542,66,32.69904488,-116.3537629,3.2389343418172936,False
sdge,Del Mar,32.983129207248275,-117.23235769491863,12.0,69/12 kV,,,,55.616,2.22,57.837,64.75635,63.0,,,,,,,,,,,,,,,,False,True,1062,66,32.98069444,-117.2553722,2.1636833541296503,False
sdge,Descanso,32.88714613913314,-116.61704243827413,12.0,69/12 kV,,,,5.703,0.443,6.146,4.247669999999999,76.0,,,,,,,,,,,,,,,,False,True,1063,66,32.86525136,-116.6337687,2.8925921041547644,False
sdge,Eastgate,32.88079314728578,-117.19125554657676,12.0,69/12 kV,,,,2.033,0.0,2.033,21.64565,3.0,,,,,,,,,,,,,,,,False,True,2039,66,32.88485153,-117.2008385,1.0022007299092734,True
sdge,El Cajon,32.79411304277516,-116.97288223981732,12.0,69/12 kV,,,,43.807,3.965,47.77,94.28821,37.0,,,,,,,,,,,,,,,,False,True,2246,66,32.79525102,-116.996787,2.2380137529569755,False
sdge,Elliott,32.8102012092589,-117.08145090431672,12.0,69/12 kV,,,,38.691,1.927,40.618,59.77788,43.0,,,,,,,,,,,,,,,,False,True,8640,230,32.81590355,-117.0885222,0.9158318387643527,True
sdge,Encinitas,33.05072997744321,-117.26294233953982,12.0,69/12/4 kV,,,,48.861,1.458,50.318000000000005,51.48451,79.0,,,,,,,,,,,,,,,,False,True,1066,66,33.05067224,-117.2853194,2.0856030481775383,False
sdge,Esco,33.120609601909536,-117.08670241957644,12.0,69/12/4 kV,,,,12.866,1.167,14.033,45.95391,20.0,,,,,,,,,,,,,,,,False,True,1067,66,33.11580789,-117.0890752,0.577848280730399,True
sdge,Escondido,33.127896401232995,-117.14294439107624,12.0,230/138/69/12 kV,,,,83.67,12.198,95.866,95.55667,74.0,,,,,,,,,,,,,,,,False,True,8839,66,33.12591326,-117.1167512,2.4490981815303208,False
sdge,Felicita,33.09310831261626,-117.02713792441016,12.0,69/12 kV,,,,52.162,1.2,53.363,59.24116,58.0,,,,,,,,,,,,,,,,False,True,1069,66,33.0932544,-117.0736853,4.336258091922414,False
sdge,Friars,32.77367296521225,-117.15717030496512,12.0,138/12 kV,,,,10.756,1.6760000000000002,12.429,44.08202,18.0,,,,,,,,,,,,,,,,False,True,1068,230,32.77171299,-117.164406,0.7107431717153716,True
sdge,Garfield,32.80156566285017,-116.99533176191096,12.0,69/12 kV,,,,15.921,0.652,16.572,23.10119,53.0,,,,,,,,,,,,,,,,False,True,2246,66,32.79525102,-116.996787,0.7152094173221689,True
sdge,Genesee,32.87698011329068,-117.22411501059366,12.0,69/12 kV,,,,28.101000000000003,1.886,29.986,94.72524,24.0,,,,,,,,,,,,,,,,False,True,1879,66,32.883611,-117.222466,0.7532294436651588,True
sdge,Glencliff,32.78060443383661,-116.48025970189362,12.0,69/12.47 kV,,,,5.503,0.08,5.582,3.14818,73.0,,,,,,,,,,,,,,,,False,True,1074,66,32.79833889,-116.4983278,2.596404835775158,False
sdge,Granite,32.80452120677965,-116.89606021269968,12.0,69/12 kV,,,,60.427,1.772,62.199000000000005,98.50777,50.0,,,,,,,,,,,,,,,,False,True,1075,66,32.80440834,-116.9208861,2.3203121991579385,False
sdge,Grant Hill,32.71822942161739,-117.12615902920172,12.0,138/12 kV,,,,21.313,1.517,22.831,28.92357,36.0,,,,,,,,,,,,,,,,False,True,2040,115,32.7126482,-117.1308139,0.7581552368287333,True
sdge,Imperial Beach,32.5816007635523,-117.09349154589287,12.0,69/12/4 kV,,,,29.972,2.089,32.062000000000005,44.56904,46.0,,,,,,,,,,,,,,,,False,True,1077,66,32.58336664,-117.0972389,0.4022838160317667,True
sdge,Jamacha,32.71095250056327,-116.86488481062314,12.0,69/12 kV,,,,62.195,2.6020000000000003,64.798,75.90682,70.0,,,,,,,,,,,,,,,,False,True,1078,66,32.74416116,-116.9573083,9.401125019579553,False
sdge,Kearny West,32.82920357991212,-117.12974040131913,12.0,69/12 kV,,,,35.576,6.011,41.588,82.4604,30.0,,,,,,,,,,,,,,,,False,True,1080,66,32.83287778,-117.1319611,0.4582212831418072,True
sdge,Kettner,32.7330986044989,-117.1790013900778,12.0,69/12 kV,,,,15.976,0.08,16.056,16.97109,53.0,,,,,,,,,,,,,,,,False,True,1081,66,32.73318101,-117.173771,0.4893206335872107,True
sdge,La Jolla,32.83583436821345,-117.2654177968084,12.0,69/12 kV,,,,15.457,0.754,16.21,25.07355,26.0,,,,,,,,,,,,,,,,False,True,1082,66,32.84011391,-117.2752889,1.0377600496492123,True
sdge,Laguna Niguel,33.49650770279464,-117.69302896834556,12.0,138/12 kV,,,,46.651,1.879,48.529,102.24758,39.0,,,,,,,,,,,,,,,,False,True,733,115,33.49494501,-117.702976,0.9385975681202265,True
sdge,Las Pulgas,33.29347587780361,-117.4374611708617,12.0,69/12 kV,,,,0.8180000000000001,0.0,0.8180000000000001,6.11295,3.0,,,,,,,,,,,,,,,,False,True,1083,66,33.31285,-117.4669222,3.483865774046841,False
sdge,Lilac,33.26044098270347,-117.11632252669082,12.0,69/12 kV,,,,39.787,1.276,41.065000000000005,31.14494,67.0,,,,,,,,,,,,,,,,False,True,1084,66,33.25324444,-117.0858528,2.9440225896809133,False
sdge,Los Coches,32.87495027255902,-116.89484641244428,12.0,138/69/12 kV,,,,47.367,2.22,49.588,63.83564,53.0,,,,,,,,,,,,,,,,False,True,8555,230,32.85966256,-116.8991849,1.7475409283858974,True
sdge,Margarita,33.57146030691496,-117.62718222915268,12.0,138/12 kV,,,,58.992,2.294,61.287000000000006,92.12784,49.0,,,,,,,,,,,,,,,,False,True,1516,115,33.54998165,-117.6282105,2.390217416739884,False
sdge,Melrose,33.21795967793746,-117.24347456782957,12.0,69/12 kV,,,,77.456,3.935,81.391,101.78927,66.0,,,,,,,,,,,,,,,,False,True,1085,66,33.2065,-117.2529028,1.5469545759161893,True
sdge,Mesa Heights,32.82976449977673,-117.15315410109336,12.0,69/12 kV,,,,17.555,1.764,19.319000000000003,57.75942,20.0,,,,,,,,,,,,,,,,False,True,1086,66,32.82961391,-117.1572528,0.38332995365461486,True
sdge,Mesa Rim,32.90870614059554,-117.17311664454462,12.0,69/12 kV,,,,42.804,1.161,43.966,87.7877,36.0,,,,,,,,,,,,,,,,False,True,1087,230,32.90491833,-117.1731498,0.42119669416833877,True
sdge,Mission,32.783344132103586,-117.12435622720524,12.0,230/138/69/12 kV,,,,44.059000000000005,3.4,47.461000000000006,89.14135999999999,38.0,,,,,,,,,,,,,,,,False,True,8201,115,32.78398502,-117.1373994,1.2214075299923055,True
sdge,Monserate,33.31375666681493,-117.22118158564628,12.0,69/12 kV,,,,41.804,2.137,43.941,39.75762,70.0,,,,,,,,,,,,,,,,False,True,1089,66,33.32911388,-117.2352528,2.150674871297861,False
sdge,Montgomery,32.637441800556644,-117.0887467245474,12.0,69/12 kV,,,,17.584,2.806,20.39,44.46084,29.0,,,,,,,,,,,,,,,,False,True,1090,66,32.63166669,-117.0996723,1.2079129633814591,True
sdge,Morro Hill,33.26928902717341,-117.28747342673702,12.0,69/12 kV,,,,14.183,0.621,14.804,15.09295,113.0,,,,,,,,,,,,,,,,False,True,1091,66,33.25221389,-117.3003,2.242153477619044,False
sdge,Murray,32.78917720867769,-117.03001783829848,12.0,69/12 kV,,,,54.79,3.0740000000000003,57.863,88.25076,46.0,,,,,,,,,,,,,,,,False,True,1092,66,32.79085555,-117.02305,0.677542976922639,True
sdge,North City West,32.9462620645083,-117.20651741047077,12.0,69/12 kV,,,,43.374,1.216,44.591,50.10677,72.0,,,,,,,,,,,,,,,,False,True,8331,66,32.95873532,-117.2206304,1.9125117482669651,True
sdge,Ocean Ranch,33.22561706650769,-117.29898782435632,12.0,69/12 kV,,,,34.744,1.5590000000000002,36.302,27.50963,0.0,,,,,,,,,,,,,,,,False,True,1091,66,33.25221389,-117.3003,2.9599486119195015,False
sdge,Oceanside,33.200337413405535,-117.36870179532734,12.0,69/12 kV,,,,17.521,2.567,20.088,43.73823,29.0,,,,,,,,,,,,,,,,False,True,1094,66,33.19678962,-117.3818318,1.2838021341864776,True
sdge,Old Town,32.772093546412904,-117.19633742913187,12.0,230/138/69/12 kV,,,,33.7,2.4930000000000003,36.192,71.40935999999999,37.0,,,,,,,,,,,,,,,,False,True,8809,66,32.76608849,-117.1924158,0.761782202769507,True
sdge,Olivenhain,33.08058418373013,-117.12129876052612,12.0,69/12 kV,,,,8.472,0.232,8.704,7.829239999999999,28.0,,,,,,,,,,,,,,,,False,True,1877,66,33.06849724,-117.1413944,2.3048713394590377,False
sdge,Otay,32.60119033314478,-117.0435390484847,12.0,69/12 kV,,,,38.351,1.327,39.678,50.30903,64.0,,,,,,,,,,,,,,,,False,True,1095,66,32.59534999,-117.057828,1.4877819027388115,True
sdge,Pacific Beach,32.80095287142043,-117.23580670163116,12.0,69/12 kV,,,,26.819000000000003,2.9530000000000003,29.769,55.45545,45.0,,,,,,,,,,,,,,,,False,True,1097,66,32.799202,-117.2402,0.4544424030474714,True
sdge,Pala,33.36336800868008,-117.12970972683,12.0,69/12 kV,,,,23.888,1.478,25.365,26.9344,80.0,,,,,,,,,,,,,,,,False,True,1098,66,33.35572399,-117.1122384,1.831774101360236,True
sdge,Palomar Airport,33.131263270165704,-117.27774083466684,12.0,138/12 kV,,,,31.649,3.389,35.038000000000004,57.86259,35.0,,,,,,,,,,,,,,,,False,True,1512,230,33.12288056,-117.2878861,1.3271675212527705,True
sdge,Paradise,32.69780480948839,-117.05558332585034,12.0,69/12 kV,,,,55.756,3.662,59.419,60.21592,93.0,,,,,,,,,,,,,,,,False,True,1099,66,32.70448899,-117.049995,0.9087591375229038,True
sdge,Pico,33.472892946910534,-117.5978376945472,12.0,138/12 kV,,,,31.306,1.196,32.502,49.48167,52.0,,,,,,,,,,,,,,,,False,True,7801,66,33.45691855,-117.5892519,1.9466493584059879,True
sdge,Point Loma,32.743550841479994,-117.2282620623224,12.0,69/12 kV,,,,23.465,1.251,24.717,45.89112,26.0,,,,,,,,,,,,,,,,False,True,1101,66,32.74148888,-117.2334,0.5324326437082427,True
sdge,Pomerado,32.93866507905452,-117.03289416045068,12.0,69/12 kV,,,,37.879000000000005,1.98,39.859,61.16507,42.0,,,,,,,,,,,,,,,,False,True,1518,66,32.94142222,-117.0327306,0.3069597987636616,True
sdge,Poway,33.0077665025613,-117.00619987748352,12.0,69/12 kV,,,,55.318000000000005,0.763,56.081,45.47546,95.0,,,,,,,,,,,,,,,,False,True,1126,66,33.01541111,-117.0023194,0.9238460669376193,True
sdge,Proctor Valley,32.66372460308665,-116.97978499873456,12.0,138/12 kV,,,,50.402,1.669,52.07,56.50399,85.0,,,,,,,,,,,,,,,,False,True,1103,230,32.66511502,-116.986682,0.6638753956941911,True
sdge,Rancho Carmel,32.996021964454,-117.08057160508204,12.0,69/12 kV,,,,29.87,7.944,37.815000000000005,52.96296,33.0,,,,,,,,,,,,,,,,False,True,1104,66,32.993825,-117.0779056,0.3485650917729573,True
sdge,Rancho Mission Viejo,33.535200421571034,-117.59176174161767,12.0,138/12 kV,,,,21.544,1.1740000000000002,22.718,27.91379,36.0,,,,,,,,,,,,,,,,False,True,1516,115,33.54998165,-117.6282105,3.7566393351606817,False
sdge,Rancho Santa Fe,33.031504620284,-117.19674022140636,12.0,69/12/4 kV,,,,30.739,28.217,58.956,23.0075,52.0,,,,,,,,,,,,,,,,False,True,1105,66,33.01432222,-117.1985694,1.9181916181580883,True
sdge,Rincon,33.3314977237953,-116.95942186686835,12.0,69/12 kV,,,,15.177,4.916,20.093,19.07957,65.0,,,,,,,,,,,,,,,,False,True,1106,66,33.28585277,-116.9586528,5.075990435875054,False
sdge,Rose Canyon,32.83771123608502,-117.23420710069304,12.0,69/12 kV,,,,38.324000000000005,1.222,39.546,42.44309,65.0,,,,,,,,,,,,,,,,False,True,1107,66,32.84455,-117.2370528,0.8055691351142308,True
sdge,Salt Creek,32.61813102263342,-116.95544089896852,12.0,69/12 kV,,,,20.656,0.894,21.55,27.68782,35.0,,,,,,,,,,,,,,,,False,True,1096,66,32.59710005,-116.9276917,3.496387812003683,False
sdge,Sampson,32.69878935180088,-117.12035389454664,12.0,69/12 kV,,,,31.073,3.117,34.191,78.03520999999999,26.0,,,,,,,,,,,,,,,,False,True,2040,115,32.7126482,-117.1308139,1.8255504665687898,True
sdge,San Juan Capistrano,33.51109710702923,-117.65620343526052,12.0,230/138/12kV,,,,27.79,1.348,29.14,48.01869,31.0,,,,,,,,,,,,,,,,False,True,731,115,33.51258901,-117.665534,0.8808108295002722,True
sdge,San Luis Rey,33.21456991519983,-117.31385266089526,12.0,230/138/69/12 kV,,,,67.529,7.378,74.909,86.79893,57.0,,,,,,,,,,,,,,,,False,True,8589,230,33.21143869,-117.3345195,1.9539104460313648,True
sdge,San Marcos,33.146046529695575,-117.17354825130366,12.0,69/12 kV,,,,74.16,4.828,78.986,90.49562,62.0,,,,,,,,,,,,,,,,False,True,1109,66,33.12880001,-117.1972333,2.922520375328096,False
sdge,San Mateo,33.397185866986,-117.5390507183337,12.0,138/12 kV,,,,19.431,0.599,20.028,33.27361,45.0,,,,,,,,,,,,,,,,False,True,1079,66,33.37430389,-117.5547883,2.934074303784071,False
sdge,San Ysidro,32.57161744273628,-117.01748081302864,12.0,69/12 kV,,,,42.792,4.157,46.95,50.89758,86.0,,,,,,,,,,,,,,,,False,True,1110,66,32.56217,-117.026761,1.3637697102475397,True
sdge,Santa Ysabel,33.05956694586109,-116.58662963742296,12.0,69/12 kV,,,,22.576,0.8310000000000001,23.408,8.68309,0.0,,,,,,,,,,,,,,,,False,True,1052,66,33.00599188,-116.5862104,5.957403712341683,False
sdge,Santee,32.85787851830011,-116.96354154047636,12.0,138/12 kV,,,,45.24,3.572,48.813,59.84516,50.0,,,,,,,,,,,,,,,,False,True,1112,66,32.85443801,-116.968369,0.591344170946593,True
sdge,Scripps,32.917728946481574,-117.1044944697442,12.0,69/12 kV,,,,54.643,4.596,59.24,71.13468,62.0,,,,,,,,,,,,,,,,False,True,1114,66,32.91098058,-117.1125945,1.06525857266958,True
sdge,Shadowridge,33.15747213885441,-117.21605997595246,12.0,138/12 kV,,,,53.317,1.538,54.854,74.73522,59.0,,,,,,,,,,,,,,,,False,True,8791,66,33.14148562,-117.2388064,2.764836398337339,False
sdge,Spring Valley,32.738235386404725,-116.99792090582828,12.0,69/12 kV,,,,39.968,2.039,42.007000000000005,53.9208,67.0,,,,,,,,,,,,,,,,False,True,1115,66,32.73897899,-117.002741,0.45834909586847666,True
sdge,Station B,32.71544232812692,-117.16590840305273,12.0,69/12 kV,,,,16.713,0.381,17.094,76.26679,14.0,,,,,,,,,,,,,,,,False,True,1116,66,32.71415112,-117.1695014,0.3655255665212881,True
sdge,Station F,32.755025169261486,-117.1243682212622,12.0,69/12 kV,,,,22.028,1.57,23.598000000000003,84.64702,25.0,,,,,,,,,,,,,,,,False,True,1117,66,32.75496001,-117.12596,0.14902987200990137,True
sdge,Streamview,32.75913215934833,-117.07830335058776,12.0,69/12 kV,,,,36.882000000000005,4.383,41.266000000000005,47.14449,62.0,,,,,,,,,,,,,,,,False,True,1118,66,32.745658,-117.078598,1.4985115195246752,True
sdge,Stuart,33.24049871074563,-117.40653089412962,12.0,69/12 kV,,,,0.999,0.0,0.999,4.58756,11.0,,,,,,,,,,,,,,,,False,True,1119,66,33.25671667,-117.416575,2.0308839201706106,False
sdge,Sunnyside,32.66621208946227,-117.0379402035208,12.0,69/12 kV,,,,14.887,0.367,15.254,14.55701,50.0,,,,,,,,,,,,,,,,False,True,1120,66,32.65802001,-117.030314,1.157334845159131,True
sdge,Sweetwater,32.66304022706597,-117.08617832421304,12.0,69/12/4 kV,,,,20.277,6.626,26.902,52.62798,35.0,,,,,,,,,,,,,,,,False,True,1121,66,32.65832702,-117.091735,0.7384094949526228,True
sdge,Telegraph Canyon,32.62823397878233,-116.99928208857708,12.0,138/12 kV,,,,71.113,4.441,75.554,86.35748,59.0,,,,,,,,,,,,,,,,False,True,1517,230,32.63792799,-117.016092,1.9078120667013114,True
sdge,Torrey Pines,32.90838006172779,-117.2314708130261,12.0,69/12 kV,,,,19.354,1.865,21.219,69.12651,16.0,,,,,,,,,,,,,,,,False,True,1065,66,32.90154502,-117.22992,0.7736886159035604,True
sdge,Trabuco,33.57169985785648,-117.67862046657189,12.0,138/12 kV,,,,38.03,1.503,39.536,96.62579,32.0,,,,,,,,,,,,,,,,False,True,734,115,33.56291183,-117.6735199,1.0854570867629765,True
sdge,Urban,32.719899279991296,-117.15312960394763,12.0,69/12 kV,,,,7.296,7.784000000000001,15.08,57.06026,8.0,,,,,,,,,,,,,,,,False,True,1123,66,32.7132472,-117.1514583,0.7560228965387328,True
sdge,Valley Center,33.227784132577035,-116.99902954019036,12.0,69/12 kV,,,,38.618,1.775,40.392,24.08121,129.0,,,,,,,,,,,,,,,,False,True,1541,66,33.23069511,-117.0184193,1.832313896172979,True
sdge,Vine,32.739010077220925,-117.18090754192951,12.0,69/12 kV,,,,15.519,2.776,18.294,56.82523,17.0,,,,,,,,,,,,,,,,False,True,1081,66,32.73318101,-117.173771,0.930420495770377,True
sdge,Wabash Canyon,32.72991109316187,-117.09755129532914,12.0,69/12 kV,,,,10.756,0.6960000000000001,11.452,14.30938,36.0,,,,,,,,,,,,,,,,False,True,1124,66,32.730044,-117.110966,1.2549023453846966,True
sdge,Warners,33.28849837496445,-116.6741364752788,12.0,69/12 kV,,,,2.105,0.144,2.25,3.52262,26.0,,,,,,,,,,,,,,,,False,True,1125,66,33.24728884,-116.6759305,4.585325822591594,False
pacificorp,106TH SOUTH,40.55613044397596,-111.90079722905716,,,,,,,,,,,,,,,,,,,,,,,,,,False,False,208,66,37.37438227,-117.9796042,633.298280189025,False
pacificorp,118TH SOUTH,40.53945840738164,-111.89669926025807,,,,,,,,,,,,,,,,,,,,,,,,,,False,False,208,66,37.37438227,-117.9796042,632.6118062119892,False
pacificorp,126TH SOUTH,40.52146664021845,-111.9980161026154,,,,,,,,,,,,,,,,,,,,,,,,,,False,False,208,66,37.37438227,-117.9796042,624.2903364270192,False
pacificorp,13TH SOUTH,40.73976713431418,-111.88637022361044,,,,,,,,,,,,,,,,,,,,,,,,,,False,False,208,66,37.37438227,-117.9796042,645.3662565228852,False
pacificorp,23RD STREET,41.22619541316188,-111.96932166126253,,,,,,,,,,,,,,,,,,,,,,,,,,False,False,208,66,37.37438227,-117.9796042,671.1936242468418,False
pacificorp,26TH ST_OSU,44.56738110031464,-123.27968151673608,,,,,,,,,,,,,,,,,,,,,,,,,,False,False,8065,66,41.97698731,-122.3613697,297.4733476094224,False
pacificorp,35TH ST_OSU,44.56543132078684,-123.2896567429259,,,,,,,,,,,,,,,,,,,,,,,,,,False,False,8065,66,41.97698731,-122.3613697,297.46662360725935,False
pacificorp,70TH SOUTH,40.62318803792939,-111.96656771675724,,,,,,,,,,,,,,,,,,,,,,,,,,False,False,208,66,37.37438227,-117.9796042,632.611941309231,False
pacificorp,90TH SOUTH,40.58983821329614,-111.91552945239302,,,,,,,,,,,,,,,,,,,,,,,,,,False,False,208,66,37.37438227,-117.9796042,634.2415708742484,False
pacificorp,ABAJO,37.30424985201967,-109.5483650499852,,,,,,,,,,,,,,,,,,,,,,,,,,False,False,2261,230,34.31514963,-114.1576556,532.0704178066194,False
pacificorp,AEOLUS,42.01376657273783,-106.37636864051784,,,,,,,,,,,,,,,,,,,,,,,,,,False,False,1017,66,34.47871451,-114.4169599,1092.1077159718889,False
pacificorp,AGER,41.86749226104336,-122.46414882202951,,,,,,,,,,,,,,,,,,,,,,,,,,False,False,8001,66,41.86754757,-122.4641555,0.00617488524417717,True
pacificorp,AGNESS AVE,42.43176532816428,-123.29841614519276,,,,,,,,,,,,3.0,,,,,,,,,,,,0.8669,4.8,False,False,1314,66,41.8405331,-123.1919616,66.32543336956857,False
pacificorp,ALBINA,45.53857026750888,-122.67779190762506,,,,,,,,,,,,1.0,,,,,,,,,,,,0.0072,1.33,False,False,1724,66,41.97986964,-122.3359387,396.6595683609574,False
pacificorp,ALDERWOOD,45.56744230171419,-122.5582267209255,,,,,,,,,,,,,,,,,,,,,,,,,,False,False,1898,500,42.07986401,-121.3901623,398.94899762479,False
pacificorp,ALEXANDER,42.64908720174483,-111.70100974403084,,,,,,,,,,,,,,,,,,,,,,,,,,False,False,622,66,41.53151534,-120.1820013,710.4493091207441,False
pacificorp,ALTAVIEW,40.58097926431874,-111.8575103592946,,,,,,,,,,,,,,,,,,,,,,,,,,False,False,208,66,37.37438227,-117.9796042,637.863275374019,False
pacificorp,ALTURAS,41.49976411587373,-120.53370406371604,,,,,,,,,,,,,,,,,,,,,,,,,,False,False,8205,66,41.5007026,-120.5330177,0.11898398328118014,True
pacificorp,AMALGA,41.844943752796446,-111.89294140799862,,,,,,,,,,,,,,,,,,,,,,,,,,False,False,622,66,41.53151534,-120.1820013,688.9168402398067,False
pacificorp,AMASA,42.77771379864173,-105.89638535439929,,,,,,,,,,,,,,,,,,,,,,,,,,False,False,7920,500,35.25222325,-115.5157004,1177.8441997929613,False
pacificorp,AMERICAN FORK,40.37504636584453,-111.78307661601254,,,,,,,,,,,,,,,,,,,,,,,,,,False,False,208,66,37.37438227,-117.9796042,631.4805189304707,False
pacificorp,AMMON,43.452925036704805,-111.9436733082234,,,,,,,,,,,,,,,,,,,,,,,,,,False,False,622,66,41.53151534,-120.1820013,708.0982862337821,False
pacificorp,AMPS,44.089984684549805,-112.61442730438264,,,,,,,,,,,,,,,,,,,,,,,,,,False,False,622,66,41.53151534,-120.1820013,679.353750236146,False
pacificorp,ANDALEX SW STA,39.63340630324012,-110.74058321191036,,,,,,,,,,,,,,,,,,,,,,,,,,False,False,7920,500,35.25222325,-115.5157004,644.0285830360176,False
pacificorp,ANDERSON,43.79751729272687,-112.36687831090786,,,,,,,,,,,,,,,,,,,,,,,,,,False,False,622,66,41.53151534,-120.1820013,686.5406825695594,False
pacificorp,ANGEL,41.06784753436247,-111.98848272627278,,,,,,,,,,,,,,,,,,,,,,,,,,False,False,208,66,37.37438227,-117.9796042,659.2834036525528,False
pacificorp,ANTELOPE,43.53369183759381,-112.92632178442906,,,,,,,,,,,,,,,,,,,,,,,,,,False,False,622,66,41.53151534,-120.1820013,634.5688798586538,False
pacificorp,ANTELOPE MINE,43.46224666414053,-105.3300407497776,,,,,,,,,,,,,,,,,,,,,,,,,,False,False,622,66,41.53151534,-120.1820013,1234.6910430979094,False
pacificorp,ANTICLINE,41.711405532006495,-108.74387970279378,,,,,,,,,,,,,,,,,,,,,,,,,,False,False,208,66,37.37438227,-117.9796042,926.4339471829232,False
pacificorp,APEX (FUTURE),45.69024761242138,-119.83720993274684,,,,,,,,,,,,,,,,,,,,,,,,,,False,False,1898,500,42.07986401,-121.3901623,420.28175432166864,False
pacificorp,APPLE VALLEY,37.08289155580509,-113.10962946536246,,,,,,,,,,,,,,,,,,,,,,,,,,False,False,7920,500,35.25222325,-115.5157004,296.77313150643647,False
pacificorp,APPLEGATE,42.34703720077721,-123.30570419056755,,,,,,,,,,,,2.0,,,,,,,,,,,,1.22228,3.6,False,False,1314,66,41.8405331,-123.1919616,57.0972716672197,False
pacificorp,ARAGONITE,40.76322112752076,-113.0049986615652,,,,,,,,,,,,,,,,,,,,,,,,,,False,False,208,66,37.37438227,-117.9796042,571.1610144165024,False
pacificorp,ARCHES,38.43789163626495,-109.42339071798942,,,,,,,,,,,,,,,,,,,,,,,,,,False,False,2261,230,34.31514963,-114.1576556,624.1484176024993,False
pacificorp,ARCO,43.63500614975958,-113.29513407693446,,,,,,,,,,,,,,,,,,,,,,,,,,False,False,622,66,41.53151534,-120.1820013,610.1850217110789,False
pacificorp,ARIEL,45.95341110929862,-122.5664102015856,,,,,,,,,,,,,,,,,,,,,,,,,,False,False,1898,500,42.07986401,-121.3901623,440.8544350733477,False
pacificorp,ARIMO,42.56162406195032,-112.1618934961428,,,,,,,,,,,,,,,,,,,,,,,,,,False,False,622,66,41.53151534,-120.1820013,671.81110047679,False
pacificorp,ARLINGTON,45.71321876829033,-120.20340423088368,,,,,,,,,,,,1.0,,,,,,,,,,,,0.19122,0.4,False,False,1898,500,42.07986401,-121.3901623,415.0363578071359,False
pacificorp,ARROWHEAD,41.5361100968864,-109.12697257176131,,,,,,,,,,,,,,,,,,,,,,,,,,False,False,208,66,37.37438227,-117.9796042,889.1526282682838,False
pacificorp,ASHLAND,42.21007976701144,-122.70707495030494,,,,,,,,,,,,2.0,,,,,,,,,,,,1.23398,0.6,False,False,1306,66,41.89799074,-122.5399625,37.344957324353125,False
pacificorp,ASHLEY,40.5083749391729,-109.5758512303315,,,,,,,,,,,,,,,,,,,,,,,,,,False,False,7920,500,35.25222325,-115.5157004,782.7711185562817,False
pacificorp,ASHTON,44.07890664433938,-111.49815908653063,,,,,,,,,,,,,,,,,,,,,,,,,,False,False,622,66,41.53151534,-120.1820013,762.4743780941695,False
pacificorp,ASTLE STREET,41.51509463836032,-109.45896044231876,,,,,,,,,,,,,,,,,,,,,,,,,,False,False,208,66,37.37438227,-117.9796042,863.8352630390907,False
pacificorp,ASTORIA,46.17273237993149,-123.83698379199718,,,,,,,,,,,,,,,,,,,,,,,,,,False,False,8065,66,41.97698731,-122.3613697,481.1825023305345,False
pacificorp,ATHENA,45.81126958251701,-118.49573861864135,,,,,,,,,,,,2.0,,,,,,,,,,,,0.41325,1.4,False,False,1898,500,42.07986401,-121.3901623,475.15655526278215,False
pacificorp,ATLANTIC CITY,42.52475734007591,-108.7621847577799,,,,,,,,,,,,,,,,,,,,,,,,,,False,False,622,66,41.53151534,-120.1820013,948.954050138515,False
pacificorp,ATTALIA,46.107632701068304,-118.91883275843998,,,,,,,,,,,,,,,,,,,,,,,,,,False,False,1898,500,42.07986401,-121.3901623,489.3594210724786,False
pacificorp,AURORA,38.92036978033334,-111.92319113584054,,,,,,,,,,,,,,,,,,,,,,,,,,False,False,7920,500,35.25222325,-115.5157004,517.5019132384773,False
pacificorp,BACCHUS,40.66442924020282,-112.087021212407,,,,,,,,,,,,,,,,,,,,,,,,,,False,False,208,66,37.37438227,-117.9796042,626.6438167008552,False
pacificorp,BAILEY DOME,42.21497251830048,-107.47282103470518,,,,,,,,,,,,,,,,,,,,,,,,,,False,False,7920,500,35.25222325,-115.5157004,1041.1729889982907,False
pacificorp,BAIROIL,42.23876134917651,-107.54940657906263,,,,,,,,,,,,,,,,,,,,,,,,,,False,False,7920,500,35.25222325,-115.5157004,1038.6497766728517,False
pacificorp,BALDWIN ROAD SY,44.28371295981486,-120.87530897251516,,,,,,,,,,,,,,,,,,,,,,,,,,False,False,1898,500,42.07986401,-121.3901623,248.58544364843596,False
pacificorp,BALDY SY,42.30149592158335,-122.77282412547493,,,,,,,,,,,,,,,,,,,,,,,,,,False,False,1306,66,41.89799074,-122.5399625,48.80790608401929,False
pacificorp,BANCROFT,42.75086123310955,-111.8770618860263,,,,,,,,,,,,,,,,,,,,,,,,,,False,False,622,66,41.53151534,-120.1820013,697.7306507174127,False
pacificorp,BANDON TIE_BPA,43.10678732078823,-124.3972183282458,,,,,,,,,,,,,,,,,,,,,,,,,,False,False,1304,66,41.80354175,-123.372551,167.52835308829626,False
pacificorp,BANFIELD,45.53289865235263,-122.56752390502707,,,,,,,,,,,,,,,,,,,,,,,,,,False,False,1898,500,42.07986401,-121.3901623,395.4003684512251,False
pacificorp,BANGERTER,40.50097519489237,-111.97586521886244,,,,,,,,,,,,,,,,,,,,,,,,,,False,False,208,66,37.37438227,-117.9796042,624.6695201767011,False
pacificorp,BAR NUNN,42.92991577783367,-106.36809025374627,,,,,,,,,,,,,,,,,,,,,,,,,,False,False,622,66,41.53151534,-120.1820013,1146.5963867305343,False
pacificorp,BAR X,41.61663019647386,-108.40584913481462,,,,,,,,,,,,,,,,,,,,,,,,,,False,False,7920,500,35.25222325,-115.5157004,939.6796861293177,False
pacificorp,BARKER ST FIELD RECLOSER,41.755529292968255,-124.16320416851184,,,,,,,,,,,,,,,,,,,,,,,,,,False,False,2239,66,41.29428709,-124.0568714,52.04607648975137,False
pacificorp,BARNEY,40.57387182831565,-112.11093442006748,,,,,,,,,,,,,,,,,,,,,,,,,,False,False,208,66,37.37438227,-117.9796042,619.4038726969745,False
pacificorp,BASALT,43.32757071313694,-112.05767184082153,,,,,,,,,,,,,,,,,,,,,,,,,,False,False,622,66,41.53151534,-120.1820013,695.7249004030891,False
pacificorp,BDO,41.27440504721962,-112.00746399886884,,,,,,,,,,,,,,,,,,,,,,,,,,False,False,208,66,37.37438227,-117.9796042,671.9779553588227,False
pacificorp,BEACON,42.45167766215685,-123.30739820837752,,,,,,,,,,,,2.0,,,,,,,,,,,,0.6676,0.7,False,False,1314,66,41.8405331,-123.1919616,68.61933336071438,False
pacificorp,BEALL LANE,42.35750307226337,-122.90422280593744,,,,,,,,,,,,2.0,,,,,,,,,,,,1.36007,3.4,False,False,1306,66,41.89799074,-122.5399625,59.27152008048003,False
pacificorp,BEAR RIVER,41.72676505847425,-112.16040348483556,,,,,,,,,,,,,,,,,,,,,,,,,,False,False,622,66,41.53151534,-120.1820013,666.8173625834488,False
pacificorp,BEATTY,42.44208684353536,-121.2502741857276,,,,,,,,,,,,1.0,,,,,,,,,,,,0.89964,0.3,False,False,1898,500,42.07986401,-121.3901623,41.890193207382275,False
pacificorp,BECK STREET SW STA,40.789392501230935,-111.90477512993368,,,,,,,,,,,,,,,,,,,,,,,,,,False,False,208,66,37.37438227,-117.9796042,647.1401912239397,False
pacificorp,BEEF HOLLOW,40.42967985770383,-111.93717543804053,,,,,,,,,,,,,,,,,,,,,,,,,,False,False,208,66,37.37438227,-117.9796042,623.319914845623,False
pacificorp,BELKNAP,42.30734733292312,-122.85355114493898,,,,,,,,,,,,4.0,,,,,,,,,,,,2.24335,7.0,False,False,1306,66,41.89799074,-122.5399625,52.356772737623544,False
pacificorp,BELLAMY,42.19595810751874,-107.183859696751,,,,,,,,,,,,,,,,,,,,,,,,,,False,False,7920,500,35.25222325,-115.5157004,1056.5722602289568,False
pacificorp,BELMONT,41.77311951100543,-124.20798173499618,,,,,,,,,,,,,,,,,,,,,,,,,,False,False,2239,66,41.29428709,-124.0568714,54.70920013942428,False
pacificorp,BELSON,43.68422878819111,-112.25346950073424,,,,,,,,,,,,,,,,,,,,,,,,,,False,False,622,66,41.53151534,-120.1820013,691.2653679845265,False
pacificorp,BEN LOMOND,41.339495440833176,-112.04750022314762,,,,,,,,,,,,,,,,,,,,,,,,,,False,False,208,66,37.37438227,-117.9796042,673.8781424717996,False
pacificorp,BEND,44.062602022360544,-121.31284888446513,,,,,,,,,,,,4.0,,,,,,,,,,,,1.96825,5.2,False,False,1898,500,42.07986401,-121.3901623,220.55980031473254,False
pacificorp,BENJAMIN,40.098722705238615,-111.7304951789408,,,,,,,,,,,,,,,,,,,,,,,,,,False,False,208,66,37.37438227,-117.9796042,620.7071891020861,False
pacificorp,BERENICE,43.84246564608623,-113.01433664445206,,,,,,,,,,,,,,,,,,,,,,,,,,False,False,622,66,41.53151534,-120.1820013,639.4427001630688,False
pacificorp,BIG CHARLIE (TB Flat II),42.04254725727928,-106.15935496907676,,,,,,,,,,,,,,,,,,,,,,,,,,False,False,2261,230,34.31514963,-114.1576556,1106.6412815305048,False
pacificorp,BIG GRASSY,44.001219232507886,-112.17061847496798,,,,,,,,,,,,,,,,,,,,,,,,,,False,False,622,66,41.53151534,-120.1820013,708.9060027818336,False
pacificorp,BIG MOUNTAIN,37.53528158977005,-113.65701530647414,,,,,,,,,,,,,,,,,,,,,,,,,,False,False,7920,500,35.25222325,-115.5157004,303.503390849007,False
pacificorp,BIG MUDDY,42.84628392747924,-105.96981358912934,,,,,,,,,,,,,,,,,,,,,,,,,,False,False,7920,500,35.25222325,-115.5157004,1178.550187834168,False
pacificorp,BIG PINEY,42.53581164749422,-110.1121636727848,,,,,,,,,,,,,,,,,,,,,,,,,,False,False,622,66,41.53151534,-120.1820013,838.6212646312497,False
pacificorp,BIG SPRINGS,41.61683340040895,-122.39937960462994,,,,,,,,,,,,,,,,,,,,,,,,,,False,False,1300,66,41.61676202,-122.3993063,0.010006622122955614,True
pacificorp,BINGHAM,40.54476872970029,-111.95947143205122,,,,,,,,,,,,,,,,,,,,,,,,,,False,False,208,66,37.37438227,-117.9796042,628.42732739547,False
pacificorp,BIRCH CREEK SY,41.53511142388279,-111.10919916054242,,,,,,,,,,,,,,,,,,,,,,,,,,False,False,208,66,37.37438227,-117.9796042,749.2399832067323,False
pacificorp,BITTER CREEK SY,41.616136665341735,-108.52426750437472,,,,,,,,,,,,,,,,,,,,,,,,,,False,False,7920,500,35.25222325,-115.5157004,932.9011000992205,False
pacificorp,BITTERBRUSH (FUTURE),40.48962941404133,-111.9079363669955,,,,,,,,,,,,,,,,,,,,,,,,,,False,False,208,66,37.37438227,-117.9796042,628.8951849294282,False
pacificorp,BIXBY,42.83149663216176,-105.77014241616936,,,,,,,,,,,,,,,,,,,,,,,,,,False,False,7920,500,35.25222325,-115.5157004,1189.5008582977443,False
pacificorp,BLACK MOUNTAIN,40.83135277657204,-112.8042626993293,,,,,,,,,,,,,,,,,,,,,,,,,,False,False,208,66,37.37438227,-117.9796042,589.0296853038897,False
pacificorp,BLACK ROCK,39.151262096593896,-112.73100868386544,,,,,,,,,,,,,,,,,,,,,,,,,,False,False,7920,500,35.25222325,-115.5157004,498.7270972933237,False
pacificorp,BLACKHAWK,39.47710799291176,-110.99992041148138,,,,,,,,,,,,,,,,,,,,,,,,,,False,False,7920,500,35.25222325,-115.5157004,616.2318781333504,False
pacificorp,BLACKS FORK,41.683446648501935,-109.90367908814812,,,,,,,,,,,,,,,,,,,,,,,,,,False,False,208,66,37.37438227,-117.9796042,841.6113732753504,False
pacificorp,BLALOCK,45.6631945311126,-120.359110868387,,,,,,,,,,,,1.0,,,,,,,,,,,,0.0,0.0,False,False,1898,500,42.07986401,-121.3901623,406.91929952725326,False
pacificorp,BLANDING,37.62518431162789,-109.47289007305056,,,,,,,,,,,,,,,,,,,,,,,,,,False,False,2261,230,34.31514963,-114.1576556,559.5064190034285,False
pacificorp,BLOSS,45.60062945797895,-122.72762007213132,,,,,,,,,,,,,,,,,,,,,,,,,,False,False,1724,66,41.97986964,-122.3359387,403.8343006382151,False
pacificorp,BLUE CREEK,41.861646320527576,-112.45741056566564,,,,,,,,,,,,,,,,,,,,,,,,,,False,False,622,66,41.53151534,-120.1820013,642.1799252424165,False
pacificorp,BLUE RIM,41.59058442795013,-109.5205205972491,,,,,,,,,,,,,,,,,,,,,,,,,,False,False,208,66,37.37438227,-117.9796042,863.5551342921974,False
pacificorp,BLUE SPRINGS,39.37448919930775,-112.080560692377,,,,,,,,,,,,,,,,,,,,,,,,,,False,False,7920,500,35.25222325,-115.5157004,549.7986666500309,False
pacificorp,BLUFF,37.28903690955472,-109.55930761351402,,,,,,,,,,,,,,,,,,,,,,,,,,False,False,2261,230,34.31514963,-114.1576556,530.2761153750932,False
pacificorp,BLUFFDALE,40.50086358522882,-111.95817922348132,,,,,,,,,,,,,,,,,,,,,,,,,,False,False,208,66,37.37438227,-117.9796042,625.9332722946104,False
pacificorp,BLUNDELL GEOTHERMAL,38.488620376288296,-112.85342611591516,,,,,,,,,,,,,,,,,,,,,,,,,,False,False,7920,500,35.25222325,-115.5157004,430.7536887278257,False
pacificorp,BLY,42.40157558051133,-121.0451499560237,,,,,,,,,,,,1.0,,,,,,,,,,,,5.05326,-5.2,False,False,1898,500,42.07986401,-121.3901623,45.676356885821505,False
pacificorp,BOISE CASCADE,42.51290214649491,-121.87909197945964,,,,,,,,,,,,1.0,,,,,,,,,,,,0.0,0.0,False,False,1898,500,42.07986401,-121.3901623,62.7349359776159,False
pacificorp,BONANZA,42.199096922359374,-121.40981811351097,,,,,,,,,,,,1.0,,,,,,,,,,,,0.65857,0.6,False,False,1898,500,42.07986401,-121.3901623,13.356783164939147,False
pacificorp,BOND STREET,44.04049154001566,-121.31807931622372,,,,,,,,,,,,2.0,,,,,,,,,,,,1.21031,3.2,False,False,1898,500,42.07986401,-121.3901623,218.09044784395238,False
pacificorp,BONNEVILLE,43.55478742902324,-112.2201453876471,,,,,,,,,,,,,,,,,,,,,,,,,,False,False,622,66,41.53151534,-120.1820013,689.642984544934,False
pacificorp,BOTHWELL,41.72950129468717,-112.2791113445808,,,,,,,,,,,,,,,,,,,,,,,,,,False,False,622,66,41.53151534,-120.1820013,656.9631050166707,False
pacificorp,BOWLER FLATS,45.15762372735172,-108.67265355862531,,,,,,,,,,,,,,,,,,,,,,,,,,False,False,622,66,41.53151534,-120.1820013,1013.0908661690505,False
pacificorp,BOWMAN,46.067761936268624,-118.3612971188344,,,,,,,,,,,,,,,,,,,,,,,,,,False,False,1898,500,42.07986401,-121.3901623,505.05992986918807,False
pacificorp,BOYER SW STA,45.0747133766642,-123.7173277631645,,,,,,,,,,,,,,,,,,,,,,,,,,False,False,8065,66,41.97698731,-122.3613697,361.36825635657584,False
pacificorp,BPA ALBANY,44.621142263212775,-123.12692534817276,,,,,,,,,,,,,,,,,,,,,,,,,,False,False,8065,66,41.97698731,-122.3613697,300.46872505881174,False
pacificorp,BRIAN HEAD,37.70662809936501,-112.84990161272886,,,,,,,,,,,,,,,,,,,,,,,,,,False,False,7920,500,35.25222325,-115.5157004,362.30617420855594,False
pacificorp,BRIDGER PUMP,41.53335654640384,-109.47815441082123,,,,,,,,,,,,,,,,,,,,,,,,,,False,False,208,66,37.37438227,-117.9796042,863.444814641517,False
pacificorp,BRIDGERLAND,41.81512639735301,-112.05951300087835,,,,,,,,,,,,,,,,,,,,,,,,,,False,False,622,66,41.53151534,-120.1820013,675.112639480344,False
pacificorp,BRIGHAM SW RK,41.50260849515464,-112.0058357619922,,,,,,,,,,,,,,,,,,,,,,,,,,False,False,622,66,41.53151534,-120.1820013,680.4858037457305,False
pacificorp,BRIGHTON,40.61027685011277,-111.57959719979722,,,,,,,,,,,,,,,,,,,,,,,,,,False,False,208,66,37.37438227,-117.9796042,659.5720702629619,False
pacificorp,BROADVIEW,46.05148762295308,-108.8524320354885,,,,,,,,,,,,,,,,,,,,,,,,,,False,False,622,66,41.53151534,-120.1820013,1037.642477468588,False
pacificorp,BROOKHURST,42.345165220738096,-122.8442855114668,,,,,,,,,,,,5.0,,,,,,,,,,,,4.59881,8.7,False,False,1306,66,41.89799074,-122.5399625,55.69913080196079,False
pacificorp,BROOKLAWN,38.27452095579815,-112.66104832162785,,,,,,,,,,,,,,,,,,,,,,,,,,False,False,7920,500,35.25222325,-115.5157004,421.3770372104613,False
pacificorp,BROWNSVILLE,44.38919081150892,-123.01470989236188,,,,,,,,,,,,1.0,,,,,,,,,,,,0.64088,2.3,False,False,8065,66,41.97698731,-122.3613697,273.40288916967836,False
pacificorp,BRUNSWICK,40.76405721231468,-111.8840634254193,,,,,,,,,,,,,,,,,,,,,,,,,,False,False,208,66,37.37438227,-117.9796042,647.0215115829519,False
pacificorp,BRYAN,42.85855150410427,-106.29820341232649,,,,,,,,,,,,,,,,,,,,,,,,,,False,False,622,66,41.53151534,-120.1820013,1151.885647470459,False
pacificorp,BRYANT,42.21090957433583,-121.73840988337383,,,,,,,,,,,,4.0,,,,,,,,,,,,2.0763,6.5,False,False,1898,500,42.07986401,-121.3901623,32.197262954560756,False
pacificorp,BUCHANAN,44.57471707040112,-123.26021466969466,,,,,,,,,,,,3.0,,,,,,,,,,,,5.96289,7.6,False,False,8065,66,41.97698731,-122.3613697,297.8734595286699,False
pacificorp,BUCKAROO,45.67624602481751,-118.83668986203578,,,,,,,,,,,,3.0,,,,,,,,,,,,7.22798,0.2,False,False,1898,500,42.07986401,-121.3901623,449.1676382562572,False
pacificorp,BUFFALO,44.35439923126816,-106.65355803996724,,,,,,,,,,,,,,,,,,,,,,,,,,False,False,622,66,41.53151534,-120.1820013,1143.5244252559673,False
pacificorp,BULLARD,42.17814033024234,-120.35802998579275,,,,,,,,,,,,,,,,,,,,,,,,,,False,False,623,115,41.73313546,-120.3669055,49.48772639611455,False
pacificorp,BURGIN,39.95117389913516,-112.049769831086,,,,,,,,,,,,,,,,,,,,,,,,,,False,False,208,66,37.37438227,-117.9796042,589.0273896283541,False
pacificorp,BURNS REACTIVE,43.66762516570919,-119.04742512620946,,,,,,,,,,,,,,,,,,,,,,,,,,False,False,623,115,41.73313546,-120.3669055,240.60872980645362,False
pacificorp,BURRASTON POND METERING STA,39.81723618588785,-111.8966667349566,,,,,,,,,,,,,,,,,,,,,,,,,,False,False,208,66,37.37438227,-117.9796042,594.1585760116695,False
pacificorp,BURTON,37.88215412754332,-112.8574523865782,,,,,,,,,,,,,,,,,,,,,,,,,,False,False,7920,500,35.25222325,-115.5157004,376.6264114492178,False
pacificorp,BUSH,41.63592327635583,-112.12923375817516,,,,,,,,,,,,,,,,,,,,,,,,,,False,False,622,66,41.53151534,-120.1820013,669.6246788553158,False
pacificorp,BUTLERVILLE,40.62441759498864,-111.82196869923308,,,,,,,,,,,,,,,,,,,,,,,,,,False,False,208,66,37.37438227,-117.9796042,642.9724606664828,False
pacificorp,BYRON,44.79710358917026,-108.51244027186928,,,,,,,,,,,,,,,,,,,,,,,,,,False,False,622,66,41.53151534,-120.1820013,1012.5741042667324,False
pacificorp,CACHE,41.76519590582922,-111.85557654250778,,,,,,,,,,,,,,,,,,,,,,,,,,False,False,622,66,41.53151534,-120.1820013,692.0516721467608,False
pacificorp,CALAPOOYA,44.38823814446484,-123.00939999203996,,,,,,,,,,,,2.0,,,,,,,,,,,,0.27429,0.9,False,False,8065,66,41.97698731,-122.3613697,273.21596950431837,False
pacificorp,CAMAS,43.9566105507361,-112.21688004752193,,,,,,,,,,,,,,,,,,,,,,,,,,False,False,622,66,41.53151534,-120.1820013,703.7370627684897,False
pacificorp,CAMERON,38.28022941067363,-112.59552653251416,,,,,,,,,,,,,,,,,,,,,,,,,,False,False,7920,500,35.25222325,-115.5157004,425.4181841327548,False
pacificorp,CAMP WILLIAMS,40.4685124899095,-111.94773400232808,,,,,,,,,,,,,,,,,,,,,,,,,,False,False,208,66,37.37438227,-117.9796042,624.7983802424786,False
pacificorp,CAMPBELL,42.29564435910592,-122.82701989979088,,,,,,,,,,,,4.0,,,,,,,,,,,,1.26029,6.3,False,False,1306,66,41.89799074,-122.5399625,50.16072985012098,False
pacificorp,CANNON,40.73320538844464,-111.9116356473018,,,,,,,,,,,,,,,,,,,,,,,,,,False,False,208,66,37.37438227,-117.9796042,643.1884852774192,False
pacificorp,CANNON BEACH,45.88853178027308,-123.95507742597196,,,,,,,,,,,,2.0,,,,,,,,,,,,0.13899,2.8,False,False,8065,66,41.97698731,-122.3613697,453.25341028077696,False
pacificorp,CANYON COMPRES,41.45445327901676,-110.88022685732432,,,,,,,,,,,,,,,,,,,,,,,,,,False,False,208,66,37.37438227,-117.9796042,759.6812948881199,False
pacificorp,CANYON CREEK,43.883685318081255,-111.53848290554934,,,,,,,,,,,,,,,,,,,,,,,,,,False,False,622,66,41.53151534,-120.1820013,752.6714119197078,False
pacificorp,CANYONLANDS,38.75870436325065,-109.74411197215238,,,,,,,,,,,,,,,,,,,,,,,,,,False,False,2261,230,34.31514963,-114.1576556,631.9704370560656,False
pacificorp,CANYONVILLE,42.952619607042,-123.26736899904276,,,,,,,,,,,,2.0,,,,,,,,,,,,0.13173,3.4,False,False,1314,66,41.8405331,-123.1919616,123.81330220010466,False
pacificorp,CAPITOL,40.78619761686593,-111.89698273712072,,,,,,,,,,,,,,,,,,,,,,,,,,False,False,208,66,37.37438227,-117.9796042,647.4861763603151,False
pacificorp,CAPSTONE,45.9154083868916,-119.10954462613462,,,,,,,,,,,,,,,,,,,,,,,,,,False,False,1898,500,42.07986401,-121.3901623,463.81740733351063,False
pacificorp,CARBIDE,37.97474635009099,-109.31891537753356,,,,,,,,,,,,,,,,,,,,,,,,,,False,False,2261,230,34.31514963,-114.1576556,595.1150261810718,False
pacificorp,CARBON,39.7266069498093,-110.86219033662438,,,,,,,,,,,,,,,,,,,,,,,,,,False,False,7920,500,35.25222325,-115.5157004,644.8538061120917,False
pacificorp,CARBONVILLE,39.613187002666514,-110.84424771682107,,,,,,,,,,,,,,,,,,,,,,,,,,False,False,7920,500,35.25222325,-115.5157004,636.4089006186387,False
pacificorp,CARLISLE,40.69462341673306,-111.9193185444648,,,,,,,,,,,,,,,,,,,,,,,,,,False,False,208,66,37.37438227,-117.9796042,640.2863716166925,False
pacificorp,CARNES,43.13010219907874,-123.3720194678599,,,,,,,,,,,,1.0,,,,,,,,,,,,0.07197,0.5,False,False,1314,66,41.8405331,-123.1919616,144.15157625484852,False
pacificorp,CASCADE KRAFT,46.103164495959845,-118.92123039876424,,,,,,,,,,,,,,,,,,,,,,,,,,False,False,1898,500,42.07986401,-121.3901623,488.8307613092982,False
pacificorp,CASEBEER,42.1983148814316,-121.41371535196316,,,,,,,,,,,,1.0,,,,,,,,,,,,5.49633,-3.5,False,False,1898,500,42.07986401,-121.3901623,13.313536912628743,False
pacificorp,CASPER,42.87202841368672,-106.3589763008098,,,,,,,,,,,,,,,,,,,,,,,,,,False,False,622,66,41.53151534,-120.1820013,1147.0087968669052,False
pacificorp,CASSA,42.39828008462163,-104.96258095537412,,,,,,,,,,,,,,,,,,,,,,,,,,False,False,2261,230,34.31514963,-114.1576556,1202.9407745233625,False
pacificorp,CASTELLA,41.146145438632175,-122.31983797147208,,,,,,,,,,,,,,,,,,,,,,,,,,False,False,1289,66,41.14611102,-122.3196401,0.01700475929943617,True
pacificorp,CASTO,40.6595213564453,-111.80705199068396,,,,,,,,,,,,,,,,,,,,,,,,,,False,False,208,66,37.37438227,-117.9796042,646.1232290547906,False
pacificorp,CATALINA SW STA,44.28276932776906,-120.86772281762008,,,,,,,,,,,,,,,,,,,,,,,,,,False,False,1898,500,42.07986401,-121.3901623,248.5860931993707,False
pacificorp,CAVE JUNCTION,42.16607721487453,-123.6379747645382,,,,,,,,,,,,2.0,,,,,,,,,,,,1.06837,5.8,False,False,1304,66,41.80354175,-123.372551,45.89495031301166,False
pacificorp,CAVEMAN,42.458479892079104,-123.32475382675337,,,,,,,,,,,,4.0,,,,,,,,,,,,1.48868,5.1,False,False,1314,66,41.8405331,-123.1919616,69.57912169391703,False
pacificorp,CEDARVILLE,41.531578016942206,-120.18197347349344,,,,,,,,,,,,,,,,,,,,,,,,,,False,False,622,66,41.53151534,-120.1820013,0.007344183514995123,True
pacificorp,CENTENNIAL,40.73297236125543,-111.98977552773076,,,,,,,,,,,,,,,,,,,,,,,,,,False,False,208,66,37.37438227,-117.9796042,637.6981948663073,False
pacificorp,CENTER STREET,42.85468215055989,-106.32584584204002,,,,,,,,,,,,,,,,,,,,,,,,,,False,False,622,66,41.53151534,-120.1820013,1149.6150134281604,False
pacificorp,CENTERVILLE,40.913543053517806,-111.8926472941847,,,,,,,,,,,,,,,,,,,,,,,,,,False,False,208,66,37.37438227,-117.9796042,655.7881548434725,False
pacificorp,CENTRAL_UT,38.703379872105245,-112.10902090340942,,,,,,,,,,,,,,,,,,,,,,,,,,False,False,7920,500,35.25222325,-115.5157004,488.6273423007886,False
pacificorp,CENTRAL_WA,46.065864020793896,-118.34670696855228,,,,,,,,,,,,,,,,,,,,,,,,,,False,False,1898,500,42.07986401,-121.3901623,505.4352765000245,False
pacificorp,CHALK BUTTE METERING STA,42.74453421280239,-105.46507912888696,,,,,,,,,,,,,,,,,,,,,,,,,,False,False,7920,500,35.25222325,-115.5157004,1201.8613998501814,False
pacificorp,CHAPEL HILL,40.619206667503576,-111.86143138513556,,,,,,,,,,,,,,,,,,,,,,,,,,False,False,208,66,37.37438227,-117.9796042,639.8472245717735,False
pacificorp,CHAPMAN,41.40571886317824,-111.0380377067525,,,,,,,,,,,,,,,,,,,,,,,,,,False,False,208,66,37.37438227,-117.9796042,745.769803461625,False
pacificorp,CHAPPARAL,40.17618170251511,-111.9263690366509,,,,,,,,,,,,,,,,,,,,,,,,,,False,False,208,66,37.37438227,-117.9796042,610.0469640306443,False
pacificorp,CHAPPEL CREEK,42.249007493539736,-110.22423703128736,,,,,,,,,,,,,,,,,,,,,,,,,,False,False,622,66,41.53151534,-120.1820013,827.639483498209,False
pacificorp,CHASE RANCH,41.91383097346379,-106.38389289340502,,,,,,,,,,,,,,,,,,,,,,,,,,False,False,1017,66,34.47871451,-114.4169599,1083.5204124121783,False
pacificorp,CHERRY LANE,44.665140816740085,-121.12945303478487,,,,,,,,,,,,1.0,,,,,,,,,,,,10.0,-8.0,False,False,1898,500,42.07986401,-121.3901623,288.24050097607693,False
pacificorp,CHERRY WOOD,40.3182011898592,-111.7019140573661,,,,,,,,,,,,,,,,,,,,,,,,,,False,False,208,66,37.37438227,-117.9796042,634.3575515335889,False
pacificorp,CHESTERFIELD,42.82323529536578,-111.91047064736266,,,,,,,,,,,,,,,,,,,,,,,,,,False,False,622,66,41.53151534,-120.1820013,696.2596784438565,False
pacificorp,CHEVRON,40.82544488366078,-111.91972325256828,,,,,,,,,,,,,,,,,,,,,,,,,,False,False,208,66,37.37438227,-117.9796042,648.3492935143873,False
pacificorp,CHILOQUIN,42.58594717530151,-121.84207867594344,,,,,,,,,,,,1.0,,,,,,,,,,,,10.27202,-8.0,False,False,1898,500,42.07986401,-121.3901623,67.42893727480941,False
pacificorp,CHILOQUIN MRKT,42.57768552260223,-121.87177464092176,,,,,,,,,,,,,,,,,,,,,,,,,,False,False,1898,500,42.07986401,-121.3901623,68.05607488043665,False
pacificorp,CHIMNEY BUTTE,42.48338323266425,-110.12170772111298,,,,,,,,,,,,,,,,,,,,,,,,,,False,False,622,66,41.53151534,-120.1820013,837.4282090213256,False
pacificorp,CHINA HAT,44.0023734769885,-121.33026764003236,,,,,,,,,,,,3.0,,,,,,,,,,,,1.90091,6.7,False,False,1898,500,42.07986401,-121.3901623,213.8286892690281,False
pacificorp,CHUKAR,44.76121035707045,-108.78174448074024,,,,,,,,,,,,,,,,,,,,,,,,,,False,False,622,66,41.53151534,-120.1820013,991.0835710317164,False
pacificorp,CINDER BUTTE,43.4390343815827,-112.16199004886616,,,,,,,,,,,,,,,,,,,,,,,,,,False,False,622,66,41.53151534,-120.1820013,690.670937927683,False
pacificorp,CIRCLE BLVD,44.5876281589707,-123.2468865832165,,,,,,,,,,,,1.0,,,,,,,,,,,,0.0,0.0,False,False,8065,66,41.97698731,-122.3613697,299.0036034032255,False
pacificorp,CIRCLEVILLE,38.16428978998674,-112.25031681204064,,,,,,,,,,,,,,,,,,,,,,,,,,False,False,7920,500,35.25222325,-115.5157004,435.3467242809462,False
pacificorp,CLAIM JUMPER,43.389968301714994,-106.3229393860574,,,,,,,,,,,,,,,,,,,,,,,,,,False,False,622,66,41.53151534,-120.1820013,1154.1095541768348,False
pacificorp,CLAWSON,39.139168211565895,-111.0563515912796,,,,,,,,,,,,,,,,,,,,,,,,,,False,False,7920,500,35.25222325,-115.5157004,585.3436940297963,False
pacificorp,CLEAR CREEK,39.651745712821096,-111.1522724001506,,,,,,,,,,,,,,,,,,,,,,,,,,False,False,7920,500,35.25222325,-115.5157004,622.4575058131268,False
pacificorp,CLEAR LAKE_CA,41.70481512978127,-121.27663843855598,,,,,,,,,,,,,,,,,,,,,,,,,,False,False,620,66,41.70474169,-121.2765623,0.010326537579332646,True
pacificorp,CLEAR LAKE_UT,39.10460645808079,-112.8481409444164,,,,,,,,,,,,,,,,,,,,,,,,,,False,False,208,66,37.37438227,-117.9796042,487.6143329254541,False
pacificorp,CLEARFIELD S,41.10510987642922,-112.04464372876616,,,,,,,,,,,,,,,,,,,,,,,,,,False,False,208,66,37.37438227,-117.9796042,658.0039286358177,False
pacificorp,CLEARWATER 1,43.25132532346835,-122.33706466094335,,,,,,,,,,,,,,,,,,,,,,,,,,False,False,1724,66,41.97986964,-122.3359387,141.3794514736391,False
pacificorp,CLEARWATER 2,43.26692681392085,-122.40995147027192,,,,,,,,,,,,,,,,,,,,,,,,,,False,False,1724,66,41.97986964,-122.3359387,143.2422709155599,False
pacificorp,CLEARWATER SY,43.26362129561725,-122.41411386714152,,,,,,,,,,,,,,,,,,,,,,,,,,False,False,1724,66,41.97986964,-122.3359387,142.8898887698796,False
pacificorp,CLEMENTS,43.55459920031618,-112.20319430040662,,,,,,,,,,,,,,,,,,,,,,,,,,False,False,622,66,41.53151534,-120.1820013,690.9483201216734,False
pacificorp,CLEVELAND AVE,44.04038943414498,-121.29964802278734,,,,,,,,,,,,6.0,,,,,,,,,,,,2.76613,9.8,False,False,1898,500,42.07986401,-121.3901623,218.12442994381706,False
pacificorp,CLIFTON,42.1842703935648,-111.97940103093988,,,,,,,,,,,,,,,,,,,,,,,,,,False,False,622,66,41.53151534,-120.1820013,682.9217765599487,False
pacificorp,CLINTON_UT,41.14111819194376,-112.0575735058406,,,,,,,,,,,,,,,,,,,,,,,,,,False,False,208,66,37.37438227,-117.9796042,659.5704184050696,False
pacificorp,CLINTON_WA,46.584423318485264,-120.5563060176243,,,,,,,,,,,,,,,,,,,,,,,,,,False,False,1898,500,42.07986401,-121.3901623,505.2473492361755,False
pacificorp,CLIVE,40.73084343482149,-113.12344088319274,,,,,,,,,,,,,,,,,,,,,,,,,,False,False,208,66,37.37438227,-117.9796042,561.1967917706305,False
pacificorp,CLOAKE,43.20867312918289,-123.39111399825038,,,,,,,,,,,,3.0,,,,,,,,,,,,0.83464,4.0,False,False,1314,66,41.8405331,-123.1919616,153.00299747170106,False
pacificorp,CLOUD METERING STA (FUTURE),40.569184820249454,-112.04716420112908,,,,,,,,,,,,,,,,,,,,,,,,,,False,False,208,66,37.37438227,-117.9796042,623.6378650197289,False
pacificorp,CLOVER,39.78955760051552,-111.89457241348298,,,,,,,,,,,,,,,,,,,,,,,,,,False,False,208,66,37.37438227,-117.9796042,593.0132963141249,False
pacificorp,COAL CREEK SY,39.59582993081654,-110.68860870718731,,,,,,,,,,,,,,,,,,,,,,,,,,False,False,7920,500,35.25222325,-115.5157004,643.9701853069943,False
pacificorp,COAL MINE,43.030040960145925,-105.83911160517022,,,,,,,,,,,,,,,,,,,,,,,,,,False,False,622,66,41.53151534,-120.1820013,1190.171602868894,False
pacificorp,COALVILLE,40.91250136842439,-111.398972728227,,,,,,,,,,,,,,,,,,,,,,,,,,False,False,208,66,37.37438227,-117.9796042,690.2166131312686,False
pacificorp,COBURG,44.14301962372242,-123.0752383959688,,,,,,,,,,,,1.0,,,,,,,,,,,,0.1159,0.3,False,False,8065,66,41.97698731,-122.3613697,247.73329118589027,False
pacificorp,COKEVILLE,41.92251273557586,-110.95560302317098,,,,,,,,,,,,,,,,,,,,,,,,,,False,False,622,66,41.53151534,-120.1820013,766.5376345236224,False
pacificorp,COLD SPRINGS,45.889327062811,-119.22699735078174,,,,,,,,,,,,,,,,,,,,,,,,,,False,False,1898,500,42.07986401,-121.3901623,457.53751212242895,False
pacificorp,COLD WATER CYN,41.30699232497105,-111.93364660227958,,,,,,,,,,,,,,,,,,,,,,,,,,False,False,208,66,37.37438227,-117.9796042,679.0657722545653,False
pacificorp,COLEMAN,37.68580716786497,-113.08438440737687,,,,,,,,,,,,,,,,,,,,,,,,,,False,False,7920,500,35.25222325,-115.5157004,347.08966085446957,False
pacificorp,COLISEUM_OSU,44.56222060378789,-123.27942410449144,,,,,,,,,,,,,,,,,,,,,,,,,,False,False,8065,66,41.97698731,-122.3613697,296.9133583600893,False
pacificorp,COLLEGE,41.19061437995983,-111.93897838017196,,,,,,,,,,,,,,,,,,,,,,,,,,False,False,208,66,37.37438227,-117.9796042,670.8001463081405,False
pacificorp,COLTON WELL,39.84737385351991,-111.01070250266277,,,,,,,,,,,,,,,,,,,,,,,,,,False,False,7920,500,35.25222325,-115.5157004,646.9483630659678,False
pacificorp,COLUMBIA,45.57989744020728,-122.6674537243312,,,,,,,,,,,,6.0,,,,,,,,,,,,0.84624,10.7,False,False,1724,66,41.97986964,-122.3359387,401.1875363889568,False
pacificorp,COLUMBIA_UT,39.520742074453565,-110.39029273786916,,,,,,,,,,,,,,,,,,,,,,,,,,False,False,7920,500,35.25222325,-115.5157004,655.7651198688029,False
pacificorp,COLUMBIAGENEVA,42.53194149378258,-108.75995975928022,,,,,,,,,,,,,,,,,,,,,,,,,,False,False,622,66,41.53151534,-120.1820013,949.1758598844534,False
pacificorp,COMMERCE,37.70308459626503,-113.16494430965538,,,,,,,,,,,,,,,,,,,,,,,,,,False,False,7920,500,35.25222325,-115.5157004,344.13032709076214,False
pacificorp,COMMUNITY PARK,42.82140349734615,-106.31755863920228,,,,,,,,,,,,,,,,,,,,,,,,,,False,False,622,66,41.53151534,-120.1820013,1150.1255363294204,False
pacificorp,COMNET CELL,39.65029327609058,-111.85880857130556,,,,,,,,,,,,,,,,,,,,,,,,,,False,False,7920,500,35.25222325,-115.5157004,585.8455949559226,False
pacificorp,CONDA,42.732736530120896,-111.5475517262276,,,,,,,,,,,,,,,,,,,,,,,,,,False,False,622,66,41.53151534,-120.1820013,724.0926270183251,False
pacificorp,CONSER RD,44.68052055303216,-123.07748811969836,,,,,,,,,,,,,,,,,,,,,,,,,,False,False,8065,66,41.97698731,-122.3613697,306.1450647920592,False
pacificorp,COOS RIVER,43.35217201434053,-124.18231553512732,,,,,,,,,,,,1.0,,,,,,,,,,,,0.0869,0.8,False,False,1304,66,41.80354175,-123.372551,184.5206986432616,False
pacificorp,COPCO 2,41.97520968611644,-122.35849213588962,,,,,,,,,,,,,,,,,,,,,,,,,,False,False,8066,115,41.97692732,-122.3613426,0.3033170242259136,True
pacificorp,COPCO 2 230KV,41.97660119830531,-122.36166080740874,,,,,,,,,,,,,,,,,,,,,,,,,,False,False,8066,115,41.97692732,-122.3613426,0.04479875634115119,True
pacificorp,COPPER HILLS,40.59478224594408,-112.05925041074444,,,,,,,,,,,,,,,,,,,,,,,,,,False,False,208,66,37.37438227,-117.9796042,624.3296788717133,False
pacificorp,COQUILLE,43.19462757830648,-124.16547176422398,,,,,,,,,,,,3.0,,,,,,,,,,,,0.11356,4.4,False,False,1304,66,41.80354175,-123.372551,167.7838340927339,False
pacificorp,CORINNE,41.58687150938063,-112.27725178433197,,,,,,,,,,,,,,,,,,,,,,,,,,False,False,622,66,41.53151534,-120.1820013,657.5050280211,False
pacificorp,CORRAL,44.223237857960896,-120.92969046093972,,,,,,,,,,,,,,,,,,,,,,,,,,False,False,1898,500,42.07986401,-121.3901623,241.24062270537212,False
pacificorp,COTTONWOOD,40.6886570552774,-111.86069646262182,,,,,,,,,,,,,,,,,,,,,,,,,,False,False,208,66,37.37438227,-117.9796042,644.0649029384582,False
pacificorp,COVE,44.60029436824263,-121.26808493644046,,,,,,,,,,,,,,,,,,,,,,,,,,False,False,1898,500,42.07986401,-121.3901623,280.4327997800438,False
pacificorp,COVE FORT,38.54922281109407,-112.6011724943805,,,,,,,,,,,,,,,,,,,,,,,,,,False,False,7920,500,35.25222325,-115.5157004,448.90017975696946,False
pacificorp,COVE_ID,42.51472632300881,-111.79359976601664,,,,,,,,,,,,,,,,,,,,,,,,,,False,False,622,66,41.53151534,-120.1820013,701.1834816245475,False
pacificorp,COWBOY PASTURE,37.41345565801407,-109.48913116872136,,,,,,,,,,,,,,,,,,,,,,,,,,False,False,2261,230,34.31514963,-114.1576556,543.6279802399296,False
pacificorp,COYOTE,40.04987467525811,-109.35086163846825,,,,,,,,,,,,,,,,,,,,,,,,,,False,False,7920,500,35.25222325,-115.5157004,760.6423175814849,False
pacificorp,COYOTE WASH METER STA(FUTURE),40.05348474596403,-109.36306145442433,,,,,,,,,,,,,,,,,,,,,,,,,,False,False,7920,500,35.25222325,-115.5157004,760.1501286564211,False
pacificorp,COZYDALE,41.17582627535024,-112.01818054627216,,,,,,,,,,,,,,,,,,,,,,,,,,False,False,208,66,37.37438227,-117.9796042,664.5367573781654,False
pacificorp,CRAG VIEW,41.18492143166833,-122.28573011423217,,,,,,,,,,,,,,,,,,,,,,,,,,False,False,8104,66,41.18487088,-122.2859514,0.01935241768612956,True
pacificorp,CRANER FLAT,40.87982335784125,-112.73240524702692,,,,,,,,,,,,,,,,,,,,,,,,,,False,False,208,66,37.37438227,-117.9796042,597.1185631162456,False
pacificorp,CRAVEN CREEK,41.82384987892688,-110.32880524676384,,,,,,,,,,,,,,,,,,,,,,,,,,False,False,622,66,41.53151534,-120.1820013,818.5158087922239,False
pacificorp,CREEK,45.709803538961,-120.03006810292896,,,,,,,,,,,,,,,,,,,,,,,,,,False,False,1898,500,42.07986401,-121.3901623,418.0666936465393,False
pacificorp,CRESCENT JCT,38.94255308505836,-109.82061390581478,,,,,,,,,,,,,,,,,,,,,,,,,,False,False,1017,66,34.47871451,-114.4169599,643.4156344955003,False
pacificorp,CROOKED RIVER,44.43295281162688,-121.24782937396948,,,,,,,,,,,,2.0,,,,,,,,,,,,2.04911,2.1,False,False,1898,500,42.07986401,-121.3901623,261.90517068538577,False
pacificorp,CROOKS GAP,42.40181252834874,-107.85319054141294,,,,,,,,,,,,,,,,,,,,,,,,,,False,False,622,66,41.53151534,-120.1820013,1022.9842711337278,False
pacificorp,CROSS HOLLOW,37.66261916480518,-113.11006451316634,,,,,,,,,,,,,,,,,,,,,,,,,,False,False,7920,500,35.25222325,-115.5157004,343.6625128811024,False
pacificorp,CROWFOOT,44.508452942542704,-122.88077738158812,,,,,,,,,,,,2.0,,,,,,,,,,,,0.55286,2.6,False,False,1724,66,41.97986964,-122.3359387,284.60591675467987,False
pacificorp,CROYDON,41.06399750481704,-111.51831298216932,,,,,,,,,,,,,,,,,,,,,,,,,,False,False,208,66,37.37438227,-117.9796042,691.149961393467,False
pacificorp,CUDAHY,40.84260133225736,-111.94532726207002,,,,,,,,,,,,,,,,,,,,,,,,,,False,False,208,66,37.37438227,-117.9796042,647.6527180626532,False
pacificorp,CULLY,45.5499508198799,-122.60412741687358,,,,,,,,,,,,3.0,,,,,,,,,,,,0.86877,3.26,False,False,1724,66,41.97986964,-122.3359387,397.5579661629525,False
pacificorp,CULVER,44.520544837459305,-121.2504940717496,,,,,,,,,,,,1.0,,,,,,,,,,,,6.84021,1.9,False,False,1898,500,42.07986401,-121.3901623,271.6264506700212,False
pacificorp,CURRANT CREEK,39.821587194129066,-111.8958522342851,,,,,,,,,,,,,,,,,,,,,,,,,,False,False,208,66,37.37438227,-117.9796042,594.4281710563339,False
pacificorp,CUTLER,41.83482210211127,-112.05276037656574,,,,,,,,,,,,,,,,,,,,,,,,,,False,False,622,66,41.53151534,-120.1820013,675.6744386192446,False
pacificorp,DAIRY,42.23464451886697,-121.5804695031699,,,,,,,,,,,,2.0,,,,,,,,,,,,18.95006,-16.5,False,False,1898,500,42.07986401,-121.3901623,23.287130642379804,False
pacificorp,DAIRY FORK,39.969841016616655,-111.3368464891406,,,,,,,,,,,,,,,,,,,,,,,,,,False,False,7920,500,35.25222325,-115.5157004,640.6550054586529,False
pacificorp,DALLAS,44.91146631231033,-123.31064879457246,,,,,,,,,,,,4.0,,,,,,,,,,,,6.70995,10.3,False,False,8065,66,41.97698731,-122.3613697,335.1711076226799,False
pacificorp,DALREED,45.763767562753074,-119.99888802138832,,,,,,,,,,,,3.0,,,,,,,,,,,,14.8,-11.1,False,False,1898,500,42.07986401,-121.3901623,424.49747685292635,False
pacificorp,DALTON METERING STA,40.5577374199998,-112.06121666030629,,,,,,,,,,,,,,,,,,,,,,,,,,False,False,208,66,37.37438227,-117.9796042,621.950528343659,False
pacificorp,DAMMERON VLY,37.29052684219952,-113.6610322184885,,,,,,,,,,,,,,,,,,,,,,,,,,False,False,7920,500,35.25222325,-115.5157004,281.08028645844604,False
pacificorp,DANIEL,40.496655934933536,-111.43675520971364,,,,,,,,,,,,,,,,,,,,,,,,,,False,False,208,66,37.37438227,-117.9796042,663.6417064303857,False
pacificorp,DAVE JOHNSTON PLANT,42.83713135844573,-105.77825765900386,,,,,,,,,,,,,,,,,,,,,,,,,,False,False,7920,500,35.25222325,-115.5157004,1189.4266259110075,False
pacificorp,DAYBREAK,40.5378284390501,-112.05873249155894,,,,,,,,,,,,,,,,,,,,,,,,,,False,False,208,66,37.37438227,-117.9796042,620.9314141221423,False
pacificorp,DAYS CREEK,42.97349965902552,-123.19092311486423,,,,,,,,,,,,,,,,,,,,,,,,,,False,False,1314,66,41.8405331,-123.1919616,125.98016227120506,False
pacificorp,DAYTON,46.32807315766501,-117.97771090858753,,,,,,,,,,,,,,,,,,,,,,,,,,False,False,1898,500,42.07986401,-121.3901623,544.9694243246505,False
pacificorp,DECADE,40.734152420072526,-111.96910558230071,,,,,,,,,,,,,,,,,,,,,,,,,,False,False,208,66,37.37438227,-117.9796042,639.2174129051251,False
pacificorp,DECKER LAKE,40.70600124446973,-111.95080088484409,,,,,,,,,,,,,,,,,,,,,,,,,,False,False,208,66,37.37438227,-117.9796042,638.7662512371306,False
pacificorp,DEER CREEK,42.83561632953206,-105.88863106273077,,,,,,,,,,,,,,,,,,,,,,,,,,False,False,7920,500,35.25222325,-115.5157004,1182.635525814208,False
pacificorp,DEL NORTE,41.86762419987306,-124.13912913923438,,,,,,,,,,,,,,,,,,,,,,,,,,False,False,1304,66,41.80354175,-123.372551,63.907054787035314,False
pacificorp,DELLE,40.85062755832962,-112.82695326485378,,,,,,,,,,,,,,,,,,,,,,,,,,False,False,208,66,37.37438227,-117.9796042,588.905605928655,False
pacificorp,DELTA,39.35137349215942,-112.57840607960496,,,,,,,,,,,,,,,,,,,,,,,,,,False,False,208,66,37.37438227,-117.9796042,519.5784937790047,False
pacificorp,DESCHUTES,44.166706584329546,-121.24929069578153,,,,,,,,,,,,2.0,,,,,,,,,,,,11.39027,-7.0,False,False,1898,500,42.07986401,-121.3901623,232.32768021958086,False
pacificorp,DESERET PEAK,40.569797576345074,-112.3663001003938,,,,,,,,,,,,,,,,,,,,,,,,,,False,False,208,66,37.37438227,-117.9796042,601.2262066381053,False
pacificorp,DEVILS LAKE,44.95795173580128,-124.00745626869258,,,,,,,,,,,,4.0,,,,,,,,,,,,0.57699,12.6,False,False,1314,66,41.8405331,-123.1919616,352.8413755346835,False
pacificorp,DEVILS SLIDE SY,41.06047881159763,-111.53600966301076,,,,,,,,,,,,,,,,,,,,,,,,,,False,False,208,66,37.37438227,-117.9796042,689.7041621101891,False
pacificorp,DEWEYVILLE,41.71505964277911,-112.09666640384964,,,,,,,,,,,,,,,,,,,,,,,,,,False,False,622,66,41.53151534,-120.1820013,672.1265708015261,False
pacificorp,DIAMOND HILL,44.24767494863276,-123.0477186312073,,,,,,,,,,,,,,,,,,,,,,,,,,False,False,8065,66,41.97698731,-122.3613697,258.55983768174553,False
pacificorp,DIMPLE DELL,40.55697997887071,-111.83678330077542,,,,,,,,,,,,,,,,,,,,,,,,,,False,False,208,66,37.37438227,-117.9796042,637.9413677393482,False
pacificorp,DIXON,44.56817181873458,-123.25736804689984,,,,,,,,,,,,2.0,,,,,,,,,,,,0.12503,0.8,False,False,8065,66,41.97698731,-122.3613697,297.11242026799596,False
pacificorp,DIXONVILLE 230KV,43.20624702515165,-123.2407819002436,,,,,,,,,,,,,,,,,,,,,,,,,,False,False,1314,66,41.8405331,-123.1919616,151.91314449055147,False
pacificorp,DIXONVILLE 500KV,43.21826427435005,-123.22444045377236,,,,,,,,,,,,,,,,,,,,,,,,,,False,False,1314,66,41.8405331,-123.1919616,153.21982892107056,False
pacificorp,DODD RD,46.13904329005975,-118.93106332103326,,,,,,,,,,,,,,,,,,,,,,,,,,False,False,1898,500,42.07986401,-121.3901623,492.1463165924901,False
pacificorp,DODGE BRIDGE,42.52494946264984,-122.84715228706672,,,,,,,,,,,,2.0,,,,,,,,,,,,11.47298,-7.6,False,False,8065,66,41.97698731,-122.3613697,72.87775236967917,False
pacificorp,DOG CREEK,40.940236200238594,-122.43128122737986,,,,,,,,,,,,,,,,,,,,,,,,,,False,False,8772,115,40.94011893,-122.4310412,0.024010777527877197,True
pacificorp,DOG VALLEY,39.6741742830343,-112.0059500860868,,,,,,,,,,,,,,,,,,,,,,,,,,False,False,208,66,37.37438227,-117.9796042,579.0045860242632,False
pacificorp,DORRIS,41.966797001765606,-121.9137586885193,,,,,,,,,,,,,,,,,,,,,,,,,,False,False,1724,66,41.97986964,-122.3359387,34.9312337782352,False
pacificorp,DOWELL,42.42105130387396,-123.36332148430736,,,,,,,,,,,,2.0,,,,,,,,,,,,1.03586,4.5,False,False,1314,66,41.8405331,-123.1919616,66.07926572182656,False
pacificorp,DOWNEY,42.43328050729946,-112.13031897963226,,,,,,,,,,,,,,,,,,,,,,,,,,False,False,622,66,41.53151534,-120.1820013,672.771722363357,False
pacificorp,DRAPER,40.52717956234498,-111.90567267266664,,,,,,,,,,,,,,,,,,,,,,,,,,False,False,208,66,37.37438227,-117.9796042,631.2476284510959,False
pacificorp,DRY FORK,43.09093632910016,-105.90314659625042,,,,,,,,,,,,,,,,,,,,,,,,,,False,False,622,66,41.53151534,-120.1820013,1185.3734640802888,False
pacificorp,DUBOIS,44.10096564030084,-112.23432103369753,,,,,,,,,,,,,,,,,,,,,,,,,,False,False,622,66,41.53151534,-120.1820013,708.0286351914073,False
pacificorp,DUMAS,40.52844793759708,-111.86429498519094,,,,,,,,,,,,,,,,,,,,,,,,,,False,False,208,66,37.37438227,-117.9796042,634.2974341205181,False
pacificorp,DUNLAP,42.042395311824194,-106.16181629636137,,,,,,,,,,,,,,,,,,,,,,,,,,False,False,2261,230,34.31514963,-114.1576556,1106.4935157030432,False
pacificorp,DYNAMO,40.330930968080125,-111.75668453876652,,,,,,,,,,,,,,,,,,,,,,,,,,False,False,208,66,37.37438227,-117.9796042,630.9968020139986,False
pacificorp,EAGLE MOUNTAIN,40.42456106777601,-111.9141008265624,,,,,,,,,,,,,,,,,,,,,,,,,,False,False,208,66,37.37438227,-117.9796042,624.7006534181505,False
pacificorp,EAGLE POINT HYDRO,42.51446001769176,-122.75700530895452,,,,,,,,,,,,,,,,,,,,,,,,,,False,False,8065,66,41.97698731,-122.3613697,68.06103468074228,False
pacificorp,EAGLE ROCK SY,43.46796500256389,-112.16225919760002,,,,,,,,,,,,,,,,,,,,,,,,,,False,False,622,66,41.53151534,-120.1820013,691.4969444071402,False
pacificorp,EAST BENCH,41.22220516280752,-111.93073056486612,,,,,,,,,,,,,,,,,,,,,,,,,,False,False,208,66,37.37438227,-117.9796042,673.4807371975633,False
pacificorp,EAST LAYTON,41.10399102566295,-111.94515275534292,,,,,,,,,,,,,,,,,,,,,,,,,,False,False,208,66,37.37438227,-117.9796042,664.5953577441854,False
pacificorp,EAST MILLCREEK,40.69563894816261,-111.82537578542522,,,,,,,,,,,,,,,,,,,,,,,,,,False,False,208,66,37.37438227,-117.9796042,646.9873279486648,False
pacificorp,EAST PROVO,40.23458061113504,-111.63112965434873,,,,,,,,,,,,,,,,,,,,,,,,,,False,False,208,66,37.37438227,-117.9796042,635.1915879630931,False
pacificorp,EAST SIDE,42.22766682834517,-121.79653083105242,,,,,,,,,,,,,,,,,,,,,,,,,,False,False,1898,500,42.07986401,-121.3901623,37.31295217122486,False
pacificorp,EASTHYRUM,41.63258928931895,-111.81068161202988,,,,,,,,,,,,,,,,,,,,,,,,,,False,False,622,66,41.53151534,-120.1820013,696.097457101859,False
pacificorp,EASTMONT,43.99653436637383,-112.47655786399416,,,,,,,,,,,,,,,,,,,,,,,,,,False,False,622,66,41.53151534,-120.1820013,685.7952307279269,False
pacificorp,EASY VALLEY,42.44458918158201,-123.36651857133552,,,,,,,,,,,,3.0,,,,,,,,,,,,2.07174,4.3,False,False,1314,66,41.8405331,-123.1919616,68.69249225066221,False
pacificorp,ECHO SPRINGS,41.64998539376448,-107.825085766789,,,,,,,,,,,,,,,,,,,,,,,,,,False,False,7920,500,35.25222325,-115.5157004,976.210295489553,False
pacificorp,EDEN,41.29680877077432,-111.80988551783852,,,,,,,,,,,,,,,,,,,,,,,,,,False,False,208,66,37.37438227,-117.9796042,686.5442379052678,False
pacificorp,EGIN,43.9420212782338,-111.83887917992772,,,,,,,,,,,,,,,,,,,,,,,,,,False,False,622,66,41.53151534,-120.1820013,731.7840977964946,False
pacificorp,EIGHT MILE,42.61830055076979,-111.5256672585334,,,,,,,,,,,,,,,,,,,,,,,,,,False,False,622,66,41.53151534,-120.1820013,724.2745381534147,False
pacificorp,EKOLA FLATS,42.00442883805412,-106.36665902459796,,,,,,,,,,,,,,,,,,,,,,,,,,False,False,1017,66,34.47871451,-114.4169599,1091.8856352553007,False
pacificorp,EL MONTE,41.240183080966695,-111.92998762039691,,,,,,,,,,,,,,,,,,,,,,,,,,False,False,208,66,37.37438227,-117.9796042,674.7479690620607,False
pacificorp,ELBERTA,39.981297500293536,-111.95666262653322,,,,,,,,,,,,,,,,,,,,,,,,,,False,False,208,66,37.37438227,-117.9796042,597.6163066095947,False
pacificorp,ELGIN SY,45.56006767979793,-117.9167707484084,,,,,,,,,,,,,,,,,,,,,,,,,,False,False,623,115,41.73313546,-120.3669055,468.9230226535233,False
pacificorp,ELK BASIN PA,44.98038645900407,-108.84418442769352,,,,,,,,,,,,,,,,,,,,,,,,,,False,False,622,66,41.53151534,-120.1820013,993.9253355327046,False
pacificorp,ELK MEADOWS,38.32275924177912,-112.38173450085462,,,,,,,,,,,,,,,,,,,,,,,,,,False,False,7920,500,35.25222325,-115.5157004,440.9136286541329,False
pacificorp,ELKHORN,42.82814204743776,-106.24305730577989,,,,,,,,,,,,,,,,,,,,,,,,,,False,False,622,66,41.53151534,-120.1820013,1156.2278387846106,False
pacificorp,ELSINORE,38.67533697067229,-112.14877824570829,,,,,,,,,,,,,,,,,,,,,,,,,,False,False,7920,500,35.25222325,-115.5157004,484.029454801566,False
pacificorp,EMERY,39.17724816932163,-111.02851600042376,,,,,,,,,,,,,,,,,,,,,,,,,,False,False,7920,500,35.25222325,-115.5157004,590.062181147515,False
pacificorp,EMERY CITY,38.91032615592831,-111.25191501278702,,,,,,,,,,,,,,,,,,,,,,,,,,False,False,7920,500,35.25222325,-115.5157004,555.3044459977777,False
pacificorp,EMIGRANT,42.65218175498012,-105.39320337251236,,,,,,,,,,,,,,,,,,,,,,,,,,False,False,2261,230,34.31514963,-114.1576556,1199.1469973415253,False
pacificorp,EMIGRATION,40.738617650458856,-111.83847779828574,,,,,,,,,,,,,,,,,,,,,,,,,,False,False,208,66,37.37438227,-117.9796042,648.6663735285714,False
pacificorp,EMMA PARK,39.7918351563505,-110.77046118903996,,,,,,,,,,,,,,,,,,,,,,,,,,False,False,7920,500,35.25222325,-115.5157004,655.4729277846207,False
pacificorp,EMPIRE,43.37338692338248,-124.28350916635692,,,,,,,,,,,,3.0,,,,,,,,,,,,0.47172,3.2,False,False,1304,66,41.80354175,-123.372551,189.81852543483095,False
pacificorp,ENOCH,37.76439936089943,-113.02099181503108,,,,,,,,,,,,,,,,,,,,,,,,,,False,False,7920,500,35.25222325,-115.5157004,357.3809265011046,False
pacificorp,ENTERPRISE VLY,37.61180531253484,-113.66052384030964,,,,,,,,,,,,,,,,,,,,,,,,,,False,False,7920,500,35.25222325,-115.5157004,310.44297594844267,False
pacificorp,ENTERPRISE_OR,45.41838005202846,-117.28281112105928,,,,,,,,,,,,,,,,,,,,,,,,,,False,False,623,115,41.73313546,-120.3669055,479.122632569288,False
pacificorp,EUREKA,39.95153200955254,-112.11332068322866,,,,,,,,,,,,,,,,,,,,,,,,,,False,False,208,66,37.37438227,-117.9796042,584.2346319585387,False
pacificorp,EVANS,42.857122150720045,-106.23907014596772,,,,,,,,,,,,,,,,,,,,,,,,,,False,False,622,66,41.53151534,-120.1820013,1156.6934007678774,False
pacificorp,EVANSTON,41.27172111719204,-110.97329515404552,,,,,,,,,,,,,,,,,,,,,,,,,,False,False,208,66,37.37438227,-117.9796042,741.9006862965579,False
pacificorp,EXXON METER STA,41.87649204804836,-110.04558664258832,,,,,,,,,,,,,,,,,,,,,,,,,,False,False,622,66,41.53151534,-120.1820013,841.8804461300392,False
pacificorp,FAIRCHILD SY,40.584764794372205,-111.97194103454498,,,,,,,,,,,,,,,,,,,,,,,,,,False,False,208,66,37.37438227,-117.9796042,629.9199436497884,False
pacificorp,FAIRFIELD (FUTURE),40.26231706750043,-112.00107630885218,,,,,,,,,,,,,,,,,,,,,,,,,,False,False,208,66,37.37438227,-117.9796042,609.20967660325,False
pacificorp,FALCON RIDGE,40.81070031874918,-111.92934130410956,,,,,,,,,,,,,,,,,,,,,,,,,,False,False,208,66,37.37438227,-117.9796042,646.756860102668,False
pacificorp,FALL CREEK HE PLANT,41.98563984077863,-122.3604673030273,,,,,,,,,,,,,,,,,,,,,,,,,,False,False,8065,66,41.97698731,-122.3613697,0.9650045988821456,True
pacificorp,FARADAY COLLECTOR,40.08043186445527,-112.09738592744276,,,,,,,,,,,,,,,,,,,,,,,,,,False,False,208,66,37.37438227,-117.9796042,592.1797151993103,False
pacificorp,FARMINGTON,40.981880002343416,-111.89124809177288,,,,,,,,,,,,,,,,,,,,,,,,,,False,False,208,66,37.37438227,-117.9796042,660.261289779599,False
pacificorp,FAYETTE,39.222744396869686,-111.8485735262844,,,,,,,,,,,,,,,,,,,,,,,,,,False,False,7920,500,35.25222325,-115.5157004,547.8906320462637,False
pacificorp,FERN HILL,46.17474786951831,-123.75722584631554,,,,,,,,,,,,2.0,,,,,,,,,,,,0.10948,1.5,False,False,8065,66,41.97698731,-122.3613697,479.88156924039333,False
pacificorp,FERRON,39.07326482501555,-111.13128232300105,,,,,,,,,,,,,,,,,,,,,,,,,,False,False,7920,500,35.25222325,-115.5157004,575.5794968396385,False
pacificorp,FIELDER CREEK,42.44736146342387,-123.17355588486502,,,,,,,,,,,,2.0,,,,,,,,,,,,1.05171,3.6,False,False,1314,66,41.8405331,-123.1919616,67.4932962844279,False
pacificorp,FIELDING,41.828784418782746,-112.12664694792346,,,,,,,,,,,,,,,,,,,,,,,,,,False,False,622,66,41.53151534,-120.1820013,669.5510916120401,False
pacificorp,FIFTH WEST,40.7658537792392,-111.90468311370248,,,,,,,,,,,,,,,,,,,,,,,,,,False,False,208,66,37.37438227,-117.9796042,645.6879439829179,False
pacificorp,FILLMORE SY,38.95365219749884,-112.31092939526322,,,,,,,,,,,,,,,,,,,,,,,,,,False,False,7920,500,35.25222325,-115.5157004,500.09032566232474,False
pacificorp,FILLMORE TV,39.0338714943826,-112.3450852324208,,,,,,,,,,,,,,,,,,,,,,,,,,False,False,7920,500,35.25222325,-115.5157004,505.68241877556045,False
pacificorp,FIREHOLE,41.536780773580766,-109.27272192871918,,,,,,,,,,,,,,,,,,,,,,,,,,False,False,208,66,37.37438227,-117.9796042,878.5474826842265,False
pacificorp,FISH CREEK,42.71438507392607,-111.87312361792178,,,,,,,,,,,,,,,,,,,,,,,,,,False,False,622,66,41.53151534,-120.1820013,697.4687929787059,False
pacificorp,FISH CREEK HE PLANT,43.27425838189151,-122.44903610647528,,,,,,,,,,,,,,,,,,,,,,,,,,False,False,1724,66,41.97986964,-122.3359387,144.22654216722015,False
pacificorp,FISHHOLE,42.38721498487089,-121.01320068842776,,,,,,,,,,,,,,,,,,,,,,,,,,False,False,1898,500,42.07986401,-121.3901623,46.16455983859544,False
pacificorp,FLINT,46.434508563795454,-120.32404032528464,,,,,,,,,,,,,,,,,,,,,,,,,,False,False,1898,500,42.07986401,-121.3901623,491.58826349826415,False
pacificorp,FLUX,40.671682297365685,-112.54671604424044,,,,,,,,,,,,,,,,,,,,,,,,,,False,False,208,66,37.37438227,-117.9796042,595.3572447608764,False
pacificorp,FOOL CREEK,39.48102846498034,-112.26853504934614,,,,,,,,,,,,,,,,,,,,,,,,,,False,False,208,66,37.37438227,-117.9796042,549.7329084749649,False
pacificorp,FOOTE CREEK,41.65222986472314,-106.19016552233708,,,,,,,,,,,,,,,,,,,,,,,,,,False,False,2261,230,34.31514963,-114.1576556,1072.8594289547273,False
pacificorp,FOOTHILLS,42.32413823351494,-122.82234072369792,,,,,,,,,,,,2.0,,,,,,,,,,,,1.27488,4.7,False,False,1306,66,41.89799074,-122.5399625,52.80100725545391,False
pacificorp,FORT CASPER,42.83782099165412,-106.3589174899048,,,,,,,,,,,,,,,,,,,,,,,,,,False,False,622,66,41.53151534,-120.1820013,1146.8362039133974,False
pacificorp,FORT DOUGLAS,40.75204407520583,-111.82958693925517,,,,,,,,,,,,,,,,,,,,,,,,,,False,False,208,66,37.37438227,-117.9796042,650.1116093579844,False
pacificorp,FORT JOHNSON (FUTURE),37.80180900533804,-113.05081169541631,,,,,,,,,,,,,,,,,,,,,,,,,,False,False,7920,500,35.25222325,-115.5157004,358.9673990865044,False
pacificorp,FORT JONES,41.60558304281725,-122.85023349771146,,,,,,,,,,,,,,,,,,,,,,,,,,False,False,1301,66,41.60541943,-122.8501503,0.019463626608381995,True
pacificorp,FORT KLAMATH STEP UP,42.59408939657296,-121.88615177549715,,,,,,,,,,,,,,,,,,,,,,,,,,False,False,1898,500,42.07986401,-121.3901623,70.22419734064307,False
pacificorp,FORT SANDERS,41.270331511711056,-105.60991474918224,,,,,,,,,,,,,,,,,,,,,,,,,,False,False,2261,230,34.31514963,-114.1576556,1076.9933390670424,False
pacificorp,FOSTER SY,44.41225653067757,-122.67152704156226,,,,,,,,,,,,,,,,,,,,,,,,,,False,False,1724,66,41.97986964,-122.3359387,271.83296682891864,False
pacificorp,FOUNTAIN GREEN,39.63760631346857,-111.65020568752912,,,,,,,,,,,,,,,,,,,,,,,,,,False,False,7920,500,35.25222325,-115.5157004,595.0342971461467,False
pacificorp,FRALEY,42.4657256893487,-122.88076205453277,,,,,,,,,,,,2.0,,,,,,,,,,,,0.7521,0.9,False,False,1306,66,41.89799074,-122.5399625,69.09283555142318,False
pacificorp,FRANKLIN,42.08869754800822,-111.82154493426911,,,,,,,,,,,,,,,,,,,,,,,,,,False,False,622,66,41.53151534,-120.1820013,695.3979069144085,False
pacificorp,FRANNIE,44.95778644207918,-108.67317865804488,,,,,,,,,,,,,,,,,,,,,,,,,,False,False,622,66,41.53151534,-120.1820013,1005.8906691077182,False
pacificorp,FREEDOM,38.49076863008912,-112.2295959752531,,,,,,,,,,,,,,,,,,,,,,,,,,False,False,7920,500,35.25222325,-115.5157004,463.74133571493707,False
pacificorp,FREEZEOUT,41.96000056184707,-106.39457506587569,,,,,,,,,,,,,,,,,,,,,,,,,,False,False,1017,66,34.47871451,-114.4169599,1086.6883189951034,False
pacificorp,FREMONT (FUTURE),37.97944828509473,-112.7802021329279,,,,,,,,,,,,,,,,,,,,,,,,,,False,False,7920,500,35.25222325,-115.5157004,389.2761571460436,False
pacificorp,FRIEND,44.29933366090686,-120.88507443489964,,,,,,,,,,,,,,,,,,,,,,,,,,False,False,1898,500,42.07986401,-121.3901623,250.16624080505892,False
pacificorp,FRONTIER,42.85250996052096,-106.3565916097004,,,,,,,,,,,,,,,,,,,,,,,,,,False,False,622,66,41.53151534,-120.1820013,1147.1002435537307,False
pacificorp,FRUIT HEIGHTS,41.03193505488015,-111.90103007687036,,,,,,,,,,,,,,,,,,,,,,,,,,False,False,208,66,37.37438227,-117.9796042,662.8388314927271,False
pacificorp,FRY,44.58928530775935,-123.03658239090323,,,,,,,,,,,,,,,,,,,,,,,,,,False,False,8065,66,41.97698731,-122.3613697,295.56848838037394,False
pacificorp,GADSBY,40.76768489482523,-111.93039650027656,,,,,,,,,,,,,,,,,,,,,,,,,,False,False,208,66,37.37438227,-117.9796042,644.0027504865413,False
pacificorp,GARDEN CITY,41.94697249919399,-111.40632217884136,,,,,,,,,,,,,,,,,,,,,,,,,,False,False,622,66,41.53151534,-120.1820013,729.2763929227648,False
pacificorp,GARDEN VALLEY,43.23585762141676,-123.38979656498728,,,,,,,,,,,,2.0,,,,,,,,,,,,0.52463,4.1,False,False,1314,66,41.8405331,-123.1919616,155.99723792664884,False
pacificorp,GARKANE SW STA,38.83190163491617,-111.96875427185434,,,,,,,,,,,,,,,,,,,,,,,,,,False,False,7920,500,35.25222325,-115.5157004,507.3890456650502,False
pacificorp,GARLAND,44.79687718998812,-108.58425450622332,,,,,,,,,,,,,,,,,,,,,,,,,,False,False,622,66,41.53151534,-120.1820013,1007.1476125339796,False
pacificorp,GASQUET,41.84815903258317,-123.96666628333028,,,,,,,,,,,,,,,,,,,,,,,,,,False,False,1304,66,41.80354175,-123.372551,49.477477318767136,False
pacificorp,GATEWAY,37.159287195385865,-113.43205947868918,,,,,,,,,,,,,,,,,,,,,,,,,,False,False,7920,500,35.25222325,-115.5157004,282.68116959697517,False
pacificorp,GENTRY MNT,39.47753697836086,-111.00082530872156,,,,,,,,,,,,,,,,,,,,,,,,,,False,False,7920,500,35.25222325,-115.5157004,616.21577034869,False
pacificorp,GEORGETOWN,42.471311961168176,-111.38713003122396,,,,,,,,,,,,,,,,,,,,,,,,,,False,False,622,66,41.53151534,-120.1820013,733.8692324778232,False
pacificorp,GLEN ROCK/ ROLLING HILLS,43.02173027244152,-105.83588402752464,,,,,,,,,,,,,,,,,,,,,,,,,,False,False,622,66,41.53151534,-120.1820013,1190.3830560356714,False
pacificorp,GLENDALE,42.74717744217109,-123.41000144361162,,,,,,,,,,,,2.0,,,,,,,,,,,,2.15317,3.1,False,False,1314,66,41.8405331,-123.1919616,102.39687408301894,False
pacificorp,GLENDO-AUTO,42.46921393698835,-104.95792783850924,,,,,,,,,,,,,,,,,,,,,,,,,,False,False,2261,230,34.31514963,-114.1576556,1208.8286158217984,False
pacificorp,GLENEDEN,44.88264400595549,-124.03201030752732,,,,,,,,,,,,2.0,,,,,,,,,,,,0.05254,0.4,False,False,1314,66,41.8405331,-123.1919616,345.01122825424324,False
pacificorp,GLIDE,43.29710313518528,-123.0984809861169,,,,,,,,,,,,2.0,,,,,,,,,,,,0.46495,2.8,False,False,8065,66,41.97698731,-122.3613697,158.68987702284522,False
pacificorp,GLIDE TAP SY,43.29500917933607,-123.10458505733708,,,,,,,,,,,,,,,,,,,,,,,,,,False,False,8065,66,41.97698731,-122.3613697,158.66554546315248,False
pacificorp,GOGGIN METERING STA,40.80663982555382,-112.08363594539478,,,,,,,,,,,,,,,,,,,,,,,,,,False,False,208,66,37.37438227,-117.9796042,635.8135406620569,False
pacificorp,GOLD HILL,42.42859997981964,-123.04335581390966,,,,,,,,,,,,1.0,,,,,,,,,,,,2.18271,2.5,False,False,1314,66,41.8405331,-123.1919616,66.52828007871416,False
pacificorp,GOLD RUSH,41.603207536900285,-112.16089369818104,,,,,,,,,,,,,,,,,,,,,,,,,,False,False,622,66,41.53151534,-120.1820013,667.1105278387769,False
pacificorp,GOLD TERRA,39.62014521268828,-110.7391442285045,,,,,,,,,,,,,,,,,,,,,,,,,,False,False,7920,500,35.25222325,-115.5157004,643.0227135425483,False
pacificorp,GOOSENECKS,37.15026023611082,-109.86484281905284,,,,,,,,,,,,,,,,,,,,,,,,,,False,False,2261,230,34.31514963,-114.1576556,499.42080637049776,False
pacificorp,GORDON AVE,41.07415809593597,-111.95735542345,,,,,,,,,,,,,,,,,,,,,,,,,,False,False,208,66,37.37438227,-117.9796042,661.7978082031983,False
pacificorp,GORDON HOLLOW,45.515891258725546,-120.68768592689068,,,,,,,,,,,,1.0,,,,,,,,,,,,0.0911,1.0,False,False,1898,500,42.07986401,-121.3901623,386.2015927441347,False
pacificorp,GOSHEN,43.30751331336413,-112.12123918872774,,,,,,,,,,,,1.0,,,,,,,,,,,,0.2376,0.4,False,False,622,66,41.53151534,-120.1820013,690.1972588542629,False
pacificorp,GOSHEN_ID,43.30983407341598,-112.12091084011834,,,,,,,,,,,,,,,,,,,,,,,,,,False,False,622,66,41.53151534,-120.1820013,690.2849553855032,False
pacificorp,GOSHEN_OR,43.98576150333756,-123.01041067039644,,,,,,,,,,,,,,,,,,,,,,,,,,False,False,8065,66,41.97698731,-122.3613697,229.51844087877043,False
pacificorp,GOSHEN_UT,39.94178230265445,-111.9007693201979,,,,,,,,,,,,,,,,,,,,,,,,,,False,False,208,66,37.37438227,-117.9796042,599.8882930041398,False
pacificorp,GRACE,42.53611760511097,-111.79348393814222,,,,,,,,,,,,,,,,,,,,,,,,,,False,False,622,66,41.53151534,-120.1820013,701.4512851550105,False
pacificorp,GRACE CITY,42.5762399403323,-111.74381737516568,,,,,,,,,,,,,,,,,,,,,,,,,,False,False,622,66,41.53151534,-120.1820013,705.9966337100333,False
pacificorp,GRANDVIEW,46.25908082553715,-119.9058742200655,,,,,,,,,,,,,,,,,,,,,,,,,,False,False,1898,500,42.07986401,-121.3901623,479.52459362626263,False
pacificorp,GRANDVIEW SY,46.30320106116757,-119.87475999761158,,,,,,,,,,,,,,,,,,,,,,,,,,False,False,1898,500,42.07986401,-121.3901623,484.8801755187651,False
pacificorp,GRANGER,40.69268098435359,-111.95862310891096,,,,,,,,,,,,,,,,,,,,,,,,,,False,False,208,66,37.37438227,-117.9796042,637.3993888433306,False
pacificorp,GRANITE SY,40.61915033623513,-111.7819562982756,,,,,,,,,,,,,,,,,,,,,,,,,,False,False,208,66,37.37438227,-117.9796042,645.5220122883337,False
pacificorp,GRANT ST,44.579741539064464,-123.27967995456582,,,,,,,,,,,,4.0,,,,,,,,,,,,3.58431,7.7,False,False,8065,66,41.97698731,-122.3613697,298.8024059832129,False
pacificorp,GRANTS PASS,42.44722240418103,-123.2783325921324,,,,,,,,,,,,,,,,,,,,,,,,,,False,False,1314,66,41.8405331,-123.1919616,67.83555897723207,False
pacificorp,GRANTSVILLE,40.60088653205956,-112.47781435465006,,,,,,,,,,,,,,,,,,,,,,,,,,False,False,208,66,37.37438227,-117.9796042,595.4732481424186,False
pacificorp,GRAPHITE,40.65371032886126,-112.05945714004072,,,,,,,,,,,,,,,,,,,,,,,,,,False,False,208,66,37.37438227,-117.9796042,627.9166647888101,False
pacificorp,GRASS CREEK,43.91614346046996,-108.4865563527149,,,,,,,,,,,,,,,,,,,,,,,,,,False,False,622,66,41.53151534,-120.1820013,990.510928072906,False
pacificorp,GRAVEL PIT,39.85291255429443,-111.82110559161988,,,,,,,,,,,,,,,,,,,,,,,,,,False,False,208,66,37.37438227,-117.9796042,601.6867441765934,False
pacificorp,GREAT DIVIDE,42.20609285306237,-107.87518216644246,,,,,,,,,,,,,,,,,,,,,,,,,,False,False,208,66,37.37438227,-117.9796042,1015.797434276914,False
pacificorp,GREEN,43.15454289236344,-123.37222274223568,,,,,,,,,,,,2.0,,,,,,,,,,,,1.07625,4.3,False,False,1314,66,41.8405331,-123.1919616,146.85661161572145,False
pacificorp,GREEN CANYON,41.76705149632715,-111.78429364727124,,,,,,,,,,,,,,,,,,,,,,,,,,False,False,622,66,41.53151534,-120.1820013,697.9610092484362,False
pacificorp,GREEN MOUNTAIN (FUTURE),45.66203800338609,-122.44800925574876,,,,,,,,,,,,,,,,,,,,,,,,,,False,False,1898,500,42.07986401,-121.3901623,407.2348304171357,False
pacificorp,GREEN SPRINGS,42.12085432362628,-122.5477873442115,,,,,,,,,,,,,,,,,,,,,,,,,,False,False,8065,66,41.97698731,-122.3613697,22.200087262927532,False
pacificorp,GREENHORN,41.7112928078176,-122.64905040353446,,,,,,,,,,,,,,,,,,,,,,,,,,False,False,1302,66,41.71130374,-122.6490047,0.003983745172566631,True
pacificorp,GREYBULL,44.48705566780307,-108.05592829595328,,,,,,,,,,,,,,,,,,,,,,,,,,False,False,622,66,41.53151534,-120.1820013,1038.1170143770134,False
pacificorp,GRIFFIN CREEK,42.30092370318828,-122.91086891431192,,,,,,,,,,,,2.0,,,,,,,,,,,,2.32733,4.2,False,False,1306,66,41.89799074,-122.5399625,54.257210337488864,False
pacificorp,GRINDING,40.584888929724535,-112.0992161289515,,,,,,,,,,,,,,,,,,,,,,,,,,False,False,208,66,37.37438227,-117.9796042,620.9026337228048,False
pacificorp,GROMORE,46.59397366051925,-120.67873763497072,,,,,,,,,,,,,,,,,,,,,,,,,,False,False,1898,500,42.07986401,-121.3901623,505.1186163812298,False
pacificorp,GROW,40.7835420190012,-112.00528771870196,,,,,,,,,,,,,,,,,,,,,,,,,,False,False,208,66,37.37438227,-117.9796042,639.7744542718389,False
pacificorp,GSL,41.26867995580158,-112.23529360731628,,,,,,,,,,,,,,,,,,,,,,,,,,False,False,208,66,37.37438227,-117.9796042,656.7418769377377,False
pacificorp,GUNNISON,39.15048599459615,-111.81895513801742,,,,,,,,,,,,,,,,,,,,,,,,,,False,False,7920,500,35.25222325,-115.5157004,543.1094719688726,False
pacificorp,HALE,40.31142964741474,-111.65650738631524,,,,,,,,,,,,,,,,,,,,,,,,,,False,False,208,66,37.37438227,-117.9796042,637.3629624819833,False
pacificorp,HALSEY SY,44.37837430594165,-123.11319543628484,,,,,,,,,,,,,,,,,,,,,,,,,,False,False,8065,66,41.97698731,-122.3613697,273.889240722713,False
pacificorp,HAMAKER,42.1299966619637,-121.93576145535324,,,,,,,,,,,,2.0,,,,,,,,,,,,1.98317,0.4,False,False,1724,66,41.97986964,-122.3359387,37.017336944859785,False
pacificorp,HAMBURG,41.78014630796797,-123.07113484503856,,,,,,,,,,,,,,,,,,,,,,,,,,False,False,1303,66,41.78021618,-123.071222,0.010610853468894023,True
pacificorp,HAMER,43.89930654283995,-112.27231067836678,,,,,,,,,,,,,,,,,,,,,,,,,,False,False,622,66,41.53151534,-120.1820013,697.4166305536916,False
pacificorp,HAMMER,40.63445989148895,-111.85533069966564,,,,,,,,,,,,,,,,,,,,,,,,,,False,False,208,66,37.37438227,-117.9796042,641.1908164655805,False
pacificorp,HANNA,41.87034128261392,-106.5724205020964,,,,,,,,,,,,,,,,,,,,,,,,,,False,False,1017,66,34.47871451,-114.4169599,1069.3960646462092,False
pacificorp,HANNA TAP,42.91611156728261,-123.26468552826988,,,,,,,,,,,,,,,,,,,,,,,,,,False,False,1314,66,41.8405331,-123.1919616,119.74794237611515,False
pacificorp,HAPPY CAMP,41.80361654763516,-123.37265515528084,,,,,,,,,,,,,,,,,,,,,,,,,,False,False,1304,66,41.80354175,-123.372551,0.011987823654381054,True
pacificorp,HARRISBURG,44.27421785835117,-123.16998424348252,,,,,,,,,,,,1.0,,,,,,,,,,,,0.30076,0.7,False,False,8065,66,41.97698731,-122.3613697,263.731302269296,False
pacificorp,HARRISON,45.50894697125714,-122.65719552613194,,,,,,,,,,,,,,,,,,,,,,,,,,False,False,1724,66,41.97986964,-122.3359387,393.2621528416958,False
pacificorp,HART SY,41.71161255451577,-122.36015526512854,,,,,,,,,,,,,,,,,,,,,,,,,,False,False,1305,115,41.71162517,-122.3601712,0.0019280436617613527,True
pacificorp,HARVEST (FUTURE),40.518400591330334,-111.8942351203483,,,,,,,,,,,,,,,,,,,,,,,,,,False,False,208,66,37.37438227,-117.9796042,631.5567814130095,False
pacificorp,HATCH,38.16005007514487,-109.30797865934233,,,,,,,,,,,,,,,,,,,,,,,,,,False,False,2261,230,34.31514963,-114.1576556,609.7073360160806,False
pacificorp,HAVASU,37.464750276373685,-109.3465903918374,,,,,,,,,,,,,,,,,,,,,,,,,,False,False,2261,230,34.31514963,-114.1576556,557.0723289647601,False
pacificorp,HAYES,43.5535928467213,-112.12243613904656,,,,,,,,,,,,,,,,,,,,,,,,,,False,False,622,66,41.53151534,-120.1820013,697.1681749593197,False
pacificorp,HAZELWOOD,44.62299325683415,-123.1255193068867,,,,,,,,,,,,2.0,,,,,,,,,,,,0.59654,1.9,False,False,8065,66,41.97698731,-122.3613697,300.6465206670186,False
pacificorp,HELPER CITY,39.68920332639672,-110.8533219714085,,,,,,,,,,,,,,,,,,,,,,,,,,False,False,7920,500,35.25222325,-115.5157004,642.2195357167896,False
pacificorp,HELPER MARTIN,39.70267985972202,-110.87074097850405,,,,,,,,,,,,,,,,,,,,,,,,,,False,False,7920,500,35.25222325,-115.5157004,642.3664564036086,False
pacificorp,HENLEY,42.126592616610495,-121.7037585202342,,,,,,,,,,,,2.0,,,,,,,,,,,,0.35243,0.7,False,False,1898,500,42.07986401,-121.3901623,26.388208376289562,False
pacificorp,HENRY,42.819828224940494,-111.4979069177523,,,,,,,,,,,,,,,,,,,,,,,,,,False,False,622,66,41.53151534,-120.1820013,729.4597495873813,False
pacificorp,HERMISTON,45.84622677719975,-119.26980200489974,,,,,,,,,,,,1.0,,,,,,,,,,,,0.22264,1.5,False,False,1898,500,42.07986401,-121.3901623,451.8332310133067,False
pacificorp,HERRIMAN,40.50847956566167,-112.04198626871226,,,,,,,,,,,,,,,,,,,,,,,,,,False,False,208,66,37.37438227,-117.9796042,620.3757605556963,False
pacificorp,HEWARD,42.348931602920885,-106.23103072363816,,,,,,,,,,,,,,,,,,,,,,,,,,False,False,7920,500,35.25222325,-115.5157004,1125.6453231214011,False
pacificorp,HICKORY,38.49202806052715,-113.019946659334,,,,,,,,,,,,,,,,,,,,,,,,,,False,False,7920,500,35.25222325,-115.5157004,423.1174287858825,False
pacificorp,HIGH PLAIN,41.67101252899351,-106.04673285581823,,,,,,,,,,,,,,,,,,,,,,,,,,False,False,2261,230,34.31514963,-114.1576556,1082.5540337946186,False
pacificorp,HIGH TOP,46.53044794627408,-119.97792103633144,,,,,,,,,,,,,,,,,,,,,,,,,,False,False,1898,500,42.07986401,-121.3901623,507.4569936772197,False
pacificorp,HIGHLAND,40.43095887121342,-111.79196069725432,,,,,,,,,,,,,,,,,,,,,,,,,,False,False,208,66,37.37438227,-117.9796042,633.95476889641,False
pacificorp,HIGHWAY PMNT,38.631800650353256,-109.6567660138596,,,,,,,,,,,,,,,,,,,,,,,,,,False,False,2261,230,34.31514963,-114.1576556,626.1976545588648,False
pacificorp,HILLTOP,44.024727838799066,-107.97770747462226,,,,,,,,,,,,,,,,,,,,,,,,,,False,False,622,66,41.53151534,-120.1820013,1032.8164547393517,False
pacificorp,HILLVIEW,44.54609942872003,-123.31267408231314,,,,,,,,,,,,4.0,,,,,,,,,,,,10.27946,8.0,False,False,8065,66,41.97698731,-122.3613697,295.86982282850056,False
pacificorp,HINKLE,45.79205426829465,-119.31050301033656,,,,,,,,,,,,1.0,,,,,,,,,,,,1.21693,0.9,False,False,1898,500,42.07986401,-121.3901623,445.0584367921472,False
pacificorp,HOGGARD,40.60890069900411,-112.029563907721,,,,,,,,,,,,,,,,,,,,,,,,,,False,False,208,66,37.37438227,-117.9796042,627.2865778478108,False
pacificorp,HOLBROOK,42.167797435572346,-112.65627987096194,,,,,,,,,,,,,,,,,,,,,,,,,,False,False,622,66,41.53151534,-120.1820013,627.1402829701668,False
pacificorp,HOLDEN,39.117847603033134,-112.34865530714146,,,,,,,,,,,,,,,,,,,,,,,,,,False,False,7920,500,35.25222325,-115.5157004,513.2117474031722,False
pacificorp,HOLLADAY_OR,45.53329900477152,-122.66016690964835,,,,,,,,,,,,,,,,,,,,,,,,,,False,False,1724,66,41.97986964,-122.3359387,395.97943261885797,False
pacificorp,HOLLADAY_UT,40.66543783584832,-111.8354531698258,,,,,,,,,,,,,,,,,,,,,,,,,,False,False,208,66,37.37438227,-117.9796042,644.4571744778322,False
pacificorp,HOLLYWOOD,45.53753617423105,-122.61562082643631,,,,,,,,,,,,5.0,,,,,,,,,,,,1.5609,8.48,False,False,1724,66,41.97986964,-122.3359387,396.23087132185714,False
pacificorp,HOLT,37.63393530201351,-113.6031818379836,,,,,,,,,,,,,,,,,,,,,,,,,,False,False,7920,500,35.25222325,-115.5157004,315.26500830164684,False
pacificorp,HOMA HILLS (FUTURE),43.04501630570798,-106.36338206206965,,,,,,,,,,,,,,,,,,,,,,,,,,False,False,622,66,41.53151534,-120.1820013,1147.7390676559487,False
pacificorp,HOMESTEAD KNOLL,40.908369933524106,-112.7347647017651,,,,,,,,,,,,,,,,,,,,,,,,,,False,False,208,66,37.37438227,-117.9796042,598.9700668563288,False
pacificorp,HONEYVILLE,41.637053450745874,-112.06993102014648,,,,,,,,,,,,,,,,,,,,,,,,,,False,False,622,66,41.53151534,-120.1820013,674.5471352096904,False
pacificorp,HOOD RIVER,45.69925253760384,-121.52178665928112,,,,,,,,,,,,5.0,,,,,,,,,,,,4.37334,10.51,False,False,1898,500,42.07986401,-121.3901623,402.5956655684282,False
pacificorp,HOOPES,43.6126332251577,-112.28196228917044,,,,,,,,,,,,,,,,,,,,,,,,,,False,False,622,66,41.53151534,-120.1820013,686.7145230945853,False
pacificorp,HOPLAND,46.5877022703824,-120.39837713675428,,,,,,,,,,,,,,,,,,,,,,,,,,False,False,1898,500,42.07986401,-121.3901623,507.40538745485406,False
pacificorp,HORNBROOK,41.8979575269753,-122.54003349002257,,,,,,,,,,,,,,,,,,,,,,,,,,False,False,1306,66,41.89799074,-122.5399625,0.00693985494936561,True
pacificorp,HORNET,42.18111167560692,-121.6993465426326,,,,,,,,,,,,2.0,,,,,,,,,,,,4.27945,4.2,False,False,1898,500,42.07986401,-121.3901623,27.871592620247498,False
pacificorp,HORSESHOE,40.748453935564,-112.65244750973788,,,,,,,,,,,,,,,,,,,,,,,,,,False,False,208,66,37.37438227,-117.9796042,593.351833805277,False
pacificorp,HORSLEY,42.70662347051453,-111.55213273712124,,,,,,,,,,,,,,,,,,,,,,,,,,False,False,622,66,41.53151534,-120.1820013,723.3378638104559,False
pacificorp,HOUSTON LAKE,44.2976617247381,-120.88564141647268,,,,,,,,,,,,,,,,,,,,,,,,,,False,False,1898,500,42.07986401,-121.3901623,249.9754102433547,False
pacificorp,HOWE JUNCTION,43.60769169587838,-113.17002104056722,,,,,,,,,,,,,,,,,,,,,,,,,,False,False,622,66,41.53151534,-120.1820013,618.6278468116634,False
pacificorp,HPP MEDICINE,41.898995371628565,-106.2214657005464,,,,,,,,,,,,,,,,,,,,,,,,,,False,False,2261,230,34.31514963,-114.1576556,1091.3234462725934,False
pacificorp,HUMBUG CREEK,42.2541925226117,-123.14999677152998,,,,,,,,,,,,1.0,,,,,,,,,,,,0.37963,0.7,False,False,1314,66,41.8405331,-123.1919616,46.12716427943148,False
pacificorp,HUNTER,40.6813079602322,-112.01498552087754,,,,,,,,,,,,,,,,,,,,,,,,,,False,False,208,66,37.37438227,-117.9796042,632.7390000315811,False
pacificorp,HUNTER PLANT,39.17516073759114,-111.0288458087955,,,,,,,,,,,,,,,,,,,,,,,,,,False,False,7920,500,35.25222325,-115.5157004,589.8747326892201,False
pacificorp,HUNTERS CIRCLE,44.12096297096156,-121.28207444258084,,,,,,,,,,,,1.0,,,,,,,,,,,,2.37259,2.7,False,False,1898,500,42.07986401,-121.3901623,227.12938010471285,False
pacificorp,HUNTINGTON CTY,39.335931696966654,-110.96910007826251,,,,,,,,,,,,,,,,,,,,,,,,,,False,False,7920,500,35.25222325,-115.5157004,606.4105911667795,False
pacificorp,HUNTINGTON CYN,39.38299368685486,-111.0843901780334,,,,,,,,,,,,,,,,,,,,,,,,,,False,False,7920,500,35.25222325,-115.5157004,603.5944972017999,False
pacificorp,HUNTSVILLE (FUTURE),41.29323844411489,-111.7584693223528,,,,,,,,,,,,,,,,,,,,,,,,,,False,False,208,66,37.37438227,-117.9796042,689.7210529336962,False
pacificorp,HURRICANE,45.437396205989,-117.28501237618768,,,,,,,,,,,,,,,,,,,,,,,,,,False,False,623,115,41.73313546,-120.3669055,480.8198076434257,False
pacificorp,IDAHO FALLS,43.46759434035876,-112.0631527839668,,,,,,,,,,,,,,,,,,,,,,,,,,False,False,622,66,41.53151534,-120.1820013,699.2016716229737,False
pacificorp,ILLAHEE FLATS,43.29937057059625,-122.581193179735,,,,,,,,,,,,1.0,,,,,,,,,,,,0.0,0.0,False,False,1724,66,41.97986964,-122.3359387,148.08674721150447,False
pacificorp,IMRIE(GOODNOE HILL),45.78387013168148,-120.53620068401156,,,,,,,,,,,,,,,,,,,,,,,,,,False,False,1898,500,42.07986401,-121.3901623,417.4977323712479,False
pacificorp,INDEPENDENCE,44.8515731045236,-123.20090643487475,,,,,,,,,,,,2.0,,,,,,,,,,,,2.92099,7.1,False,False,8065,66,41.97698731,-122.3613697,326.7477719044023,False
pacificorp,INDIAN CREEK,42.10893170837257,-111.2631338424017,,,,,,,,,,,,,,,,,,,,,,,,,,False,False,622,66,41.53151534,-120.1820013,741.521733338721,False
pacificorp,INTL PAPER,41.43204170983571,-122.38323142889548,,,,,,,,,,,,,,,,,,,,,,,,,,False,False,1298,66,41.4320569,-122.3832214,0.0018846722405013547,True
pacificorp,IRON GATE,41.93289783569114,-122.43682275650116,,,,,,,,,,,,,,,,,,,,,,,,,,False,False,1723,66,41.93298104,-122.4367485,0.011105348041500939,True
pacificorp,IRON MOUNTAIN,37.61159293917469,-113.39006743788222,,,,,,,,,,,,,,,,,,,,,,,,,,False,False,7920,500,35.25222325,-115.5157004,323.99963159860187,False
pacificorp,IRONTON,40.19488817738857,-111.6165456745943,,,,,,,,,,,,,,,,,,,,,,,,,,False,False,208,66,37.37438227,-117.9796042,634.227911761968,False
pacificorp,IRONTON NO1,40.19606832497603,-111.63554427928544,,,,,,,,,,,,,,,,,,,,,,,,,,False,False,208,66,37.37438227,-117.9796042,632.859384289779,False
pacificorp,ISTHMUS,43.34134329014549,-124.19030325581902,,,,,,,,,,,,,,,,,,,,,,,,,,False,False,1304,66,41.80354175,-123.372551,183.6370732462807,False
pacificorp,IVINS,37.16696809206033,-113.67281355067618,,,,,,,,,,,,,,,,,,,,,,,,,,False,False,7920,500,35.25222325,-115.5157004,269.5571780009579,False
pacificorp,JACKALOPE,42.75233346905893,-105.38630363649555,,,,,,,,,,,,,,,,,,,,,,,,,,False,False,7920,500,35.25222325,-115.5157004,1207.3201815774744,False
pacificorp,JACKSONVILLE,42.32824667922191,-122.9392567049628,,,,,,,,,,,,2.0,,,,,,,,,,,,2.58073,3.9,False,False,1306,66,41.89799074,-122.5399625,58.0833808022043,False
pacificorp,JEFFCO,43.64124664551971,-112.28293398244024,,,,,,,,,,,,,,,,,,,,,,,,,,False,False,622,66,41.53151534,-120.1820013,687.5756163464946,False
pacificorp,JEFFERSON,43.71471925022118,-112.22095275300023,,,,,,,,,,,,2.0,,,,,,,,,,,,1.07622,4.1,False,False,622,66,41.53151534,-120.1820013,694.783115309452,False
pacificorp,JEFFERSON_OR,44.73224245777804,-123.00953437102332,,,,,,,,,,,,,,,,,,,,,,,,,,False,False,8065,66,41.97698731,-122.3613697,310.81695674428585,False
pacificorp,JEROME PRAIRIE,42.38992989407856,-123.43108599388464,,,,,,,,,,,,2.0,,,,,,,,,,,,1.56342,3.6,False,False,1314,66,41.8405331,-123.1919616,64.19524189826852,False
pacificorp,JERUSALEM,39.55067551836548,-111.59736390521336,,,,,,,,,,,,,,,,,,,,,,,,,,False,False,7920,500,35.25222325,-115.5157004,589.9813303276646,False
pacificorp,JIM BRIDGER,41.73403776877174,-108.78941102317516,,,,,,,,,,,,,,,,,,,,,,,,,,False,False,208,66,37.37438227,-117.9796042,924.3118512861805,False
pacificorp,JOHNSON PASS,40.34700309972954,-112.57167469685554,,,,,,,,,,,,,,,,,,,,,,,,,,False,False,208,66,37.37438227,-117.9796042,572.9743245504686,False
pacificorp,JORDAN,40.76875042644528,-111.92444889851087,,,,,,,,,,,,,,,,,,,,,,,,,,False,False,208,66,37.37438227,-117.9796042,644.4845579271174,False
pacificorp,JORDAN PARK,40.622221519446185,-111.92293189462598,,,,,,,,,,,,,,,,,,,,,,,,,,False,False,208,66,37.37438227,-117.9796042,635.6501793511975,False
pacificorp,JORDAN POINT,43.43580322248391,-124.24001449111633,,,,,,,,,,,,1.0,,,,,,,,,,,,0.0,1.2,False,False,1304,66,41.80354175,-123.372551,194.88156382939331,False
pacificorp,JORDANELLE,40.58846935344903,-111.42732340588022,,,,,,,,,,,,,,,,,,,,,,,,,,False,False,208,66,37.37438227,-117.9796042,669.4069747152062,False
pacificorp,JOSEPH,45.34889429912559,-117.23151522076984,,,,,,,,,,,,1.0,,,,,,,,,,,,0.78788,0.5,False,False,623,115,41.73313546,-120.3669055,474.7944815917172,False
pacificorp,JUAB,39.54987439968933,-111.86779352706552,,,,,,,,,,,,,,,,,,,,,,,,,,False,False,7920,500,35.25222325,-115.5157004,576.240760180938,False
pacificorp,JUDGE,40.62747507759656,-111.50386787477132,,,,,,,,,,,,,,,,,,,,,,,,,,False,False,208,66,37.37438227,-117.9796042,666.0386334389583,False
pacificorp,JUMBERS POINT,40.30622155206987,-111.90625653088892,,,,,,,,,,,,,,,,,,,,,,,,,,False,False,208,66,37.37438227,-117.9796042,618.6156722968327,False
pacificorp,JUNCTION,38.23789861828675,-112.227278905725,,,,,,,,,,,,,,,,,,,,,,,,,,False,False,7920,500,35.25222325,-115.5157004,442.72840720541126,False
pacificorp,JUNCTION CITY,44.21476114570121,-123.2212777569482,,,,,,,,,,,,2.0,,,,,,,,,,,,0.46896,2.8,False,False,8065,66,41.97698731,-122.3613697,258.4348897596656,False
pacificorp,KAIBAB,37.82543078834946,-112.44953191033086,,,,,,,,,,,,,,,,,,,,,,,,,,False,False,7920,500,35.25222325,-115.5157004,396.0652403331369,False
pacificorp,KAMAS,40.63952076916911,-111.28322965207582,,,,,,,,,,,,,,,,,,,,,,,,,,False,False,208,66,37.37438227,-117.9796042,682.777400732741,False
pacificorp,KAYWEST SR,41.03792916997594,-111.95289433674849,,,,,,,,,,,,,,,,,,,,,,,,,,False,False,208,66,37.37438227,-117.9796042,659.7126617921051,False
pacificorp,KEARNS,40.65220099354933,-112.00248487889576,,,,,,,,,,,,,,,,,,,,,,,,,,False,False,208,66,37.37438227,-117.9796042,631.8344111911605,False
pacificorp,KEMMERER,41.7910188809748,-110.54827024095223,,,,,,,,,,,,,,,,,,,,,,,,,,False,False,622,66,41.53151534,-120.1820013,800.397669638929,False
pacificorp,KENNEDY,45.561527199668994,-122.62075071066351,,,,,,,,,,,,3.0,,,,,,,,,,,,5.23899,7.5,False,False,1724,66,41.97986964,-122.3359387,398.9174046387615,False
pacificorp,KENSINGTON,40.735803048041554,-111.8761232956747,,,,,,,,,,,,,,,,,,,,,,,,,,False,False,208,66,37.37438227,-117.9796042,645.8439001954956,False
pacificorp,KENWOOD,45.65385393203278,-121.58668582247812,,,,,,,,,,,,1.0,,,,,,,,,,,,0.47029,0.32,False,False,1898,500,42.07986401,-121.3901623,397.7213222819033,False
pacificorp,KETCHUM METERING STA (FUTURE),39.72642719756288,-110.86389887120932,,,,,,,,,,,,,,,,,,,,,,,,,,False,False,7920,500,35.25222325,-115.5157004,644.7429192636641,False
pacificorp,KETTLE,43.55439272727855,-112.40212471899004,,,,,,,,,,,,,,,,,,,,,,,,,,False,False,622,66,41.53151534,-120.1820013,675.5725567154803,False
pacificorp,KILLINGSWORTH,45.56316939384318,-122.59891913397662,,,,,,,,,,,,5.0,,,,,,,,,,,,0.9118,7.88,False,False,1724,66,41.97986964,-122.3359387,399.00320041033245,False
pacificorp,KIMBERLY P-MNT,38.54414829087786,-112.4075294876942,,,,,,,,,,,,,,,,,,,,,,,,,,False,False,7920,500,35.25222325,-115.5157004,458.6023759055871,False
pacificorp,KLAMATH FALLS,42.1985060928284,-121.78324879670728,,,,,,,,,,,,,,,,,,,,,,,,,,False,False,1898,500,42.07986401,-121.3901623,34.99311615626781,False
pacificorp,KNAPPASV,46.160632519719385,-123.62316964201874,,,,,,,,,,,,,,,,,,,,,,,,,,False,False,8065,66,41.97698731,-122.3613697,475.9794896501541,False
pacificorp,KNOTT,45.541403950091095,-122.66471552190296,,,,,,,,,,,,4.0,,,,,,,,,,,,0.86086,7.25,False,False,1724,66,41.97986964,-122.3359387,396.90270127617146,False
pacificorp,KYUNE,39.82178908045529,-110.95105461483394,,,,,,,,,,,,,,,,,,,,,,,,,,False,False,7920,500,35.25222325,-115.5157004,647.9953095180557,False
pacificorp,LABARGE,42.24196044466235,-110.19808994168736,,,,,,,,,,,,,,,,,,,,,,,,,,False,False,622,66,41.53151534,-120.1820013,829.7608984858526,False
pacificorp,LAKE EARL,41.85184231161562,-124.14804034690276,,,,,,,,,,,,,,,,,,,,,,,,,,False,False,2239,66,41.29428709,-124.0568714,62.459442709156995,False
pacificorp,LAKE PARK,40.71631826206115,-112.028938178125,,,,,,,,,,,,,,,,,,,,,,,,,,False,False,208,66,37.37438227,-117.9796042,633.9263283506625,False
pacificorp,LAKE SIDE 2,40.332160461513055,-111.7567276614934,,,,,,,,,,,,,,,,,,,,,,,,,,False,False,208,66,37.37438227,-117.9796042,631.0607525627012,False
pacificorp,LAKEPORT,42.249648535391216,-121.8012103269456,,,,,,,,,,,,3.0,,,,,,,,,,,,5.11882,3.9,False,False,1898,500,42.07986401,-121.3901623,38.783583154098075,False
pacificorp,LAMPO,41.64621641438265,-112.431109998001,,,,,,,,,,,,,,,,,,,,,,,,,,False,False,622,66,41.53151534,-120.1820013,644.5173668463526,False
pacificorp,LANCASTER,44.2643813054946,-123.23182561152096,,,,,,,,,,,,1.0,,,,,,,,,,,,0.24125,1.9,False,False,8065,66,41.97698731,-122.3613697,263.9715667595908,False
pacificorp,LANDER,42.83111837502909,-108.7257869745065,,,,,,,,,,,,,,,,,,,,,,,,,,False,False,622,66,41.53151534,-120.1820013,954.195508485755,False
pacificorp,LARAMIE,41.3361180637784,-105.58892910881188,,,,,,,,,,,,,,,,,,,,,,,,,,False,False,2261,230,34.31514963,-114.1576556,1083.2817714450657,False
pacificorp,LASSEN,41.30506548695453,-122.3207152886364,,,,,,,,,,,,,,,,,,,,,,,,,,False,False,1311,66,41.30465314,-122.3218293,0.10373690108080617,True
pacificorp,LATHAM,41.6656136454984,-107.74087328671747,,,,,,,,,,,,,,,,,,,,,,,,,,False,False,7920,500,35.25222325,-115.5157004,982.4411522235484,False
pacificorp,LATIGO SY,42.88223200175841,-105.94931509884934,,,,,,,,,,,,,,,,,,,,,,,,,,False,False,622,66,41.53151534,-120.1820013,1180.4070977714853,False
pacificorp,LAVA,42.61862261100032,-112.02246748557272,,,,,,,,,,,,,,,,,,,,,,,,,,False,False,622,66,41.53151534,-120.1820013,683.9349428683466,False
pacificorp,LAYTON,41.0738477415107,-111.9585411789638,,,,,,,,,,,,,,,,,,,,,,,,,,False,False,208,66,37.37438227,-117.9796042,661.6973698566825,False
pacificorp,LE GRANDE,40.72105243367077,-111.7760216097921,,,,,,,,,,,,,,,,,,,,,,,,,,False,False,208,66,37.37438227,-117.9796042,652.0149516554363,False
pacificorp,LEANING JUNIPER,45.67469964680386,-120.2143582245762,,,,,,,,,,,,,,,,,,,,,,,,,,False,False,1898,500,42.07986401,-121.3901623,410.6734826119843,False
pacificorp,LEBANON,44.53423248917608,-122.91074391014686,,,,,,,,,,,,4.0,,,,,,,,,,,,2.60763,6.6,False,False,8065,66,41.97698731,-122.3613697,287.81006838463594,False
pacificorp,LEE CREEK,40.78466219617695,-112.05834587642356,,,,,,,,,,,,,,,,,,,,,,,,,,False,False,208,66,37.37438227,-117.9796042,636.1653486496383,False
pacificorp,LEMOLO #2 HYDRO,43.28057192189031,-122.4028046238901,,,,,,,,,,,,,,,,,,,,,,,,,,False,False,1724,66,41.97986964,-122.3359387,144.73489330277036,False
pacificorp,LEMOLO 1,43.35577040252383,-122.24879564506864,,,,,,,,,,,,,,,,,,,,,,,,,,False,False,1724,66,41.97986964,-122.3359387,153.15897031248076,False
pacificorp,LEWIS AND CLARK,46.144295655624205,-123.84101669492192,,,,,,,,,,,,,,,,,,,,,,,,,,False,False,8065,66,41.97698731,-122.3613697,478.2040509028047,False
pacificorp,LEWISTON,41.97317066680708,-111.89538236957743,,,,,,,,,,,,,,,,,,,,,,,,,,False,False,622,66,41.53151534,-120.1820013,688.8955135354752,False
pacificorp,LIFTON,42.1220505848337,-111.31541575510651,,,,,,,,,,,,,,,,,,,,,,,,,,False,False,622,66,41.53151534,-120.1820013,737.2644818022064,False
pacificorp,LILA CANYON METERING,39.3517053454936,-110.4088770305681,,,,,,,,,,,,,,,,,,,,,,,,,,False,False,7920,500,35.25222325,-115.5157004,641.5108918307665,False
pacificorp,LIMA SY,41.72189745264164,-110.36643852077674,,,,,,,,,,,,,,,,,,,,,,,,,,False,False,208,66,37.37438227,-117.9796042,811.7377711771564,False
pacificorp,LIMBER (FUTURE),40.482087075362095,-112.48996888922758,,,,,,,,,,,,,,,,,,,,,,,,,,False,False,208,66,37.37438227,-117.9796042,587.0931695732177,False
pacificorp,LINCH,43.6030621504697,-106.2686001409091,,,,,,,,,,,,,,,,,,,,,,,,,,False,False,622,66,41.53151534,-120.1820013,1160.9893024669368,False
pacificorp,LINCOLN_OR,45.50622210544884,-122.67449240187472,,,,,,,,,,,,,,,,,,,,,,,,,,False,False,1724,66,41.97986964,-122.3359387,393.0534435113628,False
pacificorp,LINCOLN_UT,41.20790905936874,-111.9769800326216,,,,,,,,,,,,,,,,,,,,,,,,,,False,False,208,66,37.37438227,-117.9796042,669.4445200881453,False
pacificorp,LINDON,40.33785625887169,-111.7222252749605,,,,,,,,,,,,,,,,,,,,,,,,,,False,False,208,66,37.37438227,-117.9796042,633.9200286957209,False
pacificorp,LISBON,38.14618001671316,-109.31045030647292,,,,,,,,,,,,,,,,,,,,,,,,,,False,False,2261,230,34.31514963,-114.1576556,608.4973621999825,False
pacificorp,LITESPEED,45.80750295824232,-119.86390214341742,,,,,,,,,,,,,,,,,,,,,,,,,,False,False,1898,500,42.07986401,-121.3901623,432.1080649496209,False
pacificorp,LITTLE SHASTA,41.70185518405899,-122.36972770830452,,,,,,,,,,,,,,,,,,,,,,,,,,False,False,1307,66,41.70174113,-122.3696599,0.013875508130475403,True
pacificorp,LITTLE SNAKE,40.94383983664193,-108.17601896116146,,,,,,,,,,,,,,,,,,,,,,,,,,False,False,7920,500,35.25222325,-115.5157004,901.0309718036997,False
pacificorp,LITTLEMOUNTAIN,41.06431292728122,-109.34707387410648,,,,,,,,,,,,,,,,,,,,,,,,,,False,False,7920,500,35.25222325,-115.5157004,841.2750177936792,False
pacificorp,LOAFER,40.04908805121865,-111.63955942970354,,,,,,,,,,,,,,,,,,,,,,,,,,False,False,208,66,37.37438227,-117.9796042,625.1249348603329,False
pacificorp,LOCKHART,43.35511403426671,-124.2143490323576,,,,,,,,,,,,5.0,,,,,,,,,,,,0.48204,4.3,False,False,1304,66,41.80354175,-123.372551,185.78223996708374,False
pacificorp,LOGAN CANYON,41.74311011639975,-111.78246724024628,,,,,,,,,,,,,,,,,,,,,,,,,,False,False,622,66,41.53151534,-120.1820013,698.1476606399531,False
pacificorp,LONE PEAK,40.4418164142257,-111.8328136167888,,,,,,,,,,,,,,,,,,,,,,,,,,False,False,208,66,37.37438227,-117.9796042,631.591943820506,False
pacificorp,LONE PINE,42.3463791211521,-122.82171834302127,,,,,,,,,,,,,,,,,,,,,,,,,,False,False,1306,66,41.89799074,-122.5399625,55.00780225644705,False
pacificorp,LONE TREE,37.65587252399352,-113.06461566441624,,,,,,,,,,,,,,,,,,,,,,,,,,False,False,7920,500,35.25222325,-115.5157004,345.64616514207796,False
pacificorp,LONG HOLLOW SY,41.31220765467123,-110.83211463850412,,,,,,,,,,,,,,,,,,,,,,,,,,False,False,208,66,37.37438227,-117.9796042,754.2305583587616,False
pacificorp,LOST CREEK SY,42.6737407106579,-122.67851481247692,,,,,,,,,,,,,,,,,,,,,,,,,,False,False,8065,66,41.97698731,-122.3613697,81.74466959923683,False
pacificorp,LOVELL,44.83654772811771,-108.38964887026842,,,,,,,,,,,,,,,,,,,,,,,,,,False,False,622,66,41.53151534,-120.1820013,1023.1167103864627,False
pacificorp,LOWER BEAVER,38.25986855246402,-112.52018913795516,,,,,,,,,,,,,,,,,,,,,,,,,,False,False,7920,500,35.25222325,-115.5157004,427.8015354761536,False
pacificorp,LUCERNE,41.60381279327445,-122.52262508574228,,,,,,,,,,,,,,,,,,,,,,,,,,False,False,1725,115,41.60383182,-122.5226591,0.0035319391416556664,True
pacificorp,LUND,42.641857586591655,-111.88778195213058,,,,,,,,,,,,,,,,,,,,,,,,,,False,False,622,66,41.53151534,-120.1820013,695.1950979665124,False
pacificorp,LYNNDYL,39.51609206223201,-112.37754667806924,,,,,,,,,,,,,,,,,,,,,,,,,,False,False,208,66,37.37438227,-117.9796042,542.7528874333004,False
pacificorp,LYONS,44.774506870003904,-122.6188908162414,,,,,,,,,,,,2.0,,,,,,,,,,,,0.35149,4.6,False,False,1724,66,41.97986964,-122.3359387,311.58921075374167,False
pacificorp,M89 METERING STA (FUTURE),41.66254786495508,-112.4280596004688,,,,,,,,,,,,,,,,,,,,,,,,,,False,False,622,66,41.53151534,-120.1820013,644.727523628352,False
pacificorp,MACDOEL,41.83181909894045,-122.00478206661592,,,,,,,,,,,,,,,,,,,,,,,,,,False,False,1724,66,41.97986964,-122.3359387,31.969627849355764,False
pacificorp,MADRAS,44.62190829343804,-121.14043668006828,,,,,,,,,,,,4.0,,,,,,,,,,,,11.44261,-0.7,False,False,1898,500,42.07986401,-121.3901623,283.38228632109644,False
pacificorp,MAESER,40.46318084049922,-109.58587590338782,,,,,,,,,,,,,,,,,,,,,,,,,,False,False,7920,500,35.25222325,-115.5157004,778.5519625400376,False
pacificorp,MAGNA,40.71957512659079,-112.08099024159304,,,,,,,,,,,,,,,,,,,,,,,,,,False,False,208,66,37.37438227,-117.9796042,630.4971954109551,False
pacificorp,MAHONEY DOME,42.17953099862849,-107.34151692438414,,,,,,,,,,,,,,,,,,,,,,,,,,False,False,7920,500,35.25222325,-115.5157004,1046.023349705751,False
pacificorp,MALAD,42.1567024053859,-112.31192926059862,,,,,,,,,,,,,,,,,,,,,,,,,,False,False,622,66,41.53151534,-120.1820013,655.3838573575885,False
pacificorp,MALIN,42.00682462163867,-121.31654886186406,,,,,,,,,,,,,,,,,,,,,,,,,,False,False,8523,500,42.00665191,-121.3166395,0.0206131972047073,True
pacificorp,MALLORY,45.56307907240163,-122.6656811461547,,,,,,,,,,,,2.0,,,,,,,,,,,,0.75224,5.75,False,False,1724,66,41.97986964,-122.3359387,399.3123623124344,False
pacificorp,MANILA,40.4032473145268,-111.7533865628471,,,,,,,,,,,,,,,,,,,,,,,,,,False,False,208,66,37.37438227,-117.9796042,635.225157405875,False
pacificorp,MANSFACE,41.53390293868786,-109.49082900886285,,,,,,,,,,,,,,,,,,,,,,,,,,False,False,208,66,37.37438227,-117.9796042,862.5577278007192,False
pacificorp,MANTUA,41.50184288768677,-111.99271032735726,,,,,,,,,,,,,,,,,,,,,,,,,,False,False,622,66,41.53151534,-120.1820013,681.5818049596384,False
pacificorp,MAPLETON,40.14445077474468,-111.59063789259272,,,,,,,,,,,,,,,,,,,,,,,,,,False,False,208,66,37.37438227,-117.9796042,633.6092916595767,False
pacificorp,MARENGO 1,46.374668071381286,-117.77704469604184,,,,,,,,,,,,,,,,,,,,,,,,,,False,False,623,115,41.73313546,-120.3669055,555.9829358160232,False
pacificorp,MARENGO 2,46.36544474370279,-117.83178989525692,,,,,,,,,,,,,,,,,,,,,,,,,,False,False,623,115,41.73313546,-120.3669055,553.4242585608704,False
pacificorp,MARQUART SY,41.20920510892764,-111.9989859390675,,,,,,,,,,,,,,,,,,,,,,,,,,False,False,208,66,37.37438227,-117.9796042,668.0751377275993,False
pacificorp,MARRIOTT,41.24266486625,-112.00915519417218,,,,,,,,,,,,,,,,,,,,,,,,,,False,False,208,66,37.37438227,-117.9796042,669.6875048472826,False
pacificorp,MARYS RIVER,44.55048337279551,-123.26486118034896,,,,,,,,,,,,3.0,,,,,,,,,,,,1.96622,4.6,False,False,8065,66,41.97698731,-122.3613697,295.3577036167183,False
pacificorp,MARYSVALE,38.44724687634598,-112.2268219282484,,,,,,,,,,,,,,,,,,,,,,,,,,False,False,7920,500,35.25222325,-115.5157004,460.204989659204,False
pacificorp,MATHINGTON,39.58268341599776,-110.72824746019056,,,,,,,,,,,,,,,,,,,,,,,,,,False,False,7920,500,35.25222325,-115.5157004,640.588639211582,False
pacificorp,MATHINGTON SOLAR (FUTURE),39.565859332227326,-110.72006505032226,,,,,,,,,,,,,,,,,,,,,,,,,,False,False,7920,500,35.25222325,-115.5157004,639.6939474080193,False
pacificorp,MATHIS,39.56074933383384,-110.76631857397126,,,,,,,,,,,,,,,,,,,,,,,,,,False,False,7920,500,35.25222325,-115.5157004,636.5830300168637,False
pacificorp,MAYFLOWER,40.60255660914313,-111.4330079908122,,,,,,,,,,,,,,,,,,,,,,,,,,False,False,208,66,37.37438227,-117.9796042,669.7808855138128,False
pacificorp,MCCAMMON,42.653632426115806,-112.1883211134364,,,,,,,,,,,,,,,,,,,,,,,,,,False,False,622,66,41.53151534,-120.1820013,671.0132276524415,False
pacificorp,MCCLELLAND,40.751135344850375,-111.86140710726669,,,,,,,,,,,,,,,,,,,,,,,,,,False,False,208,66,37.37438227,-117.9796042,647.8176661049553,False
pacificorp,MCCLOUD,41.266271739608136,-122.1260121854732,,,,,,,,,,,,,,,,,,,,,,,,,,False,False,1308,66,41.2663287,-122.125997,0.006459621439498994,True
pacificorp,MCCORNICK,39.21416323587068,-112.40931298758792,,,,,,,,,,,,,,,,,,,,,,,,,,False,False,7920,500,35.25222325,-115.5157004,519.2539205907335,False
pacificorp,MCCRACKEN METERING,37.28140462029431,-109.37352770962993,,,,,,,,,,,,,,,,,,,,,,,,,,False,False,2261,230,34.31514963,-114.1576556,542.967499983764,False
pacificorp,MCDONNEL DOUGLAS SY,40.7975467948152,-111.95392097277768,,,,,,,,,,,,,,,,,,,,,,,,,,False,False,208,66,37.37438227,-117.9796042,644.2236058825641,False
pacificorp,MCFADDEN,39.33436388438759,-110.99060875552055,,,,,,,,,,,,,,,,,,,,,,,,,,False,False,7920,500,35.25222325,-115.5157004,605.0243962409804,False
pacificorp,MCKAY_OR,45.63350476494055,-118.81508745366273,,,,,,,,,,,,,,,,,,,,,,,,,,False,False,1898,500,42.07986401,-121.3901623,445.77525806722576,False
pacificorp,MCKAY_UT,41.18828388396152,-111.94941379531552,,,,,,,,,,,,,,,,,,,,,,,,,,False,False,208,66,37.37438227,-117.9796042,669.9484486541553,False
pacificorp,MEADOWBROOK,40.673248074419405,-111.92480716910408,,,,,,,,,,,,,,,,,,,,,,,,,,False,False,208,66,37.37438227,-117.9796042,638.5982162476771,False
pacificorp,MEDCO,42.346879444609804,-122.88805451961876,,,,,,,,,,,,,,,,,,,,,,,,,,False,False,1306,66,41.89799074,-122.5399625,57.58126177384232,False
pacificorp,MEDFORD,42.3336866378419,-122.86946195523268,,,,,,,,,,,,6.0,,,,,,,,,,,,1.78118,10.7,False,False,1306,66,41.89799074,-122.5399625,55.54971447479096,False
pacificorp,MEDICAL,40.77459537810201,-111.8384658111666,,,,,,,,,,,,,,,,,,,,,,,,,,False,False,208,66,37.37438227,-117.9796042,650.8684205662897,False
pacificorp,MENAN,43.721045578314005,-111.98403760173552,,,,,,,,,,,,,,,,,,,,,,,,,,False,False,622,66,41.53151534,-120.1820013,713.1601573479378,False
pacificorp,MERCER,40.26021660616884,-112.01727355146576,,,,,,,,,,,,,,,,,,,,,,,,,,False,False,208,66,37.37438227,-117.9796042,607.9020010274078,False
pacificorp,MERIDIAN,42.363241687793256,-122.7547828877214,,,,,,,,,,,,,,,,,,,,,,,,,,False,False,8065,66,41.97698731,-122.3613697,53.81307545021291,False
pacificorp,MERLIN,42.51089425670519,-123.4130559868688,,,,,,,,,,,,4.0,,,,,,,,,,,,2.44951,4.6,False,False,1314,66,41.8405331,-123.1919616,76.73497747106919,False
pacificorp,MERRILL_ID,43.554639627673644,-112.28215212295292,,,,,,,,,,,,,,,,,,,,,,,,,,False,False,622,66,41.53151534,-120.1820013,684.8444847031118,False
pacificorp,MERRILL_OR,42.02635695560084,-121.60184612089463,,,,,,,,,,,,,,,,,,,,,,,,,,False,False,1898,500,42.07986401,-121.3901623,18.462595859063324,False
pacificorp,MERWIN,45.95687270040146,-122.55627462701588,,,,,,,,,,,,,,,,,,,,,,,,,,False,False,1898,500,42.07986401,-121.3901623,441.0580959155212,False
pacificorp,MIDDLETON,37.14208439502236,-113.5636384878602,,,,,,,,,,,,,,,,,,,,,,,,,,False,False,7920,500,35.25222325,-115.5157004,273.55885018055665,False
pacificorp,MIDLAND,41.190153214004056,-112.05722502957896,,,,,,,,,,,,,,,,,,,,,,,,,,False,False,208,66,37.37438227,-117.9796042,662.9264047444311,False
pacificorp,MIDVALE,40.612772218469786,-111.9127861610087,,,,,,,,,,,,,,,,,,,,,,,,,,False,False,208,66,37.37438227,-117.9796042,635.805386245335,False
pacificorp,MIDVALLEY,40.70721546706495,-111.92850697851809,,,,,,,,,,,,,,,,,,,,,,,,,,False,False,208,66,37.37438227,-117.9796042,640.4085618321724,False
pacificorp,MIDWAY,40.5030646260588,-111.48921384439107,,,,,,,,,,,,,,,,,,,,,,,,,,False,False,208,66,37.37438227,-117.9796042,660.1359060221604,False
pacificorp,MIDWEST,43.45009834473353,-106.33166666636632,,,,,,,,,,,,,,,,,,,,,,,,,,False,False,622,66,41.53151534,-120.1820013,1154.0756914913106,False
pacificorp,MILE HI,42.189124763568245,-120.36584229874715,,,,,,,,,,,,2.0,,,,,,,,,,,,21.15034,-16.1,False,False,623,115,41.73313546,-120.3669055,50.703773368914696,False
pacificorp,MILFORD,38.38668192650201,-113.01610084673683,,,,,,,,,,,,,,,,,,,,,,,,,,False,False,7920,500,35.25222325,-115.5157004,413.4586128008365,False
pacificorp,MILFORD TVPMNT,38.4970527011046,-112.78675319056217,,,,,,,,,,,,,,,,,,,,,,,,,,False,False,7920,500,35.25222325,-115.5157004,434.80992093279264,False
pacificorp,MILL CREEK,46.071110448618704,-118.30475498272553,,,,,,,,,,,,,,,,,,,,,,,,,,False,False,1898,500,42.07986401,-121.3901623,507.5576110018503,False
pacificorp,MILL HOLLOW,39.95768542214504,-111.30604352305116,,,,,,,,,,,,,,,,,,,,,,,,,,False,False,7920,500,35.25222325,-115.5157004,641.1296715347178,False
pacificorp,MILL IRON,43.93995753475152,-108.65041317841556,,,,,,,,,,,,,,,,,,,,,,,,,,False,False,622,66,41.53151534,-120.1820013,978.1974952438109,False
pacificorp,MILLER,43.68440741807748,-112.18326590436212,,,,,,,,,,,,,,,,,,,,,,,,,,False,False,622,66,41.53151534,-120.1820013,696.6570194865028,False
pacificorp,MILLER REDWOOD,41.73282160979456,-124.09743393234002,,,,,,,,,,,,,,,,,,,,,,,,,,False,False,2239,66,41.29428709,-124.0568714,48.87963041309124,False
pacificorp,MILLS,39.46344911210803,-112.00590032301334,,,,,,,,,,,,,,,,,,,,,,,,,,False,False,7920,500,35.25222325,-115.5157004,561.5828557092491,False
pacificorp,MINAM,45.622888742248165,-117.72224334493497,,,,,,,,,,,,1.0,,,,,,,,,,,,0.0,0.0,False,False,623,115,41.73313546,-120.3669055,481.91245648826015,False
pacificorp,MINERAL PRODUCTS,38.37988241574802,-112.24890974757348,,,,,,,,,,,,,,,,,,,,,,,,,,False,False,7920,500,35.25222325,-115.5157004,453.2702263600843,False
pacificorp,MINERS,41.85743839748725,-106.55177284386852,,,,,,,,,,,,,,,,,,,,,,,,,,False,False,1017,66,34.47871451,-114.4169599,1069.4895102218527,False
pacificorp,MINERSVILLE,38.21974759670069,-112.92392064786176,,,,,,,,,,,,,,,,,,,,,,,,,,False,False,7920,500,35.25222325,-115.5157004,402.72691424630005,False
pacificorp,MOAB,38.60844233915635,-109.60745075234628,,,,,,,,,,,,,,,,,,,,,,,,,,False,False,2261,230,34.31514963,-114.1576556,627.0980372444474,False
pacificorp,MOAB CITY,38.577052503053366,-109.54534512420577,,,,,,,,,,,,,,,,,,,,,,,,,,False,False,2261,230,34.31514963,-114.1576556,628.129902048243,False
pacificorp,MODOC,42.50101881985085,-121.8973328722766,,,,,,,,,,,,1.0,,,,,,,,,,,,0.80575,0.9,False,False,1898,500,42.07986401,-121.3901623,62.716879129631764,False
pacificorp,MOLEN (FUTURE),38.99042989676448,-111.11708079558896,,,,,,,,,,,,,,,,,,,,,,,,,,False,False,7920,500,35.25222325,-115.5157004,569.8253188148774,False
pacificorp,MONA,39.82382250638969,-111.90415326848328,,,,,,,,,,,,,,,,,,,,,,,,,,False,False,208,66,37.37438227,-117.9796042,593.8938387860808,False
pacificorp,MONELL METER STATION,41.57550098707284,-108.52341054033975,,,,,,,,,,,,,,,,,,,,,,,,,,False,False,7920,500,35.25222325,-115.5157004,929.6471609040823,False
pacificorp,MONPAC,44.86440786003453,-123.20782522056552,,,,,,,,,,,,,,,,,,,,,,,,,,False,False,8065,66,41.97698731,-122.3613697,328.2583084294997,False
pacificorp,MONTAGUE,41.72693043904344,-122.53651317747703,,,,,,,,,,,,,,,,,,,,,,,,,,False,False,1309,66,41.72704111,-122.5364216,0.01446359656981164,True
pacificorp,MONTPELIER,42.31859514582875,-111.32002063154232,,,,,,,,,,,,,,,,,,,,,,,,,,False,False,622,66,41.53151534,-120.1820013,738.0234614315095,False
pacificorp,MONUMENT,41.69463928927582,-110.0331431675946,,,,,,,,,,,,,,,,,,,,,,,,,,False,False,208,66,37.37438227,-117.9796042,833.1923876100195,False
pacificorp,MOODY,43.82586482442378,-111.5989930574733,,,,,,,,,,,,,,,,,,,,,,,,,,False,False,622,66,41.53151534,-120.1820013,746.1359944474021,False
pacificorp,MOON LAKE,40.05971111283806,-109.4588195550412,,,,,,,,,,,,,,,,,,,,,,,,,,False,False,7920,500,35.25222325,-115.5157004,754.6540074980146,False
pacificorp,MOORE,38.97485747203174,-111.15903551498911,,,,,,,,,,,,,,,,,,,,,,,,,,False,False,7920,500,35.25222325,-115.5157004,566.0499471466499,False
pacificorp,MORGAN,41.04448064557536,-111.68914127436226,,,,,,,,,,,,,,,,,,,,,,,,,,False,False,208,66,37.37438227,-117.9796042,678.1307174360307,False
pacificorp,MORONI,39.522585813351846,-111.5907937664642,,,,,,,,,,,,,,,,,,,,,,,,,,False,False,7920,500,35.25222325,-115.5157004,587.8354447585184,False
pacificorp,MORRISON CREEK,41.92494152009263,-124.13939073134004,,,,,,,,,,,,,,,,,,,,,,,,,,False,False,1304,66,41.80354175,-123.372551,64.92068685360597,False
pacificorp,MORTON COURT,40.7533818346479,-111.88439184140232,,,,,,,,,,,,,,,,,,,,,,,,,,False,False,208,66,37.37438227,-117.9796042,646.34127805194,False
pacificorp,MOSIDA,40.07824919744642,-112.0985131756821,,,,,,,,,,,,,,,,,,,,,,,,,,False,False,208,66,37.37438227,-117.9796042,591.9791730534486,False
pacificorp,MOTT SW STA,41.26265577119646,-122.2704692350465,,,,,,,,,,,,,,,,,,,,,,,,,,False,False,1310,66,41.26271288,-122.2704296,0.007162423600718695,True
pacificorp,MOUNDS SY,39.44199746386496,-110.47518151909392,,,,,,,,,,,,,,,,,,,,,,,,,,False,False,7920,500,35.25222325,-115.5157004,644.4268740108449,False
pacificorp,MOUNTAIN GREEN,41.13137160760521,-111.77070859141784,,,,,,,,,,,,,,,,,,,,,,,,,,False,False,208,66,37.37438227,-117.9796042,678.1721717058689,False
pacificorp,MOUNTAIN VIEW,40.65266907293815,-112.04635836201356,,,,,,,,,,,,,,,,,,,,,,,,,,False,False,208,66,37.37438227,-117.9796042,628.7735210750214,False
pacificorp,MT DELL,40.75250253203578,-111.71176202731444,,,,,,,,,,,,,,,,,,,,,,,,,,False,False,208,66,37.37438227,-117.9796042,658.460292896041,False
pacificorp,MUDDY BAY,42.54343197463111,-105.03372285014532,,,,,,,,,,,,,,,,,,,,,,,,,,False,False,2261,230,34.31514963,-114.1576556,1210.4180089123965,False
pacificorp,MUDDY CREEK SW STA,41.31650100596063,-110.7205582460745,,,,,,,,,,,,,,,,,,,,,,,,,,False,False,208,66,37.37438227,-117.9796042,762.3090399647826,False
pacificorp,MUDLAKE,43.83825353020159,-112.47501220654662,,,,,,,,,,,,,,,,,,,,,,,,,,False,False,622,66,41.53151534,-120.1820013,679.8336067553315,False
pacificorp,MURDER CREEK,44.66472378892766,-123.06030384238656,,,,,,,,,,,,3.0,,,,,,,,,,,,4.49971,0.0,False,False,8065,66,41.97698731,-122.3613697,304.16060188503053,False
pacificorp,MURPHY DOME,43.68226614161747,-107.82877784889492,,,,,,,,,,,,,,,,,,,,,,,,,,False,False,622,66,41.53151534,-120.1820013,1037.8237166041843,False
pacificorp,MUSTANG,42.20502975142519,-107.93052515854652,,,,,,,,,,,,,,,,,,,,,,,,,,False,False,208,66,37.37438227,-117.9796042,1011.7406709405752,False
pacificorp,MYRTLE CREEK,43.02719376847547,-123.29175959659813,,,,,,,,,,,,2.0,,,,,,,,,,,,0.39396,3.1,False,False,1314,66,41.8405331,-123.1919616,132.20455571739475,False
pacificorp,MYRTLE POINT,43.061439253259294,-124.12357348597313,,,,,,,,,,,,2.0,,,,,,,,,,,,0.22184,1.7,False,False,1304,66,41.80354175,-123.372551,152.84832319738635,False
pacificorp,MYTON,40.16029821207685,-110.07772371736748,,,,,,,,,,,,,,,,,,,,,,,,,,False,False,7920,500,35.25222325,-115.5157004,725.431532372235,False
pacificorp,N SALT LAKE,40.84149466325512,-111.9192700093883,,,,,,,,,,,,,,,,,,,,,,,,,,False,False,208,66,37.37438227,-117.9796042,649.3888733328494,False
pacificorp,NACHES PLANT,46.69736854487702,-120.65367186185124,,,,,,,,,,,,,,,,,,,,,,,,,,False,False,1898,500,42.07986401,-121.3901623,516.7605424831544,False
pacificorp,NAHNE JENSEN,44.444471617804105,-108.1118002205882,,,,,,,,,,,,,,,,,,,,,,,,,,False,False,622,66,41.53151534,-120.1820013,1032.6604328884064,False
pacificorp,NAPLES,40.40103642833589,-109.46572954712362,,,,,,,,,,,,,,,,,,,,,,,,,,False,False,7920,500,35.25222325,-115.5157004,780.703969744046,False
pacificorp,NATIONAL SW STA,39.65334964158052,-110.8992815411437,,,,,,,,,,,,,,,,,,,,,,,,,,False,False,7920,500,35.25222325,-115.5157004,636.6285721711259,False
pacificorp,NAUGHTON,41.75931629772544,-110.5998913322728,,,,,,,,,,,,,,,,,,,,,,,,,,False,False,622,66,41.53151534,-120.1820013,796.1953907074482,False
pacificorp,NAUGHTON CO,41.75957712593505,-110.59989704376136,,,,,,,,,,,,,,,,,,,,,,,,,,False,False,622,66,41.53151534,-120.1820013,796.1942242246453,False
pacificorp,NEBO,39.80786498812069,-111.8300763270489,,,,,,,,,,,,,,,,,,,,,,,,,,False,False,208,66,37.37438227,-117.9796042,598.8677293034425,False
pacificorp,NEW HARMONY,37.484895693591405,-113.22167637656474,,,,,,,,,,,,,,,,,,,,,,,,,,False,False,7920,500,35.25222325,-115.5157004,322.1900875309799,False
pacificorp,NEWDALE,43.88209064304402,-111.5982033404222,,,,,,,,,,,,,,,,,,,,,,,,,,False,False,622,66,41.53151534,-120.1820013,748.0515361298368,False
pacificorp,NEWELL,41.88813575616575,-121.37834651159258,,,,,,,,,,,,,,,,,,,,,,,,,,False,False,626,66,41.88812878,-121.378287,0.004987012315519851,True
pacificorp,NEWGATE,41.19122823758656,-111.98673250177382,,,,,,,,,,,,,,,,,,,,,,,,,,False,False,208,66,37.37438227,-117.9796042,667.6670769725935,False
pacificorp,NEWTON,41.84480307420871,-112.00160001139146,,,,,,,,,,,,,,,,,,,,,,,,,,False,False,622,66,41.53151534,-120.1820013,679.9160904296376,False
pacificorp,NIBLEY,41.670537284255765,-111.80581176133131,,,,,,,,,,,,,,,,,,,,,,,,,,False,False,622,66,41.53151534,-120.1820013,696.3777500293191,False
pacificorp,NICKEL MOUNTAIN,42.931191303089335,-123.41020445388266,,,,,,,,,,,,,,,,,,,,,,,,,,False,False,1314,66,41.8405331,-123.1919616,122.59298122103635,False
pacificorp,NOB HILL,46.582116837293256,-120.5309146097059,,,,,,,,,,,,,,,,,,,,,,,,,,False,False,1898,500,42.07986401,-121.3901623,505.2619541416078,False
pacificorp,NORTH BENCH,40.785903515694905,-111.87522067476544,,,,,,,,,,,,,,,,,,,,,,,,,,False,False,208,66,37.37438227,-117.9796042,648.9896049594284,False
pacificorp,NORTH DUNSMUIR,41.22065394602859,-122.27659465832272,,,,,,,,,,,,,,,,,,,,,,,,,,False,False,1312,66,41.22066964,-122.2763499,0.02054541717709743,True
pacificorp,NORTH FIELDS,39.403965444541896,-112.3342672247977,,,,,,,,,,,,,,,,,,,,,,,,,,False,False,7920,500,35.25222325,-115.5157004,540.509821860857,False
pacificorp,NORTH LOGAN,41.76608809620944,-111.7815553047058,,,,,,,,,,,,,,,,,,,,,,,,,,False,False,622,66,41.53151534,-120.1820013,698.1893229208321,False
pacificorp,NORTH MEADOWS,38.89726688668655,-112.40494574608748,,,,,,,,,,,,,,,,,,,,,,,,,,False,False,7920,500,35.25222325,-115.5157004,490.26821173422934,False
pacificorp,NORTH OGDEN,41.29740029134465,-111.96942269837578,,,,,,,,,,,,,,,,,,,,,,,,,,False,False,208,66,37.37438227,-117.9796042,676.0570955612549,False
pacificorp,NORTH PARK,46.61000043479806,-120.49524841080662,,,,,,,,,,,,,,,,,,,,,,,,,,False,False,1898,500,42.07986401,-121.3901623,508.7201045308701,False
pacificorp,NORTHARMS PMNT,39.812965208680296,-111.13401497563746,,,,,,,,,,,,,,,,,,,,,,,,,,False,False,7920,500,35.25222325,-115.5157004,637.3526014613336,False
pacificorp,NORTHCREST,41.76618723999192,-124.19921645145917,,,,,,,,,,,,,,,,,,,,,,,,,,False,False,2239,66,41.29428709,-124.0568714,53.79406012915135,False
pacificorp,NORTHEAST,40.76630329744819,-111.86007776324124,,,,,,,,,,,,,,,,,,,,,,,,,,False,False,208,66,37.37438227,-117.9796042,648.8420558568855,False
pacificorp,NORTHRIDGE,40.32398860151967,-111.66994530890489,,,,,,,,,,,,,,,,,,,,,,,,,,False,False,208,66,37.37438227,-117.9796042,637.0398660120717,False
pacificorp,NORTONVILLE (FUTURE),39.76237920059341,-111.84429241435512,,,,,,,,,,,,,,,,,,,,,,,,,,False,False,208,66,37.37438227,-117.9796042,595.6493485024981,False
pacificorp,NUGGET,41.83318907170866,-110.82729144001324,,,,,,,,,,,,,,,,,,,,,,,,,,False,False,622,66,41.53151534,-120.1820013,777.2024659226236,False
pacificorp,NUTGLADE,41.17829269303779,-122.29086550692864,,,,,,,,,,,,,,,,,,,,,,,,,,False,False,1290,66,41.17823801,-122.2907352,0.012486262730029911,True
pacificorp,OAK KNOLL,42.17604979762406,-122.6483448065232,,,,,,,,,,,,2.0,,,,,,,,,,,,1.4212,1.1,False,False,1723,66,41.93298104,-122.4367485,32.18251555403487,False
pacificorp,OAK SPRINGS,39.65901324105042,-110.9855542812682,,,,,,,,,,,,,,,,,,,,,,,,,,False,False,7920,500,35.25222325,-115.5157004,632.2674319361108,False
pacificorp,OAKLAND_OR,43.41224073512653,-123.315326465089,,,,,,,,,,,,,,,,,,,,,,,,,,False,False,1314,66,41.8405331,-123.1919616,175.0570608053993,False
pacificorp,OAKLAND_UT,40.71615329494118,-111.88075940473632,,,,,,,,,,,,,,,,,,,,,,,,,,False,False,208,66,37.37438227,-117.9796042,644.3171887357012,False
pacificorp,OAKLEY,40.709271728076224,-111.28080424752106,,,,,,,,,,,,,,,,,,,,,,,,,,False,False,208,66,37.37438227,-117.9796042,686.8601357514245,False
pacificorp,OBRIEN,42.0967033022574,-123.68147493387508,,,,,,,,,,,,1.0,,,,,,,,,,,,1.53751,0.5,False,False,1304,66,41.80354175,-123.372551,41.41628793051625,False
pacificorp,OCEAN LAKE (FUTURE),43.08455928095553,-108.48900778326004,,,,,,,,,,,,,,,,,,,,,,,,,,False,False,622,66,41.53151534,-120.1820013,976.0842993467558,False
pacificorp,OCHOCO,44.30668001730903,-120.89734446407664,,,,,,,,,,,,,,,,,,,,,,,,,,False,False,1898,500,42.07986401,-121.3901623,250.8114416004645,False
pacificorp,OCKEY,39.71414984044706,-111.72216199134368,,,,,,,,,,,,,,,,,,,,,,,,,,False,False,7920,500,35.25222325,-115.5157004,598.3565043076762,False
pacificorp,OLD FIELD,39.00450867593244,-112.35324764758748,,,,,,,,,,,,,,,,,,,,,,,,,,False,False,7920,500,35.25222325,-115.5157004,502.5988267976172,False
pacificorp,OLYMPUS,40.685658096754864,-111.80046689678193,,,,,,,,,,,,,,,,,,,,,,,,,,False,False,208,66,37.37438227,-117.9796042,648.1542624211135,False
pacificorp,ONEIDA,42.26726144237929,-111.74901679528408,,,,,,,,,,,,,,,,,,,,,,,,,,False,False,622,66,41.53151534,-120.1820013,702.4342283514029,False
pacificorp,ONION,40.89054057569596,-111.89929513810428,,,,,,,,,,,,,,,,,,,,,,,,,,False,False,208,66,37.37438227,-117.9796042,653.8686947693735,False
pacificorp,OPAL,41.78033849488947,-110.34777877139057,,,,,,,,,,,,,,,,,,,,,,,,,,False,False,208,66,37.37438227,-117.9796042,816.670655640368,False
pacificorp,OPHIR,40.35574611983909,-112.29523537988862,,,,,,,,,,,,,,,,,,,,,,,,,,False,False,208,66,37.37438227,-117.9796042,593.1872995339612,False
pacificorp,OQUIRRH,40.56414094752382,-112.02829981192792,,,,,,,,,,,,,,,,,,,,,,,,,,False,False,208,66,37.37438227,-117.9796042,624.6746712574587,False
pacificorp,ORANGE,40.76790933141444,-111.94442904380396,,,,,,,,,,,,,,,,,,,,,,,,,,False,False,208,66,37.37438227,-117.9796042,643.0363576772448,False
pacificorp,ORANGEVILLE,39.22843704197001,-111.03965760187344,,,,,,,,,,,,,,,,,,,,,,,,,,False,False,7920,500,35.25222325,-115.5157004,593.5327327652706,False
pacificorp,ORCHARD_WA,46.59599329530248,-120.57715545004142,,,,,,,,,,,,,,,,,,,,,,,,,,False,False,1898,500,42.07986401,-121.3901623,506.30789497428486,False
pacificorp,OREGON BASIN,44.40940109767477,-108.9185726084244,,,,,,,,,,,,,,,,,,,,,,,,,,False,False,622,66,41.53151534,-120.1820013,969.7031278622718,False
pacificorp,OREM,40.28273113999951,-111.69047216259165,,,,,,,,,,,,,,,,,,,,,,,,,,False,False,208,66,37.37438227,-117.9796042,633.3027719539757,False
pacificorp,OREMET,44.60969390636687,-123.10131551399472,,,,,,,,,,,,1.0,,,,,,,,,,,,0.79958,0.0,False,False,8065,66,41.97698731,-122.3613697,298.8023958119224,False
pacificorp,ORIN,42.65149010774672,-105.1670184643658,,,,,,,,,,,,,,,,,,,,,,,,,,False,False,2261,230,34.31514963,-114.1576556,1211.62710126416,False
pacificorp,OSGOOD,43.59705328931644,-112.12264899754813,,,,,,,,,,,,,,,,,,,,,,,,,,False,False,622,66,41.53151534,-120.1820013,698.5030240698974,False
pacificorp,OUTLOOK,46.37534150582576,-120.0798471484538,,,,,,,,,,,,,,,,,,,,,,,,,,False,False,1898,500,42.07986401,-121.3901623,488.89270467441975,False
pacificorp,OVERPASS,44.07602628820187,-121.30296008518874,,,,,,,,,,,,5.0,,,,,,,,,,,,4.94523,8.6,False,False,1898,500,42.07986401,-121.3901623,222.0760446304688,False
pacificorp,OVID,42.30840094307416,-111.3598183836559,,,,,,,,,,,,,,,,,,,,,,,,,,False,False,622,66,41.53151534,-120.1820013,734.6830114426338,False
pacificorp,PACIFIC,46.59214904690814,-120.49687242560142,,,,,,,,,,,,,,,,,,,,,,,,,,False,False,1898,500,42.07986401,-121.3901623,506.738188820883,False
pacificorp,PAGEANT,39.2981611482769,-111.07921643176584,,,,,,,,,,,,,,,,,,,,,,,,,,False,False,7920,500,35.25222325,-115.5157004,596.8997598960688,False
pacificorp,PAINTED ROCK,39.348144920021,-111.92543828949007,,,,,,,,,,,,,,,,,,,,,,,,,,False,False,7920,500,35.25222325,-115.5157004,555.1125112684655,False
pacificorp,PAINTER,41.31187791910136,-110.86314048559872,,,,,,,,,,,,,,,,,,,,,,,,,,False,False,208,66,37.37438227,-117.9796042,752.0426293191952,False
pacificorp,PALLETTE,45.28979908554029,-116.79943935195978,,,,,,,,,,,,2.0,,,,,,,,,,,,0.01684,0.0,False,False,623,115,41.73313546,-120.3669055,488.9387271878466,False
pacificorp,PANGUITCH,37.8255112961326,-112.43679327049436,,,,,,,,,,,,,,,,,,,,,,,,,,False,False,7920,500,35.25222325,-115.5157004,396.8590852528885,False
pacificorp,PARADISE,42.681554712928445,-109.8374942668963,,,,,,,,,,,,,,,,,,,,,,,,,,False,False,622,66,41.53151534,-120.1820013,862.3377759078799,False
pacificorp,PARCO,41.78875794639669,-107.11408363826702,,,,,,,,,,,,,,,,,,,,,,,,,,False,False,7920,500,35.25222325,-115.5157004,1029.7903017758929,False
pacificorp,PARIETTE,40.06178161766791,-110.05716467434912,,,,,,,,,,,,,,,,,,,,,,,,,,False,False,7920,500,35.25222325,-115.5157004,718.6558913116878,False
pacificorp,PARK CITY,40.6601936304896,-111.5032089470357,,,,,,,,,,,,,,,,,,,,,,,,,,False,False,208,66,37.37438227,-117.9796042,667.956841074807,False
pacificorp,PARK STREET,42.42730366909371,-123.32086597120428,,,,,,,,,,,,5.0,,,,,,,,,,,,2.53706,8.3,False,False,1314,66,41.8405331,-123.1919616,66.1060523072684,False
pacificorp,PARKROSE,45.5579777875352,-122.5572851616419,,,,,,,,,,,,5.0,,,,,,,,,,,,1.25243,12.15,False,False,1898,500,42.07986401,-121.3901623,397.91013328446485,False
pacificorp,PARKSIDE,40.36992228671588,-111.96513197716789,,,,,,,,,,,,,,,,,,,,,,,,,,False,False,208,66,37.37438227,-117.9796042,617.8770151444288,False
pacificorp,PARKWAY,40.70724279165695,-111.9341221299668,,,,,,,,,,,,,,,,,,,,,,,,,,False,False,208,66,37.37438227,-117.9796042,640.0151787317876,False
pacificorp,PARLEYS,40.71269773742794,-111.81420847149715,,,,,,,,,,,,,,,,,,,,,,,,,,False,False,208,66,37.37438227,-117.9796042,648.8073677502946,False
pacificorp,PAROWAN VALLEY,37.88320084854063,-112.90920396807525,,,,,,,,,,,,,,,,,,,,,,,,,,False,False,7920,500,35.25222325,-115.5157004,373.8221485806996,False
pacificorp,PARRISH,40.91857858805078,-111.90351982325734,,,,,,,,,,,,,,,,,,,,,,,,,,False,False,208,66,37.37438227,-117.9796042,655.3601198232553,False
pacificorp,PARRISH GAP,44.76965053200235,-122.94716076375542,,,,,,,,,,,,,,,,,,,,,,,,,,False,False,1724,66,41.97986964,-122.3359387,314.11574571402326,False
pacificorp,PASCO,46.22077796302179,-119.09692286789634,,,,,,,,,,,,,,,,,,,,,,,,,,False,False,1898,500,42.07986401,-121.3901623,495.409674076335,False
pacificorp,PATRICKS CREEK,41.88143022939097,-123.86469131543286,,,,,,,,,,,,,,,,,,,,,,,,,,False,False,1304,66,41.80354175,-123.372551,41.67774131061653,False
pacificorp,PAVANT,39.15415874029722,-112.36267190108094,,,,,,,,,,,,,,,,,,,,,,,,,,False,False,7920,500,35.25222325,-115.5157004,515.8877938108944,False
pacificorp,PELICAN POINT,40.264552806866064,-111.87538705443414,,,,,,,,,,,,,,,,,,,,,,,,,,False,False,208,66,37.37438227,-117.9796042,618.6037162825585,False
pacificorp,PELTON REREGULATING SW STA,44.72426192607397,-121.24872007064168,,,,,,,,,,,,,,,,,,,,,,,,,,False,False,1898,500,42.07986401,-121.3901623,294.26543627956204,False
pacificorp,PENDLETON,45.6777594111712,-118.78199434414748,,,,,,,,,,,,6.0,,,,,,,,,,,,1.79078,6.0,False,False,1898,500,42.07986401,-121.3901623,451.32711066013457,False
pacificorp,PENSTOCK,44.14241355159213,-121.27006097314734,,,,,,,,,,,,,,,,,,,,,,,,,,False,False,1898,500,42.07986401,-121.3901623,229.5520880113927,False
pacificorp,PEREZ,41.63314760479084,-121.22656662579185,,,,,,,,,,,,,,,,,,,,,,,,,,False,False,627,66,41.63312677,-121.2264898,0.006792200779943291,True
pacificorp,PETERSON,41.12380828609106,-111.79750731353506,,,,,,,,,,,,,,,,,,,,,,,,,,False,False,208,66,37.37438227,-117.9796042,675.862399672017,False
pacificorp,PGE GRANDRONDE,45.06283391748672,-123.60894769140867,,,,,,,,,,,,,,,,,,,,,,,,,,False,False,8065,66,41.97698731,-122.3613697,357.5589570888593,False
pacificorp,PICKETT,42.0636486936378,-121.4711100413789,,,,,,,,,,,,,,,,,,,,,,,,,,False,False,1898,500,42.07986401,-121.3901623,6.920493388465523,False
pacificorp,PILOT BUTTE,44.05713630869337,-121.23390240943746,,,,,,,,,,,,3.0,,,,,,,,,,,,32.20176,-21.9,False,False,1898,500,42.07986401,-121.3901623,220.2286231721263,False
pacificorp,PILOT ROCK,45.49384902865477,-118.8322323685954,,,,,,,,,,,,2.0,,,,,,,,,,,,0.13664,1.4,False,False,1898,500,42.07986401,-121.3901623,431.5341813282255,False
pacificorp,PINE CANYON,40.55940486743656,-112.27390431124036,,,,,,,,,,,,,,,,,,,,,,,,,,False,False,208,66,37.37438227,-117.9796042,607.0377730791237,False
pacificorp,PINE CREEK_UT,39.49137445296671,-111.49501882333406,,,,,,,,,,,,,,,,,,,,,,,,,,False,False,7920,500,35.25222325,-115.5157004,590.1290128862971,False
pacificorp,PINEDALE,42.88882978494144,-109.88904410474684,,,,,,,,,,,,,,,,,,,,,,,,,,False,False,622,66,41.53151534,-120.1820013,860.4878017585877,False
pacificorp,PINNACLE,39.55619847641694,-110.86734473048578,,,,,,,,,,,,,,,,,,,,,,,,,,False,False,7920,500,35.25222325,-115.5157004,630.3726456420363,False
pacificorp,PINTO,37.86858794125418,-109.31679051244195,,,,,,,,,,,,,,,,,,,,,,,,,,False,False,2261,230,34.31514963,-114.1576556,587.4736161046377,False
pacificorp,PINTURA,37.77352734989592,-113.25790004477656,,,,,,,,,,,,,,,,,,,,,,,,,,False,False,7920,500,35.25222325,-115.5157004,345.39156211612635,False
pacificorp,PIONEER,41.24339404287387,-111.94632604763044,,,,,,,,,,,,,,,,,,,,,,,,,,False,False,208,66,37.37438227,-117.9796042,673.8845554246454,False
pacificorp,PITCHFORK,44.14875951302575,-109.06560590406168,,,,,,,,,,,,,,,,,,,,,,,,,,False,False,622,66,41.53151534,-120.1820013,951.0460237265595,False
pacificorp,PIUTE MOBILE,38.32532151444663,-112.22108098571044,,,,,,,,,,,,,,,,,,,,,,,,,,False,False,7920,500,35.25222325,-115.5157004,450.3108206187388,False
pacificorp,PLAIN CITY,41.304452958393775,-112.0553724690028,,,,,,,,,,,,,,,,,,,,,,,,,,False,False,208,66,37.37438227,-117.9796042,670.9233130639076,False
pacificorp,PLATTE,41.79021965990374,-107.11102697678236,,,,,,,,,,,,,,,,,,,,,,,,,,False,False,7920,500,35.25222325,-115.5157004,1030.087259365384,False
pacificorp,PLATTE RIVR DJ,42.84728878463277,-105.77202919087972,,,,,,,,,,,,,,,,,,,,,,,,,,False,False,7920,500,35.25222325,-115.5157004,1190.5591121594996,False
pacificorp,PLEASANT GROVE,40.36974523380306,-111.74450787509028,,,,,,,,,,,,,,,,,,,,,,,,,,False,False,208,66,37.37438227,-117.9796042,634.0228738851507,False
pacificorp,PLEASANT VIEW,41.3307710467136,-111.98756004328828,,,,,,,,,,,,,,,,,,,,,,,,,,False,False,208,66,37.37438227,-117.9796042,677.1742726950004,False
pacificorp,PLYMOUTH,41.88536123404642,-112.18199781645592,,,,,,,,,,,,,,,,,,,,,,,,,,False,False,622,66,41.53151534,-120.1820013,665.0145226892266,False
pacificorp,POCKETVILLE,37.20941458026336,-113.17608591290173,,,,,,,,,,,,,,,,,,,,,,,,,,False,False,7920,500,35.25222325,-115.5157004,302.302327128786,False
pacificorp,POINT OF ROCKS,41.62957622833067,-108.76068471678252,,,,,,,,,,,,,,,,,,,,,,,,,,False,False,7920,500,35.25222325,-115.5157004,920.7567626690592,False
pacificorp,POLE CANYON METERING STA (FUTURE),40.292302885432754,-112.07444125637215,,,,,,,,,,,,,,,,,,,,,,,,,,False,False,208,66,37.37438227,-117.9796042,605.5081012942528,False
pacificorp,POMEROY,46.474483509275565,-117.62216463705904,,,,,,,,,,,,,,,,,,,,,,,,,,False,False,623,115,41.73313546,-120.3669055,570.8554405147703,False
pacificorp,POMONA HEIGHTS,46.65097423389204,-120.48997395620918,,,,,,,,,,,,,,,,,,,,,,,,,,False,False,1898,500,42.07986401,-121.3901623,513.286401740365,False
pacificorp,PONDEROSA,44.22601184753656,-120.93130081146074,,,,,,,,,,,,,,,,,,,,,,,,,,False,False,1898,500,42.07986401,-121.3901623,241.52506979841425,False
pacificorp,PONDEROSA_UT,38.26541321769419,-112.49077425043936,,,,,,,,,,,,,,,,,,,,,,,,,,False,False,7920,500,35.25222325,-115.5157004,429.91385937323497,False
pacificorp,PONY EXPRESS,40.316810479995965,-111.99412808806454,,,,,,,,,,,,,,,,,,,,,,,,,,False,False,208,66,37.37438227,-117.9796042,612.7606298395731,False
pacificorp,POPE,41.86255736074091,-111.0037352789136,,,,,,,,,,,,,,,,,,,,,,,,,,False,False,622,66,41.53151534,-120.1820013,762.5609775403911,False
pacificorp,POPULUS,42.42470133894374,-112.15607454749882,,,,,,,,,,,,,,,,,,,,,,,,,,False,False,622,66,41.53151534,-120.1820013,670.5718002902622,False
pacificorp,PORTER ROCKWEL,40.48660802005279,-111.90809740617983,,,,,,,,,,,,,,,,,,,,,,,,,,False,False,208,66,37.37438227,-117.9796042,628.7082379220144,False
pacificorp,POVERTY,42.01032795973096,-111.14917112293904,,,,,,,,,,,,,,,,,,,,,,,,,,False,False,622,66,41.53151534,-120.1820013,750.6378714210359,False
pacificorp,POWELL BUTTE,44.30576802848997,-121.0172449487526,,,,,,,,,,,,1.0,,,,,,,,,,,,1.25571,0.5,False,False,1898,500,42.07986401,-121.3901623,249.3478192701159,False
pacificorp,POWERDALE JUNCTION (NOT SUB),45.70357986202036,-121.50714420189664,,,,,,,,,,,,,,,,,,,,,,,,,,False,False,1898,500,42.07986401,-121.3901623,403.0477069856039,False
pacificorp,PRESTON,42.09058854878455,-111.86650291839514,,,,,,,,,,,,,,,,,,,,,,,,,,False,False,622,66,41.53151534,-120.1820013,691.6997731032909,False
pacificorp,PRINEVILLE,44.30749531855803,-120.85389515645282,,,,,,,,,,,,7.0,,,,,,,,,,,,5.14498,12.9,False,False,1898,500,42.07986401,-121.3901623,251.48551610202153,False
pacificorp,PROMONTORY,41.61901796915971,-112.38777444134668,,,,,,,,,,,,,,,,,,,,,,,,,,False,False,622,66,41.53151534,-120.1820013,648.2013104995668,False
pacificorp,PROSPECT 1,42.73069177358406,-122.5151279565868,,,,,,,,,,,,,,,,,,,,,,,,,,False,False,8065,66,41.97698731,-122.3613697,84.7551103108293,False
pacificorp,PROSPECT 2,42.73122870281066,-122.513997829247,,,,,,,,,,,,,,,,,,,,,,,,,,False,False,8065,66,41.97698731,-122.3613697,84.80035571344288,False
pacificorp,PROSPECT 3,42.73048470565485,-122.4185823514694,,,,,,,,,,,,,,,,,,,,,,,,,,False,False,1724,66,41.97986964,-122.3359387,83.74038222188581,False
pacificorp,PROSPECT 4,42.73296781305675,-122.51503822656804,,,,,,,,,,,,,,,,,,,,,,,,,,False,False,8065,66,41.97698731,-122.3613697,85.00424510687246,False
pacificorp,PROSPECT CNTRL,42.73384385576795,-122.51588322863668,,,,,,,,,,,,,,,,,,,,,,,,,,False,False,8065,66,41.97698731,-122.3613697,85.11089371049877,False
pacificorp,PROSPECT POINT,46.03627399893974,-118.33810337098662,,,,,,,,,,,,1.0,,,,,,,,,,,,0.06459,0.3,False,False,1898,500,42.07986401,-121.3901623,502.91571912705,False
pacificorp,PROSPERITY ROAD,40.56638867975753,-112.0456211964066,,,,,,,,,,,,,,,,,,,,,,,,,,False,False,208,66,37.37438227,-117.9796042,623.5789977430151,False
pacificorp,PROVOLT,42.2869240172732,-123.23026694826471,,,,,,,,,,,,1.0,,,,,,,,,,,,0.73568,1.2,False,False,1314,66,41.8405331,-123.1919616,49.737025917527895,False
pacificorp,PRYOR MOUNTAIN COLLECTOR,45.15743631559717,-108.67437018074276,,,,,,,,,,,,,,,,,,,,,,,,,,False,False,622,66,41.53151534,-120.1820013,1012.9569822450545,False
pacificorp,PUNKIN CENTER,46.37555160256328,-120.19830141379434,,,,,,,,,,,,,,,,,,,,,,,,,,False,False,1898,500,42.07986401,-121.3901623,486.9908348564578,False
pacificorp,PURGATORY FLAT,37.15037302705537,-113.42380950113848,,,,,,,,,,,,,,,,,,,,,,,,,,False,False,7920,500,35.25222325,-115.5157004,282.43682876385276,False
pacificorp,QUAIL CREEK,37.21021160121768,-113.3911327580625,,,,,,,,,,,,,,,,,,,,,,,,,,False,False,7920,500,35.25222325,-115.5157004,289.31673201161203,False
pacificorp,QUARRY,40.58061307782517,-111.81554410193296,,,,,,,,,,,,,,,,,,,,,,,,,,False,False,208,66,37.37438227,-117.9796042,640.8500902266799,False
pacificorp,QUEEN AVE,44.62494535191741,-123.07979517840091,,,,,,,,,,,,4.0,,,,,,,,,,,,2.27926,10.5,False,False,8065,66,41.97698731,-122.3613697,300.12056043222935,False
pacificorp,QUICHAPA,37.65337781654444,-113.22636043140804,,,,,,,,,,,,,,,,,,,,,,,,,,False,False,7920,500,35.25222325,-115.5157004,336.4434566970759,False
pacificorp,RAILROAD,41.29908757629677,-110.98631111369173,,,,,,,,,,,,,,,,,,,,,,,,,,False,False,208,66,37.37438227,-117.9796042,742.6778098355323,False
pacificorp,RAINBOW,41.57049574746414,-109.23450104601773,,,,,,,,,,,,,,,,,,,,,,,,,,False,False,208,66,37.37438227,-117.9796042,883.1460617627953,False
pacificorp,RAINS,39.71089010996693,-110.9587697309729,,,,,,,,,,,,,,,,,,,,,,,,,,False,False,7920,500,35.25222325,-115.5157004,638.1411182436899,False
pacificorp,RANDOLPH,41.67013158272301,-111.18833412008296,,,,,,,,,,,,,,,,,,,,,,,,,,False,False,622,66,41.53151534,-120.1820013,747.645490693657,False
pacificorp,RASMUSSEN,39.36217647115383,-111.61577503775985,,,,,,,,,,,,,,,,,,,,,,,,,,False,False,7920,500,35.25222325,-115.5157004,572.425788676239,False
pacificorp,RATTLESNAKE,38.30010110581172,-109.31729159180914,,,,,,,,,,,,,,,,,,,,,,,,,,False,False,2261,230,34.31514963,-114.1576556,619.8587110779719,False
pacificorp,RAVEN,41.66671514867115,-109.7045052189362,,,,,,,,,,,,,,,,,,,,,,,,,,False,False,208,66,37.37438227,-117.9796042,854.7193520966811,False
pacificorp,RAWHIDE SY,42.881395621941344,-106.23778861028173,,,,,,,,,,,,,,,,,,,,,,,,,,False,False,622,66,41.53151534,-120.1820013,1156.922371390243,False
pacificorp,RAYMOND,42.27434852127559,-111.05806086427972,,,,,,,,,,,,,,,,,,,,,,,,,,False,False,622,66,41.53151534,-120.1820013,759.2282254320576,False
pacificorp,RED BLANKET,42.75193757472057,-122.47356842943636,,,,,,,,,,,,1.0,,,,,,,,,,,,0.03404,0.3,False,False,1724,66,41.97986964,-122.3359387,86.59143270587644,False
pacificorp,RED BUTTE,37.41299585793998,-113.64603311017328,,,,,,,,,,,,,,,,,,,,,,,,,,False,False,7920,500,35.25222325,-115.5157004,292.86225977778463,False
pacificorp,RED BUTTE_UT,37.41384318958133,-113.6442909058332,,,,,,,,,,,,,,,,,,,,,,,,,,False,False,7920,500,35.25222325,-115.5157004,293.0282488053641,False
pacificorp,RED BUTTE_WY,42.82693227113841,-106.41630233468337,,,,,,,,,,,,,,,,,,,,,,,,,,False,False,622,66,41.53151534,-120.1820013,1142.1071448377888,False
pacificorp,RED LAKE (TB Flat I),42.18035432998425,-106.22668216440069,,,,,,,,,,,,,,,,,,,,,,,,,,False,False,7920,500,35.25222325,-115.5157004,1113.5975066586732,False
pacificorp,RED MOUNTAIN,37.14695522951753,-113.67515490076808,,,,,,,,,,,,,,,,,,,,,,,,,,False,False,7920,500,35.25222325,-115.5157004,267.6866600884425,False
pacificorp,RED NARROWS,39.99731850287706,-111.4228908263159,,,,,,,,,,,,,,,,,,,,,,,,,,False,False,7920,500,35.25222325,-115.5157004,638.8202731223555,False
pacificorp,REDMOND,44.27117647353688,-121.17088064253926,,,,,,,,,,,,7.0,,,,,,,,,,,,5.11705,13.7,False,False,1898,500,42.07986401,-121.3901623,244.31049514485048,False
pacificorp,REDWOOD_CA,41.76095845443237,-124.16354653533124,,,,,,,,,,,,,,,,,,,,,,,,,,False,False,2239,66,41.29428709,-124.0568714,52.64581327703583,False
pacificorp,REDWOOD_UT,40.736913176101126,-111.94589825192588,,,,,,,,,,,,,,,,,,,,,,,,,,False,False,208,66,37.37438227,-117.9796042,641.0133619671021,False
pacificorp,REFINERY,42.85858092309488,-106.24759650638526,,,,,,,,,,,,,,,,,,,,,,,,,,False,False,622,66,41.53151534,-120.1820013,1156.0064475336108,False
pacificorp,REMINGTON,40.73091619373687,-111.96216802271886,,,,,,,,,,,,,,,,,,,,,,,,,,False,False,208,66,37.37438227,-117.9796042,639.5030596146224,False
pacificorp,RENO,44.02996108363843,-112.59632379541368,,,,,,,,,,,,,,,,,,,,,,,,,,False,False,622,66,41.53151534,-120.1820013,678.2128481451069,False
pacificorp,RESEARCH,40.7617175415994,-111.82954943549036,,,,,,,,,,,,,,,,,,,,,,,,,,False,False,208,66,37.37438227,-117.9796042,650.7054720220899,False
pacificorp,REXBURG,43.82968076801407,-111.7902468581176,,,,,,,,,,,,,,,,,,,,,,,,,,False,False,622,66,41.53151534,-120.1820013,731.6132599832029,False
pacificorp,RICH,41.81540581053846,-111.08599818215492,,,,,,,,,,,,,,,,,,,,,,,,,,False,False,622,66,41.53151534,-120.1820013,755.7891310757385,False
pacificorp,RICHFIELD,38.769774429315376,-112.07358776522408,,,,,,,,,,,,,,,,,,,,,,,,,,False,False,7920,500,35.25222325,-115.5157004,496.29200689075907,False
pacificorp,RICHMOND,41.92279578502627,-111.79567679042948,,,,,,,,,,,,,,,,,,,,,,,,,,False,False,622,66,41.53151534,-120.1820013,697.0376191215179,False
pacificorp,RIDDLE,42.96704323594015,-123.3538062377638,,,,,,,,,,,,3.0,,,,,,,,,,,,0.97296,4.7,False,False,1314,66,41.8405331,-123.1919616,125.96503617253785,False
pacificorp,RIDDLE VENEER,42.94685772960526,-123.37484152442669,,,,,,,,,,,,1.0,,,,,,,,,,,,0.0,0.0,False,False,1314,66,41.8405331,-123.1919616,123.93092358232374,False
pacificorp,RIDGELAND,40.72228177913914,-111.98728288966691,,,,,,,,,,,,,,,,,,,,,,,,,,False,False,208,66,37.37438227,-117.9796042,637.2102220305846,False
pacificorp,RIGBY,43.68385775927364,-111.91312393743696,,,,,,,,,,,,,,,,,,,,,,,,,,False,False,622,66,41.53151534,-120.1820013,717.4133870734347,False
pacificorp,RILEY RIDGE METERING STATION,42.50014744324546,-110.4248119453558,,,,,,,,,,,,,,,,,,,,,,,,,,False,False,622,66,41.53151534,-120.1820013,812.7724965055226,False
pacificorp,RITER,40.70154285461871,-112.06372490390324,,,,,,,,,,,,,,,,,,,,,,,,,,False,False,208,66,37.37438227,-117.9796042,630.5766934656301,False
pacificorp,RIVER ROAD,46.61751997468219,-120.52871187235726,,,,,,,,,,,,,,,,,,,,,,,,,,False,False,1898,500,42.07986401,-121.3901623,509.18334329326876,False
pacificorp,RIVERDALE,41.16005709912021,-112.00128345317016,,,,,,,,,,,,,,,,,,,,,,,,,,False,False,208,66,37.37438227,-117.9796042,664.5930787802238,False
pacificorp,RIVERTON,43.01893680772611,-108.41117225474429,,,,,,,,,,,,,,,,,,,,,,,,,,False,False,622,66,41.53151534,-120.1820013,981.6187433323075,False
pacificorp,ROBERTS,43.71355456638092,-112.12370404908636,,,,,,,,,,,,,,,,,,,,,,,,,,False,False,622,66,41.53151534,-120.1820013,702.1951831442467,False
pacificorp,ROBERTS CREEK,43.12928391081265,-123.37174071972892,,,,,,,,,,,,,,,,,,,,,,,,,,False,False,1314,66,41.8405331,-123.1919616,144.05873500191365,False
pacificorp,ROBERTSON CREEK METERING STA,41.70025626377923,-110.36170595061992,,,,,,,,,,,,,,,,,,,,,,,,,,False,False,208,66,37.37438227,-117.9796042,810.7190158619682,False
pacificorp,ROCK CANYON,39.17261214223548,-111.03932894873518,,,,,,,,,,,,,,,,,,,,,,,,,,False,False,7920,500,35.25222325,-115.5157004,589.0456667996223,False
pacificorp,ROCK CREEK COLLECTOR I,41.58369672632618,-106.0770023214436,,,,,,,,,,,,,,,,,,,,,,,,,,False,False,2261,230,34.31514963,-114.1576556,1073.79475091953,False
pacificorp,ROCK CREEK COLLECTOR II,41.58508263646992,-106.01105433652484,,,,,,,,,,,,,,,,,,,,,,,,,,False,False,2261,230,34.31514963,-114.1576556,1077.710535740518,False
pacificorp,ROCK SPRINGS,41.63018347388245,-109.24322429019604,,,,,,,,,,,,,,,,,,,,,,,,,,False,False,208,66,37.37438227,-117.9796042,885.7534977791169,False
pacificorp,ROCKVILLE,37.16718212028682,-113.06121123274576,,,,,,,,,,,,,,,,,,,,,,,,,,False,False,7920,500,35.25222325,-115.5157004,306.30131883613944,False
pacificorp,ROCKY POINT,41.72684781250352,-112.18531734295902,,,,,,,,,,,,,,,,,,,,,,,,,,False,False,622,66,41.53151534,-120.1820013,664.7498894173274,False
pacificorp,ROGUE RIVER,42.42969807724759,-123.1711874092448,,,,,,,,,,,,2.0,,,,,,,,,,,,1.21121,3.1,False,False,1314,66,41.8405331,-123.1919616,65.53454761126943,False
pacificorp,ROSE PARK,40.79059914365352,-111.9301781773232,,,,,,,,,,,,,,,,,,,,,,,,,,False,False,208,66,37.37438227,-117.9796042,645.4429658193183,False
pacificorp,ROSEBURG,43.21116063823616,-123.31872331138524,,,,,,,,,,,,3.0,,,,,,,,,,,,1.10776,7.5,False,False,1314,66,41.8405331,-123.1919616,152.76036793665995,False
pacificorp,ROSS AVENUE,42.23600375455319,-121.75827373456686,,,,,,,,,,,,2.0,,,,,,,,,,,,0.72446,2.6,False,False,1898,500,42.07986401,-121.3901623,34.9588962794406,False
pacificorp,ROUND VALLEY,41.05187081222531,-111.62444772295736,,,,,,,,,,,,,,,,,,,,,,,,,,False,False,208,66,37.37438227,-117.9796042,683.0531247882957,False
pacificorp,ROXY ANN,42.34174914814778,-122.78424604980226,,,,,,,,,,,,2.0,,,,,,,,,,,,1.98524,2.1,False,False,1306,66,41.89799074,-122.5399625,53.29854956085071,False
pacificorp,ROYAL,39.74437803188548,-110.88456108034818,,,,,,,,,,,,,,,,,,,,,,,,,,False,False,7920,500,35.25222325,-115.5157004,645.0977105955036,False
pacificorp,RUBY,43.78786549010498,-112.9255914262553,,,,,,,,,,,,,,,,,,,,,,,,,,False,False,622,66,41.53151534,-120.1820013,643.9395431777002,False
pacificorp,RUCH,42.235568119977856,-123.05966308038263,,,,,,,,,,,,2.0,,,,,,,,,,,,0.90548,1.6,False,False,1314,66,41.8405331,-123.1919616,45.26428437777074,False
pacificorp,RUNNING Y,42.25252997674344,-121.85665301497822,,,,,,,,,,,,1.0,,,,,,,,,,,,2.10958,0.8,False,False,1898,500,42.07986401,-121.3901623,42.9743817871083,False
pacificorp,RUSH VALLEY,40.38504432981773,-112.4583212211068,,,,,,,,,,,,,,,,,,,,,,,,,,False,False,208,66,37.37438227,-117.9796042,583.3211192670968,False
pacificorp,RUSSELLVILLE,45.522276699702495,-122.56059890838446,,,,,,,,,,,,4.0,,,,,,,,,,,,1.13476,8.65,False,False,1898,500,42.07986401,-121.3901623,394.12295733263085,False
pacificorp,S ELK BASIN,44.90073981474192,-108.844445184366,,,,,,,,,,,,,,,,,,,,,,,,,,False,False,622,66,41.53151534,-120.1820013,991.100681023496,False
pacificorp,SAGE,41.7782154150057,-111.04526633216452,,,,,,,,,,,,,,,,,,,,,,,,,,False,False,622,66,41.53151534,-120.1820013,759.223629324985,False
pacificorp,SAGE HILL,41.78089628640414,-107.22915234284622,,,,,,,,,,,,,,,,,,,,,,,,,,False,False,7920,500,35.25222325,-115.5157004,1022.1501426814051,False
pacificorp,SAGE ROAD,42.33549491962179,-122.88817525858283,,,,,,,,,,,,5.0,,,,,,,,,,,,1.3377,7.3,False,False,1306,66,41.89799074,-122.5399625,56.493824487642506,False
pacificorp,SALINA,38.96022217326886,-111.86688548572182,,,,,,,,,,,,,,,,,,,,,,,,,,False,False,7920,500,35.25222325,-115.5157004,524.0132800143281,False
pacificorp,SALT CREEK,43.48088599959263,-106.29299496593612,,,,,,,,,,,,,,,,,,,,,,,,,,False,False,622,66,41.53151534,-120.1820013,1157.53523464817,False
pacificorp,SALT LAKE SEWAGE SW STA,40.80011397489286,-111.9257991005189,,,,,,,,,,,,,,,,,,,,,,,,,,False,False,208,66,37.37438227,-117.9796042,646.3416745470637,False
pacificorp,SALTAIR METERING ,40.76173855340736,-112.04826285958616,,,,,,,,,,,,,,,,,,,,,,,,,,False,False,208,66,37.37438227,-117.9796042,635.4187585174733,False
pacificorp,SAMARIA,41.94631448098067,-112.21662163185908,,,,,,,,,,,,,,,,,,,,,,,,,,False,False,622,66,41.53151534,-120.1820013,662.271499694838,False
pacificorp,SAN JUAN,37.28211924514962,-109.37352466523944,,,,,,,,,,,,,,,,,,,,,,,,,,False,False,2261,230,34.31514963,-114.1576556,543.0144020639866,False
pacificorp,SANDCREEK,43.51224643800845,-111.9646409122195,,,,,,,,,,,,,,,,,,,,,,,,,,False,False,622,66,41.53151534,-120.1820013,708.1737253196162,False
pacificorp,SANDUNE,44.00064506590596,-112.15599657103722,,,,,,,,,,,,,,,,,,,,,,,,,,False,False,622,66,41.53151534,-120.1820013,709.9832015200024,False
pacificorp,SANDY,40.57927874544064,-111.89895622351052,,,,,,,,,,,,,,,,,,,,,,,,,,False,False,208,66,37.37438227,-117.9796042,634.7978239769619,False
pacificorp,SANPITCH,39.31815886169227,-111.69174683874216,,,,,,,,,,,,,,,,,,,,,,,,,,False,False,7920,500,35.25222325,-115.5157004,564.542287737497,False
pacificorp,SANTAQUIN,39.95290292737362,-111.7790184641401,,,,,,,,,,,,,,,,,,,,,,,,,,False,False,208,66,37.37438227,-117.9796042,609.7419295361836,False
pacificorp,SANTIAM SY,44.77375413890503,-122.67445743046068,,,,,,,,,,,,,,,,,,,,,,,,,,False,False,1724,66,41.97986964,-122.3359387,311.8673499524765,False
pacificorp,SARATOGA,40.35527544284359,-111.9094882291067,,,,,,,,,,,,,,,,,,,,,,,,,,False,False,208,66,37.37438227,-117.9796042,621.1126203826369,False
pacificorp,SCENIC,42.38181505121153,-122.92540279592126,,,,,,,,,,,,4.0,,,,,,,,,,,,2.76537,6.0,False,False,1306,66,41.89799074,-122.5399625,62.484226749486574,False
pacificorp,SCHOO MINE,38.50738762818572,-112.93597012806006,,,,,,,,,,,,,,,,,,,,,,,,,,False,False,7920,500,35.25222325,-115.5157004,428.5097631889022,False
pacificorp,SCIO,44.69960337841314,-122.8484240814218,,,,,,,,,,,,1.0,,,,,,,,,,,,0.40936,1.7,False,False,1724,66,41.97986964,-122.3359387,305.2454122420978,False
pacificorp,SCIPIO,39.23645334155034,-112.13411190391705,,,,,,,,,,,,,,,,,,,,,,,,,,False,False,7920,500,35.25222325,-115.5157004,534.5683375810125,False
pacificorp,SCOFIELD,39.72150441947112,-111.15895426686322,,,,,,,,,,,,,,,,,,,,,,,,,,False,False,7920,500,35.25222325,-115.5157004,628.0963823727799,False
pacificorp,SCOFIELD RES,39.7914333448452,-111.13241783843591,,,,,,,,,,,,,,,,,,,,,,,,,,False,False,7920,500,35.25222325,-115.5157004,635.5702753927621,False
pacificorp,SCOTT BAR,41.742164267985856,-122.99960233852728,,,,,,,,,,,,,,,,,,,,,,,,,,False,False,1313,66,41.74229468,-122.9995371,0.01547839760994587,True
pacificorp,SCOVILLE,43.53691653088006,-112.9370363393691,,,,,,,,,,,,,,,,,,,,,,,,,,False,False,622,66,41.53151534,-120.1820013,633.8590969382133,False
pacificorp,SEASIDE,45.99970284445599,-123.91623248004932,,,,,,,,,,,,4.0,,,,,,,,,,,,0.27235,7.82,False,False,8065,66,41.97698731,-122.3613697,464.2535140661519,False
pacificorp,SEGO CANYON,38.97390851618474,-109.71712818720516,,,,,,,,,,,,,,,,,,,,,,,,,,False,False,1017,66,34.47871451,-114.4169599,651.9301815571955,False
pacificorp,SEIAD,41.84071808532734,-123.19230986932116,,,,,,,,,,,,,,,,,,,,,,,,,,False,False,1314,66,41.8405331,-123.1919616,0.03543263926479732,True
pacificorp,SELAH,46.65916499596376,-120.54321486809052,,,,,,,,,,,,,,,,,,,,,,,,,,False,False,1898,500,42.07986401,-121.3901623,513.6169542518918,False
pacificorp,SELMA,42.27957353433545,-123.62153482408432,,,,,,,,,,,,1.0,,,,,,,,,,,,0.28773,1.8,False,False,1304,66,41.80354175,-123.372551,56.78538016220383,False
pacificorp,SETTLEMENT METER STA,40.50584202842101,-112.3449101094494,,,,,,,,,,,,,,,,,,,,,,,,,,False,False,208,66,37.37438227,-117.9796042,598.7378486464738,False
pacificorp,SEVEN MILE,38.67727960657202,-109.69206111152852,,,,,,,,,,,,,,,,,,,,,,,,,,False,False,2261,230,34.31514963,-114.1576556,627.9965498995425,False
pacificorp,SEVEN MILE HILL,41.961276507085,-106.39506101222356,,,,,,,,,,,,,,,,,,,,,,,,,,False,False,1017,66,34.47871451,-114.4169599,1086.76541479658,False
pacificorp,SEVIER,38.58953874576525,-112.25412512805951,,,,,,,,,,,,,,,,,,,,,,,,,,False,False,7920,500,35.25222325,-115.5157004,470.85480801192,False
pacificorp,SHANNON POOL,43.480545965712096,-106.29321098201588,,,,,,,,,,,,,,,,,,,,,,,,,,False,False,622,66,41.53151534,-120.1820013,1157.5139357923047,False
pacificorp,SHARON,40.30309187146694,-111.69984302022463,,,,,,,,,,,,,,,,,,,,,,,,,,False,False,208,66,37.37438227,-117.9796042,633.6970918792524,False
pacificorp,SHASTINA,41.54860974984375,-122.36414169550866,,,,,,,,,,,,,,,,,,,,,,,,,,False,False,1315,115,41.54864896,-122.3641931,0.006108070081294479,True
pacificorp,SHELLEY,43.38120025256803,-112.11338793650071,,,,,,,,,,,,,,,,,,,,,,,,,,False,False,622,66,41.53151534,-120.1820013,692.8212022774464,False
pacificorp,SHEVLIN PARK,44.06203404289512,-121.34381585867092,,,,,,,,,,,,4.0,,,,,,,,,,,,6.4977,3.6,False,False,1898,500,42.07986401,-121.3901623,220.4393886736689,False
pacificorp,SHINGLE CREEK,38.58966745611374,-112.51238060960306,,,,,,,,,,,,,,,,,,,,,,,,,,False,False,7920,500,35.25222325,-115.5157004,457.10046959197774,False
pacificorp,SHIRLEY BASIN,42.17986478151728,-106.22989328491026,,,,,,,,,,,,,,,,,,,,,,,,,,False,False,7920,500,35.25222325,-115.5157004,1113.3614527616503,False
pacificorp,SHIVWITS,37.15352923220807,-113.77664783537898,,,,,,,,,,,,,,,,,,,,,,,,,,False,False,7920,500,35.25222325,-115.5157004,262.7514447420747,False
pacificorp,SHORELINE,40.33647785003897,-111.75834060095912,,,,,,,,,,,,,,,,,,,,,,,,,,False,False,208,66,37.37438227,-117.9796042,631.1776381023986,False
pacificorp,SHOSHONI,43.23615553944292,-108.1197273912365,,,,,,,,,,,,,,,,,,,,,,,,,,False,False,622,66,41.53151534,-120.1820013,1007.7438913158257,False
pacificorp,SHOTGUN CREEK,41.054073873196586,-122.3818840970048,,,,,,,,,,,,,,,,,,,,,,,,,,False,False,1291,66,41.05395082,-122.3818566,0.013875789982783032,True
pacificorp,SIGURD,38.84429390991834,-111.9929075767324,,,,,,,,,,,,,,,,,,,,,,,,,,False,False,7920,500,35.25222325,-115.5157004,507.1314470615029,False
pacificorp,SILVER CREEK,40.687153819857336,-111.46078747199708,,,,,,,,,,,,,,,,,,,,,,,,,,False,False,208,66,37.37438227,-117.9796042,672.5685441028402,False
pacificorp,SIMTAG BOOSTER,45.74847449418621,-119.98484437558233,,,,,,,,,,,,,,,,,,,,,,,,,,False,False,1898,500,42.07986401,-121.3901623,423.15815583910364,False
pacificorp,SINK,41.03136553786572,-112.92555631739904,,,,,,,,,,,,,,,,,,,,,,,,,,False,False,208,66,37.37438227,-117.9796042,595.6198456641491,False
pacificorp,SIXTH SOUTH,40.75596024718804,-111.8874888695826,,,,,,,,,,,,,,,,,,,,,,,,,,False,False,208,66,37.37438227,-117.9796042,646.282605163187,False
pacificorp,SKULL VALLEY,40.30027544848263,-112.64976043043248,,,,,,,,,,,,,,,,,,,,,,,,,,False,False,208,66,37.37438227,-117.9796042,564.5865571281417,False
pacificorp,SKUNK RIDGE,40.82577120275891,-112.8958680554743,,,,,,,,,,,,,,,,,,,,,,,,,,False,False,208,66,37.37438227,-117.9796042,582.6728323046244,False
pacificorp,SKYFALL,40.479017485037474,-111.90767985935436,,,,,,,,,,,,,,,,,,,,,,,,,,False,False,208,66,37.37438227,-117.9796042,628.2984842882368,False
pacificorp,SKYPARK,40.86211393086015,-111.90929035630076,,,,,,,,,,,,,,,,,,,,,,,,,,False,False,208,66,37.37438227,-117.9796042,651.3796588359417,False
pacificorp,SLATE CREEK,41.95897969601135,-110.26460463509132,,,,,,,,,,,,,,,,,,,,,,,,,,False,False,622,66,41.53151534,-120.1820013,823.696337842908,False
pacificorp,SLIDE CREEK,43.2940531432524,-122.47277771166202,,,,,,,,,,,,,,,,,,,,,,,,,,False,False,1724,66,41.97986964,-122.3359387,146.5585643912839,False
pacificorp,SMITH,43.79735582395241,-111.75791670933272,,,,,,,,,,,,,,,,,,,,,,,,,,False,False,622,66,41.53151534,-120.1820013,733.0156984653696,False
pacificorp,SMITH RIVER,41.88557164115453,-124.14059357820042,,,,,,,,,,,,,,,,,,,,,,,,,,False,False,1304,66,41.80354175,-123.372551,64.2714840607309,False
pacificorp,SMITHFIELD,41.85224001006625,-111.8286434306274,,,,,,,,,,,,,,,,,,,,,,,,,,False,False,622,66,41.53151534,-120.1820013,694.2447085744656,False
pacificorp,SNARR,40.755689226524126,-111.90345782423135,,,,,,,,,,,,,,,,,,,,,,,,,,False,False,208,66,37.37438227,-117.9796042,645.146187833216,False
pacificorp,SNOW BRUSH,41.26797570767044,-122.23897463985014,,,,,,,,,,,,,,,,,,,,,,,,,,False,False,1316,66,41.26799279,-122.2389364,0.003717849043825032,True
pacificorp,SNOW GOOSE,42.16111101929566,-121.79088735841772,,,,,,,,,,,,,,,,,,,,,,,,,,False,False,1898,500,42.07986401,-121.3901623,34.26317191598385,False
pacificorp,SNOWVILLE,41.99481303558336,-112.70256369209052,,,,,,,,,,,,,,,,,,,,,,,,,,False,False,622,66,41.53151534,-120.1820013,622.285166446873,False
pacificorp,SNYDERVILLE,40.713799764861264,-111.55009484511883,,,,,,,,,,,,,,,,,,,,,,,,,,False,False,208,66,37.37438227,-117.9796042,667.6872289844193,False
pacificorp,SODA,42.64480187612292,-111.696828812222,,,,,,,,,,,,,,,,,,,,,,,,,,False,False,622,66,41.53151534,-120.1820013,710.7289921045123,False
pacificorp,SODA SPRINGS,43.30616174486688,-122.50176756938596,,,,,,,,,,,,1.0,,,,,,,,,,,,0.0,0.0,False,False,1724,66,41.97986964,-122.3359387,148.09928501847006,False
pacificorp,SOLDIER SUMMIT,39.92613006776121,-111.08389567702908,,,,,,,,,,,,,,,,,,,,,,,,,,False,False,7920,500,35.25222325,-115.5157004,649.8650086069986,False
pacificorp,SOMA POLE-MNT,39.58898807888092,-112.16905559771476,,,,,,,,,,,,,,,,,,,,,,,,,,False,False,208,66,37.37438227,-117.9796042,562.3798648230975,False
pacificorp,SOUTH CODY,44.39294322379848,-109.08561914059489,,,,,,,,,,,,,,,,,,,,,,,,,,False,False,622,66,41.53151534,-120.1820013,956.424422003429,False
pacificorp,SOUTH DUNES,43.43161302249067,-124.25074474321764,,,,,,,,,,,,1.0,,,,,,,,,,,,0.0,1.1,False,False,1304,66,41.80354175,-123.372551,194.77074187408562,False
pacificorp,SOUTH DUNSMUIR,41.20132421143539,-122.27653738533348,,,,,,,,,,,,,,,,,,,,,,,,,,False,False,2308,66,41.2012439,-122.2764098,0.013917149918506014,True
pacificorp,SOUTH FORK,43.64155857928208,-111.76038741233398,,,,,,,,,,,,,,,,,,,,,,,,,,False,False,622,66,41.53151534,-120.1820013,727.889200087312,False
pacificorp,SOUTH JORDAN,40.556010649969565,-111.93793311308376,,,,,,,,,,,,,,,,,,,,,,,,,,False,False,208,66,37.37438227,-117.9796042,630.6332945464453,False
pacificorp,SOUTH MILFORD,38.284927166474674,-113.0282272936904,,,,,,,,,,,,,,,,,,,,,,,,,,False,False,7920,500,35.25222325,-115.5157004,403.456853466015,False
pacificorp,SOUTH MOUNTAIN,40.48974156366679,-111.88230094071332,,,,,,,,,,,,,,,,,,,,,,,,,,False,False,208,66,37.37438227,-117.9796042,630.7518660718305,False
pacificorp,SOUTH OGDEN,41.1812063284031,-111.96811963276735,,,,,,,,,,,,,,,,,,,,,,,,,,False,False,208,66,37.37438227,-117.9796042,668.2264898957077,False
pacificorp,SOUTH TRONA,41.55007925162581,-109.7527779388499,,,,,,,,,,,,,,,,,,,,,,,,,,False,False,208,66,37.37438227,-117.9796042,844.608782956451,False
pacificorp,SOUTH WEBER,41.14637306150637,-111.96420646179529,,,,,,,,,,,,,,,,,,,,,,,,,,False,False,208,66,37.37438227,-117.9796042,666.1451642817128,False
pacificorp,SOUTHEAST,40.71858519935372,-111.8574912045178,,,,,,,,,,,,,,,,,,,,,,,,,,False,False,208,66,37.37438227,-117.9796042,646.1060737208463,False
pacificorp,SOUTHGATE,43.19324352953223,-123.3465647233241,,,,,,,,,,,,2.0,,,,,,,,,,,,3.65022,4.5,False,False,1314,66,41.8405331,-123.1919616,150.94722661553848,False
pacificorp,SOUTHPARK,40.61488250567824,-111.92147787701552,,,,,,,,,,,,,,,,,,,,,,,,,,False,False,208,66,37.37438227,-117.9796042,635.3134366471993,False
pacificorp,SOUTHWEST,40.72858947283377,-111.90142418036191,,,,,,,,,,,,,,,,,,,,,,,,,,False,False,208,66,37.37438227,-117.9796042,643.6227701069057,False
pacificorp,SPANISH FORK,40.09153391535989,-111.58762822198057,,,,,,,,,,,,,,,,,,,,,,,,,,False,False,208,66,37.37438227,-117.9796042,631.1845047037117,False
pacificorp,SPANISH VALLEY,38.526706208173735,-109.497679588169,,,,,,,,,,,,,,,,,,,,,,,,,,False,False,2261,230,34.31514963,-114.1576556,626.8338729363159,False
pacificorp,SPECIALIZED,45.87712893325386,-119.3410019703642,,,,,,,,,,,,,,,,,,,,,,,,,,False,False,1898,500,42.07986401,-121.3901623,452.9124511117721,False
pacificorp,SPERRY,40.77681608105683,-111.95009043423528,,,,,,,,,,,,,,,,,,,,,,,,,,False,False,208,66,37.37438227,-117.9796042,643.1955374811797,False
pacificorp,SPRAGUE RIVER,42.452648423476965,-121.50610382793182,,,,,,,,,,,,1.0,,,,,,,,,,,,0.88363,0.6,False,False,1898,500,42.07986401,-121.3901623,42.53547512759503,False
pacificorp,SPRING CREEK,41.29445217092775,-105.55702366103549,,,,,,,,,,,,,,,,,,,,,,,,,,False,False,2261,230,34.31514963,-114.1576556,1082.0530253924258,False
pacificorp,SPRINGDALE,37.191071499077296,-113.00228620844628,,,,,,,,,,,,,,,,,,,,,,,,,,False,False,7920,500,35.25222325,-115.5157004,311.92707477808705,False
pacificorp,SPUD,43.3713054330806,-112.12700664234634,,,,,,,,,,,,,,,,,,,,,,,,,,False,False,622,66,41.53151534,-120.1820013,691.4803590498722,False
pacificorp,ST ANTHONY,43.96483131343016,-111.68577026720683,,,,,,,,,,,,,,,,,,,,,,,,,,False,False,622,66,41.53151534,-120.1820013,744.2120550305727,False
pacificorp,ST CHARLES,42.11337545545117,-111.38641525702371,,,,,,,,,,,,,,,,,,,,,,,,,,False,False,622,66,41.53151534,-120.1820013,731.3765415524501,False
pacificorp,ST GEORGE,37.13891610401516,-113.56329702744092,,,,,,,,,,,,,,,,,,,,,,,,,,False,False,7920,500,35.25222325,-115.5157004,273.3102656062105,False
pacificorp,ST JOHNS,45.602308990806826,-122.74513738635996,,,,,,,,,,,,,,,,,,,,,,,,,,False,False,1724,66,41.97986964,-122.3359387,404.13216171079404,False
pacificorp,ST JOHNS_UT,40.36836861759337,-112.45502182674753,,,,,,,,,,,,,,,,,,,,,,,,,,False,False,208,66,37.37438227,-117.9796042,582.5406473046526,False
pacificorp,STAIRS,40.62341967030781,-111.75324806239324,,,,,,,,,,,,,,,,,,,,,,,,,,False,False,208,66,37.37438227,-117.9796042,647.8293587483413,False
pacificorp,STANDPIPE,41.85123293027903,-106.54232861723304,,,,,,,,,,,,,,,,,,,,,,,,,,False,False,1017,66,34.47871451,-114.4169599,1069.509157144355,False
pacificorp,STANSBURY,40.62420691220415,-112.28755312681768,,,,,,,,,,,,,,,,,,,,,,,,,,False,False,208,66,37.37438227,-117.9796042,610.1313172209437,False
pacificorp,STATE STREET,43.3927809439602,-124.23060837550676,,,,,,,,,,,,4.0,,,,,,,,,,,,0.93377,6.4,False,False,1304,66,41.80354175,-123.372551,190.15784243041492,False
pacificorp,STATELINE (FUTURE),45.99880393641447,-118.33974298502636,,,,,,,,,,,,,,,,,,,,,,,,,,False,False,1898,500,42.07986401,-121.3901623,499.25062244778877,False
pacificorp,STAUFFER SW STA,40.73924736594158,-112.17645818098322,,,,,,,,,,,,,,,,,,,,,,,,,,False,False,208,66,37.37438227,-117.9796042,625.114333618338,False
pacificorp,STAYTON,44.81013177364793,-122.7916535926694,,,,,,,,,,,,4.0,,,,,,,,,,,,3.81319,10.2,False,False,1724,66,41.97986964,-122.3359387,316.8558677256256,False
pacificorp,STEAMBOAT,43.33260635050909,-122.70282795369516,,,,,,,,,,,,1.0,,,,,,,,,,,,0.0,0.0,False,False,8065,66,41.97698731,-122.3613697,153.30213358188618,False
pacificorp,STEARNS BUTTE,44.26140581791188,-120.8856890900648,,,,,,,,,,,,,,,,,,,,,,,,,,False,False,1898,500,42.07986401,-121.3901623,246.00055935230117,False
pacificorp,STEEL MILL,40.331244436543706,-111.7610739812309,,,,,,,,,,,,,,,,,,,,,,,,,,False,False,208,66,37.37438227,-117.9796042,630.6898158865491,False
pacificorp,STEELHEAD SY,41.774419437065845,-123.03510015361648,,,,,,,,,,,,,,,,,,,,,,,,,,False,False,98,66,41.77442883,-123.0350791,0.002034459345885422,True
pacificorp,STEVENS ROAD,42.468060877153526,-122.75824351709778,,,,,,,,,,,,,,,,,,,,,,,,,,False,False,8065,66,41.97698731,-122.3613697,63.6370350766049,False
pacificorp,SUGAR CITY,43.86963187634635,-111.73747548575378,,,,,,,,,,,,,,,,,,,,,,,,,,False,False,622,66,41.53151534,-120.1820013,736.9924670781891,False
pacificorp,SUGARLOAF PMNT,39.69529208275644,-111.95383037947788,,,,,,,,,,,,,,,,,,,,,,,,,,False,False,208,66,37.37438227,-117.9796042,584.0358453669825,False
pacificorp,SUGARMILL,43.50361843139567,-111.984883341321,,,,,,,,,,,,,,,,,,,,,,,,,,False,False,622,66,41.53151534,-120.1820013,706.3460372873498,False
pacificorp,SULPHUR CREEK,46.295150647250935,-119.99826910371708,,,,,,,,,,,,,,,,,,,,,,,,,,False,False,1898,500,42.07986401,-121.3901623,481.6556452783704,False
pacificorp,SUMMIT CREEK,39.980774862617096,-111.80045879667298,,,,,,,,,,,,,,,,,,,,,,,,,,False,False,208,66,37.37438227,-117.9796042,609.473929105033,False
pacificorp,SUMMIT PARK,40.74916355213576,-111.607731149905,,,,,,,,,,,,,,,,,,,,,,,,,,False,False,208,66,37.37438227,-117.9796042,665.6509688225119,False
pacificorp,SUNBEAM,42.720463252232776,-112.75395635530909,,,,,,,,,,,,,,,,,,,,,,,,,,False,False,622,66,41.53151534,-120.1820013,626.469247654697,False
pacificorp,SUNNYDELL,43.71289986083058,-111.69483648366912,,,,,,,,,,,,,,,,,,,,,,,,,,False,False,622,66,41.53151534,-120.1820013,735.1568214536809,False
pacificorp,SUNNYSIDE,46.33064586575783,-120.01342890356862,,,,,,,,,,,,,,,,,,,,,,,,,,False,False,1898,500,42.07986401,-121.3901623,485.21512921547986,False
pacificorp,SUNRISE,40.53745406910211,-112.01815486253987,,,,,,,,,,,,,,,,,,,,,,,,,,False,False,208,66,37.37438227,-117.9796042,623.8010014777593,False
pacificorp,SUNSTONE P-MNT,39.159825413436906,-112.71505712599048,,,,,,,,,,,,,,,,,,,,,,,,,,False,False,7920,500,35.25222325,-115.5157004,500.2459977910845,False
pacificorp,SUTHERLAND,39.3776138501956,-112.56949468239203,,,,,,,,,,,,,,,,,,,,,,,,,,False,False,208,66,37.37438227,-117.9796042,521.4427345503932,False
pacificorp,SUTHERLIN,43.39085011938284,-123.30064175454685,,,,,,,,,,,,3.0,,,,,,,,,,,,0.28267,3.5,False,False,1314,66,41.8405331,-123.1919616,172.6165815837149,False
pacificorp,SVILAR,42.90022889532301,-108.57838657783678,,,,,,,,,,,,,,,,,,,,,,,,,,False,False,622,66,41.53151534,-120.1820013,966.8290166717707,False
pacificorp,SWAN LAKE STEP UP,42.2325437637286,-121.59895367952876,,,,,,,,,,,,,,,,,,,,,,,,,,False,False,1898,500,42.07986401,-121.3901623,24.175151343395818,False
pacificorp,SWEET HOME,44.40214465526134,-122.72351829896702,,,,,,,,,,,,4.0,,,,,,,,,,,,6.04034,5.4,False,False,1724,66,41.97986964,-122.3359387,271.1702402857907,False
pacificorp,SWIFT 1,46.06242656504464,-122.20343601070437,,,,,,,,,,,,,,,,,,,,,,,,,,False,False,1898,500,42.07986401,-121.3901623,447.5745023525971,False
pacificorp,SYRACUSE,41.095038355325066,-112.04217498229558,,,,,,,,,,,,,,,,,,,,,,,,,,False,False,208,66,37.37438227,-117.9796042,657.4932208154886,False
pacificorp,TAGGART,41.05670839913653,-111.5933796819939,,,,,,,,,,,,,,,,,,,,,,,,,,False,False,208,66,37.37438227,-117.9796042,685.501882917138,False
pacificorp,TAKELMA,42.68265302859407,-122.67750202757112,,,,,,,,,,,,1.0,,,,,,,,,,,,0.85262,2.6,False,False,8065,66,41.97698731,-122.3613697,82.65772295931784,False
pacificorp,TALBOT,46.35082871971495,-117.70408414490996,,,,,,,,,,,,,,,,,,,,,,,,,,False,False,623,115,41.73313546,-120.3669055,555.7418233552436,False
pacificorp,TALENT,42.25081858574651,-122.79298234111182,,,,,,,,,,,,4.0,,,,,,,,,,,,4.1399,4.1,False,False,1306,66,41.89799074,-122.5399625,44.444573738906776,False
pacificorp,TAMARISK,38.987131255184,-110.136845398154,,,,,,,,,,,,,,,,,,,,,,,,,,False,False,988,230,34.84485419,-114.9662705,629.4723376451033,False
pacificorp,TANGLEWOOD METERING STA,43.84010968639983,-111.78035161702236,,,,,,,,,,,,,,,,,,,,,,,,,,False,False,622,66,41.53151534,-120.1820013,732.7201274134284,False
pacificorp,TANNER_ID,42.1837912841368,-111.82852494912962,,,,,,,,,,,,,,,,,,,,,,,,,,False,False,622,66,41.53151534,-120.1820013,695.3299043431709,False
pacificorp,TARGHEE,44.07515980014405,-111.43608065129206,,,,,,,,,,,,,,,,,,,,,,,,,,False,False,622,66,41.53151534,-120.1820013,767.0378861242507,False
pacificorp,TAYLOR,41.213010295938325,-112.09331383820872,,,,,,,,,,,,,,,,,,,,,,,,,,False,False,208,66,37.37438227,-117.9796042,662.1149383677118,False
pacificorp,TAYLORSVILLE,40.6559808742102,-111.95923147946242,,,,,,,,,,,,,,,,,,,,,,,,,,False,False,208,66,37.37438227,-117.9796042,635.1173357774894,False
pacificorp,TEN MILE,42.88578563283334,-106.4946846524412,,,,,,,,,,,,,,,,,,,,,,,,,,False,False,622,66,41.53151534,-120.1820013,1136.041149958573,False
pacificorp,TERMINAL,40.7569852269329,-112.00739293584164,,,,,,,,,,,,,,,,,,,,,,,,,,False,False,208,66,37.37438227,-117.9796042,637.9638465862822,False
pacificorp,TEXUM,42.19359885774318,-121.76587662866896,,,,,,,,,,,,3.0,,,,,,,,,,,,6.23638,1.8,False,False,1898,500,42.07986401,-121.3901623,33.461841960722325,False
pacificorp,THERMOPOLIS,43.650075502162814,-108.2295105461262,,,,,,,,,,,,,,,,,,,,,,,,,,False,False,622,66,41.53151534,-120.1820013,1005.4343786373892,False
pacificorp,THERMOPOLISTWN,43.64657105510658,-108.21577737425211,,,,,,,,,,,,,,,,,,,,,,,,,,False,False,622,66,41.53151534,-120.1820013,1006.4607140258896,False
pacificorp,THIEF CREEK,41.06328418610815,-111.05802408994693,,,,,,,,,,,,,,,,,,,,,,,,,,False,False,208,66,37.37438227,-117.9796042,723.361869664759,False
pacificorp,THIRD WEST,40.76628496091982,-111.90168817096942,,,,,,,,,,,,,,,,,,,,,,,,,,False,False,208,66,37.37438227,-117.9796042,645.924267142991,False
pacificorp,THISTLE,40.0096296363298,-111.49670340254534,,,,,,,,,,,,,,,,,,,,,,,,,,False,False,208,66,37.37438227,-117.9796042,634.1468351416748,False
pacificorp,THORNTON,43.760580858811565,-111.8255321183358,,,,,,,,,,,,,,,,,,,,,,,,,,False,False,622,66,41.53151534,-120.1820013,726.6235181101769,False
pacificorp,THREE PEAKS,37.80047787554651,-113.15858442519172,,,,,,,,,,,,,,,,,,,,,,,,,,False,False,7920,500,35.25222325,-115.5157004,353.026281713304,False
pacificorp,THREEMILE CANYON,45.68115757769798,-119.94457492170632,,,,,,,,,,,,,,,,,,,,,,,,,,False,False,1898,500,42.07986401,-121.3901623,416.8492980591357,False
pacificorp,THREEMILE KNOLL,42.71047371629898,-111.59635991122092,,,,,,,,,,,,,,,,,,,,,,,,,,False,False,622,66,41.53151534,-120.1820013,719.811536193929,False
pacificorp,THUNDER CREEK,42.78824444901355,-105.61515531124232,,,,,,,,,,,,,,,,,,,,,,,,,,False,False,7920,500,35.25222325,-115.5157004,1195.7767801446707,False
pacificorp,TIETON,46.69044060544351,-120.73191147953126,,,,,,,,,,,,,,,,,,,,,,,,,,False,False,1898,500,42.07986401,-121.3901623,515.3287936379481,False
pacificorp,TILLER,42.93172722669645,-122.9485633600024,,,,,,,,,,,,1.0,,,,,,,,,,,,0.0217,0.3,False,False,8065,66,41.97698731,-122.3613697,116.58031661066586,False
pacificorp,TIMP,40.31652422122826,-111.73349716895729,,,,,,,,,,,,,,,,,,,,,,,,,,False,False,208,66,37.37438227,-117.9796042,631.927450208472,False
pacificorp,TOKETEE,43.27272750360561,-122.44771793839033,,,,,,,,,,,,,,,,,,,,,,,,,,False,False,1724,66,41.97986964,-122.3359387,144.04978868281933,False
pacificorp,TOKETEE SY,43.27239602313886,-122.4468816356069,,,,,,,,,,,,,,,,,,,,,,,,,,False,False,1724,66,41.97986964,-122.3359387,144.00867742208703,False
pacificorp,TOLO,42.42067319709604,-122.96445692982915,,,,,,,,,,,,3.0,,,,,,,,,,,,0.7284,1.7,False,False,1314,66,41.8405331,-123.1919616,67.18130353015357,False
pacificorp,TOOELE,40.51509262746168,-112.2966063976584,,,,,,,,,,,,,,,,,,,,,,,,,,False,False,208,66,37.37438227,-117.9796042,602.7067794184197,False
pacificorp,TOOELE DEPOT,40.52255646311839,-112.35193985594236,,,,,,,,,,,,,,,,,,,,,,,,,,False,False,208,66,37.37438227,-117.9796042,599.2792537230863,False
pacificorp,TOPPENISH,46.39353363368986,-120.30469288770068,,,,,,,,,,,,,,,,,,,,,,,,,,False,False,1898,500,42.07986401,-121.3901623,487.37707881476814,False
pacificorp,TOQUERVILLE,37.21738067816147,-113.28172552655964,,,,,,,,,,,,,,,,,,,,,,,,,,False,False,7920,500,35.25222325,-115.5157004,296.4509889669871,False
pacificorp,TOUCHET,46.0425512719448,-118.66879715100364,,,,,,,,,,,,,,,,,,,,,,,,,,False,False,1898,500,42.07986401,-121.3901623,491.2874557240439,False
pacificorp,TRAPPER,41.7675506260021,-111.831833911445,,,,,,,,,,,,,,,,,,,,,,,,,,False,False,622,66,41.53151534,-120.1820013,694.0178647451701,False
pacificorp,TREASURETON,42.22259321667848,-111.84992322433752,,,,,,,,,,,,,,,,,,,,,,,,,,False,False,622,66,41.53151534,-120.1820013,693.824230823854,False
pacificorp,TRI-CITY,40.34973717639642,-111.78952681439992,,,,,,,,,,,,,,,,,,,,,,,,,,False,False,208,66,37.37438227,-117.9796042,629.6072299210823,False
pacificorp,TRI CITY,40.34944617459708,-111.78913972854735,,,,,,,,,,,,,,,,,,,,,,,,,,False,False,208,66,37.37438227,-117.9796042,629.6196810419441,False
pacificorp,TROUTDALE,45.55950341760418,-122.40862968017971,,,,,,,,,,,,,,,,,,,,,,,,,,False,False,1898,500,42.07986401,-121.3901623,395.4423521456469,False
pacificorp,TUCKER,45.68860262876124,-121.52428761843944,,,,,,,,,,,,,,,,,,,,,,,,,,False,False,1898,500,42.07986401,-121.3901623,401.4171933359314,False
pacificorp,TULELAKE,41.95348948621859,-121.47144163380476,,,,,,,,,,,,,,,,,,,,,,,,,,False,False,626,66,41.88812878,-121.378287,10.593542963817685,False
pacificorp,TUNNEL,41.92530865739899,-121.56643493663653,,,,,,,,,,,,,,,,,,,,,,,,,,False,False,626,66,41.88812878,-121.378287,16.10968470355081,False
pacificorp,TURKEY HILL,42.01344304400579,-121.4177811745498,,,,,,,,,,,,2.0,,,,,,,,,,,,10.66761,-9.5,False,False,1898,500,42.07986401,-121.3901623,7.729763275809757,False
pacificorp,TUSHAR,38.56369836160233,-112.58619158952624,,,,,,,,,,,,,,,,,,,,,,,,,,False,False,7920,500,35.25222325,-115.5157004,450.96833676980094,False
pacificorp,TWIN CITIES METER STA,37.01835434337699,-113.0309043738484,,,,,,,,,,,,,,,,,,,,,,,,,,False,False,7920,500,35.25222325,-115.5157004,297.23318078889326,False
pacificorp,TWO RIVERS METERING STA (FUTURE),41.978560565794055,-106.20020126263772,,,,,,,,,,,,,,,,,,,,,,,,,,False,False,2261,230,34.31514963,-114.1576556,1099.0848887376117,False
pacificorp,UCON,43.597960844224005,-111.924263001146,,,,,,,,,,,,,,,,,,,,,,,,,,False,False,622,66,41.53151534,-120.1820013,713.873726055622,False
pacificorp,UINTAH,41.16032837856118,-111.93940256375078,,,,,,,,,,,,,,,,,,,,,,,,,,False,False,208,66,37.37438227,-117.9796042,668.7375432632579,False
pacificorp,UMAPINE,45.98808082502028,-118.43178835845542,,,,,,,,,,,,2.0,,,,,,,,,,,,0.63978,2.9,False,False,1898,500,42.07986401,-121.3901623,494.66773055957526,False
pacificorp,UMATILLA,45.924421987720976,-119.32340474110956,,,,,,,,,,,,3.0,,,,,,,,,,,,0.46455,3.7,False,False,1898,500,42.07986401,-121.3901623,458.2995729295576,False
pacificorp,UNION,40.60895102595292,-111.8747493898213,,,,,,,,,,,,,,,,,,,,,,,,,,False,False,208,66,37.37438227,-117.9796042,638.287380616432,False
pacificorp,UNION GAP,46.55960003645785,-120.4904762500986,,,,,,,,,,,,,,,,,,,,,,,,,,False,False,1898,500,42.07986401,-121.3901623,503.2297436829212,False
pacificorp,UPALCO SY,40.254296587524095,-110.14382540223473,,,,,,,,,,,,,,,,,,,,,,,,,,False,False,7920,500,35.25222325,-115.5157004,729.3509079050428,False
pacificorp,UPPER BEAVER PLANT,38.26814453299027,-112.48174291825454,,,,,,,,,,,,,,,,,,,,,,,,,,False,False,7920,500,35.25222325,-115.5157004,430.6515703136724,False
pacificorp,VALLEY CENTER,40.68658259564821,-111.89358277187382,,,,,,,,,,,,,,,,,,,,,,,,,,False,False,208,66,37.37438227,-117.9796042,641.6137244632902,False
pacificorp,VERMILLION,38.84574117038937,-111.97840818414176,,,,,,,,,,,,,,,,,,,,,,,,,,False,False,7920,500,35.25222325,-115.5157004,508.0494998562025,False
pacificorp,VERNAL,40.46269902678339,-109.52944081861308,,,,,,,,,,,,,,,,,,,,,,,,,,False,False,7920,500,35.25222325,-115.5157004,781.8264559687802,False
pacificorp,VERNON,45.55501174827188,-122.64673305822356,,,,,,,,,,,,5.0,,,,,,,,,,,,2.18565,6.92,False,False,1724,66,41.97986964,-122.3359387,398.3193109713661,False
pacificorp,VETERANS,41.59892062449575,-109.2077781255408,,,,,,,,,,,,,,,,,,,,,,,,,,False,False,208,66,37.37438227,-117.9796042,886.6243533431507,False
pacificorp,VEYO UAMP CO-GEN METERING STA,37.348029257111314,-113.76400861658654,,,,,,,,,,,,,,,,,,,,,,,,,,False,False,7920,500,35.25222325,-115.5157004,280.96834742785705,False
pacificorp,VICKERS,39.72228750988364,-111.84155529080353,,,,,,,,,,,,,,,,,,,,,,,,,,False,False,7920,500,35.25222325,-115.5157004,593.2849720617406,False
pacificorp,VILAS ROAD,42.388500785956346,-122.85358732279042,,,,,,,,,,,,3.0,,,,,,,,,,,,11.37524,-2.3,False,False,1306,66,41.89799074,-122.5399625,60.361055112545316,False
pacificorp,VILLAGE GREEN,43.798905481616,-123.03998948338364,,,,,,,,,,,,2.0,,,,,,,,,,,,0.52326,4.8,False,False,8065,66,41.97698731,-122.3613697,209.99457794407894,False
pacificorp,VINE STREET,44.634492713157954,-123.11170230782352,,,,,,,,,,,,2.0,,,,,,,,,,,,2.08608,5.8,False,False,8065,66,41.97698731,-122.3613697,301.6699088271059,False
pacificorp,VINEYARD,40.28495717408472,-111.73535197621996,,,,,,,,,,,,,,,,,,,,,,,,,,False,False,208,66,37.37438227,-117.9796042,630.0859611501413,False
pacificorp,VIRGINOIL PMNT,37.20307412885697,-113.17009360018768,,,,,,,,,,,,,,,,,,,,,,,,,,False,False,7920,500,35.25222325,-115.5157004,302.1750767333114,False
pacificorp,VOELKER SUB,46.58121016594188,-120.49986956202042,,,,,,,,,,,,,,,,,,,,,,,,,,False,False,1898,500,42.07986401,-121.3901623,505.5014562485115,False
pacificorp,WAGONHOUND SY,42.6569400103475,-105.42018345370568,,,,,,,,,,,,,,,,,,,,,,,,,,False,False,1017,66,34.47871451,-114.4169599,1198.023162029253,False
pacificorp,WAITSBURG,46.26348034152077,-118.14776688679136,,,,,,,,,,,,,,,,,,,,,,,,,,False,False,1898,500,42.07986401,-121.3901623,532.1262966043473,False
pacificorp,WALKER-BRYAN,41.49307029796832,-122.90574737363708,,,,,,,,,,,,,,,,,,,,,,,,,,False,False,1317,66,41.49312367,-122.905649,0.01011696927900345,True
pacificorp,WALLA WALLA,46.07000125464048,-118.37949363846955,,,,,,,,,,,,,,,,,,,,,,,,,,False,False,1898,500,42.07986401,-121.3901623,504.58299668946233,False
pacificorp,WALLOWA,45.57058199726616,-117.53991281813,,,,,,,,,,,,1.0,,,,,,,,,,,,0.51634,0.7,False,False,623,115,41.73313546,-120.3669055,483.45726725874,False
pacificorp,WALLOWA FALL HYDRO,45.26685185743347,-117.21291258806608,,,,,,,,,,,,,,,,,,,,,,,,,,False,False,623,115,41.73313546,-120.3669055,468.0042358965875,False
pacificorp,WALLSBURG,40.40018822270423,-111.53723172842837,,,,,,,,,,,,,,,,,,,,,,,,,,False,False,208,66,37.37438227,-117.9796042,650.9825607160766,False
pacificorp,WALLULA,46.06375112316866,-118.84616343932656,,,,,,,,,,,,,,,,,,,,,,,,,,False,False,1898,500,42.07986401,-121.3901623,487.31740854350215,False
pacificorp,WALNUT GROVE,41.07290730827841,-112.02466925363916,,,,,,,,,,,,,,,,,,,,,,,,,,False,False,208,66,37.37438227,-117.9796042,657.1872432086055,False
pacificorp,WAPA-BB,44.50696947110868,-109.16834339071836,,,,,,,,,,,,,,,,,,,,,,,,,,False,False,622,66,41.53151534,-120.1820013,953.6095940533418,False
pacificorp,WAPA BASIN,44.2759783815832,-108.08215425314368,,,,,,,,,,,,,,,,,,,,,,,,,,False,False,622,66,41.53151534,-120.1820013,1030.5644779174677,False
pacificorp,WAPA COPPER MT,43.38735471990313,-108.14704214068722,,,,,,,,,,,,,,,,,,,,,,,,,,False,False,622,66,41.53151534,-120.1820013,1007.6599151140506,False
pacificorp,WAPA LOVELL,44.79247048817944,-108.33851541592507,,,,,,,,,,,,,,,,,,,,,,,,,,False,False,622,66,41.53151534,-120.1820013,1025.5685489154077,False
pacificorp,WAPA N CODY,44.54276591363482,-109.06898805571652,,,,,,,,,,,,,,,,,,,,,,,,,,False,False,622,66,41.53151534,-120.1820013,962.2913446446629,False
pacificorp,WAPA RALSTON,44.72478000060163,-108.89140211134033,,,,,,,,,,,,,,,,,,,,,,,,,,False,False,622,66,41.53151534,-120.1820013,981.6112933710788,False
pacificorp,WAPA THERMO,43.64917350273885,-108.2276309812943,,,,,,,,,,,,,,,,,,,,,,,,,,False,False,622,66,41.53151534,-120.1820013,1005.5671243488829,False
pacificorp,WAPATO,46.451764692449146,-120.42725501768146,,,,,,,,,,,,,,,,,,,,,,,,,,False,False,1898,500,42.07986401,-121.3901623,492.1314160537458,False
pacificorp,WARM SPRINGS,44.76516356586176,-121.25224890101272,,,,,,,,,,,,1.0,,,,,,,,,,,,0.39059,0.0,False,False,1898,500,42.07986401,-121.3901623,298.7992112396394,False
pacificorp,WARREN,41.299040963565005,-112.01601662872022,,,,,,,,,,,,,,,,,,,,,,,,,,False,False,208,66,37.37438227,-117.9796042,673.1175868156585,False
pacificorp,WARRENTON,46.151190435447305,-123.91077698437942,,,,,,,,,,,,3.0,,,,,,,,,,,,0.33003,8.22,False,False,8065,66,41.97698731,-122.3613697,480.34900964461804,False
pacificorp,WASATCH PARK,40.54543480089261,-111.49047726554936,,,,,,,,,,,,,,,,,,,,,,,,,,False,False,208,66,37.37438227,-117.9796042,662.3915356145129,False
pacificorp,WASATCH SPRINGS SY,40.82217593557494,-111.92412680217588,,,,,,,,,,,,,,,,,,,,,,,,,,False,False,208,66,37.37438227,-117.9796042,647.8383177695692,False
pacificorp,WASCO,45.58793372749346,-120.69589715740824,,,,,,,,,,,,1.0,,,,,,,,,,,,0.00896,0.2,False,False,1898,500,42.07986401,-121.3901623,394.02979040969035,False
pacificorp,WASHAKIE,41.893460195150446,-112.19605003847788,,,,,,,,,,,,,,,,,,,,,,,,,,False,False,622,66,41.53151534,-120.1820013,663.863450417362,False
pacificorp,WATKINS,43.63392965401484,-112.22339295101108,,,,,,,,,,,,,,,,,,,,,,,,,,False,False,622,66,41.53151534,-120.1820013,691.9152211060915,False
pacificorp,WEBER,41.13760719832769,-111.885052145357,,,,,,,,,,,,,,,,,,,,,,,,,,False,False,208,66,37.37438227,-117.9796042,670.8657027422705,False
pacificorp,WEBSTER,43.79727831582898,-111.70099656394898,,,,,,,,,,,,,,,,,,,,,,,,,,False,False,622,66,41.53151534,-120.1820013,737.3789669794983,False
pacificorp,WECOMA BEACH,44.9933852621376,-124.00688576033374,,,,,,,,,,,,1.0,,,,,,,,,,,,0.02278,0.4,False,False,1314,66,41.8405331,-123.1919616,356.70074222169444,False
pacificorp,WEED,41.43136666211103,-122.38970739006692,,,,,,,,,,,,,,,,,,,,,,,,,,False,False,8076,115,41.43141499,-122.389723,0.005529147323418841,True
pacificorp,WEED JUNCTION,41.4517596725006,-122.36220854527174,,,,,,,,,,,,,,,,,,,,,,,,,,False,False,7650,66,41.45176067,-122.3622029,0.00048338614616588726,True
pacificorp,WEIRICH,44.50587370619124,-122.86258647103357,,,,,,,,,,,,,,,,,,,,,,,,,,False,False,1724,66,41.97986964,-122.3359387,284.0978907115484,False
pacificorp,WELBY,40.58816143049728,-111.96775654181435,,,,,,,,,,,,,,,,,,,,,,,,,,False,False,208,66,37.37438227,-117.9796042,630.4210960187064,False
pacificorp,WELFARE,40.075760362978585,-111.95821686019676,,,,,,,,,,,,,,,,,,,,,,,,,,False,False,208,66,37.37438227,-117.9796042,602.3564184861762,False
pacificorp,WENAS,46.70203721164212,-120.52585404667258,,,,,,,,,,,,,,,,,,,,,,,,,,False,False,1898,500,42.07986401,-121.3901623,518.5206045663987,False
pacificorp,WERTZ SINCLAIR,42.23603999633153,-107.51756222121716,,,,,,,,,,,,,,,,,,,,,,,,,,False,False,7920,500,35.25222325,-115.5157004,1040.2633685203573,False
pacificorp,WEST ADAMS,43.02149691686317,-108.395789720313,,,,,,,,,,,,,,,,,,,,,,,,,,False,False,622,66,41.53151534,-120.1820013,982.8913456402703,False
pacificorp,WEST CEDAR,37.66383958784227,-113.1468584624632,,,,,,,,,,,,,,,,,,,,,,,,,,False,False,7920,500,35.25222325,-115.5157004,341.7185279987978,False
pacificorp,WEST JORDAN,40.61291427827056,-111.95553821337693,,,,,,,,,,,,,,,,,,,,,,,,,,False,False,208,66,37.37438227,-117.9796042,632.7752085062477,False
pacificorp,WEST OGDEN,41.21852386718598,-112.02493763970332,,,,,,,,,,,,,,,,,,,,,,,,,,False,False,208,66,37.37438227,-117.9796042,666.9955726490332,False
pacificorp,WEST POINT,41.11131674027836,-112.10706319862254,,,,,,,,,,,,,,,,,,,,,,,,,,False,False,208,66,37.37438227,-117.9796042,654.2644969507753,False
pacificorp,WEST ROY,41.16190306187382,-112.06493217227144,,,,,,,,,,,,,,,,,,,,,,,,,,False,False,208,66,37.37438227,-117.9796042,660.4921736810855,False
pacificorp,WEST SIDE,42.22023313531531,-121.79197751971051,,,,,,,,,,,,,,,,,,,,,,,,,,False,False,1898,500,42.07986401,-121.3901623,36.6182015854503,False
pacificorp,WEST TEMPLE,40.7659414394033,-111.89285413666876,,,,,,,,,,,,,,,,,,,,,,,,,,False,False,208,66,37.37438227,-117.9796042,646.5217168083299,False
pacificorp,WEST VALLEY,40.66584771526607,-112.02817286201194,,,,,,,,,,,,,,,,,,,,,,,,,,False,False,208,66,37.37438227,-117.9796042,630.8617004050534,False
pacificorp,WESTCOMMERCIAL,41.21994764628224,-111.9771220014708,,,,,,,,,,,,,,,,,,,,,,,,,,False,False,208,66,37.37438227,-117.9796042,670.2526292876021,False
pacificorp,WESTFIELD,40.448821295670186,-111.80302774123034,,,,,,,,,,,,,,,,,,,,,,,,,,False,False,208,66,37.37438227,-117.9796042,634.1571821250575,False
pacificorp,WESTON_ID,42.04197743609909,-111.9849887110089,,,,,,,,,,,,,,,,,,,,,,,,,,False,False,622,66,41.53151534,-120.1820013,681.7185422841974,False
pacificorp,WESTON_OR,45.826311119963805,-118.4257398929513,,,,,,,,,,,,,,,,,,,,,,,,,,False,False,1898,500,42.07986401,-121.3901623,479.3476807233358,False
pacificorp,WESTVACO,41.6669287089181,-109.71331935016342,,,,,,,,,,,,,,,,,,,,,,,,,,False,False,208,66,37.37438227,-117.9796042,854.1057089896216,False
pacificorp,WESTWATER,37.55136113874129,-109.48935699530232,,,,,,,,,,,,,,,,,,,,,,,,,,False,False,2261,230,34.31514963,-114.1576556,553.1699146063378,False
pacificorp,WESTWOOD,43.6269773339735,-111.90354694878565,,,,,,,,,,,,,,,,,,,,,,,,,,False,False,622,66,41.53151534,-120.1820013,716.3679746528982,False
pacificorp,WEYERHAEUSER,42.16799937165279,-121.82260035651754,,,,,,,,,,,,,,,,,,,,,,,,,,False,False,1898,500,42.07986401,-121.3901623,36.9863269409114,False
pacificorp,WHEELON,41.83299994948273,-112.057531794367,,,,,,,,,,,,,,,,,,,,,,,,,,False,False,622,66,41.53151534,-120.1820013,675.2786265769536,False
pacificorp,WHETSTONE,42.43125847431703,-122.90978880606544,,,,,,,,,,,,,,,,,,,,,,,,,,False,False,1306,66,41.89799074,-122.5399625,66.67205024881191,False
pacificorp,WHISKEY GULCH,42.51070820627555,-105.02206321362748,,,,,,,,,,,,,,,,,,,,,,,,,,False,False,2261,230,34.31514963,-114.1576556,1208.4636448742951,False
pacificorp,WHISKEY PEAK METERING STA,42.22878442975114,-107.51097314418512,,,,,,,,,,,,,,,,,,,,,,,,,,False,False,7920,500,35.25222325,-115.5157004,1040.0660739899363,False
pacificorp,WHITE CITY,42.42590839304557,-122.85939999670217,,,,,,,,,,,,7.0,,,,,,,,,,,,3.9885,12.8,False,False,1306,66,41.89799074,-122.5399625,64.33584136491199,False
pacificorp,WHITE ROCK,41.45509268502333,-112.03558379871424,,,,,,,,,,,,,,,,,,,,,,,,,,False,False,622,66,41.53151534,-120.1820013,678.3063542164299,False
pacificorp,WHITE SWAN,46.389385857488925,-120.7866233566392,,,,,,,,,,,,,,,,,,,,,,,,,,False,False,1898,500,42.07986401,-121.3901623,481.5989968870965,False
pacificorp,WILDCAT (FUTURE),40.20428993474768,-112.00465571437373,,,,,,,,,,,,,,,,,,,,,,,,,,False,False,208,66,37.37438227,-117.9796042,605.7544411787455,False
pacificorp,WILDFLOWER METERING STA,40.57189242347299,-112.04337267192793,,,,,,,,,,,,,,,,,,,,,,,,,,False,False,208,66,37.37438227,-117.9796042,624.0701727126068,False
pacificorp,WILEY,46.56345924288003,-120.64701925416573,,,,,,,,,,,,,,,,,,,,,,,,,,False,False,1898,500,42.07986401,-121.3901623,502.0390676278073,False
pacificorp,WILKINS CORNER,44.188935690226494,-123.10410562736828,,,,,,,,,,,,,,,,,,,,,,,,,,False,False,8065,66,41.97698731,-122.3613697,253.2427161756171,False
pacificorp,WILLOW COVE,45.78166407315041,-120.00512877577056,,,,,,,,,,,,,,,,,,,,,,,,,,False,False,1898,500,42.07986401,-121.3901623,426.283412090548,False
pacificorp,WILLOW CREEK,39.80725491851703,-111.82957587201086,,,,,,,,,,,,,,,,,,,,,,,,,,False,False,208,66,37.37438227,-117.9796042,598.8779358218555,False
pacificorp,WILLOWRIDGE,40.28199882646417,-111.67526871090551,,,,,,,,,,,,,,,,,,,,,,,,,,False,False,208,66,37.37438227,-117.9796042,634.3954141599646,False
pacificorp,WINCHESTER,43.28330459695418,-123.35259131305445,,,,,,,,,,,,4.0,,,,,,,,,,,,0.82872,5.2,False,False,1314,66,41.8405331,-123.1919616,160.9672652663326,False
pacificorp,WINCHESTERHILL,37.2036986748799,-113.602310275427,,,,,,,,,,,,,,,,,,,,,,,,,,False,False,7920,500,35.25222325,-115.5157004,276.6475882652189,False
pacificorp,WINDSTAR,42.86170471197664,-105.77965138348908,,,,,,,,,,,,,,,,,,,,,,,,,,False,False,7920,500,35.25222325,-115.5157004,1191.1693224504606,False
pacificorp,WINDY RIDGE SY,37.1854717975984,-113.29586729444576,,,,,,,,,,,,,,,,,,,,,,,,,,False,False,7920,500,35.25222325,-115.5157004,293.01051010189065,False
pacificorp,WINE COUNTRY,46.29320241832062,-119.95073348473169,,,,,,,,,,,,,,,,,,,,,,,,,,False,False,1898,500,42.07986401,-121.3901623,482.33152968598586,False
pacificorp,WINKLEMAN,38.5107333012724,-112.26175844271036,,,,,,,,,,,,,,,,,,,,,,,,,,False,False,7920,500,35.25222325,-115.5157004,463.6531767867023,False
pacificorp,WINSPER,44.10148071989303,-112.51591507061433,,,,,,,,,,,,,,,,,,,,,,,,,,False,False,622,66,41.53151534,-120.1820013,687.1259022541033,False
pacificorp,WINSTON,43.11505896153194,-123.41307318601326,,,,,,,,,,,,2.0,,,,,,,,,,,,0.39882,2.0,False,False,1314,66,41.8405331,-123.1919616,142.8760430932869,False
pacificorp,WOODRUFF,41.53703669330482,-111.11078929807124,,,,,,,,,,,,,,,,,,,,,,,,,,False,False,208,66,37.37438227,-117.9796042,749.2582708517534,False
pacificorp,WOODS CROSS,40.88341944623668,-111.9025742934202,,,,,,,,,,,,,,,,,,,,,,,,,,False,False,208,66,37.37438227,-117.9796042,653.1909989422679,False
pacificorp,WORLAND TOWN,44.01403586086136,-107.96593010310666,,,,,,,,,,,,,,,,,,,,,,,,,,False,False,622,66,41.53151534,-120.1820013,1033.5069395202888,False
pacificorp,WYODAK,44.29103603988169,-105.38540986668676,,,,,,,,,,,,,,,,,,,,,,,,,,False,False,622,66,41.53151534,-120.1820013,1241.5748192420297,False
pacificorp,WYOPO,42.85384623305952,-108.68848225122392,,,,,,,,,,,,,,,,,,,,,,,,,,False,False,622,66,41.53151534,-120.1820013,957.4408009838569,False
pacificorp,YALE,45.962744562314114,-122.33532206853106,,,,,,,,,,,,,,,,,,,,,,,,,,False,False,1898,500,42.07986401,-121.3901623,438.3112173052262,False
pacificorp,YELLOWCAKE,43.06949355440101,-105.61586706800152,,,,,,,,,,,,,,,,,,,,,,,,,,False,False,622,66,41.53151534,-120.1820013,1208.5260722588328,False
pacificorp,YELLOWTAIL,45.32114076757879,-107.9468528446242,,,,,,,,,,,,,,,,,,,,,,,,,,False,False,622,66,41.53151534,-120.1820013,1072.740228109231,False
pacificorp,YEW AVENUE,44.23707608183828,-121.19272077837418,,,,,,,,,,,,,,,,,,,,,,,,,,False,False,1898,500,42.07986401,-121.3901623,240.40483704800445,False
pacificorp,YOUNGS BAY,46.17212200082046,-123.8437705154597,,,,,,,,,,,,,,,,,,,,,,,,,,False,False,8065,66,41.97698731,-122.3613697,481.2497451093486,False
pacificorp,YREKA,41.72883503905846,-122.63147594387732,,,,,,,,,,,,,,,,,,,,,,,,,,False,False,8277,115,41.72860387,-122.6308085,0.06106202808873902,True
pacificorp,YUBA,41.37304012395981,-122.8329898552341,,,,,,,,,,,,,,,,,,,,,,,,,,False,False,1318,66,41.37290596,-122.8329384,0.015523921429723616,True
pacificorp,YUROK,41.54337135969808,-124.05059549943986,,,,,,,,,,,,,,,,,,,,,,,,,,False,False,2239,66,41.29428709,-124.0568714,27.701850422322643,False
