name,owner_raw,owner_std,type,category,matched_to_scrape,max_voltage_kv,latitude,longitude,county,city,status,cec_resolve_area,hifld_id
Unknown - 3293,SCE Northern,sce,SUBSTATION,substation,False,500.0,35.02294251,-118.2821811,Kern County,,Operational,SCE Northern,300111.0
Capacitor,SCE,sce,SUBSTATION,substation,False,500.0,33.6712108,-115.55897075,Riverside County,,Operational,SCE Eastern,303223.0
Unknown - 4185,SCE Northern,sce,SUBSTATION,substation,False,500.0,35.02130584,-118.29735508,Kern County,,Operational,SCE Northern,309264.0
Unknown - 4242,SCE Northern,sce,SUBSTATION,substation,False,500.0,34.19122725,-118.37955131,Los Angeles County,Los Angeles,Operational,SCE Northern,310442.0
Serrano,SCE,sce,SUBSTATION,substation,False,500.0,33.82885994,-117.78968273,Orange County,Orange,Operational,SCE Metro,301664.0
Antelope - (SCE),SCE,sce,SUBSTATION,substation,False,500.0,34.68750792,-118.30052909,Los Angeles County,Lancaster,Operational,SCE Northern,304120.0
Vincent,SCE,sce,SUBSTATION,substation,False,500.0,34.48596106,-118.11846856,Los Angeles County,Acton,Operational,SCE Northern,309672.0
Lugo,SCE,sce,SUBSTATION,substation,False,500.0,34.36662345,-117.36861843,San Bernardino County,,Operational,SCE Metro,307508.0
Alberhill,SCE,sce,SUBSTATION ASSUMED,substation,False,500.0,33.73452419,-117.41250985,,Karona,Proposed,SCE Eastern,
Rancho Vista,SCE,sce,SUBSTATION,substation,False,500.0,34.08849549,-117.5345205,San Bernardino County,Rancho Cucamonga,Operational,SCE Metro,309096.0
Windhub,SCE,sce,SUBSTATION,substation,False,500.0,35.0348446,-118.28067751,Kern County,,Operational,SCE Northern,301750.0
Whirlwind,SCE,sce,SUBSTATION,substation,False,500.0,34.85927301,-118.43520486,Kern County,,Operational,SCE Northern,306225.0
Colorado River,SCE,sce,SUBSTATION,substation,False,500.0,33.57897512,-114.81591613,Riverside County,,Operational,SCE Eastern,303761.0
Red Bluff - (SCE),SCE,sce,SUBSTATION,substation,False,500.0,33.69808958,-115.31317485,Riverside County,,Operational,SCE Eastern,303503.0
North of SONGS,SCE,sce,SUBSTATION ASSUMED,substation,False,500.0,33.44924518,-117.57441797,SAN DIEGO,SAN CLEMENTE,,SCE Metro,
Cielo Azul,SCE,sce,SUBSTATION ASSUMED,substation,False,500.0,33.64852482,-113.93914355,La Paz,Sunwest,,SCE Arizona,
Delaney SCE 500kV,SCE,sce,SUBSTATION ASSUMED,substation,False,500.0,33.48112493,-113.03398879,Maricopa County,TONOPAH,,SCE Arizona,
Eldorado SCE 500kV,SCE,sce,SUBSTATION ASSUMED,substation,False,500.0,35.79731475,-115.00898823,Clark County,BOULDER CITY,,SCE EOP,
Mohave SCE 500kV,SCE,sce,SUBSTATION ASSUMED,substation,False,500.0,35.1474648,-114.59498836,Clark County,LAUGHLIN,,SCE EOP,
Palo Verde SCE 500kV,SCE,sce,SUBSTATION ASSUMED,substation,False,500.0,33.38472001,-112.85904303,Maricopa County,TONOPAH,,SDGE Arizona,
East Transition Station,SCE,sce,SUBSTATION,substation,False,500.0,33.98657322,-117.71425025,San Bernardino County,,,SCE Metro,
Kinetic - (SCE),SCE,sce,SUBSTATION ASSUMED,substation,False,230.0,34.01496981,-118.20356575,Los Angeles County,Los Angeles,Operational,SCE Metro,
Camino - (Other),Other (SCE - Assumed),sce_assumed,SUBSTATION,substation,False,230.0,34.84484906,-114.96625879,San Bernardino County,,Operational,SCE EOP,305759.0
Gene,Other (SCE - Assumed),sce_assumed,SUBSTATION,substation,False,230.0,34.29115679,-114.17127466,San Bernardino County,,Operational,SCE Eastern,306492.0
Eastwood,SCE,sce,SUBSTATION,substation,False,230.0,37.14799489,-119.25660402,Fresno County,,Operational,PGE Fresno,301470.0
Arbwind,SCE,sce,SUBSTATION,substation,False,230.0,35.10812378,-118.31383786,Kern County,,Operational,SCE Northern,301467.0
Unknown - 2575,SCE,sce,SUBSTATION,substation,False,230.0,35.0990815,-118.33453463,Kern County,,Operational,SCE Northern,304730.0
Unknown - 3918,SCE Metro,sce,SUBSTATION,substation,False,230.0,34.12370125,-118.33704608,Los Angeles County,Los Angeles,Operational,SCE Metro,306768.0
Unknown - 2935,Other (SCE - Assumed),sce_assumed,SUBSTATION,substation,False,230.0,33.80963789,-115.45108174,Riverside County,,Operational,SCE Eastern,300795.0
Sylmar East,SCE,sce,SUBSTATION,substation,False,230.0,34.31189,-118.48040208,Los Angeles County,Los Angeles,Operational,SCE Northern,306489.0
Unknown - 3193,SCE,sce,SUBSTATION,substation,False,230.0,35.20708605,-118.24788964,Kern County,,Operational,SCE Northern,309958.0
Springville,SCE,sce,SUBSTATION,substation,False,230.0,36.10795255,-118.93804584,Tulare County,,Operational,SCE Northern,300168.0
Santa Clara,SCE,sce,SUBSTATION,substation,False,230.0,34.30226125,-119.18492599,Ventura County,,Operational,SCE Northern,306963.0
Ormond Beach,SCE,sce,SUBSTATION,substation,False,230.0,34.1307962,-119.16706366,Ventura County,Oxnard,Operational,SCE Northern,307758.0
El Segundo,SCE,sce,SUBSTATION,substation,False,230.0,33.90843881,-118.42306272,Los Angeles County,El Segundo,Operational,SCE Metro,309703.0
Lewis,SCE,sce,SUBSTATION,substation,False,230.0,33.80925851,-117.8990747,Orange County,Anaheim,Operational,SCE Metro,305848.0
Julian Hinds,SCE,sce,SUBSTATION,substation,False,230.0,33.70470126,-115.62659273,Riverside County,,Operational,SCE Eastern,309638.0
Mirage,SCE,sce,SUBSTATION,substation,False,230.0,33.81849739,-116.37009851,Riverside County,Thousand Palms,Operational,SCE Eastern,304250.0
Pastoria,SCE,sce,SUBSTATION,substation,False,230.0,34.93527285,-118.84311541,,Arvin,Operational,SCE Northern,304860.0
Arcogen,SCE,sce,SUBSTATION,substation,False,230.0,33.81748999,-118.24346507,Los Angeles County,Carson,Operational,SCE Metro,306365.0
Bailey,SCE,sce,SUBSTATION,substation,False,230.0,34.77650703,-118.77470327,Los Angeles County,,Operational,SCE Northern,303949.0
Eagle Rock - (SCE),SCE,sce,SUBSTATION,substation,False,230.0,34.15085125,-118.18430624,Los Angeles County,Glendale,Operational,SCE Metro,301558.0
Goodrich,SCE,sce,SUBSTATION,substation,False,230.0,34.15135145,-118.08790942,Los Angeles County,Pasadena,Operational,SCE Metro,303371.0
Harborgen,SCE,sce,SUBSTATION,substation,False,230.0,33.7789243,-118.22730532,Los Angeles County,Los Angeles,Operational,SCE Metro,304450.0
Hinson,SCE,sce,SUBSTATION,substation,False,230.0,33.81926415,-118.22252687,Los Angeles County,Long Beach,Operational,SCE Metro,300390.0
La Cienega,SCE,sce,SUBSTATION,substation,False,230.0,34.00073315,-118.37831478,Los Angeles County,Ladera Heights,Operational,SCE Metro,308786.0
Pardee - (SCE),SCE,sce,SUBSTATION,substation,False,230.0,34.43926556,-118.58282378,Los Angeles County,Santa Clarita,Operational,SCE Northern,308504.0
Warne,SCE,sce,SUBSTATION,substation,False,230.0,34.6850699,-118.78854143,Los Angeles County,,Operational,SCE Northern,308917.0
Pisgah,SCE,sce,SUBSTATION,substation,False,230.0,34.78157654,-116.38472017,San Bernardino County,,Operational,SCE NOL,306291.0
Vista - SCE,SCE,sce,SUBSTATION,substation,False,230.0,34.0413401,-117.31919396,San Bernardino County,Grand Terrace,Operational,SCE Eastern,304336.0
Huntington Beach,SCE,sce,SUBSTATION,substation,False,230.0,33.64596303,-117.97780972,Orange County,Huntington Beach,Operational,SCE Metro,303718.0
Big Creek 1,SCE,sce,SUBSTATION,substation,False,230.0,37.20395044,-119.24291235,Fresno County,Big Creek,Operational,PGE Fresno,307432.0
Chevmain,SCE,sce,SUBSTATION,substation,False,230.0,33.90248441,-118.40287465,Los Angeles County,El Segundo,Operational,SCE Metro,301108.0
Cool Water,SCE,sce,SUBSTATION,substation,False,230.0,34.863107,-116.85419496,San Bernardino County,,Operational,SCE NOL,307282.0
Rerc,SCE,sce,SUBSTATION,substation,False,230.0,33.96216493,-117.45288407,Riverside County,Riverside,Operational,SCE Eastern,307361.0
San Onofre,SCE,sce,SUBSTATION,substation,False,230.0,33.36968096,-117.55422612,San Diego County,,Operational,SCE Metro,308846.0
Mandalay,SCE,sce,SUBSTATION,substation,False,230.0,34.20734748,-119.24911042,Ventura County,Oxnard,Operational,SCE Northern,309305.0
Sandlot,SCE,sce,SUBSTATION,substation,False,230.0,34.99707498,-117.30298789,San Bernardino County,,Operational,SCE NOL,304560.0
Ivanpah,SCE,sce,SUBSTATION,substation,False,230.0,35.54440795,-115.46891493,San Bernardino County,,Operational,SCE EOP,310135.0
Alamitos,SCE,sce,SUBSTATION ASSUMED,substation,False,230.0,33.76482934,-118.09887037,Los Angeles County,Long Beach,Operational,SCE Metro,
Calcite,SCE,sce,SUBSTATION ASSUMED,substation,False,230.0,34.52098302,-116.917785,San Bernardino,Lucerne Valley,Operational,SCE NOL,
Lugo - Pisgah (Proposed),SCE,sce,SUBSTATION,substation,False,230.0,34.39830927,-116.635902,San Bernardino,Lucerne Valley,Proposed,SCE NOL,
Primm SEC 230kV,SCE,sce,SUBSTATION ASSUMED,substation,False,230.0,35.64108479,-115.34898818,Clark County,JEAN,,SCE EOP,
New Sub - Kramer - Lugo (Proposed),SCE,sce,SUBSTATION ASSUMED,substation,False,230.0,34.57652498,-117.41314167,SAN BERNARDINO,ADELANTO,,SCE NOL,
Eastwind,SCE,sce,SUBSTATION,substation,False,220.0,35.04467093,-118.27629981,Kern County,,Operational,SCE Northern,306892.0
Westwind - (SCE),SCE,sce,SUBSTATION,substation,False,220.0,35.04379469,-118.27637848,Kern County,,Operational,SCE Northern,309466.0
Winderness,SCE,sce,SUBSTATION,substation,False,220.0,35.03860146,-118.29288667,Kern County,,Operational,SCE Northern,304383.0
Highwind,SCE,sce,SUBSTATION,substation,False,220.0,35.09945022,-118.37811143,Kern County,,Operational,SCE Northern,308246.0
Unknown - 4238,SCE Eastern,sce,SUBSTATION,substation,False,161.0,34.13096426,-114.37234166,San Bernardino County,Big River,Operational,SCE Eastern,310357.0
Tanker,SCE,sce,SUBSTATION,substation,False,115.0,33.90876736,-117.25976581,Riverside County,March ARB,Operational,SCE Eastern,305880.0
Rocket Test,SCE,sce,SUBSTATION,substation,False,115.0,34.93048895,-117.69806605,Kern County,,Operational,SCE NOL,307682.0
Southbase,SCE,sce,SUBSTATION,substation,False,115.0,34.87995337,-117.89627113,Kern County,Edwards AFB,Operational,SCE NOL,301654.0
Devil Canyon,SCE,sce,SUBSTATION,substation,False,115.0,34.20602292,-117.33510731,San Bernardino County,San Bernardino,Operational,SCE Eastern,301962.0
Mcgen,SCE,sce,SUBSTATION,substation,False,115.0,35.7651795,-117.38640097,San Bernardino County,Searles Valley,Operational,SCE NOL,306276.0
Permanente - (SCE),SCE,sce,SUBSTATION,substation,False,115.0,34.35455407,-116.85428835,San Bernardino County,,Operational,SCE NOL,302055.0
Tiefort,SCE,sce,SUBSTATION,substation,False,115.0,35.22290052,-116.73316571,San Bernardino County,,Operational,SCE NOL,300852.0
Aventura P.T.,SCE,sce,SUBSTATION ASSUMED,substation,False,115.0,33.93260018,-116.50433854,Riverside County,Desert Hot Springs,Operational,SCE Eastern,
Transwind,SCE,sce,SUBSTATION,substation,False,115.0,33.91373159,-116.7196122,Riverside County,,Operational,SCE Eastern,300928.0
Hugo,SCE,sce,SUBSTATION,substation,False,115.0,33.90195998,-116.55578418,Riverside County,Palm Springs,Operational,SCE Eastern,307731.0
Leatherneck,SCE,sce,SUBSTATION,substation,False,115.0,34.24483167,-116.0977269,San Bernardino County,Twentynine Palms,Operational,SCE Eastern,308784.0
Arrowhead - (SCE Eastern),SCE Eastern,sce,SUBSTATION,substation,False,115.0,33.91206405,-116.75220158,Riverside County,,Operational,SCE Eastern,300962.0
Highgrove,SCE,sce,SUBSTATION,substation,False,115.0,34.02228677,-117.33278519,San Bernardino County,Grand Terrace,Operational,SCE Eastern,306994.0
Poole Ph,SCE,sce,SUBSTATION,substation,False,115.0,37.94437568,-119.21600329,Mono County,,Operational,PGE GBA,305996.0
Rush Creek,SCE,sce,SUBSTATION,substation,False,115.0,37.7665993,-119.12312103,Mono County,,Operational,SCE NOL,300006.0
Mammoth Pacific Il,SCE,sce,SUBSTATION,substation,False,115.0,37.64645275,-118.9100321,Mono County,,Operational,SCE NOL,300992.0
Mammoth Pacific I,SCE,sce,SUBSTATION,substation,False,115.0,37.64552423,-118.91463654,Mono County,,Operational,SCE NOL,304975.0
Bishop Creek 4,SCE,sce,SUBSTATION,substation,False,115.0,37.32303193,-118.50175536,Inyo County,,Operational,SCE NOL,308805.0
Coso 8-9,SCE,sce,SUBSTATION,substation,False,115.0,36.00144491,-117.79017382,Inyo County,,Operational,SCE NOL,303694.0
Coso 4-6,SCE,sce,SUBSTATION,substation,False,115.0,36.01858404,-117.79152051,Inyo County,,Operational,SCE NOL,305045.0
U.S. Borax,Other (SCE - Assumed),sce_assumed,SUBSTATION,substation,False,115.0,35.03251574,-117.7002983,Kern County,,Operational,SCE NOL,309495.0
Unknown - 3609,SCE Northern,sce,SUBSTATION,substation,False,115.0,35.35859355,-118.92552417,Kern County,East Niles,Operational,SCE Northern,303313.0
SEGS 6,SCE,sce,SUBSTATION,substation,False,115.0,35.02029175,-117.56623769,San Bernardino County,,Operational,SCE NOL,300866.0
SEGS 7,SCE,sce,SUBSTATION,substation,False,115.0,35.01550578,-117.5657222,San Bernardino County,,Operational,SCE NOL,302344.0
SEGS 4,SCE,sce,SUBSTATION,substation,False,115.0,35.01184781,-117.55565403,San Bernardino County,,Operational,SCE NOL,306641.0
SEGS 3,SCE,sce,SUBSTATION,substation,False,115.0,35.00735218,-117.55572878,San Bernardino County,,Operational,SCE NOL,308595.0
Black Mt.,SCE,sce,SUBSTATION,substation,False,115.0,34.62283668,-117.10162407,San Bernardino County,,Operational,SCE NOL,307337.0
Southcap,SCE,sce,SUBSTATION,substation,False,115.0,34.62129501,-117.10216852,San Bernardino County,,Operational,SCE NOL,310088.0
Pluess,SCE,sce,SUBSTATION,substation,False,115.0,34.38305043,-116.9411691,San Bernardino County,,Operational,SCE NOL,300252.0
Soport,SCE,sce,SUBSTATION,substation,False,115.0,34.56599503,-117.31248237,San Bernardino County,Victorville,Operational,SCE NOL,301453.0
Mojave Siphon,Other (SCE - Assumed),sce_assumed,SUBSTATION,substation,False,115.0,34.30746582,-117.32348167,San Bernardino County,,Operational,SCE Metro,308764.0
Crafton Hills,SCE,sce,SUBSTATION,substation,False,115.0,34.07420067,-117.07747969,San Bernardino County,Mentone,Operational,SCE Eastern,308499.0
Purewater,SCE,sce,SUBSTATION,substation,False,115.0,34.07806433,-117.18887588,San Bernardino County,Redlands,Operational,SCE Eastern,306467.0
Pan Aero,SCE,sce,SUBSTATION,substation,False,115.0,33.95138119,-116.66540755,Riverside County,Whitewater,Operational,SCE Eastern,304896.0
Seawind,SCE,sce,SUBSTATION,substation,False,115.0,33.94998674,-116.6668381,Riverside County,,Operational,SCE Eastern,302868.0
Unknown - 2470,SCE,sce,SUBSTATION,substation,False,115.0,33.91601484,-116.71834574,Riverside County,,Operational,SCE Eastern,308405.0
Renwind,SCE,sce,SUBSTATION,substation,False,115.0,33.91775341,-116.64279365,Riverside County,Palm Springs,Operational,SCE Eastern,301497.0
Tiffanywind,SCE,sce,SUBSTATION,substation,False,115.0,33.92065555,-116.58114348,Riverside County,,Operational,SCE Eastern,309062.0
Buckwind,SCE,sce,SUBSTATION,substation,False,115.0,33.92175895,-116.5796992,Riverside County,Palm Springs,Operational,SCE Eastern,303773.0
Altwind,SCE,sce,SUBSTATION,substation,False,115.0,33.90732564,-116.57982699,Riverside County,Palm Springs,Operational,SCE Eastern,304962.0
Mountwind,SCE,sce,SUBSTATION,substation,False,115.0,33.90720896,-116.57932145,Riverside County,Palm Springs,Operational,SCE Eastern,305779.0
Indigo,SCE,sce,SUBSTATION,substation,False,115.0,33.91062757,-116.5528796,Riverside County,Palm Springs,Operational,SCE Eastern,309947.0
Capwind,SCE,sce,SUBSTATION,substation,False,115.0,33.87760066,-116.46435198,Riverside County,Cathedral City,Operational,SCE Eastern,300743.0
MWD Eastside Res,Other (SCE - Assumed),sce_assumed,SUBSTATION,substation,False,115.0,33.68098286,-117.06981321,Riverside County,,Operational,SCE Eastern,309657.0
Mogen,SCE,sce,SUBSTATION,substation,False,115.0,35.03228376,-117.70157052,Kern County,,Operational,SCE NOL,308990.0
Stent,SCE,sce,SUBSTATION,substation,False,115.0,33.51782501,-117.1590572,Riverside County,Temecula,Operational,SCE Eastern,303434.0
Unknown - 3904,SCE NOL,sce,SUBSTATION,substation,False,115.0,34.9301081,-117.69773313,Kern County,,Operational,SCE NOL,306472.0
Unknown - 3942,SCE Eastern,sce,SUBSTATION,substation,False,115.0,34.14981881,-116.10706091,San Bernardino County,Twentynine Palms,Operational,SCE Eastern,307203.0
Moval,Other (SCE - Assumed),sce_assumed,SUBSTATION,substation,False,115.0,33.92320503,-117.17495254,Riverside County,Moreno Valley,Operational,SCE Eastern,309620.0
Dryden,SCE,sce,SUBSTATION,substation,False,115.0,33.70191147,-117.37521087,Riverside County,Lake Elsinore,Operational,SCE Eastern,307328.0
Cain Ranch P.T.,SCE,sce,SUBSTATION ASSUMED,substation,False,115.0,37.95234514,-119.1170469,Mono County,Lee Vining,Operational,SCE NOL,
AFG,SCE,sce,SUBSTATION ASSUMED,substation,False,115.0,34.47434574,-117.29398175,San Bernardino County,Victorville,Operational,SCE NOL,
Unknown - 4147,SCE Northern,sce,SUBSTATION,substation,False,115.0,35.35885543,-118.9253426,Kern County,East Niles,Operational,SCE Northern,308662.0
Unknown - 4157,SCE NOL,sce,SUBSTATION,substation,False,115.0,34.90826629,-117.91808183,Kern County,Edwards AFB,Operational,SCE NOL,308783.0
Unknown - 4201,SCE Eastern,sce,SUBSTATION,substation,False,115.0,33.51935563,-117.09497082,Riverside County,Temecula,Operational,SCE Eastern,309561.0
Control,SCE,sce,SUBSTATION,substation,False,115.0,37.33631483,-118.48087292,Inyo County,,Operational,SCE NOL,306901.0
Haiwee - SCE North,SCE,sce,SUBSTATION,substation,False,115.0,36.48893492,-117.87114315,Inyo County,,,SCE NOL,
Unknown - 3366,SCE Eastern,sce,SUBSTATION,substation,False,92.0,33.69958559,-116.24288896,Riverside County,Indio,Operational,SCE Eastern,301458.0
Unknown - 3639,SCE Eastern,sce,SUBSTATION,substation,False,92.0,33.17665388,-115.60574388,Imperial County,,Operational,SCE Eastern,303968.0
Unknown - 3656,SCE Eastern,sce,SUBSTATION,substation,False,92.0,33.19128688,-115.54501328,Imperial County,,Operational,SCE Eastern,304237.0
Mecca - (SCE Eastern),SCE Eastern,sce,SUBSTATION,substation,False,92.0,33.55579556,-116.06027624,Riverside County,Mecca,Operational,SCE Eastern,305517.0
Unknown - 4218,SCE Eastern,sce,SUBSTATION,substation,False,92.0,33.56942922,-116.11258372,Riverside County,,Operational,SCE Eastern,309886.0
Castaic - (Other),Other (SCE - Assumed),sce_assumed,SUBSTATION,substation,False,70.0,34.88050967,-118.90095758,Kern County,Lebec,Operational,SCE Northern,310488.0
Pacific Pipeline,Other (SCE - Assumed),sce_assumed,SUBSTATION,substation,False,70.0,34.92639256,-118.92528716,Kern County,,Operational,SCE Northern,306710.0
Grapevine,Other (SCE - Assumed),sce_assumed,SUBSTATION,substation,False,70.0,34.91833031,-118.92617837,Kern County,,Operational,SCE Northern,304813.0
Rose,Other (SCE - Assumed),sce_assumed,SUBSTATION,substation,False,70.0,34.99182444,-118.9427896,Kern County,,Operational,SCE Northern,300494.0
Lebec - (Other),Other (SCE - Assumed),sce_assumed,SUBSTATION,substation,False,70.0,34.86025762,-118.88052671,Kern County,Lebec,Operational,SCE Northern,310225.0
Dowling,Other (SCE - Assumed),sce_assumed,SUBSTATION,substation,False,69.0,33.85342243,-117.85701306,Orange County,Anaheim,Operational,SCE Metro,301351.0
Anaheim,Other (SCE - Assumed),sce_assumed,SUBSTATION,substation,False,69.0,33.83104499,-117.91138274,Orange County,Anaheim,Operational,SCE Metro,300515.0
Katella,Other (SCE - Assumed),sce_assumed,SUBSTATION,substation,False,69.0,33.80449278,-117.9007329,Orange County,Anaheim,Operational,SCE Metro,304005.0
Hannum,Other (SCE - Assumed),sce_assumed,SUBSTATION,substation,False,69.0,33.83755397,-117.96816327,Orange County,Anaheim,Operational,SCE Metro,301711.0
Southwest,Other (SCE - Assumed),sce_assumed,SUBSTATION,substation,False,69.0,33.80802913,-117.93319143,Orange County,Anaheim,Operational,SCE Metro,307184.0
Sharp,Other (SCE - Assumed),sce_assumed,SUBSTATION,substation,False,69.0,33.84837263,-117.91067897,Orange County,Anaheim,Operational,SCE Metro,301344.0
Vermont,Other (SCE - Assumed),sce_assumed,SUBSTATION,substation,False,69.0,33.8266789,-117.90247169,Orange County,Anaheim,Operational,SCE Metro,306997.0
Yorba,Other (SCE - Assumed),sce_assumed,SUBSTATION,substation,False,69.0,33.85820114,-117.80711264,Orange County,Anaheim,Operational,SCE Metro,307268.0
Basilone,SCE Metro,sce,SUBSTATION,substation,False,69.0,33.38743818,-117.58247398,San Diego County,,Operational,SCE Metro,305888.0
Clair,Other (SCE - Assumed),sce_assumed,SUBSTATION,substation,False,69.0,33.81698927,-117.9763544,Orange County,Anaheim,Operational,SCE Metro,301148.0
Fairmont - (Other),Other (SCE - Assumed),sce_assumed,SUBSTATION,substation,False,69.0,33.85646722,-117.76831011,Orange County,Anaheim,Operational,SCE Metro,300275.0
Captive,SCE,sce,SUBSTATION,substation,False,66.0,35.778748,-119.3050582,Kern County,Delano,Operational,PGE Kern,305665.0
Protein,SCE,sce,SUBSTATION,substation,False,66.0,36.18543697,-119.33417252,Tulare County,Tulare,Operational,SCE Northern,303605.0
Elcans,SCE,sce,SUBSTATION,substation,False,66.0,36.34271319,-119.39205915,Tulare County,Visalia,Operational,SCE Northern,308726.0
Lourich,SCE,sce,SUBSTATION,substation,False,66.0,36.13139821,-119.32920912,Tulare County,Tulare,Operational,PGE Fresno,305963.0
Camgen,SCE,sce,SUBSTATION,substation,False,66.0,34.1618952,-119.04760993,Ventura County,,Operational,SCE Northern,309292.0
Charmin,SCE,sce,SUBSTATION ASSUMED,substation,False,66.0,34.21052851,-119.14012654,Ventura County,Oxnard,Operational,SCE Northern,
Etec-Gen,SCE,sce,SUBSTATION,substation,False,66.0,34.23179239,-118.71034338,Ventura County,,Operational,SCE Northern,301440.0
Oxnard,SCE,sce,SUBSTATION,substation,False,66.0,34.19716185,-119.17429598,Ventura County,Oxnard,Operational,SCE Northern,301689.0
Procgen,SCE,sce,SUBSTATION,substation,False,66.0,34.21146741,-119.14000988,Ventura County,Oxnard,Operational,SCE Northern,301150.0
Shore,SCE,sce,SUBSTATION ASSUMED,substation,False,66.0,34.23927125,-119.25887809,Ventura County,San Buenaventura (Ventura),Operational,SCE Northern,
Tayshell,SCE,sce,SUBSTATION,substation,False,66.0,34.31705727,-119.31045304,Ventura County,,Operational,SCE Northern,303292.0
Torrey,SCE,sce,SUBSTATION,substation,False,66.0,34.38783326,-118.79633397,Ventura County,,Operational,SCE Northern,304721.0
Claremont - (SCE),SCE,sce,SUBSTATION,substation,False,66.0,34.09929638,-117.70738745,Los Angeles County,Claremont,Operational,SCE Metro,301431.0
Stallion,Other (SCE - Assumed),sce_assumed,SUBSTATION,substation,False,66.0,35.10881164,-118.56700081,Kern County,Tehachapi,Operational,SCE Northern,303250.0
Ammonia,SCE,sce,SUBSTATION,substation,False,66.0,33.922498,-117.84724778,Orange County,"Los Angeles--Long Beach--Anaheim, CA",Operational,SCE Metro,307200.0
Apollo,SCE,sce,SUBSTATION,substation,False,66.0,33.75251894,-118.03716036,Orange County,Huntington Beach,Operational,SCE Metro,300975.0
Burris Pit,SCE,sce,SUBSTATION,substation,False,66.0,33.81966995,-117.87141581,Orange County,Anaheim,Operational,SCE Metro,309594.0
Chip,SCE,sce,SUBSTATION,substation,False,66.0,33.66059753,-117.86061766,Orange County,Newport Beach,Operational,SCE Metro,310120.0
Coygen - SCE South,SCE,sce,SUBSTATION,substation,False,66.0,33.61303719,-117.8219149,Orange County,Newport Beach,Operational,SCE Metro,304415.0
Johnair,SCE,sce,SUBSTATION,substation,False,66.0,33.67560634,-117.86376802,Orange County,"Los Angeles--Long Beach--Anaheim, CA",Operational,SCE Metro,303088.0
Lambert - (SCE),SCE,sce,SUBSTATION,substation,False,66.0,33.92281389,-117.84722428,Orange County,"Los Angeles--Long Beach--Anaheim, CA",Operational,SCE Metro,305086.0
Coyote Creek,Other (SCE - Assumed),sce_assumed,SUBSTATION,substation,False,66.0,33.92508013,-117.95511493,Orange County,La Habra,Operational,SCE Metro,300033.0
Norseal,SCE,sce,SUBSTATION,substation,False,66.0,33.75710994,-118.0890668,Orange County,Seal Beach,Operational,SCE Metro,305496.0
Norweld,SCE,sce,SUBSTATION,substation,False,66.0,33.92081251,-117.91983095,Orange County,Brea,Operational,SCE Metro,309278.0
Kiwi,SCE,sce,SUBSTATION,substation,False,66.0,33.68962626,-117.94502342,Orange County,Fountain Valley,Operational,SCE Metro,309678.0
Orcogen,SCE,sce,SUBSTATION,substation,False,66.0,33.6439924,-117.95554901,Orange County,Huntington Beach,Operational,SCE Metro,306580.0
Paper,SCE,sce,SUBSTATION,substation,False,66.0,33.86093241,-117.89272401,Orange County,Fullerton,Operational,SCE Metro,300919.0
Recovery ,SCE,sce,SUBSTATION,substation,False,66.0,33.67357758,-118.02122081,Orange County,Huntington Beach,Operational,SCE Metro,302237.0
Soco,SCE,sce,SUBSTATION ASSUMED,substation,False,66.0,33.67374115,-118.02151156,Orange County,Huntington Beach,Operational,SCE Metro,
Sunnyhills,SCE,sce,SUBSTATION,substation,False,66.0,33.88288955,-117.95736482,Orange County,Fullerton,Operational,SCE Metro,308531.0
Riverside,Other (SCE - Assumed),sce_assumed,SUBSTATION,substation,False,66.0,33.97811442,-117.37006542,Riverside County,Riverside,Operational,SCE Eastern,310521.0
Databank,SCE,sce,SUBSTATION,substation,False,66.0,33.85543349,-117.53928344,Riverside County,Corona,Operational,SCE Eastern,301792.0
Delgen,SCE,sce,SUBSTATION,substation,False,66.0,33.89242466,-117.58010599,Riverside County,Corona,Operational,SCE Metro,308240.0
Alamo,SCE,sce,SUBSTATION,substation,False,66.0,34.81550064,-118.68611545,Los Angeles County,,Operational,SCE Northern,309973.0
Borel,SCE,sce,SUBSTATION,substation,False,66.0,35.58810333,-118.5247543,Kern County,,Operational,PGE Kern,308790.0
Breeze,SCE,sce,SUBSTATION,substation,False,66.0,35.1238891,-118.37410903,Kern County,,Operational,SCE Northern,301406.0
Cal Cement,SCE,sce,SUBSTATION,substation,False,66.0,35.03026073,-118.31080978,Kern County,,Operational,SCE Northern,301041.0
Lakegen,SCE,sce,SUBSTATION,substation,False,66.0,35.64439849,-118.48184223,Kern County,Lake Isabella,Operational,PGE Kern,309651.0
Pandol,SCE,sce,SUBSTATION,substation,False,66.0,35.71894598,-119.23335764,Kern County,,Operational,PGE Kern,309927.0
Westpac,SCE,sce,SUBSTATION,substation,False,66.0,34.81940896,-118.75105433,Kern County,,Operational,SCE Northern,304254.0
Airway,Other (SCE - Assumed),sce_assumed,SUBSTATION,substation,False,66.0,34.16269794,-118.28418441,Los Angeles County,Glendale,Operational,SCE Metro,304129.0
Lincoln - 91504,Other (SCE - Assumed),sce_assumed,SUBSTATION,substation,False,66.0,34.19901011,-118.34406655,Los Angeles County,Burbank,Operational,SCE Metro,309148.0
Mcneil,Other (SCE - Assumed),sce_assumed,SUBSTATION,substation,False,66.0,34.17637647,-118.3140167,Los Angeles County,Burbank,Operational,SCE Metro,308793.0
Aerojet,SCE,sce,SUBSTATION,substation,False,66.0,34.12514936,-117.92495434,Los Angeles County,Azusa,Operational,SCE Metro,305828.0
Astro,SCE,sce,SUBSTATION,substation,False,66.0,33.81919745,-118.16435193,Los Angeles County,Long Beach,Operational,SCE Metro,310163.0
Azusa,SCE,sce,SUBSTATION,substation,False,66.0,34.13604098,-117.91093392,Los Angeles County,Azusa,Operational,SCE Metro,301299.0
Beejay,SCE,sce,SUBSTATION,substation,False,66.0,34.00810089,-118.22751727,Los Angeles County,Vernon,Operational,SCE Metro,301340.0
Brew,SCE,sce,SUBSTATION,substation,False,66.0,34.12716721,-117.93987737,Los Angeles County,Irwindale,Operational,SCE Metro,302376.0
Carbogen,SCE,sce,SUBSTATION,substation,False,66.0,33.77486437,-118.22976582,Los Angeles County,Long Beach,Operational,SCE Metro,303622.0
Certified,SCE,sce,SUBSTATION,substation,False,66.0,33.81660339,-118.17166605,Los Angeles County,Long Beach,Operational,SCE Metro,300978.0
Dock,SCE,sce,SUBSTATION,substation,False,66.0,33.7594092,-118.23785068,Los Angeles County,Long Beach,Operational,SCE Metro,309853.0
Chevgen,SCE,sce,SUBSTATION,substation,False,66.0,33.91259813,-118.41414312,Los Angeles County,El Segundo,Operational,SCE Metro,303344.0
College - (SCE),SCE,sce,SUBSTATION,substation,False,66.0,33.78409525,-118.10850813,Los Angeles County,Long Beach,Operational,SCE Metro,300449.0
Commodore,SCE,sce,SUBSTATION,substation,False,66.0,33.75681507,-118.22032117,Los Angeles County,Long Beach,Operational,SCE Metro,307247.0
Ybarra,Other (SCE - Assumed),sce_assumed,SUBSTATION,substation,False,66.0,34.00414151,-118.20651359,Los Angeles County,Vernon,Operational,SCE Metro,308605.0
Corners,SCE,sce,SUBSTATION,substation,False,66.0,33.86341378,-118.16532373,Los Angeles County,Long Beach,Operational,SCE Metro,309439.0
Cosmic,SCE,sce,SUBSTATION,substation,False,66.0,33.92406351,-118.31874712,Los Angeles County,Hawthorne,Operational,SCE Metro,306405.0
Cryco,SCE,sce,SUBSTATION,substation,False,66.0,34.05754855,-117.98916008,Los Angeles County,Industry,Operational,SCE Metro,308436.0
Domhill,SCE,sce,SUBSTATION,substation,False,66.0,33.86247132,-118.22301915,Los Angeles County,"Los Angeles--Long Beach--Anaheim, CA",Operational,SCE Metro,304662.0
Douglas - (SCE),SCE,sce,SUBSTATION,substation,False,66.0,33.92227856,-118.3826595,Los Angeles County,El Segundo,Operational,SCE Metro,306091.0
Dougoil,SCE,sce,SUBSTATION,substation,False,66.0,33.89897212,-118.14425619,Los Angeles County,Paramount,Operational,SCE Metro,306971.0
Federalgen,SCE,sce,SUBSTATION,substation,False,66.0,33.98199903,-118.16743394,Los Angeles County,Commerce,Operational,SCE Metro,303277.0
Polypro,SCE,sce,SUBSTATION,substation,False,66.0,33.82142772,-118.23328633,Los Angeles County,Carson,Operational,SCE Metro,307600.0
MWD Foothill,SCE,sce,SUBSTATION,substation,False,66.0,34.514559,-118.60828494,Los Angeles County,,Operational,SCE Northern,301304.0
Gatx,SCE,sce,SUBSTATION,substation,False,66.0,33.80737947,-118.23317722,Los Angeles County,Carson,Operational,SCE Metro,307128.0
Ductile,SCE,sce,SUBSTATION,substation,False,66.0,34.08149732,-118.0418125,Los Angeles County,El Monte,Operational,SCE Metro,304240.0
Helijet,SCE,sce,SUBSTATION,substation,False,66.0,34.61192389,-118.11385172,Los Angeles County,Palmdale,Operational,SCE Northern,301323.0
Hillgen - SCE North,SCE,sce,SUBSTATION ASSUMED,substation,False,66.0,34.02427419,-118.02500963,Los Angeles County,,Operational,SCE Metro,301318.0
Hughesair,SCE,sce,SUBSTATION,substation,False,66.0,33.9117138,-118.39178854,Los Angeles County,El Segundo,Operational,SCE Metro,307087.0
Hughtron,SCE,sce,SUBSTATION,substation,False,66.0,33.81046493,-118.34047851,Los Angeles County,Torrance,Operational,SCE Metro,303303.0
Injection,SCE,sce,SUBSTATION,substation,False,66.0,33.80133691,-118.1593915,Los Angeles County,Signal Hill,Operational,SCE Metro,310201.0
Lanpri,Other (SCE - Assumed),sce_assumed,SUBSTATION,substation,False,66.0,34.69067858,-118.22847994,Los Angeles County,Lancaster,Operational,SCE Northern,306598.0
Owill - (Other),Other (SCE - Assumed),sce_assumed,SUBSTATION,substation,False,66.0,33.99760265,-118.21787579,Los Angeles County,Vernon,Operational,SCE Metro,310295.0
Liquid,SCE,sce,SUBSTATION,substation,False,66.0,34.11184981,-117.93184466,Los Angeles County,Irwindale,Operational,SCE Metro,301331.0
Macneil,SCE,sce,SUBSTATION,substation,False,66.0,34.17218819,-118.34715077,Los Angeles County,Burbank,Operational,SCE Metro,309898.0
Oso,SCE,sce,SUBSTATION,substation,False,66.0,34.80843954,-118.71927933,Los Angeles County,,Operational,SCE Northern,300582.0
Package,SCE,sce,SUBSTATION,substation,False,66.0,34.03454196,-117.97674566,Los Angeles County,Industry,Operational,SCE Metro,307232.0
Pacline,SCE,sce,SUBSTATION,substation,False,66.0,33.84602377,-118.23386091,Los Angeles County,Carson,Operational,SCE Metro,307617.0
Palogen,SCE,sce,SUBSTATION,substation,False,66.0,33.79328527,-118.34922086,Los Angeles County,Rolling Hills Estates,Operational,SCE Metro,301215.0
Tidelands,SCE,sce,SUBSTATION,substation,False,66.0,33.76482628,-118.20781555,Los Angeles County,Long Beach,Operational,SCE Metro,304338.0
Powerine,SCE,sce,SUBSTATION,substation,False,66.0,33.93498621,-118.06773466,Los Angeles County,Santa Fe Springs,Operational,SCE Metro,309408.0
Procal,SCE,sce,SUBSTATION,substation,False,66.0,33.95856022,-118.06559775,Los Angeles County,Santa Fe Springs,Operational,SCE Metro,308255.0
Leonis,Other (SCE - Assumed),sce_assumed,SUBSTATION,substation,False,66.0,33.99797263,-118.20607807,Los Angeles County,Vernon,Operational,SCE Metro,301614.0
Refinery,SCE,sce,SUBSTATION,substation,False,66.0,33.83959125,-118.244275,Los Angeles County,Carson,Operational,SCE Metro,307456.0
Refuse,SCE,sce,SUBSTATION,substation,False,66.0,33.99456097,-118.15276725,Los Angeles County,Commerce,Operational,SCE Metro,306370.0
Revital,SCE,sce,SUBSTATION,substation,False,66.0,33.86302998,-118.16191974,Los Angeles County,Long Beach,Operational,SCE Metro,308629.0
Rockair,SCE,sce,SUBSTATION,substation,False,66.0,34.61032058,-118.07325666,Los Angeles County,Palmdale,Operational,SCE Northern,304914.0
Serfgen,SCE,sce,SUBSTATION,substation,False,66.0,33.75936212,-118.24114024,Los Angeles County,Long Beach,Operational,SCE Metro,303547.0
Shellwatt,SCE,sce,SUBSTATION,substation,False,66.0,33.80757102,-118.24398655,Los Angeles County,Carson,Operational,SCE Metro,300950.0
Simpson,SCE,sce,SUBSTATION,substation,False,66.0,34.0595047,-117.77385425,Los Angeles County,Pomona,Operational,SCE Metro,307634.0
Sopipe,SCE,sce,SUBSTATION,substation,False,66.0,34.02223349,-117.83706322,Los Angeles County,Industry,Operational,SCE Metro,306976.0
San Dimas Power,SCE,sce,SUBSTATION,substation,False,66.0,34.12748407,-117.79546015,Los Angeles County,San Dimas,Operational,SCE Metro,306001.0
Sponge,SCE,sce,SUBSTATION,substation,False,66.0,33.9808431,-118.11124284,Los Angeles County,Pico Rivera,Operational,SCE Metro,302869.0
Universal Studios A,SCE,sce,SUBSTATION,substation,False,66.0,34.14299628,-118.35912282,Los Angeles County,"Los Angeles--Long Beach--Anaheim, CA",Operational,SCE Metro,307239.0
Thermal - (SCE),SCE,sce,SUBSTATION,substation,False,66.0,33.91600542,-118.40958997,Los Angeles County,El Segundo,Operational,SCE Metro,305780.0
Tortoise,SCE,sce,SUBSTATION,substation,False,66.0,34.64068043,-118.06587488,Los Angeles County,Palmdale,Operational,SCE Northern,301996.0
Toyota,SCE,sce,SUBSTATION,substation,False,66.0,33.87279977,-118.16032168,Los Angeles County,Long Beach,Operational,SCE Metro,303710.0
Trisonic,SCE,sce,SUBSTATION,substation,False,66.0,33.92131052,-118.3855717,Los Angeles County,El Segundo,Operational,SCE Metro,302297.0
Venice,SCE,sce,SUBSTATION,substation,False,66.0,33.99033398,-118.42093029,Los Angeles County,Los Angeles,Operational,SCE Metro,308325.0
Vernon - 90058,Other (SCE - Assumed),sce_assumed,SUBSTATION,substation,False,66.0,33.99845095,-118.22016458,Los Angeles County,Vernon,Operational,SCE Metro,306450.0
Air Products - (SCE),SCE,sce,SUBSTATION,substation,False,66.0,33.81250703,-118.23205217,Los Angeles County,Carson,Operational,SCE Metro,307559.0
Westex,SCE,sce,SUBSTATION,substation,False,66.0,33.81138214,-118.1759198,Los Angeles County,Signal Hill,Operational,SCE Metro,306268.0
Westhill,SCE,sce,SUBSTATION,substation,False,66.0,33.90928932,-118.42034007,Los Angeles County,El Segundo,Operational,SCE Metro,305751.0
Nietos,SCE,sce,SUBSTATION,substation,False,66.0,33.93890137,-118.06098896,Los Angeles County,Santa Fe Springs,Operational,SCE Metro,301327.0
Unimed,SCE,sce,SUBSTATION,substation,False,66.0,34.05099661,-117.26265662,San Bernardino County,Loma Linda,Operational,SCE Eastern,300164.0
Ameron,SCE,sce,SUBSTATION,substation,False,66.0,34.09299189,-117.53334367,San Bernardino County,Rancho Cucamonga,Operational,SCE Metro,301690.0
Capsule,SCE,sce,SUBSTATION,substation,False,66.0,34.08958673,-117.26103443,San Bernardino County,San Bernardino,Operational,SCE Eastern,301356.0
Cimgen,SCE,sce,SUBSTATION,substation,False,66.0,33.98971477,-117.68861186,San Bernardino County,Chino,Operational,SCE Metro,300736.0
Colton Cement,SCE,sce,SUBSTATION,substation,False,66.0,34.05448045,-117.34126407,San Bernardino County,"Riverside--San Bernardino, CA",Operational,SCE Eastern,300405.0
Furnace,SCE,sce,SUBSTATION,substation,False,66.0,34.08377644,-117.49259647,San Bernardino County,"Riverside--San Bernardino, CA",Operational,SCE Eastern,304872.0
Galvanizing,SCE,sce,SUBSTATION,substation,False,66.0,34.0799501,-117.49343894,San Bernardino County,"Riverside--San Bernardino, CA",Operational,SCE Eastern,303450.0
Hygen,SCE,sce,SUBSTATION,substation,False,66.0,34.0629703,-117.52903731,San Bernardino County,Ontario,Operational,SCE Metro,306394.0
Inland,SCE,sce,SUBSTATION,substation,False,66.0,34.04389407,-117.54132722,San Bernardino County,Ontario,Operational,SCE Metro,310322.0
Linde - (SCE),SCE,sce,SUBSTATION,substation,False,66.0,34.06666312,-117.52155373,San Bernardino County,Fontana,Operational,SCE Eastern,304186.0
Orange Products,SCE,sce,SUBSTATION,substation,False,66.0,34.05625912,-117.64358462,San Bernardino County,Ontario,Operational,SCE Metro,305732.0
Pipe,SCE,sce,SUBSTATION,substation,False,66.0,34.09292823,-117.53131212,San Bernardino County,Rancho Cucamonga,Operational,SCE Metro,306990.0
Reduction,SCE,sce,SUBSTATION,substation,False,66.0,34.10092279,-117.53050002,San Bernardino County,Rancho Cucamonga,Operational,SCE Eastern,304368.0
Rolling,SCE,sce,SUBSTATION,substation,False,66.0,34.0828951,-117.50604195,San Bernardino County,"Riverside--San Bernardino, CA",Operational,SCE Eastern,308360.0
Strip,SCE,sce,SUBSTATION,substation,False,66.0,34.07700279,-117.5007358,San Bernardino County,"Riverside--San Bernardino, CA",Operational,SCE Eastern,302924.0
Desal,SCE,sce,SUBSTATION,substation,False,66.0,34.41838779,-119.68578116,Santa Barbara County,Santa Barbara,Operational,SCE Northern,306048.0
Grand Crossings,Other (SCE - Assumed),sce_assumed,SUBSTATION,substation,False,66.0,34.02241364,-117.83495909,Los Angeles County,Industry,Operational,SCE Metro,301803.0
Unknown - 3285,SCE Metro,sce,SUBSTATION,substation,False,66.0,33.93751815,-118.16888684,Los Angeles County,South Gate,Operational,SCE Metro,300042.0
Unknown - 3298,SCE Metro,sce,SUBSTATION,substation,False,66.0,34.12103511,-117.79416622,Los Angeles County,San Dimas,Operational,SCE Metro,300167.0
Unknown - 3299,SCE Metro,sce,SUBSTATION,substation,False,66.0,33.94152715,-118.13863962,Los Angeles County,Downey,Operational,SCE Metro,300170.0
Unknown - 3309,SCE Metro,sce,SUBSTATION,substation,False,66.0,33.98660054,-118.16208093,Los Angeles County,Commerce,Operational,SCE Metro,300260.0
Unknown - 3341,SCE Metro,sce,SUBSTATION,substation,False,66.0,33.9322917,-117.84097545,Orange County,,Operational,SCE Metro,300780.0
Unknown - 3350,SCE Metro,sce,SUBSTATION,substation,False,66.0,33.68671417,-118.00663041,Orange County,Huntington Beach,Operational,SCE Metro,301005.0
Unknown - 3364,SCE Northern,sce,SUBSTATION,substation,False,66.0,35.05370275,-118.27042052,Kern County,,Operational,SCE Northern,301446.0
Unknown - 3369,SCE Metro,sce,SUBSTATION,substation,False,66.0,34.08892411,-117.64978032,San Bernardino County,Upland,Operational,SCE Metro,301547.0
Unknown - 3388,SCE Metro,sce,SUBSTATION,substation,False,66.0,33.90359416,-118.15154701,Los Angeles County,Paramount,Operational,SCE Metro,301854.0
Unknown - 3409,SCE Northern,sce,SUBSTATION,substation,False,66.0,35.01715716,-118.18482254,Kern County,Mojave,Operational,SCE Northern,302355.0
Hub,Other (SCE - Assumed),sce_assumed,SUBSTATION,substation,False,66.0,34.06366259,-117.32233909,San Bernardino County,Colton,Operational,SCE Eastern,301473.0
Century,Other (SCE - Assumed),sce_assumed,SUBSTATION,substation,False,66.0,34.06007181,-117.30666652,San Bernardino County,Colton,Operational,SCE Eastern,304444.0
Freeman,Other (SCE - Assumed),sce_assumed,SUBSTATION,substation,False,66.0,33.91563796,-117.43542735,Riverside County,Riverside,Operational,SCE Eastern,307327.0
Mt. View - (Other),Other (SCE - Assumed),sce_assumed,SUBSTATION,substation,False,66.0,33.96078108,-117.4277457,Riverside County,Riverside,Operational,SCE Eastern,310076.0
Kern River 3,SCE,sce,SUBSTATION,substation,False,66.0,35.77619776,-118.43623443,Kern County,Kernville,Operational,PGE Kern,300068.0
Morwind,SCE,sce,SUBSTATION,substation,False,66.0,35.0587408,-118.26990485,Kern County,,Operational,SCE Northern,301958.0
Mojave 17,SCE,sce,SUBSTATION,substation,False,66.0,35.04603705,-118.28087109,Kern County,,Operational,SCE Northern,304385.0
Grayson,Other (SCE - Assumed),sce_assumed,SUBSTATION,substation,False,66.0,34.15590795,-118.27758617,Los Angeles County,Glendale,Operational,SCE Metro,307512.0
Station 54 ,SCE,sce,SUBSTATION,substation,False,66.0,34.10139432,-118.28773333,Los Angeles County,Los Angeles,Operational,SCE Metro,300589.0
Spadra,SCE,sce,SUBSTATION,substation,False,66.0,34.04077144,-117.82182364,Los Angeles County,Pomona,Operational,SCE Metro,310224.0
Puente Hills,SCE,sce,SUBSTATION ASSUMED,substation,False,66.0,34.02406714,-118.02418501,Los Angeles County,,Operational,SCE Metro,309664.0
Coidgen,SCE,sce,SUBSTATION ASSUMED,substation,False,66.0,34.01866929,-118.20245018,Los Angeles County,Los Angeles,Operational,SCE Metro,
Outfall,SCE,sce,SUBSTATION,substation,False,66.0,33.80371549,-118.28213392,Los Angeles County,Carson,Operational,SCE Metro,301094.0
Shell Los Angeles,SCE,sce,SUBSTATION,substation,False,66.0,33.79405466,-118.23533842,Los Angeles County,Los Angeles,Operational,SCE Metro,306063.0
Hanjin,SCE,sce,SUBSTATION,substation,False,66.0,33.77513739,-118.22785693,Los Angeles County,Long Beach,Operational,SCE Metro,303500.0
Unknown - 3619,SCE Eastern,sce,SUBSTATION,substation,False,66.0,34.0118681,-117.44080644,Riverside County,Jurupa Valley,Operational,SCE Eastern,303444.0
Unknown - 3640,SCE Metro,sce,SUBSTATION,substation,False,66.0,33.85870147,-118.30940138,Los Angeles County,Torrance,Operational,SCE Metro,303971.0
OLS Energy Chino,SCE,sce,SUBSTATION,substation,False,66.0,33.98991744,-117.68063824,San Bernardino County,Chino,Operational,SCE Metro,309252.0
Springs Generation,Other (SCE - Assumed),sce_assumed,SUBSTATION,substation,False,66.0,33.9307618,-117.29358032,Riverside County,Riverside,Operational,SCE Eastern,300905.0
Unknown - 3665,SCE Metro,sce,SUBSTATION,substation,False,66.0,33.90006411,-118.15152167,Los Angeles County,Paramount,Operational,SCE Metro,304463.0
MWD Lake Mathews,SCE,sce,SUBSTATION,substation,False,66.0,33.85479125,-117.45388571,Riverside County,,Operational,SCE Eastern,301999.0
Unknown - 3671,SCE Metro,sce,SUBSTATION,substation,False,66.0,33.91723014,-117.98541065,Los Angeles County,La Mirada,Operational,SCE Metro,304650.0
Unknown - 3678,SCE Metro,sce,SUBSTATION,substation,False,66.0,33.81389615,-117.8222719,Orange County,Villa Park,Operational,SCE Metro,304762.0
Tule,SCE,sce,SUBSTATION,substation,False,66.0,36.13581841,-118.78901891,Tulare County,,Operational,SCE Northern,304617.0
Oxgen,SCE,sce,SUBSTATION,substation,False,66.0,34.19592534,-119.16687774,Ventura County,Oxnard,Operational,SCE Northern,310028.0
Oxnard Wastewater ,SCE,sce,SUBSTATION,substation,False,66.0,34.1411322,-119.18448155,Ventura County,Oxnard,Operational,SCE Northern,301896.0
Unknown - 2576,SCE,sce,SUBSTATION,substation,False,66.0,35.09825699,-118.33783958,Kern County,,Operational,SCE Northern,309198.0
Midwind,SCE,sce,SUBSTATION,substation,False,66.0,35.0538982,-118.34665771,Kern County,,Operational,SCE Northern,303041.0
Flowind,SCE,sce,SUBSTATION,substation,False,66.0,35.07305185,-118.32037107,Kern County,,Operational,SCE Northern,310270.0
Varwind,SCE,sce,SUBSTATION,substation,False,66.0,35.07808357,-118.31108778,Kern County,,Operational,SCE Northern,309785.0
Enwind,SCE,sce,SUBSTATION,substation,False,66.0,35.07879631,-118.30935043,Kern County,,Operational,SCE Northern,302272.0
Canwind,SCE,sce,SUBSTATION,substation,False,66.0,35.07922466,-118.30489219,Kern County,,Operational,SCE Northern,310358.0
Unknown - 2585,SCE,sce,SUBSTATION,substation,False,66.0,34.19192143,-118.32317673,Los Angeles County,Burbank,Operational,SCE Metro,307269.0
Valley - (Other),Other (SCE - Assumed),sce_assumed,SUBSTATION,substation,False,66.0,34.18601214,-118.34733378,Los Angeles County,Burbank,Operational,SCE Metro,306803.0
Unknown - 2587,Other (SCE - Assumed),sce_assumed,SUBSTATION,substation,False,66.0,34.16598769,-118.29608949,Los Angeles County,Glendale,Operational,SCE Metro,310379.0
Unknown - 2588,SCE,sce,SUBSTATION,substation,False,66.0,34.15402027,-118.33944751,Los Angeles County,Burbank,Operational,SCE Metro,306800.0
Unknown - 2590,SCE,sce,SUBSTATION,substation,False,66.0,33.78783657,-118.30022733,Los Angeles County,Los Angeles,Operational,SCE Metro,300704.0
MWD Temescal,Other (SCE - Assumed),sce_assumed,SUBSTATION,substation,False,66.0,33.83389635,-117.49719705,Riverside County,,Operational,SCE Eastern,305855.0
Mooney,SCE,sce,SUBSTATION,substation,False,66.0,36.31853001,-119.31171088,Tulare County,Visalia,Operational,SCE Northern,303081.0
Ultragen,SCE,sce,SUBSTATION,substation,False,66.0,35.74209937,-119.05180651,Kern County,,Operational,SCE Northern,307766.0
Dutchwind,SCE,sce,SUBSTATION,substation,False,66.0,35.06199818,-118.32057049,Kern County,,Operational,SCE Northern,307069.0
Ventura,SCE,sce,SUBSTATION,substation,False,66.0,34.27975571,-119.3010261,Ventura County,San Buenaventura (Ventura),Operational,SCE Northern,303825.0
Missile,SCE,sce,SUBSTATION,substation,False,66.0,34.12874421,-119.09567112,Ventura County,"Oxnard--San Buenaventura (Ventura), CA",Operational,SCE Northern,305839.0
Grapeland,SCE,sce,SUBSTATION,substation,False,66.0,34.09049688,-117.53330395,San Bernardino County,Rancho Cucamonga,Operational,SCE Metro,302348.0
Metalcan,SCE,sce,SUBSTATION,substation,False,66.0,34.03301352,-117.52143981,Riverside County,Jurupa Valley,Operational,SCE Metro,304031.0
Plastic,SCE,sce,SUBSTATION,substation,False,66.0,33.99375776,-117.70867324,San Bernardino County,Chino,Operational,SCE Metro,301017.0
Fibre,SCE,sce,SUBSTATION,substation,False,66.0,34.023045,-117.37662287,Riverside County,Jurupa Valley,Operational,SCE Eastern,308330.0
Valencia,SCE,sce,SUBSTATION,substation,False,66.0,34.16459407,-117.28640087,San Bernardino County,San Bernardino,Operational,SCE Eastern,302123.0
Arbors,Other (SCE - Assumed),sce_assumed,SUBSTATION,substation,False,66.0,34.10243929,-117.54521398,San Bernardino County,Rancho Cucamonga,Operational,SCE Metro,303189.0
Riteaid,SCE,sce,SUBSTATION,substation,False,66.0,34.72092867,-118.17881869,Los Angeles County,Lancaster,Operational,SCE Northern,304528.0
Shelline,SCE,sce,SUBSTATION,substation,False,66.0,34.14938496,-118.66446453,Los Angeles County,Calabasas,Operational,SCE Northern,301093.0
Unknown - 3874,SCE Metro,sce,SUBSTATION,substation,False,66.0,34.0850025,-117.61108993,San Bernardino County,Ontario,Operational,SCE Metro,305825.0
Unknown - 3880,SCE Metro,sce,SUBSTATION,substation,False,66.0,34.00447764,-118.40987768,Los Angeles County,Culver City,Operational,SCE Metro,305938.0
Finance,SCE,sce,SUBSTATION,substation,False,66.0,34.09948858,-117.9799334,Los Angeles County,Irwindale,Operational,SCE Metro,305929.0
Badillo,SCE,sce,SUBSTATION,substation,False,66.0,34.08221703,-117.92609504,Los Angeles County,West Covina,Operational,SCE Metro,306586.0
Bartolo,SCE,sce,SUBSTATION,substation,False,66.0,34.00189873,-118.07821312,Los Angeles County,Pico Rivera,Operational,SCE Metro,304601.0
Harding - (SCE),SCE,sce,SUBSTATION,substation,False,66.0,34.020589,-118.10531135,Los Angeles County,Montebello,Operational,SCE Metro,307116.0
Montebello,SCE,sce,SUBSTATION,substation,False,66.0,34.00608939,-118.12165213,Los Angeles County,Montebello,Operational,SCE Metro,307254.0
Friendly Hills,SCE,sce,SUBSTATION,substation,False,66.0,33.94801432,-118.00666153,Los Angeles County,Whittier,Operational,SCE Metro,307042.0
Unknown - 3895,SCE Northern,sce,SUBSTATION,substation,False,66.0,34.69791105,-118.30286689,Los Angeles County,Lancaster,Operational,SCE Northern,306316.0
Siggen,SCE,sce,SUBSTATION,substation,False,66.0,33.924514,-118.06768565,Los Angeles County,Norwalk,Operational,SCE Metro,303364.0
Westgate,SCE,sce,SUBSTATION,substation,False,66.0,33.99004883,-118.06488429,Los Angeles County,West Whittier-Los Nietos,Operational,SCE Metro,305683.0
Unknown - 3901,SCE Metro,sce,SUBSTATION,substation,False,66.0,34.01894896,-117.58022491,San Bernardino County,Ontario,Operational,SCE Metro,306421.0
Maywood,SCE,sce,SUBSTATION ASSUMED,substation,False,66.0,33.9810557,-118.18614681,Los Angeles County,Bell,Operational,SCE Metro,
Plaster,SCE,sce,SUBSTATION,substation,False,66.0,33.95677118,-118.18996128,Los Angeles County,South Gate,Operational,SCE Metro,309610.0
Schultz,SCE,sce,SUBSTATION,substation,False,66.0,33.95347277,-118.177433,Los Angeles County,South Gate,Operational,SCE Metro,305053.0
Unknown - 3910,SCE Metro,sce,SUBSTATION,substation,False,66.0,33.90997915,-118.11090029,Los Angeles County,Downey,Operational,SCE Metro,306584.0
Unknown - 3917,SCE Northern,sce,SUBSTATION,substation,False,66.0,35.0790163,-118.30501421,Kern County,,Operational,SCE Northern,306729.0
Hopeful,SCE,sce,SUBSTATION,substation,False,66.0,34.12586572,-117.9730987,Los Angeles County,Irwindale,Operational,SCE Metro,305993.0
Unknown - 2752,SCE,sce,SUBSTATION,substation,False,66.0,34.18851068,-118.3348831,Los Angeles County,Burbank,Operational,SCE Metro,305680.0
Unknown - 2753,Other (SCE - Assumed),sce_assumed,SUBSTATION,substation,False,66.0,34.15809212,-118.26709176,Los Angeles County,Glendale,Operational,SCE Metro,308563.0
Unknown - 2755,Other (SCE - Assumed),sce_assumed,SUBSTATION,substation,False,66.0,34.14649256,-118.26083544,Los Angeles County,Glendale,Operational,SCE Metro,303246.0
Unknown - 2756,SCE,sce,SUBSTATION,substation,False,66.0,34.11311763,-118.26772082,Los Angeles County,Los Angeles,Operational,SCE Metro,301332.0
Unknown - 2757,SCE,sce,SUBSTATION,substation,False,66.0,34.12069532,-118.22622304,Los Angeles County,Los Angeles,Operational,SCE Metro,303858.0
Unknown - 2758,SCE,sce,SUBSTATION,substation,False,66.0,34.08672781,-118.21440785,Los Angeles County,Los Angeles,Operational,SCE Metro,303776.0
Unknown - 2759,SCE,sce,SUBSTATION,substation,False,66.0,34.11393419,-118.18937073,Los Angeles County,Los Angeles,Operational,SCE Metro,305781.0
Unknown - 3930,SCE Northern,sce,SUBSTATION,substation,False,66.0,34.90128199,-118.25191682,Kern County,,Operational,SCE Northern,306978.0
Carbonic,SCE,sce,SUBSTATION,substation,False,66.0,33.82400825,-118.23930554,Los Angeles County,Carson,Operational,SCE Metro,305551.0
Unknown - 3931,SCE Metro,sce,SUBSTATION,substation,False,66.0,33.80775049,-118.2845983,Los Angeles County,Carson,Operational,SCE Metro,306985.0
Davidson City,SCE,sce,SUBSTATION,substation,False,66.0,33.8315149,-118.21408315,Los Angeles County,Long Beach,Operational,SCE Metro,310437.0
Papermate,SCE,sce,SUBSTATION,substation,False,66.0,34.02976007,-118.46597223,Los Angeles County,Santa Monica,Operational,SCE Metro,300811.0
MWD Venice,SCE,sce,SUBSTATION,substation,False,66.0,34.01143801,-118.41639949,Los Angeles County,Culver City,Operational,SCE Metro,306473.0
Northrop,SCE,sce,SUBSTATION,substation,False,66.0,33.9205576,-118.33550102,Los Angeles County,Hawthorne,Operational,SCE Metro,308231.0
Unknown - 3940,SCE Metro,sce,SUBSTATION,substation,False,66.0,33.69404916,-117.8543668,Orange County,Irvine,Operational,SCE Metro,307176.0
Wesbasin,SCE,sce,SUBSTATION,substation,False,66.0,33.90951392,-118.39084938,Los Angeles County,El Segundo,Operational,SCE Metro,309950.0
Chevcentral,SCE,sce,SUBSTATION,substation,False,66.0,33.90936853,-118.41150999,Los Angeles County,El Segundo,Operational,SCE Metro,302923.0
El Porto,SCE,sce,SUBSTATION,substation,False,66.0,33.89529593,-118.40988196,Los Angeles County,Manhattan Beach,Operational,SCE Metro,309813.0
Vapor,SCE,sce,SUBSTATION,substation,False,66.0,33.84816172,-118.33004075,Los Angeles County,Torrance,Operational,SCE Metro,304152.0
Unknown - 3951,SCE Northern,sce,SUBSTATION,substation,False,66.0,35.05529469,-118.32065691,Kern County,,Operational,SCE Northern,307375.0
Unknown - 3973,SCE Metro,sce,SUBSTATION,substation,False,66.0,34.07723912,-117.81267114,Los Angeles County,San Dimas,Operational,SCE Metro,307794.0
Unknown - 3974,SCE Metro,sce,SUBSTATION,substation,False,66.0,34.05037915,-118.43201078,Los Angeles County,Los Angeles,Operational,SCE Metro,307800.0
Onshore - (SCE),SCE,sce,SUBSTATION,substation,False,66.0,34.43158638,-119.91144335,Santa Barbara County,Goleta,Operational,SCE Northern,306560.0
Colegio,Other (SCE - Assumed),sce_assumed,SUBSTATION,substation,False,66.0,34.4195057,-119.85137785,Santa Barbara County,University of California-Santa Barbara,Operational,SCE Northern,301254.0
Shellsom,SCE,sce,SUBSTATION,substation,False,66.0,34.26342664,-119.01184393,Ventura County,Somis,Operational,SCE Northern,302343.0
Colossus,SCE,sce,SUBSTATION,substation,False,66.0,34.43109083,-118.59877689,Los Angeles County,,Operational,SCE Northern,300424.0
Pharmacy,SCE,sce,SUBSTATION,substation,False,66.0,34.19286106,-118.91943904,Ventura County,Thousand Oaks,Operational,SCE Northern,305064.0
Moog,SCE,sce,SUBSTATION,substation,False,66.0,33.84750689,-118.31110938,Los Angeles County,Torrance,Operational,SCE Metro,307227.0
Larder,SCE,sce,SUBSTATION,substation,False,66.0,33.79628934,-118.21574828,Los Angeles County,Long Beach,Operational,SCE Metro,304089.0
Thumsgen,SCE,sce,SUBSTATION,substation,False,66.0,33.76771754,-118.21349376,Los Angeles County,Long Beach,Operational,SCE Metro,303473.0
Santee - (SCE),SCE,sce,SUBSTATION,substation,False,66.0,33.99707349,-117.91428943,Los Angeles County,Industry,Operational,SCE Metro,306743.0
Kirkwall,Other (SCE - Assumed),sce_assumed,SUBSTATION,substation,False,66.0,34.11394607,-117.92343005,Los Angeles County,Azusa,Operational,SCE Metro,302078.0
Military,SCE,sce,SUBSTATION,substation,False,66.0,35.26250204,-116.7022676,San Bernardino County,Fort Irwin,Operational,SCE NOL,304397.0
Arco - (SCE),SCE,sce,SUBSTATION,substation,False,66.0,33.777355,-118.21532786,Los Angeles County,Long Beach,Operational,SCE Metro,310344.0
Exgen,SCE,sce,SUBSTATION ASSUMED,substation,False,66.0,34.47747351,-120.04188028,Santa Barbara County,,Operational,SCE Northern,
University - (SCE),SCE,sce,SUBSTATION,substation,False,66.0,33.64036901,-117.84992229,Orange County,Irvine,Operational,SCE Metro,302943.0
Dairymans,SCE,sce,SUBSTATION,substation,False,66.0,36.20499701,-119.34106896,Tulare County,Tulare,Operational,SCE Northern,305903.0
Kaweah 1,SCE,sce,SUBSTATION,substation,False,66.0,36.4650904,-118.86196871,Tulare County,Three Rivers,Operational,SCE Northern,300130.0
Kaweah 3,SCE,sce,SUBSTATION,substation,False,66.0,36.48606436,-118.83562861,Tulare County,,Operational,SCE Northern,307153.0
Sycamore Grimmway Farm,SCE,sce,SUBSTATION,substation,False,66.0,35.19486614,-118.81554129,Kern County,Arvin,Operational,PGE Kern,309868.0
University - 92521,Other (SCE - Assumed),sce_assumed,SUBSTATION,substation,False,66.0,33.9718939,-117.33233628,Riverside County,Riverside,Operational,SCE Eastern,306735.0
La Colina,Other (SCE - Assumed),sce_assumed,SUBSTATION,substation,False,66.0,33.95524453,-117.32347831,Riverside County,Riverside,Operational,SCE Eastern,310520.0
Plaza,Other (SCE - Assumed),sce_assumed,SUBSTATION,substation,False,66.0,33.95751407,-117.39198725,Riverside County,Riverside,Operational,SCE Eastern,304195.0
Magnolia - 92506,Other (SCE - Assumed),sce_assumed,SUBSTATION,substation,False,66.0,33.95328209,-117.38316804,Riverside County,Riverside,Operational,SCE Eastern,301960.0
Casa Blanca,Other (SCE - Assumed),sce_assumed,SUBSTATION,substation,False,66.0,33.93173581,-117.40500261,Riverside County,Riverside,Operational,SCE Eastern,306923.0
Orangecrest,Other (SCE - Assumed),sce_assumed,SUBSTATION,substation,False,66.0,33.90163892,-117.32510194,Riverside County,Riverside,Operational,SCE Eastern,309253.0
Harvey Lynn,Other (SCE - Assumed),sce_assumed,SUBSTATION,substation,False,66.0,33.91468502,-117.48661422,Riverside County,Riverside,Operational,SCE Eastern,301142.0
Kaiser - 92505,Other (SCE - Assumed),sce_assumed,SUBSTATION,substation,False,66.0,33.90454856,-117.4666071,Riverside County,Riverside,Operational,SCE Eastern,308733.0
Bj,Other (SCE - Assumed),sce_assumed,SUBSTATION,substation,False,66.0,34.00301002,-118.23431497,Los Angeles County,Vernon,Operational,SCE Metro,306926.0
Kinetic - (Other),Other (SCE - Assumed),sce_assumed,SUBSTATION,substation,False,66.0,34.00325777,-118.23256622,Los Angeles County,Vernon,Operational,SCE Metro,304815.0
Matherson Trigas,SCE,sce,SUBSTATION,substation,False,66.0,33.98931039,-118.1771372,Los Angeles County,Vernon,Operational,SCE Metro,309557.0
Unknown - 4130,SCE Northern,sce,SUBSTATION,substation,False,66.0,34.4644882,-120.04433348,Santa Barbara County,,Operational,SCE Northern,308464.0
Unknown - 4134,SCE Metro,sce,SUBSTATION,substation,False,66.0,33.84748417,-118.30946082,Los Angeles County,Torrance,Operational,SCE Metro,308489.0
Unknown - 4136,SCE Metro,sce,SUBSTATION,substation,False,66.0,33.90174711,-118.17323321,Los Angeles County,Paramount,Operational,SCE Metro,308526.0
Unknown - 4138,SCE Metro,sce,SUBSTATION,substation,False,66.0,34.01383116,-118.46481378,Los Angeles County,Santa Monica,Operational,SCE Metro,308535.0
Unknown - 4139,SCE Metro,sce,SUBSTATION,substation,False,66.0,33.87674115,-117.95928545,Orange County,Fullerton,Operational,SCE Metro,308566.0
Unknown - 4164,SCE Metro,sce,SUBSTATION,substation,False,66.0,33.62947654,-117.72731584,Orange County,Irvine,Operational,SCE Metro,308895.0
Unknown - 4165,SCE Metro,sce,SUBSTATION,substation,False,66.0,33.9025242,-118.04632103,Los Angeles County,Santa Fe Springs,Operational,SCE Metro,308898.0
Unknown - 4190,SCE Metro,sce,SUBSTATION,substation,False,66.0,33.93541615,-118.08159385,Los Angeles County,Santa Fe Springs,Operational,SCE Metro,309332.0
Unknown - 4192,SCE Metro,sce,SUBSTATION,substation,False,66.0,34.02784813,-117.99343659,Los Angeles County,Industry,Operational,SCE Metro,309382.0
Unknown - 4199,SCE Metro,sce,SUBSTATION,substation,False,66.0,34.04117011,-117.64584049,San Bernardino County,Ontario,Operational,SCE Metro,309488.0
Unknown - 4209,SCE Metro,sce,SUBSTATION,substation,False,66.0,33.8497519,-117.84191221,Orange County,Anaheim,Operational,SCE Metro,309710.0
Unknown - 4213,SCE Metro,sce,SUBSTATION,substation,False,66.0,33.86893222,-118.37475055,Los Angeles County,Redondo Beach,Operational,SCE Metro,309783.0
Unknown - 4225,SCE Metro,sce,SUBSTATION,substation,False,66.0,33.88873444,-117.83809138,Orange County,Placentia,Operational,SCE Metro,310013.0
Unknown - 4227,SCE Metro,sce,SUBSTATION,substation,False,66.0,33.99762012,-117.71541791,San Bernardino County,Chino,Operational,SCE Metro,310084.0
Unknown - 4228,SCE Metro,sce,SUBSTATION,substation,False,66.0,34.10736376,-117.96133927,Los Angeles County,Irwindale,Operational,SCE Metro,310103.0
Unknown - 4244,SCE Northern,sce,SUBSTATION,substation,False,66.0,34.24167713,-118.39031113,Los Angeles County,Los Angeles,Operational,SCE Northern,310458.0
Kem,SCE,sce,SUBSTATION,substation,False,66.0,33.86115606,-115.48868536,Riverside County,,Operational,SCE Eastern,306318.0
Mcgrath,SCE,sce,SUBSTATION,substation,False,66.0,34.20516927,-119.24715899,Ventura County,,,SCE Northern,
Booth Road (Bia),SCE,sce,SUBSTATION,substation,False,66.0,34.0856757,-114.42969363,La Paz County,,,Arizona,
Sparkle,SCE,sce,SUBSTATION,substation,False,66.0,34.61629001,-117.94223685,Los Angeles County,,,SCE Northern,
Tejon (Pgae),SCE,sce,SUBSTATION,substation,False,66.0,34.48654105,-118.51382849,Los Angeles County,,,SCE Northern,
Taft - SCE,SCE,sce,SUBSTATION,substation,False,66.0,34.81953378,-119.46114251,Santa Barbara County,,,PGE Kern,
Process,SCE,sce,SUBSTATION,substation,False,66.0,33.74500931,-118.1904815,Los Angeles County,,,SCE Metro,
Purify,SCE,sce,SUBSTATION,substation,False,66.0,34.78131314,-118.16573143,Los Angeles County,,,SCE Northern,
Rcho Msn Viejo (Sdge),SCE,sce,SUBSTATION,substation,False,66.0,33.53436364,-117.5493241,Orange County,,,SDGE Imperial,
Cleargen,SCE,sce,SUBSTATION,substation,False,66.0,33.89071651,-117.59009454,Riverside County,,,SCE Metro,
Bishop Creek 2,SCE,sce,SUBSTATION,substation,False,55.0,37.27386587,-118.57361798,Inyo County,,Operational,SCE NOL,303661.0
Fish Lake Valley,SCE,sce,SUBSTATION,substation,False,55.0,37.48955457,-117.86719984,Mono County,,,SCE NOL,
Mountain Center,Other (SCE - Assumed),sce_assumed,SUBSTATION,substation,False,34.0,33.70479078,-116.73121897,Riverside County,,Operational,SCE Eastern,305512.0
Lake Hemet,Other (SCE - Assumed),sce_assumed,SUBSTATION,substation,False,34.0,33.66867554,-116.67507892,Riverside County,,Operational,SCE Eastern,307748.0
Lake Riverside,Other (SCE - Assumed),sce_assumed,SUBSTATION,substation,False,34.0,33.51518367,-116.78844359,Riverside County,Lake Riverside,Operational,SCE Eastern,310308.0
Tony Lappos,Other (SCE - Assumed),sce_assumed,SUBSTATION,substation,False,34.0,33.5581564,-116.63969616,Riverside County,Anza,Operational,SCE Eastern,306715.0
Palomino,Other (SCE - Assumed),sce_assumed,SUBSTATION,substation,False,34.0,34.26864675,-116.81485562,San Bernardino County,Big Bear City,Operational,SCE NOL,300124.0
Maple - Other,Other (SCE - Assumed),sce_assumed,SUBSTATION,substation,False,34.0,34.25062463,-116.82703659,San Bernardino County,Big Bear City,Operational,SCE NOL,306270.0
Maltby,Other (SCE - Assumed),sce_assumed,SUBSTATION,substation,False,34.0,34.26633575,-116.83102722,San Bernardino County,Big Bear City,Operational,SCE NOL,308265.0
Bear City,Other (SCE - Assumed),sce_assumed,SUBSTATION,substation,False,34.0,34.26537896,-116.84958853,San Bernardino County,Big Bear City,Operational,SCE NOL,304688.0
Bear Mt.,Other (SCE - Assumed),sce_assumed,SUBSTATION,substation,False,34.0,34.22430409,-116.85787703,San Bernardino County,,Operational,SCE NOL,310277.0
Moonridge,Other (SCE - Assumed),sce_assumed,SUBSTATION,substation,False,34.0,34.22675222,-116.86378497,San Bernardino County,Big Bear Lake,Operational,SCE NOL,308342.0
Division - (Other),Other (SCE - Assumed),sce_assumed,SUBSTATION,substation,False,34.0,34.2618429,-116.86660611,San Bernardino County,Big Bear Lake,Operational,SCE NOL,309325.0
Fawnskin,Other (SCE - Assumed),sce_assumed,SUBSTATION,substation,False,34.0,34.26140595,-116.88218676,San Bernardino County,"Big Bear, CA",Operational,SCE NOL,309149.0
Meadow,Other (SCE - Assumed),sce_assumed,SUBSTATION,substation,False,34.0,34.24704057,-116.88538487,San Bernardino County,Big Bear Lake,Operational,SCE NOL,303173.0
Summit - (Other),Other (SCE - Assumed),sce_assumed,SUBSTATION,substation,False,34.0,34.2361964,-116.88965795,San Bernardino County,Big Bear Lake,Operational,SCE NOL,302052.0
Pine Knot,Other (SCE - Assumed),sce_assumed,SUBSTATION,substation,False,34.0,34.24537425,-116.90034214,San Bernardino County,Big Bear Lake,Operational,SCE NOL,306749.0
Village,Other (SCE - Assumed),sce_assumed,SUBSTATION,substation,False,34.0,34.24017499,-116.9104295,San Bernardino County,Big Bear Lake,Operational,SCE NOL,300691.0
Unknown - 4159,SCE NOL,sce,SUBSTATION,substation,False,34.0,34.26117825,-116.83124774,San Bernardino County,Big Bear City,Operational,SCE NOL,308799.0
Portal,SCE,sce,SUBSTATION,substation,False,33.0,37.25698603,-119.15910502,Fresno County,,Operational,PGE Fresno,308838.0
Foil,SCE,sce,SUBSTATION,substation,False,33.0,33.92671807,-116.9287366,Riverside County,Banning,Operational,SCE Eastern,305958.0
Rivertex,SCE,sce,SUBSTATION,substation,False,33.0,34.60604522,-117.33507767,San Bernardino County,,Operational,SCE NOL,309165.0
Santa Ana 1,SCE,sce,SUBSTATION,substation,False,33.0,34.14563311,-117.05909351,San Bernardino County,,Operational,SCE Eastern,302313.0
Santa Ana 3,SCE,sce,SUBSTATION,substation,False,33.0,34.10723319,-117.09908918,San Bernardino County,,Operational,SCE Eastern,305574.0
Unknown - 2686,SCE,sce,SUBSTATION,substation,False,33.0,33.92127636,-116.87599602,Riverside County,Banning,Operational,SCE Eastern,304899.0
Palm Springs,SCE,sce,SUBSTATION,substation,False,33.0,33.82513556,-116.54608192,Riverside County,Palm Springs,Operational,SCE Eastern,300346.0
Wilde,SCE,sce,SUBSTATION,substation,False,33.0,34.78592991,-117.24796852,San Bernardino County,,Operational,SCE NOL,302310.0
Idyllwild,SCE,sce,SUBSTATION,substation,False,33.0,33.74644064,-116.71546613,Riverside County,Idyllwild-Pine Cove,Operational,SCE Eastern,300813.0
Kokanee,SCE,sce,SUBSTATION,substation,False,33.0,37.22136239,-119.23416949,Fresno County,,,PGE Fresno,
Skinwater,SCE,sce,SUBSTATION,substation,False,33.0,33.5842843,-117.07833641,Riverside County,,,SCE Eastern,
N.W.C.,SCE,sce,SUBSTATION,substation,False,33.0,35.65097282,-117.66820663,Kern County,,,SCE NOL,
Canadian,SCE,sce,SUBSTATION,substation,False,33.0,34.2630035,-117.16184381,San Bernardino County,,,SCE Eastern,
Valley Elect. Assoc.,SCE,sce,SUBSTATION,substation,False,25.0,36.4083667,-116.42166182,Nye County,,,SCE EOP,
Fontana P.H.,SCE,sce,SUBSTATION,substation,False,12.0,34.15559151,-117.39707961,San Bernardino County,,,SCE Eastern,
Ontario Ph.2,SCE,sce,SUBSTATION,substation,False,12.0,34.17328208,-117.67649664,Los Angeles County,,,SCE Metro,
Woodlake,SCE,sce,SUBSTATION,substation,False,12.0,36.41546018,-119.09970145,Tulare County,,,SCE Northern,
Lytle Creek P.H.,SCE,sce,SUBSTATION,substation,False,12.0,34.20389965,-117.44692367,San Bernardino County,,,SCE Eastern,
Ontario Ph.1,SCE,sce,SUBSTATION,substation,False,12.0,34.17329963,-117.67649084,Los Angeles County,,,SCE Metro,
Kawgen,SCE,sce,SUBSTATION,substation,False,,36.41544946,-119.00770586,Tulare County,,Operational,SCE Northern,308883.0
Burro Flats,SCE,sce,SUBSTATION ASSUMED,substation,False,,34.22980865,-118.71001064,Ventura County,,Operational,SCE Northern,
Getty,SCE,sce,SUBSTATION,substation,False,,34.32054416,-119.26311664,Ventura County,,Operational,SCE Northern,302927.0
Rocketdyne,SCE,sce,SUBSTATION,substation,False,,34.22832553,-118.70441603,Ventura County,,Operational,SCE Northern,301702.0
Three M,Other (SCE - Assumed),sce_assumed,SUBSTATION,substation,False,,34.20973022,-119.03482464,Ventura County,Camarillo,Operational,SCE Northern,307127.0
Thrust,SCE,sce,SUBSTATION ASSUMED,substation,False,,34.22797294,-118.70593183,Ventura County,,Operational,SCE Northern,
Haiwee - SCE South,SCE,sce,SUBSTATION,substation,False,,36.10988657,-117.95644323,Inyo County,,Operational,SCE NOL,300467.0
Lone Pine,SCE,sce,SUBSTATION,substation,False,,36.60070565,-118.07248848,Inyo County,Lone Pine,Operational,SCE NOL,300486.0
Morgan,SCE,sce,SUBSTATION,substation,False,,37.35975529,-118.70188193,Inyo County,,Operational,SCE NOL,304421.0
Roberts,SCE,sce,SUBSTATION,substation,False,,37.40069501,-118.35052392,Inyo County,,Operational,SCE NOL,306686.0
Lebec - (SCE),SCE,sce,SUBSTATION,substation,False,,34.95490926,-118.84423786,Kern County,,Operational,SCE Northern,306358.0
Yorba Linda - (Other),Other (SCE - Assumed),sce_assumed,SUBSTATION,substation,False,,33.91052115,-117.82006591,Orange County,"Los Angeles--Long Beach--Anaheim, CA",Operational,SCE Metro,303588.0
Smithtool,SCE,sce,SUBSTATION,substation,False,,33.6878504,-117.84902712,Orange County,Irvine,Operational,SCE Metro,308628.0
Steelcase,SCE,sce,SUBSTATION ASSUMED,substation,False,,33.71248628,-117.82877819,Orange County,Tustin,Operational,SCE Metro,
Crestmore,SCE,sce,SUBSTATION,substation,False,,34.02933197,-117.38771237,Riverside County,Jurupa Valley,Operational,SCE Eastern,306566.0
Edmonston,Other (SCE - Assumed),sce_assumed,SUBSTATION,substation,False,,34.94123505,-118.82627266,Kern County,,Operational,SCE Northern,303926.0
Airchem,SCE,sce,SUBSTATION,substation,False,,33.90160916,-118.39161633,Los Angeles County,Manhattan Beach,Operational,SCE Metro,308336.0
Amco,SCE,sce,SUBSTATION,substation,False,,33.8614303,-118.32171564,Los Angeles County,Torrance,Operational,SCE Metro,307425.0
Appgen,SCE,sce,SUBSTATION,substation,False,,34.38185626,-118.50133056,Los Angeles County,Santa Clarita,Operational,SCE Northern,305791.0
Boost,SCE,sce,SUBSTATION,substation,False,,33.83038173,-118.14055591,Los Angeles County,Long Beach,Operational,SCE Metro,306752.0
Artesia,SCE,sce,SUBSTATION,substation,False,,33.8600744,-118.08429643,Los Angeles County,Artesia,Operational,SCE Metro,308249.0
Fuel,SCE,sce,SUBSTATION,substation,False,,33.76457244,-118.22647038,Los Angeles County,Long Beach,Operational,SCE Metro,308367.0
Galaxy,SCE,sce,SUBSTATION,substation,False,,33.89928344,-118.38287213,Los Angeles County,Manhattan Beach,Operational,SCE Metro,306536.0
Jet,SCE,sce,SUBSTATION,substation,False,,34.21350458,-118.16795567,Los Angeles County,Pasadena,Operational,SCE Metro,307594.0
Jose,SCE,sce,SUBSTATION,substation,False,,34.03709845,-118.02553252,Los Angeles County,"Los Angeles--Long Beach--Anaheim, CA",Operational,SCE Metro,307564.0
Losulfur,SCE,sce,SUBSTATION,substation,False,,33.93180036,-118.40448723,Los Angeles County,Los Angeles,Operational,SCE Metro,309722.0
Main Oil,SCE,sce,SUBSTATION ASSUMED,substation,False,,33.76399405,-118.22759189,Los Angeles County,Long Beach,Operational,SCE Metro,
Mobgen,SCE,sce,SUBSTATION ASSUMED,substation,False,,33.85347599,-118.3355945,Los Angeles County,Torrance,Operational,SCE Metro,
Mobil Oil,SCE,sce,SUBSTATION,substation,False,,33.85706902,-118.33294417,Los Angeles County,Torrance,Operational,SCE Metro,308806.0
Navy-1,SCE,sce,SUBSTATION,substation,False,,33.76394719,-118.2191798,Los Angeles County,Long Beach,Operational,SCE Metro,301949.0
Owill - (SCE),SCE,sce,SUBSTATION ASSUMED,substation,False,,34.05001746,-118.23126281,Los Angeles County,Los Angeles,Operational,SCE Metro,
Pearblossom,SCE,sce,SUBSTATION,substation,False,,34.50906467,-117.91966996,Los Angeles County,,Operational,SCE Northern,300583.0
Pitchgen,SCE,sce,SUBSTATION,substation,False,,34.46358936,-118.59418136,Los Angeles County,"Santa Clarita, CA",Operational,SCE Northern,305070.0
Polaris,SCE,sce,SUBSTATION,substation,False,,33.9286993,-118.38970688,Los Angeles County,El Segundo,Operational,SCE Metro,305909.0
Reno,SCE,sce,SUBSTATION,substation,False,,34.03444261,-118.02417808,Los Angeles County,"Los Angeles--Long Beach--Anaheim, CA",Operational,SCE Metro,301479.0
Repro,SCE,sce,SUBSTATION,substation,False,,33.90338106,-118.37944417,Los Angeles County,El Segundo,Operational,SCE Metro,300754.0
Rosecrans,SCE,sce,SUBSTATION,substation,False,,33.90314921,-118.3978325,Los Angeles County,El Segundo,Operational,SCE Metro,307557.0
Sanitreat,SCE,sce,SUBSTATION,substation,False,,33.80703334,-118.29895985,Los Angeles County,Los Angeles,Operational,SCE Metro,300601.0
Space,SCE,sce,SUBSTATION,substation,False,,33.8914045,-118.37499839,Los Angeles County,Redondo Beach,Operational,SCE Metro,307472.0
Rindge,SCE,sce,SUBSTATION,substation,False,,34.03955517,-118.69793875,Los Angeles County,Malibu,Operational,SCE Metro,303901.0
Tengen,SCE,sce,SUBSTATION,substation,False,,34.38417094,-118.4955185,Los Angeles County,Santa Clarita,Operational,SCE Northern,303248.0
Thums A,SCE,sce,SUBSTATION ASSUMED,substation,False,,33.75931711,-118.18154068,Los Angeles County,Long Beach,Operational,,
Thums B,SCE,sce,SUBSTATION ASSUMED,substation,False,,33.75275487,-118.15950914,Los Angeles County,Long Beach,Operational,,
Thums C,SCE,sce,SUBSTATION ASSUMED,substation,False,,33.73976723,-118.1388798,Los Angeles County,Long Beach,Operational,,
Thums D,SCE,sce,SUBSTATION ASSUMED,substation,False,,33.74132204,-118.16257112,Los Angeles County,Long Beach,Operational,,
Webco,SCE,sce,SUBSTATION ASSUMED,substation,False,,33.88361764,-118.16501429,Los Angeles County,Paramount,Operational,SCE Metro,
Needles,Other (SCE - Assumed),sce_assumed,SUBSTATION,substation,False,,34.84351184,-114.61845637,San Bernardino County,Needles,Operational,SCE EOP,306847.0
Brockway Glass,SCE,sce,SUBSTATION ASSUMED,substation,False,,34.03557519,-117.73120788,Los Angeles County,Pomona,Operational,SCE Metro,
Acacia,Other (SCE - Assumed),sce_assumed,SUBSTATION,substation,False,,34.13384641,-118.26151258,Los Angeles County,Glendale,Operational,SCE Metro,309741.0
Bel Aire,Other (SCE - Assumed),sce_assumed,SUBSTATION ASSUMED,substation,False,,34.18020988,-118.28132561,Los Angeles County,Glendale,Operational,SCE Metro,
Howard - (Other),Other (SCE - Assumed),sce_assumed,SUBSTATION,substation,False,,34.14778324,-118.24739148,Los Angeles County,Glendale,Operational,SCE Metro,301166.0
Rossmoyne,Other (SCE - Assumed),sce_assumed,SUBSTATION,substation,False,,34.15800724,-118.24968648,Los Angeles County,Glendale,Operational,SCE Metro,307193.0
Scholl,Other (SCE - Assumed),sce_assumed,SUBSTATION ASSUMED,substation,False,,34.15061882,-118.23105714,Los Angeles County,Glendale,Operational,SCE Metro,
Tropico,Other (SCE - Assumed),sce_assumed,SUBSTATION,substation,False,,34.13429907,-118.25136302,Los Angeles County,Glendale,Operational,SCE Metro,304875.0
Unknown - 3308,SCE Northern,sce,SUBSTATION,substation,False,,35.04315041,-118.24919541,Kern County,,Operational,SCE Northern,300253.0
Unknown - 3314,SCE Northern,sce,SUBSTATION,substation,False,,34.83787549,-118.47520109,Kern County,,Operational,SCE Northern,300307.0
Unknown - 3323,SCE Northern,sce,SUBSTATION,substation,False,,34.67429722,-118.43955256,Los Angeles County,Lake Hughes,Operational,SCE Northern,300433.0
Unknown - 3329,SCE Northern,sce,SUBSTATION,substation,False,,34.27161097,-118.48519003,Los Angeles County,Los Angeles,Operational,SCE Northern,300537.0
Unknown - 3332,SCE Northern,sce,SUBSTATION,substation,False,,35.06319969,-118.25071794,Kern County,Mojave,Operational,SCE Northern,300621.0
Unknown - 3333,SCE Metro,sce,SUBSTATION,substation,False,,34.25749142,-117.58104452,San Bernardino County,,Operational,SCE Metro,300624.0
Unknown - 3352,SCE NOL,sce,SUBSTATION,substation,False,,34.96142153,-117.8959021,Kern County,,Operational,SCE NOL,301076.0
Olive - (SCE Northern),SCE Northern,sce,SUBSTATION,substation,False,,34.31271761,-118.47995366,Los Angeles County,Los Angeles,Operational,SCE Northern,301214.0
Unknown - 3360,SCE Eastern,sce,SUBSTATION,substation,False,,33.93288656,-116.58093417,Riverside County,,Operational,SCE Eastern,301301.0
Unknown - 3370,SCE Metro,sce,SUBSTATION,substation,False,,33.60770957,-117.88483919,Orange County,Newport Beach,Operational,SCE Metro,301548.0
Unknown - 3375,SCE Metro,sce,SUBSTATION,substation,False,,33.84708758,-118.30180709,Los Angeles County,Los Angeles,Operational,SCE Metro,301638.0
Unknown - 3379,SCE Northern,sce,SUBSTATION,substation,False,,34.94065168,-118.33936351,Kern County,,Operational,SCE Northern,301746.0
Unknown - 3381,SCE Northern,sce,SUBSTATION,substation,False,,34.83762565,-118.47634323,Kern County,,Operational,SCE Northern,301768.0
Unknown - 3389,SCE Eastern,sce,SUBSTATION,substation,False,,34.23614765,-117.5220467,San Bernardino County,Lytle Creek,Operational,SCE Eastern,301899.0
Unknown - 3391,SCE Eastern,sce,SUBSTATION,substation,False,,33.28706302,-116.34953819,San Diego County,,Operational,SCE Eastern,302046.0
Unknown - 3393,SCE NOL,sce,SUBSTATION,substation,False,,34.86045355,-116.85492692,San Bernardino County,,Operational,SCE NOL,302100.0
Towne,SCE Metro,sce,SUBSTATION,substation,False,,34.17940847,-118.31086789,Los Angeles County,Burbank,Operational,SCE Metro,302129.0
Unknown - 3405,SCE Metro,sce,SUBSTATION,substation,False,,34.25926839,-118.32129087,Los Angeles County,Los Angeles,Operational,SCE Metro,302260.0
Unknown - 3406,SCE NOL,sce,SUBSTATION,substation,False,,34.56623679,-117.31651617,San Bernardino County,Victorville,Operational,SCE NOL,302293.0
Unknown - 3412,SCE Northern,sce,SUBSTATION,substation,False,,34.82902106,-118.51141702,Kern County,,Operational,SCE Northern,302398.0
Unknown - 3597,SCE NOL,sce,SUBSTATION,substation,False,,37.33663103,-118.48190017,Inyo County,,Operational,SCE NOL,303092.0
Unknown - 3601,SCE Northern,sce,SUBSTATION,substation,False,,34.20667298,-118.36256758,Los Angeles County,Burbank,Operational,SCE Northern,303182.0
Unknown - 3605,SCE Northern,sce,SUBSTATION,substation,False,,34.27129759,-118.55616195,Los Angeles County,Los Angeles,Operational,SCE Northern,303265.0
Drews,Other (SCE - Assumed),sce_assumed,SUBSTATION,substation,False,,34.06068041,-117.35356196,San Bernardino County,Colton,Operational,SCE Eastern,303585.0
Midpoint,Other (SCE - Assumed),sce_assumed,SUBSTATION,substation,False,,33.56495444,-114.90661031,Riverside County,Blythe,Operational,SCE Eastern,304006.0
Alumax,Other (SCE - Assumed),sce_assumed,SUBSTATION ASSUMED,substation,False,,34.00352911,-117.3431764,Riverside County,Riverside,Operational,SCE Eastern,
Oxbow,SCE,sce,SUBSTATION,substation,False,,37.33530963,-118.48195979,Inyo County,,Operational,SCE NOL,306843.0
White Mt. Radio,SCE,sce,SUBSTATION,substation,False,,37.41693293,-118.40284487,Inyo County,,Operational,SCE NOL,308312.0
Bishop Creek 3,SCE,sce,SUBSTATION,substation,False,,37.30224712,-118.5317442,Inyo County,,Operational,SCE NOL,306363.0
Dwp,SCE,sce,SUBSTATION,substation,False,,37.3601865,-118.39851021,Inyo County,Bishop,Operational,SCE NOL,302909.0
Big Creek 2A,SCE,sce,SUBSTATION,substation,False,,37.20010183,-119.30685572,Fresno County,,Operational,PGE Fresno,304164.0
Big Creek 8,SCE,sce,SUBSTATION,substation,False,,37.2097076,-119.32884034,Fresno County,,Operational,PGE Fresno,306412.0
Mammoth,SCE,sce,SUBSTATION,substation,False,,37.22027822,-119.33800678,Madera County,,Operational,PGE Fresno,300011.0
Big Creek 4,SCE,sce,SUBSTATION,substation,False,,37.13886157,-119.4887262,Madera County,,Operational,PGE Fresno,307469.0
Division Creek,SCE,sce,SUBSTATION,substation,False,,36.94006531,-118.25693885,Inyo County,,Operational,SCE NOL,302030.0
Big Pine,SCE,sce,SUBSTATION,substation,False,,37.14206638,-118.32414812,Inyo County,,Operational,SCE NOL,300560.0
Big Creek 3,SCE,sce,SUBSTATION,substation,False,,37.14820605,-119.38852604,Fresno County,,Operational,PGE Fresno,307823.0
Coso 1-3,SCE,sce,SUBSTATION,substation,False,,36.03672659,-117.79794942,Inyo County,,Operational,SCE NOL,304783.0
Coso 7,SCE,sce,SUBSTATION,substation,False,,36.00617014,-117.81017308,Inyo County,,Operational,SCE NOL,305876.0
Kern River 1,SCE,sce,SUBSTATION,substation,False,,35.46016298,-118.77959579,Kern County,,Operational,PGE Kern,301716.0
Omar,SCE,sce,SUBSTATION,substation,False,,35.45137171,-118.98390974,Kern County,,Operational,PGE Kern,303340.0
Magnolia - 91502,Other (SCE - Assumed),sce_assumed,SUBSTATION ASSUMED,substation,False,,34.17779873,-118.31613376,Los Angeles County,Burbank,Operational,SCE Metro,
Glendale,Other (SCE - Assumed),sce_assumed,SUBSTATION,substation,False,,34.17160266,-118.30383745,Los Angeles County,Burbank,Operational,SCE Metro,302875.0
Icegen,SCE,sce,SUBSTATION,substation,False,,33.87574721,-118.24909597,Los Angeles County,Carson,Operational,SCE Metro,302865.0
Redondo 1,SCE,sce,SUBSTATION,substation,False,,33.85263428,-118.39381072,Los Angeles County,Redondo Beach,Operational,SCE Metro,308844.0
Unknown - 3612,SCE Eastern,sce,SUBSTATION,substation,False,,33.65925898,-114.98268414,Riverside County,,Operational,SCE Eastern,303341.0
Unknown - 3617,SCE Northern,sce,SUBSTATION,substation,False,,35.03007522,-118.2199471,Kern County,Mojave,Operational,SCE Northern,303430.0
Unknown - 3620,SCE Northern,sce,SUBSTATION,substation,False,,34.8473637,-118.43105692,Kern County,,Operational,SCE Northern,303463.0
SEGS 5,SCE,sce,SUBSTATION,substation,False,,35.01903865,-117.55549822,San Bernardino County,,Operational,SCE NOL,304685.0
Westend,SCE,sce,SUBSTATION,substation,False,,35.70414674,-117.39334816,San Bernardino County,,Operational,SCE NOL,303857.0
Unknown - 3624,SCE Northern,sce,SUBSTATION,substation,False,,34.16542215,-118.5256027,Los Angeles County,Los Angeles,Operational,SCE Northern,303531.0
Trona - South,SCE,sce,SUBSTATION,substation,False,,35.76487556,-117.37543346,San Bernardino County,Searles Valley,Operational,SCE NOL,306389.0
Unknown - 3628,SCE Northern,sce,SUBSTATION,substation,False,,34.82337251,-118.43290425,Kern County,,Operational,SCE Northern,303601.0
Unknown - 3632,SCE Northern,sce,SUBSTATION,substation,False,,34.81985487,-118.40866621,Kern County,,Operational,SCE Northern,303794.0
SEGS 2,SCE,sce,SUBSTATION,substation,False,,34.86159299,-116.82803248,San Bernardino County,,Operational,SCE NOL,305775.0
Caldwell,Other (SCE - Assumed),sce_assumed,SUBSTATION,substation,False,,34.59531114,-117.36307708,San Bernardino County,Victorville,Operational,SCE NOL,302087.0
Southdown,SCE,sce,SUBSTATION ASSUMED,substation,False,,34.62152279,-117.09982129,San Bernardino County,,Operational,SCE NOL,
Greenspot,SCE,sce,SUBSTATION,substation,False,,34.09852504,-117.10573033,San Bernardino County,Highland,Operational,SCE Eastern,301653.0
Unknown - 3651,SCE NOL,sce,SUBSTATION,substation,False,,34.98389964,-117.89114229,Kern County,,Operational,SCE NOL,304141.0
Mountainview,SCE,sce,SUBSTATION ASSUMED,substation,False,,34.07946794,-117.24037656,San Bernardino County,Redlands,Operational,SCE Eastern,
Unknown - 3652,SCE Northern,sce,SUBSTATION,substation,False,,35.84791639,-119.07092038,Tulare County,,Operational,SCE Northern,304156.0
Agua Mansa,SCE,sce,SUBSTATION,substation,False,,34.0417927,-117.36084799,San Bernardino County,Colton,Operational,SCE Eastern,305739.0
Mill Creek 3,SCE,sce,SUBSTATION,substation,False,,34.08802175,-117.03964984,San Bernardino County,,Operational,SCE Eastern,306038.0
Venwind,SCE,sce,SUBSTATION,substation,False,,33.93718743,-116.61571029,Riverside County,,Operational,SCE Eastern,307141.0
Sanwind,SCE,sce,SUBSTATION ASSUMED,substation,False,,33.92624507,-116.61479366,Riverside County,,Operational,SCE Eastern,
Unknown - 3658,SCE Northern,sce,SUBSTATION,substation,False,,34.18855229,-119.22458702,Ventura County,Oxnard,Operational,SCE Northern,304275.0
Terawind,SCE,sce,SUBSTATION,substation,False,,33.93160895,-116.56896866,Riverside County,,Operational,SCE Eastern,304580.0
Unknown - 3660,SCE Northern,sce,SUBSTATION,substation,False,,34.19343501,-118.51897502,Los Angeles County,Los Angeles,Operational,SCE Northern,304307.0
Unknown - 3661,SCE Northern,sce,SUBSTATION,substation,False,,34.84898356,-118.36968579,Kern County,,Operational,SCE Northern,304399.0
Banwind,SCE,sce,SUBSTATION,substation,False,,33.91713009,-116.7345964,Riverside County,,Operational,SCE Eastern,309804.0
Unknown - 3667,SCE Eastern,sce,SUBSTATION,substation,False,,33.11917847,-116.01046921,Imperial County,,Operational,SCE Eastern,304600.0
Perris,SCE,sce,SUBSTATION,substation,False,,33.83564639,-117.18306163,Riverside County,,Operational,SCE Eastern,310193.0
Unknown - 3670,SCE Metro,sce,SUBSTATION,substation,False,,34.26413011,-117.60970603,San Bernardino County,,Operational,SCE Metro,304645.0
Ivyglen Meter,SCE,sce,SUBSTATION,substation,False,,33.76021364,-117.48136235,Riverside County,Temescal Valley,Operational,SCE Eastern,300882.0
Inland Empire,SCE,sce,SUBSTATION,substation,False,,33.7385035,-117.16990194,Riverside County,Menifee,Operational,SCE Eastern,307783.0
Unknown - 3675,SCE Metro,sce,SUBSTATION,substation,False,,33.85943015,-117.9115189,Orange County,Anaheim,Operational,SCE Metro,304733.0
Unknown - 3682,SCE Metro,sce,SUBSTATION,substation,False,,33.85947115,-117.90693889,Orange County,Anaheim,Operational,SCE Metro,304869.0
Unknown - 3688,SCE Metro,sce,SUBSTATION,substation,False,,34.07182482,-118.4673247,Los Angeles County,Los Angeles,Operational,SCE Metro,305021.0
Willamette,SCE,sce,SUBSTATION ASSUMED,substation,False,,34.14296564,-119.1827927,Ventura County,Oxnard,Operational,SCE Northern,
Lehman,SCE,sce,SUBSTATION,substation,False,,34.15666741,-119.20919042,Ventura County,Port Hueneme,Operational,SCE Northern,300169.0
Unknown - 2559,SCE,sce,SUBSTATION,substation,False,,36.80545371,-118.18682134,Inyo County,,Operational,SCE NOL,309635.0
Unknown - 2573,SCE,sce,SUBSTATION,substation,False,,35.08816448,-118.36700425,Kern County,,Operational,SCE Northern,305773.0
Downey Med,SCE,sce,SUBSTATION,substation,False,,33.92079089,-118.12742057,Los Angeles County,Downey,Operational,SCE Metro,300353.0
MWD Etiwanda,SCE,sce,SUBSTATION,substation,False,,34.10369623,-117.52642464,San Bernardino County,Rancho Cucamonga,Operational,SCE Eastern,306736.0
Unknown - 2655,SCE,sce,SUBSTATION,substation,False,,33.94777728,-116.92319113,Riverside County,Banning,Operational,SCE Eastern,308426.0
Flanco,SCE,sce,SUBSTATION,substation,False,,34.09563035,-117.44046198,San Bernardino County,Fontana,Operational,SCE Eastern,308828.0
Unknown - 3864,SCE Northern,sce,SUBSTATION,substation,False,,34.82895549,-118.51025134,Kern County,,Operational,SCE Northern,305591.0
Titans,SCE,sce,SUBSTATION,substation,False,,33.87893667,-117.88735127,Orange County,Fullerton,Operational,SCE Metro,307030.0
Kinder,SCE,sce,SUBSTATION,substation,False,,33.81267063,-117.86967787,Orange County,Orange,Operational,SCE Metro,306273.0
Westwind - (SCE Northern),SCE Northern,sce,SUBSTATION,substation,False,,35.00122876,-118.2915805,Kern County,,Operational,SCE Northern,306009.0
Sangar,SCE,sce,SUBSTATION,substation,False,,34.11216277,-118.16542344,Los Angeles County,South Pasadena,Operational,SCE Metro,306726.0
Unknown - 3896,SCE Eastern,sce,SUBSTATION,substation,False,,33.94620294,-116.66323936,Riverside County,Whitewater,Operational,SCE Eastern,306327.0
Ringmill - SCE Southeast,SCE,sce,SUBSTATION,substation,False,,33.89320163,-118.1638508,Los Angeles County,Paramount,Operational,SCE Metro,306980.0
Unknown - 3900,SCE Northern,sce,SUBSTATION,substation,False,,34.19359634,-118.48415267,Los Angeles County,Los Angeles,Operational,SCE Northern,306419.0
Unknown - 3903,SCE Eastern,sce,SUBSTATION,substation,False,,33.45385738,-117.10430637,Riverside County,"Temecula--Murrieta--Menifee, CA",Operational,SCE Eastern,306451.0
Shred,SCE,sce,SUBSTATION,substation,False,,33.94533884,-118.17499104,Los Angeles County,South Gate,Operational,SCE Metro,306300.0
Unknown - 3913,SCE Northern,sce,SUBSTATION,substation,False,,34.17979751,-118.44541319,Los Angeles County,Los Angeles,Operational,SCE Northern,306659.0
Unknown - 3920,SCE Northern,sce,SUBSTATION,substation,False,,35.00849914,-118.24097141,Kern County,Mojave,Operational,SCE Northern,306810.0
Sony,SCE,sce,SUBSTATION,substation,False,,34.01504285,-118.40219117,Los Angeles County,Culver City,Operational,SCE Metro,310395.0
Unknown - 3949,SCE Metro,sce,SUBSTATION,substation,False,,33.84184927,-118.23524689,Los Angeles County,Carson,Operational,SCE Metro,307354.0
Unknown - 2778,SCE,sce,SUBSTATION,substation,False,,33.89908891,-118.38462337,Los Angeles County,Manhattan Beach,Operational,SCE Metro,307832.0
Big Oaks,SCE Eastern,sce,SUBSTATION,substation,False,,34.03044738,-116.85716535,Riverside County,,Operational,SCE Eastern,307362.0
Unknown - 3966,SCE EOP,sce,SUBSTATION,substation,False,,35.57332963,-115.4360145,San Bernardino County,,Operational,SCE EOP,307716.0
Unknown - 3975,SCE Northern,sce,SUBSTATION,substation,False,,35.03902428,-118.36217929,Kern County,,Operational,SCE Northern,307802.0
Grangeville,SCE,sce,SUBSTATION ASSUMED,substation,False,,36.32060731,-119.69119994,Kings County,"Hanford, CA",Operational,PGE Fresno,
Bolthouse Farms,Other (SCE - Assumed),sce_assumed,SUBSTATION,substation,False,,35.35813219,-118.92489701,Kern County,East Niles,Operational,SCE Northern,300784.0
Unknown - 2896,SCE,sce,SUBSTATION ASSUMED,substation,False,,35.07545257,-118.37249036,Kern County,,Operational,SCE Northern,
Oakwind,SCE,sce,SUBSTATION,substation,False,,35.03524544,-118.35242064,Kern County,,Operational,SCE Northern,309933.0
Orcosan,SCE,sce,SUBSTATION,substation,False,,33.6871982,-117.94258373,Orange County,Fountain Valley,Operational,SCE Metro,301011.0
Edgemont - (SCE),SCE,sce,SUBSTATION,substation,False,,33.9234565,-117.28468618,Riverside County,Moreno Valley,Operational,SCE Eastern,300949.0
San Jacinto,SCE,sce,SUBSTATION,substation,False,,33.78334447,-116.95937124,Riverside County,San Jacinto,Operational,SCE Eastern,304861.0
Southpac,SCE,sce,SUBSTATION,substation,False,,33.89149442,-118.0711499,Los Angeles County,Norwalk,Operational,SCE Metro,306933.0
Bishop Creek 6,SCE,sce,SUBSTATION,substation,False,,37.35009022,-118.46300935,Inyo County,,Operational,SCE NOL,302271.0
Norco - (SCE),SCE,sce,SUBSTATION,substation,False,,33.93264642,-117.55465597,Riverside County,Norco,Operational,SCE Metro,301411.0
Cathedral City,SCE,sce,SUBSTATION,substation,False,,33.77836578,-116.46328664,Riverside County,Cathedral City,Operational,SCE Eastern,310311.0
Goldstone,SCE,sce,SUBSTATION,substation,False,,35.27406103,-116.78082412,San Bernardino County,,Operational,SCE NOL,302921.0
Thunderbird,SCE,sce,SUBSTATION,substation,False,,33.7502539,-116.42736325,Riverside County,Rancho Mirage,Operational,SCE Eastern,301385.0
Forge,SCE,sce,SUBSTATION,substation,False,,34.09743021,-117.54609679,San Bernardino County,Rancho Cucamonga,Operational,SCE Metro,310245.0
Reclaim - SCE,SCE,sce,SUBSTATION,substation,False,,34.08268655,-118.70941885,Los Angeles County,,Operational,SCE Northern,300588.0
Stanhill,SCE,sce,SUBSTATION,substation,False,,34.00046478,-118.37369069,Los Angeles County,Ladera Heights,Operational,SCE Metro,306444.0
Unknown - 3041,Other (SCE - Assumed),sce_assumed,SUBSTATION,substation,False,,34.1850674,-118.34512042,Los Angeles County,Burbank,Operational,SCE Metro,302820.0
Unknown - 3042,Other (SCE - Assumed),sce_assumed,SUBSTATION,substation,False,,34.18813053,-118.34551821,Los Angeles County,Burbank,Operational,SCE Metro,303550.0
Bishop Creek 5,SCE,sce,SUBSTATION ASSUMED,substation,False,,37.33465563,-118.47956751,Inyo County,,Operational,SCE NOL,
Pebbly Beach,SCE,sce,SUBSTATION ASSUMED,substation,False,,33.33303264,-118.31013278,Los Angeles County,Avalon,Operational,,
Kaweah 2,SCE,sce,SUBSTATION,substation,False,,36.46164653,-118.87985995,Tulare County,Three Rivers,Operational,SCE Northern,303159.0
Mcgrath Beach,SCE,sce,SUBSTATION,substation,False,,34.20430184,-119.25004945,Ventura County,Oxnard,Operational,SCE Northern,303658.0
Coso Little Lake,SCE,sce,SUBSTATION,substation,False,,36.09343721,-117.95760183,Inyo County,,Operational,SCE NOL,303468.0
Hunter,Other (SCE - Assumed),sce_assumed,SUBSTATION,substation,False,,33.99887159,-117.34884035,Riverside County,Riverside,Operational,SCE Eastern,303928.0
Thrive Fontana,SCE,sce,SUBSTATION,substation,False,,34.07355133,-117.4292919,San Bernardino County,Fontana,Operational,SCE Eastern,303168.0
Park - (Other),Other (SCE - Assumed),sce_assumed,SUBSTATION ASSUMED,substation,False,,33.86436729,-117.74638256,Orange County,Anaheim,Operational,SCE Metro,
Canyon - (Other),Other (SCE - Assumed),sce_assumed,SUBSTATION,substation,False,,33.85839396,-117.86225533,Orange County,Anaheim,Operational,SCE Metro,301274.0
North,Other (SCE - Assumed),sce_assumed,SUBSTATION,substation,False,,34.08660615,-117.32649636,San Bernardino County,Colton,Operational,SCE Eastern,300485.0
Cement,SCE,sce,SUBSTATION ASSUMED,substation,False,,34.59010213,-117.37120413,San Bernardino County,Victorville,Operational,SCE NOL,
Corona Sunkist,Other (SCE - Assumed),sce_assumed,SUBSTATION ASSUMED,substation,False,,33.88275417,-117.55571933,Riverside County,Corona,Operational,SCE Eastern,
Glorietta,Other (SCE - Assumed),sce_assumed,SUBSTATION ASSUMED,substation,False,,34.18756296,-118.2261521,Los Angeles County,Glendale,Operational,SCE Metro,
Montrose,Other (SCE - Assumed),sce_assumed,SUBSTATION,substation,False,,34.2031486,-118.22373706,Los Angeles County,Glendale,Operational,SCE Metro,309598.0
Lake - (Other),Other (SCE - Assumed),sce_assumed,SUBSTATION,substation,False,,34.25268825,-116.89140978,San Bernardino County,Big Bear Lake,Operational,SCE NOL,305056.0
Sky River North,SCE,sce,SUBSTATION,substation,False,,35.34508469,-118.18588345,Kern County,,Operational,SCE Northern,310223.0
Allen,SCE,sce,SUBSTATION ASSUMED,substation,False,,34.1714345,-118.11179604,Los Angeles County,Altadena,Operational,SCE Metro,
Unknown - 4426,SCE EOP,sce,SUBSTATION,substation,False,,36.45681307,-116.84520336,Inyo County,,Operational,SCE EOP,310945.0
Unknown - 4441,SCE Metro,sce,SUBSTATION ASSUMED,substation,False,,34.03359612,-117.7287939,Los Angeles County,Pomona,Operational,SCE Metro,301588.0
Unknown - 4125,SCE Eastern,sce,SUBSTATION,substation,False,,33.83691523,-117.37297159,Riverside County,,Operational,SCE Eastern,308365.0
Unknown - 4132,SCE Eastern,sce,SUBSTATION,substation,False,,33.66888969,-115.00822839,Riverside County,,Operational,SCE Eastern,308476.0
Unknown - 4137,SCE Metro,sce,SUBSTATION,substation,False,,34.12975067,-118.47950668,Los Angeles County,Los Angeles,Operational,SCE Metro,308527.0
Unknown - 4142,SCE Northern,sce,SUBSTATION,substation,False,,34.20150304,-118.59624726,Los Angeles County,Los Angeles,Operational,SCE Northern,308579.0
Onshore - (SCE Northern),SCE Northern,sce,SUBSTATION,substation,False,,34.43369233,-119.9121215,Santa Barbara County,,Operational,SCE Northern,308759.0
Bank C,SCE Northern,sce,SUBSTATION,substation,False,,36.44337613,-118.04385343,Inyo County,,Operational,SCE Northern,308819.0
Unknown - 4168,SCE Northern,sce,SUBSTATION,substation,False,,34.91974253,-118.44831651,Kern County,,Operational,SCE Northern,308953.0
Unknown - 4171,SCE Northern,sce,SUBSTATION,substation,False,,34.35453163,-119.42180383,Ventura County,,Operational,SCE Northern,309010.0
Unknown - 4175,SCE EOP,sce,SUBSTATION,substation,False,,35.03278886,-114.67743484,San Bernardino County,,Operational,SCE EOP,309084.0
Unknown - 4178,SCE Northern,sce,SUBSTATION,substation,False,,34.78724259,-118.43223736,Los Angeles County,,Operational,SCE Northern,309166.0
Unknown - 4186,SCE Metro,sce,SUBSTATION,substation,False,,33.84715983,-118.29160032,Los Angeles County,Los Angeles,Operational,SCE Metro,309284.0
Unknown - 4188,SCE Northern,sce,SUBSTATION,substation,False,,34.90113729,-118.23865508,Kern County,Rosamond,Operational,SCE Northern,309319.0
Unknown - 4193,SCE Metro,sce,SUBSTATION,substation,False,,33.96602994,-118.38503699,Los Angeles County,Los Angeles,Operational,SCE Metro,309391.0
Unknown - 4194,SCE Northern,sce,SUBSTATION,substation,False,,34.84707648,-118.3955582,Kern County,,Operational,SCE Northern,309406.0
Unknown - 4197,SCE Metro,sce,SUBSTATION,substation,False,,33.81763481,-117.95872887,Orange County,Anaheim,Operational,SCE Metro,309430.0
Unknown - 4200,SCE Metro,sce,SUBSTATION,substation,False,,33.81060606,-117.92372589,Orange County,Anaheim,Operational,SCE Metro,309558.0
Unknown - 4205,SCE Metro,sce,SUBSTATION,substation,False,,33.91456949,-117.82447156,Orange County,Yorba Linda,Operational,SCE Metro,309661.0
Unknown - 4207,SCE Eastern,sce,SUBSTATION,substation,False,,34.0398331,-117.40053796,San Bernardino County,Bloomington,Operational,SCE Eastern,309682.0
Unknown - 4219,SCE Northern,sce,SUBSTATION,substation,False,,35.10731658,-118.38336582,Kern County,,Operational,SCE Northern,309901.0
Unknown - 4235,SCE Northern,sce,SUBSTATION,substation,False,,35.02318631,-118.29607443,Kern County,,Operational,SCE Northern,310197.0
Unknown - 4236,SCE Northern,sce,SUBSTATION,substation,False,,34.82837994,-118.51167201,Kern County,,Operational,SCE Northern,310202.0
Unknown - 4237,SCE Metro,sce,SUBSTATION,substation,False,,34.07945046,-117.98875139,Los Angeles County,Baldwin Park,Operational,SCE Metro,310294.0
Unknown - 4246,SCE Northern,sce,SUBSTATION,substation,False,,34.25798019,-118.49315652,Los Angeles County,Los Angeles,Operational,SCE Northern,310464.0
Sycamore,SCE,sce,SUBSTATION,substation,False,,35.45226566,-118.99040293,Kern County,,Operational,PGE Kern,301730.0
Long Beach,SCE,sce,SUBSTATION,substation,False,,33.76563468,-118.22513856,Los Angeles County,Long Beach,Operational,SCE Metro,308540.0
Sylmar-Pac Intertie,SCE,sce,SUBSTATION,substation,False,,34.30532013,-118.50046553,Los Angeles County,Los Angeles,Operational,SCE Northern,306691.0
Lee Lake (Proposed),SCE Eastern,sce,SUBSTATION ASSUMED,substation,False,,33.74982709,-117.44998927,Riverside County,Temescal Valley,Proposed,SCE Eastern,
Sharon - SCE,SCE,sce,SUBSTATION,substation,False,,34.22627362,-118.2427621,Los Angeles County,,,SCE Metro,
Stirrup,SCE,sce,SUBSTATION,substation,False,,33.75207201,-118.32986575,Los Angeles County,,,SCE Metro,
Ralphs,SCE,sce,SUBSTATION,substation,False,,33.87073417,-118.23625187,Los Angeles County,,,SCE Metro,
Exeter,SCE,sce,SUBSTATION,substation,False,,36.29882531,-119.14260287,Tulare County,,,SCE Northern,
San Gorgonio No.2,SCE,sce,SUBSTATION,substation,False,,34.01861494,-116.89488577,Riverside County,,,SCE Eastern,
Diemer,SCE,sce,SUBSTATION,substation,False,,33.91423026,-117.82282688,Orange County,,,SCE Metro,
Stevedore,SCE,sce,SUBSTATION,substation,False,,33.74282167,-118.18939174,Los Angeles County,,,SCE Metro,
Pier,SCE,sce,SUBSTATION,substation,False,,33.7471323,-118.2041211,Los Angeles County,,,SCE Metro,
Arch Beach,SCE,sce,SUBSTATION,substation,False,,33.5280108,-117.76971535,Orange County,,,SDGE Imperial,
Hillgen - SCE South,SCE,sce,SUBSTATION,substation,False,,34.0226263,-118.02530098,Los Angeles County,,,SCE Metro,
Server,SCE,sce,SUBSTATION,substation,False,,33.92078485,-118.38495508,Los Angeles County,,,SCE Metro,
Kerrgen,SCE,sce,SUBSTATION,substation,False,,35.76333543,-117.37764399,San Bernardino County,,,SCE NOL,
Wellgen,SCE,sce,SUBSTATION,substation,False,,35.79061223,-119.29413365,Tulare County,,,PGE Kern,
Ringmill - SCE Northwest,SCE,sce,SUBSTATION,substation,False,,33.89617267,-118.16858423,Los Angeles County,,,SCE Metro,
Haagen,SCE,sce,SUBSTATION,substation,False,,36.18619778,-119.33322559,Tulare County,,,SCE Northern,
Garden State,SCE,sce,SUBSTATION,substation,False,,34.06072693,-117.79023075,Los Angeles County,,,SCE Metro,
Weymouth,SCE,sce,SUBSTATION,substation,False,,34.10874578,-117.77888908,Los Angeles County,,,SCE Metro,
Bristol,SCE,sce,SUBSTATION,substation,False,,33.75628033,-117.88213667,Orange County,,,SCE Metro,
Porter,SCE,sce,SUBSTATION,substation,False,,34.28575009,-118.44614877,Los Angeles County,,,SCE Northern,
Griswold,SCE,sce,SUBSTATION,substation,False,,34.29367953,-118.43321927,Los Angeles County,,,SCE Northern,
Ship,SCE,sce,SUBSTATION,substation,False,,33.76820187,-118.21141255,Los Angeles County,,,SCE Metro,
Covina,SCE,sce,SUBSTATION,substation,False,,34.09008156,-117.88753261,Los Angeles County,,,SCE Metro,
Divisadero,SCE,sce,SUBSTATION,substation,False,,36.33450362,-119.30953014,Tulare County,,,SCE Northern,
Wharf,SCE,sce,SUBSTATION,substation,False,,33.74198892,-118.18976591,Los Angeles County,,,SCE Metro,
Coygen - SCE North,SCE,sce,SUBSTATION,substation,False,,33.62532326,-117.83229869,Orange County,,,SCE Metro,
Unknown - 3326,SCE Eastern,sce,NOT AVAILABLE,unknown,False,115.0,33.90277855,-116.55401261,Riverside County,Palm Springs,Operational,SCE Eastern,300475.0
Tanker Tap,SCE Eastern,sce,TAP,line_structure,False,115.0,33.90632151,-117.24345339,Riverside County,Moreno Valley,Operational,SCE Eastern,302439.0
Unknown - 3458,SCE Eastern,sce,TAP,line_structure,False,115.0,33.92942589,-116.68049354,Riverside County,Whitewater,Operational,SCE Eastern,302527.0
Maxwell Tap,SCE Eastern,sce,TAP,line_structure,False,115.0,33.94677405,-117.26161104,Riverside County,Moreno Valley,Operational,SCE Eastern,302551.0
Mayberry Tap,SCE Eastern,sce,TAP,line_structure,False,115.0,33.7804284,-116.98903735,Riverside County,San Jacinto,Operational,SCE Eastern,302564.0
Unknown - 3507,SCE NOL,sce,TAP,line_structure,False,115.0,35.018033,-117.56601385,San Bernardino County,,Operational,SCE NOL,302640.0
Stent Tap,SCE Eastern,sce,TAP,line_structure,False,115.0,33.51805969,-117.15918166,Riverside County,Temecula,Operational,SCE Eastern,302701.0
Unknown - 3550,SCE NOL,sce,TAP,line_structure,False,115.0,34.6370089,-117.17166515,San Bernardino County,,Operational,SCE NOL,302725.0
Unknown - 3596,SCE Eastern,sce,NOT AVAILABLE,unknown,False,115.0,33.92177007,-116.58035811,Riverside County,Palm Springs,Operational,SCE Eastern,303075.0
Unknown - 3615,SCE Eastern,sce,NOT AVAILABLE,unknown,False,115.0,34.14593649,-116.17369205,San Bernardino County,Twentynine Palms,Operational,SCE Eastern,303416.0
Unknown - 3637,SCE Eastern,sce,NOT AVAILABLE,unknown,False,115.0,34.0907447,-116.42274507,San Bernardino County,Yucca Valley,Operational,SCE Eastern,303915.0
Unknown - 3759,SCE NOL,sce,TAP,line_structure,False,115.0,35.009473,-117.55552485,San Bernardino County,,Operational,SCE NOL,305238.0
Unknown - 3781,SCE Eastern,sce,TAP,line_structure,False,115.0,33.75778167,-116.37383967,Riverside County,Palm Desert,Operational,SCE Eastern,305309.0
Unknown - 3791,SCE Eastern,sce,TAP,line_structure,False,115.0,34.14967118,-116.17145964,San Bernardino County,Twentynine Palms,Operational,SCE Eastern,305340.0
Unknown - 3821,SCE Metro,sce,TAP,line_structure,False,115.0,34.41280161,-117.29394642,San Bernardino County,Hesperia,Operational,SCE Metro,305410.0
Bunker Tap,SCE Eastern,sce,TAP,line_structure,False,115.0,33.83030644,-117.22146914,Riverside County,Perris,Operational,SCE Eastern,305439.0
MWD Eastside Res Tap,SCE Eastern,sce,TAP,line_structure,False,115.0,33.71414027,-117.0758759,Riverside County,Winchester,Operational,SCE Eastern,305464.0
Unknown - 3886,SCE Eastern,sce,NOT AVAILABLE,unknown,False,115.0,33.92103507,-116.58034911,Riverside County,Palm Springs,Operational,SCE Eastern,306093.0
Unknown - 4002,SCE Metro,sce,TAP,line_structure,False,115.0,34.30834339,-117.32459709,San Bernardino County,,Operational,SCE Metro,307889.0
Unknown - 4417,SCE NOL,sce,TAP,line_structure,False,115.0,34.38424659,-116.94015969,San Bernardino County,,Operational,SCE NOL,310915.0
Unknown - 4419,SCE NOL,sce,TAP,line_structure,False,115.0,35.009448,-117.55047085,San Bernardino County,,Operational,SCE NOL,310917.0
Unknown - 4420,SCE NOL,sce,TAP,line_structure,False,115.0,35.016305,-117.55546785,San Bernardino County,,Operational,SCE NOL,310918.0
Unknown - 4424,SCE NOL,sce,TAP,line_structure,False,115.0,34.44399203,-116.945806,San Bernardino County,Lucerne Valley,Operational,SCE NOL,310926.0
Cajalco Tap,SCE Eastern,sce,TAP,line_structure,False,115.0,33.83649303,-117.21718611,Riverside County,Perris,Operational,SCE Eastern,307943.0
Unknown - 4032,SCE Eastern,sce,TAP,line_structure,False,115.0,33.9253772,-116.71965692,Riverside County,Whitewater,Operational,SCE Eastern,307979.0
Bunker 2 Tap,SCE Eastern,sce,TAP,line_structure,False,115.0,33.83044425,-117.21087308,Riverside County,Perris,Operational,SCE Eastern,308068.0
Unknown - 4251,SCE Metro,sce,TAP,line_structure,False,115.0,34.30708847,-117.3289459,San Bernardino County,,Operational,SCE Metro,310539.0
Unknown - 4258,SCE Eastern,sce,TAP,line_structure,False,115.0,33.80184707,-116.40626615,Riverside County,"Indio--Palm Desert--Palm Springs, CA",Operational,SCE Eastern,310554.0
Unknown - 4263,SCE Eastern,sce,TAP,line_structure,False,115.0,33.91017819,-116.55992651,Riverside County,Palm Springs,Operational,SCE Eastern,310564.0
Newcomb Tap,SCE Eastern,sce,TAP,line_structure,False,115.0,33.68450346,-117.15447331,Riverside County,Menifee,Operational,SCE Eastern,310575.0
Unknown - 4294,SCE Eastern,sce,TAP,line_structure,False,115.0,33.94640938,-117.17417945,Riverside County,Moreno Valley,Operational,SCE Eastern,310626.0
Banning Tap,SCE Eastern,sce,TAP,line_structure,False,115.0,33.91273568,-116.87231233,Riverside County,Banning,Operational,SCE Eastern,310681.0
Moreno Tap,SCE Eastern,sce,TAP,line_structure,False,115.0,33.94649932,-117.15650637,Riverside County,Moreno Valley,Operational,SCE Eastern,310770.0
Unknown - 4388,SCE Eastern,sce,TAP,line_structure,False,115.0,34.07380229,-117.17360621,San Bernardino County,Redlands,Operational,SCE Eastern,310841.0
Unknown - 3394,SCE Eastern,sce,NOT AVAILABLE,unknown,False,92.0,33.65677374,-116.14398307,Riverside County,Coachella,Operational,SCE Eastern,302103.0
Unknown - 3472,SCE Eastern,sce,TAP,line_structure,False,92.0,33.52523801,-116.13893085,Riverside County,Oasis,Operational,SCE Eastern,302553.0
Unknown - 3525,SCE Eastern,sce,TAP,line_structure,False,92.0,33.15471511,-115.64027633,Imperial County,,Operational,SCE Eastern,302675.0
Unknown - 3560,SCE Eastern,sce,TAP,line_structure,False,92.0,33.1767231,-115.56700735,Imperial County,,Operational,SCE Eastern,302755.0
Unknown - 3765,SCE Eastern,sce,TAP,line_structure,False,92.0,33.15682811,-115.64027833,Imperial County,,Operational,SCE Eastern,305250.0
Unknown - 3815,SCE Eastern,sce,TAP,line_structure,False,92.0,33.69993831,-116.23400064,Riverside County,Indio,Operational,SCE Eastern,305395.0
Unknown - 4023,SCE Eastern,sce,TAP,line_structure,False,92.0,33.74449837,-116.16371461,Riverside County,,Operational,SCE Eastern,307941.0
Unknown - 4065,SCE Eastern,sce,TAP,line_structure,False,92.0,33.15397811,-115.64020533,Imperial County,,Operational,SCE Eastern,308055.0
Unknown - 3831,SCE Northern,sce,TAP,line_structure,False,70.0,35.36186388,-118.87871417,Kern County,,Operational,SCE Northern,305438.0
Unknown - 3331,SCE Metro,sce,RISER,line_structure,False,69.0,33.85117525,-117.88064085,Orange County,Anaheim,Operational,SCE Metro,300594.0
Unknown - 3339,SCE Metro,sce,RISER,line_structure,False,69.0,33.82741272,-117.92874606,Orange County,Anaheim,Operational,SCE Metro,300724.0
Unknown - 3343,SCE Metro,sce,RISER,line_structure,False,69.0,33.81780201,-117.94440069,Orange County,Anaheim,Operational,SCE Metro,300825.0
Unknown - 3629,SCE Metro,sce,RISER,line_structure,False,69.0,33.8544638,-117.87493558,Orange County,Anaheim,Operational,SCE Metro,303685.0
Unknown - 3630,SCE Metro,sce,RISER,line_structure,False,69.0,33.81781602,-117.93884096,Orange County,Anaheim,Operational,SCE Metro,303727.0
Unknown - 3642,SCE Metro,sce,RISER,line_structure,False,69.0,33.81795315,-117.90597889,Orange County,Anaheim,Operational,SCE Metro,303989.0
Unknown - 3668,SCE Metro,sce,RISER,line_structure,False,69.0,33.85388259,-117.87652866,Orange County,Anaheim,Operational,SCE Metro,304602.0
Unknown - 3718,SCE Metro,sce,TAP,line_structure,False,69.0,33.86432314,-117.77544691,Orange County,Anaheim,Operational,SCE Metro,305153.0
Unknown - 3889,SCE Metro,sce,RISER,line_structure,False,69.0,33.81789315,-117.92914688,Orange County,Anaheim,Operational,SCE Metro,306151.0
Unknown - 3914,SCE Metro,sce,RISER,line_structure,False,69.0,33.85281856,-117.8809068,Orange County,Anaheim,Operational,SCE Metro,306682.0
Unknown - 3933,SCE Metro,sce,RISER,line_structure,False,69.0,33.84715083,-117.88713706,Orange County,Anaheim,Operational,SCE Metro,307067.0
Unknown - 3947,SCE Metro,sce,RISER,line_structure,False,69.0,33.85072315,-117.92343888,Orange County,Anaheim,Operational,SCE Metro,307312.0
Unknown - 3963,SCE Metro,sce,RISER,line_structure,False,69.0,33.85969614,-117.7930119,Orange County,Anaheim,Operational,SCE Metro,307667.0
Unknown - 4124,SCE Metro,sce,RISER,line_structure,False,69.0,33.85077518,-117.92342593,Orange County,Anaheim,Operational,SCE Metro,308346.0
Unknown - 4144,SCE Metro,sce,RISER,line_structure,False,69.0,33.84680515,-117.92359888,Orange County,Anaheim,Operational,SCE Metro,308630.0
Unknown - 4196,SCE Metro,sce,RISER,line_structure,False,69.0,33.82940536,-117.91944799,Orange County,Anaheim,Operational,SCE Metro,309425.0
Unknown - 4210,SCE Metro,sce,RISER,line_structure,False,69.0,33.85790654,-117.79127856,Orange County,Anaheim,Operational,SCE Metro,309716.0
Unknown - 618,SCE,sce,RISER,line_structure,False,66.0,34.03341188,-117.96770139,Los Angeles County,Industry,Operational,SCE Metro,301535.0
Ellwood,SCE,sce,TAP,line_structure,False,66.0,34.43113252,-119.90009043,Santa Barbara County,Goleta,Operational,SCE Northern,308171.0
Unknown - 3284,SCE Metro,sce,RISER,line_structure,False,66.0,33.88820214,-117.8316699,Orange County,Yorba Linda,Operational,SCE Metro,300022.0
Unknown - 3286,SCE Metro,sce,NOT AVAILABLE,unknown,False,66.0,33.96644517,-118.19442231,Los Angeles County,Cudahy,Operational,SCE Metro,300045.0
Unknown - 3287,SCE Metro,sce,RISER,line_structure,False,66.0,33.95474416,-118.41368079,Los Angeles County,Los Angeles,Operational,SCE Metro,300048.0
Unknown - 3302,SCE Metro,sce,RISER,line_structure,False,66.0,33.76369115,-117.8560679,Orange County,Santa Ana,Operational,SCE Metro,300194.0
Deadend300291,SCE Metro,sce,DEAD END,line_structure,False,66.0,33.88771515,-118.03887686,Los Angeles County,Cerritos,Operational,SCE Metro,300291.0
Unknown - 3316,SCE Metro,sce,RISER,line_structure,False,66.0,33.99644012,-117.69062191,San Bernardino County,Chino,Operational,SCE Metro,300337.0
Unknown - 3318,SCE Metro,sce,RISER,line_structure,False,66.0,33.92567016,-118.20005683,Los Angeles County,Lynwood,Operational,SCE Metro,300351.0
Unknown - 3338,SCE Metro,sce,RISER,line_structure,False,66.0,33.72997517,-118.00058088,Orange County,Huntington Beach,Operational,SCE Metro,300718.0
Unknown - 3340,SCE Metro,sce,DEAD END,line_structure,False,66.0,33.97689614,-118.10193184,Los Angeles County,Pico Rivera,Operational,SCE Metro,300734.0
Unknown - 3351,SCE Metro,sce,RISER,line_structure,False,66.0,33.88046015,-118.04792086,Los Angeles County,Cerritos,Operational,SCE Metro,301018.0
Unknown - 3354,SCE Eastern,sce,RISER,line_structure,False,66.0,34.10097076,-117.27930479,San Bernardino County,San Bernardino,Operational,SCE Eastern,301130.0
Unknown - 3371,SCE Metro,sce,RISER,line_structure,False,66.0,34.01892067,-118.40726881,Los Angeles County,Los Angeles,Operational,SCE Metro,301552.0
Unknown - 3374,SCE Northern,sce,NOT AVAILABLE,unknown,False,66.0,34.20581151,-119.12437447,Ventura County,,Operational,SCE Northern,301604.0
Unknown - 3382,SCE Metro,sce,NOT AVAILABLE,unknown,False,66.0,33.8129336,-117.8739123,Orange County,Anaheim,Operational,SCE Metro,301770.0
Unknown - 3390,SCE Metro,sce,RISER,line_structure,False,66.0,34.02990013,-117.91198887,Los Angeles County,West Covina,Operational,SCE Metro,302037.0
Unknown - 3395,SCE Eastern,sce,RISER,line_structure,False,66.0,34.08453429,-117.32700061,San Bernardino County,Colton,Operational,SCE Eastern,302124.0
Unknown - 3407,SCE Metro,sce,RISER,line_structure,False,66.0,33.65223117,-117.9359339,Orange County,Costa Mesa,Operational,SCE Metro,302306.0
Unknown - 3408,SCE Metro,sce,DEAD END,line_structure,False,66.0,33.95914997,-118.22474742,Los Angeles County,South Gate,Operational,SCE Metro,302335.0
Unknown - 3411,SCE Metro,sce,RISER,line_structure,False,66.0,34.10685512,-117.92915986,Los Angeles County,Irwindale,Operational,SCE Metro,302397.0
Unknown - 3422,SCE Metro,sce,TAP,line_structure,False,66.0,34.12234512,-117.97745685,Los Angeles County,Irwindale,Operational,SCE Metro,302440.0
Unknown - 3424,SCE Eastern,sce,TAP,line_structure,False,66.0,34.05162709,-117.34057697,San Bernardino County,Colton,Operational,SCE Eastern,302446.0
Unknown - 3425,SCE Northern,sce,TAP,line_structure,False,66.0,34.80800829,-118.72182804,Los Angeles County,,Operational,SCE Northern,302447.0
Unknown - 3426,SCE Northern,sce,TAP,line_structure,False,66.0,34.71891068,-118.17910595,Los Angeles County,Lancaster,Operational,SCE Northern,302448.0
Unknown - 3430,SCE Eastern,sce,TAP,line_structure,False,66.0,34.08623709,-117.28187797,San Bernardino County,San Bernardino,Operational,SCE Eastern,302453.0
Unknown - 3431,SCE Northern,sce,TAP,line_structure,False,66.0,34.45929366,-119.88014637,Santa Barbara County,,Operational,SCE Northern,302454.0
Unknown - 3432,SCE Metro,sce,TAP,line_structure,False,66.0,33.8642388,-118.22201777,Los Angeles County,"Los Angeles--Long Beach--Anaheim, CA",Operational,SCE Metro,302456.0
Unknown - 3436,SCE Northern,sce,TAP,line_structure,False,66.0,34.76501148,-118.7224481,Los Angeles County,,Operational,SCE Northern,302469.0
Unknown - 3438,SCE Northern,sce,TAP,line_structure,False,66.0,35.83387121,-119.25011094,Tulare County,,Operational,SCE Northern,302475.0
Unknown - 3444,SCE Northern,sce,TAP,line_structure,False,66.0,34.18220992,-119.11807638,Ventura County,,Operational,SCE Northern,302491.0
Unknown - 3449,SCE Northern,sce,TAP,line_structure,False,66.0,36.12342626,-119.30402132,Tulare County,,Operational,SCE Northern,302504.0
Unknown - 3453,SCE Metro,sce,TAP,line_structure,False,66.0,33.80428765,-118.15863698,Los Angeles County,Long Beach,Operational,SCE Metro,302514.0
Unknown - 3455,SCE Northern,sce,TAP,line_structure,False,66.0,34.27909143,-118.72194469,Ventura County,Simi Valley,Operational,SCE Northern,302519.0
SS3145 Eagle Rock Tap 2,SCE Metro,sce,TAP,line_structure,False,66.0,34.10507968,-118.23794836,Los Angeles County,Los Angeles,Operational,SCE Metro,302536.0
Unknown - 3464,SCE Metro,sce,TAP,line_structure,False,66.0,33.92525515,-118.02450293,Los Angeles County,South Whittier,Operational,SCE Metro,302541.0
Unknown - 3465,SCE Eastern,sce,TAP,line_structure,False,66.0,34.05153842,-117.34042649,San Bernardino County,Colton,Operational,SCE Eastern,302544.0
Unknown - 3476,SCE Metro,sce,TAP,line_structure,False,66.0,34.04247414,-118.18695262,Los Angeles County,East Los Angeles,Operational,SCE Metro,302560.0
Glendale South Tap 1,SCE Metro,sce,TAP,line_structure,False,66.0,34.10464819,-118.23852928,Los Angeles County,Los Angeles,Operational,SCE Metro,302569.0
Unknown - 3487,SCE Metro,sce,TAP,line_structure,False,66.0,33.7600042,-117.83391931,Orange County,Tustin,Operational,SCE Metro,302592.0
Unknown - 3489,SCE Metro,sce,TAP,line_structure,False,66.0,33.70139717,-117.97804827,Orange County,Fountain Valley,Operational,SCE Metro,302598.0
Unknown - 3496,SCE Metro,sce,TAP,line_structure,False,66.0,34.09221079,-117.68643653,San Bernardino County,Montclair,Operational,SCE Metro,302615.0
Unknown - 3497,SCE Northern,sce,TAP,line_structure,False,66.0,34.20172413,-119.14204385,Ventura County,Oxnard,Operational,SCE Northern,302619.0
Unknown - 3498,SCE Metro,sce,TAP,line_structure,False,66.0,34.00255613,-117.88735335,Los Angeles County,Industry,Operational,SCE Metro,302622.0
Unknown - 3516,SCE Metro,sce,TAP,line_structure,False,66.0,33.97250715,-118.12099284,Los Angeles County,Downey,Operational,SCE Metro,302657.0
Unknown - 3521,SCE Metro,sce,TAP,line_structure,False,66.0,33.86171817,-118.28447782,Los Angeles County,Los Angeles,Operational,SCE Metro,302664.0
Unknown - 3526,SCE Northern,sce,TAP,line_structure,False,66.0,36.21092232,-119.21533147,Tulare County,,Operational,SCE Northern,302676.0
Unknown - 3527,SCE Metro,sce,TAP,line_structure,False,66.0,33.74876237,-117.92893905,Orange County,Santa Ana,Operational,SCE Metro,302678.0
Unknown - 3528,SCE Northern,sce,TAP,line_structure,False,66.0,34.19844814,-118.38761079,Los Angeles County,Los Angeles,Operational,SCE Northern,302680.0
Unknown - 3532,SCE Metro,sce,TAP,line_structure,False,66.0,34.02267514,-118.08789584,Los Angeles County,Montebello,Operational,SCE Metro,302688.0
Unknown - 3533,SCE Metro,sce,TAP,line_structure,False,66.0,34.01872759,-117.55810755,Riverside County,Eastvale,Operational,SCE Metro,302690.0
Unknown - 3539,SCE,sce,TAP,line_structure,False,66.0,33.64322817,-117.95645789,Orange County,Huntington Beach,Operational,SCE Metro,302704.0
SS3145 Eagle Rock Tap 1,SCE Metro,sce,TAP,line_structure,False,66.0,34.11828517,-118.23204908,Los Angeles County,Los Angeles,Operational,SCE Metro,302731.0
Unknown - 3553,SCE Metro,sce,TAP,line_structure,False,66.0,33.80814317,-118.17181784,Los Angeles County,Signal Hill,Operational,SCE Metro,302734.0
Unknown - 3556,SCE Metro,sce,TAP,line_structure,False,66.0,33.88022308,-118.33535501,Los Angeles County,Alondra Park,Operational,SCE Metro,302740.0
Unknown - 3557,SCE Eastern,sce,TAP,line_structure,False,66.0,34.12120709,-117.45344494,San Bernardino County,Fontana,Operational,SCE Eastern,302747.0
Glendale South Tap 5,SCE Metro,sce,TAP,line_structure,False,66.0,34.11475449,-118.24585351,Los Angeles County,Los Angeles,Operational,SCE Metro,302751.0
Unknown - 3587,SCE Metro,sce,RISER,line_structure,False,66.0,33.88047415,-118.04725686,Los Angeles County,Cerritos,Operational,SCE Metro,302950.0
Unknown - 3590,SCE Eastern,sce,RISER,line_structure,False,66.0,34.08453665,-117.32703426,San Bernardino County,Colton,Operational,SCE Eastern,303012.0
Unknown - 3593,SCE Northern,sce,NOT AVAILABLE,unknown,False,66.0,34.33802231,-118.51180891,Los Angeles County,,Operational,SCE Northern,303050.0
Unknown - 3594,SCE Metro,sce,NOT AVAILABLE,unknown,False,66.0,34.09916017,-118.08192755,Los Angeles County,San Gabriel,Operational,SCE Metro,303054.0
Unknown - 3602,SCE Metro,sce,RISER,line_structure,False,66.0,33.83213216,-118.14321185,Los Angeles County,Long Beach,Operational,SCE Metro,303196.0
Unknown - 3604,SCE Metro,sce,RISER,line_structure,False,66.0,33.95474816,-118.41359279,Los Angeles County,Los Angeles,Operational,SCE Metro,303241.0
Unknown - 3610,SCE Metro,sce,RISER,line_structure,False,66.0,33.86966015,-117.96808987,Orange County,Fullerton,Operational,SCE Metro,303316.0
Unknown - 3614,SCE Metro,sce,RISER,line_structure,False,66.0,34.05630438,-118.13404503,Los Angeles County,Monterey Park,Operational,SCE Metro,303397.0
Unknown - 3616,SCE Metro,sce,DEAD END,line_structure,False,66.0,34.07739333,-117.54274868,San Bernardino County,Rancho Cucamonga,Operational,SCE Metro,303425.0
Unknown - 3626,SCE Metro,sce,RISER,line_structure,False,66.0,34.00572246,-117.83047146,Los Angeles County,Industry,Operational,SCE Metro,303568.0
Unknown - 3627,SCE Northern,sce,NOT AVAILABLE,unknown,False,66.0,34.32153116,-118.97763267,Ventura County,,Operational,SCE Northern,303573.0
Unknown - 3631,SCE Metro,sce,RISER,line_structure,False,66.0,33.97426416,-118.41367979,Los Angeles County,Los Angeles,Operational,SCE Metro,303746.0
Unknown - 3635,SCE Eastern,sce,DEAD END,line_structure,False,66.0,34.04309409,-117.24374098,San Bernardino County,Loma Linda,Operational,SCE Eastern,303813.0
Unknown - 3645,SCE Metro,sce,NOT AVAILABLE,unknown,False,66.0,33.61642117,-117.76224093,Orange County,,Operational,SCE Metro,304054.0
Unknown - 3650,SCE Metro,sce,DEAD END,line_structure,False,66.0,33.93905214,-117.91598088,Orange County,Brea,Operational,SCE Metro,304108.0
Unknown - 3662,SCE Metro,sce,DEAD END,line_structure,False,66.0,33.71526316,-117.84462791,Orange County,Santa Ana,Operational,SCE Metro,304422.0
Unknown - 3677,SCE Metro,sce,RISER,line_structure,False,66.0,33.80883815,-117.8442739,Orange County,Orange,Operational,SCE Metro,304759.0
Unknown - 3681,SCE Eastern,sce,NOT AVAILABLE,unknown,False,66.0,34.05585716,-117.31927364,San Bernardino County,Colton,Operational,SCE Eastern,304868.0
Unknown - 3690,SCE Metro,sce,RISER,line_structure,False,66.0,33.65241617,-117.9442669,Orange County,Costa Mesa,Operational,SCE Metro,305039.0
Unknown - 3692,SCE Metro,sce,RISER,line_structure,False,66.0,34.03589508,-117.76303795,Los Angeles County,Pomona,Operational,SCE Metro,305089.0
Unknown - 3693,SCE Northern,sce,TAP,line_structure,False,66.0,35.05293811,-118.31034858,Kern County,,Operational,SCE Northern,305105.0
Unknown - 3695,SCE Northern,sce,TAP,line_structure,False,66.0,34.43025427,-119.87187666,Santa Barbara County,Goleta,Operational,SCE Northern,305114.0
Unknown - 3696,SCE Metro,sce,TAP,line_structure,False,66.0,33.92690027,-118.01207342,Los Angeles County,South Whittier,Operational,SCE Metro,305115.0
SS3144 Tap,SCE Metro,sce,TAP,line_structure,False,66.0,34.12100843,-118.22641132,Los Angeles County,Los Angeles,Operational,SCE Metro,305130.0
Unknown - 3705,SCE Metro,sce,TAP,line_structure,False,66.0,33.94866983,-118.22500531,Los Angeles County,South Gate,Operational,SCE Metro,305133.0
Unknown - 3712,SCE Northern,sce,TAP,line_structure,False,66.0,36.29821639,-119.3672235,Tulare County,,Operational,SCE Northern,305145.0
Unknown - 3714,SCE Metro,sce,TAP,line_structure,False,66.0,33.9547171,-118.06753172,Los Angeles County,Santa Fe Springs,Operational,SCE Metro,305147.0
Unknown - 3736,SCE Northern,sce,TAP,line_structure,False,66.0,34.15448917,-119.11817865,Ventura County,,Operational,SCE Northern,305189.0
Unknown - 3741,SCE Metro,sce,TAP,line_structure,False,66.0,33.79804934,-118.28313142,Los Angeles County,Carson,Operational,SCE Metro,305206.0
Unknown - 3745,SCE Northern,sce,TAP,line_structure,False,66.0,34.31717376,-119.13867037,Ventura County,,Operational,SCE Northern,305212.0
Unknown - 3747,SCE Metro,sce,TAP,line_structure,False,66.0,33.99385587,-118.15320114,Los Angeles County,Commerce,Operational,SCE Metro,305214.0
Unknown - 3755,SCE Metro,sce,TAP,line_structure,False,66.0,33.73257908,-117.82747859,Orange County,Tustin,Operational,SCE Metro,305231.0
Unknown - 3760,SCE Eastern,sce,TAP,line_structure,False,66.0,34.02979896,-117.11190802,San Bernardino County,Yucaipa,Operational,SCE Eastern,305239.0
Unknown - 3761,SCE Metro,sce,TAP,line_structure,False,66.0,33.9897627,-117.68887748,San Bernardino County,Chino,Operational,SCE Metro,305240.0
Unknown - 3773,SCE Metro,sce,TAP,line_structure,False,66.0,34.01878079,-117.55807719,Riverside County,Eastvale,Operational,SCE Metro,305287.0
Unknown - 3780,SCE Eastern,sce,TAP,line_structure,False,66.0,34.04851009,-117.26130598,San Bernardino County,Loma Linda,Operational,SCE Eastern,305306.0
Unknown - 3792,SCE Metro,sce,TAP,line_structure,False,66.0,33.71604755,-117.88515977,Orange County,Santa Ana,Operational,SCE Metro,305342.0
Unknown - 3798,SCE Northern,sce,TAP,line_structure,False,66.0,34.6458967,-118.14786514,Los Angeles County,Lancaster,Operational,SCE Northern,305357.0
Unknown - 3801,SCE Northern,sce,TAP,line_structure,False,66.0,34.27279897,-118.93312889,Ventura County,,Operational,SCE Northern,305364.0
Unknown - 3806,SCE Metro,sce,TAP,line_structure,False,66.0,33.85903442,-117.96789259,Orange County,Fullerton,Operational,SCE Metro,305375.0
Unknown - 3814,SCE Metro,sce,TAP,line_structure,False,66.0,33.92339265,-117.86404799,Orange County,Brea,Operational,SCE Metro,305394.0
Unknown - 3816,SCE Metro,sce,TAP,line_structure,False,66.0,33.78853617,-118.10777686,Los Angeles County,Long Beach,Operational,SCE Metro,305397.0
Unknown - 3822,SCE Metro,sce,TAP,line_structure,False,66.0,34.00292436,-117.76906425,San Bernardino County,Chino Hills,Operational,SCE Metro,305415.0
Unknown - 3824,SCE Metro,sce,TAP,line_structure,False,66.0,34.08214313,-118.04514292,Los Angeles County,El Monte,Operational,SCE Metro,305421.0
Unknown - 3826,SCE Metro,sce,TAP,line_structure,False,66.0,33.85897914,-117.97641473,Orange County,Fullerton,Operational,SCE Metro,305426.0
Unknown - 3829,SCE Metro,sce,TAP,line_structure,False,66.0,34.09082113,-118.07501204,Los Angeles County,Rosemead,Operational,SCE Metro,305436.0
Unknown - 3830,SCE Metro,sce,TAP,line_structure,False,66.0,34.02657239,-117.6674574,San Bernardino County,Chino,Operational,SCE Metro,305437.0
Unknown - 3834,SCE Northern,sce,TAP,line_structure,False,66.0,35.76174137,-119.0985276,Kern County,,Operational,SCE Northern,305444.0
Unknown - 3837,SCE Northern,sce,TAP,line_structure,False,66.0,35.07153951,-118.31964221,Kern County,,Operational,SCE Northern,305450.0
SS3143 Tap,SCE Metro,sce,TAP,line_structure,False,66.0,34.11236311,-118.26763565,Los Angeles County,Los Angeles,Operational,SCE Metro,305468.0
Unknown - 3849,SCE Metro,sce,TAP,line_structure,False,66.0,34.00585713,-117.82134898,Los Angeles County,Diamond Bar,Operational,SCE Metro,305483.0
Unknown - 3853,SCE Northern,sce,TAP,line_structure,False,66.0,36.29282676,-119.25190098,Tulare County,,Operational,SCE Northern,305488.0
Unknown - 3856,SCE Metro,sce,DEAD END,line_structure,False,66.0,33.98319828,-117.74100623,San Bernardino County,Chino Hills,Operational,SCE Metro,305511.0
Unknown - 3863,SCE Metro,sce,NOT AVAILABLE,unknown,False,66.0,33.64327415,-117.95459277,Orange County,Costa Mesa,Operational,SCE Metro,305571.0
Unknown - 3872,SCE Metro,sce,RISER,line_structure,False,66.0,33.62988776,-117.73151087,Orange County,Irvine,Operational,SCE Metro,305797.0
Unknown - 3876,SCE Metro,sce,RISER,line_structure,False,66.0,33.99719612,-117.69124191,San Bernardino County,Chino,Operational,SCE Metro,305887.0
Unknown - 3899,SCE Metro,sce,NOT AVAILABLE,unknown,False,66.0,33.91631867,-118.31761,Los Angeles County,Gardena,Operational,SCE Metro,306375.0
Unknown - 3909,SCE Metro,sce,NOT AVAILABLE,unknown,False,66.0,33.98283789,-117.69749249,San Bernardino County,Chino,Operational,SCE Metro,306557.0
Unknown - 3919,SCE Metro,sce,RISER,line_structure,False,66.0,33.88871625,-117.83811713,Orange County,Placentia,Operational,SCE Metro,306782.0
Unknown - 3927,SCE Metro,sce,RISER,line_structure,False,66.0,33.62939216,-117.72722593,Orange County,Irvine,Operational,SCE Metro,306951.0
Unknown - 3928,SCE Metro,sce,RISER,line_structure,False,66.0,33.93726695,-118.21324879,Los Angeles County,Lynwood,Operational,SCE Metro,306962.0
Unknown - 3932,SCE Metro,sce,RISER,line_structure,False,66.0,33.99741812,-117.68937091,San Bernardino County,Chino,Operational,SCE Metro,307055.0
Unknown - 3936,SCE Metro,sce,DEAD END,line_structure,False,66.0,33.80244697,-117.87529847,Orange County,Orange,Operational,SCE Metro,307139.0
Unknown - 3938,SCE Metro,sce,RISER,line_structure,False,66.0,33.89949714,-117.8274789,Orange County,Yorba Linda,Operational,SCE Metro,307145.0
Unknown - 3946,SCE Eastern,sce,NOT AVAILABLE,unknown,False,66.0,33.90760912,-117.46889525,Riverside County,Riverside,Operational,SCE Eastern,307297.0
Unknown - 3948,SCE Metro,sce,RISER,line_structure,False,66.0,34.05039237,-118.43198232,Los Angeles County,Los Angeles,Operational,SCE Metro,307338.0
Unknown - 3953,SCE Metro,sce,RISER,line_structure,False,66.0,33.99699612,-117.71443891,San Bernardino County,Chino,Operational,SCE Metro,307427.0
Unknown - 3958,SCE Metro,sce,RISER,line_structure,False,66.0,34.00771561,-117.83815874,Los Angeles County,Industry,Operational,SCE Metro,307518.0
Unknown - 3965,SCE Metro,sce,RISER,line_structure,False,66.0,34.11532412,-117.93404186,Los Angeles County,Azusa,Operational,SCE Metro,307704.0
Unknown - 3969,SCE Northern,sce,NOT AVAILABLE,unknown,False,66.0,35.7329193,-119.09850172,Kern County,,Operational,SCE Northern,307744.0
Unknown - 3976,SCE Northern,sce,TAP,line_structure,False,66.0,34.18225266,-119.12158893,Ventura County,,Operational,SCE Northern,307843.0
Unknown - 3979,SCE Northern,sce,TAP,line_structure,False,66.0,35.80493641,-119.25016763,Tulare County,,Operational,SCE Northern,307849.0
Unknown - 3980,SCE Northern,sce,TAP,line_structure,False,66.0,34.56514082,-118.14018309,Los Angeles County,Palmdale,Operational,SCE Northern,307850.0
Unknown - 3993,SCE Northern,sce,TAP,line_structure,False,66.0,34.26356834,-119.07660623,Ventura County,,Operational,SCE Northern,307874.0
Unknown - 3994,SCE Metro,sce,TAP,line_structure,False,66.0,33.88212516,-118.09966924,Los Angeles County,Cerritos,Operational,SCE Metro,307875.0
Unknown - 3995,SCE Metro,sce,TAP,line_structure,False,66.0,34.06793956,-117.972987,Los Angeles County,Baldwin Park,Operational,SCE Metro,307877.0
Unknown - 3996,SCE Metro,sce,TAP,line_structure,False,66.0,34.04793511,-117.54204093,San Bernardino County,Ontario,Operational,SCE Metro,307878.0
Glendale South Tap 2,SCE Metro,sce,TAP,line_structure,False,66.0,34.10444501,-118.25366328,Los Angeles County,Los Angeles,Operational,SCE Metro,307881.0
Unknown - 4003,SCE Eastern,sce,TAP,line_structure,False,66.0,34.08613747,-117.28525191,San Bernardino County,San Bernardino,Operational,SCE Eastern,307890.0
Unknown - 4006,SCE Metro,sce,TAP,line_structure,False,66.0,34.113463,-117.93236875,Los Angeles County,Irwindale,Operational,SCE Metro,307902.0
Unknown - 4418,SCE Northern,sce,TAP,line_structure,False,66.0,36.29279843,-119.24746082,Tulare County,,Operational,SCE Northern,310916.0
Unknown - 4427,SCE Northern,sce,TAP,line_structure,False,66.0,34.4301673,-119.50404076,Santa Barbara County,,Operational,SCE Northern,310963.0
Unknown - 4434,SCE Metro,sce,TAP,line_structure,False,66.0,33.95910249,-117.55811579,Riverside County,Eastvale,Operational,SCE Metro,310973.0
Unknown - 4435,SCE Metro,sce,TAP,line_structure,False,66.0,34.00924388,-117.92534633,Los Angeles County,La Puente,Operational,SCE Metro,310974.0
Unknown - 4436,SCE Metro,sce,TAP,line_structure,False,66.0,34.09597632,-117.92522336,Los Angeles County,Vincent,Operational,SCE Metro,310975.0
Unknown - 4011,SCE Northern,sce,TAP,line_structure,False,66.0,36.33841956,-119.25198208,Tulare County,Visalia,Operational,SCE Northern,307911.0
Unknown - 4013,SCE Northern,sce,TAP,line_structure,False,66.0,34.60223651,-118.05841611,Los Angeles County,,Operational,SCE Northern,307915.0
Unknown - 4018,SCE Metro,sce,TAP,line_structure,False,66.0,33.75916071,-118.02943818,Orange County,Westminster,Operational,SCE Metro,307928.0
Unknown - 4020,SCE Metro,sce,TAP,line_structure,False,66.0,34.09971637,-117.69810562,San Bernardino County,Upland,Operational,SCE Metro,307933.0
Unknown - 4022,SCE Metro,sce,TAP,line_structure,False,66.0,33.90195915,-118.10027737,Los Angeles County,Norwalk,Operational,SCE Metro,307937.0
Federalgen Tap,SCE Metro,sce,TAP,line_structure,False,66.0,33.98061565,-118.16701848,Los Angeles County,Commerce,Operational,SCE Metro,307955.0
Unknown - 4034,SCE Metro,sce,TAP,line_structure,False,66.0,33.94410415,-118.05221685,Los Angeles County,Santa Fe Springs,Operational,SCE Metro,307982.0
Unknown - 4036,SCE Metro,sce,TAP,line_structure,False,66.0,33.96351915,-118.19488483,Los Angeles County,Huntington Park,Operational,SCE Metro,307987.0
Glendale South Tap 3,SCE Metro,sce,TAP,line_structure,False,66.0,34.11293381,-118.24801024,Los Angeles County,Los Angeles,Operational,SCE Metro,307989.0
Unknown - 4039,SCE Metro,sce,TAP,line_structure,False,66.0,33.89189377,-117.5689341,Riverside County,Corona,Operational,SCE Metro,307998.0
Unknown - 4042,SCE Metro,sce,TAP,line_structure,False,66.0,33.74430976,-118.02857478,Orange County,Huntington Beach,Operational,SCE Metro,308003.0
Unknown - 4047,SCE Northern,sce,TAP,line_structure,False,66.0,35.83412492,-119.0355855,Tulare County,,Operational,SCE Northern,308020.0
Unknown - 4049,SCE Eastern,sce,TAP,line_structure,False,66.0,34.01460573,-117.42731662,Riverside County,Jurupa Valley,Operational,SCE Eastern,308025.0
Unknown - 4051,SCE Metro,sce,TAP,line_structure,False,66.0,33.81747416,-118.07192616,Los Angeles County,Long Beach,Operational,SCE Metro,308028.0
Unknown - 4057,SCE Metro,sce,TAP,line_structure,False,66.0,33.70014216,-117.87683397,Orange County,Santa Ana,Operational,SCE Metro,308036.0
Unknown - 4060,SCE Metro,sce,TAP,line_structure,False,66.0,33.87144815,-118.02855401,Orange County,Buena Park,Operational,SCE Metro,308041.0
Unknown - 4061,SCE Eastern,sce,TAP,line_structure,False,66.0,34.02803808,-117.11875323,San Bernardino County,Yucaipa,Operational,SCE Eastern,308044.0
Unknown - 4072,SCE Northern,sce,TAP,line_structure,False,66.0,34.68928645,-118.22848888,Los Angeles County,Lancaster,Operational,SCE Northern,308076.0
Unknown - 4074,SCE Northern,sce,TAP,line_structure,False,66.0,34.57240225,-118.12922377,Los Angeles County,Palmdale,Operational,SCE Northern,308079.0
Unknown - 4078,SCE Metro,sce,TAP,line_structure,False,66.0,33.95892815,-118.22243713,Los Angeles County,South Gate,Operational,SCE Metro,308089.0
Unknown - 4085,SCE Northern,sce,TAP,line_structure,False,66.0,34.14727846,-118.76725782,Los Angeles County,Agoura Hills,Operational,SCE Northern,308100.0
Unknown - 4088,SCE Metro,sce,TAP,line_structure,False,66.0,34.12526512,-117.93391686,Los Angeles County,Irwindale,Operational,SCE Metro,308109.0
Unknown - 4101,SCE Metro,sce,TAP,line_structure,False,66.0,33.93906014,-117.92424375,Orange County,La Habra,Operational,SCE Metro,308140.0
Unknown - 4103,SCE Northern,sce,TAP,line_structure,False,66.0,36.21160915,-119.31326711,Tulare County,Tulare,Operational,SCE Northern,308145.0
Unknown - 4105,SCE Metro,sce,TAP,line_structure,False,66.0,34.02398714,-118.03729185,Los Angeles County,Industry,Operational,SCE Metro,308147.0
Unknown - 4121,SCE Metro,sce,RISER,line_structure,False,66.0,34.09281011,-117.76514789,Los Angeles County,La Verne,Operational,SCE Metro,308328.0
Unknown - 4128,SCE Metro,sce,RISER,line_structure,False,66.0,33.65273517,-117.9438899,Orange County,Costa Mesa,Operational,SCE Metro,308442.0
Unknown - 4135,SCE Metro,sce,RISER,line_structure,False,66.0,33.99730512,-117.71480391,San Bernardino County,Chino,Operational,SCE Metro,308522.0
Unknown - 4141,SCE Metro,sce,RISER,line_structure,False,66.0,33.99730312,-117.71472291,San Bernardino County,Chino,Operational,SCE Metro,308572.0
Unknown - 4145,SCE Eastern,sce,RISER,line_structure,False,66.0,34.10091482,-117.27931031,San Bernardino County,San Bernardino,Operational,SCE Eastern,308640.0
Unknown - 4153,SCE Metro,sce,RISER,line_structure,False,66.0,33.9330143,-118.36987661,Los Angeles County,Lennox,Operational,SCE Metro,308723.0
Unknown - 4158,SCE Metro,sce,RISER,line_structure,False,66.0,34.0674391,-118.21586758,Los Angeles County,Los Angeles,Operational,SCE Metro,308789.0
Unknown - 4163,SCE Metro,sce,NOT AVAILABLE,unknown,False,66.0,33.65456317,-117.86539299,Orange County,Newport Beach,Operational,SCE Metro,308872.0
Unknown - 4169,SCE Eastern,sce,DEAD END,line_structure,False,66.0,34.0481971,-117.47987194,San Bernardino County,Fontana,Operational,SCE Eastern,308956.0
Unknown - 4189,SCE Metro,sce,RISER,line_structure,False,66.0,33.62360946,-117.69701938,Orange County,Lake Forest,Operational,SCE Metro,309329.0
Unknown - 4195,SCE Metro,sce,RISER,line_structure,False,66.0,33.92957515,-118.06416385,Los Angeles County,Norwalk,Operational,SCE Metro,309417.0
Unknown - 4203,SCE Metro,sce,RISER,line_structure,False,66.0,34.10343714,-117.9343016,Los Angeles County,Irwindale,Operational,SCE Metro,309574.0
Unknown - 4223,SCE Metro,sce,DEAD END,line_structure,False,66.0,33.80229396,-117.8623845,Orange County,Orange,Operational,SCE Metro,309990.0
Unknown - 4224,SCE Metro,sce,RISER,line_structure,False,66.0,33.89948971,-117.82900524,Orange County,Yorba Linda,Operational,SCE Metro,310001.0
Unknown - 4239,SCE Metro,sce,DEAD END,line_structure,False,66.0,33.87885941,-118.33941379,Los Angeles County,Alondra Park,Operational,SCE Metro,310411.0
Unknown - 4256,SCE Metro,sce,TAP,line_structure,False,66.0,33.99701412,-117.70908191,San Bernardino County,Chino,Operational,SCE Metro,310550.0
Universal Studios Tap 2,SCE Metro,sce,TAP,line_structure,False,66.0,34.14308314,-118.35943579,Los Angeles County,Los Angeles,Operational,SCE Metro,310553.0
Unknown - 4259,SCE Metro,sce,TAP,line_structure,False,66.0,33.98971312,-117.7324789,San Bernardino County,Chino Hills,Operational,SCE Metro,310555.0
Underground Tap 1,SCE Metro,sce,TAP,line_structure,False,66.0,34.1175371,-118.23476182,Los Angeles County,Los Angeles,Operational,SCE Metro,310574.0
Unknown - 4270,SCE Northern,sce,TAP,line_structure,False,66.0,36.4141469,-119.25124728,Tulare County,,Operational,SCE Northern,310580.0
Unknown - 4282,SCE Metro,sce,TAP,line_structure,False,66.0,34.12825266,-117.93386923,Los Angeles County,Irwindale,Operational,SCE Metro,310602.0
Unknown - 4286,SCE Northern,sce,TAP,line_structure,False,66.0,34.60225687,-118.0723533,Los Angeles County,,Operational,SCE Northern,310609.0
Unknown - 4287,SCE Metro,sce,TAP,line_structure,False,66.0,33.94812365,-118.22841726,Los Angeles County,South Gate,Operational,SCE Metro,310611.0
Unknown - 4289,SCE Metro,sce,TAP,line_structure,False,66.0,33.7161594,-117.93724895,Orange County,Fountain Valley,Operational,SCE Metro,310615.0
Unknown - 4295,SCE Metro,sce,TAP,line_structure,False,66.0,33.92374655,-118.38521752,Los Angeles County,El Segundo,Operational,SCE Metro,310627.0
Unknown - 4301,SCE Metro,sce,TAP,line_structure,False,66.0,34.0335751,-117.52450294,San Bernardino County,Ontario,Operational,SCE Metro,310647.0
Unknown - 4306,SCE Northern,sce,TAP,line_structure,False,66.0,34.19748054,-118.38763821,Los Angeles County,Los Angeles,Operational,SCE Northern,310661.0
Unknown - 4313,SCE Metro,sce,TAP,line_structure,False,66.0,34.09156328,-117.5755835,San Bernardino County,Rancho Cucamonga,Operational,SCE Metro,310682.0
Unknown - 4319,SCE Eastern,sce,TAP,line_structure,False,66.0,34.0483547,-117.48875679,San Bernardino County,Fontana,Operational,SCE Eastern,310695.0
Unknown - 4321,SCE Eastern,sce,TAP,line_structure,False,66.0,34.05470918,-117.17491683,San Bernardino County,Redlands,Operational,SCE Eastern,310702.0
Unknown - 4325,SCE Metro,sce,TAP,line_structure,False,66.0,33.83184007,-118.24856946,Los Angeles County,Carson,Operational,SCE Metro,310711.0
Unknown - 4327,SCE Northern,sce,TAP,line_structure,False,66.0,34.11324196,-118.75099288,Los Angeles County,,Operational,SCE Northern,310716.0
Unknown - 4328,SCE Metro,sce,TAP,line_structure,False,66.0,34.0917179,-118.09967105,Los Angeles County,San Gabriel,Operational,SCE Metro,310719.0
Unknown - 4334,SCE Northern,sce,TAP,line_structure,False,66.0,36.12489595,-118.81746303,Tulare County,,Operational,SCE Northern,310733.0
Unknown - 4336,SCE Northern,sce,TAP,line_structure,False,66.0,34.67503367,-118.14799228,Los Angeles County,Lancaster,Operational,SCE Northern,310736.0
Unknown - 4342,SCE Eastern,sce,TAP,line_structure,False,66.0,34.05209197,-117.27858635,San Bernardino County,San Bernardino,Operational,SCE Eastern,310747.0
Unknown - 4346,SCE Northern,sce,TAP,line_structure,False,66.0,36.31262234,-119.36743615,Tulare County,Visalia,Operational,SCE Northern,310761.0
Universal Studios Tap,SCE Metro,sce,TAP,line_structure,False,66.0,34.14322061,-118.35922871,Los Angeles County,Los Angeles,Operational,SCE Metro,310764.0
Unknown - 4351,SCE Northern,sce,TAP,line_structure,False,66.0,34.41337912,-118.45737975,Los Angeles County,Santa Clarita,Operational,SCE Northern,310768.0
Glendale South Tap 6,SCE Metro,sce,TAP,line_structure,False,66.0,34.11337211,-118.24756481,Los Angeles County,Los Angeles,Operational,SCE Metro,310769.0
Unknown - 4364,SCE Northern,sce,TAP,line_structure,False,66.0,35.99328408,-119.17887408,Tulare County,,Operational,SCE Northern,310796.0
Unknown - 4367,SCE Metro,sce,TAP,line_structure,False,66.0,33.98993412,-117.69056091,San Bernardino County,Chino,Operational,SCE Metro,310806.0
Unknown - 4369,SCE Metro,sce,TAP,line_structure,False,66.0,33.91723473,-117.96842672,Orange County,La Habra,Operational,SCE Metro,310809.0
Unknown - 4371,SCE Metro,sce,TAP,line_structure,False,66.0,33.95703615,-118.18643083,Los Angeles County,Cudahy,Operational,SCE Metro,310811.0
Unknown - 4377,SCE Metro,sce,TAP,line_structure,False,66.0,33.75947837,-117.8062782,Orange County,North Tustin,Operational,SCE Metro,310822.0
Unknown - 4378,SCE Northern,sce,TAP,line_structure,False,66.0,34.34141717,-119.24153762,Ventura County,,Operational,SCE Northern,310823.0
Eagle Rock Underground Tap 1,SCE Metro,sce,TAP,line_structure,False,66.0,34.12339375,-118.22248903,Los Angeles County,Los Angeles,Operational,SCE Metro,310827.0
Unknown - 4391,SCE Metro,sce,TAP,line_structure,False,66.0,33.63692207,-117.86267643,Orange County,Newport Beach,Operational,SCE Metro,310848.0
Unknown - 4395,SCE Eastern,sce,TAP,line_structure,False,66.0,34.0809885,-117.17358669,San Bernardino County,Redlands,Operational,SCE Eastern,310858.0
Unknown - 4397,SCE Northern,sce,TAP,line_structure,False,66.0,34.68928107,-118.17487477,Los Angeles County,Lancaster,Operational,SCE Northern,310860.0
Unknown - 4399,SCE Metro,sce,TAP,line_structure,False,66.0,33.89651037,-117.58986597,Riverside County,Corona,Operational,SCE Metro,310864.0
Unknown - 3495,SCE NOL,sce,TAP,line_structure,False,34.0,34.25778673,-116.86622263,San Bernardino County,Big Bear Lake,Operational,SCE NOL,302613.0
Unknown - 3743,SCE NOL,sce,TAP,line_structure,False,34.0,34.26509519,-116.81491396,San Bernardino County,Big Bear City,Operational,SCE NOL,305209.0
Unknown - 3892,SCE NOL,sce,NOT AVAILABLE,unknown,False,34.0,34.26864023,-116.84967007,San Bernardino County,Big Bear City,Operational,SCE NOL,306255.0
Unknown - 3957,SCE NOL,sce,NOT AVAILABLE,unknown,False,34.0,34.26532459,-116.86625216,San Bernardino County,Big Bear City,Operational,SCE NOL,307478.0
Unknown - 3981,SCE NOL,sce,TAP,line_structure,False,34.0,34.26123431,-116.82633023,San Bernardino County,Big Bear City,Operational,SCE NOL,307854.0
Unknown - 4080,SCE NOL,sce,TAP,line_structure,False,34.0,34.27264265,-116.84015069,San Bernardino County,Big Bear City,Operational,SCE NOL,308092.0
Unknown - 3334,SCE Eastern,sce,RISER,line_structure,False,33.0,33.77254611,-116.98065405,Riverside County,Hemet,Operational,SCE Eastern,300639.0
Unknown - 3554,SCE NOL,sce,TAP,line_structure,False,33.0,34.73996899,-117.3215709,San Bernardino County,,Operational,SCE NOL,302735.0
Nuevo,SCE,sce,TAP,line_structure,False,33.0,33.83438375,-117.12281078,Riverside County,Lakeview,Operational,SCE Eastern,310984.0
Unknown - 4440,SCE Eastern,sce,TAP,line_structure,False,33.0,33.8443841,-117.01627404,Riverside County,,Operational,SCE Eastern,310983.0
Unknown - 4320,SCE Eastern,sce,TAP,line_structure,False,33.0,34.10235047,-116.99588849,San Bernardino County,,Operational,SCE Eastern,310698.0
Unioil,SCE,sce,NOT AVAILABLE,unknown,False,,34.20776179,-119.24672643,Ventura County,Oxnard,Operational,SCE Northern,301106.0
Unknown - 3290,SCE Metro,sce,RISER,line_structure,False,,34.18479413,-118.34388579,Los Angeles County,Burbank,Operational,SCE Metro,300067.0
Unknown - 3301,SCE Metro,sce,RISER,line_structure,False,,33.85919014,-117.7883899,Orange County,Anaheim,Operational,SCE Metro,300190.0
Unknown - 3325,SCE Metro,sce,NOT AVAILABLE,unknown,False,,33.97851415,-118.14880684,Los Angeles County,Commerce,Operational,SCE Metro,300445.0
Unknown - 3353,SCE Metro,sce,RISER,line_structure,False,,34.02619212,-117.7468819,Los Angeles County,Pomona,Operational,SCE Metro,301124.0
Unknown - 3359,SCE Metro,sce,RISER,line_structure,False,,33.94463497,-118.18849646,Los Angeles County,South Gate,Operational,SCE Metro,301289.0
Unknown - 3380,SCE Metro,sce,RISER,line_structure,False,,34.06186411,-117.68950491,San Bernardino County,Montclair,Operational,SCE Metro,301761.0
Unknown - 3402,SCE Metro,sce,RISER,line_structure,False,,33.91322592,-117.82624286,Orange County,Yorba Linda,Operational,SCE Metro,302215.0
Wilmington (Station C) Tap,SCE Metro,sce,TAP,line_structure,False,,33.8471208,-118.28388588,Los Angeles County,Carson,Operational,SCE Metro,302430.0
Unknown - 3466,SCE Eastern,sce,TAP,line_structure,False,,34.02655908,-117.10314612,San Bernardino County,Yucaipa,Operational,SCE Eastern,302547.0
Unknown - 3548,SCE Northern,sce,TAP,line_structure,False,,36.22541698,-119.23338045,Tulare County,,Operational,SCE Northern,302721.0
Unknown - 3588,SCE Metro,sce,RISER,line_structure,False,,34.18450813,-118.32557179,Los Angeles County,Burbank,Operational,SCE Metro,302954.0
Unknown - 3595,SCE Metro,sce,RISER,line_structure,False,,34.18479013,-118.34340778,Los Angeles County,Burbank,Operational,SCE Metro,303068.0
Unknown - 3600,SCE Northern,sce,RISER,line_structure,False,,34.2753218,-118.42370746,Los Angeles County,Los Angeles,Operational,SCE Northern,303171.0
Unknown - 3623,SCE Metro,sce,RISER,line_structure,False,,34.18451913,-118.32598979,Los Angeles County,Burbank,Operational,SCE Metro,303527.0
Unknown - 3634,SCE Metro,sce,RISER,line_structure,False,,33.91103086,-117.82596228,Orange County,"Los Angeles--Long Beach--Anaheim, CA",Operational,SCE Metro,303811.0
Unknown - 3641,SCE Eastern,sce,NOT AVAILABLE,unknown,False,,33.91792607,-116.73527608,Riverside County,,Operational,SCE Eastern,303977.0
Unknown - 3672,SCE Metro,sce,RISER,line_structure,False,,34.03452602,-118.07606866,Los Angeles County,"Los Angeles--Long Beach--Anaheim, CA",Operational,SCE Metro,304695.0
Unknown - 3676,SCE Metro,sce,RISER,line_structure,False,,33.88901914,-117.88989289,Orange County,Fullerton,Operational,SCE Metro,304738.0
Warne Tap,SCE Northern,sce,TAP,line_structure,False,,34.70473066,-118.74113556,Los Angeles County,,Operational,SCE Northern,305303.0
Unknown - 3861,SCE Eastern,sce,RISER,line_structure,False,,34.07019109,-117.20785783,San Bernardino County,Redlands,Operational,SCE Eastern,305547.0
Unknown - 3868,SCE Northern,sce,RISER,line_structure,False,,34.69719707,-118.14437278,Los Angeles County,Lancaster,Operational,SCE Northern,305698.0
Unknown - 3882,SCE Metro,sce,RISER,line_structure,False,,33.87397414,-117.74816591,Orange County,Anaheim,Operational,SCE Metro,305977.0
Unknown - 3891,SCE Eastern,sce,NOT AVAILABLE,unknown,False,,34.04434486,-117.35826261,San Bernardino County,Colton,Operational,SCE Eastern,306222.0
Velasco,SCE,sce,TAP,line_structure,False,,33.94640739,-118.16607146,Los Angeles County,South Gate,Operational,SCE Metro,310965.0
Unknown - 3956,SCE Metro,sce,RISER,line_structure,False,,34.06731411,-117.68942891,San Bernardino County,Montclair,Operational,SCE Metro,307451.0
Unknown - 3967,SCE Eastern,sce,NOT AVAILABLE,unknown,False,,33.86109507,-116.45643313,Riverside County,Cathedral City,Operational,SCE Eastern,307724.0
Unknown - 3985,SCE NOL,sce,TAP,line_structure,False,,34.29415257,-116.82284164,San Bernardino County,,Operational,SCE NOL,307863.0
Station L (Scattergood) Tap,SCE Metro,sce,TAP,line_structure,False,,33.93010694,-118.42799014,Los Angeles County,El Segundo,Operational,SCE Metro,307883.0
Ritter Ranch - (SCE),SCE,sce,TAP,line_structure,False,,34.55764046,-118.18023758,Los Angeles County,,Operational,SCE Northern,305244.0
Unknown - 4433,SCE Metro,sce,TAP,line_structure,False,,34.00436491,-117.56494633,San Bernardino County,Ontario,Operational,SCE Metro,310972.0
Unknown - 4015,SCE Eastern,sce,TAP,line_structure,False,,34.0359845,-117.24366345,San Bernardino County,Loma Linda,Operational,SCE Eastern,307919.0
Halldale Tap,SCE Metro,sce,TAP,line_structure,False,,33.84722617,-118.28398782,Los Angeles County,Carson,Operational,SCE Metro,308150.0
Unknown - 4119,SCE Metro,sce,RISER,line_structure,False,,33.91317629,-117.82634376,Orange County,Yorba Linda,Operational,SCE Metro,308235.0
Unknown - 4122,SCE Metro,sce,RISER,line_structure,False,,33.72314167,-118.04167023,Orange County,Huntington Beach,Operational,SCE Metro,308341.0
Unknown - 4140,SCE Eastern,sce,NOT AVAILABLE,unknown,False,,33.62742908,-116.1814272,Riverside County,Vista Santa Rosa,Operational,SCE Eastern,308570.0
Unknown - 4150,SCE Metro,sce,RISER,line_structure,False,,33.91321301,-117.82626243,Orange County,Yorba Linda,Operational,SCE Metro,308696.0
Unknown - 4154,SCE Metro,sce,RISER,line_structure,False,,33.91101739,-117.82603924,Orange County,"Los Angeles--Long Beach--Anaheim, CA",Operational,SCE Metro,308750.0
Unknown - 4245,SCE Metro,sce,RISER,line_structure,False,,33.87594015,-117.96859787,Orange County,Fullerton,Operational,SCE Metro,310462.0
Elsinore Tap,SCE Eastern,sce,TAP,line_structure,False,,33.68399063,-117.33165868,Riverside County,Lake Elsinore,Operational,SCE Eastern,310743.0
Falcon Ridge,SCE,sce,SUBSTATION ASSUMED,substation,True,500.0,34.1537771,-117.43494779,San Bernardino County,Fontana,Operational,SCE Eastern,
Devers - SCE,SCE,sce,SUBSTATION,substation,True,500.0,33.93473565,-116.57788157,Riverside County,,Operational,SCE Eastern,307400.0
Valley - (SCE),SCE,sce,SUBSTATION,substation,True,500.0,33.73998954,-117.15610183,Riverside County,Menifee,Operational,SCE Eastern,308877.0
Del Amo,SCE,sce,SUBSTATION,substation,True,500.0,33.84773053,-118.09685474,Los Angeles County,Cerritos,Operational,SCE Metro,302187.0
Mesa - (SCE),SCE,sce,SUBSTATION,substation,True,500.0,34.03725796,-118.11045806,Los Angeles County,Monterey Park,Operational,SCE Metro,301541.0
Mira Loma,SCE,sce,SUBSTATION,substation,True,500.0,34.008175,-117.56435152,San Bernardino County,Ontario,Operational,SCE Metro,301524.0
Camp 10,SCE,sce,SUBSTATION ASSUMED,substation,True,230.0,37.20417346,-119.24035442,Fresno County,Big Creek,Operational,PGE Fresno,
Pitman,SCE,sce,SUBSTATION ASSUMED,substation,True,230.0,37.20543362,-119.24083372,Fresno County,,Operational,PGE Fresno,
Cottonwood - (SCE),SCE,sce,SUBSTATION,substation,True,230.0,34.37254868,-116.8612522,San Bernardino County,,Operational,SCE NOL,301384.0
Whipple,SCE,sce,SUBSTATION ASSUMED,substation,True,230.0,34.29377789,-114.17245801,San Bernardino County,,Operational,SCE Eastern,
Iron Mt.,SCE,sce,SUBSTATION,substation,True,230.0,34.14883405,-115.12193589,San Bernardino County,,Operational,SCE Eastern,307637.0
Rector,SCE,sce,SUBSTATION,substation,True,230.0,36.30430053,-119.24455689,Tulare County,,Operational,SCE Northern,307488.0
Vestal,SCE,sce,SUBSTATION,substation,True,230.0,35.84173851,-119.08503548,Tulare County,,Operational,SCE Northern,307347.0
Moorpark,SCE,sce,SUBSTATION,substation,True,230.0,34.28092277,-118.9029943,Ventura County,Moorpark,Operational,SCE Northern,304439.0
Etiwanda,SCE,sce,SUBSTATION,substation,True,230.0,34.08916516,-117.52703438,San Bernardino County,Rancho Cucamonga,Operational,SCE Eastern,303308.0
San Bernardino,SCE,sce,SUBSTATION,substation,True,230.0,34.07960241,-117.2386418,San Bernardino County,Redlands,Operational,SCE Eastern,302035.0
Barre,SCE,sce,SUBSTATION,substation,True,230.0,33.80890618,-117.98178331,Orange County,Stanton,Operational,SCE Metro,301920.0
Ellis - (SCE),SCE,sce,SUBSTATION,substation,True,230.0,33.68533416,-117.94308589,Orange County,Huntington Beach,Operational,SCE Metro,302056.0
Johanna,SCE,sce,SUBSTATION,substation,True,230.0,33.71345628,-117.85265178,Orange County,Santa Ana,Operational,SCE Metro,303135.0
Santiago,SCE,sce,SUBSTATION,substation,True,230.0,33.66490015,-117.76800793,Orange County,Irvine,Operational,SCE Metro,308912.0
Villa Park,SCE,sce,SUBSTATION,substation,True,230.0,33.81547675,-117.83438559,Orange County,Orange,Operational,SCE Metro,307495.0
Center,SCE,sce,SUBSTATION,substation,True,230.0,33.92882516,-118.10574248,Los Angeles County,Norwalk,Operational,SCE Metro,300232.0
El Nido - (SCE),SCE,sce,SUBSTATION,substation,True,230.0,33.89565377,-118.37330991,Los Angeles County,Hawthorne,Operational,SCE Metro,310204.0
Gould,SCE,sce,SUBSTATION,substation,True,230.0,34.22147877,-118.18694796,Los Angeles County,La Cañada Flintridge,Operational,SCE Metro,300829.0
La Fresa,SCE,sce,SUBSTATION,substation,True,230.0,33.86973754,-118.33283066,Los Angeles County,Torrance,Operational,SCE Metro,306844.0
Laguna Bell,SCE,sce,SUBSTATION,substation,True,230.0,33.97589397,-118.14786172,Los Angeles County,Commerce,Operational,SCE Metro,306060.0
Lighthipe,SCE,sce,SUBSTATION,substation,True,230.0,33.88057202,-118.1750217,Los Angeles County,Long Beach,Operational,SCE Metro,303169.0
Olinda - (SCE),SCE,sce,SUBSTATION,substation,True,230.0,33.94626792,-117.92229797,Los Angeles County,Rowland Heights,Operational,SCE Metro,306279.0
Rio Hondo,SCE,sce,SUBSTATION,substation,True,230.0,34.1051297,-117.98078743,Los Angeles County,Irwindale,Operational,SCE Metro,305984.0
Saugus,SCE,sce,SUBSTATION,substation,True,230.0,34.42198163,-118.57581456,Los Angeles County,Santa Clarita,Operational,SCE Northern,300427.0
Chino,SCE,sce,SUBSTATION,substation,True,230.0,33.99835416,-117.67853128,San Bernardino County,Chino,Operational,SCE Metro,304071.0
Kramer - SCE,SCE,sce,SUBSTATION,substation,True,230.0,34.98947498,-117.54238387,San Bernardino County,,Operational,SCE NOL,306392.0
Padua,SCE,sce,SUBSTATION,substation,True,230.0,34.12015163,-117.63946366,San Bernardino County,Upland,Operational,SCE Metro,308529.0
Victor - (SCE),SCE,sce,SUBSTATION,substation,True,230.0,34.50493544,-117.38837479,San Bernardino County,Victorville,Operational,SCE NOL,301779.0
Goleta,SCE,sce,SUBSTATION,substation,True,230.0,34.46876858,-119.88435881,Santa Barbara County,,Operational,SCE Northern,305080.0
Walnut - (SCE),SCE,sce,SUBSTATION,substation,True,230.0,34.00826577,-117.94991566,Los Angeles County,Industry,Operational,SCE Metro,300105.0
Eagle Mt.,SCE,sce,SUBSTATION,substation,True,230.0,33.81082577,-115.45364504,Riverside County,,Operational,SCE Eastern,306150.0
Redondo,SCE,sce,SUBSTATION,substation,True,230.0,33.84828386,-118.38781677,Los Angeles County,Redondo Beach,Operational,SCE Metro,304731.0
Viejo - (SCE),SCE,sce,SUBSTATION,substation,True,230.0,33.66700203,-117.642363,Orange County,Lake Forest,Operational,SCE Metro,300016.0
El Casco,SCE,sce,SUBSTATION,substation,True,230.0,33.96655427,-117.07720787,Riverside County,,Operational,SCE Eastern,302032.0
Harper Lake,SCE,sce,SUBSTATION,substation,True,220.0,35.02664502,-117.34820186,San Bernardino County,,Operational,SCE NOL,300365.0
Blythe Walc,Other (SCE - Assumed),sce_assumed,SUBSTATION,substation,True,161.0,33.61125337,-114.68046584,Riverside County,Blythe,Operational,SCE Eastern,304454.0
Dunes,SCE,sce,SUBSTATION ASSUMED,substation,True,161.0,33.61085905,-114.67994435,Riverside County,Blythe,Operational,SCE Eastern,
Blythe,SCE,sce,SUBSTATION,substation,True,161.0,33.60620765,-114.59984385,Riverside County,Blythe,Operational,SCE Eastern,300292.0
Pechanga,SCE,sce,SUBSTATION,substation,True,115.0,33.49095347,-117.06386861,Riverside County,,Operational,SCE Eastern,300450.0
Casa Diablo,SCE,sce,SUBSTATION,substation,True,115.0,37.64908647,-118.91676236,Mono County,,Operational,SCE NOL,300654.0
Lee Vining,SCE,sce,SUBSTATION,substation,True,115.0,37.9520948,-119.11644284,Mono County,Lee Vining,Operational,SCE NOL,300369.0
Sherwin,SCE,sce,SUBSTATION,substation,True,115.0,37.5600087,-118.67472352,Mono County,,Operational,SCE NOL,306680.0
Alessandro,SCE,sce,SUBSTATION,substation,True,115.0,33.90205622,-117.21873246,Riverside County,Moreno Valley,Operational,SCE Eastern,309063.0
Auld,SCE,sce,SUBSTATION,substation,True,115.0,33.59729949,-117.13742216,Riverside County,Murrieta,Operational,SCE Eastern,308958.0
Banning,SCE,sce,SUBSTATION,substation,True,115.0,33.92232566,-116.87277975,Riverside County,Banning,Operational,SCE Eastern,308415.0
Bunker,SCE,sce,SUBSTATION,substation,True,115.0,33.82895899,-117.21231024,Riverside County,Perris,Operational,SCE Eastern,309428.0
Cajalco,SCE,sce,SUBSTATION,substation,True,115.0,33.85892012,-117.32633243,Riverside County,Woodcrest,Operational,SCE Eastern,308201.0
Concho,SCE,sce,SUBSTATION,substation,True,115.0,33.75747159,-116.33506443,Riverside County,Palm Desert,Operational,SCE Eastern,309493.0
Eisenhower,SCE,sce,SUBSTATION,substation,True,115.0,33.80795343,-116.49392703,Riverside County,Palm Springs,Operational,SCE Eastern,310391.0
Elsinore,SCE,sce,SUBSTATION,substation,True,115.0,33.67437847,-117.32616856,Riverside County,Lake Elsinore,Operational,SCE Eastern,300432.0
Farrell,SCE,sce,SUBSTATION,substation,True,115.0,33.84615342,-116.50506868,Riverside County,Palm Springs,Operational,SCE Eastern,302094.0
Garnet - SCE,SCE,sce,SUBSTATION,substation,True,115.0,33.90147841,-116.54352145,Riverside County,Palm Springs,Operational,SCE Eastern,301212.0
Ivyglen,SCE,sce,SUBSTATION,substation,True,115.0,33.76025912,-117.47732092,Riverside County,Temescal Valley,Operational,SCE Eastern,301276.0
Maraschino,SCE,sce,SUBSTATION,substation,True,115.0,33.92600902,-116.98744638,Riverside County,Beaumont,Operational,SCE Eastern,307278.0
Maxwell - (SCE),SCE,sce,SUBSTATION,substation,True,115.0,33.94716117,-117.24330157,Riverside County,Moreno Valley,Operational,SCE Eastern,302328.0
Mayberry,SCE,sce,SUBSTATION,substation,True,115.0,33.73638399,-116.92002417,Riverside County,East Hemet,Operational,SCE Eastern,303994.0
Moraga - (SCE),SCE,sce,SUBSTATION,substation,True,115.0,33.50377015,-117.1404047,Riverside County,Temecula,Operational,SCE Eastern,308303.0
Moreno,SCE,sce,SUBSTATION,substation,True,115.0,33.94703956,-117.17249359,Riverside County,Moreno Valley,Operational,SCE Eastern,308412.0
Nelson,SCE,sce,SUBSTATION,substation,True,115.0,33.772359,-116.98830749,Riverside County,Hemet,Operational,SCE Eastern,308568.0
Newcomb,SCE,sce,SUBSTATION,substation,True,115.0,33.68737844,-117.20707693,Riverside County,Menifee,Operational,SCE Eastern,304417.0
Santa Rosa - (SCE),SCE,sce,SUBSTATION,substation,True,115.0,33.74781175,-116.39207982,Riverside County,Rancho Mirage,Operational,SCE Eastern,307008.0
Skylark,SCE,sce,SUBSTATION,substation,True,115.0,33.63090903,-117.29199356,Riverside County,Wildomar,Operational,SCE Eastern,308797.0
Stadler,SCE,sce,SUBSTATION,substation,True,115.0,33.55780903,-117.2032019,Riverside County,Murrieta,Operational,SCE Eastern,305578.0
Stetson,SCE,sce,SUBSTATION,substation,True,115.0,33.73354788,-117.00732693,Riverside County,Hemet,Operational,SCE Eastern,306278.0
Tamarisk,SCE,sce,SUBSTATION,substation,True,115.0,33.79197007,-116.4499326,Riverside County,Cathedral City,Operational,SCE Eastern,307152.0
Thornhill,SCE,sce,SUBSTATION,substation,True,115.0,33.8136534,-116.53203256,Riverside County,Palm Springs,Operational,SCE Eastern,301850.0
Holgate,SCE,sce,SUBSTATION,substation,True,115.0,35.01411771,-117.70402272,Kern County,,Operational,SCE NOL,304443.0
Apple Valley,SCE,sce,SUBSTATION,substation,True,115.0,34.44908071,-117.2243406,San Bernardino County,Apple Valley,Operational,SCE Metro,309852.0
Aqueduct,SCE,sce,SUBSTATION,substation,True,115.0,34.41535897,-117.35577125,San Bernardino County,Hesperia,Operational,SCE Metro,310150.0
Arrowhead - (SCE),SCE,sce,SUBSTATION,substation,True,115.0,34.28345907,-117.21625397,San Bernardino County,Lake Arrowhead,Operational,SCE Metro,301192.0
Calectric,SCE,sce,SUBSTATION,substation,True,115.0,34.09302984,-117.31715557,San Bernardino County,San Bernardino,Operational,SCE Eastern,309086.0
Carodean,SCE,sce,SUBSTATION,substation,True,115.0,34.14907571,-116.1238823,San Bernardino County,Twentynine Palms,Operational,SCE Eastern,305959.0
Gale,SCE,sce,SUBSTATION,substation,True,115.0,34.85900887,-116.86641298,San Bernardino County,,Operational,SCE NOL,306740.0
Hesperia,SCE,sce,SUBSTATION,substation,True,115.0,34.41278394,-117.28981017,San Bernardino County,Hesperia,Operational,SCE Metro,309988.0
Hi Desert,SCE,sce,SUBSTATION,substation,True,115.0,34.13643783,-116.18066673,San Bernardino County,Twentynine Palms,Operational,SCE Eastern,303832.0
Homart,SCE,sce,SUBSTATION,substation,True,115.0,34.07455508,-117.29170399,San Bernardino County,San Bernardino,Operational,SCE Eastern,305051.0
Mentone,SCE,sce,SUBSTATION,substation,True,115.0,34.06330598,-117.12075725,San Bernardino County,Mentone,Operational,SCE Eastern,307314.0
Pepper,SCE,sce,SUBSTATION,substation,True,115.0,34.10191737,-117.35349906,San Bernardino County,Rialto,Operational,SCE Eastern,300488.0
Phelan,SCE,sce,SUBSTATION,substation,True,115.0,34.42410617,-117.55571291,San Bernardino County,Phelan,Operational,SCE NOL,301585.0
Redlands,SCE,sce,SUBSTATION,substation,True,115.0,34.06037413,-117.17661655,San Bernardino County,Redlands,Operational,SCE Eastern,306991.0
Savage,SCE,sce,SUBSTATION,substation,True,115.0,34.47409784,-117.29431177,San Bernardino County,Victorville,Operational,SCE NOL,301534.0
Searles,SCE,sce,SUBSTATION,substation,True,115.0,35.70011846,-117.39873637,San Bernardino County,,Operational,SCE NOL,307034.0
Shandin,SCE,sce,SUBSTATION,substation,True,115.0,34.16997564,-117.3302324,San Bernardino County,San Bernardino,Operational,SCE Eastern,303997.0
Tennessee,SCE,sce,SUBSTATION,substation,True,115.0,34.02717564,-117.11125469,San Bernardino County,Yucaipa,Operational,SCE Eastern,306603.0
Timoteo,SCE,sce,SUBSTATION,substation,True,115.0,34.06214779,-117.24411791,San Bernardino County,Loma Linda,Operational,SCE Eastern,309181.0
Yucca,SCE,sce,SUBSTATION,substation,True,115.0,34.11084558,-116.42341016,San Bernardino County,Yucca Valley,Operational,SCE Eastern,305508.0
Zanja,SCE,sce,SUBSTATION,substation,True,115.0,34.07434204,-117.047633,San Bernardino County,Yucaipa,Operational,SCE Eastern,309008.0
Sun City,SCE,sce,SUBSTATION,substation,True,115.0,33.68727013,-117.14599914,Riverside County,Menifee,Operational,SCE Eastern,306428.0
Lucerne - (SCE),SCE,sce,SUBSTATION,substation,True,115.0,34.44513983,-116.9466249,San Bernardino County,Lucerne Valley,Operational,SCE NOL,309983.0
Joshua Tree,SCE,sce,SUBSTATION,substation,True,115.0,34.13598392,-116.31565184,San Bernardino County,Joshua Tree,Operational,SCE Eastern,306095.0
Twentynine Palms,SCE,sce,SUBSTATION,substation,True,115.0,34.13779315,-116.05369843,San Bernardino County,Twentynine Palms,Operational,SCE Eastern,310355.0
Acton - SCE,SCE,sce,SUBSTATION,substation,True,115.0,34.51022357,-118.19933149,Los Angeles County,Acton,Operational,SCE Northern,310054.0
Desert Outpost,SCE,sce,SUBSTATION,substation,True,115.0,33.8084503,-116.47259056,Riverside County,Cathedral City,Operational,SCE Eastern,300220.0
El Sobrante,SCE,sce,SUBSTATION,substation,True,115.0,33.85880336,-117.44068973,Riverside County,El Sobrante,Operational,SCE Eastern,305681.0
Whitewater,SCE,sce,SUBSTATION,substation,True,115.0,33.92158128,-116.65017182,Riverside County,Palm Springs,Operational,SCE Eastern,308722.0
Coffee,SCE,sce,SUBSTATION,substation,True,115.0,33.93261085,-116.50515284,Riverside County,Desert Hot Springs,Operational,SCE Eastern,309423.0
Tenaja,SCE,sce,SUBSTATION,substation,True,115.0,33.58418694,-117.25543641,Riverside County,Wildomar,Operational,SCE Eastern,300196.0
June Lake,SCE,sce,SUBSTATION ASSUMED,substation,True,115.0,37.76698005,-119.12332555,Mono County,,Operational,SCE NOL,
Pauba,SCE,sce,SUBSTATION,substation,True,115.0,33.54371734,-117.04354641,Riverside County,,Operational,SCE Eastern,310194.0
Inyokern,SCE,sce,SUBSTATION,substation,True,115.0,35.65251377,-117.79578864,Kern County,Inyokern,Operational,SCE NOL,300959.0
Randsburg,SCE,sce,SUBSTATION,substation,True,115.0,35.36521858,-117.64743378,Kern County,Johannesburg,Operational,SCE NOL,306204.0
Baker,SCE,sce,SUBSTATION,substation,True,115.0,35.27891135,-116.07441072,San Bernardino County,Baker,Operational,SCE NOL,301375.0
Dunn Siding,SCE,sce,SUBSTATION,substation,True,115.0,35.04944741,-116.44003589,San Bernardino County,,Operational,SCE NOL,300461.0
Mt. Pass,SCE,sce,SUBSTATION,substation,True,115.0,35.5015562,-115.55220113,San Bernardino County,,Operational,SCE EOP,303549.0
Tortilla,SCE,sce,SUBSTATION,substation,True,115.0,34.8632283,-117.03096851,San Bernardino County,Barstow,Operational,SCE NOL,304220.0
Harvard,SCE,sce,SUBSTATION,substation,True,115.0,34.95748087,-116.65318341,San Bernardino County,,Operational,SCE NOL,304541.0
Roadway,SCE,sce,SUBSTATION,substation,True,115.0,34.57593805,-117.41313724,San Bernardino County,Adelanto,Operational,SCE NOL,304749.0
Santa Barbara,SCE,sce,SUBSTATION,substation,True,66.0,34.42330996,-119.68558628,Santa Barbara County,Santa Barbara,Operational,SCE Northern,310316.0
Vegas,SCE,sce,SUBSTATION,substation,True,66.0,34.44918128,-119.81585696,Santa Barbara County,Eastern Goleta Valley,Operational,SCE Northern,310186.0
Boxwood,SCE,sce,SUBSTATION,substation,True,66.0,36.12652555,-118.82150145,Tulare County,Springville,Operational,SCE Northern,306895.0
Chatham,SCE,sce,SUBSTATION,substation,True,66.0,36.41449773,-119.29644309,Tulare County,,Operational,SCE Northern,304485.0
Columbine,SCE,sce,SUBSTATION,substation,True,66.0,35.83430051,-119.20999022,Tulare County,,Operational,SCE Northern,309300.0
Earlimart,SCE,sce,SUBSTATION,substation,True,66.0,35.89225202,-119.25077978,Tulare County,,Operational,SCE Northern,309987.0
Goshen,SCE,sce,SUBSTATION,substation,True,66.0,36.32654499,-119.43914573,Tulare County,,Operational,SCE Northern,310356.0
Laurel,SCE,sce,SUBSTATION,substation,True,66.0,36.23991999,-119.47552075,Tulare County,,Operational,PGE Fresno,304235.0
Lemon Cove,SCE,sce,SUBSTATION,substation,True,66.0,36.38669763,-119.02633654,Tulare County,Lemon Cove,Operational,SCE Northern,306044.0
Liberty,SCE,sce,SUBSTATION,substation,True,66.0,36.28306997,-119.33215414,Tulare County,,Operational,SCE Northern,309056.0
Lindsay,SCE,sce,SUBSTATION,substation,True,66.0,36.20429589,-119.09200743,Tulare County,Lindsay,Operational,SCE Northern,307412.0
Mariposa - (SCE),SCE,sce,SUBSTATION,substation,True,66.0,35.80546568,-119.16063204,Tulare County,,Operational,SCE Northern,303104.0
Oak Grove,SCE,sce,SUBSTATION,substation,True,66.0,36.34136441,-119.36727353,Tulare County,Visalia,Operational,SCE Northern,303757.0
Octol,SCE,sce,SUBSTATION,substation,True,66.0,36.12372422,-119.39450775,Tulare County,,Operational,PGE Fresno,306542.0
Pixley,SCE,sce,SUBSTATION,substation,True,66.0,35.96471575,-119.30334731,Tulare County,Pixley,Operational,PGE Fresno,300611.0
Poplar,SCE,sce,SUBSTATION,substation,True,66.0,35.99375884,-119.14408471,Tulare County,,Operational,SCE Northern,300971.0
Porterville,SCE,sce,SUBSTATION,substation,True,66.0,36.06737889,-119.03468784,Tulare County,Porterville,Operational,SCE Northern,309415.0
Strathmore,SCE,sce,SUBSTATION,substation,True,66.0,36.14584776,-119.05790697,Tulare County,Strathmore,Operational,SCE Northern,302787.0
Terra Bella,SCE,sce,SUBSTATION,substation,True,66.0,35.96391881,-119.01846689,Tulare County,Terra Bella,Operational,SCE Northern,303285.0
Three Rivers,SCE,sce,SUBSTATION,substation,True,66.0,36.45348105,-118.88790412,Tulare County,Three Rivers,Operational,SCE Northern,309068.0
Tipton,SCE,sce,SUBSTATION,substation,True,66.0,36.05188066,-119.30419941,Tulare County,Tipton,Operational,PGE Fresno,308369.0
Tulare,SCE,sce,SUBSTATION,substation,True,66.0,36.21326999,-119.33058189,Tulare County,Tulare,Operational,SCE Northern,308313.0
Venice Hill,SCE,sce,SUBSTATION,substation,True,66.0,36.41428979,-119.18912308,Tulare County,,Operational,SCE Northern,310475.0
Visalia,SCE,sce,SUBSTATION,substation,True,66.0,36.32978942,-119.27894854,Tulare County,Visalia,Operational,SCE Northern,301195.0
Wheatland - (SCE),SCE,sce,SUBSTATION,substation,True,66.0,35.91083111,-119.14444858,Tulare County,,Operational,SCE Northern,301843.0
Woodville,SCE,sce,SUBSTATION,substation,True,66.0,36.08056164,-119.17913174,Tulare County,,Operational,SCE Northern,305800.0
Thousand Oaks,SCE,sce,SUBSTATION,substation,True,66.0,34.18755158,-118.87174559,Ventura County,Thousand Oaks,Operational,SCE Northern,309206.0
Camarillo,SCE,sce,SUBSTATION,substation,True,66.0,34.22072295,-119.00857101,Ventura County,Camarillo,Operational,SCE Northern,306720.0
Casitas,SCE,sce,SUBSTATION,substation,True,66.0,34.3623697,-119.30935718,Ventura County,"Oxnard--San Buenaventura (Ventura), CA",Operational,SCE Northern,306661.0
Channel Island,SCE,sce,SUBSTATION,substation,True,66.0,34.18166918,-119.22218463,Ventura County,Oxnard,Operational,SCE Northern,304281.0
Chatsworth,SCE,sce,SUBSTATION,substation,True,66.0,34.23675626,-118.70287937,Ventura County,,Operational,SCE Northern,302082.0
Colonia,SCE,sce,SUBSTATION,substation,True,66.0,34.20462297,-119.09634323,Ventura County,,Operational,SCE Northern,301259.0
Estero,SCE,sce,SUBSTATION,substation,True,66.0,34.14596464,-119.0956543,Ventura County,,Operational,SCE Northern,300480.0
Fillmore,SCE,sce,SUBSTATION,substation,True,66.0,34.40883963,-118.92076548,Ventura County,Fillmore,Operational,SCE Northern,302061.0
Gonzales - (SCE),SCE,sce,SUBSTATION,substation,True,66.0,34.22618963,-119.17578487,Ventura County,Oxnard,Operational,SCE Northern,310400.0
Levy,SCE,sce,SUBSTATION,substation,True,66.0,34.17384797,-119.15673209,Ventura County,Oxnard,Operational,SCE Northern,307648.0
Newbury,SCE,sce,SUBSTATION,substation,True,66.0,34.19608127,-118.93099047,Ventura County,Thousand Oaks,Operational,SCE Northern,307218.0
Oak Park - (SCE),SCE,sce,SUBSTATION,substation,True,66.0,34.18618069,-118.7846888,Ventura County,Oak Park,Operational,SCE Northern,303522.0
Ojai,SCE,sce,SUBSTATION,substation,True,66.0,34.44561814,-119.2423946,Ventura County,Ojai,Operational,SCE Northern,303144.0
Potrero - (SCE),SCE,sce,SUBSTATION,substation,True,66.0,34.16172116,-118.83477271,Ventura County,Thousand Oaks,Operational,SCE Northern,305932.0
Royal,SCE,sce,SUBSTATION,substation,True,66.0,34.27842849,-118.77944604,Ventura County,Simi Valley,Operational,SCE Northern,303486.0
San Miguel - (SCE),SCE,sce,SUBSTATION,substation,True,66.0,34.25607296,-119.2418793,Ventura County,San Buenaventura (Ventura),Operational,SCE Northern,301918.0
Santa Susana,SCE,sce,SUBSTATION,substation,True,66.0,34.27955904,-118.71707383,Ventura County,Simi Valley,Operational,SCE Northern,306213.0
Saticoy,SCE,sce,SUBSTATION,substation,True,66.0,34.30060775,-119.16661107,Ventura County,,Operational,SCE Northern,302093.0
Somis,SCE,sce,SUBSTATION,substation,True,66.0,34.2642674,-119.01074322,Ventura County,Somis,Operational,SCE Northern,306867.0
Fremont - (SCE),SCE,sce,SUBSTATION,substation,True,66.0,33.89465325,-118.26449453,Los Angeles County,West Rancho Dominguez,Operational,SCE Metro,303731.0
Bayside,SCE,sce,SUBSTATION,substation,True,66.0,33.65697718,-117.90705392,Orange County,Costa Mesa,Operational,SCE Metro,302996.0
Bolsa,SCE,sce,SUBSTATION,substation,True,66.0,33.730625,-118.03326594,Orange County,Huntington Beach,Operational,SCE Metro,300698.0
Borrego - (SCE),SCE,sce,SUBSTATION,substation,True,66.0,33.59766017,-117.74899793,Orange County,Laguna Beach,Operational,SCE Metro,306140.0
Brea,SCE,sce,SUBSTATION,substation,True,66.0,33.92014667,-117.84801951,Orange County,Brea,Operational,SCE Metro,307607.0
Brookhurst,SCE,sce,SUBSTATION,substation,True,66.0,33.73723055,-117.95711688,Orange County,Westminster,Operational,SCE Metro,301791.0
Bryan,SCE,sce,SUBSTATION,substation,True,66.0,33.73453964,-117.80225178,Orange County,Tustin,Operational,SCE Metro,303905.0
Cabrillo - (SCE),SCE,sce,SUBSTATION,substation,True,66.0,33.67186806,-117.84757924,Orange County,Irvine,Operational,SCE Metro,310360.0
Camden - (SCE),SCE,sce,SUBSTATION,substation,True,66.0,33.71317892,-117.88360693,Orange County,Santa Ana,Operational,SCE Metro,305059.0
Carolina,SCE,sce,SUBSTATION,substation,True,66.0,33.91020383,-117.87954539,Orange County,Fullerton,Operational,SCE Metro,307792.0
Chestnut,SCE,sce,SUBSTATION,substation,True,66.0,33.73323676,-117.84981292,Orange County,Santa Ana,Operational,SCE Metro,308211.0
Chiquita,SCE,sce,SUBSTATION,substation,True,66.0,33.62960515,-117.63175897,Orange County,Mission Viejo,Operational,SCE Metro,305712.0
Crown,SCE,sce,SUBSTATION,substation,True,66.0,33.6081468,-117.86515121,Orange County,Newport Beach,Operational,SCE Metro,307215.0
Cypress,SCE,sce,SUBSTATION,substation,True,66.0,33.80963506,-118.07258988,Orange County,Los Alamitos,Operational,SCE Metro,303358.0
Estrella - (SCE),SCE,sce,SUBSTATION,substation,True,66.0,33.68750071,-117.82854349,Orange County,Irvine,Operational,SCE Metro,301963.0
Fairview - (SCE),SCE,sce,SUBSTATION,substation,True,66.0,33.69356916,-117.86760489,Orange County,Santa Ana,Operational,SCE Metro,301691.0
Fullerton,SCE,sce,SUBSTATION,substation,True,66.0,33.86813916,-117.92129987,Orange County,Fullerton,Operational,SCE Metro,310185.0
Gilbert,SCE,sce,SUBSTATION,substation,True,66.0,33.87755788,-117.97175819,Orange County,Fullerton,Operational,SCE Metro,302931.0
Gisler,SCE,sce,SUBSTATION,substation,True,66.0,33.68734119,-117.91280388,Orange County,Costa Mesa,Operational,SCE Metro,304456.0
Hamilton,SCE,sce,SUBSTATION,substation,True,66.0,33.65451916,-117.95261789,Orange County,Huntington Beach,Operational,SCE Metro,305605.0
La Habra,SCE,sce,SUBSTATION,substation,True,66.0,33.92517014,-117.93377489,Orange County,La Habra,Operational,SCE Metro,309806.0
La Palma,SCE,sce,SUBSTATION,substation,True,66.0,33.84627904,-117.97981216,Orange County,Buena Park,Operational,SCE Metro,302009.0
La Veta,SCE,sce,SUBSTATION,substation,True,66.0,33.76679416,-117.85210792,Orange County,Santa Ana,Operational,SCE Metro,305881.0
Lafayette - (SCE),SCE,sce,SUBSTATION,substation,True,66.0,33.63535716,-117.93563989,Orange County,Costa Mesa,Operational,SCE Metro,308937.0
Lampson,SCE,sce,SUBSTATION,substation,True,66.0,33.77821423,-117.89908842,Orange County,Garden Grove,Operational,SCE Metro,306372.0
Limestone - (SCE),SCE,sce,SUBSTATION,substation,True,66.0,33.65020636,-117.68855481,Orange County,Lake Forest,Operational,SCE Metro,308985.0
Macarthur,SCE,sce,SUBSTATION,substation,True,66.0,33.63870147,-117.86603637,Orange County,Newport Beach,Operational,SCE Metro,306139.0
Marion,SCE,sce,SUBSTATION,substation,True,66.0,33.81769788,-118.02717373,Orange County,Cypress,Operational,SCE Metro,304620.0
Modena,SCE,sce,SUBSTATION,substation,True,66.0,33.78824519,-117.80267394,Orange County,Orange,Operational,SCE Metro,307746.0
Morro,SCE,sce,SUBSTATION,substation,True,66.0,33.55188017,-117.77887194,Orange County,,Operational,SDGE Imperial,309871.0
Moulton,SCE,sce,SUBSTATION,substation,True,66.0,33.60912149,-117.69754534,Orange County,Lake Forest,Operational,SDGE Imperial,306888.0
Niguel,SCE,sce,SUBSTATION,substation,True,66.0,33.56379517,-117.71482095,Orange County,Laguna Niguel,Operational,SDGE Imperial,306799.0
Oceanview,SCE,sce,SUBSTATION,substation,True,66.0,33.71636945,-117.98751292,Orange County,Huntington Beach,Operational,SCE Metro,301226.0
Orange,SCE,sce,SUBSTATION,substation,True,66.0,33.79048516,-117.86144188,Orange County,Orange,Operational,SCE Metro,307219.0
Placentia,SCE,sce,SUBSTATION,substation,True,66.0,33.87159231,-117.87862102,Orange County,Placentia,Operational,SCE Metro,300148.0
Shawnee,SCE,sce,SUBSTATION,substation,True,66.0,33.77220404,-118.01207369,Orange County,Westminster,Operational,SCE Metro,306964.0
Slater,SCE,sce,SUBSTATION,substation,True,66.0,33.69227716,-118.0171729,Orange County,Huntington Beach,Operational,SCE Metro,303255.0
Sullivan - SCE,SCE,sce,SUBSTATION,substation,True,66.0,33.74480019,-117.90191856,Orange County,Santa Ana,Operational,SCE Metro,301880.0
Talbert,SCE,sce,SUBSTATION,substation,True,66.0,33.71452515,-117.9204159,Orange County,Santa Ana,Operational,SCE Metro,310148.0
Trask,SCE,sce,SUBSTATION,substation,True,66.0,33.76615818,-117.97955087,Orange County,Garden Grove,Operational,SCE Metro,300538.0
Vera,SCE,sce,SUBSTATION,substation,True,66.0,33.76550314,-117.9284669,Orange County,Garden Grove,Operational,SCE Metro,302060.0
Washington,SCE,sce,SUBSTATION,substation,True,66.0,33.75604508,-117.85937684,Orange County,Santa Ana,Operational,SCE Metro,309192.0
Wave,SCE,sce,SUBSTATION,substation,True,66.0,33.66558214,-117.99741685,Orange County,Huntington Beach,Operational,SCE Metro,310271.0
Bain,SCE,sce,SUBSTATION,substation,True,66.0,34.01133679,-117.50633517,Riverside County,Jurupa Valley,Operational,SCE Metro,308700.0
Chase,SCE,sce,SUBSTATION,substation,True,66.0,33.84505369,-117.53778367,Riverside County,Corona,Operational,SCE Eastern,302883.0
Corona - (SCE),SCE,sce,SUBSTATION,substation,True,66.0,33.88439535,-117.57187567,Riverside County,Corona,Operational,SCE Metro,304824.0
Glen Avon,SCE,sce,SUBSTATION,substation,True,66.0,34.00502433,-117.45743142,Riverside County,Jurupa Valley,Operational,SCE Eastern,301979.0
Jefferson - (SCE),SCE,sce,SUBSTATION,substation,True,66.0,33.85774589,-117.58829217,Riverside County,Corona,Operational,SCE Metro,306856.0
Pedley,SCE,sce,SUBSTATION,substation,True,66.0,33.95891912,-117.52270793,Riverside County,Norco,Operational,SCE Eastern,302190.0
Yucaipa,SCE,sce,SUBSTATION,substation,True,66.0,34.01056043,-117.05135266,San Bernardino County,Yucaipa,Operational,SCE Eastern,308450.0
Browning,SCE,sce,SUBSTATION,substation,True,66.0,35.70369433,-119.20449316,Kern County,,Operational,PGE Kern,304943.0
Corum,SCE,sce,SUBSTATION,substation,True,66.0,34.94056904,-117.95305491,Kern County,,Operational,SCE Northern,310266.0
Cummings,SCE,sce,SUBSTATION,substation,True,66.0,35.10965867,-118.494655,Kern County,Golden Hills,Operational,SCE Northern,307260.0
Delano - (SCE),SCE,sce,SUBSTATION,substation,True,66.0,35.77550894,-119.24247363,Kern County,Delano,Operational,SCE Northern,303312.0
Frazier Park,SCE,sce,SUBSTATION,substation,True,66.0,34.81499489,-119.00988686,Kern County,Lake of the Woods,Operational,SCE Northern,301158.0
Glennville,SCE,sce,SUBSTATION,substation,True,66.0,35.72224489,-118.69506026,Kern County,,Operational,PGE Kern,303613.0
Goldtown,SCE,sce,SUBSTATION,substation,True,66.0,35.05410397,-118.18614402,Kern County,Mojave,Operational,SCE Northern,309740.0
Greenhorn - (SCE),SCE,sce,SUBSTATION,substation,True,66.0,35.7383667,-118.55638974,Kern County,Alta Sierra,Operational,PGE Kern,309479.0
Havilah,SCE,sce,SUBSTATION,substation,True,66.0,35.48368275,-118.52755921,Kern County,,Operational,PGE Kern,303852.0
Isabella,SCE,sce,SUBSTATION,substation,True,66.0,35.63265358,-118.47824365,Kern County,Lake Isabella,Operational,PGE Kern,303743.0
Kernville,SCE,sce,SUBSTATION,substation,True,66.0,35.77250716,-118.43235204,Kern County,Kernville,Operational,PGE Kern,308434.0
Loraine,SCE,sce,SUBSTATION,substation,True,66.0,35.30690058,-118.42327496,Kern County,,Operational,SCE Northern,307171.0
Monolith,SCE,sce,SUBSTATION,substation,True,66.0,35.12375692,-118.37965977,Kern County,,Operational,SCE Northern,304561.0
Quinn,SCE,sce,SUBSTATION,substation,True,66.0,35.73285478,-119.12979581,Kern County,,Operational,SCE Northern,308687.0
Walker Basin,SCE,sce,SUBSTATION,substation,True,66.0,35.41102047,-118.49249566,Kern County,,Operational,PGE Kern,307099.0
Weldon,SCE,sce,SUBSTATION,substation,True,66.0,35.66662776,-118.26280917,Kern County,Weldon,Operational,SCE NOL,301495.0
San Fernando,SCE,sce,SUBSTATION,substation,True,66.0,34.27356537,-118.45876094,Los Angeles County,Los Angeles,Operational,SCE Northern,301636.0
Movie,SCE,sce,SUBSTATION,substation,True,66.0,33.9903173,-118.39402946,Los Angeles County,Culver City,Operational,SCE Metro,300578.0
Bassett,SCE,sce,SUBSTATION,substation,True,66.0,34.04747641,-117.95561822,Los Angeles County,West Puente Valley,Operational,SCE Metro,300792.0
Alhambra - (SCE),SCE,sce,SUBSTATION,substation,True,66.0,34.0912605,-118.14907918,Los Angeles County,Alhambra,Operational,SCE Metro,304857.0
Alon,SCE,sce,SUBSTATION,substation,True,66.0,33.83494877,-118.24737148,Los Angeles County,Carson,Operational,SCE Metro,307439.0
Amador,SCE,sce,SUBSTATION,substation,True,66.0,34.07144341,-118.02653824,Los Angeles County,El Monte,Operational,SCE Metro,304533.0
Anaverde,SCE,sce,SUBSTATION,substation,True,66.0,34.56750108,-118.14767577,Los Angeles County,Palmdale,Operational,SCE Northern,301945.0
Anita - (SCE),SCE,sce,SUBSTATION,substation,True,66.0,34.105624,-118.03844492,Los Angeles County,Arcadia,Operational,SCE Metro,307809.0
Arcadia,SCE,sce,SUBSTATION,substation,True,66.0,34.14412588,-118.02571887,Los Angeles County,Arcadia,Operational,SCE Metro,301228.0
Arroyo,SCE,sce,SUBSTATION,substation,True,66.0,34.1997174,-118.17059964,Los Angeles County,La Cañada Flintridge,Operational,SCE Metro,304040.0
Belmont - (SCE),SCE,sce,SUBSTATION,substation,True,66.0,33.7813257,-118.1498075,Los Angeles County,Long Beach,Operational,SCE Metro,308646.0
Bandini,SCE,sce,SUBSTATION,substation,True,66.0,33.99961017,-118.17119922,Los Angeles County,Vernon,Operational,SCE Metro,310504.0
Industry,SCE,sce,SUBSTATION,substation,True,66.0,34.05052351,-117.99076397,Los Angeles County,Industry,Operational,SCE Metro,303715.0
Beverly,SCE,sce,SUBSTATION,substation,True,66.0,34.07312405,-118.39732201,Los Angeles County,Beverly Hills,Operational,SCE Metro,301156.0
Bovine,SCE,sce,SUBSTATION,substation,True,66.0,33.85076917,-118.06399786,Los Angeles County,Cerritos,Operational,SCE Metro,308237.0
Bowl,SCE,sce,SUBSTATION,substation,True,66.0,33.79314394,-118.17226672,Los Angeles County,Long Beach,Operational,SCE Metro,309752.0
Bradbury,SCE,sce,SUBSTATION,substation,True,66.0,34.13379314,-117.98726823,Los Angeles County,Monrovia,Operational,SCE Metro,309905.0
Downey,SCE,sce,SUBSTATION,substation,True,66.0,33.93731083,-118.12989359,Los Angeles County,Downey,Operational,SCE Metro,301930.0
Bridge,SCE,sce,SUBSTATION,substation,True,66.0,33.88054593,-118.32587072,Los Angeles County,Torrance,Operational,SCE Metro,306526.0
Brighton - (SCE),SCE,sce,SUBSTATION,substation,True,66.0,33.90251896,-118.31185604,Los Angeles County,Gardena,Operational,SCE Metro,302164.0
Broadway - SCE,SCE,sce,SUBSTATION,substation,True,66.0,33.76696923,-118.15203855,Los Angeles County,Long Beach,Operational,SCE Metro,302239.0
Bullis,SCE,sce,SUBSTATION,substation,True,66.0,33.90011147,-118.20626419,Los Angeles County,Compton,Operational,SCE Metro,301489.0
Calden,SCE,sce,SUBSTATION,substation,True,66.0,33.95650246,-118.232272,Los Angeles County,Florence-Graham,Operational,SCE Metro,300393.0
Cameron - (SCE),SCE,sce,SUBSTATION,substation,True,66.0,33.81936262,-118.21697478,Los Angeles County,Long Beach,Operational,SCE Metro,307274.0
Carmenita,SCE,sce,SUBSTATION,substation,True,66.0,33.90319016,-118.04705684,Los Angeles County,Santa Fe Springs,Operational,SCE Metro,301258.0
Carson,SCE,sce,SUBSTATION,substation,True,66.0,33.86397999,-118.21696993,Los Angeles County,"Los Angeles--Long Beach--Anaheim, CA",Operational,SCE Metro,303540.0
Cherry - (SCE),SCE,sce,SUBSTATION,substation,True,66.0,33.77860964,-118.183281,Los Angeles County,Long Beach,Operational,SCE Metro,309501.0
Citrus,SCE,sce,SUBSTATION,substation,True,66.0,34.11900982,-117.87197876,Los Angeles County,Glendora,Operational,SCE Metro,303995.0
Clark - (SCE),SCE,sce,SUBSTATION,substation,True,66.0,33.79574394,-118.10713272,Los Angeles County,Long Beach,Operational,SCE Metro,301594.0
Colorado,SCE,sce,SUBSTATION,substation,True,66.0,34.02560833,-118.47214391,Los Angeles County,Santa Monica,Operational,SCE Metro,306694.0
Cortez - (SCE),SCE,sce,SUBSTATION,substation,True,66.0,34.09257531,-117.87957253,Los Angeles County,Covina,Operational,SCE Metro,303098.0
Crater,SCE,sce,SUBSTATION,substation,True,66.0,34.10696725,-118.7149316,Los Angeles County,,Operational,SCE Northern,301620.0
Crest,SCE,sce,SUBSTATION,substation,True,66.0,33.76693976,-118.37318172,Los Angeles County,Rancho Palos Verdes,Operational,SCE Metro,309970.0
Cudahy,SCE,sce,SUBSTATION,substation,True,66.0,33.96383778,-118.19425299,Los Angeles County,Cudahy,Operational,SCE Metro,310167.0
Dalton,SCE,sce,SUBSTATION,substation,True,66.0,34.11389499,-117.93361557,Los Angeles County,Irwindale,Operational,SCE Metro,305955.0
Del Sur,SCE,sce,SUBSTATION,substation,True,66.0,34.717966,-118.28896431,Los Angeles County,Lancaster,Operational,SCE Northern,303933.0
Diamond Bar,SCE,sce,SUBSTATION,substation,True,66.0,34.00294281,-117.81122482,Los Angeles County,Diamond Bar,Operational,SCE Metro,303677.0
Dike,SCE,sce,SUBSTATION,substation,True,66.0,33.7621887,-118.22295549,Los Angeles County,Long Beach,Operational,SCE Metro,306938.0
Ditmar,SCE,sce,SUBSTATION,substation,True,66.0,33.87232428,-118.37789533,Los Angeles County,Redondo Beach,Operational,SCE Metro,301303.0
Eric,SCE,sce,SUBSTATION,substation,True,66.0,33.87990115,-118.09045884,Los Angeles County,Cerritos,Operational,SCE Metro,308401.0
Felton - SCE,SCE,sce,SUBSTATION,substation,True,66.0,33.91579589,-118.36204648,Los Angeles County,Del Aire,Operational,SCE Metro,309156.0
Fernwood,SCE,sce,SUBSTATION,substation,True,66.0,33.92829217,-118.21547185,Los Angeles County,Lynwood,Operational,SCE Metro,309116.0
Fruitland - (SCE),SCE,sce,SUBSTATION,substation,True,66.0,33.99599105,-118.22669179,Los Angeles County,Vernon,Operational,SCE Metro,306190.0
Ganesha,SCE,sce,SUBSTATION,substation,True,66.0,34.05752758,-117.77562408,Los Angeles County,Pomona,Operational,SCE Metro,300558.0
Garfield - (SCE),SCE,sce,SUBSTATION,substation,True,66.0,34.12495896,-118.14984024,Los Angeles County,Pasadena,Operational,SCE Metro,308716.0
Gorman,SCE,sce,SUBSTATION,substation,True,66.0,34.79053954,-118.82709319,Los Angeles County,,Operational,SCE Northern,306131.0
Greening,SCE,sce,SUBSTATION,substation,True,66.0,33.88108655,-118.04745057,Los Angeles County,Cerritos,Operational,SCE Metro,310533.0
Hathaway,SCE,sce,SUBSTATION,substation,True,66.0,33.791043,-118.14217409,Los Angeles County,Long Beach,Operational,SCE Metro,304689.0
Howard - (SCE),SCE,sce,SUBSTATION,substation,True,66.0,33.92261431,-118.30715705,Los Angeles County,West Athens,Operational,SCE Metro,304354.0
Imperial,SCE,sce,SUBSTATION,substation,True,66.0,33.91184015,-118.14827283,Los Angeles County,Downey,Operational,SCE Metro,306884.0
Inglewood,SCE,sce,SUBSTATION,substation,True,66.0,33.96564356,-118.35809129,Los Angeles County,Inglewood,Operational,SCE Metro,310427.0
Jersey,SCE,sce,SUBSTATION,substation,True,66.0,33.87949997,-118.24817693,Los Angeles County,Carson,Operational,SCE Metro,308207.0
La Canada,SCE,sce,SUBSTATION,substation,True,66.0,34.20526544,-118.21048123,Los Angeles County,La Cañada Flintridge,Operational,SCE Metro,303005.0
La Mirada,SCE,sce,SUBSTATION,substation,True,66.0,33.88862547,-118.01439277,Los Angeles County,La Mirada,Operational,SCE Metro,306369.0
Lakewood - (SCE),SCE,sce,SUBSTATION,substation,True,66.0,33.83023922,-118.12464081,Los Angeles County,Long Beach,Operational,SCE Metro,306224.0
Lancaster,SCE,sce,SUBSTATION,substation,True,66.0,34.7004949,-118.14559192,Los Angeles County,Lancaster,Operational,SCE Northern,306426.0
Lark Ellen,SCE,sce,SUBSTATION,substation,True,66.0,34.08708199,-117.92641678,Los Angeles County,Covina,Operational,SCE Metro,305865.0
Latigo,SCE,sce,SUBSTATION,substation,True,66.0,34.04483092,-118.77608789,Los Angeles County,,Operational,SCE Northern,307368.0
Layfair,SCE,sce,SUBSTATION,substation,True,66.0,34.08997591,-117.76969139,Los Angeles County,Pomona,Operational,SCE Metro,304618.0
Lennox,SCE,sce,SUBSTATION,substation,True,66.0,33.9422497,-118.34735042,Los Angeles County,Lennox,Operational,SCE Metro,304630.0
Little Rock,SCE,sce,SUBSTATION,substation,True,66.0,34.61619648,-117.96893893,Los Angeles County,,Operational,SCE Northern,304724.0
Live Oak - (SCE),SCE,sce,SUBSTATION,substation,True,66.0,34.12116109,-117.73188289,Los Angeles County,Claremont,Operational,SCE Metro,306072.0
Los Cerritos,SCE,sce,SUBSTATION,substation,True,66.0,33.81127067,-118.19049666,Los Angeles County,Long Beach,Operational,SCE Metro,300965.0
Malibu,SCE,sce,SUBSTATION,substation,True,66.0,34.14755196,-118.76145218,Los Angeles County,Agoura Hills,Operational,SCE Northern,308551.0
Marymount,SCE,sce,SUBSTATION,substation,True,66.0,33.74716918,-118.38896779,Los Angeles County,Rancho Palos Verdes,Operational,SCE Metro,307779.0
Rivera,SCE,sce,SUBSTATION,substation,True,66.0,33.96957649,-118.10134427,Los Angeles County,Pico Rivera,Operational,SCE Metro,309821.0
Merced - (SCE),SCE,sce,SUBSTATION,substation,True,66.0,34.04972041,-117.90719427,Los Angeles County,West Covina,Operational,SCE Metro,300554.0
Murphy - (SCE),SCE,sce,SUBSTATION,substation,True,66.0,33.95442114,-118.04309384,Los Angeles County,South Whittier,Operational,SCE Metro,302941.0
Narrows - (SCE),SCE,sce,SUBSTATION,substation,True,66.0,34.00500122,-118.06682336,Los Angeles County,Pico Rivera,Operational,SCE Metro,300235.0
Navy Mole,SCE,sce,SUBSTATION,substation,True,66.0,33.74226756,-118.22855286,Los Angeles County,Long Beach,Operational,SCE Metro,307683.0
Neptune,SCE,sce,SUBSTATION,substation,True,66.0,33.8273485,-118.26838854,Los Angeles County,Carson,Operational,SCE Metro,303695.0
Newhall - (SCE),SCE,sce,SUBSTATION,substation,True,66.0,34.37920812,-118.55915775,Los Angeles County,Santa Clarita,Operational,SCE Northern,310019.0
North Oaks,SCE,sce,SUBSTATION,substation,True,66.0,34.41562593,-118.45273631,Los Angeles County,Santa Clarita,Operational,SCE Northern,303988.0
Oasis - (SCE),SCE,sce,SUBSTATION,substation,True,66.0,34.64670742,-118.09485176,Los Angeles County,Palmdale,Operational,SCE Northern,310499.0
Palmdale,SCE,sce,SUBSTATION,substation,True,66.0,34.56604928,-118.05917393,Los Angeles County,Palmdale,Operational,SCE Northern,301132.0
Passons,SCE,sce,SUBSTATION,substation,True,66.0,33.96420113,-118.08213585,Los Angeles County,Santa Fe Springs,Operational,SCE Metro,307499.0
Pico - (SCE),SCE,sce,SUBSTATION,substation,True,66.0,33.76508498,-118.20664459,Los Angeles County,Long Beach,Operational,SCE Metro,308263.0
Pioneer - (SCE),SCE,sce,SUBSTATION,substation,True,66.0,33.91557093,-118.08113677,Los Angeles County,Norwalk,Operational,SCE Metro,301243.0
Piute,SCE,sce,SUBSTATION,substation,True,66.0,34.69065073,-117.96936056,Los Angeles County,,Operational,SCE Northern,306168.0
Proctor,SCE,sce,SUBSTATION,substation,True,66.0,34.02186538,-117.96903591,Los Angeles County,Industry,Operational,SCE Metro,301131.0
Puente,SCE,sce,SUBSTATION,substation,True,66.0,34.00900607,-117.93041139,Los Angeles County,Industry,Operational,SCE Metro,300408.0
Quartz Hill - (SCE),SCE,sce,SUBSTATION,substation,True,66.0,34.65953628,-118.22827808,Los Angeles County,Lancaster,Operational,SCE Northern,305829.0
Railroad,SCE,sce,SUBSTATION,substation,True,66.0,33.99709891,-117.8876909,Los Angeles County,Industry,Operational,SCE Metro,304779.0
Ramona - SCE,SCE,sce,SUBSTATION,substation,True,66.0,34.06991432,-118.13001595,Los Angeles County,Alhambra,Operational,SCE Metro,302401.0
Randolph - SCE,SCE,sce,SUBSTATION,substation,True,66.0,33.9827099,-118.20530381,Los Angeles County,Huntington Park,Operational,SCE Metro,309483.0
Ravendale,SCE,sce,SUBSTATION,substation,True,66.0,34.12177036,-118.08106229,Los Angeles County,East San Gabriel,Operational,SCE Metro,304811.0
Redman,SCE,sce,SUBSTATION,substation,True,66.0,34.76317873,-117.96940477,Los Angeles County,,Operational,SCE Northern,306762.0
Repetto,SCE,sce,SUBSTATION,substation,True,66.0,34.04793766,-118.16217314,Los Angeles County,Monterey Park,Operational,SCE Metro,302798.0
Rolling Hills,SCE,sce,SUBSTATION,substation,True,66.0,33.80836548,-118.3549965,Los Angeles County,Torrance,Operational,SCE Metro,308216.0
Rosemead,SCE,sce,SUBSTATION,substation,True,66.0,34.0922136,-118.08264665,Los Angeles County,Rosemead,Operational,SCE Metro,300648.0
Rush,SCE,sce,SUBSTATION,substation,True,66.0,34.05121358,-118.08133509,Los Angeles County,Rosemead,Operational,SCE Metro,309685.0
San Dimas,SCE,sce,SUBSTATION,substation,True,66.0,34.11717613,-117.80780687,Los Angeles County,San Dimas,Operational,SCE Metro,305598.0
San Gabriel,SCE,sce,SUBSTATION,substation,True,66.0,34.09869394,-118.10017112,Los Angeles County,San Gabriel,Operational,SCE Metro,301416.0
Santa Fe Springs,SCE,sce,SUBSTATION,substation,True,66.0,33.94806215,-118.05853586,Los Angeles County,Santa Fe Springs,Operational,SCE Metro,309160.0
Sawtelle,SCE,sce,SUBSTATION,substation,True,66.0,34.04745687,-118.4521846,Los Angeles County,"Los Angeles--Long Beach--Anaheim, CA",Operational,SCE Metro,302171.0
Seabright,SCE,sce,SUBSTATION,substation,True,66.0,33.77252613,-118.20352287,Los Angeles County,Long Beach,Operational,SCE Metro,304121.0
Shuttle,SCE,sce,SUBSTATION,substation,True,66.0,34.64275231,-118.16499281,Los Angeles County,"Palmdale--Lancaster, CA",Operational,SCE Northern,307517.0
Signal Hill,SCE,sce,SUBSTATION,substation,True,66.0,33.81143343,-118.16819865,Los Angeles County,Signal Hill,Operational,SCE Metro,309348.0
Solemint,SCE,sce,SUBSTATION,substation,True,66.0,34.45186733,-118.42257664,Los Angeles County,"Santa Clarita, CA",Operational,SCE Northern,304848.0
Somerset,SCE,sce,SUBSTATION,substation,True,66.0,33.87419785,-118.14296457,Los Angeles County,Bellflower,Operational,SCE Metro,306947.0
State Street,SCE,sce,SUBSTATION,substation,True,66.0,33.79018299,-118.19868972,Los Angeles County,Long Beach,Operational,SCE Metro,307623.0
Stewart,SCE,sce,SUBSTATION,substation,True,66.0,33.94007463,-118.14049699,Los Angeles County,Downey,Operational,SCE Metro,306839.0
Oldfield,SCE,sce,SUBSTATION,substation,True,66.0,33.84617643,-118.17709264,Los Angeles County,Long Beach,Operational,SCE Metro,303783.0
Sunnyside - (SCE),SCE,sce,SUBSTATION,substation,True,66.0,33.85317979,-118.16705517,Los Angeles County,Lakewood,Operational,SCE Metro,302233.0
Telegraph,SCE,sce,SUBSTATION,substation,True,66.0,33.93232919,-117.99202066,Los Angeles County,Whittier,Operational,SCE Metro,300961.0
Topaz - SCE,SCE,sce,SUBSTATION,substation,True,66.0,33.82780726,-118.37656545,Los Angeles County,Redondo Beach,Operational,SCE Metro,307074.0
Torrance,SCE,sce,SUBSTATION,substation,True,66.0,33.82984183,-118.34429679,Los Angeles County,Torrance,Operational,SCE Metro,308471.0
Trophy,SCE,sce,SUBSTATION,substation,True,66.0,34.04137112,-117.81816156,Los Angeles County,Pomona,Operational,SCE Metro,308289.0
Universal Studios (Studio Master),SCE,sce,SUBSTATION,substation,True,66.0,34.14297399,-118.35738435,Los Angeles County,"Los Angeles--Long Beach--Anaheim, CA",Operational,SCE Metro,300916.0
Vail,SCE,sce,SUBSTATION,substation,True,66.0,34.00677042,-118.12780378,Los Angeles County,Commerce,Operational,SCE Metro,308225.0
Valdez,SCE,sce,SUBSTATION,substation,True,66.0,34.14776352,-118.63178694,Los Angeles County,Calabasas,Operational,SCE Northern,307407.0
Victoria,SCE,sce,SUBSTATION,substation,True,66.0,33.85884923,-118.37419245,Los Angeles County,Redondo Beach,Operational,SCE Metro,305084.0
Wabash - (SCE),SCE,sce,SUBSTATION,substation,True,66.0,34.04512655,-118.18641176,Los Angeles County,East Los Angeles,Operational,SCE Metro,307785.0
Watson,SCE,sce,SUBSTATION,substation,True,66.0,33.80808916,-118.26171248,Los Angeles County,Carson,Operational,SCE Metro,308332.0
Wilsona,SCE,sce,SUBSTATION,substation,True,66.0,34.57930816,-117.71969554,Los Angeles County,,Operational,SCE NOL,300208.0
Yukon,SCE,sce,SUBSTATION,substation,True,66.0,33.91886575,-118.33457997,Los Angeles County,Hawthorne,Operational,SCE Metro,309758.0
Alder,SCE,sce,SUBSTATION,substation,True,66.0,34.13545631,-117.40922135,San Bernardino County,Rialto,Operational,SCE Eastern,308545.0
Archibald,SCE,sce,SUBSTATION,substation,True,66.0,33.99775345,-117.59266592,San Bernardino County,Ontario,Operational,SCE Metro,305671.0
Archline,SCE,sce,SUBSTATION,substation,True,66.0,34.12100066,-117.58411009,San Bernardino County,Rancho Cucamonga,Operational,SCE Metro,302858.0
Arro,SCE,sce,SUBSTATION,substation,True,66.0,34.1422492,-117.29011608,San Bernardino County,San Bernardino,Operational,SCE Eastern,310239.0
Bloomington,SCE,sce,SUBSTATION,substation,True,66.0,34.04922209,-117.40020497,San Bernardino County,Bloomington,Operational,SCE Eastern,310080.0
Cucamonga,SCE,sce,SUBSTATION,substation,True,66.0,34.08425648,-117.59274337,San Bernardino County,Rancho Cucamonga,Operational,SCE Metro,302815.0
Declez,SCE,sce,SUBSTATION,substation,True,66.0,34.07788962,-117.48806611,San Bernardino County,"Riverside--San Bernardino, CA",Operational,SCE Eastern,307146.0
Del Rosa,SCE,sce,SUBSTATION,substation,True,66.0,34.14992708,-117.25169496,San Bernardino County,San Bernardino,Operational,SCE Eastern,306337.0
Firehouse,SCE,sce,SUBSTATION,substation,True,66.0,34.04180813,-117.62340192,San Bernardino County,Ontario,Operational,SCE Metro,301618.0
Francis,SCE,sce,SUBSTATION,substation,True,66.0,34.04205336,-117.72300909,San Bernardino County,"Riverside--San Bernardino, CA",Operational,SCE Metro,310172.0
Genamic,SCE,sce,SUBSTATION,substation,True,66.0,34.09135411,-117.56659693,San Bernardino County,Rancho Cucamonga,Operational,SCE Metro,303615.0
Havasu,SCE,sce,SUBSTATION,substation,True,66.0,34.35461088,-114.26128762,San Bernardino County,,Operational,SCE Eastern,302054.0
Highland,SCE,sce,SUBSTATION,substation,True,66.0,34.10790608,-117.18678498,San Bernardino County,Highland,Operational,SCE Eastern,306771.0
Landing,SCE,sce,SUBSTATION,substation,True,66.0,34.47870939,-114.41694833,San Bernardino County,,Operational,SCE EOP,302789.0
Narod,SCE,sce,SUBSTATION,substation,True,66.0,34.04688134,-117.67497402,San Bernardino County,Ontario,Operational,SCE Metro,309763.0
Peyton,SCE,sce,SUBSTATION,substation,True,66.0,33.99624112,-117.7333329,San Bernardino County,Chino Hills,Operational,SCE Metro,308233.0
Randall,SCE,sce,SUBSTATION,substation,True,66.0,34.1137101,-117.45410792,San Bernardino County,Fontana,Operational,SCE Eastern,308945.0
San Antonio,SCE,sce,SUBSTATION,substation,True,66.0,34.09296863,-117.69757045,San Bernardino County,Montclair,Operational,SCE Metro,308532.0
Upland,SCE,sce,SUBSTATION,substation,True,66.0,34.09362011,-117.6500309,San Bernardino County,Upland,Operational,SCE Metro,305722.0
Wimbledon,SCE,sce,SUBSTATION,substation,True,66.0,34.04854105,-117.52492231,San Bernardino County,Ontario,Operational,SCE Metro,303327.0
Capitan,SCE,sce,SUBSTATION,substation,True,66.0,34.47674558,-120.04221705,Santa Barbara County,,Operational,SCE Northern,304048.0
Carpinteria,SCE,sce,SUBSTATION,substation,True,66.0,34.40938989,-119.51499079,Santa Barbara County,Carpinteria,Operational,SCE Northern,301634.0
Gaviota,SCE,sce,SUBSTATION,substation,True,66.0,34.47602299,-120.19934301,Santa Barbara County,,Operational,PGE Kern,306929.0
Isla Vista,SCE,sce,SUBSTATION,substation,True,66.0,34.43301677,-119.87131997,Santa Barbara County,Goleta,Operational,SCE Northern,303853.0
Ortega,SCE,sce,SUBSTATION,substation,True,66.0,34.41837853,-119.58672375,Santa Barbara County,Summerland,Operational,SCE Northern,304278.0
Playa,SCE,sce,SUBSTATION,substation,True,66.0,34.40415169,-119.726537,Santa Barbara County,Santa Barbara,Operational,SCE Northern,304315.0
Milliken,SCE,sce,SUBSTATION,substation,True,66.0,34.04401186,-117.5682044,San Bernardino County,Ontario,Operational,SCE Metro,301954.0
Riverway,SCE,sce,SUBSTATION,substation,True,66.0,36.35733214,-119.31295897,Tulare County,Visalia,Operational,SCE Northern,302988.0
Ontario,SCE,sce,SUBSTATION,substation,True,66.0,34.05648637,-117.64562376,San Bernardino County,Ontario,Operational,SCE Metro,309271.0
Kempster,SCE,sce,SUBSTATION,substation,True,66.0,34.07679227,-117.4346724,San Bernardino County,Fontana,Operational,SCE Eastern,304169.0
Rialto,SCE,sce,SUBSTATION,substation,True,66.0,34.10129954,-117.36834093,San Bernardino County,Rialto,Operational,SCE Eastern,306462.0
Mt. Vernon,SCE,sce,SUBSTATION,substation,True,66.0,34.12071544,-117.31034355,San Bernardino County,San Bernardino,Operational,SCE Eastern,303491.0
Tippecanoe,SCE,sce,SUBSTATION,substation,True,66.0,34.12095364,-117.25831463,San Bernardino County,San Bernardino,Operational,SCE Eastern,310512.0
Perez - (SCE),SCE,sce,SUBSTATION,substation,True,66.0,33.88193216,-117.58843619,Riverside County,Corona,Operational,SCE Metro,302388.0
Duarte,SCE,sce,SUBSTATION,substation,True,66.0,34.13866031,-117.96575733,Los Angeles County,Duarte,Operational,SCE Metro,300528.0
Monrovia,SCE,sce,SUBSTATION,substation,True,66.0,34.14299959,-118.00280967,Los Angeles County,Monrovia,Operational,SCE Metro,304101.0
Mayflower,SCE,sce,SUBSTATION,substation,True,66.0,34.11844026,-118.00800282,Los Angeles County,Mayflower Village,Operational,SCE Metro,303297.0
Sierra Madre,SCE,sce,SUBSTATION,substation,True,66.0,34.15824038,-118.05454274,Los Angeles County,Sierra Madre,Operational,SCE Metro,309168.0
Michillinda,SCE,sce,SUBSTATION,substation,True,66.0,34.12854278,-118.06745368,Los Angeles County,East San Gabriel,Operational,SCE Metro,301656.0
Ivar,SCE,sce,SUBSTATION,substation,True,66.0,34.08815053,-118.07595724,Los Angeles County,Rosemead,Operational,SCE Metro,308693.0
Hoyt,SCE,sce,SUBSTATION,substation,True,66.0,34.05215365,-118.0488606,Los Angeles County,South El Monte,Operational,SCE Metro,304902.0
Floraday,SCE,sce,SUBSTATION,substation,True,66.0,33.93550162,-118.09419502,Los Angeles County,Downey,Operational,SCE Metro,303948.0
Woodruff,SCE,sce,SUBSTATION,substation,True,66.0,33.89972893,-118.11845811,Los Angeles County,Bellflower,Operational,SCE Metro,310408.0
Terrace,SCE,sce,SUBSTATION,substation,True,66.0,34.05746155,-118.1822392,Los Angeles County,East Los Angeles,Operational,SCE Metro,307264.0
Belvedere,SCE,sce,SUBSTATION,substation,True,66.0,34.03653003,-118.17897862,Los Angeles County,East Los Angeles,Operational,SCE Metro,303934.0
Bicknell,SCE,sce,SUBSTATION,substation,True,66.0,34.03353628,-118.1626017,Los Angeles County,East Los Angeles,Operational,SCE Metro,305500.0
Amalia,SCE,sce,SUBSTATION,substation,True,66.0,34.02440598,-118.15463768,Los Angeles County,East Los Angeles,Operational,SCE Metro,310492.0
South Gate,SCE,sce,SUBSTATION,substation,True,66.0,33.94709844,-118.21305682,Los Angeles County,South Gate,Operational,SCE Metro,306794.0
Lynwood,SCE,sce,SUBSTATION,substation,True,66.0,33.92709483,-118.21278441,Los Angeles County,Lynwood,Operational,SCE Metro,306210.0
Longdon,SCE,sce,SUBSTATION,substation,True,66.0,33.88176698,-118.19568316,Los Angeles County,Compton,Operational,SCE Metro,307639.0
Hedda,SCE,sce,SUBSTATION,substation,True,66.0,33.86679729,-118.11761829,Los Angeles County,Lakewood,Operational,SCE Metro,303795.0
Locust,SCE,sce,SUBSTATION,substation,True,66.0,33.78319603,-118.19157091,Los Angeles County,Long Beach,Operational,SCE Metro,302922.0
Fairfax,SCE,sce,SUBSTATION,substation,True,66.0,34.08994513,-118.36086161,Los Angeles County,West Hollywood,Operational,SCE Metro,302381.0
Haveda,SCE,sce,SUBSTATION,substation,True,66.0,33.82470537,-118.3444338,Los Angeles County,Torrance,Operational,SCE Metro,302947.0
Basta,SCE,sce,SUBSTATION,substation,True,66.0,33.86946459,-117.9596837,Orange County,Fullerton,Operational,SCE Metro,305071.0
Oneill,SCE,sce,SUBSTATION,substation,True,66.0,33.64318529,-117.60557585,Orange County,Rancho Santa Margarita,Operational,SCE Metro,306351.0
Mascot,SCE,sce,SUBSTATION,substation,True,66.0,36.34224272,-119.59239823,Kings County,,Operational,PGE Fresno,300819.0
Kimball,SCE,sce,SUBSTATION,substation,True,66.0,33.97018174,-117.61858593,San Bernardino County,Chino,Operational,SCE Metro,308755.0
Bliss,SCE,sce,SUBSTATION,substation,True,66.0,36.16692146,-119.20658177,Tulare County,,Operational,SCE Northern,303679.0
Wakefield,SCE,sce,SUBSTATION,substation,True,66.0,34.35643714,-119.05589064,Ventura County,Santa Paula,Operational,SCE Northern,308479.0
Rosamond,SCE,sce,SUBSTATION,substation,True,66.0,34.86427636,-118.23731883,Kern County,Rosamond,Operational,SCE Northern,308310.0
Elizabeth Lake,SCE,sce,SUBSTATION,substation,True,66.0,34.4911348,-118.61638492,Los Angeles County,Castaic,Operational,SCE Northern,304039.0
Neenach,SCE,sce,SUBSTATION,substation,True,66.0,34.77510067,-118.50142385,Los Angeles County,,Operational,SCE Northern,303903.0
Cardiff,SCE,sce,SUBSTATION,substation,True,66.0,34.10230008,-117.27785099,San Bernardino County,San Bernardino,Operational,SCE Eastern,300577.0
Windsor Hills,SCE,sce,SUBSTATION,substation,True,60.0,33.99600058,-118.35918766,Los Angeles County,View Park-Windsor Hills,Operational,SCE Metro,301745.0
Lundy,SCE,sce,SUBSTATION,substation,True,55.0,38.0427359,-119.1718964,Mono County,Mono City,Operational,PGE GBA,309902.0
Zack,SCE,sce,SUBSTATION,substation,True,55.0,37.61530123,-118.39708878,Mono County,,Operational,SCE NOL,301888.0
Bridgeport,SCE,sce,SUBSTATION,substation,True,55.0,38.21832705,-119.23005501,Mono County,Bridgeport,Operational,PGE GBA,308600.0
Line Creek,SCE,sce,SUBSTATION,substation,True,33.0,37.24546896,-119.19429643,Fresno County,,Operational,PGE Fresno,302844.0
Silver Spur,SCE,sce,SUBSTATION,substation,True,33.0,33.69936958,-116.38633429,Riverside County,Palm Desert,Operational,SCE Eastern,306237.0
Cal City,SCE,sce,SUBSTATION,substation,True,33.0,35.14257737,-117.96870088,Kern County,California City,Operational,SCE Northern,305017.0
Cantil,SCE,sce,SUBSTATION,substation,True,33.0,35.30818409,-117.95013251,Kern County,,Operational,SCE NOL,308823.0
Oro Grande,SCE,sce,SUBSTATION,substation,True,33.0,34.60145114,-117.33504743,San Bernardino County,,Operational,SCE NOL,300869.0
Rancho,SCE,sce,SUBSTATION,substation,True,33.0,34.5175742,-117.21567013,San Bernardino County,Apple Valley,Operational,SCE NOL,301988.0
Victorville - (SCE),SCE,sce,SUBSTATION,substation,True,33.0,34.53534569,-117.29512531,San Bernardino County,Victorville,Operational,SCE NOL,301061.0
Huston,SCE,sce,SUBSTATION,substation,True,33.0,34.24285702,-117.28547021,San Bernardino County,Crestline,Operational,SCE Metro,304198.0
Daggett,SCE,sce,SUBSTATION,substation,True,33.0,34.86248313,-116.89093758,San Bernardino County,,Operational,SCE NOL,307596.0
East Barstow,SCE,sce,SUBSTATION,substation,True,33.0,34.88998947,-117.0018518,San Bernardino County,Barstow,Operational,SCE NOL,302856.0
Barstow,SCE,sce,SUBSTATION,substation,True,33.0,34.90108473,-117.02212143,San Bernardino County,Barstow,Operational,SCE NOL,305948.0
West Barstow,SCE,sce,SUBSTATION,substation,True,33.0,34.89160039,-117.04929993,San Bernardino County,Barstow,Operational,SCE NOL,303048.0
Hinkley,SCE,sce,SUBSTATION,substation,True,33.0,34.90724659,-117.15400802,San Bernardino County,,Operational,SCE NOL,309339.0
Ordway,SCE,sce,SUBSTATION,substation,True,33.0,34.86475376,-117.117737,San Bernardino County,Barstow,Operational,SCE NOL,306552.0
Hemet,SCE,sce,SUBSTATION,substation,True,33.0,33.74682242,-116.97564822,Riverside County,Hemet,Operational,SCE Eastern,302250.0
Holiday,SCE,sce,SUBSTATION,substation,True,33.0,33.84554649,-116.54589241,Riverside County,Palm Springs,Operational,SCE Eastern,305035.0
Amargo,SCE,sce,SUBSTATION,substation,True,33.0,35.00018941,-117.64918768,Kern County,Boron,Operational,SCE NOL,302412.0
North Muroc,SCE,sce,SUBSTATION,substation,True,33.0,35.01358659,-117.88129238,Kern County,,Operational,SCE NOL,304445.0
Second Ave.,SCE,sce,SUBSTATION,substation,True,33.0,33.69094435,-114.57245608,Riverside County,,Operational,SCE Eastern,307025.0
Olive Lake,SCE,sce,SUBSTATION,substation,True,33.0,33.61127379,-114.55100551,Riverside County,Blythe,Operational,SCE Eastern,306811.0
Forest Home,SCE,sce,SUBSTATION,substation,True,33.0,34.08754734,-116.92057268,San Bernardino County,,Operational,SCE Eastern,304796.0
Burnt Mill,SCE,sce,SUBSTATION,substation,True,33.0,34.23438247,-117.20141211,San Bernardino County,Lake Arrowhead,Operational,SCE Eastern,300710.0
Converse Flats,SCE,sce,SUBSTATION,substation,True,33.0,34.19571816,-116.91236362,San Bernardino County,,Operational,SCE NOL,307445.0
Helendale,SCE,sce,SUBSTATION,substation,True,33.0,34.74051547,-117.32391858,San Bernardino County,,Operational,SCE NOL,308451.0
Bryman,SCE,sce,SUBSTATION,substation,True,33.0,34.68212307,-117.3388884,San Bernardino County,,Operational,SCE NOL,300839.0
Running Springs,SCE,sce,SUBSTATION,substation,True,33.0,34.20804492,-117.10398786,San Bernardino County,Running Springs,Operational,SCE Eastern,301364.0
Goldhill,SCE,sce,SUBSTATION,substation,True,33.0,34.30376063,-116.82014575,San Bernardino County,,Operational,SCE NOL,301448.0
Timberwine,SCE,sce,SUBSTATION,substation,True,33.0,37.13595414,-119.26082522,Fresno County,,,PGE Fresno,
Alola,SCE,sce,SUBSTATION,substation,True,33.0,33.97008206,-116.8819049,Riverside County,,,SCE Eastern,
Lockheed,SCE,sce,SUBSTATION,substation,True,,34.45775905,-118.58046829,Los Angeles County,Santa Clarita,Operational,SCE Northern,301491.0
Venida,SCE,sce,SUBSTATION,substation,True,,36.3253644,-119.13458469,Tulare County,,Operational,SCE Northern,309897.0
Stadium,SCE,sce,SUBSTATION,substation,True,,33.77132772,-118.10023527,Los Angeles County,Long Beach,Operational,SCE Metro,307039.0
Deep Springs,SCE,sce,SUBSTATION,substation,True,,37.37437705,-117.97959174,Inyo County,,Operational,SCE NOL,307164.0
Mt. Tom,SCE,sce,SUBSTATION,substation,True,,37.3498012,-118.46534003,Inyo County,,Operational,SCE NOL,300630.0
Atwood,SCE,sce,SUBSTATION,substation,True,,33.88030934,-117.83202139,Orange County,Placentia,Operational,SCE Metro,304793.0
Canyon - (SCE),SCE,sce,SUBSTATION,substation,True,,33.8714507,-117.74696846,Orange County,Anaheim,Operational,SCE Metro,308281.0
Ely,SCE,sce,SUBSTATION,substation,True,,33.85108317,-118.02790788,Orange County,Buena Park,Operational,SCE Metro,304780.0
Irvine,SCE,sce,SUBSTATION,substation,True,,33.68303408,-117.7421796,Orange County,Irvine,Operational,SCE Metro,300687.0
Parkwood,SCE,sce,SUBSTATION,substation,True,,33.91547488,-117.96369739,Orange County,La Habra,Operational,SCE Metro,306574.0
Team,SCE,sce,SUBSTATION,substation,True,,33.74497439,-117.99990082,Orange County,Westminster,Operational,SCE Metro,304150.0
Yorba Linda - (SCE),SCE,sce,SUBSTATION,substation,True,,33.88891615,-117.7881359,Orange County,Yorba Linda,Operational,SCE Metro,300843.0
Indian Wells,SCE,sce,SUBSTATION,substation,True,,33.7294603,-116.34663952,Riverside County,Indian Wells,Operational,SCE Eastern,307283.0
Blythe-Bucks,SCE,sce,SUBSTATION,substation,True,,33.61612028,-114.68458233,Riverside County,Blythe,Operational,SCE Eastern,304554.0
Edwards,SCE,sce,SUBSTATION,substation,True,,34.9844728,-117.89108225,Kern County,,Operational,SCE NOL,303186.0
Great Lakes,SCE,sce,SUBSTATION,substation,True,,34.83737752,-118.15545501,Kern County,Rosamond,Operational,SCE Northern,300070.0
Cornuta,SCE,sce,SUBSTATION,substation,True,,33.8836949,-118.1203526,Los Angeles County,Bellflower,Operational,SCE Metro,307369.0
Culver,SCE,sce,SUBSTATION,substation,True,,34.01457108,-118.4025978,Los Angeles County,Culver City,Operational,SCE Metro,300470.0
Eaton,SCE,sce,SUBSTATION,substation,True,,34.16225341,-118.08571032,Los Angeles County,Pasadena,Operational,SCE Metro,310415.0
Gallatin,SCE,sce,SUBSTATION,substation,True,,33.96154642,-118.11133841,Los Angeles County,Downey,Operational,SCE Metro,308300.0
Pomona,SCE,sce,SUBSTATION,substation,True,,34.05828402,-117.75526798,Los Angeles County,Pomona,Operational,SCE Metro,309496.0
Haskell,SCE,sce,SUBSTATION,substation,True,,34.43870171,-118.5152366,Los Angeles County,Santa Clarita,Operational,SCE Northern,306242.0
Lucas,SCE,sce,SUBSTATION,substation,True,,33.84235211,-118.12058663,Los Angeles County,Lakewood,Operational,SCE Metro,303671.0
Marine,SCE,sce,SUBSTATION,substation,True,,34.00697792,-118.46567801,Los Angeles County,Santa Monica,Operational,SCE Metro,301795.0
Newmark,SCE,sce,SUBSTATION,substation,True,,34.04556603,-118.12913637,Los Angeles County,Monterey Park,Operational,SCE Metro,308907.0
Nogales,SCE,sce,SUBSTATION,substation,True,,34.006756,-117.85527924,Los Angeles County,Industry,Operational,SCE Metro,301517.0
Nola,SCE,sce,SUBSTATION,substation,True,,33.85950989,-118.27631434,Los Angeles County,Carson,Operational,SCE Metro,300008.0
Santa Monica,SCE,sce,SUBSTATION,substation,True,,34.01725219,-118.48814686,Los Angeles County,Santa Monica,Operational,SCE Metro,301842.0
Sepulveda,SCE,sce,SUBSTATION,substation,True,,33.91903321,-118.3966803,Los Angeles County,El Segundo,Operational,SCE Metro,301543.0
Tahiti,SCE,sce,SUBSTATION,substation,True,,33.97775559,-118.43691647,Los Angeles County,Marina del Rey,Operational,SCE Metro,309663.0
Linden - (SCE),SCE,sce,SUBSTATION,substation,True,,33.85914436,-118.18557682,Los Angeles County,Long Beach,Operational,SCE Metro,310026.0
Walteria,SCE,sce,SUBSTATION,substation,True,,33.79195419,-118.32347481,Los Angeles County,Lomita,Operational,SCE Metro,301894.0
Cima,SCE,sce,SUBSTATION,substation,True,,35.25221207,-115.51570103,San Bernardino County,,Operational,SCE EOP,301236.0
Colton (Century),SCE,sce,SUBSTATION,substation,True,,34.05897352,-117.31448112,San Bernardino County,Colton,Operational,SCE Eastern,301997.0
Soquel - (SCE),SCE,sce,SUBSTATION,substation,True,,33.96402847,-117.69538516,San Bernardino County,Chino Hills,Operational,SCE Metro,304155.0
Stoddard - (SCE),SCE,sce,SUBSTATION,substation,True,,34.10042547,-117.29268935,San Bernardino County,San Bernardino,Operational,SCE Eastern,303986.0
San Marcos - (SCE),SCE,sce,SUBSTATION,substation,True,,34.45196304,-119.7613857,Santa Barbara County,Eastern Goleta Valley,Operational,SCE Northern,300414.0
Amboy,SCE,sce,SUBSTATION,substation,True,,34.55102666,-115.7453675,San Bernardino County,,Operational,SCE NOL,306183.0
Big Bend Bia,SCE,sce,SUBSTATION,substation,True,,34.26065735,-114.1681185,San Bernardino County,,Operational,SCE Eastern,305905.0
Lakeview - (SCE Eastern),SCE Eastern,sce,SUBSTATION,substation,True,,33.82573501,-117.13399148,Riverside County,Lakeview,Operational,SCE Eastern,300867.0
Las Lomas,SCE Metro,sce,SUBSTATION,substation,True,,33.71842229,-117.73854998,Orange County,Irvine,Operational,SCE Metro,302840.0
Palm Village,SCE,sce,SUBSTATION,substation,True,,33.72018865,-116.36312727,Riverside County,Palm Desert,Operational,SCE Eastern,309311.0
Pierpont,SCE,sce,SUBSTATION ASSUMED,substation,True,,34.27349368,-119.24753598,Ventura County,San Buenaventura (Ventura),Operational,SCE Northern,
Big Creek 2,SCE,sce,SUBSTATION ASSUMED,substation,True,,37.19903198,-119.30574959,Fresno County,,Operational,PGE Fresno,
Downs,SCE,sce,SUBSTATION,substation,True,,35.62201979,-117.68829106,Kern County,Ridgecrest,Operational,SCE NOL,308999.0
Northwind,SCE,sce,SUBSTATION ASSUMED,substation,True,,35.07590337,-118.37259431,Kern County,,Operational,SCE Northern,302097.0
George Air Force Base,SCE,sce,SUBSTATION,substation,True,,34.58001592,-117.36936322,San Bernardino County,Victorville,Operational,SCE NOL,304414.0
Hanford - (SCE),SCE,sce,SUBSTATION,substation,True,,36.31290653,-119.65438444,Kings County,Hanford,Operational,PGE Fresno,302386.0
Euclid - (SCE),SCE,sce,SUBSTATION,substation,True,,34.08192108,-117.63230733,San Bernardino County,Ontario,Operational,SCE Metro,303520.0
Sixteenth Street,SCE,sce,SUBSTATION,substation,True,,34.12888328,-117.30436125,San Bernardino County,San Bernardino,Operational,SCE Eastern,303577.0
Smiley,SCE,sce,SUBSTATION,substation,True,,34.02771923,-117.16531274,San Bernardino County,Redlands,Operational,SCE Eastern,305685.0
Sunny Dunes,SCE,sce,SUBSTATION,substation,True,,33.81298542,-116.5435738,Riverside County,Palm Springs,Operational,SCE Eastern,310089.0
Palm Canyon,SCE,sce,SUBSTATION,substation,True,,33.79897036,-116.54323205,Riverside County,Palm Springs,Operational,SCE Eastern,305976.0
Costa Mesa,SCE,sce,SUBSTATION,substation,True,,33.62954395,-117.92498913,Orange County,Newport Beach,Operational,SCE Metro,307657.0
Temple,SCE,sce,SUBSTATION,substation,True,,34.1061742,-118.06825633,Los Angeles County,Temple City,Operational,SCE Metro,307029.0
San Marino,SCE,sce,SUBSTATION ASSUMED,substation,True,,34.12808488,-118.09933085,Los Angeles County,San Marino,Operational,SCE Metro,
Naomi,SCE,sce,SUBSTATION,substation,True,,33.97555301,-118.24799271,Los Angeles County,Florence-Graham,Operational,SCE Metro,304692.0
Graham,SCE,sce,SUBSTATION,substation,True,,33.95866201,-118.23690295,Los Angeles County,Florence-Graham,Operational,SCE Metro,307248.0
Brewster,SCE,sce,SUBSTATION,substation,True,,33.9206588,-118.18799636,Los Angeles County,Lynwood,Operational,SCE Metro,305723.0
Athens,SCE,sce,SUBSTATION,substation,True,,33.91649129,-118.23855217,Los Angeles County,Willowbrook,Operational,SCE Metro,305604.0
Fair Oaks,SCE,sce,SUBSTATION,substation,True,,34.19147305,-118.14839974,Los Angeles County,Altadena,Operational,SCE Metro,302336.0
Compton,SCE,sce,SUBSTATION,substation,True,,33.89742926,-118.2247086,Los Angeles County,Compton,Operational,SCE Metro,304496.0
Pearl,SCE,sce,SUBSTATION,substation,True,,34.02166737,-118.45855281,Los Angeles County,Santa Monica,Operational,SCE Metro,309001.0
Lawndale - (SCE),SCE,sce,SUBSTATION,substation,True,,33.89490375,-118.35785407,Los Angeles County,Lawndale,Operational,SCE Metro,306925.0
Ritter Ranch - (SCE Northern),SCE Northern,sce,SUBSTATION,substation,True,,34.57931271,-118.20304449,Los Angeles County,Palmdale,Operational,SCE Northern,307217.0
Perry - (SCE),SCE,sce,SUBSTATION,substation,True,,33.86598019,-118.34834324,Los Angeles County,Torrance,Operational,SCE Metro,305720.0
Bluff Cove,SCE,sce,SUBSTATION,substation,True,,33.77965734,-118.38732968,Los Angeles County,Rancho Palos Verdes,Operational,SCE Metro,306116.0
Southwind,SCE,sce,SUBSTATION,substation,True,,35.03161492,-118.35146322,Kern County,,Operational,SCE Northern,301060.0
Cedarwood,SCE,sce,SUBSTATION,substation,True,,33.75349051,-117.9937719,Orange County,Westminster,Operational,SCE Metro,306511.0
Edinger,SCE,sce,SUBSTATION,substation,True,,33.72689942,-117.86852614,Orange County,Santa Ana,Operational,SCE Metro,304497.0
Murrietta 2,SCE,sce,SUBSTATION,substation,True,,33.53990781,-117.18759531,Riverside County,Murrieta,Operational,SCE Eastern,306945.0
Beaumont,SCE,sce,SUBSTATION,substation,True,,33.93381564,-116.98374019,Riverside County,Beaumont,Operational,SCE Eastern,309469.0
Cabazon,SCE,sce,SUBSTATION,substation,True,,33.91398404,-116.78383734,Riverside County,Cabazon,Operational,SCE Eastern,303201.0
Belding,SCE,sce,SUBSTATION,substation,True,,33.8301894,-116.51482807,Riverside County,Palm Springs,Operational,SCE Eastern,309808.0
West Riverside,SCE,sce,SUBSTATION,substation,True,,34.00573674,-117.39243753,Riverside County,Jurupa Valley,Operational,SCE Eastern,303420.0
North Intake,SCE,sce,SUBSTATION,substation,True,,33.729345,-114.51716531,Riverside County,,Operational,SCE Eastern,309779.0
Defrain,SCE,sce,SUBSTATION,substation,True,,33.66045986,-114.62374851,Riverside County,Blythe,Operational,SCE Eastern,303289.0
Canyon Lake,SCE,sce,SUBSTATION ASSUMED,substation,True,,33.67304729,-117.26048074,Riverside County,Canyon Lake,Operational,SCE Eastern,
Gavilan,SCE,sce,SUBSTATION,substation,True,,33.78453603,-117.24419824,Riverside County,Perris,Operational,SCE Eastern,306871.0
Yermo,SCE,sce,SUBSTATION,substation,True,,34.90301216,-116.82934626,San Bernardino County,Yermo,Operational,SCE NOL,301058.0
Cady,SCE,sce,SUBSTATION,substation,True,,34.83674273,-116.66265763,San Bernardino County,,Operational,SCE NOL,308719.0
Inyokern Town,SCE,sce,SUBSTATION,substation,True,,35.64847728,-117.81658229,Kern County,Inyokern,Operational,SCE NOL,310309.0
Junction,SCE,sce,SUBSTATION,substation,True,,36.30536699,-116.41458361,Inyo County,,Operational,SCE EOP,302828.0
Minaret,SCE,sce,SUBSTATION,substation,True,,37.65152364,-119.01065548,Mono County,Mammoth Lakes,Operational,SCE NOL,300359.0
Muscoy,SCE,sce,SUBSTATION ASSUMED,substation,True,,34.15718785,-117.33899906,San Bernardino County,Muscoy,Operational,SCE Eastern,
Nugget,SCE,sce,SUBSTATION,substation,True,,34.20737508,-116.36899089,San Bernardino County,,Operational,SCE Eastern,308192.0
Skiland,SCE,sce,SUBSTATION,substation,True,,37.63665806,-118.96437594,Mono County,Mammoth Lakes,Operational,SCE NOL,300435.0
Peerless,SCE,sce,SUBSTATION,substation,True,,35.09740984,-117.80030809,Kern County,,Operational,SCE NOL,308804.0
Ridgecrest,SCE,sce,SUBSTATION,substation,True,,35.62633946,-117.67288133,Kern County,Ridgecrest,Operational,SCE NOL,307820.0
Ripley,SCE,sce,SUBSTATION,substation,True,,33.52496165,-114.65592806,Riverside County,Ripley,Operational,SCE Eastern,301596.0
Rubidoux,SCE,sce,SUBSTATION,substation,True,,33.99924246,-117.41556634,Riverside County,Jurupa Valley,Operational,SCE Eastern,301066.0
Verdant,SCE,sce,SUBSTATION,substation,True,,33.41858024,-114.72518842,Imperial County,,Operational,SCE Eastern,300758.0
Trona - North,SCE,sce,SUBSTATION,substation,True,,35.77356013,-117.37037339,San Bernardino County,Searles Valley,Operational,SCE NOL,301136.0
Wrightwood,SCE,sce,SUBSTATION,substation,True,,34.35852446,-117.62413857,San Bernardino County,Wrightwood,Operational,SCE Metro,309715.0
White Mt.,SCE,sce,SUBSTATION ASSUMED,substation,True,,37.41164197,-118.18612423,Inyo County,,Operational,SCE NOL,
Triton,SCE,sce,SUBSTATION,substation,True,,33.54211848,-117.11474747,Riverside County,Temecula,Operational,SCE Eastern,303642.0
Inyo,SCE,sce,SUBSTATION,substation,True,,37.34206766,-118.44091835,Inyo County,,Operational,SCE NOL,309390.0
Granada,SCE,sce,SUBSTATION,substation,True,,34.10494997,-118.12106662,Los Angeles County,,,SCE Metro,
Doheny,SCE,sce,SUBSTATION,substation,True,,34.09027418,-118.39170995,Los Angeles County,,,SCE Metro,
Madrid,SCE,sce,SUBSTATION,substation,True,,33.83554836,-118.3244855,Los Angeles County,,,SCE Metro,
Moneta,SCE,sce,SUBSTATION,substation,True,,33.88344642,-118.30988278,Los Angeles County,,,SCE Metro,
Bedford,SCE,sce,SUBSTATION,substation,True,,34.06265522,-118.39947238,Los Angeles County,,,SCE Metro,
Tapia,SCE,sce,SUBSTATION,substation,True,,34.03644546,-118.68485924,Los Angeles County,,,SCE Metro,
Modoc - SCE,SCE,sce,SUBSTATION,substation,True,,34.43022786,-119.71471933,Santa Barbara County,,,SCE Northern,
Coso,SCE,sce,SUBSTATION,substation,True,,36.08253748,-117.94922734,Inyo County,,,SCE NOL,
Manhattan,SCE,sce,SUBSTATION,substation,True,,33.87807018,-118.39857176,Los Angeles County,,,SCE Metro,
Morningside,SCE,sce,SUBSTATION,substation,True,,33.96041062,-118.33095987,Los Angeles County,,,SCE Metro,
Ocean Park,SCE,sce,SUBSTATION,substation,True,,33.99801353,-118.47917204,Los Angeles County,,,SCE Metro,
Palos Verdes,SCE,sce,SUBSTATION,substation,True,,33.80398894,-118.37901954,Los Angeles County,,,SCE Metro,
Garvey,SCE,sce,SUBSTATION,substation,True,,34.06330716,-118.09091598,Los Angeles County,,,SCE Metro,
Paularino,SCE,sce,SUBSTATION,substation,True,,33.65319074,-117.89115436,Orange County,,,SCE Metro,
San Vicente,SCE,sce,SUBSTATION,substation,True,,34.02864192,-118.49915442,Los Angeles County,,,SCE Metro,
Huntington Park,SCE,sce,SUBSTATION,substation,True,,33.97960017,-118.22624402,Los Angeles County,,,SCE Metro,
Bixby,SCE,sce,SUBSTATION,substation,True,,33.77190836,-118.17049258,Los Angeles County,,,SCE Metro,
Montecito,SCE,sce,SUBSTATION,substation,True,,34.43254662,-119.63349235,Santa Barbara County,,,SCE Northern,
Olympic,SCE,sce,SUBSTATION,substation,True,,34.05965545,-118.38953415,Los Angeles County,,,SCE Metro,
Topanga,SCE,sce,SUBSTATION,substation,True,,34.08957509,-118.60509937,Los Angeles County,,,SCE Metro,
Gage,SCE,sce,SUBSTATION,substation,True,,33.96266512,-118.15591035,Los Angeles County,,,SCE Metro,
Lunada,SCE,sce,SUBSTATION,substation,True,,33.76014319,-118.37856619,Los Angeles County,,,SCE Metro,
Minneola,SCE,sce,SUBSTATION,substation,True,,34.8649412,-116.8171249,San Bernardino County,,,SCE NOL,
Naples,SCE,sce,SUBSTATION,substation,True,,33.76824802,-118.13263956,Los Angeles County,,,SCE Metro,
Daisy,SCE,sce,SUBSTATION,substation,True,,33.78817777,-118.2007652,Los Angeles County,,,SCE Metro,
Fogarty - SCE,SCE,sce,SUBSTATION,substation,True,,33.7018464,-117.37397451,Riverside County,,,SCE Eastern,
