name,owner_raw,owner_std,type,category,matched_to_scrape,max_voltage_kv,latitude,longitude,county,city,status,cec_resolve_area,hifld_id
Olinda - (Other),Other (PGE - Assumed),pge_assumed,SUBSTATION,substation,False,500.0,40.38245323,-122.38220487,Shasta County,,Operational,PGE NGBA,306950.0
Oxford,PG&E,pge,SUBSTATION,substation,False,500.0,36.71508838,-120.70181596,Fresno County,,Operational,PGE Fresno,306180.0
Shiloh II,PG&E,pge,SUBSTATION,substation,False,500.0,38.17131512,-121.84640783,Solano County,,Operational,PGE GBA,300352.0
Calpeak Power Vaca Dixon 1,PG&E,pge,SUBSTATION,substation,False,500.0,38.40518339,-121.91809816,Solano County,,Operational,PGE NGBA,305757.0
Unknown - 4118,PG&E GBA,pge,SUBSTATION,substation,False,500.0,38.12814546,-121.83103706,Solano County,,Operational,PGE GBA,308227.0
Round Mt.,PG&E,pge,SUBSTATION,substation,False,500.0,40.8077762,-121.93584909,Shasta County,Round Mountain,Operational,PGE NGBA,303913.0
Tesla,PG&E,pge,SUBSTATION,substation,False,500.0,37.71239139,-121.56484479,SAN JOAQUIN,,Operational,PGE GBA,305530.0
Table Mt.,PG&E,pge,SUBSTATION,substation,False,500.0,39.55527542,-121.64477404,Butte County,,Operational,PGE NGBA,300007.0
Los Banos,PG&E,pge,SUBSTATION,substation,False,500.0,37.05350814,-121.02108969,Merced County,,Operational,PGE Fresno,310440.0
Moss Landing,PG&E,pge,SUBSTATION,substation,False,500.0,36.80612492,-121.77571436,Monterey County,,Operational,PGE GBA,301760.0
Metcalf 1,PG&E,pge,SUBSTATION,substation,False,500.0,37.22438153,-121.74189781,Santa Clara County,"San Jose, CA",Operational,PGE GBA,301570.0
Diablo Canyon,PG&E,pge,SUBSTATION,substation,False,500.0,35.21628717,-120.84737527,San Luis Obispo County,,Operational,PGE Kern,307300.0
Manning - (PG&E FRESNO),PG&E,pge,SUBSTATION ASSUMED,substation,False,500.0,36.59063172,-120.59516415,FRESNO,FIREBAUGH,,PGE Fresno,
New Sub - Los Banos - Midway (Proposed) - (PG&E FRESNO),PG&E,pge,SUBSTATION ASSUMED,substation,False,500.0,36.48299502,-120.22098727,Fresno,Cantua Creek,Proposed,PGE Fresno,
Humboldt (Proposed),PG&E,pge,SUBSTATION,substation,False,500.0,40.78257954,-124.11236616,HUMBOLDT,EUREKA,Operational,PGE NGBA,303673.0
Collinsville,PG&E,pge,SUBSTATION ASSUMED,substation,False,500.0,38.08083499,-121.83598684,Solano County,COLLINSVILLE,,PGE GBA,
Fern Road,PG&E,pge,SUBSTATION ASSUMED,substation,False,500.0,40.64213479,-121.93783648,Shasta,Whitmore,,PGE NGBA,
New Sub - Pit 1 - Cottonwood (Proposed),PG&E,pge,SUBSTATION,substation,False,500.0,40.82294665,-121.82122179,Shasta County,Round Mountain,Operational,PGE NGBA,303913.0
Coyote Pumping,PG&E,pge,SUBSTATION,substation,False,230.0,37.15817063,-121.63747981,Santa Clara County,Morgan Hill,Operational,PGE GBA,302234.0
Monta Vista (Upper),PG&E,pge,SUBSTATION,substation,False,230.0,37.32640273,-122.07541299,Santa Clara County,Cupertino,Operational,PGE GBA,305804.0
Amerigas,PG&E,pge,SUBSTATION,substation,False,230.0,38.40329431,-121.92262217,Solano County,,Operational,PGE NGBA,309387.0
Parker - (Other),Other (PGE - Assumed),pge_assumed,SUBSTATION,substation,False,230.0,37.66791063,-120.91706377,Stanislaus County,Modesto,Operational,PGE GBA,304103.0
Flannigan,Other (PGE - Assumed),pge_assumed,SUBSTATION,substation,False,230.0,40.67898349,-122.42504878,Shasta County,,Operational,PGE NGBA,302257.0
Sierra Pacific Industries Bfp,Other (PGE - Assumed),pge_assumed,SUBSTATION,substation,False,230.0,40.8829591,-121.70349882,Shasta County,,Operational,PGE NGBA,304725.0
Ralph,PG&E,pge,SUBSTATION,substation,False,230.0,37.79905199,-121.6199307,CONTRA COSTA,,Operational,PGE GBA,302831.0
GWF 3,Other (PGE - Assumed),pge_assumed,SUBSTATION,substation,False,230.0,38.01182597,-121.78111769,Contra Costa County,Antioch,Operational,PGE GBA,307155.0
Shiloh I,PG&E,pge,SUBSTATION,substation,False,230.0,38.12529705,-121.83225786,Solano County,,Operational,PGE GBA,303072.0
Embarcadero,PG&E,pge,SUBSTATION,substation,False,230.0,37.78752989,-122.39343391,San Francisco County,San Francisco,Operational,PGE GBA,305027.0
S.L.A.C,Other (PGE - Assumed),pge_assumed,SUBSTATION,substation,False,230.0,37.41569749,-122.20564267,San Mateo County,"San Jose, CA",Operational,PGE GBA,300995.0
South East,Other (PGE - Assumed),pge_assumed,SUBSTATION,substation,False,230.0,38.73822067,-121.23484389,Placer County,Roseville,Operational,PGE NGBA,301012.0
Unknown - 3403,PG&E GBA,pge,SUBSTATION,substation,False,230.0,36.79793123,-121.73413714,Monterey County,Elkhorn,Operational,PGE GBA,302244.0
Walnut - (Other),Other (PGE - Assumed),pge_assumed,SUBSTATION,substation,False,230.0,37.48994766,-120.90606962,Stanislaus County,,Operational,PGE GBA,307216.0
Fiddyment Receiving,Other (PGE - Assumed),pge_assumed,SUBSTATION,substation,False,230.0,38.76301456,-121.357211,Placer County,Roseville,Operational,PGE NGBA,303553.0
Edward C Hyatt,PG&E,pge,SUBSTATION,substation,False,230.0,39.53267075,-121.48621612,Butte County,Oroville East,Operational,PGE NGBA,304479.0
Big Geysers,PG&E,pge,SUBSTATION,substation,False,230.0,38.77334042,-122.72899692,Lake County,,Operational,PGE NGBA,301072.0
Bear Canyon,PG&E,pge,SUBSTATION,substation,False,230.0,38.7626092,-122.69242334,Lake County,,Operational,PGE NGBA,306974.0
West Ford Flat,PG&E,pge,SUBSTATION,substation,False,230.0,38.78780694,-122.72239459,Lake County,,Operational,PGE NGBA,301699.0
Tiger Creek,PG&E,pge,SUBSTATION,substation,False,230.0,38.4491701,-120.49226391,Amador County,,Operational,PGE GBA,306652.0
Tesoro,Other (PGE - Assumed),pge_assumed,SUBSTATION,substation,False,230.0,38.01842007,-122.06130268,Contra Costa County,"Concord--Walnut Creek, CA",Operational,PGE GBA,301575.0
Delta Energy,PG&E,pge,SUBSTATION,substation,False,230.0,38.0174783,-121.84659631,Contra Costa County,Pittsburg,Operational,PGE GBA,304072.0
Wind Driven,PG&E,pge,SUBSTATION,substation,False,230.0,37.8212365,-121.6609238,Contra Costa County,,Operational,PGE GBA,301013.0
US Wind Power,PG&E,pge,SUBSTATION,substation,False,230.0,37.79142132,-121.72776081,Contra Costa County,,Operational,PGE GBA,304473.0
Fayette Energy Corp.,Other (PGE - Assumed),pge_assumed,SUBSTATION,substation,False,230.0,37.74738101,-121.59833091,Alameda County,,Operational,PGE GBA,302399.0
Lawrence Livermore Laboratory,PG&E,pge,SUBSTATION,substation,False,230.0,37.68223396,-121.70527494,Alameda County,Livermore,Operational,PGE GBA,302026.0
Patterson Pass,PG&E,pge,SUBSTATION,substation,False,230.0,37.69858112,-121.61066097,Alameda County,,Operational,PGE GBA,306090.0
Helm's Pumped Storage,PG&E,pge,SUBSTATION,substation,False,230.0,37.03911287,-118.96368239,Fresno County,,Operational,PGE Fresno,307044.0
San Luis,PG&E,pge,SUBSTATION,substation,False,230.0,37.06666171,-121.07543984,,Hamburg Farms,Operational,PGE Fresno,305921.0
San Luis 3,PG&E,pge,SUBSTATION,substation,False,230.0,36.86206846,-120.7772737,Merced County,,Operational,PGE Fresno,307723.0
Wheeler,PG&E,pge,SUBSTATION,substation,False,230.0,35.02957415,-119.00446684,Kern County,,Operational,PGE Kern,305949.0
Buena Vista Pumps,PG&E,pge,SUBSTATION,substation,False,230.0,35.15800295,-119.34888451,Kern County,,Operational,PGE Kern,303320.0
Pit 6,PG&E,pge,SUBSTATION,substation,False,230.0,40.92226533,-121.99233182,Shasta County,,Operational,PGE NGBA,308747.0
Pit 7,PG&E,pge,SUBSTATION,substation,False,230.0,40.84661104,-121.99105888,Shasta County,,Operational,PGE NGBA,300142.0
Trinity Hydro,Other (PGE - Assumed),pge_assumed,SUBSTATION,substation,False,230.0,40.7969626,-122.76141771,Trinity County,,Operational,PGE NGBA,304703.0
Caribou 2,PG&E,pge,SUBSTATION,substation,False,230.0,40.08516597,-121.1475803,Plumas County,,Operational,PGE NGBA,309781.0
Middle Fork,PG&E,pge,SUBSTATION,substation,False,230.0,39.02424224,-120.59639709,Placer County,,Operational,PGE NGBA,309436.0
NCPA 3&4,PG&E,pge,SUBSTATION,substation,False,230.0,38.74875808,-122.71156299,Sonoma County,,Operational,PGE NGBA,300833.0
Cobb Creek,PG&E,pge,SUBSTATION,substation,False,230.0,38.80530511,-122.78384678,Sonoma County,,Operational,PGE NGBA,304629.0
Socrates 18,PG&E,pge,SUBSTATION,substation,False,230.0,38.76858589,-122.7482778,Sonoma County,,Operational,PGE NGBA,308455.0
Sulphur Springs,PG&E,pge,SUBSTATION,substation,False,230.0,38.7867067,-122.7820188,Sonoma County,,Operational,PGE NGBA,300152.0
Mccabe,PG&E,pge,SUBSTATION,substation,False,230.0,38.80561501,-122.80820873,Sonoma County,,Operational,PGE NGBA,305906.0
Fumarole,PG&E,pge,SUBSTATION,substation,False,230.0,38.795974,-122.76699329,Sonoma County,,Operational,PGE NGBA,304020.0
Berry - (Other),Other (PGE - Assumed),pge_assumed,SUBSTATION,substation,False,230.0,38.76173289,-121.26413846,Placer County,Roseville,Operational,PGE NGBA,308767.0
NCPA 1&2,PG&E,pge,SUBSTATION,substation,False,230.0,38.75227265,-122.71953592,Sonoma County,,Operational,PGE NGBA,304033.0
US Windpower,Other (PGE - Assumed),pge_assumed,SUBSTATION,substation,False,230.0,38.12363299,-121.82921782,Solano County,,Operational,PGE GBA,307023.0
Unknown - 3607,PG&E NGBA,pge,SUBSTATION,substation,False,230.0,38.63768798,-121.22046119,Sacramento County,Fair Oaks,Operational,PGE NGBA,303291.0
Unknown - 3638,PG&E KERN,pge,SUBSTATION,substation,False,230.0,35.02465335,-118.99504175,Kern County,,Operational,PGE Kern,303962.0
Unknown - 3646,PG&E GBA,pge,SUBSTATION,substation,False,230.0,37.57432269,-120.98483522,Stanislaus County,Ceres,Operational,PGE GBA,304066.0
Potrero - (PG&E GBA),PG&E,pge,SUBSTATION,substation,False,230.0,37.75744844,-122.38650408,San Francisco County,San Francisco,Operational,PGE GBA,304702.0
Rosemore B,Other (PGE - Assumed),pge_assumed,SUBSTATION,substation,False,230.0,37.64253977,-121.04294204,Stanislaus County,"Modesto, CA",Operational,PGE GBA,302361.0
Santa Rosa Geothermal,Other (PGE - Assumed),pge_assumed,SUBSTATION,substation,False,230.0,38.766206,-122.71321138,Lake County,,Operational,PGE NGBA,306482.0
Unknown - 2553,PG&E,pge,SUBSTATION ASSUMED,substation,False,230.0,38.7658616,-122.71191424,Lake County,,Operational,PGE NGBA,
Unknown - 2557,Other (PGE - Assumed),pge_assumed,SUBSTATION,substation,False,230.0,37.76721651,-121.61650213,Alameda County,,Operational,PGE GBA,310206.0
Flowind Corp,PG&E,pge,SUBSTATION,substation,False,230.0,37.76433184,-121.61443601,CONTRA COSTA,,Operational,PGE GBA,300960.0
High Winds,PG&E,pge,SUBSTATION,substation,False,230.0,38.12739084,-121.83076389,Solano County,,Operational,PGE GBA,307186.0
Unknown - 2607,PG&E,pge,SUBSTATION,substation,False,230.0,37.74248469,-121.7332844,Alameda County,,Operational,PGE GBA,309619.0
Wind Gap,PG&E,pge,SUBSTATION,substation,False,230.0,35.01416018,-118.97753342,Kern County,,Operational,PGE Kern,308232.0
Unknown - 3858,PG&E FRESNO,pge,SUBSTATION,substation,False,230.0,36.23352579,-119.91690388,Kings County,"Lemoore Station, CA",Operational,PGE Fresno,305521.0
Unknown - 3926,PG&E GBA,pge,SUBSTATION,substation,False,230.0,38.12037286,-121.77743916,Solano County,,Operational,PGE GBA,306918.0
Arkansas - (PG&E),PG&E,pge,SUBSTATION,substation,False,230.0,39.36527723,-122.26383027,Colusa County,,Operational,PGE NGBA,305625.0
Oakmont North,PG&E,pge,SUBSTATION,substation,False,230.0,38.4428208,-122.58380045,Sonoma County,Santa Rosa,Operational,PGE NGBA,307357.0
Oakmont South,PG&E,pge,SUBSTATION,substation,False,230.0,38.42885154,-122.59333015,Sonoma County,Santa Rosa,Operational,PGE NGBA,309048.0
Technical Ecological Services,PG&E,pge,SUBSTATION,substation,False,230.0,37.7821165,-121.96766765,Contra Costa County,Danville,Operational,PGE GBA,302072.0
Pacheco Wind Power,PG&E,pge,SUBSTATION,substation,False,230.0,37.04146245,-121.01080288,Merced County,,Operational,PGE Fresno,309344.0
Hatchet Ridge Wind,PG&E,pge,SUBSTATION,substation,False,230.0,40.89027562,-121.79687987,Shasta County,,Operational,PGE NGBA,309110.0
Calistoga 19,PG&E,pge,SUBSTATION,substation,False,230.0,38.78946373,-122.74443136,Lake County,,Operational,PGE NGBA,309686.0
Sonoma 3,PG&E,pge,SUBSTATION,substation,False,230.0,38.79007548,-122.75680661,Sonoma County,,Operational,PGE NGBA,310210.0
Grant 20,PG&E,pge,SUBSTATION,substation,False,230.0,38.77872592,-122.75521265,Sonoma County,,Operational,PGE NGBA,310367.0
Mariposa - (Other),Other (PGE - Assumed),pge_assumed,SUBSTATION,substation,False,230.0,37.62723697,-120.93488202,Stanislaus County,"Modesto, CA",Operational,PGE GBA,304582.0
Quartz Hill - (Other),Other (PGE - Assumed),pge_assumed,SUBSTATION ASSUMED,substation,False,230.0,40.63484414,-122.42085261,Shasta County,,Operational,PGE NGBA,
Shiloh IV,PG&E,pge,SUBSTATION,substation,False,230.0,38.1248162,-121.83180154,Solano County,,Operational,PGE GBA,309472.0
Walnut - (PG&E GBA),PG&E GBA,pge,SUBSTATION,substation,False,230.0,37.49031745,-120.90708394,Stanislaus County,,Operational,PGE GBA,310029.0
PGE BOTTLE ROCK 230kV,PG&E,pge,SUBSTATION ASSUMED,substation,False,230.0,38.842615,-122.7639866,Lake,Cobb,,PGE NGBA,
Monta Vista,PG&E,pge,SUBSTATION,substation,False,230.0,37.32391007,-122.07313689,Santa Clara County,Cupertino,Operational,PGE GBA,308542.0
Burney Forest Power,PG&E,pge,SUBSTATION,substation,False,230.0,40.87795875,-121.71509148,Shasta County,,Operational,PGE NGBA,304233.0
Westley - (Other),PG&E,pge,SUBSTATION,substation,False,230.0,37.51693802,-121.23112332,Stanislaus County,,Operational,PGE Fresno,302934.0
Warnerville,PG&E,pge,SUBSTATION,substation,False,230.0,37.74197461,-120.80244785,Stanislaus County,,Operational,PGE GBA,302801.0
Stanislaus Resource Recovery Facility,Other (PGE - Assumed),pge_assumed,SUBSTATION,substation,False,230.0,37.38596444,-121.14070092,Stanislaus County,,Operational,PGE Fresno,303907.0
Rio Oso,PG&E,pge,SUBSTATION,substation,False,230.0,38.93517384,-121.46682974,Sutter County,,Operational,PGE NGBA,304864.0
New Colgate,PG&E,pge,SUBSTATION,substation,False,230.0,39.33096262,-121.19149152,Yuba County,,Operational,PGE NGBA,309538.0
Potrero - (Other),Other (PGE - Assumed),pge_assumed,SUBSTATION,substation,False,230.0,37.75609912,-122.38645941,San Francisco County,San Francisco,Operational,PGE GBA,305050.0
Altamont,PG&E,pge,SUBSTATION,substation,False,230.0,37.74837151,-121.67719524,Alameda County,,Operational,PGE GBA,306256.0
Eastshore,PG&E,pge,SUBSTATION,substation,False,230.0,37.62507363,-122.11659806,Alameda County,Hayward,Operational,PGE GBA,301389.0
Ravenswood,PG&E,pge,SUBSTATION,substation,False,230.0,37.49296318,-122.13793301,San Mateo County,Menlo Park,Operational,PGE GBA,308197.0
Palermo,PG&E,pge,SUBSTATION,substation,False,230.0,39.4543379,-121.51764826,Butte County,Palermo,Operational,PGE NGBA,307680.0
Valley Springs - (PG&E),PG&E,pge,SUBSTATION,substation,False,230.0,38.21657995,-120.76399746,Calaveras County,Valley Springs,Operational,PGE GBA,303253.0
Helm,PG&E,pge,SUBSTATION,substation,False,230.0,36.59141844,-120.17618603,Fresno County,,Operational,PGE Fresno,303306.0
Herndon,PG&E,pge,SUBSTATION,substation,False,230.0,36.84471282,-119.922122,Fresno County,Fresno,Operational,PGE Fresno,302888.0
Windmaster,PG&E,pge,SUBSTATION,substation,False,230.0,37.801155,-121.64163792,Contra Costa County,,Operational,PGE GBA,303676.0
Arco - (PG&E),PG&E,pge,SUBSTATION,substation,False,230.0,35.77551746,-119.91359121,Kern County,,Operational,PGE Kern,306367.0
Dos Amigos,PG&E,pge,SUBSTATION,substation,False,230.0,36.92520625,-120.8297205,Merced County,,Operational,PGE Fresno,307590.0
Coburn,PG&E,pge,SUBSTATION,substation,False,230.0,36.26513395,-121.14582401,Monterey County,,Operational,PGE GBA,307786.0
Atlantic,PG&E,pge,SUBSTATION,substation,False,230.0,38.76362248,-121.26401909,Placer County,Roseville,Operational,PGE NGBA,300087.0
Brighton - (PG&E),PG&E,pge,SUBSTATION,substation,False,230.0,38.5481369,-121.40773039,Sacramento County,Sacramento,Operational,PGE NGBA,304301.0
Gold Hill,PG&E,pge,SUBSTATION,substation,False,230.0,38.65748247,-121.13674421,Sacramento County,Folsom,Operational,PGE NGBA,300336.0
Gregg,PG&E,pge,SUBSTATION,substation,False,230.0,36.8528046,-119.91706767,Madera County,,Operational,PGE Fresno,306523.0
Bellota,PG&E,pge,SUBSTATION,substation,False,230.0,38.01550727,-121.01367355,San Joaquin County,,Operational,PGE GBA,305708.0
Jefferson - (PG&E),PG&E,pge,SUBSTATION,substation,False,230.0,37.45761189,-122.28635778,San Mateo,Woodside,Operational,PGE GBA,304264.0
Shiloh III,PG&E,pge,SUBSTATION ASSUMED,substation,False,230.0,38.16951763,-121.84690294,Solano County,,Operational,PGE GBA,
Caliente,PG&E,pge,SUBSTATION,substation,False,230.0,35.37898578,-119.91703511,San Luis Obispo County,,Operational,PGE Kern,300126.0
Los Esteros,PG&E,pge,SUBSTATION,substation,False,230.0,37.42746526,-121.93291779,Santa Clara County,San Jose,Operational,PGE GBA,310258.0
Birds Landing,PG&E,pge,SUBSTATION,substation,False,230.0,38.12464691,-121.83013466,Solano County,,Operational,PGE GBA,309954.0
Thermalito,PG&E,pge,SUBSTATION,substation,False,230.0,39.51408656,-121.63245716,,,Operational,PGE NGBA,302245.0
Poe,PG&E,pge,SUBSTATION,substation,False,230.0,39.72353156,-121.46995778,Butte County,,Operational,PGE NGBA,304253.0
Collierville,PG&E,pge,SUBSTATION ASSUMED,substation,False,230.0,38.14455495,-120.38144217,Calaveras County,,Operational,PGE GBA,
Contra Costa Power,PG&E,pge,SUBSTATION,substation,False,230.0,38.01528472,-121.76228962,Contra Costa County,Antioch,Operational,PGE GBA,305718.0
Delta Pumps,PG&E,pge,SUBSTATION,substation,False,230.0,37.8005837,-121.6209387,Alameda County,,Operational,PGE GBA,304333.0
Balch 2,PG&E,pge,SUBSTATION,substation,False,230.0,36.90898447,-119.08758086,Fresno County,,Operational,PGE Fresno,300954.0
Pine Flat,PG&E,pge,SUBSTATION,substation,False,230.0,36.83274219,-119.32678825,Fresno County,,Operational,PGE Fresno,300052.0
Midway-Sunset Cogeneration,PG&E,pge,SUBSTATION,substation,False,230.0,35.2272951,-119.63098748,Kern County,,Operational,PGE Kern,309535.0
Pit 4,PG&E,pge,SUBSTATION,substation,False,230.0,40.98708872,-121.84928974,Shasta County,,Operational,PGE NGBA,304331.0
Cove Road,PG&E,pge,SUBSTATION,substation,False,230.0,40.8776645,-121.92868619,Shasta County,,Operational,PGE NGBA,309215.0
James B. Black,PG&E,pge,SUBSTATION,substation,False,230.0,40.99252782,-121.97458795,Shasta County,,Operational,PGE NGBA,303958.0
Lambie Energy,PG&E,pge,SUBSTATION,substation,False,230.0,38.22145263,-121.86691168,Solano County,,Operational,PGE NGBA,308802.0
Lodi Stig,PG&E,pge,SUBSTATION,substation,False,230.0,38.08793318,-121.38819275,San Joaquin County,Lodi,Operational,PGE GBA,304595.0
Metcalf Energy Center,PG&E,pge,SUBSTATION,substation,False,230.0,37.22140909,-121.74658598,Santa Clara County,San Jose,Operational,PGE GBA,309434.0
Solar - PGE,PG&E,pge,SUBSTATION,substation,False,230.0,35.38373733,-120.06017029,San Luis Obispo County,,Operational,PGE Kern,304105.0
Sunrise Power,PG&E,pge,SUBSTATION,substation,False,230.0,35.21032844,-119.58263192,Kern County,,Operational,PGE Kern,309622.0
Rock Creek,PG&E,pge,SUBSTATION,substation,False,230.0,39.90537388,-121.345596,Plumas County,,Operational,PGE NGBA,306589.0
Delevan,PG&E,pge,SUBSTATION,substation,False,230.0,39.36840297,-122.26930435,Colusa County,,Operational,PGE NGBA,307431.0
Grizzly - (PG&E),PG&E,pge,SUBSTATION,substation,False,230.0,39.91096464,-121.3275671,Plumas County,,Operational,PGE NGBA,307587.0
Kelso,PG&E,pge,SUBSTATION,substation,False,230.0,37.79748436,-121.60329746,CONTRA COSTA,,Operational,PGE GBA,303352.0
Lake View / Geysers 17,PG&E,pge,SUBSTATION,substation,False,230.0,38.82388603,-122.78130306,Lake,Cobb,Operational,PGE NGBA,309734.0
Carberry - (PG&E),PG&E,pge,SUBSTATION,substation,False,230.0,40.85914487,-121.75277277,,BURNEY,Operational,PGE NGBA,300064.0
Tranquility,PG&E,pge,SUBSTATION,substation,False,230.0,36.58931842,-120.40549505,Fresno,Levis,Operational,PGE Fresno,
Quinto,PG&E,pge,SUBSTATION ASSUMED,substation,False,230.0,37.11996941,-121.06876333,Merced ,Santa Nella,Operational,PGE Fresno,
Fink,PG&E,pge,SUBSTATION,substation,False,230.0,37.4104445,-121.17278187,Stanislaus,Crows Landing,Proposed,PGE Fresno,
Gates-Midway (Proposed),PG&E,pge,SUBSTATION,substation,False,230.0,35.77771765,-119.75847621,Kings,Kettleman City,Proposed,PGE Kern,
Rancho Seco - Bellota (Proposed),PG&E,pge,SUBSTATION,substation,False,230.0,38.13311963,-120.99698595,Calaveras,Wallace,Proposed,PGE GBA,
Midway - Wheeler Ridge (Proposed),PG&E,pge,SUBSTATION,substation,False,230.0,35.12165129,-119.26865125,KERN,TAFT,Proposed,PGE Kern,
Las Aguilas,PG&E,pge,SUBSTATION ASSUMED,substation,False,230.0,36.63182605,-120.87883715,San Benito,Llanada,,PGE Fresno,
New Sub - Gates - Templeton (Proposed) - (PG&E KERN),PG&E,pge,SUBSTATION ASSUMED,substation,False,230.0,36.04080006,-120.21387331,Kings,Avenal,Proposed,PGE Kern,
Camanche,PG&E,pge,SUBSTATION,substation,False,230.0,38.21363106,-121.02444524,San Joaquin County,,Operational,PGE GBA,309360.0
Cal Flats,PG&E,pge,SUBSTATION ASSUMED,substation,False,230.0,35.87022518,-120.32255491,Monterey County,,,PGE Fresno,
Casaloma,PG&E,pge,SUBSTATION ASSUMED,substation,False,230.0,35.34644505,-119.00508757,Kern,,,PGE Kern,
Estrella - (PGE),PG&E,pge,SUBSTATION ASSUMED,substation,False,230.0,35.63768512,-120.59915729,San Luis Obispo County,Paso Robles,,PGE Kern,
Caribou,PG&E,pge,SUBSTATION ASSUMED,substation,False,230.0,40.08603093,-121.14894052,Plumas County,TWAIN,,PGE NGBA,
Mustang - (PG&E),PG&E,pge,SUBSTATION,substation,False,230.0,36.23223107,-119.91927844,Kings,Lemore,Operational,PGE Fresno,309129.0
Old Colgate,PG&E,pge,SUBSTATION,substation,False,230.0,39.33110942,-121.18969251,Yuba County,,Operational,PGE NGBA,309956.0
Belden,PG&E,pge,SUBSTATION,substation,False,230.0,40.00740046,-121.24940873,Plumas County,Belden,Operational,PGE NGBA,303336.0
New Sub - Westley - Quinto (Proposed),PG&E,pge,SUBSTATION ASSUMED,substation,False,230.0,37.51506627,-121.23035317,Stanislaus,Patterson,,PGE Fresno,
Colusa Gen Sta,PG&E,pge,SUBSTATION,substation,False,230.0,39.36588044,-122.27029265,Colusa County,,,PGE NGBA,
Tranquillity Sw Sta,PG&E,pge,SUBSTATION,substation,False,230.0,36.59168976,-120.40293428,Fresno County,,,PGE Fresno,
Gateway Pp,PG&E,pge,SUBSTATION,substation,False,230.0,38.01636238,-121.75853944,Contra Costa County,,,PGE GBA,
New Sub - Midway - Wheeler Ridge (Proposed),PG&E,pge,SUBSTATION,substation,False,230.0,35.15800295,-119.3488547,Kern County,,Operational,PGE Kern,303320.0
New Sub - Rancho Seco - Bellota (Proposed),PG&E,pge,SUBSTATION,substation,False,230.0,38.21343125,-121.02442367,San Joaquin County,,Operational,PGE GBA,309360.0
Topaz,PG&E,pge,SUBSTATION,substation,False,230.0,35.38224508,-120.05987471,San Luis Obispo County,,Operational,PGE Kern,304105.0
Signetics,PG&E,pge,SUBSTATION,substation,False,115.0,37.38492928,-122.01296515,Santa Clara County,Sunnyvale,Operational,PGE GBA,303084.0
Gish,PG&E,pge,SUBSTATION,substation,False,115.0,37.35410059,-121.91263016,Santa Clara County,San Jose,Operational,PGE GBA,300614.0
Markham,PG&E,pge,SUBSTATION ASSUMED,substation,False,115.0,37.3362673,-121.87816304,Santa Clara County,San Jose,Operational,PGE GBA,
Senter,PG&E,pge,SUBSTATION ASSUMED,substation,False,115.0,37.30049053,-121.8447369,Santa Clara County,San Jose,Operational,PGE GBA,
College View,Other (PGE - Assumed),pge_assumed,SUBSTATION,substation,False,115.0,40.61848092,-122.32369995,Shasta County,Redding,Operational,PGE NGBA,303040.0
East Redding,Other (PGE - Assumed),pge_assumed,SUBSTATION,substation,False,115.0,40.57001126,-122.31417994,Shasta County,Redding,Operational,PGE NGBA,304518.0
Eureka Way,Other (PGE - Assumed),pge_assumed,SUBSTATION,substation,False,115.0,40.58389825,-122.43775362,Shasta County,Redding,Operational,PGE NGBA,310168.0
Benton,PG&E,pge,SUBSTATION,substation,False,115.0,40.56241358,-122.39534077,Shasta County,Redding,Operational,PGE NGBA,301267.0
Cascade,PG&E,pge,SUBSTATION,substation,False,115.0,40.65219256,-122.33418755,Shasta County,,Operational,PGE NGBA,304988.0
Mare Island Station H,Other (PGE - Assumed),pge_assumed,SUBSTATION,substation,False,115.0,38.085489,-122.25726115,Solano County,Vallejo,Operational,PGE NGBA,309932.0
Hale,Other (PGE - Assumed),pge_assumed,SUBSTATION,substation,False,115.0,38.23622822,-122.09665189,Solano County,,Operational,PGE NGBA,310059.0
Skaggs Island,PG&E,pge,SUBSTATION,substation,False,115.0,38.16135612,-122.38100529,Sonoma County,,Operational,PGE NGBA,308472.0
Stony Point,PG&E,pge,SUBSTATION,substation,False,115.0,38.37001099,-122.7641023,,,Operational,PGE NGBA,308658.0
Texaco Trading,Other (PGE - Assumed),pge_assumed,SUBSTATION,substation,False,115.0,37.53230901,-121.25931566,Stanislaus County,,Operational,PGE Fresno,301759.0
Standiford,Other (PGE - Assumed),pge_assumed,SUBSTATION,substation,False,115.0,37.69039182,-121.02109124,Stanislaus County,Modesto,Operational,PGE GBA,308591.0
Cortez - (Other),Other (PGE - Assumed),pge_assumed,SUBSTATION,substation,False,115.0,37.46265874,-120.74021209,Merced County,,Operational,PGE Fresno,303508.0
Hilmar,Other (PGE - Assumed),pge_assumed,SUBSTATION,substation,False,115.0,37.41894299,-120.84879508,Merced County,,Operational,PGE Fresno,309040.0
Tuolumne,Other (PGE - Assumed),pge_assumed,SUBSTATION,substation,False,115.0,37.60982657,-120.8467118,Stanislaus County,,Operational,PGE GBA,301140.0
Modesto Energy,PG&E,pge,SUBSTATION,substation,False,115.0,37.55398555,-121.30835733,Stanislaus County,,Operational,PGE Fresno,303224.0
Hershey,PG&E,pge,SUBSTATION,substation,False,115.0,37.75092921,-120.84528202,Stanislaus County,Oakdale,Operational,PGE GBA,302240.0
Douglas City,Other (PGE - Assumed),pge_assumed,SUBSTATION,substation,False,115.0,40.64638475,-122.94669442,Trinity County,Douglas City,Operational,PGE NGBA,307807.0
Forest Glen,Other (PGE - Assumed),pge_assumed,SUBSTATION,substation,False,115.0,40.37832942,-123.33886905,Trinity County,,Operational,PGE NGBA,305099.0
Lewiston,Other (PGE - Assumed),pge_assumed,SUBSTATION,substation,False,115.0,40.71176054,-122.80793489,Trinity County,Lewiston,Operational,PGE NGBA,308832.0
Trinity - (PG&E),PG&E,pge,SUBSTATION,substation,False,115.0,40.71802497,-122.9344172,Trinity County,Weaverville,Operational,PGE NGBA,302403.0
Wildwood,PG&E,pge,SUBSTATION,substation,False,115.0,40.38716464,-123.04409036,Trinity County,,Operational,PGE NGBA,310275.0
Fibreboard Standard Spi,PG&E,pge,SUBSTATION,substation,False,115.0,37.97434117,-120.31565559,Tuolumne County,East Sonora,Operational,PGE GBA,300725.0
Jenney,Other (PGE - Assumed),pge_assumed,SUBSTATION,substation,False,115.0,37.77243076,-122.242903,Alameda County,Alameda,Operational,PGE GBA,310025.0
Redding Power,Other (PGE - Assumed),pge_assumed,SUBSTATION,substation,False,115.0,40.51010036,-122.42472459,Shasta County,Redding,Operational,PGE NGBA,300117.0
G-P Gypsum,Other (PGE - Assumed),pge_assumed,SUBSTATION,substation,False,115.0,38.01283956,-121.78630763,Contra Costa County,Antioch,Operational,PGE GBA,309998.0
Santa Ynez Switch,PG&E,pge,SUBSTATION,substation,False,115.0,34.64795198,-120.1847947,Santa Barbara County,,Operational,PGE Kern,304838.0
Claremont - (PG&E),PG&E,pge,SUBSTATION,substation,False,115.0,37.84736849,-122.22857188,Alameda County,Oakland,Operational,PGE GBA,303608.0
Cryogenics,Other (PGE - Assumed),pge_assumed,SUBSTATION,substation,False,115.0,37.59577698,-122.01742216,Alameda County,Union City,Operational,PGE GBA,303469.0
Nummi,Other (PGE - Assumed),pge_assumed,SUBSTATION,substation,False,115.0,37.49368636,-121.93941543,Alameda County,Fremont,Operational,PGE GBA,305808.0
Grizzly - (Other),Other (PGE - Assumed),pge_assumed,SUBSTATION,substation,False,115.0,37.87616904,-122.24575082,Alameda County,Oakland,Operational,PGE GBA,305871.0
Murphy - (PG&E),PG&E,pge,SUBSTATION,substation,False,115.0,38.14698195,-120.44640649,Calaveras County,,Operational,PGE GBA,308813.0
Shell Oil 1,Other (PGE - Assumed),pge_assumed,SUBSTATION,substation,False,115.0,38.01419509,-122.11579329,Contra Costa County,"Concord--Walnut Creek, CA",Operational,PGE GBA,303191.0
Bollman,Other (PGE - Assumed),pge_assumed,SUBSTATION,substation,False,115.0,38.01258631,-122.04266563,Contra Costa County,"Concord--Walnut Creek, CA",Operational,PGE GBA,308223.0
Columbia Steel,PG&E,pge,SUBSTATION,substation,False,115.0,38.02597928,-121.86329806,,,Operational,PGE GBA,307092.0
East Portal,PG&E,pge,SUBSTATION,substation,False,115.0,37.87595023,-122.18703268,Contra Costa County,Orinda,Operational,PGE GBA,301921.0
Fibreboard,PG&E,pge,SUBSTATION,substation,False,115.0,38.01599133,-121.77390547,Contra Costa County,Antioch,Operational,PGE GBA,304242.0
Imhoff,PG&E,pge,SUBSTATION,substation,False,115.0,38.00163158,-122.0672425,Contra Costa County,"Concord--Walnut Creek, CA",Operational,PGE GBA,303584.0
Newcastle,PG&E,pge,SUBSTATION,substation,False,115.0,38.83485386,-121.09480786,Placer County,,Operational,PGE NGBA,306130.0
Guardian and Eastbank,Other (PGE - Assumed),pge_assumed,SUBSTATION,substation,False,115.0,36.54075635,-119.58182962,Fresno County,Kingsburg,Operational,PGE Fresno,309725.0
Las Palmas - Other,Other (PGE - Assumed),pge_assumed,SUBSTATION,substation,False,115.0,36.75772729,-119.69684182,Fresno County,,Operational,PGE Fresno,308967.0
Air Products - (Other),Other (PGE - Assumed),pge_assumed,SUBSTATION,substation,False,115.0,36.68753298,-119.72197132,Fresno County,"Fresno, CA",Operational,PGE Fresno,303835.0
Westlands 16Ra,Other (PGE - Assumed),pge_assumed,SUBSTATION,substation,False,115.0,36.39913492,-120.27926574,Fresno County,,Operational,PGE Fresno,305840.0
Cawelo C,PG&E,pge,SUBSTATION,substation,False,115.0,35.57075261,-119.11540761,Kern County,,Operational,PGE Kern,300633.0
Petrol,PG&E,pge,SUBSTATION,substation,False,115.0,35.4546256,-118.99217923,Kern County,,Operational,PGE Kern,304929.0
Arvin-Edison,PG&E,pge,SUBSTATION,substation,False,115.0,35.31697561,-118.93320148,Kern County,,Operational,SCE Northern,302255.0
Cymric,Other (PGE - Assumed),pge_assumed,SUBSTATION,substation,False,115.0,35.31512011,-119.60955693,Kern County,,Operational,PGE Kern,303117.0
Dexel,PG&E,pge,SUBSTATION,substation,False,115.0,35.45555332,-119.02114573,Kern County,Oildale,Operational,PGE Kern,306927.0
Discovery,Other (PGE - Assumed),pge_assumed,SUBSTATION,substation,False,115.0,35.42797322,-118.97642194,Kern County,,Operational,PGE Kern,300808.0
Double C,PG&E,pge,SUBSTATION,substation,False,115.0,35.5010341,-119.04602741,Kern County,,Operational,PGE Kern,301581.0
Frito Lay,PG&E,pge,SUBSTATION,substation,False,115.0,35.39404176,-119.32146941,Kern County,,Operational,PGE Kern,310454.0
Kern Front,PG&E,pge,SUBSTATION,substation,False,115.0,35.5094399,-119.03049873,Kern County,,Operational,PGE Kern,300211.0
Lost Hills (Texaco),PG&E,pge,SUBSTATION,substation,False,115.0,35.6658105,-119.76743863,,,Operational,PGE Kern,308439.0
Midsun,Other (PGE - Assumed),pge_assumed,SUBSTATION,substation,False,115.0,35.24241452,-119.62453468,Kern County,,Operational,PGE Kern,300477.0
Ultra Power - 93308,PG&E,pge,SUBSTATION,substation,False,115.0,35.54775617,-119.07543271,Kern County,,Operational,PGE Kern,304420.0
Rio Bravo - G,PG&E,pge,SUBSTATION,substation,False,115.0,35.4298185,-118.82261907,Kern County,Bakersfield,Operational,PGE Kern,306232.0
Santa Fe Energy,PG&E,pge,SUBSTATION,substation,False,115.0,35.1933423,-119.58233473,,,Operational,PGE Kern,304147.0
Badger Creek,PG&E,pge,SUBSTATION,substation,False,115.0,35.4839117,-119.02971102,Kern County,,Operational,PGE Kern,303310.0
Gallo,PG&E,pge,SUBSTATION,substation,False,115.0,37.37940613,-120.80950654,Merced County,,Operational,PGE Fresno,308513.0
Castle ,Other (PGE - Assumed),pge_assumed,SUBSTATION,substation,False,115.0,37.36135396,-120.56270714,Merced County,"Merced, CA",Operational,PGE Fresno,304503.0
International Turbine Research,PG&E,pge,SUBSTATION,substation,False,115.0,37.04729449,-121.19501489,Merced County,,Operational,PGE Fresno,308744.0
Pioneer - (Other),Other (PGE - Assumed),pge_assumed,SUBSTATION,substation,False,115.0,37.39739213,-120.72690376,Merced County,Livingston,Operational,PGE Fresno,306240.0
Castroville,PG&E,pge,SUBSTATION,substation,False,115.0,36.76311499,-121.73472246,Monterey County,,Operational,PGE GBA,310500.0
Summit Meter,Other (PGE - Assumed),pge_assumed,SUBSTATION ASSUMED,substation,False,115.0,39.31769143,-120.32880163,Nevada County,,Operational,PGE NGBA,
Nimbus,Other (PGE - Assumed),pge_assumed,SUBSTATION,substation,False,115.0,38.60550672,-121.21198639,Sacramento County,,Operational,PGE NGBA,303935.0
Midset,Other (PGE - Assumed),pge_assumed,SUBSTATION,substation,False,115.0,35.19433631,-119.57124785,Kern County,,Operational,PGE Kern,306333.0
Rio Bravo Poso,PG&E,pge,SUBSTATION,substation,False,115.0,35.57652744,-119.00651476,Kern County,,Operational,PGE Kern,304418.0
Vedder,PG&E,pge,SUBSTATION,substation,False,115.0,35.59265733,-118.9590362,Kern County,,Operational,PGE Kern,305081.0
Witco,PG&E,pge,SUBSTATION,substation,False,115.0,35.42795198,-118.97749316,Kern County,,Operational,PGE Kern,308807.0
Getty Oil,Other (PGE - Assumed),pge_assumed,SUBSTATION,substation,False,115.0,35.29606312,-119.59242535,Kern County,,Operational,PGE Kern,301396.0
Lower Lake,PG&E,pge,SUBSTATION,substation,False,115.0,38.91063568,-122.61735406,Lake County,Lower Lake,Operational,PGE NGBA,303121.0
Live Oak - 93308,PG&E,pge,SUBSTATION,substation,False,115.0,35.49594755,-119.0094539,Kern County,,Operational,PGE Kern,300602.0
Sjve Madera,Other (PGE - Assumed),pge_assumed,SUBSTATION,substation,False,115.0,36.8608062,-120.33868996,Madera County,,Operational,PGE Fresno,301104.0
Capco,PG&E,pge,SUBSTATION,substation,False,115.0,37.10858708,-120.24830631,Madera County,Chowchilla,Operational,PGE Fresno,309400.0
Certainteed,PG&E,pge,SUBSTATION,substation,False,115.0,37.09320414,-120.22861451,Madera County,Chowchilla,Operational,PGE Fresno,304940.0
Sharon - PG&E,PG&E,pge,SUBSTATION,substation,False,115.0,37.09782123,-120.15717109,Madera County,Chowchilla,Operational,PGE Fresno,300642.0
Sargent,Other (PGE - Assumed),pge_assumed,SUBSTATION,substation,False,115.0,36.88684325,-121.55524171,San Benito County,,Operational,PGE GBA,308711.0
Larkin,PG&E,pge,SUBSTATION,substation,False,115.0,37.78365462,-122.41699615,San Francisco County,San Francisco,Operational,PGE GBA,300046.0
AEC 300,PG&E,pge,SUBSTATION,substation,False,115.0,37.65340049,-121.52678716,,,Operational,PGE GBA,303382.0
Banta,PG&E,pge,SUBSTATION,substation,False,115.0,37.75291698,-121.35059094,San Joaquin County,,Operational,PGE GBA,301898.0
Owens Illinois,PG&E,pge,SUBSTATION,substation,False,115.0,37.71338919,-121.48784894,San Joaquin County,,Operational,PGE GBA,308705.0
Union Oil,Other (PGE - Assumed),pge_assumed,SUBSTATION,substation,False,115.0,35.04086745,-120.59083826,San Luis Obispo County,,Operational,PGE Kern,309951.0
San Francisco Airport,PG&E,pge,SUBSTATION,substation,False,115.0,37.62624037,-122.40351088,San Mateo County,"San Francisco--Oakland, CA",Operational,PGE GBA,308409.0
Bair,PG&E,pge,SUBSTATION,substation,False,115.0,37.49769787,-122.21402021,San Mateo County,Redwood City,Operational,PGE GBA,306828.0
Colorado Power Station,Other (PGE - Assumed),pge_assumed,SUBSTATION,substation,False,115.0,37.43977007,-122.1153091,Santa Clara County,Palo Alto,Operational,PGE GBA,309765.0
Shredder,PG&E,pge,SUBSTATION,substation,False,115.0,37.51141277,-122.20756766,San Mateo County,Redwood City,Operational,PGE GBA,307611.0
Surf,PG&E,pge,SUBSTATION,substation,False,115.0,34.68480399,-120.60385621,Santa Barbara County,,Operational,PGE Kern,300721.0
Lompoc,Other (PGE - Assumed),pge_assumed,SUBSTATION,substation,False,115.0,34.65638715,-120.45234779,Santa Barbara County,Lompoc,Operational,PGE Kern,306067.0
Manville,Other (PGE - Assumed),pge_assumed,SUBSTATION,substation,False,115.0,34.60364918,-120.45697291,Santa Barbara County,,Operational,PGE Kern,303356.0
Bayshore ,PG&E,pge,SUBSTATION,substation,False,115.0,37.74602487,-122.4033589,San Francisco County,San Francisco,Operational,PGE GBA,303231.0
Copco 2 B,PG&E NGBA,pge,SUBSTATION,substation,False,115.0,41.97492602,-122.35864962,Siskiyou County,,Operational,PGE NGBA,203337.0
Unknown - 3315,PG&E FRESNO,pge,SUBSTATION,substation,False,115.0,36.39923182,-120.23293391,Fresno County,,Operational,PGE Fresno,300334.0
Unknown - 3322,PG&E GBA,pge,SUBSTATION,substation,False,115.0,36.59881345,-121.85381108,Monterey County,Monterey,Operational,PGE GBA,300415.0
Skaggs Island Junction 1,PG&E NGBA,pge,SUBSTATION,substation,False,115.0,38.15261602,-122.38113575,Solano County,,Operational,PGE NGBA,301268.0
Unknown - 3378,PG&E GBA,pge,SUBSTATION,substation,False,115.0,37.85654699,-120.91224077,Stanislaus County,,Operational,PGE GBA,301727.0
Unknown - 3401,PG&E KERN,pge,SUBSTATION,substation,False,115.0,35.28419414,-119.47328388,Kern County,,Operational,PGE Kern,302214.0
Olive - (PG&E FRESNO),PG&E,pge,SUBSTATION,substation,False,115.0,35.87704126,-119.45524776,Tulare,Apaugh,Operational,PGE Fresno,302860.0
Nasa,Other (PGE - Assumed),pge_assumed,SUBSTATION,substation,False,115.0,37.41810708,-122.06346786,Santa Clara County,"San Jose, CA",Operational,PGE GBA,302786.0
Road,Other (PGE - Assumed),pge_assumed,SUBSTATION,substation,False,115.0,37.43005179,-121.95145799,Santa Clara County,San Jose,Operational,PGE GBA,302783.0
Marshall - (Other),Other (PGE - Assumed),pge_assumed,SUBSTATION,substation,False,115.0,37.43626541,-121.13233591,Stanislaus County,,Operational,PGE GBA,300229.0
Taylor - Other,Other (PGE - Assumed),pge_assumed,SUBSTATION,substation,False,115.0,37.53725657,-120.80920721,Stanislaus County,,Operational,PGE Fresno,307211.0
Oakdale - 95361,Other (PGE - Assumed),pge_assumed,SUBSTATION,substation,False,115.0,37.7346651,-120.84487397,Stanislaus County,,Operational,PGE GBA,304494.0
Centerville,PG&E,pge,SUBSTATION,substation,False,115.0,39.78844375,-121.65733329,Butte County,Butte Creek Canyon,Operational,PGE NGBA,306251.0
Forbestown,PG&E,pge,SUBSTATION,substation,False,115.0,39.55099782,-121.27857331,Butte County,,Operational,PGE NGBA,308326.0
Sly Creek,PG&E,pge,SUBSTATION,substation,False,115.0,39.58039646,-121.11968313,Butte County,,Operational,PGE NGBA,301510.0
Angels,PG&E,pge,SUBSTATION,substation,False,115.0,38.07182769,-120.53934383,Calaveras County,Angels,Operational,PGE GBA,307553.0
Oleum,PG&E,pge,SUBSTATION,substation,False,115.0,38.04448063,-122.25700265,Contra Costa County,Rodeo,Operational,PGE GBA,301016.0
Tulloch,PG&E,pge,SUBSTATION,substation,False,115.0,37.87666806,-120.6055792,Calaveras County,,Operational,PGE GBA,310532.0
Gaylord,Other (PGE - Assumed),pge_assumed,SUBSTATION,substation,False,115.0,38.01414619,-121.775309,Contra Costa County,Antioch,Operational,PGE GBA,301624.0
Standard Oil 1,Other (PGE - Assumed),pge_assumed,SUBSTATION,substation,False,115.0,37.94324058,-122.38414077,Contra Costa County,Richmond,Operational,PGE GBA,310466.0
Standard Oil 4,Other (PGE - Assumed),pge_assumed,SUBSTATION,substation,False,115.0,37.94430003,-122.38915577,Contra Costa County,Richmond,Operational,PGE GBA,301972.0
Standard Oil 3,Other (PGE - Assumed),pge_assumed,SUBSTATION,substation,False,115.0,37.94095984,-122.38877509,Contra Costa County,Richmond,Operational,PGE GBA,309645.0
Standard Oil 5,Other (PGE - Assumed),pge_assumed,SUBSTATION,substation,False,115.0,37.94563045,-122.38096145,Contra Costa County,Richmond,Operational,PGE GBA,304679.0
Oakland I - PG&E Northwest,PG&E,pge,SUBSTATION,substation,False,115.0,37.797434,-122.28072446,Alameda County,Oakland,Operational,PGE GBA,300963.0
NCPA Alameda,Other (PGE - Assumed),pge_assumed,SUBSTATION,substation,False,115.0,37.78868128,-122.28981603,Alameda County,Alameda,Operational,PGE GBA,301460.0
Cartwright,PG&E,pge,SUBSTATION,substation,False,115.0,37.77931569,-122.29268289,Alameda County,Alameda,Operational,PGE GBA,303693.0
Wishon,Other (PGE - Assumed),pge_assumed,SUBSTATION,substation,False,115.0,37.15134709,-119.5046482,Madera County,,Operational,PGE Fresno,303555.0
Wolfsen Bypass,PG&E,pge,SUBSTATION ASSUMED,substation,False,115.0,37.09829807,-121.04744262,Merced County,,Operational,PGE Fresno,
Rio Bravo Fresno,PG&E,pge,SUBSTATION,substation,False,115.0,36.688855,-119.72370515,Fresno County,"Fresno, CA",Operational,PGE Fresno,301816.0
Kings River Consrv.,PG&E,pge,SUBSTATION,substation,False,115.0,36.69044924,-119.74040539,Fresno County,"Fresno, CA",Operational,PGE Fresno,300957.0
East Bank,Other (PGE - Assumed),pge_assumed,SUBSTATION,substation,False,115.0,36.53941208,-119.58066457,Fresno County,Kingsburg,Operational,PGE Fresno,301138.0
Lost Hills (Chevron),PG&E,pge,SUBSTATION,substation,False,115.0,35.6055982,-119.70831928,,,Operational,PGE Kern,305810.0
North Generator,PG&E,pge,SUBSTATION,substation,False,115.0,35.57819779,-119.54424744,Kern County,,Operational,PGE Kern,310300.0
Sierra - (PG&E),PG&E,pge,SUBSTATION,substation,False,115.0,35.51575393,-119.04059051,Kern County,,Operational,PGE Kern,306842.0
Oildale Cogen,Other (PGE - Assumed),pge_assumed,SUBSTATION,substation,False,115.0,35.4170691,-119.00732757,Kern County,,Operational,PGE Kern,307822.0
Dai/Oildale Cogen,PG&E,pge,SUBSTATION,substation,False,115.0,35.4404158,-119.01329371,Kern County,Oildale,Operational,PGE Kern,305485.0
U.S. Navy 35R,Other (PGE - Assumed),pge_assumed,SUBSTATION,substation,False,115.0,35.27695928,-119.47410915,Kern County,,Operational,PGE Kern,303787.0
Sunset,Other (PGE - Assumed),pge_assumed,SUBSTATION,substation,False,115.0,35.27224757,-119.47409254,Kern County,,Operational,PGE Kern,302333.0
Elk Hills Cogen 1,PG&E,pge,SUBSTATION,substation,False,115.0,35.28133585,-119.46990876,Kern County,,Operational,PGE Kern,308208.0
Elk Hills Cogen 2,PG&E,pge,SUBSTATION,substation,False,115.0,35.28117277,-119.47285795,Kern County,,Operational,PGE Kern,304411.0
Mobil South Belridge,Other (PGE - Assumed),pge_assumed,SUBSTATION,substation,False,115.0,35.42487226,-119.68762625,Kern County,,Operational,PGE Kern,310008.0
Bear Mt. Limited,Other (PGE - Assumed),pge_assumed,SUBSTATION,substation,False,115.0,35.41883948,-118.9270098,Kern County,Bakersfield,Operational,PGE Kern,302000.0
University - 93268,PG&E,pge,SUBSTATION,substation,False,115.0,35.1457118,-119.5027403,Kern County,,Operational,PGE Kern,302021.0
Beltline,Other (PGE - Assumed),pge_assumed,SUBSTATION,substation,False,115.0,40.63357378,-122.39188335,Shasta County,Redding,Operational,PGE NGBA,303809.0
Moore Road,Other (PGE - Assumed),pge_assumed,SUBSTATION,substation,False,115.0,40.5350378,-122.37758158,Shasta County,Redding,Operational,PGE NGBA,300230.0
Oregon St,Other (PGE - Assumed),pge_assumed,SUBSTATION,substation,False,115.0,40.58639735,-122.39523548,Shasta County,Redding,Operational,PGE NGBA,305837.0
Waldon,Other (PGE - Assumed),pge_assumed,SUBSTATION,substation,False,115.0,40.57484016,-122.38947053,Shasta County,Redding,Operational,PGE NGBA,301802.0
Knauf,Other (PGE - Assumed),pge_assumed,SUBSTATION,substation,False,115.0,40.65481914,-122.38941739,Shasta County,Shasta Lake,Operational,PGE NGBA,301466.0
Butt Valley,PG&E,pge,SUBSTATION,substation,False,115.0,40.17581401,-121.19073301,Plumas County,,Operational,PGE NGBA,307174.0
Drum 2,PG&E,pge,SUBSTATION ASSUMED,substation,False,115.0,39.25741843,-120.76664193,Placer County,,Operational,PGE NGBA,
Wise,PG&E,pge,SUBSTATION,substation,False,115.0,38.88992122,-121.09848269,Placer County,,Operational,PGE NGBA,310078.0
Aidlin Geothermal,PG&E,pge,SUBSTATION,substation,False,115.0,38.83402828,-122.88122472,Sonoma County,,Operational,PGE NGBA,305913.0
Geysers Unit 3,PG&E,pge,SUBSTATION,substation,False,115.0,38.8056994,-122.81496583,Sonoma County,,Operational,PGE NGBA,306868.0
Ridge Line,PG&E,pge,SUBSTATION,substation,False,115.0,38.81470909,-122.80202578,Sonoma County,,Operational,PGE NGBA,303978.0
Camanche Dam,Other (PGE - Assumed),pge_assumed,SUBSTATION,substation,False,115.0,38.22688444,-121.02456975,San Joaquin County,,Operational,PGE GBA,300479.0
Leprino Foods (Tracy),Other (PGE - Assumed),pge_assumed,SUBSTATION,substation,False,115.0,37.7561361,-121.41689681,San Joaquin County,Tracy,Operational,PGE GBA,308729.0
AEC 2,Other (PGE - Assumed),pge_assumed,SUBSTATION,substation,False,115.0,37.67244802,-121.54437555,San Joaquin County,,Operational,PGE GBA,310317.0
Thermal Energy,PG&E,pge,SUBSTATION,substation,False,115.0,37.72004765,-121.48841553,San Joaquin County,,Operational,PGE GBA,310448.0
Unknown - 3608,PG&E GBA,pge,SUBSTATION,substation,False,115.0,37.00004116,-121.53719011,Santa Clara County,Gilroy,Operational,PGE GBA,303301.0
IBM Cottle,Other (PGE - Assumed),pge_assumed,SUBSTATION,substation,False,115.0,37.24446741,-121.7963992,Santa Clara County,San Jose,Operational,PGE GBA,307388.0
IBM Harry Road,Other (PGE - Assumed),pge_assumed,SUBSTATION,substation,False,115.0,37.21507491,-121.80432856,Santa Clara County,,Operational,PGE GBA,307527.0
IBM Bailey Road,Other (PGE - Assumed),pge_assumed,SUBSTATION,substation,False,115.0,37.19924569,-121.74907606,Santa Clara County,San Jose,Operational,PGE GBA,305968.0
Gilroy Food I,Other (PGE - Assumed),pge_assumed,SUBSTATION,substation,False,115.0,36.99858584,-121.53640854,Santa Clara County,Gilroy,Operational,PGE GBA,306593.0
Gilroy Food II,Other (PGE - Assumed),pge_assumed,SUBSTATION,substation,False,115.0,36.99832248,-121.53959793,Santa Clara County,Gilroy,Operational,PGE GBA,301712.0
Unknown - 3655,PG&E GBA,pge,SUBSTATION,substation,False,115.0,38.01661063,-121.86160142,Contra Costa County,Pittsburg,Operational,PGE GBA,304206.0
Unknown - 3685,PG&E KERN,pge,SUBSTATION,substation,False,115.0,35.1840361,-119.5713785,Kern County,,Operational,PGE Kern,304912.0
Beardsley,PG&E,pge,SUBSTATION,substation,False,115.0,38.20286573,-120.07684717,Tuolumne County,,Operational,PGE GBA,308371.0
Sand Bar,PG&E,pge,SUBSTATION,substation,False,115.0,38.18612041,-120.14998909,Tuolumne County,,Operational,PGE GBA,300109.0
Barker Slough Pumping Station,PG&E,pge,SUBSTATION,substation,False,115.0,38.27647079,-121.79677149,Solano County,,Operational,PGE NGBA,305783.0
Owens-Brockway,Other (PGE - Assumed),pge_assumed,SUBSTATION,substation,False,115.0,37.77064823,-122.22465827,Alameda County,Oakland,Operational,PGE GBA,300273.0
Union Carbide,Other (PGE - Assumed),pge_assumed,SUBSTATION,substation,False,115.0,38.01338398,-121.86412307,Contra Costa County,Pittsburg,Operational,PGE GBA,308398.0
Wasco Prison,PG&E,pge,SUBSTATION,substation,False,115.0,35.6009061,-119.40302049,Kern County,Wasco,Operational,PGE Kern,307829.0
Unknown - 2564,PG&E,pge,SUBSTATION,substation,False,115.0,35.44065089,-118.96052598,Kern County,,Operational,PGE Kern,309724.0
Witco Refinery,Other (PGE - Assumed),pge_assumed,SUBSTATION,substation,False,115.0,35.41568838,-119.01198216,Kern County,Oildale,Operational,PGE Kern,303621.0
Kern River,Other (PGE - Assumed),pge_assumed,SUBSTATION ASSUMED,substation,False,115.0,35.44148934,-118.99077936,Kern County,,Operational,PGE Kern,
Kern Pp Dist.,PG&E,pge,SUBSTATION ASSUMED,substation,False,115.0,35.37804784,-119.095382,Kern County,Bakersfield,Operational,PGE Kern,
Unknown - 2583,PG&E,pge,SUBSTATION,substation,False,115.0,35.20995345,-119.58121248,Kern County,,Operational,PGE Kern,301325.0
Teichert,PG&E,pge,SUBSTATION,substation,False,115.0,37.61727661,-121.35630555,San Joaquin County,,Operational,PGE GBA,301038.0
Jr Wood,Other (PGE - Assumed),pge_assumed,SUBSTATION,substation,False,115.0,37.36349967,-120.63178036,Merced County,"Merced, CA",Operational,PGE Fresno,301135.0
Cooper,Other (PGE - Assumed),pge_assumed,SUBSTATION,substation,False,115.0,37.31890425,-120.51196278,Merced County,Merced,Operational,PGE Fresno,306741.0
SC Johnson Wax,Other (PGE - Assumed),pge_assumed,SUBSTATION,substation,False,115.0,36.7001101,-119.73705933,Fresno County,"Fresno, CA",Operational,PGE Fresno,307382.0
South Belridge Cogen,PG&E,pge,SUBSTATION,substation,False,115.0,35.44865889,-119.73398069,Kern County,,Operational,PGE Kern,306083.0
Belridge 1A,PG&E,pge,SUBSTATION,substation,False,115.0,35.45621528,-119.63190522,,,Operational,PGE Kern,303489.0
Belridge 1B,PG&E,pge,SUBSTATION,substation,False,115.0,35.44394638,-119.66097757,Kern County,,Operational,PGE Kern,301994.0
Kasson-Banta Carbona Junction,PG&E GBA,pge,SUBSTATION,substation,False,115.0,37.71074999,-121.38869995,San Joaquin County,"Tracy--Mountain House, CA",Operational,PGE GBA,305538.0
Unknown - 3890,PG&E KERN,pge,SUBSTATION,substation,False,115.0,35.60173438,-119.43870958,Kern County,,Operational,PGE Kern,306158.0
Unknown - 3915,PG&E KERN,pge,SUBSTATION,substation,False,115.0,35.7170764,-119.45563969,Kern County,,Operational,PGE Kern,306683.0
Unknown - 3923,PG&E KERN,pge,SUBSTATION,substation,False,115.0,35.09946543,-120.50114347,San Luis Obispo County,,Operational,PGE Kern,306853.0
Unknown - 3924,PG&E GBA,pge,SUBSTATION,substation,False,115.0,36.64397929,-121.79229301,Monterey County,Seaside,Operational,PGE GBA,306864.0
Cache Junction,PG&E NGBA,pge,SUBSTATION,substation,False,115.0,39.01190997,-122.6118576,Lake County,,Operational,PGE NGBA,307107.0
Unknown - 3944,PG&E GBA,pge,SUBSTATION,substation,False,115.0,38.51694677,-120.22006112,Amador County,,Operational,PGE GBA,307235.0
Processing Site,Other (PGE - Assumed),pge_assumed,SUBSTATION,substation,False,115.0,38.87413473,-122.4331706,Lake County,,Operational,PGE NGBA,309699.0
Formica,Other (PGE - Assumed),pge_assumed,SUBSTATION,substation,False,115.0,38.82270593,-121.30820997,Placer County,,Operational,PGE NGBA,300651.0
Unknown - 3964,PG&E NGBA,pge,SUBSTATION,substation,False,115.0,38.69463908,-120.82473112,El Dorado County,Diamond Springs,Operational,PGE NGBA,307690.0
Msc,Other (PGE - Assumed),pge_assumed,SUBSTATION,substation,False,115.0,37.99567261,-122.35060751,Contra Costa County,Richmond,Operational,PGE GBA,303683.0
Standard Oil 6,Other (PGE - Assumed),pge_assumed,SUBSTATION,substation,False,115.0,37.94691122,-122.39873231,Contra Costa County,Richmond,Operational,PGE GBA,300374.0
Richmond Q,PG&E,pge,SUBSTATION,substation,False,115.0,37.92500847,-122.3373374,Contra Costa County,Richmond,Operational,PGE GBA,308862.0
Hillside,Other (PGE - Assumed),pge_assumed,SUBSTATION,substation,False,115.0,37.87586687,-122.24537661,Alameda County,Oakland,Operational,PGE GBA,303722.0
Santa Paula,Other (PGE - Assumed),pge_assumed,SUBSTATION,substation,False,115.0,37.6058153,-122.39251754,San Mateo County,Millbrae,Operational,PGE GBA,307010.0
Domtar 2,Other (PGE - Assumed),pge_assumed,SUBSTATION,substation,False,115.0,37.70697978,-122.17716522,Alameda County,San Leandro,Operational,PGE GBA,307291.0
Tosco Byron Pumping,PG&E,pge,SUBSTATION,substation,False,115.0,37.78289145,-121.63173531,CONTRA COSTA,,Operational,PGE GBA,305077.0
Newark-Sierra-Paperbroad,PG&E,pge,SUBSTATION,substation,False,115.0,37.94315642,-121.30117643,San Joaquin County,Stockton,Operational,PGE GBA,303073.0
Granite Vernallis,PG&E,pge,SUBSTATION,substation,False,115.0,37.61323386,-121.36008483,San Joaquin County,,Operational,PGE GBA,300555.0
Valley Children'S Hospital,Other (PGE - Assumed),pge_assumed,SUBSTATION,substation,False,115.0,36.87957102,-119.82467641,Madera County,,Operational,PGE Fresno,301807.0
Arco Western Energy,Other (PGE - Assumed),pge_assumed,SUBSTATION,substation,False,115.0,35.28257764,-119.3099771,Kern County,,Operational,PGE Kern,304426.0
Texaco Refining & Manufacturing,Other (PGE - Assumed),pge_assumed,SUBSTATION,substation,False,115.0,35.37708261,-119.07732228,Kern County,"Bakersfield, CA",Operational,PGE Kern,300089.0
Lompoc - Control Building,PG&E,pge,SUBSTATION,substation,False,115.0,34.64277301,-120.45483396,Santa Barbara County,Lompoc,Operational,PGE Kern,303684.0
Melones - (Other),Other (PGE - Assumed),pge_assumed,SUBSTATION,substation,False,115.0,37.94620211,-120.5276174,Tuolumne County,,Operational,PGE GBA,307059.0
Golden Valley,PG&E,pge,SUBSTATION,substation,False,115.0,35.40593299,-119.3368235,,,Operational,PGE Kern,304085.0
Ames Distribution,PG&E,pge,SUBSTATION,substation,False,115.0,37.41852529,-122.06760274,Santa Clara County,Mountain View,Operational,PGE GBA,310434.0
Unknown - 3025,Other (PGE - Assumed),pge_assumed,SUBSTATION ASSUMED,substation,False,115.0,37.59561037,-122.01712897,Alameda County,Union City,Operational,PGE GBA,306440.0
Dinosaur Point,PG&E,pge,SUBSTATION,substation,False,115.0,37.06359334,-121.20827132,Merced County,,Operational,PGE Fresno,307709.0
Yuba Co Water Agency,Other (PGE - Assumed),pge_assumed,SUBSTATION,substation,False,115.0,39.57223002,-121.12816718,Butte County,,Operational,PGE NGBA,309542.0
Roger,Other (PGE - Assumed),pge_assumed,SUBSTATION,substation,False,115.0,37.47489536,-121.17830055,Stanislaus County,Patterson,Operational,PGE GBA,303069.0
Clear Creek,Other (PGE - Assumed),pge_assumed,SUBSTATION ASSUMED,substation,False,115.0,40.49420105,-122.35876715,Shasta County,Redding,Operational,PGE NGBA,
Goodwater,Other (PGE - Assumed),pge_assumed,SUBSTATION ASSUMED,substation,False,115.0,40.54967189,-122.3155607,Shasta County,Redding,Operational,PGE NGBA,
Oasis Road,Other (PGE - Assumed),pge_assumed,SUBSTATION ASSUMED,substation,False,115.0,40.65075016,-122.33980893,Shasta County,Redding,Operational,PGE NGBA,
Orchard Street,PG&E,pge,SUBSTATION,substation,False,115.0,39.14378583,-123.1988654,Mendocino County,Ukiah,Operational,PGE NGBA,307597.0
Ukiah - (PGE),PGE,pge,SUBSTATION ASSUMED,substation,False,115.0,39.14418501,-123.1979865,Mendocino County,UKIAH,,PGE NGBA,
Unknown - 4126,PG&E GBA,pge,SUBSTATION,substation,False,115.0,38.23559526,-121.13750037,San Joaquin County,,Operational,PGE GBA,308420.0
Skaggs Island Junction 2,PG&E NGBA,pge,SUBSTATION,substation,False,115.0,38.15267502,-122.38098475,Solano County,,Operational,PGE NGBA,308457.0
Unknown - 4187,PG&E FRESNO,pge,SUBSTATION,substation,False,115.0,36.69610631,-119.73663848,Fresno County,Fresno,Operational,PGE Fresno,309296.0
Unknown - 4202,PG&E FRESNO,pge,SUBSTATION,substation,False,115.0,36.15192315,-119.58887651,Kings County,,Operational,PGE Fresno,309563.0
Woodland Biomass,PG&E,pge,SUBSTATION,substation,False,115.0,38.69506131,-121.734428,,,Operational,PGE NGBA,309609.0
Dynegy Oakland Power Plant,PG&E GBA,pge,SUBSTATION,substation,False,115.0,37.79642704,-122.2809158,Alameda County,Oakland,Operational,PGE GBA,310128.0
Unknown - 4231,PG&E FRESNO,pge,SUBSTATION,substation,False,115.0,35.8123834,-119.4546487,Tulare County,,Operational,PGE Fresno,310130.0
Unknown - 4247,PG&E FRESNO,pge,SUBSTATION,substation,False,115.0,36.53855409,-119.5807441,Fresno County,Kingsburg,Operational,PGE Fresno,310465.0
Salado,PG&E,pge,SUBSTATION,substation,False,115.0,37.42194298,-121.14746903,Stanislaus County,,Operational,PGE GBA,304632.0
Miller,PG&E,pge,SUBSTATION,substation,False,115.0,37.25318399,-121.11820651,Stanislaus County,,Operational,PGE GBA,305989.0
Chinese Station,PG&E,pge,SUBSTATION,substation,False,115.0,37.87474099,-120.4785039,Tuolumne County,,Operational,PGE GBA,308754.0
Homestake,PG&E,pge,SUBSTATION,substation,False,115.0,38.83659049,-122.36955643,Napa County,,Operational,PGE NGBA,310217.0
Davis - In Davis,PG&E,pge,SUBSTATION,substation,False,115.0,38.54520313,-121.73421525,Yolo County,Davis,Operational,PGE NGBA,303400.0
GWF 2,Other (PGE - Assumed),pge_assumed,SUBSTATION,substation,False,115.0,38.01602725,-121.86068868,Contra Costa County,Pittsburg,Operational,PGE GBA,301496.0
Christie,PG&E,pge,SUBSTATION,substation,False,115.0,38.00285704,-122.20835479,Contra Costa County,,Operational,PGE GBA,300153.0
Kernridge,PG&E,pge,SUBSTATION,substation,False,115.0,35.44250495,-119.73961732,Kern County,,Operational,PGE Kern,303203.0
Mt. Poso,PG&E,pge,SUBSTATION,substation,False,115.0,35.54480703,-119.08133682,Kern County,,Operational,PGE Kern,301564.0
Eagle Rock - (PG&E),PG&E,pge,SUBSTATION,substation,False,115.0,38.82904336,-122.81013875,Sonoma County,,Operational,PGE NGBA,308881.0
Newhall - (PG&E),PG&E,pge,SUBSTATION,substation,False,115.0,36.86695873,-120.32802942,Fresno,,Operational,PGE Fresno,303680.0
Kasson,PG&E,pge,SUBSTATION,substation,False,115.0,37.74588541,-121.34117433,San Joaquin County,,Operational,PGE GBA,303339.0
Callendar,PG&E,pge,SUBSTATION,substation,False,115.0,35.04693954,-120.58609291,San Luis Obispo County,Callender,Operational,PGE Kern,308836.0
Unknown - 3327,PG&E KERN,pge,SUBSTATION,substation,False,115.0,35.29709734,-118.86300557,Kern County,,Operational,PGE Kern,300487.0
Excelsior,PG&E,pge,SUBSTATION,substation,False,115.0,36.39940276,-120.23143041,Fresno County,,Operational,PGE Fresno,302791.0
Martinez,PG&E,pge,SUBSTATION,substation,False,115.0,38.01494402,-122.11622225,Contra Costa County,"Concord--Walnut Creek, CA",Operational,PGE GBA,301223.0
Standard Oil 2,PG&E,pge,SUBSTATION,substation,False,115.0,37.95040504,-122.39511277,Contra Costa,Richmond,Operational,PGE GBA,308377.0
Exchequer - (PG&E),PG&E,pge,SUBSTATION,substation,False,115.0,37.58414275,-120.27253762,Mariposa County,,Operational,PGE Fresno,309058.0
Kerchoff 1 - (PG&E),PG&E,pge,SUBSTATION,substation,False,115.0,37.09224101,-119.55265374,Fresno County,Friant,Operational,PGE Fresno,306935.0
Sutter Power,PG&E,pge,SUBSTATION,substation,False,115.0,39.05250369,-121.69189098,Sutter County,,Operational,PGE NGBA,304115.0
GWF Tracy,PG&E,pge,SUBSTATION,substation,False,115.0,37.71035585,-121.48994449,SAN JOAQUIN,TRACY,Operational,PGE GBA,300644.0
Olive - (PG&E),PG&E,pge,SUBSTATION,substation,False,115.0,35.8979967,-119.44517703,Tulare County,,Operational,PGE Fresno,304190.0
Donnells-Curtis,PG&E,pge,SUBSTATION,substation,False,115.0,38.24644492,-120.03382952,Tuolumne County,,Operational,PGE GBA,309372.0
GWF Hanford,PG&E,pge,SUBSTATION,substation,False,115.0,36.26974483,-119.64735799,,,Operational,PGE Fresno,303208.0
Tevis,PG&E,pge,SUBSTATION,substation,False,115.0,35.31959206,-119.12893978,Kern County,Bakersfield,Operational,PGE Kern,303688.0
Grimmway-Malaga,PG&E,pge,SUBSTATION,substation,False,115.0,35.24729157,-118.86084568,Kern County,,Operational,PGE Kern,302083.0
Waukena,PG&E,pge,SUBSTATION,substation,False,115.0,36.13842863,-119.57649121,Kings County,,Operational,PGE Fresno,309872.0
Crazy Horse Canyon,PG&E,pge,SUBSTATION ASSUMED,substation,False,115.0,36.78048508,-121.59916702,,,,PGE GBA,
Cooley Landing - (PGE GBA),PG&E,pge,SUBSTATION,substation,False,115.0,37.4735817,-122.12799053,San Mateo County,Palo Alto,Operational,PGE GBA,300115.0
Greenleaf 1 - Sutter,PG&E,pge,SUBSTATION ASSUMED,substation,False,115.0,39.05179575,-121.69623301,SUTTER,Yuba City,Operational,PGE NGBA,
Mtn Gate Jct,PG&E,pge,SUBSTATION,substation,False,115.0,40.7406672,-122.30960215,Shasta County,,,PGE NGBA,
Palo Alto Sw Sta,PG&E,pge,SUBSTATION,substation,False,115.0,37.43902348,-122.11432099,Santa Clara County,,,PGE GBA,
Dutch Flat #1 Ph - PG&E,PG&E,pge,SUBSTATION,substation,False,115.0,39.21688716,-120.83544937,Placer County,,,PGE NGBA,
Adobe Sw Sta,PG&E,pge,SUBSTATION,substation,False,115.0,35.10871731,-118.97581487,Kern County,,,PGE Kern,
Mercy Springs Sw Sta,PG&E,pge,SUBSTATION,substation,False,115.0,36.92528681,-120.81907899,Merced County,,,PGE Fresno,
Padre Flats Sw Sta,PG&E,pge,SUBSTATION,substation,False,115.0,37.01873442,-120.97574751,Merced County,,,PGE Fresno,
Grizzly Ph - PG&E,PG&E,pge,SUBSTATION,substation,False,115.0,39.88939715,-121.27951848,Plumas County,,,PGE NGBA,
Spaulding #3 Ph,PG&E,pge,SUBSTATION,substation,False,115.0,39.33742812,-120.63562097,Nevada County,,,PGE NGBA,
Humboldt,PG&E,pge,SUBSTATION,substation,False,115.0,40.78243171,-124.1123627,Humboldt County,,Operational,PGE NGBA,303673.0
Schulte,PG&E,pge,SUBSTATION,substation,False,115.0,37.71023759,-121.48993086,San Joaquin County,,Operational,PGE GBA,300644.0
Claus - (Other) South,Other (PGE - Assumed),pge_assumed,SUBSTATION,substation,False,110.0,37.6393834,-120.91969754,Stanislaus County,Empire,Operational,PGE GBA,302186.0
Oakdale -95355,Other (PGE - Assumed),pge_assumed,SUBSTATION,substation,False,110.0,37.66750698,-120.95817703,Stanislaus County,Modesto,Operational,PGE GBA,304380.0
Reinway,Other (PGE - Assumed),pge_assumed,SUBSTATION,substation,False,110.0,37.64688981,-120.7734322,Stanislaus County,,Operational,PGE GBA,304723.0
Santa Cruz,Other (PGE - Assumed),pge_assumed,SUBSTATION,substation,False,110.0,37.6276445,-120.97513881,Stanislaus County,"Modesto, CA",Operational,PGE GBA,300768.0
Berrenda A,PG&E,pge,SUBSTATION,substation,False,70.0,35.71159587,-120.01118299,Kern County,,Operational,PGE Kern,303384.0
Berrenda C,PG&E,pge,SUBSTATION,substation,False,70.0,35.65849654,-120.04241711,Kern County,,Operational,PGE Kern,300599.0
Cawelo B,PG&E,pge,SUBSTATION,substation,False,70.0,35.47076084,-119.11830642,Kern County,,Operational,PGE Kern,309030.0
Emidio Mobil,Other (PGE - Assumed),pge_assumed,SUBSTATION,substation,False,70.0,35.06294552,-119.06585922,Kern County,,Operational,PGE Kern,301591.0
Valpredo,PG&E,pge,SUBSTATION,substation,False,70.0,35.06400924,-119.06181438,Kern County,,Operational,PGE Kern,309576.0
Cadet,PG&E,pge,SUBSTATION,substation,False,70.0,35.10677559,-119.40353284,Kern County,Taft,Operational,PGE Kern,306815.0
Carnation Dairy,PG&E,pge,SUBSTATION,substation,False,70.0,35.31100114,-119.08579425,Kern County,Bakersfield,Operational,PGE Kern,305663.0
Celeron,Other (PGE - Assumed),pge_assumed,SUBSTATION,substation,False,70.0,35.47260882,-119.76065321,Kern County,,Operational,PGE Kern,306309.0
Chalk,PG&E,pge,SUBSTATION,substation,False,70.0,35.09713662,-119.42940648,Kern County,,Operational,PGE Kern,304735.0
Gardner,Other (PGE - Assumed),pge_assumed,SUBSTATION,substation,False,70.0,35.15359895,-119.33617233,Kern County,,Operational,PGE Kern,306903.0
Kelley,Other (PGE - Assumed),pge_assumed,SUBSTATION,substation,False,70.0,35.02050694,-119.06283717,Kern County,,Operational,PGE Kern,304677.0
Sysquoc,PG&E,pge,SUBSTATION,substation,False,70.0,35.31982083,-119.66231226,Kern County,,Operational,PGE Kern,306607.0
Mobil,Other (PGE - Assumed),pge_assumed,SUBSTATION,substation,False,70.0,35.232966,-119.58029781,Kern County,,Operational,PGE Kern,303270.0
Moco,Other (PGE - Assumed),pge_assumed,SUBSTATION,substation,False,70.0,35.09082013,-119.40702645,Kern County,,Operational,PGE Kern,305753.0
Petro Lewis,Other (PGE - Assumed),pge_assumed,SUBSTATION,substation,False,70.0,35.51770208,-119.75952555,Kern County,,Operational,PGE Kern,301433.0
San Bernard,PG&E,pge,SUBSTATION,substation,False,70.0,35.09239229,-118.87810433,Kern County,,Operational,PGE Kern,308921.0
Berry Petroleum,PG&E,pge,SUBSTATION,substation,False,70.0,35.0932242,-119.44381796,Kern County,,Operational,PGE Kern,301560.0
Tannehill Electric Co.,Other (PGE - Assumed),pge_assumed,SUBSTATION,substation,False,70.0,35.09175125,-119.440685,Kern County,,Operational,PGE Kern,310190.0
Tecuya,PG&E,pge,SUBSTATION,substation,False,70.0,35.01964647,-118.97962599,Kern County,,Operational,PGE Kern,305592.0
Twisselman,PG&E,pge,SUBSTATION,substation,False,70.0,35.73065157,-119.85808547,Kern County,,Operational,PGE Kern,308624.0
Unknown - 3305,PG&E KERN,pge,SUBSTATION,substation,False,70.0,35.70880532,-120.010356,Kern County,,Operational,PGE Kern,300212.0
Unknown - 3584,PG&E KERN,pge,SUBSTATION,substation,False,70.0,35.0602209,-119.06426009,Kern County,,Operational,PGE Kern,302891.0
Kern Canyon,PG&E,pge,SUBSTATION,substation,False,70.0,35.44055963,-118.7967405,Kern County,,Operational,PGE Kern,302229.0
Dome Project,PG&E,pge,SUBSTATION,substation,False,70.0,35.22527041,-119.55948494,Kern County,,Operational,PGE Kern,307026.0
Berry - (PG&E),PG&E,pge,SUBSTATION,substation,False,70.0,35.08979958,-119.44121457,Kern County,,Operational,PGE Kern,307592.0
Unknown - 3606,PG&E KERN,pge,SUBSTATION,substation,False,70.0,35.73003274,-119.89502775,Kern County,,Operational,PGE Kern,303275.0
Unknown - 2562,PG&E,pge,SUBSTATION,substation,False,70.0,35.51759508,-119.7613291,Kern County,,Operational,PGE Kern,308543.0
Bonita Tap,PG&E,pge,SUBSTATION,substation,False,70.0,36.967719,-120.20266215,Madera County,,Operational,PGE Fresno,304045.0
Polonio Pass,PG&E,pge,SUBSTATION,substation,False,70.0,35.73092768,-120.20778507,San Luis Obispo County,,Operational,PGE Fresno,307440.0
Bluestone,PG&E,pge,SUBSTATION,substation,False,70.0,35.70755747,-120.0841762,Kern County,,Operational,PGE Kern,301417.0
Unknown - 2639,Other (PGE - Assumed),pge_assumed,SUBSTATION,substation,False,70.0,35.60156293,-119.72601005,Kern County,,Operational,PGE Kern,303497.0
Unknown - 3879,PG&E KERN,pge,SUBSTATION,substation,False,70.0,35.62310761,-119.85804535,Kern County,,Operational,PGE Kern,305923.0
Pentland,Other (PGE - Assumed),pge_assumed,SUBSTATION,substation,False,70.0,35.08230986,-119.3041087,Kern County,,Operational,PGE Kern,310165.0
Texaco Basic Training,Other (PGE - Assumed),pge_assumed,SUBSTATION,substation,False,70.0,35.08324277,-119.29666778,Kern County,,Operational,PGE Kern,304693.0
Pacific Pipeline Emidio,Other (PGE - Assumed),pge_assumed,SUBSTATION,substation,False,70.0,35.05997546,-119.06441482,Kern County,,Operational,PGE Kern,310449.0
Saxon Creek,Other (PGE - Assumed),pge_assumed,SUBSTATION,substation,False,70.0,37.59365024,-119.98585582,Mariposa County,,Operational,PGE Fresno,304504.0
Unknown - 4148,PG&E KERN,pge,SUBSTATION,substation,False,70.0,35.14753882,-118.87861747,Kern County,,Operational,PGE Kern,308666.0
Unknown - 4167,PG&E KERN,pge,SUBSTATION,substation,False,70.0,35.10932016,-119.33127045,Kern County,,Operational,PGE Kern,308930.0
Crescent - (PGE Fresno),PG&E,pge,SUBSTATION ASSUMED,substation,False,70.0,36.53078501,-120.16715727,Fresno County,Helm,,PGE Fresno,
Mercy Springs - (PGE Fresno),PG&E,pge,SUBSTATION,substation,False,70.0,36.93680663,-120.81947392,Merced County,Los Banos,Operational,PGE Fresno,300625.0
Tule River Ph - PG&E,PG&E,pge,SUBSTATION,substation,False,70.0,36.16306764,-118.7069903,Tulare County,,,SCE Northern,
Livingston Sw Sta,PG&E,pge,SUBSTATION,substation,False,70.0,37.08757292,-120.83517282,Merced County,,,PGE Fresno,
Yosemite Park,PG&E,pge,SUBSTATION,substation,False,70.0,37.72162925,-119.70288515,Mariposa County,,,PGE Fresno,
Union (Estrella),PGE,pge,SUBSTATION ASSUMED,substation,False,70.0,35.63744103,-120.5991179,San Luis Obispo County,Paso Robles,,PGE Kern,
Lake Siskiyou,Other (PGE - Assumed),pge_assumed,SUBSTATION,substation,False,69.0,41.28039745,-122.32837541,Siskiyou County,,Operational,PGE NGBA,205364.0
Bonds Flat,Other (PGE - Assumed),pge_assumed,SUBSTATION,substation,False,69.0,37.70452891,-120.43408744,Tuolumne County,,Operational,PGE Fresno,302964.0
Ceres,Other (PGE - Assumed),pge_assumed,SUBSTATION,substation,False,69.0,37.60890042,-120.95617301,Stanislaus County,Ceres,Operational,PGE GBA,310207.0
College - (Other),Other (PGE - Assumed),pge_assumed,SUBSTATION,substation,False,69.0,37.51657506,-120.86755041,Stanislaus County,Turlock,Operational,PGE Fresno,301200.0
Fairground,Other (PGE - Assumed),pge_assumed,SUBSTATION,substation,False,69.0,37.50070997,-120.86685906,Stanislaus County,Turlock,Operational,PGE Fresno,305769.0
Geer,Other (PGE - Assumed),pge_assumed,SUBSTATION,substation,False,69.0,37.52262858,-120.84352547,Stanislaus County,Turlock,Operational,PGE Fresno,303963.0
Gilstrap,Other (PGE - Assumed),pge_assumed,SUBSTATION,substation,False,69.0,37.57994083,-120.97577407,Stanislaus County,Ceres,Operational,PGE GBA,301342.0
Industrial - Turlock,Other (PGE - Assumed),pge_assumed,SUBSTATION,substation,False,69.0,37.47859672,-120.86679162,Stanislaus County,Turlock,Operational,PGE Fresno,310268.0
Montpellier,Other (PGE - Assumed),pge_assumed,SUBSTATION,substation,False,69.0,37.55145607,-120.77128149,Stanislaus County,,Operational,PGE Fresno,304515.0
Roeding,Other (PGE - Assumed),pge_assumed,SUBSTATION,substation,False,69.0,37.58703698,-120.93563304,Stanislaus County,"Modesto, CA",Operational,PGE GBA,304967.0
Westport,Other (PGE - Assumed),pge_assumed,SUBSTATION,substation,False,69.0,37.52247984,-120.99395876,Stanislaus County,,Operational,PGE GBA,305820.0
South Turlock,Other (PGE - Assumed),pge_assumed,SUBSTATION,substation,False,69.0,37.48332985,-120.84642066,Stanislaus County,"Turlock, CA",Operational,PGE Fresno,309816.0
Lookout,Other (PGE - Assumed),pge_assumed,SUBSTATION,substation,False,69.0,41.20761438,-121.13806279,Modoc County,,Operational,PGE NGBA,308359.0
Fall Creek Powerhouse,PG&E NGBA,pge,SUBSTATION,substation,False,69.0,41.98541373,-122.36028332,Siskiyou County,,Operational,PGE NGBA,201784.0
Unknown - 3281,PG&E NGBA,pge,SUBSTATION,substation,False,69.0,41.43252642,-122.38284519,Siskiyou County,,Operational,PGE NGBA,205366.0
Unknown - 3384,PG&E GBA,pge,SUBSTATION,substation,False,69.0,37.9176037,-121.62490034,Contra Costa County,,Operational,PGE GBA,301787.0
F Street,Other (PGE - Assumed),pge_assumed,SUBSTATION,substation,False,69.0,37.48946659,-120.83804745,Stanislaus County,"Turlock, CA",Operational,PGE Fresno,309698.0
Commons,Other (PGE - Assumed),pge_assumed,SUBSTATION,substation,False,69.0,37.50071169,-120.9135621,Stanislaus County,,Operational,PGE GBA,306760.0
Big Valley Lumber Co.,Other (PGE - Assumed),pge_assumed,SUBSTATION,substation,False,69.0,41.13280316,-121.13757522,Lassen County,Bieber,Operational,PGE NGBA,301368.0
Muck Valley,Other (PGE - Assumed),pge_assumed,SUBSTATION,substation,False,69.0,41.09133185,-121.17883239,Lassen County,Nubieber,Operational,PGE NGBA,306102.0
Don Pedro,Other (PGE - Assumed),pge_assumed,SUBSTATION,substation,False,69.0,37.69663452,-120.42010824,Tuolumne County,,Operational,PGE Fresno,305600.0
Unknown - 2618,Other (PGE - Assumed),pge_assumed,SUBSTATION,substation,False,69.0,37.64503958,-120.60679183,Stanislaus County,,Operational,PGE GBA,301499.0
Crows Landing - (Other),Other (PGE - Assumed),pge_assumed,SUBSTATION,substation,False,69.0,37.60912438,-120.99285918,Stanislaus County,"Modesto, CA",Operational,PGE GBA,303827.0
Unknown - 3097,Other (PGE - Assumed),pge_assumed,SUBSTATION,substation,False,69.0,41.1323494,-121.11434228,Lassen County,Bieber,Operational,PGE NGBA,306272.0
Lone Star,Other (PGE - Assumed),pge_assumed,SUBSTATION,substation,False,60.0,37.01727633,-122.19966883,Santa Cruz County,Davenport,Operational,PGE GBA,301775.0
Crusher,PG&E,pge,SUBSTATION,substation,False,60.0,37.02569254,-122.15478776,Santa Cruz County,,Operational,PGE GBA,303484.0
Ultra Power - 96013,Other (PGE - Assumed),pge_assumed,SUBSTATION,substation,False,60.0,40.9097185,-121.64085347,Shasta County,,Operational,PGE NGBA,308268.0
Sierraville,Other (PGE - Assumed),pge_assumed,SUBSTATION,substation,False,60.0,39.59350399,-120.38112715,Sierra County,,Operational,PGE NGBA,307385.0
Loyalton,Other (PGE - Assumed),pge_assumed,SUBSTATION,substation,False,60.0,39.6680613,-120.2429719,Sierra County,,Operational,PGE NGBA,309393.0
Sierra Brooks,Other (PGE - Assumed),pge_assumed,SUBSTATION,substation,False,60.0,39.64613235,-120.21790488,Sierra County,Sierra Brooks,Operational,PGE NGBA,310073.0
Stampede Dam,Other (PGE - Assumed),pge_assumed,SUBSTATION,substation,False,60.0,39.47039266,-120.1046891,Sierra County,,Operational,PGE NGBA,304052.0
Rclm. Dist. 2047,Other (PGE - Assumed),pge_assumed,SUBSTATION,substation,False,60.0,38.85650732,-121.78591098,Yolo County,,Operational,PGE NGBA,301113.0
GWF 5,Other (PGE - Assumed),pge_assumed,SUBSTATION,substation,False,60.0,38.04375216,-121.98760655,Contra Costa County,"Antioch, CA",Operational,PGE GBA,303165.0
Batavia,PG&E,pge,SUBSTATION,substation,False,60.0,38.38708136,-121.77584211,Solano County,,Operational,PGE NGBA,310129.0
Cache Slough,PG&E,pge,SUBSTATION,substation,False,60.0,38.29638768,-121.74814821,Solano County,,Operational,PGE NGBA,304360.0
Maine Prairie,PG&E,pge,SUBSTATION,substation,False,60.0,38.38475486,-121.75867761,Solano County,,Operational,PGE NGBA,303245.0
City of Healdsburg,Other (PGE - Assumed),pge_assumed,SUBSTATION,substation,False,60.0,38.60981263,-122.85624513,Sonoma County,Healdsburg,Operational,PGE NGBA,302265.0
Wohler,PG&E,pge,SUBSTATION,substation,False,60.0,38.51053433,-122.88106593,Sonoma County,,Operational,PGE NGBA,302182.0
Briggsmore,Other (PGE - Assumed),pge_assumed,SUBSTATION,substation,False,60.0,37.66683495,-120.97687302,Stanislaus County,Modesto,Operational,PGE GBA,302185.0
Enslen,Other (PGE - Assumed),pge_assumed,SUBSTATION,substation,False,60.0,37.65210198,-121.00127404,Stanislaus County,Modesto,Operational,PGE GBA,306622.0
Finney,Other (PGE - Assumed),pge_assumed,SUBSTATION,substation,False,60.0,37.68242098,-121.08582302,Stanislaus County,,Operational,PGE GBA,300580.0
Ladd,Other (PGE - Assumed),pge_assumed,SUBSTATION,substation,False,60.0,37.73251096,-121.01398,Stanislaus County,,Operational,PGE GBA,308525.0
Lincoln - 95354,Other (PGE - Assumed),pge_assumed,SUBSTATION,substation,False,60.0,37.64885449,-120.93964774,Stanislaus County,Modesto,Operational,PGE GBA,307774.0
Paradise - (Other),Other (PGE - Assumed),pge_assumed,SUBSTATION,substation,False,60.0,37.62168799,-121.02024104,Stanislaus County,West Modesto,Operational,PGE GBA,308710.0
Poust,Other (PGE - Assumed),pge_assumed,SUBSTATION,substation,False,60.0,37.66464197,-121.04444801,Stanislaus County,Modesto,Operational,PGE GBA,302133.0
Prescott,Other (PGE - Assumed),pge_assumed,SUBSTATION,substation,False,60.0,37.67171095,-121.02741903,Stanislaus County,Modesto,Operational,PGE GBA,309573.0
Roselle,Other (PGE - Assumed),pge_assumed,SUBSTATION,substation,False,60.0,37.68011897,-120.94008101,Stanislaus County,Modesto,Operational,PGE GBA,300309.0
Santa Rosa - (Other),Other (PGE - Assumed),pge_assumed,SUBSTATION,substation,False,60.0,37.63491798,-120.97951304,Stanislaus County,"Modesto, CA",Operational,PGE GBA,304626.0
Sisk,Other (PGE - Assumed),pge_assumed,SUBSTATION,substation,False,60.0,37.68473698,-121.05197498,Stanislaus County,Modesto,Operational,PGE GBA,300873.0
Stoddard - (Other),Other (PGE - Assumed),pge_assumed,SUBSTATION,substation,False,60.0,37.70405797,-121.06864401,Stanislaus County,Salida,Operational,PGE GBA,307285.0
Sylvan,Other (PGE - Assumed),pge_assumed,SUBSTATION,substation,False,60.0,37.68841094,-120.97660604,Stanislaus County,Modesto,Operational,PGE GBA,308329.0
Woodrow,Other (PGE - Assumed),pge_assumed,SUBSTATION,substation,False,60.0,37.68586798,-121.00380601,Stanislaus County,Modesto,Operational,PGE GBA,306447.0
Rclm. Dist. 1500,Other (PGE - Assumed),pge_assumed,SUBSTATION,substation,False,60.0,38.7848047,-121.65514613,Sutter County,,Operational,PGE NGBA,304081.0
Rclm. Dist. 108,Other (PGE - Assumed),pge_assumed,SUBSTATION,substation,False,60.0,38.86241128,-121.79314922,Yolo County,,Operational,PGE NGBA,305576.0
Red Bank,PG&E,pge,SUBSTATION,substation,False,60.0,40.14573607,-122.19945344,Tehama County,,Operational,PGE NGBA,303143.0
Big Creek,PG&E,pge,SUBSTATION,substation,False,60.0,40.64682671,-123.49789625,Trinity County,Hyampom,Operational,PGE NGBA,309532.0
Grouse Creek,Other (PGE - Assumed),pge_assumed,SUBSTATION,substation,False,60.0,40.71262096,-123.53016197,Trinity County,,Operational,PGE NGBA,300637.0
Hayfork,Other (PGE - Assumed),pge_assumed,SUBSTATION,substation,False,60.0,40.55233904,-123.16286601,Trinity County,Hayfork,Operational,PGE NGBA,306742.0
Encinal,PG&E,pge,SUBSTATION,substation,False,60.0,39.24756282,-121.63712248,Sutter County,,Operational,PGE NGBA,302047.0
Feather River,Other (PGE - Assumed),pge_assumed,SUBSTATION,substation,False,60.0,39.0514597,-121.54633583,Yuba County,,Operational,PGE NGBA,301597.0
Yuba City Station A,PG&E,pge,SUBSTATION,substation,False,60.0,39.13912574,-121.63833506,Sutter County,Yuba City,Operational,PGE NGBA,310481.0
Yuba Gold Fields,PG&E,pge,SUBSTATION,substation,False,60.0,39.20322939,-121.41498898,Yuba County,,Operational,PGE NGBA,305597.0
Smartsville Ss,PG&E,pge,SUBSTATION,substation,False,60.0,39.20852874,-121.3026853,Yuba County,Smartsville,Operational,PGE NGBA,301429.0
French Meadows,PG&E,pge,SUBSTATION,substation,False,60.0,39.07794621,-120.40622253,Placer County,,Operational,PGE NGBA,300321.0
Potter Valley,PG&E,pge,SUBSTATION,substation,False,60.0,39.36196027,-123.12782723,Mendocino County,,Operational,PGE NGBA,309613.0
Wintun,PG&E,pge,SUBSTATION,substation,False,60.0,40.59277951,-122.3696425,Shasta County,Redding,Operational,PGE NGBA,304587.0
Kekawaka,PG&E,pge,SUBSTATION,substation,False,60.0,40.0940257,-123.50917312,Trinity County,,Operational,PGE NGBA,307419.0
Luka,PG&E,pge,SUBSTATION,substation,False,60.0,37.66794111,-121.8318637,Alameda County,"Livermore--Pleasanton--Dublin, CA",Operational,PGE GBA,308301.0
Amfor,PG&E,pge,SUBSTATION,substation,False,60.0,38.40876188,-120.82208495,Amador County,,Operational,PGE GBA,306187.0
Gridley,Other (PGE - Assumed),pge_assumed,SUBSTATION,substation,False,60.0,39.36470804,-121.68560192,Butte County,Gridley,Operational,PGE NGBA,301839.0
Anita - (Other),Other (PGE - Assumed),pge_assumed,SUBSTATION,substation,False,60.0,39.81094859,-121.91961318,Butte County,,Operational,PGE NGBA,307094.0
North Branch,PG&E,pge,SUBSTATION,substation,False,60.0,38.19974189,-120.719335,Calaveras County,,Operational,PGE GBA,307819.0
Drake,PG&E,pge,SUBSTATION,substation,False,60.0,38.9698177,-122.04331887,Colusa County,,Operational,PGE NGBA,302981.0
Harrington,PG&E,pge,SUBSTATION,substation,False,60.0,38.9692189,-122.07045507,Colusa County,,Operational,PGE NGBA,307397.0
Byron Bethany,PG&E,pge,SUBSTATION,substation,False,60.0,37.81698435,-121.5871326,Contra Costa County,,Operational,PGE GBA,308431.0
Du Pont,Other (PGE - Assumed),pge_assumed,SUBSTATION,substation,False,60.0,38.01132498,-121.74875788,Contra Costa County,Oakley,Operational,PGE GBA,303848.0
GWF 4,PG&E,pge,SUBSTATION,substation,False,60.0,38.01049463,-121.75625648,Contra Costa County,Antioch,Operational,PGE GBA,302041.0
Union Chemical,Other (PGE - Assumed),pge_assumed,SUBSTATION,substation,False,60.0,38.01899895,-122.23540445,Contra Costa County,,Operational,PGE GBA,305575.0
Briones,Other (PGE - Assumed),pge_assumed,SUBSTATION,substation,False,60.0,37.88524673,-121.8144334,Contra Costa County,,Operational,PGE GBA,300121.0
Antioch,PG&E,pge,SUBSTATION,substation,False,60.0,38.01351301,-121.81553884,Contra Costa County,Antioch,Operational,PGE GBA,305643.0
Marsh,PG&E,pge,SUBSTATION,substation,False,60.0,37.90286041,-121.72268263,Contra Costa County,Brentwood,Operational,PGE GBA,303575.0
Port Costa Brick,Other (PGE - Assumed),pge_assumed,SUBSTATION,substation,False,60.0,38.03732102,-122.17808278,Contra Costa County,,Operational,PGE GBA,303251.0
Urich - (PG&E),PG&E,pge,SUBSTATION,substation,False,60.0,38.02895002,-122.10308779,Contra Costa County,Martinez,Operational,PGE GBA,308825.0
Mussel Slough,Other (PGE - Assumed),pge_assumed,SUBSTATION,substation,False,60.0,36.31945725,-119.94704699,Kings County,,Operational,PGE Fresno,300523.0
Cal Resources LLC,Other (PGE - Assumed),pge_assumed,SUBSTATION ASSUMED,substation,False,60.0,36.23773804,-120.36869084,Fresno County,,Operational,PGE Fresno,
Penn Zier,Other (PGE - Assumed),pge_assumed,SUBSTATION,substation,False,60.0,36.2245645,-120.38145115,Fresno County,,Operational,PGE Fresno,310397.0
River Rock,PG&E,pge,SUBSTATION,substation,False,60.0,36.90285495,-119.77383028,Fresno County,,Operational,PGE Fresno,304800.0
Tornado,Other (PGE - Assumed),pge_assumed,SUBSTATION,substation,False,60.0,36.1922902,-120.35525897,Fresno County,,Operational,PGE Fresno,303884.0
Westlands,PG&E,pge,SUBSTATION,substation,False,60.0,36.63241255,-120.34229944,Fresno County,,Operational,PGE Fresno,302217.0
Agrico,Other (PGE - Assumed),pge_assumed,SUBSTATION,substation,False,60.0,36.61769079,-120.09980892,Fresno County,,Operational,PGE Fresno,302267.0
Capco Madera - (PG&E),PG&E,pge,SUBSTATION,substation,False,60.0,36.83608772,-120.44954396,Fresno County,Firebaugh,Operational,PGE Fresno,304454.0
Dinuba Energy,Other (PGE - Assumed),pge_assumed,SUBSTATION,substation,False,60.0,36.57016443,-119.41902075,Tulare County,"Reedley--Dinuba, CA",Operational,PGE Fresno,305901.0
Kearney (Old),PG&E,pge,SUBSTATION,substation,False,60.0,36.70678897,-119.8800103,Fresno County,,Operational,PGE Fresno,305853.0
Mendota Biomass,Other (PGE - Assumed),pge_assumed,SUBSTATION,substation,False,60.0,36.75623551,-120.36535743,Fresno County,Mendota,Operational,PGE Fresno,310154.0
Westlands 18Ra,Other (PGE - Assumed),pge_assumed,SUBSTATION,substation,False,60.0,36.35685244,-120.25119343,Fresno County,,Operational,PGE Fresno,305020.0
Gates Wellhead,PG&E,pge,SUBSTATION,substation,False,60.0,36.15251611,-120.14780665,Fresno County,,Operational,PGE Fresno,301242.0
Headgate,PG&E,pge,SUBSTATION,substation,False,60.0,39.78927403,-122.05129695,Glenn County,,Operational,PGE NGBA,303881.0
Provident,PG&E,pge,SUBSTATION ASSUMED,substation,False,60.0,39.55776343,-122.00469037,Glenn County,,Operational,PGE NGBA,
Ultra Power - (PG&E),PG&E,pge,SUBSTATION,substation,False,60.0,40.87792931,-123.9946194,Humboldt County,Blue Lake,Operational,PGE NGBA,308230.0
Blue Chip Milling,Other (PGE - Assumed),pge_assumed,SUBSTATION,substation,False,60.0,40.90583892,-124.03435533,Humboldt County,,Operational,PGE NGBA,310198.0
Lousiana Pacific,Other (PGE - Assumed),pge_assumed,SUBSTATION,substation,False,60.0,40.80591557,-124.19618238,Humboldt County,Samoa,Operational,PGE NGBA,306783.0
Sierra Pacific Lumber,Other (PGE - Assumed),pge_assumed,SUBSTATION,substation,False,60.0,40.86574633,-124.15232864,Humboldt County,,Operational,PGE NGBA,304968.0
Pacific Lumber,Other (PGE - Assumed),pge_assumed,SUBSTATION,substation,False,60.0,40.48091845,-124.10398625,Humboldt County,Scotia,Operational,PGE NGBA,302363.0
Russ Ranch,PG&E,pge,SUBSTATION,substation,False,60.0,40.82049255,-123.82822372,Humboldt County,,Operational,PGE NGBA,308615.0
Lost Hills,PG&E,pge,SUBSTATION,substation,False,60.0,35.78572695,-119.86627087,Kern County,,Operational,PGE Kern,301793.0
Garcia,PG&E,pge,SUBSTATION,substation,False,60.0,38.88918649,-123.55085759,Mendocino County,,Operational,PGE NGBA,303227.0
Sjve El Nido,Other (PGE - Assumed),pge_assumed,SUBSTATION,substation,False,60.0,37.18635892,-120.49018146,Merced County,,Operational,PGE Fresno,301635.0
Basic Vegetable,Other (PGE - Assumed),pge_assumed,SUBSTATION,substation,False,60.0,36.2283355,-121.12977297,Monterey County,King City,Operational,PGE GBA,308810.0
Camphora,PG&E,pge,SUBSTATION,substation,False,60.0,36.46821427,-121.39034819,Monterey County,,Operational,PGE GBA,301785.0
Edward Pike,PG&E,pge,SUBSTATION,substation,False,60.0,36.6262318,-121.58762873,Monterey County,,Operational,PGE GBA,301421.0
Monterey,PG&E,pge,SUBSTATION,substation,False,60.0,36.59982254,-121.89047072,Monterey County,Monterey,Operational,PGE GBA,304111.0
Monterey Naval Lab,PG&E,pge,SUBSTATION,substation,False,60.0,36.58952818,-121.86381866,Monterey County,Monterey,Operational,PGE GBA,301692.0
Navy School,PG&E,pge,SUBSTATION,substation,False,60.0,36.59959553,-121.8768712,Monterey County,Monterey,Operational,PGE GBA,303987.0
Glenshire,Other (PGE - Assumed),pge_assumed,SUBSTATION,substation,False,60.0,39.3522715,-120.08621826,Nevada County,Truckee,Operational,PGE NGBA,300890.0
Brockway,Other (PGE - Assumed),pge_assumed,SUBSTATION,substation,False,60.0,39.24295347,-120.02645088,Placer County,Kings Beach,Operational,PGE NGBA,301909.0
Squaw Valley,Other (PGE - Assumed),pge_assumed,SUBSTATION,substation,False,60.0,39.20552436,-120.20114058,Placer County,,Operational,PGE NGBA,303481.0
Tahoe City,Other (PGE - Assumed),pge_assumed,SUBSTATION,substation,False,60.0,39.16617174,-120.14445508,Placer County,Sunnyside-Tahoe City,Operational,PGE NGBA,309357.0
Martis Valley,Other (PGE - Assumed),pge_assumed,SUBSTATION,substation,False,60.0,39.32958268,-120.16966772,Nevada County,Truckee,Operational,PGE NGBA,308926.0
Cisco Grove,PG&E,pge,SUBSTATION,substation,False,60.0,39.30962266,-120.5483291,Placer County,,Operational,PGE NGBA,307047.0
Halsey - (PG&E),PG&E,pge,SUBSTATION,substation,False,60.0,38.95692333,-121.04221719,Placer County,,Operational,PGE NGBA,300287.0
Taylor  - Other,Other (PGE - Assumed),pge_assumed,SUBSTATION,substation,False,60.0,38.78013988,-121.24617124,Placer County,Rocklin,Operational,PGE NGBA,310328.0
Portola - Other,Other (PGE - Assumed),pge_assumed,SUBSTATION,substation,False,60.0,39.8038753,-120.46462424,Plumas County,Portola,Operational,PGE NGBA,310246.0
Spanish Creek,PG&E,pge,SUBSTATION,substation,False,60.0,40.02696682,-120.96311015,Plumas County,,Operational,PGE NGBA,300386.0
Mather,Other (PGE - Assumed),pge_assumed,SUBSTATION,substation,False,60.0,38.5736029,-121.29795485,Sacramento County,Rancho Cordova,Operational,PGE NGBA,303492.0
Angiola,PG&E,pge,SUBSTATION,substation,False,60.0,35.99202836,-119.57169576,Kings County,,Operational,PGE Fresno,303505.0
Armstrong,Other (PGE - Assumed),pge_assumed,SUBSTATION,substation,False,60.0,36.26869293,-119.64729795,Kings County,Hanford,Operational,PGE Fresno,303747.0
Hanford - (Other),Other (PGE - Assumed),pge_assumed,SUBSTATION ASSUMED,substation,False,60.0,36.2696453,-119.64892809,Kings County,Hanford,Operational,PGE Fresno,
Hardwick,PG&E,pge,SUBSTATION,substation,False,60.0,36.40412154,-119.6858363,Kings County,,Operational,PGE Fresno,309205.0
Halls Flat,PG&E,pge,SUBSTATION,substation,False,60.0,40.74488695,-121.27798671,Lassen County,,Operational,PGE NGBA,300245.0
Bogard,PG&E,pge,SUBSTATION,substation,False,60.0,40.588066,-121.09157101,Lassen County,,Operational,PGE NGBA,302156.0
Westwood,Other (PGE - Assumed),pge_assumed,SUBSTATION,substation,False,60.0,40.29997411,-121.00167141,Lassen County,Westwood,Operational,PGE NGBA,301991.0
Yanke,Other (PGE - Assumed),pge_assumed,SUBSTATION,substation,False,60.0,37.25388284,-119.51934123,Madera County,North Fork,Operational,PGE Fresno,301116.0
Tocaloma,PG&E,pge,SUBSTATION,substation,False,60.0,38.05485949,-122.7598498,Marin County,,Operational,PGE NGBA,303383.0
Granite Rock,Other (PGE - Assumed),pge_assumed,SUBSTATION,substation,False,60.0,36.9062981,-121.62768974,San Benito County,,Operational,PGE GBA,309473.0
Banta Carbona,Other (PGE - Assumed),pge_assumed,SUBSTATION,substation,False,60.0,37.7051531,-121.31933378,San Joaquin County,,Operational,PGE GBA,309285.0
Calvo,PG&E,pge,SUBSTATION,substation,False,60.0,37.74747841,-121.32672094,San Joaquin County,,Operational,PGE GBA,308573.0
Gronemeyer,Other (PGE - Assumed),pge_assumed,SUBSTATION,substation,False,60.0,37.83082013,-121.26366789,San Joaquin County,Lathrop,Operational,PGE GBA,300095.0
Learner,PG&E,pge,SUBSTATION ASSUMED,substation,False,60.0,37.93856696,-121.32908091,San Joaquin County,Stockton,Operational,PGE GBA,
Oak Park - (PG&E),PG&E,pge,SUBSTATION,substation,False,60.0,37.98050597,-121.29853194,San Joaquin County,Stockton,Operational,PGE GBA,303417.0
Robertson,PG&E,pge,SUBSTATION,substation,False,60.0,37.94338892,-121.32983436,San Joaquin County,Stockton,Operational,PGE GBA,304947.0
Cargill,Other (PGE - Assumed),pge_assumed,SUBSTATION,substation,False,60.0,37.90817912,-121.27112591,San Joaquin County,Stockton,Operational,PGE GBA,308918.0
Cal-Cedar,Other (PGE - Assumed),pge_assumed,SUBSTATION,substation,False,60.0,37.94484976,-121.31053248,San Joaquin County,Stockton,Operational,PGE GBA,304221.0
Sumiden Wire,Other (PGE - Assumed),pge_assumed,SUBSTATION,substation,False,60.0,37.97850797,-121.27779693,San Joaquin County,Stockton,Operational,PGE GBA,300901.0
Cambria,PG&E,pge,SUBSTATION,substation,False,60.0,35.60042121,-121.11536643,San Luis Obispo County,,Operational,PGE Kern,301027.0
Cal Poly,Other (PGE - Assumed),pge_assumed,SUBSTATION,substation,False,60.0,35.30408273,-120.65797,San Luis Obispo County,California Polytechnic State University,Operational,PGE Kern,307677.0
Industrial - (PG&E),PG&E,pge,SUBSTATION,substation,False,60.0,38.12992266,-121.25154882,San Joaquin County,Lodi,Operational,PGE GBA,303458.0
Tyco Electronics,Other (PGE - Assumed),pge_assumed,SUBSTATION,substation,False,60.0,37.48033551,-122.16769598,San Mateo County,Menlo Park,Operational,PGE GBA,306880.0
Belle Haven,PG&E,pge,SUBSTATION,substation,False,60.0,37.4776534,-122.16849241,San Mateo County,Menlo Park,Operational,PGE GBA,306705.0
Crystal Springs,PG&E,pge,SUBSTATION,substation,False,60.0,37.52998374,-122.36171223,San Mateo County,"San Francisco--Oakland, CA",Operational,PGE GBA,308210.0
Rosemore A,Other (PGE - Assumed),pge_assumed,SUBSTATION ASSUMED,substation,False,60.0,37.64289298,-121.040362,Stanislaus County,"Modesto, CA",Operational,PGE GBA,
Woodland- Mid,Other (PGE - Assumed),pge_assumed,SUBSTATION,substation,False,60.0,37.65300419,-121.01964579,Stanislaus County,Modesto,Operational,PGE GBA,308561.0
12th Street,Other (PGE - Assumed),pge_assumed,SUBSTATION,substation,False,60.0,37.63715396,-120.99317403,Stanislaus County,Modesto,Operational,PGE GBA,306899.0
8th Street,Other (PGE - Assumed),pge_assumed,SUBSTATION,substation,False,60.0,37.64195997,-121.00603702,Stanislaus County,Modesto,Operational,PGE GBA,301354.0
Mcclure,Other (PGE - Assumed),pge_assumed,SUBSTATION,substation,False,60.0,37.62924798,-120.93132502,Stanislaus County,"Modesto, CA",Operational,PGE GBA,310173.0
Kent,PG&E,pge,SUBSTATION,substation,False,60.0,36.22179519,-119.90597482,Kings County,"Lemoore Station, CA",Operational,PGE Fresno,300729.0
Unknown - 3291,PG&E GBA,pge,SUBSTATION,substation,False,60.0,38.37375392,-120.95058427,Amador County,Ione,Operational,PGE GBA,300083.0
Unknown - 3294,PG&E FRESNO,pge,SUBSTATION,substation,False,60.0,36.37766668,-120.13847734,Fresno County,,Operational,PGE Fresno,300123.0
Unknown - 3297,PG&E NGBA,pge,SUBSTATION,substation,False,60.0,38.29017793,-121.44086199,Sacramento County,,Operational,PGE NGBA,300157.0
Unknown - 3304,PG&E NGBA,pge,SUBSTATION,substation,False,60.0,38.72868752,-121.36448447,Placer County,"Sacramento, CA",Operational,PGE NGBA,300201.0
Unknown - 3306,PG&E FRESNO,pge,SUBSTATION,substation,False,60.0,36.75757944,-120.36363862,Fresno County,Mendota,Operational,PGE Fresno,300213.0
Unknown - 3310,PG&E FRESNO,pge,SUBSTATION,substation,False,60.0,36.30825329,-120.25285482,Fresno County,,Operational,PGE Fresno,300284.0
Travis AB,PG&E NGBA,pge,SUBSTATION,substation,False,60.0,38.27155246,-121.93341189,Solano County,Fairfield,Operational,PGE NGBA,300378.0
Unknown - 3321,PG&E NGBA,pge,SUBSTATION,substation,False,60.0,38.43828004,-121.40381954,Sacramento County,Sacramento,Operational,PGE NGBA,300402.0
Unknown - 3347,PG&E GBA,pge,SUBSTATION,substation,False,60.0,38.14825594,-121.26087892,San Joaquin County,Lodi,Operational,PGE GBA,300923.0
Tocaloma Junction,PG&E NGBA,pge,SUBSTATION,substation,False,60.0,38.04832306,-122.7430927,Marin County,,Operational,PGE NGBA,301152.0
Unknown - 3365,PG&E GBA,pge,SUBSTATION,substation,False,60.0,36.41704527,-121.31668246,Monterey County,Soledad,Operational,PGE GBA,301449.0
Unknown - 3368,PG&E FRESNO,pge,SUBSTATION,substation,False,60.0,36.22572811,-119.8331808,Kings County,,Operational,PGE Fresno,301546.0
California State Department Of Corrections,PG&E FRESNO,pge,SUBSTATION,substation,False,60.0,36.13694984,-120.25385818,Fresno County,Coalinga,Operational,PGE Fresno,301825.0
Unknown - 3398,PG&E NGBA,pge,SUBSTATION,substation,False,60.0,38.66867614,-121.38305439,Sacramento County,North Highlands,Operational,PGE NGBA,302142.0
Plumas Sierra Rea,PG&E NGBA,pge,SUBSTATION,substation,False,60.0,39.93491052,-120.88439323,Plumas County,,Operational,PGE NGBA,302395.0
San Rafael Junction,PG&E GBA,pge,SUBSTATION,substation,False,60.0,37.95679761,-122.50516539,Marin County,San Rafael,Operational,PGE GBA,302797.0
Unknown - 3585,PG&E NGBA,pge,SUBSTATION,substation,False,60.0,39.13938269,-121.58339507,Yuba County,Marysville,Operational,PGE NGBA,302911.0
Unknown - 3586,PG&E NGBA,pge,SUBSTATION,substation,False,60.0,40.84925896,-124.07845114,Humboldt County,Arcata,Operational,PGE NGBA,302937.0
Unknown - 3603,PG&E FRESNO,pge,SUBSTATION,substation,False,60.0,36.24211362,-119.90477329,Kings County,,Operational,PGE Fresno,303210.0
Sri,PG&E,pge,SUBSTATION,substation,False,60.0,37.45537178,-122.17827359,San Mateo County,Menlo Park,Operational,PGE GBA,308777.0
Cal Mat,PG&E,pge,SUBSTATION,substation,False,60.0,37.67388855,-121.8356179,Alameda County,"Livermore--Pleasanton--Dublin, CA",Operational,PGE GBA,302782.0
East Dublin,Other (PGE - Assumed),pge_assumed,SUBSTATION,substation,False,60.0,37.70407951,-121.90074715,Alameda County,Dublin,Operational,PGE GBA,301799.0
Fayette,PG&E,pge,SUBSTATION,substation,False,60.0,37.72018832,-121.5952787,Alameda County,,Operational,PGE GBA,306374.0
Coppervale,Other (PGE - Assumed),pge_assumed,SUBSTATION ASSUMED,substation,False,60.0,40.36040601,-120.86774927,Lassen County,,Operational,PGE NGBA,
Mt. Lassen,Other (PGE - Assumed),pge_assumed,SUBSTATION,substation,False,60.0,40.29760227,-121.0179974,Lassen County,Westwood,Operational,PGE NGBA,309456.0
High Line,PG&E,pge,SUBSTATION,substation,False,60.0,39.76192274,-122.19753293,Glenn County,,Operational,PGE NGBA,304084.0
Electra 2,PG&E,pge,SUBSTATION,substation,False,60.0,38.3313191,-120.673022,Amador County,,Operational,PGE GBA,303321.0
New Hogan,PG&E,pge,SUBSTATION,substation,False,60.0,38.14959933,-120.81486385,Calaveras County,,Operational,PGE GBA,307201.0
Loveridge Road,PG&E,pge,SUBSTATION,substation,False,60.0,38.03039528,-121.86940592,Contra Costa County,Pittsburg,Operational,PGE GBA,308706.0
Mt. House,PG&E,pge,SUBSTATION,substation,False,60.0,37.79421234,-121.55955708,Alameda County,,Operational,PGE GBA,300904.0
California Energy Tesla,PG&E,pge,SUBSTATION,substation,False,60.0,37.74908412,-121.6494805,Alameda County,,Operational,PGE GBA,307043.0
Green Ridge Services,PG&E,pge,SUBSTATION,substation,False,60.0,37.76124499,-121.69073289,Alameda County,,Operational,PGE GBA,304893.0
Frick Green Ridge Power,PG&E,pge,SUBSTATION,substation,False,60.0,37.72973671,-121.68774013,Alameda County,,Operational,PGE GBA,306456.0
Zond Wind,PG&E,pge,SUBSTATION,substation,False,60.0,37.74309507,-121.65870683,Alameda County,,Operational,PGE GBA,305011.0
San Joaquin 1A,PG&E,pge,SUBSTATION,substation,False,60.0,37.15880821,-119.49444814,Madera County,,Operational,PGE Fresno,310419.0
Valley Nitrogen,Other (PGE - Assumed),pge_assumed,SUBSTATION,substation,False,60.0,36.54965818,-120.11129565,Fresno County,,Operational,PGE Fresno,306717.0
Quebec Corcoran State Prison,Other (PGE - Assumed),pge_assumed,SUBSTATION,substation,False,60.0,36.05657278,-119.54993465,Kings County,Corcoran,Operational,PGE Fresno,301398.0
Kilarc,PG&E,pge,SUBSTATION,substation,False,60.0,40.67817034,-121.87307895,Shasta County,,Operational,PGE NGBA,306515.0
Cow Creek,PG&E,pge,SUBSTATION,substation,False,60.0,40.57186127,-122.02036919,Shasta County,,Operational,PGE NGBA,302346.0
Coleman,Other (PGE - Assumed),pge_assumed,SUBSTATION,substation,False,60.0,40.40490038,-122.12171105,Shasta County,,Operational,PGE NGBA,300804.0
Inskip,PG&E,pge,SUBSTATION,substation,False,60.0,40.40132439,-121.96509188,Tehama County,,Operational,PGE NGBA,307181.0
Packaging,Other (PGE - Assumed),pge_assumed,SUBSTATION,substation,False,60.0,40.14465276,-122.21167934,Tehama County,,Operational,PGE NGBA,306281.0
Unknown - 2321,PG&E,pge,SUBSTATION ASSUMED,substation,False,60.0,39.97493011,-120.94474708,Plumas County,,Operational,PGE NGBA,
Marble,Other (PGE - Assumed),pge_assumed,SUBSTATION,substation,False,60.0,39.75696297,-120.37086051,Plumas County,,Operational,PGE NGBA,308718.0
Mohawk,Other (PGE - Assumed),pge_assumed,SUBSTATION,substation,False,60.0,39.80126234,-120.64488935,Plumas County,,Operational,PGE NGBA,306998.0
Rio Bravo Rocklin,PG&E,pge,SUBSTATION,substation,False,60.0,38.83186614,-121.31398954,Placer County,,Operational,PGE NGBA,300044.0
Douglas - (Other),Other (PGE - Assumed),pge_assumed,SUBSTATION,substation,False,60.0,38.74551375,-121.26788886,Placer County,Roseville,Operational,PGE NGBA,300503.0
Central F,Other (PGE - Assumed),pge_assumed,SUBSTATION,substation,False,60.0,38.30143195,-122.74709385,Sonoma County,,Operational,PGE NGBA,302969.0
Creed Energy,PG&E,pge,SUBSTATION,substation,False,60.0,38.24121568,-121.85574075,Solano County,,Operational,PGE NGBA,301175.0
Goose Haven,PG&E,pge,SUBSTATION,substation,False,60.0,38.22658782,-121.84417042,Solano County,,Operational,PGE NGBA,303640.0
Mclain,Other (PGE - Assumed),pge_assumed,SUBSTATION,substation,False,60.0,38.14611866,-121.29963072,San Joaquin County,Lodi,Operational,PGE GBA,303183.0
Henning,PG&E,pge,SUBSTATION,substation,False,60.0,38.11600455,-121.29042895,San Joaquin County,Lodi,Operational,PGE GBA,301513.0
Stockton Cogen,PG&E,pge,SUBSTATION,substation,False,60.0,37.91255094,-121.26335854,San Joaquin County,Stockton,Operational,PGE GBA,301985.0
Stockton Wastewater,Other (PGE - Assumed),pge_assumed,SUBSTATION,substation,False,60.0,37.93766214,-121.32837815,San Joaquin County,Stockton,Operational,PGE GBA,301516.0
Calpine Monterey,Other (PGE - Assumed),pge_assumed,SUBSTATION,substation,False,60.0,36.91115435,-121.7679445,Santa Cruz County,Watsonville,Operational,PGE GBA,303533.0
Unknown - 3618,PG&E GBA,pge,SUBSTATION,substation,False,60.0,37.91187869,-121.25645339,San Joaquin County,Stockton,Operational,PGE GBA,303439.0
Unknown - 3625,PG&E NGBA,pge,SUBSTATION,substation,False,60.0,39.2982163,-120.84406996,Nevada County,,Operational,PGE NGBA,303556.0
Vandenberg Afb,Other (PGE - Assumed),pge_assumed,SUBSTATION,substation,False,60.0,34.76374797,-120.52597629,Santa Barbara County,Vandenberg AFB,Operational,PGE Kern,300362.0
Unknown - 3643,PG&E NGBA,pge,SUBSTATION,substation,False,60.0,38.67192753,-121.15028194,Sacramento County,Folsom,Operational,PGE NGBA,304027.0
Unknown - 3657,PG&E NGBA,pge,SUBSTATION,substation,False,60.0,38.63137778,-121.22225125,Sacramento County,Gold River,Operational,PGE NGBA,304269.0
Stafford Junction,PG&E NGBA,pge,SUBSTATION,substation,False,60.0,38.12143704,-122.63003771,Marin County,,Operational,PGE NGBA,304803.0
Unknown - 3684,PG&E FRESNO,pge,SUBSTATION,substation,False,60.0,36.72029982,-120.43010951,Fresno County,,Operational,PGE Fresno,304887.0
Unknown - 3687,PG&E NGBA,pge,SUBSTATION,substation,False,60.0,40.06978986,-122.23339452,Tehama County,,Operational,PGE NGBA,304926.0
Beale Afb 2,Other (PGE - Assumed),pge_assumed,SUBSTATION,substation,False,60.0,39.11355174,-121.33306663,Yuba County,Beale AFB,Operational,PGE NGBA,308837.0
Beale Afb 1,Other (PGE - Assumed),pge_assumed,SUBSTATION,substation,False,60.0,39.09777351,-121.33730745,Yuba County,Beale AFB,Operational,PGE NGBA,301514.0
Quincy,Other (PGE - Assumed),pge_assumed,SUBSTATION,substation,False,60.0,39.93440291,-120.88827025,Plumas County,East Quincy,Operational,PGE NGBA,302166.0
PG&E Pumping Station,PG&E,pge,SUBSTATION,substation,False,60.0,38.21807254,-122.15846584,Solano County,,Operational,PGE NGBA,307253.0
Hercules Ms,PG&E,pge,SUBSTATION,substation,False,60.0,38.01533936,-122.28721658,Contra Costa County,Hercules,Operational,PGE GBA,308363.0
Coalinga Cogen,PG&E,pge,SUBSTATION,substation,False,60.0,36.18093139,-120.38791696,Fresno County,,Operational,PGE Kern,306404.0
Unknown - 2592,Other (PGE - Assumed),pge_assumed,SUBSTATION,substation,False,60.0,40.67318897,-122.36885563,Shasta County,Shasta Lake,Operational,PGE NGBA,309844.0
Cirby,Other (PGE - Assumed),pge_assumed,SUBSTATION,substation,False,60.0,38.7283334,-121.26979582,Placer County,Roseville,Operational,PGE NGBA,304136.0
Unknown - 2612,PG&E,pge,SUBSTATION,substation,False,60.0,38.13803131,-121.38616422,San Joaquin County,,Operational,PGE GBA,306408.0
Dyer Rd. Altamont,PG&E,pge,SUBSTATION,substation,False,60.0,37.75529694,-121.66002294,Alameda County,,Operational,PGE GBA,309511.0
Brigatano,Other (PGE - Assumed),pge_assumed,SUBSTATION,substation,False,60.0,36.88170098,-121.6032281,San Benito County,,Operational,PGE GBA,301851.0
Unknown - 2616,Other (PGE - Assumed),pge_assumed,SUBSTATION,substation,False,60.0,37.71067698,-121.01367685,Stanislaus County,,Operational,PGE GBA,300722.0
Unknown - 2617,Other (PGE - Assumed),pge_assumed,SUBSTATION,substation,False,60.0,37.70469778,-121.04172391,Stanislaus County,,Operational,PGE GBA,309239.0
Stroud Switching Station,PG&E,pge,SUBSTATION,substation,False,60.0,36.53156158,-120.17044206,Fresno County,,Operational,PGE Fresno,309046.0
Jacalitio,Other (PGE - Assumed),pge_assumed,SUBSTATION,substation,False,60.0,36.13093673,-120.24511028,Fresno County,Coalinga,Operational,PGE Fresno,309840.0
Lemoore N.A.S.,PG&E,pge,SUBSTATION,substation,False,60.0,36.26450281,-119.90626323,Kings County,Lemoore Station,Operational,PGE Fresno,310107.0
Armstrong Ss,Other (PGE - Assumed),pge_assumed,SUBSTATION,substation,False,60.0,36.26903062,-119.6544962,Kings County,Hanford,Operational,PGE Fresno,303392.0
Unknown - 3875,PG&E FRESNO,pge,SUBSTATION,substation,False,60.0,36.13717277,-120.1361495,Fresno County,,Operational,PGE Fresno,305852.0
Unknown - 3897,PG&E FRESNO,pge,SUBSTATION,substation,False,60.0,37.47786095,-120.44440364,Merced County,,Operational,PGE Fresno,306332.0
Unknown - 3902,PG&E GBA,pge,SUBSTATION,substation,False,60.0,38.29120114,-121.28290848,Sacramento County,Galt,Operational,PGE GBA,306433.0
Unknown - 3905,PG&E NGBA,pge,SUBSTATION,substation,False,60.0,38.37925793,-121.45461286,Sacramento County,,Operational,PGE NGBA,306493.0
Unknown - 3937,PG&E GBA,pge,SUBSTATION,substation,False,60.0,37.90984527,-122.30652784,Contra Costa County,El Cerrito,Operational,PGE GBA,307143.0
Canandaiqua Winery,Other (PGE - Assumed),pge_assumed,SUBSTATION,substation,False,60.0,36.92816645,-120.10704159,Madera County,,Operational,PGE Fresno,300324.0
Cal-Sierra,Other (PGE - Assumed),pge_assumed,SUBSTATION,substation,False,60.0,39.19442752,-121.44217735,Yuba County,,Operational,PGE NGBA,303604.0
Pw Pipe,Other (PGE - Assumed),pge_assumed,SUBSTATION,substation,False,60.0,38.6532594,-120.96546665,El Dorado County,Cameron Park,Operational,PGE NGBA,308842.0
Unknown - 3961,PG&E NGBA,pge,SUBSTATION,substation,False,60.0,38.57082039,-121.43269209,Sacramento County,Sacramento,Operational,PGE NGBA,307575.0
Sebastini Winery (Nathanson),Other (PGE - Assumed),pge_assumed,SUBSTATION ASSUMED,substation,False,60.0,38.13827054,-121.38793485,San Joaquin County,,Operational,PGE GBA,
De Sabla,PG&E NGBA,pge,SUBSTATION,substation,False,60.0,39.87074304,-121.63211567,Butte County,,Operational,PGE NGBA,307764.0
Woodbridge Winery,Other (PGE - Assumed),pge_assumed,SUBSTATION,substation,False,60.0,38.15262317,-121.24540792,San Joaquin County,,Operational,PGE GBA,304932.0
Oak - PG&E North,PG&E,pge,SUBSTATION,substation,False,60.0,37.9018784,-122.28628775,Contra Costa County,Kensington,Operational,PGE GBA,301722.0
Geary,PG&E,pge,SUBSTATION,substation,False,60.0,37.92661022,-122.07493042,Contra Costa County,Pleasant Hill,Operational,PGE GBA,304356.0
Pleasant Hill,PG&E,pge,SUBSTATION,substation,False,60.0,37.93879927,-122.08210038,Contra Costa County,Pleasant Hill,Operational,PGE GBA,300840.0
San Andreas,PG&E,pge,SUBSTATION,substation,False,60.0,37.60402609,-122.42314575,San Mateo County,"San Francisco--Oakland, CA",Operational,PGE GBA,307313.0
Hillsdale Junction,PG&E,pge,SUBSTATION,substation,False,60.0,37.52507399,-122.35628506,San Mateo County,Highlands,Operational,PGE GBA,309336.0
San Lorenzo,PG&E,pge,SUBSTATION,substation,False,60.0,37.68020511,-122.1262432,Alameda County,San Lorenzo,Operational,PGE GBA,300818.0
Cherry - (PG&E),PG&E,pge,SUBSTATION,substation,False,60.0,37.71580899,-122.14391371,Alameda County,San Leandro,Operational,PGE GBA,310352.0
Van Den Bergh Foods,Other (PGE - Assumed),pge_assumed,SUBSTATION ASSUMED,substation,False,60.0,37.97044298,-121.26815785,San Joaquin County,Stockton,Operational,PGE GBA,
Ragu,PG&E,pge,SUBSTATION,substation,False,60.0,37.96810144,-121.26868348,San Joaquin County,"Stockton, CA",Operational,PGE GBA,301903.0
Blaine Street,PG&E,pge,SUBSTATION,substation,False,60.0,36.98147239,-122.0250848,Santa Cruz County,Santa Cruz,Operational,PGE GBA,309413.0
Meder,PG&E,pge,SUBSTATION,substation,False,60.0,36.97465115,-122.05695446,Santa Cruz County,Santa Cruz,Operational,PGE GBA,300935.0
Cliff Drive,PG&E,pge,SUBSTATION,substation,False,60.0,36.96013932,-122.05247924,Santa Cruz County,Santa Cruz,Operational,PGE GBA,310441.0
Capitola,PG&E,pge,SUBSTATION,substation,False,60.0,36.97641917,-121.98013662,Santa Cruz County,Live Oak,Operational,PGE GBA,302932.0
Opal Cliffs,PG&E,pge,SUBSTATION,substation,False,60.0,36.97632564,-121.9646418,Santa Cruz County,Capitola,Operational,PGE GBA,307834.0
Roland,PG&E,pge,SUBSTATION,substation,False,60.0,36.96472289,-121.97376525,Santa Cruz County,Pleasure Point,Operational,PGE GBA,307329.0
Soquel - (PG&E),PG&E,pge,SUBSTATION,substation,False,60.0,36.98677468,-121.95103262,Santa Cruz County,Soquel,Operational,PGE GBA,305561.0
Seacliff,PG&E,pge,SUBSTATION,substation,False,60.0,36.98427873,-121.91540351,Santa Cruz County,Aptos,Operational,PGE GBA,308275.0
Rio Del Mar,PG&E,pge,SUBSTATION,substation,False,60.0,36.97546456,-121.89428621,Santa Cruz County,Aptos,Operational,PGE GBA,305943.0
Carmel,PG&E,pge,SUBSTATION,substation,False,60.0,36.56082237,-121.91964987,Monterey County,Carmel-by-the-Sea,Operational,PGE GBA,304563.0
Santa Ana,Other (PGE - Assumed),pge_assumed,SUBSTATION,substation,False,60.0,36.86256777,-121.36391794,San Benito County,"Hollister, CA",Operational,PGE GBA,304365.0
Oil City ,Other (PGE - Assumed),pge_assumed,SUBSTATION,substation,False,60.0,36.23789675,-120.3676006,Fresno County,,Operational,PGE Fresno,310364.0
CA State Dept Of Corrections,Other (PGE - Assumed),pge_assumed,SUBSTATION,substation,False,60.0,36.13397278,-120.25202419,Fresno County,Coalinga,Operational,PGE Kern,300361.0
Candlewick (Dixie) Yarn,Other (PGE - Assumed),pge_assumed,SUBSTATION,substation,False,60.0,36.30522115,-119.79307285,Kings County,Lemoore,Operational,PGE Fresno,302332.0
Leprino - (Other),Other (PGE - Assumed),pge_assumed,SUBSTATION,substation,False,60.0,36.30399518,-119.79108497,Kings County,Lemoore,Operational,PGE Fresno,306200.0
California Mens Colony,PG&E,pge,SUBSTATION ASSUMED,substation,False,60.0,35.32056653,-120.69315141,San Luis Obispo County,,Operational,PGE Kern,
Garey,Other (PGE - Assumed),pge_assumed,SUBSTATION,substation,False,60.0,34.88938164,-120.26017763,Santa Barbara County,,Operational,PGE Kern,309866.0
Foothills,Other (PGE - Assumed),pge_assumed,SUBSTATION,substation,False,60.0,38.78136754,-121.31956196,Placer County,Roseville,Operational,PGE NGBA,300328.0
Pardee - (PG&E),PG&E,pge,SUBSTATION,substation,False,60.0,38.25707326,-120.85036922,Amador County,,Operational,PGE GBA,300030.0
Keswick - (PG&E),PG&E,pge,SUBSTATION,substation,False,60.0,40.62385523,-122.46198494,Shasta County,Keswick,Operational,PGE NGBA,306571.0
Boswell Dairy Ave.,PG&E,pge,SUBSTATION,substation,False,60.0,36.06873736,-119.57166291,Kings County,"Corcoran, CA",Operational,PGE Fresno,304599.0
Dana,Other (PGE - Assumed),pge_assumed,SUBSTATION,substation,False,60.0,37.911163,-121.25587524,San Joaquin County,Stockton,Operational,PGE GBA,309447.0
Glenn-Colusa Irrigation,Other (PGE - Assumed),pge_assumed,SUBSTATION,substation,False,60.0,39.55334346,-122.00320294,Glenn County,,Operational,PGE NGBA,306429.0
Pacific Ethanol,Other (PGE - Assumed),pge_assumed,SUBSTATION,substation,False,60.0,37.94210717,-121.33769133,San Joaquin County,Stockton,Operational,PGE GBA,307241.0
Port Of Stockton,Other (PGE - Assumed),pge_assumed,SUBSTATION,substation,False,60.0,37.94996083,-121.34631677,San Joaquin County,Stockton,Operational,PGE GBA,303546.0
Cemetery,Other (PGE - Assumed),pge_assumed,SUBSTATION,substation,False,60.0,39.67078017,-120.24795532,Sierra County,,Operational,PGE NGBA,308594.0
Unknown - 4414,PG&E FRESNO,pge,SUBSTATION,substation,False,60.0,36.54748962,-120.33521442,Fresno County,,Operational,PGE Fresno,310912.0
Unknown - 4120,PG&E NGBA,pge,SUBSTATION,substation,False,60.0,39.81763374,-120.47347283,Plumas County,Portola,Operational,PGE NGBA,308258.0
Unknown - 4133,PG&E NGBA,pge,SUBSTATION,substation,False,60.0,39.10549226,-122.10995193,Colusa County,,Operational,PGE NGBA,308484.0
Unknown - 4152,PG&E NGBA,pge,SUBSTATION,substation,False,60.0,38.65387245,-121.35741492,Sacramento County,North Highlands,Operational,PGE NGBA,308709.0
Unknown - 4160,PG&E FRESNO,pge,SUBSTATION,substation,False,60.0,36.99763949,-119.70331378,Fresno County,,Operational,PGE Fresno,308814.0
Unknown - 4162,PG&E NGBA,pge,SUBSTATION,substation,False,60.0,38.58136291,-121.38528285,Sacramento County,Arden-Arcade,Operational,PGE NGBA,308857.0
Unknown - 4170,PG&E NGBA,pge,SUBSTATION,substation,False,60.0,38.54559091,-121.34396386,Sacramento County,Rosemont,Operational,PGE NGBA,308966.0
Unknown - 4181,PG&E GBA,pge,SUBSTATION,substation,False,60.0,38.36969833,-120.94911719,Amador County,Ione,Operational,PGE GBA,309216.0
Unknown - 4183,PG&E GBA,pge,SUBSTATION,substation,False,60.0,36.97579817,-121.98074726,Santa Cruz County,Live Oak,Operational,PGE GBA,309226.0
Unknown - 4184,PG&E NGBA,pge,SUBSTATION,substation,False,60.0,38.6553529,-121.33738484,Sacramento County,Carmichael,Operational,PGE NGBA,309233.0
Unknown - 4191,PG&E NGBA,pge,SUBSTATION,substation,False,60.0,38.40916353,-121.41745214,Sacramento County,Elk Grove,Operational,PGE NGBA,309371.0
Unknown - 4198,PG&E NGBA,pge,SUBSTATION,substation,False,60.0,39.13435325,-120.95324964,Placer County,,Operational,PGE NGBA,309468.0
Unknown - 4212,PG&E FRESNO,pge,SUBSTATION,substation,False,60.0,37.29154297,-119.52963638,Madera County,,Operational,PGE Fresno,309769.0
Unknown - 4216,PG&E NGBA,pge,SUBSTATION,substation,False,60.0,38.64509758,-121.39759914,Sacramento County,North Highlands,Operational,PGE NGBA,309867.0
Unknown - 4217,PG&E FRESNO,pge,SUBSTATION,substation,False,60.0,36.61749568,-120.38789171,Fresno County,,Operational,PGE Fresno,309869.0
Unknown - 4229,PG&E NGBA,pge,SUBSTATION,substation,False,60.0,40.54168938,-124.06407317,Humboldt County,Hydesville,Operational,PGE NGBA,310110.0
Unknown - 4233,PG&E NGBA,pge,SUBSTATION,substation,False,60.0,38.57091916,-121.43271488,Sacramento County,Sacramento,Operational,PGE NGBA,310181.0
Unknown - 4249,PG&E FRESNO,pge,SUBSTATION,substation,False,60.0,37.5220859,-120.31015808,Mariposa County,,Operational,PGE Fresno,310489.0
Crow Creek,PG&E,pge,SUBSTATION,substation,False,60.0,37.37399895,-121.13627698,Stanislaus County,,Operational,PGE Fresno,
Mineral,PG&E,pge,SUBSTATION,substation,False,60.0,40.34741705,-121.63485597,Tehama County,,,PGE NGBA,
Yerba Buena,PG&E,pge,SUBSTATION,substation,False,60.0,37.30731756,-121.75009461,Santa Clara County,,,PGE GBA,
Alta Ph - PG&E,PG&E,pge,SUBSTATION,substation,False,60.0,39.21592544,-120.80353676,Placer County,,,PGE NGBA,
Moscone - PG&E,PG&E,pge,SUBSTATION,substation,False,60.0,37.78384824,-122.40123326,San Francisco County,,,PGE GBA,
Anzar Jct,PG&E,pge,SUBSTATION,substation,False,60.0,36.86792412,-121.56341531,San Benito County,,,PGE GBA,
Mcdonald Island,PG&E,pge,SUBSTATION,substation,False,60.0,37.98820812,-121.47932086,San Joaquin County,,,PGE GBA,
Sutter Home Sw Sta,PG&E,pge,SUBSTATION,substation,False,60.0,38.15653101,-121.40860984,San Joaquin County,,,PGE GBA,
Elk Creek Jct,PG&E,pge,SUBSTATION,substation,False,60.0,39.55313238,-122.19401989,Glenn County,,,PGE NGBA,
Desabla Ph - PG&E,PG&E,pge,SUBSTATION,substation,False,60.0,39.8693849,-121.63191452,Butte County,,,PGE NGBA,
Philo Jct,PG&E,pge,SUBSTATION,substation,False,60.0,39.10249807,-123.15639813,Mendocino County,,,PGE NGBA,
Reclamation Dist#999,PG&E,pge,SUBSTATION,substation,False,60.0,38.37346215,-121.55287861,Yolo County,,,PGE NGBA,
Stauffer - PG&E Northeast,PG&E,pge,SUBSTATION,substation,False,60.0,38.03393239,-122.11603423,Contra Costa County,,,PGE GBA,
Bethany Comp Sta,PG&E,pge,SUBSTATION,substation,False,60.0,37.79613641,-121.60264329,Alameda County,,,PGE GBA,
Volta 2 Ph,PG&E,pge,SUBSTATION,substation,False,60.0,40.45253926,-121.86245775,Shasta County,,,PGE NGBA,
Freedom,PG&E,pge,SUBSTATION,substation,False,21.0,36.94700239,-121.78967403,Santa Cruz County,,,PGE GBA,
Felton - PG&E,PG&E,pge,SUBSTATION,substation,False,21.0,37.04882691,-122.06455083,Santa Cruz County,,,PGE GBA,
Cabbage Patch Sw Sta,PG&E,pge,SUBSTATION,substation,False,21.0,38.41618163,-120.13391346,Calaveras County,,,PGE GBA,
Phoenix Ph,PG&E,pge,SUBSTATION,substation,False,17.0,38.03261877,-120.32648965,Tuolumne County,,,PGE GBA,
San Fran F (Marina),PG&E,pge,SUBSTATION,substation,False,12.0,37.80367714,-122.43299686,San Francisco County,,,PGE GBA,
Portola - PG&E,PG&E,pge,SUBSTATION,substation,False,12.0,37.74518937,-122.45287107,San Francisco County,,,PGE GBA,
San Fran J,PG&E,pge,SUBSTATION,substation,False,12.0,37.79414677,-122.4020568,San Francisco County,,,PGE GBA,
San Fran K,PG&E,pge,SUBSTATION,substation,False,12.0,37.77659957,-122.48367364,San Francisco County,,,PGE GBA,
San Fran L,PG&E,pge,SUBSTATION,substation,False,12.0,37.73041113,-122.47098385,San Francisco County,,,PGE GBA,
Toadtown Ph - PG&E,PG&E,pge,SUBSTATION,substation,False,12.0,39.89359459,-121.59343408,Butte County,,,PGE NGBA,
Oak Flat Ph - PG&E,PG&E,pge,SUBSTATION,substation,False,12.0,40.07526166,-121.16141886,Plumas County,,,PGE NGBA,
Advanced Micro Devices,Other (PGE - Assumed),pge_assumed,SUBSTATION ASSUMED,substation,False,,37.38563605,-122.00950288,Santa Clara County,Sunnyvale,Operational,PGE GBA,
Permanente - (Other),Other (PGE - Assumed),pge_assumed,SUBSTATION ASSUMED,substation,False,,37.31791153,-122.09330837,Santa Clara County,,Operational,PGE GBA,
Westinghouse,Other (PGE - Assumed),pge_assumed,SUBSTATION,substation,False,,37.37999507,-122.02213971,Santa Clara County,Sunnyvale,Operational,PGE GBA,303229.0
Wpcp,Other (PGE - Assumed),pge_assumed,SUBSTATION,substation,False,,37.43273106,-121.94194287,Santa Clara County,San Jose,Operational,PGE GBA,301085.0
Calero,Other (PGE - Assumed),pge_assumed,SUBSTATION,substation,False,,37.20242633,-121.83294198,Santa Clara County,San Jose,Operational,PGE GBA,310095.0
Lsi Jennings,Other (PGE - Assumed),pge_assumed,SUBSTATION,substation,False,,37.33426279,-121.85473845,Santa Clara County,San Jose,Operational,PGE GBA,303560.0
Simpson Paper (Shasta),Other (PGE - Assumed),pge_assumed,SUBSTATION,substation,False,,40.43272159,-122.26901611,Shasta County,,Operational,PGE NGBA,300122.0
Sulphur Creek,Other (PGE - Assumed),pge_assumed,SUBSTATION,substation,False,,40.60184184,-122.38269434,Shasta County,Redding,Operational,PGE NGBA,306812.0
Slate Creek,Other (PGE - Assumed),pge_assumed,SUBSTATION,substation,False,,40.97714998,-122.45636648,Shasta County,,Operational,PGE NGBA,305877.0
California,Other (PGE - Assumed),pge_assumed,SUBSTATION,substation,False,,39.52122583,-120.00866689,Sierra County,Verdi,Operational,PGE NGBA,309299.0
Shell Chemical,PG&E,pge,SUBSTATION,substation,False,,38.03082899,-121.94600882,Contra Costa County,Bay Point,Operational,PGE GBA,306606.0
Stauffer - PG&E Southwest,PG&E,pge,SUBSTATION ASSUMED,substation,False,,38.03228545,-122.11997929,Contra Costa County,Martinez,Operational,PGE GBA,
North Mare Island,Other (PGE - Assumed),pge_assumed,SUBSTATION,substation,False,,38.11452591,-122.28961084,Solano County,Vallejo,Operational,PGE NGBA,303322.0
Cmf Vacaville,Other (PGE - Assumed),pge_assumed,SUBSTATION,substation,False,,38.32096863,-121.97156054,Solano County,Vacaville,Operational,PGE NGBA,303956.0
Lapham,Other (PGE - Assumed),pge_assumed,SUBSTATION,substation,False,,37.63751297,-120.95405305,Stanislaus County,"Modesto, CA",Operational,PGE GBA,305964.0
Hawkins,Other (PGE - Assumed),pge_assumed,SUBSTATION,substation,False,,37.57986181,-120.64536219,Stanislaus County,,Operational,PGE Fresno,301302.0
Hughson,Other (PGE - Assumed),pge_assumed,SUBSTATION,substation,False,,37.59506369,-120.84695596,Stanislaus County,,Operational,PGE GBA,309174.0
Patterson,Other (PGE - Assumed),pge_assumed,SUBSTATION ASSUMED,substation,False,,37.4717211,-121.12643557,Stanislaus County,Patterson,Operational,PGE GBA,
Rclm. Dist. 1001,Other (PGE - Assumed),pge_assumed,SUBSTATION,substation,False,,38.79018053,-121.59762196,Sutter County,,Operational,PGE NGBA,304532.0
Big Bar,Other (PGE - Assumed),pge_assumed,SUBSTATION,substation,False,,40.74156328,-123.2093404,Trinity County,,Operational,PGE NGBA,303831.0
Hyampom,Other (PGE - Assumed),pge_assumed,SUBSTATION,substation,False,,40.63741417,-123.48932386,Trinity County,Hyampom,Operational,PGE NGBA,304732.0
Mill Street,Other (PGE - Assumed),pge_assumed,SUBSTATION,substation,False,,40.72322326,-122.93865383,Trinity County,Weaverville,Operational,PGE NGBA,304501.0
Early Intake,Other (PGE - Assumed),pge_assumed,SUBSTATION,substation,False,,37.87514766,-119.96576321,Tuolumne County,,Operational,PGE GBA,303669.0
Sonora Mining,PG&E,pge,SUBSTATION ASSUMED,substation,False,,37.96717536,-120.38639459,Tuolumne County,Sonora,Operational,PGE GBA,
South Bay 1,PG&E,pge,SUBSTATION,substation,False,,37.77847661,-121.62593825,Alameda County,,Operational,PGE GBA,310124.0
Kaiser - 94568,Other (PGE - Assumed),pge_assumed,SUBSTATION,substation,False,,37.70852878,-121.90699134,Alameda County,Dublin,Operational,PGE GBA,303791.0
Parks,PG&E,pge,SUBSTATION,substation,False,,37.71163865,-121.89383726,Alameda County,Dublin,Operational,PGE GBA,305695.0
Vallecitos,PG&E,pge,SUBSTATION,substation,False,,37.60923901,-121.84265791,Alameda County,Sunol,Operational,PGE GBA,300606.0
Nepco,Other (PGE - Assumed),pge_assumed,SUBSTATION,substation,False,,38.36863063,-120.80546731,Amador County,Martell,Operational,PGE GBA,300400.0
A.P.T. Oro,PG&E,pge,SUBSTATION,substation,False,,39.48122118,-121.56547211,Butte County,Oroville,Operational,PGE NGBA,302814.0
Louisiana Pacific (Oroville),Other (PGE - Assumed),pge_assumed,SUBSTATION,substation,False,,39.47437267,-121.57476847,Butte County,"Oroville, CA",Operational,PGE NGBA,305907.0
City Of Biggs,Other (PGE - Assumed),pge_assumed,SUBSTATION ASSUMED,substation,False,,39.40874747,-121.68861334,Butte County,,Operational,PGE NGBA,
Cataract,Other (PGE - Assumed),pge_assumed,SUBSTATION,substation,False,,38.06981176,-120.42212054,Tuolumne County,,Operational,PGE GBA,307549.0
Los Vaqueros,Other (PGE - Assumed),pge_assumed,SUBSTATION,substation,False,,37.88698876,-121.57691462,Contra Costa County,,Operational,PGE GBA,301537.0
Linde - (PG&E),PG&E,pge,SUBSTATION ASSUMED,substation,False,,38.02639366,-121.84961477,Contra Costa County,Pittsburg,Operational,PGE GBA,
Walnut Creek Pp,Other (PGE - Assumed),pge_assumed,SUBSTATION,substation,False,,37.92595117,-122.07137116,Contra Costa County,Walnut Creek,Operational,PGE GBA,302976.0
Tres Vaqueros Wind Farm (Jv Ent),Other (PGE - Assumed),pge_assumed,SUBSTATION ASSUMED,substation,False,,37.8386976,-121.62289328,Contra Costa County,,Operational,PGE GBA,
Dow Chemical,Other (PGE - Assumed),pge_assumed,SUBSTATION,substation,False,,38.02728225,-121.85436652,Contra Costa County,Pittsburg,Operational,PGE GBA,306032.0
Posco,Other (PGE - Assumed),pge_assumed,SUBSTATION,substation,False,,38.02595066,-121.8669456,Contra Costa County,Pittsburg,Operational,PGE GBA,301740.0
Unocal,PG&E,pge,SUBSTATION,substation,False,,38.05340283,-122.23451897,Contra Costa County,Crockett,Operational,PGE GBA,308410.0
Meyers,Other (PGE - Assumed),pge_assumed,SUBSTATION,substation,False,,38.87723567,-119.98583976,El Dorado County,,Operational,PGE NGBA,309884.0
Stateline,Other (PGE - Assumed),pge_assumed,SUBSTATION ASSUMED,substation,False,,38.93183608,-119.94324033,El Dorado County,South Lake Tahoe,Operational,PGE NGBA,
Flint,PG&E,pge,SUBSTATION,substation,False,,38.88491527,-121.06712848,Placer County,Auburn,Operational,PGE NGBA,303272.0
Limestone - (PG&E),PG&E,pge,SUBSTATION,substation,False,,38.63492778,-120.98016969,El Dorado County,Cameron Park,Operational,PGE NGBA,310069.0
Camino - (PG&E),PG&E,pge,SUBSTATION,substation,False,,38.79337246,-120.61929791,El Dorado County,,Operational,PGE NGBA,308707.0
Kamm,Other (PGE - Assumed),pge_assumed,SUBSTATION,substation,False,,36.52806967,-120.48525037,Fresno County,,Operational,PGE Fresno,310526.0
Derrick,Other (PGE - Assumed),pge_assumed,SUBSTATION,substation,False,,36.22649809,-120.33787573,Fresno County,,Operational,PGE Fresno,302287.0
Kings River,PG&E,pge,SUBSTATION,substation,False,,36.88826305,-119.15946196,Fresno County,,Operational,PGE Fresno,304409.0
Piedra,Other (PGE - Assumed),pge_assumed,SUBSTATION ASSUMED,substation,False,,36.7899457,-119.40339099,Fresno County,,Operational,PGE Fresno,
Rainbow,PG&E,pge,SUBSTATION,substation,False,,36.71021717,-119.53810124,Fresno County,,Operational,PGE Fresno,301252.0
De Francesco,PG&E,pge,SUBSTATION,substation,False,,36.83603893,-120.62029452,Fresno County,,Operational,PGE Fresno,307108.0
Stony Gorge,PG&E,pge,SUBSTATION,substation,False,,39.58703795,-122.53314351,Glenn County,Elk Creek,Operational,PGE NGBA,310479.0
Ridge Cabin,PG&E,pge,SUBSTATION ASSUMED,substation,False,,40.72891419,-123.66976472,Humboldt County,,Operational,PGE NGBA,
Mrip,Other (PGE - Assumed),pge_assumed,SUBSTATION,substation,False,,37.73328997,-121.12063901,San Joaquin County,Ripon,Operational,PGE GBA,303204.0
Kernwater,PG&E,pge,SUBSTATION,substation,False,,35.40105248,-119.03538055,Kern County,Oildale,Operational,PGE Kern,306377.0
Eisen,PG&E,pge,SUBSTATION,substation,False,,35.35577476,-118.97175878,Kern County,Potomac Park,Operational,PGE Kern,303798.0
Masonite,Other (PGE - Assumed),pge_assumed,SUBSTATION ASSUMED,substation,False,,39.17374828,-123.20567759,Mendocino County,"Ukiah, CA",Operational,PGE NGBA,
Arburua,Other (PGE - Assumed),pge_assumed,SUBSTATION,substation,False,,36.94045249,-120.92212781,Merced County,,Operational,PGE Fresno,306094.0
GE3,Other (PGE - Assumed),pge_assumed,SUBSTATION,substation,False,,36.99873809,-120.90764502,Merced County,,Operational,PGE Fresno,308475.0
Texaco,PG&E,pge,SUBSTATION,substation,False,,35.95855623,-120.86356501,Monterey County,,Operational,PGE GBA,306341.0
Lagunitas,PG&E,pge,SUBSTATION,substation,False,,36.74875631,-121.60597559,Monterey County,,Operational,PGE GBA,302946.0
Manzanita,PG&E,pge,SUBSTATION,substation,False,,36.6145428,-121.83353189,Monterey County,Seaside,Operational,PGE GBA,306342.0
Fresh Express,Other (PGE - Assumed),pge_assumed,SUBSTATION ASSUMED,substation,False,,36.65237833,-121.63400615,Monterey County,Salinas,Operational,PGE GBA,
Salinas River,Other (PGE - Assumed),pge_assumed,SUBSTATION,substation,False,,35.95194231,-120.86842886,Monterey County,,Operational,PGE Kern,309839.0
Sargent Canyon,Other (PGE - Assumed),pge_assumed,SUBSTATION,substation,False,,35.93548957,-120.84066779,Monterey County,,Operational,PGE Kern,302188.0
Truckee,Other (PGE - Assumed),pge_assumed,SUBSTATION,substation,False,,39.33057612,-120.18111166,Nevada County,Truckee,Operational,PGE NGBA,309028.0
Northstar,Other (PGE - Assumed),pge_assumed,SUBSTATION,substation,False,,39.2806908,-120.11261973,Placer County,,Operational,PGE NGBA,308283.0
Burney Lumber Co.,Other (PGE - Assumed),pge_assumed,SUBSTATION ASSUMED,substation,False,,39.33096621,-120.18197571,Nevada County,Truckee,Operational,PGE NGBA,
Truckee Donner,Other (PGE - Assumed),pge_assumed,SUBSTATION,substation,False,,39.33736165,-120.22124954,Nevada County,Truckee,Operational,PGE NGBA,306942.0
Cape Horn,Other (PGE - Assumed),pge_assumed,SUBSTATION,substation,False,,39.11994046,-120.94348545,Placer County,,Operational,PGE NGBA,307759.0
Roseville,Other (PGE - Assumed),pge_assumed,SUBSTATION,substation,False,,38.8103625,-121.32403559,Placer County,,Operational,PGE NGBA,306410.0
Greenville,PG&E,pge,SUBSTATION ASSUMED,substation,False,,40.15068589,-121.0812311,Plumas County,,Operational,PGE NGBA,
Boswell,PG&E,pge,SUBSTATION,substation,False,,36.08513945,-119.55359297,Kings County,,Operational,PGE Fresno,305860.0
Glass,Other (PGE - Assumed),pge_assumed,SUBSTATION,substation,False,,36.92800662,-120.10320276,Madera County,,Operational,PGE Fresno,310514.0
Norby Lumber Co Inc.,Other (PGE - Assumed),pge_assumed,SUBSTATION ASSUMED,substation,False,,36.92206551,-119.97536183,Madera County,,Operational,PGE Fresno,
Hamilton Wetlands,PG&E,pge,SUBSTATION,substation,False,,38.07813952,-122.5257967,Marin County,,Operational,PGE NGBA,309445.0
Ellis - (Other),Other (PGE - Assumed),pge_assumed,SUBSTATION,substation,False,,37.72176024,-121.54877454,San Joaquin County,,Operational,PGE GBA,309534.0
Louise,Other (PGE - Assumed),pge_assumed,SUBSTATION ASSUMED,substation,False,,37.80950104,-121.28309786,San Joaquin County,Lathrop,Operational,PGE GBA,
Heinz,Other (PGE - Assumed),pge_assumed,SUBSTATION,substation,False,,37.74076318,-121.4122624,San Joaquin County,Tracy,Operational,PGE GBA,301232.0
Carbona,PG&E,pge,SUBSTATION,substation,False,,37.69223444,-121.41666836,San Joaquin County,,Operational,PGE GBA,300566.0
TRACY DEFENSE DEPOT,PG&E,pge,SUBSTATION,substation,False,,37.72172299,-121.39193496,San Joaquin County,"Tracy--Mountain House, CA",Operational,PGE GBA,301199.0
Mc Donald,PG&E,pge,SUBSTATION,substation,False,,37.9914434,-121.47886274,San Joaquin County,,Operational,PGE GBA,303689.0
National,Other (PGE - Assumed),pge_assumed,SUBSTATION,substation,False,,37.94631408,-121.32850136,San Joaquin County,Stockton,Operational,PGE GBA,300431.0
Lee,PG&E,pge,SUBSTATION,substation,False,,37.7319045,-121.11623335,San Joaquin County,Ripon,Operational,PGE GBA,307599.0
S.J. Power,PG&E,pge,SUBSTATION ASSUMED,substation,False,,37.80650196,-121.29088596,San Joaquin County,Lathrop,Operational,PGE GBA,
Stanford,Other (PGE - Assumed),pge_assumed,SUBSTATION,substation,False,,37.42741173,-122.17520631,Santa Clara County,Stanford,Operational,PGE GBA,309982.0
Cardinal,Other (PGE - Assumed),pge_assumed,SUBSTATION ASSUMED,substation,False,,37.43002389,-122.17598628,Santa Clara County,Stanford,Operational,PGE GBA,
United Cogen Inc.,Other (PGE - Assumed),pge_assumed,SUBSTATION,substation,False,,37.63831128,-122.39384967,San Mateo County,South San Francisco,Operational,PGE GBA,300468.0
Adobe,PG&E,pge,SUBSTATION,substation,False,,35.10728559,-118.95790426,Kern County,,Operational,PGE Kern,305025.0
Vernon - 95678,Other (PGE - Assumed),pge_assumed,SUBSTATION,substation,False,,38.73939075,-121.29628902,Placer County,Roseville,Operational,PGE NGBA,300702.0
Dave Bakkie,Other (PGE - Assumed),pge_assumed,SUBSTATION,substation,False,,38.80154556,-121.32859901,Placer County,Roseville,Operational,PGE NGBA,303643.0
Unknown - 3292,PG&E KERN,pge,SUBSTATION,substation,False,,35.41285945,-119.64200065,Kern County,,Operational,PGE Kern,300098.0
Highway Junction 2,PG&E NGBA,pge,SUBSTATION,substation,False,,38.16685401,-122.25372576,Napa County,American Canyon,Operational,PGE NGBA,300155.0
Unknown - 3300,PG&E GBA,pge,SUBSTATION,substation,False,,38.30246638,-121.29652826,Sacramento County,,Operational,PGE GBA,300182.0
Unknown - 3303,PG&E NGBA,pge,SUBSTATION,substation,False,,39.3155876,-120.65089473,Nevada County,,Operational,PGE NGBA,300195.0
Unknown - 3312,PG&E KERN,pge,SUBSTATION,substation,False,,35.4199804,-119.63305477,Kern County,,Operational,PGE Kern,300294.0
Unknown - 3328,PG&E GBA,pge,SUBSTATION,substation,False,,37.57469943,-121.86599144,Alameda County,Sunol,Operational,PGE GBA,300536.0
Unknown - 3337,PG&E KERN,pge,SUBSTATION,substation,False,,35.46956089,-119.03706055,Kern County,,Operational,PGE Kern,300715.0
Unknown - 3342,PG&E KERN,pge,SUBSTATION,substation,False,,35.48660408,-119.74339252,Kern County,,Operational,PGE Kern,300806.0
Unknown - 3344,PG&E KERN,pge,SUBSTATION,substation,False,,35.22140554,-119.08766307,Kern County,,Operational,PGE Kern,300842.0
Unknown - 3362,PG&E NGBA,pge,SUBSTATION,substation,False,,38.8349996,-122.76890065,Lake County,,Operational,PGE NGBA,301358.0
Unknown - 3372,PG&E KERN,pge,SUBSTATION,substation,False,,35.11363547,-119.47036401,Kern County,,Operational,PGE Kern,301569.0
Unknown - 3383,PG&E GBA,pge,SUBSTATION,substation,False,,37.73154637,-121.11538741,San Joaquin County,Ripon,Operational,PGE GBA,301774.0
Unknown - 3400,PG&E KERN,pge,SUBSTATION,substation,False,,35.37738395,-119.68618427,Kern County,,Operational,PGE Kern,302158.0
Unknown - 3598,PG&E FRESNO,pge,SUBSTATION,substation,False,,36.79288709,-120.25379904,Madera County,,Operational,PGE Fresno,303130.0
Unknown - 3599,PG&E GBA,pge,SUBSTATION,substation,False,,37.77989398,-121.0011704,San Joaquin County,Escalon,Operational,PGE GBA,303150.0
Walnut Energy,Other (PGE - Assumed),pge_assumed,SUBSTATION,substation,False,,37.48772791,-120.89682122,Stanislaus County,Turlock,Operational,PGE GBA,308617.0
Newby Island I,PG&E,pge,SUBSTATION,substation,False,,37.45475435,-121.93553795,Santa Clara County,San Jose,Operational,PGE GBA,306695.0
Texas Springs,Other (PGE - Assumed),pge_assumed,SUBSTATION,substation,False,,40.52584564,-122.42803925,Shasta County,Redding,Operational,PGE NGBA,303429.0
August,Other (PGE - Assumed),pge_assumed,SUBSTATION,substation,False,,37.41801168,-120.83093989,Merced County,,Operational,PGE Fresno,305670.0
La Grange,Other (PGE - Assumed),pge_assumed,SUBSTATION,substation,False,,37.66971312,-120.44368787,Stanislaus County,,Operational,PGE Fresno,303129.0
Coal Canyon,Other (PGE - Assumed),pge_assumed,SUBSTATION ASSUMED,substation,False,,39.6050252,-121.60030833,Butte County,,Operational,PGE NGBA,
Lime Saddle - (PG&E),PG&E,pge,SUBSTATION,substation,False,,39.69859532,-121.57139816,Butte County,,Operational,PGE NGBA,301841.0
North Truckee,Other (PGE - Assumed),pge_assumed,SUBSTATION,substation,False,,39.33576398,-120.18375947,Nevada County,Truckee,Operational,PGE NGBA,307681.0
Lake Mendocino,PG&E,pge,SUBSTATION ASSUMED,substation,False,,39.19732103,-123.18543,Mendocino County,,Operational,PGE NGBA,
Quicksilver,PG&E,pge,SUBSTATION,substation,False,,38.76615471,-122.70742854,Lake County,,Operational,PGE NGBA,308511.0
Solano Irrigation District,Other (PGE - Assumed),pge_assumed,SUBSTATION,substation,False,,38.51362916,-122.10407419,Yolo County,,Operational,PGE NGBA,307012.0
Los Medanos,Other (PGE - Assumed),pge_assumed,SUBSTATION,substation,False,,38.03021313,-121.87403156,Contra Costa County,Pittsburg,Operational,PGE GBA,306384.0
Riverview,Other (PGE - Assumed),pge_assumed,SUBSTATION,substation,False,,38.01445083,-121.79084784,Contra Costa County,Antioch,Operational,PGE GBA,300719.0
Orinda,PG&E,pge,SUBSTATION,substation,False,,37.88359921,-122.19345746,Contra Costa County,,Operational,PGE GBA,308977.0
Reta,PG&E,pge,SUBSTATION,substation,False,,37.45438743,-120.49004114,Merced County,,Operational,PGE Fresno,304920.0
San Joaquin Power,Other (PGE - Assumed),pge_assumed,SUBSTATION ASSUMED,substation,False,,37.3624399,-120.62785192,Merced County,"Merced, CA",Operational,PGE Fresno,
Chevron Los Banos,Other (PGE - Assumed),pge_assumed,SUBSTATION ASSUMED,substation,False,,37.08690366,-121.01685975,Merced County,Santa Nella,Operational,PGE Fresno,
San Luis 5,PG&E,pge,SUBSTATION,substation,False,,36.7800156,-120.72973117,Fresno County,,Operational,PGE Fresno,306746.0
Calpine Corp.,Other (PGE - Assumed),pge_assumed,SUBSTATION,substation,False,,36.22587288,-121.12833159,Monterey County,King City,Operational,PGE GBA,300203.0
Calpine King Energy Center,Other (PGE - Assumed),pge_assumed,SUBSTATION,substation,False,,36.22460353,-121.12524857,Monterey County,King City,Operational,PGE GBA,310334.0
Elk Hills Cogen 3,PG&E,pge,SUBSTATION,substation,False,,35.27863179,-119.46416773,Kern County,,Operational,PGE Kern,307340.0
Welport,PG&E,pge,SUBSTATION,substation,False,,35.36347689,-119.67548812,Kern County,,Operational,PGE Kern,302212.0
Midway-Sunset Cogen 2,PG&E,pge,SUBSTATION,substation,False,,35.22647847,-119.63084028,Kern County,,Operational,PGE Kern,310433.0
Midway-Sunset Cogen 3,PG&E,pge,SUBSTATION,substation,False,,35.22557567,-119.62975138,Kern County,,Operational,PGE Kern,303113.0
North Midway,PG&E,pge,SUBSTATION,substation,False,,35.27635323,-119.59887379,Kern County,,Operational,PGE Kern,302904.0
Hat Creek 2,PG&E,pge,SUBSTATION,substation,False,,40.96097797,-121.54858504,Shasta County,,Operational,PGE NGBA,300796.0
Pit 1 A,PG&E,pge,SUBSTATION,substation,False,,40.98974939,-121.49675975,Shasta County,,Operational,PGE NGBA,304486.0
Mt. Gate,PG&E,pge,SUBSTATION,substation,False,,40.73723424,-122.32248451,Shasta County,,Operational,PGE NGBA,301993.0
Mt. Gate Junction,PG&E,pge,SUBSTATION,substation,False,,40.74434524,-122.3083027,Shasta County,,Operational,PGE NGBA,300872.0
Airport Road 1,Other (PGE - Assumed),pge_assumed,SUBSTATION,substation,False,,40.51799988,-122.31532535,Shasta County,Redding,Operational,PGE NGBA,303991.0
Canby,Other (PGE - Assumed),pge_assumed,SUBSTATION,substation,False,,40.57576989,-122.35361139,Shasta County,Redding,Operational,PGE NGBA,309529.0
Black Butte,PG&E,pge,SUBSTATION,substation,False,,39.81514828,-122.3325038,Tehama County,,Operational,PGE NGBA,303309.0
Graeagle,Other (PGE - Assumed),pge_assumed,SUBSTATION ASSUMED,substation,False,,39.77113298,-120.61769638,Plumas County,Graeagle,Operational,PGE NGBA,
Haypress Middle,PG&E,pge,SUBSTATION,substation,False,,39.56554486,-120.58159773,Sierra County,,Operational,PGE NGBA,305066.0
Haypress Lower,PG&E,pge,SUBSTATION ASSUMED,substation,False,,39.56571618,-120.59691425,Sierra County,,Operational,PGE NGBA,
Kings Beach,Other (PGE - Assumed),pge_assumed,SUBSTATION,substation,False,,39.24585856,-120.0274364,Placer County,Kings Beach,Operational,PGE NGBA,302984.0
Truckee Tpud,Other (PGE - Assumed),pge_assumed,SUBSTATION ASSUMED,substation,False,,39.33012384,-120.18120701,Nevada County,Truckee,Operational,PGE NGBA,
Greenleaf Unit Ii,Other (PGE - Assumed),pge_assumed,SUBSTATION,substation,False,,39.13686442,-121.64010051,Sutter County,Yuba City,Operational,PGE NGBA,306295.0
Yuba City Station B,PG&E,pge,SUBSTATION,substation,False,,39.1384296,-121.63848849,Sutter County,Yuba City,Operational,PGE NGBA,307750.0
Camp Far West,PG&E,pge,SUBSTATION,substation,False,,39.0488968,-121.31690688,Placer County,,Operational,PGE NGBA,306630.0
Magnesium,PG&E,pge,SUBSTATION ASSUMED,substation,False,,37.31772344,-122.08871373,Santa Clara County,,Operational,PGE GBA,
REP SY (Roseville),Other (PGE - Assumed),pge_assumed,SUBSTATION,substation,False,,38.79216932,-121.38346622,Placer County,Roseville,Operational,PGE NGBA,308370.0
Rep,Other (PGE - Assumed),pge_assumed,SUBSTATION ASSUMED,substation,False,,38.79245719,-121.38294974,Placer County,Roseville,Operational,PGE NGBA,
Park - (PG&E),PG&E,pge,SUBSTATION,substation,False,,38.77949319,-121.28272819,Placer County,Roseville,Operational,PGE NGBA,301526.0
Cordelia Interm Pumps,Other (PGE - Assumed),pge_assumed,SUBSTATION,substation,False,,38.19806017,-122.15512434,Solano County,,Operational,PGE NGBA,300343.0
Frankenheimer,PG&E,pge,SUBSTATION,substation,False,,37.83027565,-120.80705589,Stanislaus County,,Operational,PGE GBA,308742.0
Howland Road,PG&E,pge,SUBSTATION,substation,False,,37.80878046,-121.27655824,San Joaquin County,Lathrop,Operational,PGE GBA,310473.0
Guadalupe,PG&E,pge,SUBSTATION,substation,False,,37.21421287,-121.89522254,Santa Clara County,San Jose,Operational,PGE GBA,307535.0
Metcalf 2,PG&E,pge,SUBSTATION,substation,False,,37.22627761,-121.74626365,Santa Clara County,"San Jose, CA",Operational,PGE GBA,309386.0
Unknown - 3613,PG&E NGBA,pge,SUBSTATION,substation,False,,38.26494227,-121.95406182,Solano County,Fairfield,Operational,PGE NGBA,303342.0
Santa Maria Cogen,PG&E,pge,SUBSTATION,substation,False,,34.94478501,-120.45776155,Santa Barbara County,Santa Maria,Operational,PGE Kern,308379.0
Highway Junction 1,PG&E NGBA,pge,SUBSTATION,substation,False,,38.16674301,-122.25363876,Napa County,American Canyon,Operational,PGE NGBA,304460.0
Unknown - 3666,PG&E FRESNO,pge,SUBSTATION,substation,False,,36.13016054,-120.13809325,Fresno County,,Operational,PGE Fresno,304567.0
Sycamore Cogen,PG&E KERN,pge,SUBSTATION,substation,False,,35.45406705,-119.00275481,Kern County,,Operational,PGE Kern,304718.0
New Moccasin Cr,Other (PGE - Assumed),pge_assumed,SUBSTATION,substation,False,,37.80948736,-120.29879817,Tuolumne County,,Operational,PGE GBA,302314.0
Sierra Pacific,Other (PGE - Assumed),pge_assumed,SUBSTATION ASSUMED,substation,False,,39.94074929,-120.90912671,Plumas County,East Quincy,Operational,PGE NGBA,
Dixon Canning,Other (PGE - Assumed),pge_assumed,SUBSTATION,substation,False,,38.47690843,-121.7975734,Solano County,,Operational,PGE NGBA,308278.0
Agrilink Foods,Other (PGE - Assumed),pge_assumed,SUBSTATION,substation,False,,36.90276571,-121.76385699,Santa Cruz County,Watsonville,Operational,PGE GBA,310409.0
Westland #1 RA PP,Other (PGE - Assumed),pge_assumed,SUBSTATION,substation,False,,36.7356525,-120.64020311,Fresno County,,Operational,PGE Fresno,300298.0
SFPP LP,Other (PGE - Assumed),pge_assumed,SUBSTATION,substation,False,,38.00443094,-122.05520284,Contra Costa County,"Concord--Walnut Creek, CA",Operational,PGE GBA,309227.0
PG2,Other (PGE - Assumed),pge_assumed,SUBSTATION,substation,False,,38.77889373,-121.30896859,Placer County,Roseville,Operational,PGE NGBA,308250.0
PG1,Other (PGE - Assumed),pge_assumed,SUBSTATION,substation,False,,38.77581332,-121.30860712,Placer County,Roseville,Operational,PGE NGBA,301940.0
Pecho Valley,Other (PGE - Assumed),pge_assumed,SUBSTATION,substation,False,,35.21590407,-120.85123241,San Luis Obispo County,,Operational,PGE Kern,309197.0
Optical Coating Laboratory,Other (PGE - Assumed),pge_assumed,SUBSTATION,substation,False,,38.41864975,-122.74753377,Sonoma County,Santa Rosa,Operational,PGE NGBA,304643.0
Industrial - Roseville,Other (PGE - Assumed),pge_assumed,SUBSTATION,substation,False,,38.78153022,-121.30776589,Placer County,Roseville,Operational,PGE NGBA,302206.0
Unknown - 2611,Other (PGE - Assumed),pge_assumed,SUBSTATION ASSUMED,substation,False,,38.17728413,-120.38080105,Calaveras County,Forest Meadows,Operational,PGE GBA,
Contadina,Other (PGE - Assumed),pge_assumed,SUBSTATION,substation,False,,36.25515545,-119.6490251,Kings County,,Operational,PGE Fresno,305728.0
Las Perillas Pumps,PG&E,pge,SUBSTATION,substation,False,,35.84303809,-119.90836902,Kings County,,Operational,PGE Kern,303799.0
Badger Hill Pumps,PG&E,pge,SUBSTATION,substation,False,,35.8349828,-119.94260275,Kings County,,Operational,PGE Kern,308184.0
Mobil Exploration,Other (PGE - Assumed),pge_assumed,SUBSTATION,substation,False,,35.64491161,-119.75220876,Kern County,,Operational,PGE Kern,306684.0
King Ellis,PG&E,pge,SUBSTATION,substation,False,,35.47017653,-119.75101835,Kern County,,Operational,PGE Kern,303390.0
Unknown - 3866,PG&E KERN,pge,SUBSTATION,substation,False,,35.29538126,-118.85869543,Kern County,,Operational,PGE Kern,305642.0
Unknown - 3867,PG&E GBA,pge,SUBSTATION,substation,False,,38.12776728,-121.83233717,Solano County,,Operational,PGE GBA,305675.0
Unknown - 3870,PG&E FRESNO,pge,SUBSTATION,substation,False,,36.32377544,-119.64888155,Kings County,Hanford,Operational,PGE Fresno,305760.0
Unknown - 3873,PG&E FRESNO,pge,SUBSTATION,substation,False,,36.84803145,-120.64680468,Fresno County,,Operational,PGE Fresno,305821.0
Unknown - 3888,PG&E NGBA,pge,SUBSTATION,substation,False,,40.19027597,-120.13830592,Lassen County,,Operational,Northeast CA,306122.0
Unknown - 3894,PG&E KERN,pge,SUBSTATION,substation,False,,35.41283123,-119.63294189,Kern County,,Operational,PGE Kern,306310.0
Station G,PG&E GBA,pge,SUBSTATION,substation,False,,37.78158112,-122.44060709,San Francisco County,San Francisco,Operational,PGE GBA,306349.0
Unknown - 3916,PG&E NGBA,pge,SUBSTATION,substation,False,,40.40448314,-120.51316129,Lassen County,Susanville,Operational,Northeast CA,306722.0
Unknown - 3935,PG&E NGBA,pge,SUBSTATION,substation,False,,40.97258978,-121.2517561,Lassen County,,Operational,PGE NGBA,307123.0
Schuller,Other (PGE - Assumed),pge_assumed,SUBSTATION ASSUMED,substation,False,,39.53669697,-122.26095589,Glenn County,,Operational,PGE NGBA,
Unknown - 3952,PG&E KERN,pge,SUBSTATION,substation,False,,35.48443108,-119.72828044,Kern County,,Operational,PGE Kern,307398.0
Wolfskill,PG&E NGBA,pge,SUBSTATION,substation,False,,38.22806899,-122.07515378,Solano County,Fairfield,Operational,PGE NGBA,307435.0
Sacramento Mail (Postal Service),Other (PGE - Assumed),pge_assumed,SUBSTATION,substation,False,,38.56752714,-121.56882804,Yolo County,West Sacramento,Operational,PGE NGBA,300081.0
Sierra Pine,Other (PGE - Assumed),pge_assumed,SUBSTATION,substation,False,,38.8009221,-121.21745056,Placer County,Rocklin,Operational,PGE NGBA,308633.0
Michigan Cal,Other (PGE - Assumed),pge_assumed,SUBSTATION ASSUMED,substation,False,,38.74019238,-120.67751202,El Dorado County,Camino,Operational,PGE NGBA,306364.0
Santa Rosa B,PG&E,pge,SUBSTATION ASSUMED,substation,False,,38.4402566,-122.70899346,Sonoma County,Santa Rosa,Operational,PGE NGBA,
Crockett,PG&E,pge,SUBSTATION,substation,False,,38.04858414,-122.22168609,Contra Costa County,,Operational,PGE GBA,308554.0
Liquid Carbonic Inc.,Other (PGE - Assumed),pge_assumed,SUBSTATION,substation,False,,38.40796316,-121.95358543,Solano County,Vacaville,Operational,PGE NGBA,303178.0
Rio Vista - (PG&E),PG&E,pge,SUBSTATION,substation,False,,38.16004469,-121.69648695,Solano County,Rio Vista,Operational,PGE NGBA,304327.0
STATELINE,PG&E NGBA,pge,SUBSTATION,substation,False,,38.95239855,-119.94186836,El Dorado County,South Lake Tahoe,Operational,PGE NGBA,307747.0
Trans Bay Cable,PG&E,pge,SUBSTATION ASSUMED,substation,False,,38.01861191,-121.85085859,Contra Costa County,Pittsburg,Operational,PGE GBA,
Sausalito Meter,PG&E,pge,SUBSTATION,substation,False,,37.8398372,-122.47857094,Marin County,"San Francisco--Oakland, CA",Operational,PGE GBA,306024.0
Oakland P,PG&E,pge,SUBSTATION,substation,False,,37.82101499,-122.32871483,Alameda County,Oakland,Operational,PGE GBA,303482.0
Cuthbertson,Other (PGE - Assumed),pge_assumed,SUBSTATION,substation,False,,37.80904831,-122.31269349,Alameda County,Oakland,Operational,PGE GBA,306644.0
Schnitzer Steel,Other (PGE - Assumed),pge_assumed,SUBSTATION,substation,False,,37.79852709,-122.2884375,Alameda County,Oakland,Operational,PGE GBA,303579.0
Shaw Road,Other (PGE - Assumed),pge_assumed,SUBSTATION,substation,False,,37.63513358,-122.40648204,San Mateo County,San Bruno,Operational,PGE GBA,309141.0
Ma,Other (PGE - Assumed),pge_assumed,SUBSTATION,substation,False,,37.6080995,-122.39102688,San Mateo County,Millbrae,Operational,PGE GBA,306979.0
Oracle,Other (PGE - Assumed),pge_assumed,SUBSTATION,substation,False,,37.53062353,-122.26671737,San Mateo County,Redwood City,Operational,PGE GBA,303381.0
Rmc Lonestar,Other (PGE - Assumed),pge_assumed,SUBSTATION,substation,False,,37.51313223,-122.20624007,San Mateo County,Redwood City,Operational,PGE GBA,304019.0
Westside,PG&E,pge,SUBSTATION,substation,False,,37.77682879,-121.51761385,San Joaquin County,,Operational,PGE GBA,302024.0
Unknown - 2847,PG&E,pge,SUBSTATION,substation,False,,37.75214451,-121.80434584,Alameda County,,Operational,PGE GBA,300535.0
Western Digital,Other (PGE - Assumed),pge_assumed,SUBSTATION,substation,False,,37.51244232,-121.94443709,Alameda County,Fremont,Operational,PGE GBA,300672.0
Unknown - 2850,Other (PGE - Assumed),pge_assumed,SUBSTATION ASSUMED,substation,False,,37.64623661,-121.546437,San Joaquin County,,Operational,PGE GBA,
Jm Manufacturing,Other (PGE - Assumed),pge_assumed,SUBSTATION,substation,False,,37.90486591,-121.26071857,San Joaquin County,"Stockton, CA",Operational,PGE GBA,305548.0
Libbey Owens Ford,Other (PGE - Assumed),pge_assumed,SUBSTATION,substation,False,,37.80827314,-121.2880641,San Joaquin County,Lathrop,Operational,PGE GBA,300140.0
Sierra Pacific Industries,Other (PGE - Assumed),pge_assumed,SUBSTATION,substation,False,,37.96410395,-120.314691,Tuolumne County,,Operational,PGE GBA,310140.0
Kaiser Cement,Other (PGE - Assumed),pge_assumed,SUBSTATION ASSUMED,substation,False,,37.31518965,-122.09265795,Santa Clara County,,Operational,PGE GBA,
Forest,PG&E,pge,SUBSTATION,substation,False,,36.59011347,-121.9442677,Monterey County,Del Monte Forest,Operational,PGE GBA,304313.0
Fresno Waste Water,Other (PGE - Assumed),pge_assumed,SUBSTATION ASSUMED,substation,False,,36.70367152,-119.88105787,Fresno County,Fresno,Operational,PGE Fresno,
Danish Creamery,Other (PGE - Assumed),pge_assumed,SUBSTATION,substation,False,,36.72635573,-119.79269892,Fresno County,Fresno,Operational,PGE Fresno,307318.0
Leprino Foods,Other (PGE - Assumed),pge_assumed,SUBSTATION,substation,False,,36.30035894,-119.81227399,Kings County,Lemoore,Operational,PGE Fresno,304635.0
Cal Resources Llc,Other (PGE - Assumed),pge_assumed,SUBSTATION,substation,False,,35.42075014,-118.96373997,Kern County,,Operational,PGE Kern,306143.0
Ralston - (Other),Other (PGE - Assumed),pge_assumed,SUBSTATION,substation,False,,39.00089516,-120.72483088,Placer County,,Operational,PGE NGBA,307154.0
West Plan,Other (PGE - Assumed),pge_assumed,SUBSTATION,substation,False,,38.79226566,-121.36231386,Placer County,Roseville,Operational,PGE NGBA,307805.0
Urich - (Other),Other (PGE - Assumed),pge_assumed,SUBSTATION ASSUMED,substation,False,,38.03273149,-122.07431452,Contra Costa County,"Concord--Walnut Creek, CA",Operational,PGE GBA,
Simpson Paper (Humbolt),Other (PGE - Assumed),pge_assumed,SUBSTATION ASSUMED,substation,False,,40.78677144,-124.19913148,Humboldt County,Fairhaven,Operational,PGE NGBA,
Bethany Byron,Other (PGE - Assumed),pge_assumed,SUBSTATION,substation,False,,37.80813016,-121.59483713,Contra Costa County,,Operational,PGE GBA,307117.0
East Contra Costa Irrigation Dist.,Other (PGE - Assumed),pge_assumed,SUBSTATION,substation,False,,37.91780289,-121.62640101,Contra Costa County,,Operational,PGE GBA,307416.0
Applied Materials,Other (PGE - Assumed),pge_assumed,SUBSTATION,substation,False,,37.37716624,-122.00634479,Santa Clara County,Sunnyvale,Operational,PGE GBA,302135.0
Bay Point,PG&E,pge,SUBSTATION,substation,False,,38.04165954,-122.02932065,Contra Costa County,,Operational,PGE GBA,306546.0
Chevron Kettleman,PG&E,pge,SUBSTATION,substation,False,,35.99695178,-119.96138445,Kings County,,Operational,PGE Kern,306041.0
Coleman Hatchery,PG&E,pge,SUBSTATION,substation,False,,40.40094895,-122.1410457,Shasta County,,Operational,PGE NGBA,303314.0
H J Heinz Co.,Other (PGE - Assumed),pge_assumed,SUBSTATION ASSUMED,substation,False,,37.74023306,-121.41555875,San Joaquin County,Tracy,Operational,PGE GBA,
Louisiana Pacific Corp.,Other (PGE - Assumed),pge_assumed,SUBSTATION ASSUMED,substation,False,,39.4733633,-121.56087342,Butte County,Oroville,Operational,PGE NGBA,
Video Products Distribution,Other (PGE - Assumed),pge_assumed,SUBSTATION,substation,False,,38.64677486,-121.0705458,El Dorado County,El Dorado Hills,Operational,PGE NGBA,300504.0
Woodchuck,PG&E,pge,SUBSTATION,substation,False,,37.00856263,-118.98156545,Fresno County,,Operational,PGE Fresno,301832.0
South Bay 2,PG&E,pge,SUBSTATION,substation,False,,37.77696997,-121.62531077,Alameda County,,Operational,PGE GBA,307226.0
Claus - (Other) North,Other (PGE - Assumed),pge_assumed,SUBSTATION,substation,False,,37.71308875,-120.92103302,Stanislaus County,Riverbank,Operational,PGE GBA,309354.0
Km Green,Other (PGE - Assumed),pge_assumed,SUBSTATION ASSUMED,substation,False,,38.52592488,-120.2291393,Amador County,,Operational,PGE GBA,
Km Blue,Other (PGE - Assumed),pge_assumed,SUBSTATION,substation,False,,38.68746054,-120.06584835,Alpine County,Kirkwood,Operational,PGE NGBA,304062.0
Aurora,PG&E,pge,SUBSTATION,substation,False,,37.96115996,-121.28150137,San Joaquin County,Stockton,Operational,PGE GBA,306498.0
Moscone - Other,Other (PGE - Assumed),pge_assumed,SUBSTATION,substation,False,,37.78310455,-122.40020974,San Francisco County,San Francisco,Operational,PGE GBA,310077.0
Bank Of America,Other (PGE - Assumed),pge_assumed,SUBSTATION,substation,False,,37.7921206,-122.40361192,San Francisco County,San Francisco,Operational,PGE GBA,309079.0
Bart,Other (PGE - Assumed),pge_assumed,SUBSTATION ASSUMED,substation,False,,37.74619818,-122.42031377,San Francisco County,San Francisco,Operational,PGE GBA,
Hobart,Other (PGE - Assumed),pge_assumed,SUBSTATION,substation,False,,39.40007412,-120.1499261,Nevada County,,Operational,PGE NGBA,301229.0
Stillwater - (Other),Other (PGE - Assumed),pge_assumed,SUBSTATION ASSUMED,substation,False,,40.50976716,-122.30190778,Shasta County,Redding,Operational,PGE NGBA,
Tierra Oaks,Other (PGE - Assumed),pge_assumed,SUBSTATION ASSUMED,substation,False,,40.67994872,-122.3198214,Shasta County,,Operational,PGE NGBA,
Davis - in Oakland,Other (PGE - Assumed),pge_assumed,SUBSTATION ASSUMED,substation,False,,37.80983245,-122.31272827,Alameda County,Oakland,Operational,PGE GBA,
Collins Pine Co.,Other (PGE - Assumed),pge_assumed,SUBSTATION,substation,False,,40.29968203,-121.24488102,Plumas County,Chester,Operational,PGE NGBA,308272.0
Donner Lake,Other (PGE - Assumed),pge_assumed,SUBSTATION,substation,False,,39.32735344,-120.28187736,Nevada County,Truckee,Operational,PGE NGBA,303924.0
Sanger Power And Feed,Other (PGE - Assumed),pge_assumed,SUBSTATION,substation,False,,36.68447643,-119.55359949,Fresno County,Sanger,Operational,PGE Fresno,307403.0
Unknown - 4466,PG&E KERN,pge,SUBSTATION ASSUMED,substation,False,,35.2370528,-119.59617849,Kern County,,Operational,PGE Kern,
Unknown - 4146,PG&E GBA,pge,SUBSTATION,substation,False,,37.71033276,-120.96882339,Stanislaus County,,Operational,PGE GBA,308654.0
Unknown - 4166,PG&E GBA,pge,SUBSTATION,substation,False,,37.94926596,-121.27270894,San Joaquin County,Stockton,Operational,PGE GBA,308925.0
Unknown - 4173,PG&E FRESNO,pge,SUBSTATION,substation,False,,36.72109749,-120.42205052,Fresno County,"Mendota, CA",Operational,PGE Fresno,309034.0
Lime Saddle - (PG&E NGBA),PG&E NGBA,pge,SUBSTATION,substation,False,,39.70215459,-121.57383384,Butte County,,Operational,PGE NGBA,309219.0
Unknown - 4208,PG&E FRESNO,pge,SUBSTATION,substation,False,,36.24047371,-119.90441564,Kings County,,Operational,PGE Fresno,309694.0
Unknown - 4215,PG&E NGBA,pge,SUBSTATION,substation,False,,38.90278219,-121.30355733,Placer County,Lincoln,Operational,PGE NGBA,309807.0
Unknown - 4220,PG&E GBA,pge,SUBSTATION,substation,False,,37.65187432,-120.67478464,Stanislaus County,,Operational,PGE GBA,309915.0
Unknown - 4221,PG&E KERN,pge,SUBSTATION,substation,False,,35.11516924,-119.47495274,Kern County,,Operational,PGE Kern,309952.0
Unknown - 4240,PG&E KERN,pge,SUBSTATION,substation,False,,35.32640686,-118.82431958,Kern County,,Operational,PGE Kern,310418.0
Cheney,PG&E,pge,SUBSTATION,substation,False,,36.63275474,-120.53198075,Fresno County,,Operational,PGE Fresno,304203.0
Midway Green Ridge Services,PG&E,pge,SUBSTATION ASSUMED,substation,False,,37.7265258,-121.58724627,Alameda County,,Operational,PGE GBA,
Leprino - (PG&E),PG&E,pge,SUBSTATION ASSUMED,substation,False,,36.23976956,-119.83331692,Kings County,,Operational,PGE Fresno,
S.L.A.C. Tap,PG&E GBA,pge,TAP,line_structure,False,230.0,37.38792932,-122.28873276,San Mateo County,,Operational,PGE GBA,302534.0
Rossmoor Tap 2,PG&E GBA,pge,TAP,line_structure,False,230.0,37.85587902,-122.07602902,Contra Costa County,Walnut Creek,Operational,PGE GBA,302585.0
Pit 7 Tap,PG&E NGBA,pge,TAP,line_structure,False,230.0,40.82485709,-121.93346175,Shasta County,,Operational,PGE NGBA,302629.0
Geysers Tap 6,PG&E NGBA,pge,TAP,line_structure,False,230.0,38.77864867,-122.76564825,Sonoma County,,Operational,PGE NGBA,305112.0
Castro Valley Tap,PG&E GBA,pge,TAP,line_structure,False,230.0,37.69329674,-122.04273236,Alameda County,Castro Valley,Operational,PGE GBA,305127.0
Geysers Tap  9,PG&E NGBA,pge,TAP,line_structure,False,230.0,38.7778353,-122.75239005,Sonoma County,,Operational,PGE NGBA,305143.0
Geysers Tap 3,PG&E NGBA,pge,TAP,line_structure,False,230.0,38.75616262,-122.72430906,Sonoma County,,Operational,PGE NGBA,305190.0
Rossmoor Tap 1,PG&E GBA,pge,TAP,line_structure,False,230.0,37.85578567,-122.07602184,Contra Costa County,Walnut Creek,Operational,PGE GBA,305379.0
Unknown - 4029,PG&E FRESNO,pge,TAP,line_structure,False,230.0,36.70557197,-119.89709529,Fresno County,Fresno,Operational,PGE Fresno,307972.0
Electra Tap 2,PG&E GBA,pge,TAP,line_structure,False,230.0,38.33164312,-120.66880853,Amador County,,Operational,PGE GBA,308056.0
Electra Tap 1,PG&E GBA,pge,TAP,line_structure,False,230.0,38.33150957,-120.66909406,Amador County,,Operational,PGE GBA,308085.0
Geysers Tap 2,PG&E NGBA,pge,TAP,line_structure,False,230.0,38.76715287,-122.76151977,Sonoma County,,Operational,PGE NGBA,308149.0
Unknown - 4232,PG&E NGBA,pge,DEAD END,line_structure,False,230.0,38.199169,-122.15841477,Solano County,Fairfield,Operational,PGE NGBA,310155.0
James Black Tap,PG&E NGBA,pge,TAP,line_structure,False,230.0,40.92428321,-121.92984487,Shasta County,,Operational,PGE NGBA,310576.0
Geysers Tap 7,PG&E NGBA,pge,TAP,line_structure,False,230.0,38.78161795,-122.76716913,Sonoma County,,Operational,PGE NGBA,310622.0
Geysers Tap  8,PG&E NGBA,pge,TAP,line_structure,False,230.0,38.78678845,-122.76744469,Sonoma County,,Operational,PGE NGBA,310807.0
Pit 5 Tap,PG&E NGBA,pge,TAP,line_structure,False,230.0,40.92437085,-121.93050414,Shasta County,,Operational,PGE NGBA,310853.0
Geysers 12/13,PG&E,pge,TAP,line_structure,False,230.0,38.77326001,-122.72929708,Lake County,,Operational,PGE NGBA,302502.0
Padre Flats SW STA,PG&E,pge,NOT AVAILABLE,unknown,False,230.0,37.01325625,-120.96448722,Merced,Los Banos,Operational,PGE Fresno,306054.0
Unknown - 3268,PG&E NGBA,pge,TAP,line_structure,False,115.0,41.70606704,-122.5389113,Siskiyou County,,Operational,PGE NGBA,203323.0
Unknown - 3269,PG&E NGBA,pge,TAP,line_structure,False,115.0,41.86767442,-122.46418394,Siskiyou County,,Operational,PGE NGBA,203324.0
Unknown - 3271,PG&E NGBA,pge,TAP,line_structure,False,115.0,41.60366606,-122.52256229,Siskiyou County,,Operational,PGE NGBA,203329.0
Unknown - 3277,PG&E NGBA,pge,TAP,line_structure,False,115.0,41.73347229,-120.37503269,Modoc County,,Operational,Northeast CA,203364.0
Unknown - 3283,PG&E NGBA,pge,TAP,line_structure,False,115.0,41.4317412,-122.38901275,Siskiyou County,Weed,Operational,PGE NGBA,205369.0
Unknown - 3307,PG&E KERN,pge,NOT AVAILABLE,unknown,False,115.0,35.63041622,-119.45539417,Kern County,,Operational,PGE Kern,300238.0
Unknown - 3348,PG&E FRESNO,pge,NOT AVAILABLE,unknown,False,115.0,37.31826096,-120.51581713,Merced County,"Merced, CA",Operational,PGE Fresno,300929.0
Unknown - 3361,PG&E KERN,pge,DEAD END,line_structure,False,115.0,35.44141305,-119.13407154,Kern County,Bakersfield,Operational,PGE Kern,301337.0
Unknown - 3367,PG&E KERN,pge,NOT AVAILABLE,unknown,False,115.0,35.54424012,-119.11485817,Kern County,,Operational,PGE Kern,301500.0
Unknown - 3377,PG&E KERN,pge,NOT AVAILABLE,unknown,False,115.0,35.55624343,-119.12337777,Kern County,,Operational,PGE Kern,301697.0
Unknown - 3397,PG&E NGBA,pge,NOT AVAILABLE,unknown,False,115.0,39.32095686,-121.56756972,Butte County,,Operational,PGE NGBA,302130.0
Unknown - 3399,PG&E GBA,pge,NOT AVAILABLE,unknown,False,115.0,37.97458295,-120.31574751,Tuolumne County,East Sonora,Operational,PGE GBA,302149.0
Lammers Tap,PG&E GBA,pge,TAP,line_structure,False,115.0,37.71237745,-121.47809148,San Joaquin County,,Operational,PGE GBA,302428.0
Unknown - 3420,PG&E GBA,pge,TAP,line_structure,False,115.0,38.01267491,-121.85433936,Contra Costa County,Pittsburg,Operational,PGE GBA,302436.0
Edenvale Tap,PG&E GBA,pge,TAP,line_structure,False,115.0,37.22118376,-121.79407548,Santa Clara County,,Operational,PGE GBA,302450.0
Unknown - 3429,PG&E KERN,pge,TAP,line_structure,False,115.0,35.42655626,-119.0131121,Kern County,Oildale,Operational,PGE Kern,302452.0
Vacaville Tap,PG&E NGBA,pge,TAP,line_structure,False,115.0,38.40284494,-121.96063489,Solano County,Vacaville,Operational,PGE NGBA,302474.0
Shredder Tap,PG&E GBA,pge,TAP,line_structure,False,115.0,37.51120499,-122.20691568,San Mateo County,Redwood City,Operational,PGE GBA,302486.0
Unknown - 3457,PG&E KERN,pge,TAP,line_structure,False,115.0,34.70062328,-120.43643017,Santa Barbara County,,Operational,PGE Kern,302526.0
Unknown - 3459,PG&E KERN,pge,TAP,line_structure,False,115.0,35.06680958,-120.48080509,San Luis Obispo County,,Operational,PGE Kern,302528.0
Unknown - 3467,PG&E FRESNO,pge,TAP,line_structure,False,115.0,35.96336007,-119.45597822,Tulare County,,Operational,PGE Fresno,302548.0
Unknown - 3468,PG&E GBA,pge,TAP,line_structure,False,115.0,37.98253186,-122.35804388,Contra Costa County,Richmond,Operational,PGE GBA,302549.0
Stony Point Tap,PG&E NGBA,pge,TAP,line_structure,False,115.0,38.40179441,-122.71330055,Sonoma County,"Santa Rosa, CA",Operational,PGE NGBA,302550.0
Mabury Tap,PG&E GBA,pge,TAP,line_structure,False,115.0,37.39276207,-121.87779524,Santa Clara County,San Jose,Operational,PGE GBA,302555.0
North Tower Tap,PGE,pge,TAP,line_structure,False,115.0,38.02858073,-122.20271593,Contra Costa County,,Operational,PGE GBA,302658.0
Woodland Biomass Tap,PG&E NGBA,pge,TAP,line_structure,False,115.0,38.68088378,-121.73758662,Yolo County,Woodland,Operational,PGE NGBA,302681.0
Unknown - 3531,PG&E NGBA,pge,TAP,line_structure,False,115.0,39.14115971,-121.00676094,Nevada County,,Operational,PGE NGBA,302687.0
Unknown - 3538,PG&E GBA,pge,TAP,line_structure,False,115.0,37.8995599,-120.47678707,Tuolumne County,,Operational,PGE GBA,302702.0
Processing Site Tap,PG&E NGBA,pge,TAP,line_structure,False,115.0,38.91187119,-122.61885719,Lake County,Lower Lake,Operational,PGE NGBA,302705.0
Unknown - 3633,PG&E GBA,pge,NOT AVAILABLE,unknown,False,115.0,37.69078808,-121.56297694,Alameda County,,Operational,PGE GBA,303804.0
IBM Cottle Tap,PG&E GBA,pge,TAP,line_structure,False,115.0,37.24499604,-121.79641705,Santa Clara County,San Jose,Operational,PGE GBA,305119.0
Unknown - 3698,PG&E FRESNO,pge,TAP,line_structure,False,115.0,36.74878731,-119.70033231,Fresno County,Fresno,Operational,PGE Fresno,305120.0
Atwater Tap,PG&E FRESNO,pge,TAP,line_structure,False,115.0,37.33122307,-120.63260747,Merced County,,Operational,PGE Fresno,305129.0
Deepwater Tap - (PG&E NGBA),PG&E NGBA,pge,TAP,line_structure,False,115.0,38.58195266,-121.56483163,Yolo County,West Sacramento,Operational,PGE NGBA,305146.0
Unknown - 3715,PG&E KERN,pge,TAP,line_structure,False,115.0,35.4412191,-119.64276956,Kern County,,Operational,PGE Kern,305149.0
Unknown - 3716,PG&E GBA,pge,TAP,line_structure,False,115.0,36.99858942,-121.53730785,Santa Clara County,Gilroy,Operational,PGE GBA,305151.0
Imhoff Tap 2,PG&E GBA,pge,TAP,line_structure,False,115.0,38.01777447,-122.06728851,Contra Costa County,"Concord--Walnut Creek, CA",Operational,PGE GBA,305159.0
Kasson Tap 1,PG&E GBA,pge,TAP,line_structure,False,115.0,37.75276531,-121.35163655,San Joaquin County,,Operational,PGE GBA,305171.0
Unknown - 3731,PG&E FRESNO,pge,TAP,line_structure,False,115.0,37.18554097,-120.43409516,Merced County,,Operational,PGE Fresno,305177.0
Unknown - 3732,PG&E GBA,pge,TAP,line_structure,False,115.0,37.43177368,-121.96289223,Santa Clara County,San Jose,Operational,PGE GBA,305179.0
United Cogen Tap,PG&E GBA,pge,TAP,line_structure,False,115.0,37.63829046,-122.40630484,San Mateo County,South San Francisco,Operational,PGE GBA,305202.0
Unknown - 3744,PG&E GBA,pge,TAP,line_structure,False,115.0,37.43747708,-121.95495205,Santa Clara County,San Jose,Operational,PGE GBA,305211.0
Unknown - 3749,PG&E NGBA,pge,TAP,line_structure,False,115.0,39.48671664,-121.68852759,Butte County,,Operational,PGE NGBA,305218.0
Lockheed 1 Tap,PG&E GBA,pge,TAP,line_structure,False,115.0,37.41725438,-122.00515997,Santa Clara County,Sunnyvale,Operational,PGE GBA,305236.0
Bollman Tap 2,PG&E GBA,pge,TAP,line_structure,False,115.0,38.03068851,-122.03374123,Contra Costa County,,Operational,PGE GBA,305241.0
Unknown - 3764,PG&E FRESNO,pge,TAP,line_structure,False,115.0,37.06838313,-121.21564602,Santa Clara County,,Operational,PGE Fresno,305249.0
Unknown - 3784,PG&E KERN,pge,TAP,line_structure,False,115.0,35.42376608,-119.68699346,Kern County,,Operational,PGE Kern,305316.0
Unknown - 3786,PG&E FRESNO,pge,TAP,line_structure,False,115.0,36.53871795,-119.58090961,Fresno County,Kingsburg,Operational,PGE Fresno,305325.0
Domtar #2 Tap,PG&E GBA,pge,TAP,line_structure,False,115.0,37.71000302,-122.17873574,Alameda County,San Leandro,Operational,PGE GBA,305336.0
Unknown - 3796,PG&E NGBA,pge,TAP,line_structure,False,115.0,38.46384094,-121.65668082,Yolo County,,Operational,PGE NGBA,305355.0
Stockton A Tap,PG&E GBA,pge,TAP,line_structure,False,115.0,37.90888304,-121.30932234,San Joaquin County,Stockton,Operational,PGE GBA,305369.0
Unknown - 3805,PG&E NGBA,pge,TAP,line_structure,False,115.0,39.49187213,-121.53974382,Butte County,South Oroville,Operational,PGE NGBA,305374.0
Unknown - 3811,PG&E FRESNO,pge,TAP,line_structure,False,115.0,37.10593296,-120.2334052,Madera County,Chowchilla,Operational,PGE Fresno,305388.0
Unknown - 3841,PG&E NGBA,pge,TAP,line_structure,False,115.0,38.69090288,-121.14677787,Sacramento County,Folsom,Operational,PGE NGBA,305465.0
Unknown - 3878,PG&E KERN,pge,NOT AVAILABLE,unknown,False,115.0,35.42370709,-119.72600645,Kern County,,Operational,PGE Kern,305891.0
Unknown - 3962,PG&E KERN,pge,NOT AVAILABLE,unknown,False,115.0,35.49928876,-119.02885372,Kern County,,Operational,PGE Kern,307580.0
Unknown - 3972,PG&E GBA,pge,RISER,line_structure,False,115.0,37.42344805,-121.95401089,Santa Clara County,San Jose,Operational,PGE GBA,307770.0
Kirker Tap 2,PG&E GBA,pge,TAP,line_structure,False,115.0,38.02044767,-121.90644736,Contra Costa County,Pittsburg,Operational,PGE GBA,307856.0
Edes Tap 1,PG&E GBA,pge,TAP,line_structure,False,115.0,37.74149917,-122.19418156,Alameda County,Oakland,Operational,PGE GBA,307866.0
Aidlin Tap,PG&E NGBA,pge,TAP,line_structure,False,115.0,38.80998501,-122.88090459,Sonoma County,,Operational,PGE NGBA,307869.0
Unknown - 3990,PGE,pge,TAP,line_structure,False,115.0,37.99553696,-122.35035303,Contra Costa County,Richmond,Operational,PGE GBA,307870.0
Unknown - 3992,PG&E NGBA,pge,TAP,line_structure,False,115.0,40.58709583,-122.39504342,Shasta County,Redding,Operational,PGE NGBA,307873.0
Avena Tap 2,PG&E GBA,pge,TAP,line_structure,False,115.0,37.84281762,-121.05493416,San Joaquin County,,Operational,PGE GBA,307898.0
Moffet Field Tap,PG&E GBA,pge,TAP,line_structure,False,115.0,37.4195562,-122.03716404,Santa Clara County,"San Jose, CA",Operational,PGE GBA,310893.0
Unknown - 4410,PG&E GBA,pge,TAP,line_structure,False,115.0,38.01262563,-121.8540592,Contra Costa County,Pittsburg,Operational,PGE GBA,310895.0
Unknown - 4412,PG&E NGBA,pge,TAP,line_structure,False,115.0,40.59987383,-122.38069742,Shasta County,Redding,Operational,PGE NGBA,310901.0
Unknown - 4432,PG&E GBA,pge,TAP,line_structure,False,115.0,37.81699851,-121.56108362,Contra Costa County,,Operational,PGE GBA,310971.0
Unknown - 4438,PG&E GBA,pge,TAP,line_structure,False,115.0,37.99956376,-121.78784373,Contra Costa County,Antioch,Operational,PGE GBA,310981.0
Unknown - 4439,PG&E GBA,pge,TAP,line_structure,False,115.0,37.98734577,-121.87281752,Contra Costa County,,Operational,PGE GBA,310982.0
Unknown - 4014,PG&E FRESNO,pge,TAP,line_structure,False,115.0,37.47267895,-121.18775254,Stanislaus County,Patterson,Operational,PGE Fresno,307918.0
Valley Home Tap 1,PG&E GBA,pge,TAP,line_structure,False,115.0,37.8563904,-120.94476734,San Joaquin County,,Operational,PGE GBA,307923.0
Woodland Tap,PG&E NGBA,pge,TAP,line_structure,False,115.0,38.80407392,-121.75521576,Yolo County,,Operational,PGE NGBA,307981.0
Tulloch Tap,PG&E GBA,pge,TAP,line_structure,False,115.0,37.88019691,-120.60791905,Calaveras County,,Operational,PGE GBA,308006.0
Valley Home Tap 2,PG&E GBA,pge,TAP,line_structure,False,115.0,37.85630108,-120.94477589,San Joaquin County,,Operational,PGE GBA,308022.0
Jessup Tap 1,PG&E NGBA,pge,TAP,line_structure,False,115.0,40.45087444,-122.32899333,Shasta County,,Operational,PGE NGBA,308031.0
Unknown - 4079,PG&E NGBA,pge,TAP,line_structure,False,115.0,40.58688183,-122.39599942,Shasta County,Redding,Operational,PGE NGBA,308090.0
Carquinez Tap,PGE,pge,TAP,line_structure,False,115.0,38.08444302,-122.24549278,Solano County,Vallejo,Operational,PGE NGBA,308093.0
Unknown - 4090,PG&E KERN,pge,TAP,line_structure,False,115.0,35.44161131,-119.08266984,Kern County,"Bakersfield, CA",Operational,PGE Kern,308112.0
Unknown - 4096,PG&E NGBA,pge,TAP,line_structure,False,115.0,40.58693583,-122.39572642,Shasta County,Redding,Operational,PGE NGBA,308126.0
Unknown - 4111,PG&E FRESNO,pge,TAP,line_structure,False,115.0,37.12690667,-120.14716079,Madera County,,Operational,PGE Fresno,308167.0
Unknown - 4112,PG&E NGBA,pge,TAP,line_structure,False,115.0,39.4917545,-121.53994508,Butte County,South Oroville,Operational,PGE NGBA,308168.0
Unknown - 4115,PG&E GBA,pge,TAP,line_structure,False,115.0,37.76443318,-122.40733951,San Francisco County,San Francisco,Operational,PGE GBA,308172.0
Unknown - 4241,PG&E FRESNO,pge,NOT AVAILABLE,unknown,False,115.0,36.5392822,-119.58091568,Fresno County,Kingsburg,Operational,PGE Fresno,310430.0
Imhoff Tap 1,PG&E GBA,pge,TAP,line_structure,False,115.0,38.01788358,-122.06714033,Contra Costa County,"Concord--Walnut Creek, CA",Operational,PGE GBA,310541.0
Avena Tap 1,PG&E GBA,pge,TAP,line_structure,False,115.0,37.84303867,-121.05465402,San Joaquin County,,Operational,PGE GBA,310547.0
Unknown - 4262,PG&E FRESNO,pge,TAP,line_structure,False,115.0,36.82686366,-119.61000318,Fresno County,,Operational,PGE Fresno,310561.0
Dumbarton Tap,PG&E GBA,pge,TAP,line_structure,False,115.0,37.55046605,-122.07098786,Alameda County,Fremont,Operational,PGE GBA,310572.0
Bollman Tap 1,PG&E GBA,pge,TAP,line_structure,False,115.0,38.03092401,-122.03372481,Contra Costa County,,Operational,PGE GBA,310579.0
Unknown - 4271,PG&E NGBA,pge,TAP,line_structure,False,115.0,38.07718202,-122.22184578,Solano County,Vallejo,Operational,PGE NGBA,310582.0
Unknown - 4290,PG&E KERN,pge,TAP,line_structure,False,115.0,34.66784521,-120.4398674,Santa Barbara County,,Operational,PGE Kern,310617.0
Owens Illinois Tap,PG&E GBA,pge,TAP,line_structure,False,115.0,37.71227957,-121.48692323,San Joaquin County,,Operational,PGE GBA,310628.0
Unknown - 4311,PG&E NGBA,pge,TAP,line_structure,False,115.0,38.29555097,-121.80736882,Solano County,,Operational,PGE NGBA,310680.0
Spring Gap Tap,PG&E GBA,pge,TAP,line_structure,False,115.0,38.16837278,-120.1000746,Tuolumne County,,Operational,PGE GBA,310684.0
Unknown - 4322,PG&E NGBA,pge,TAP,line_structure,False,115.0,40.58619755,-122.39570184,Shasta County,Redding,Operational,PGE NGBA,310705.0
Unknown - 4324,PG&E GBA,pge,TAP,line_structure,False,115.0,38.01260145,-121.85402352,Contra Costa County,Pittsburg,Operational,PGE GBA,310710.0
Beardsley Tap,PG&E GBA,pge,TAP,line_structure,False,115.0,38.17951246,-120.06029323,Tuolumne County,,Operational,PGE GBA,310734.0
Unknown - 4339,PG&E KERN,pge,TAP,line_structure,False,115.0,34.70071236,-120.43625378,Santa Barbara County,,Operational,PGE Kern,310740.0
Unknown - 4343,PG&E KERN,pge,TAP,line_structure,False,115.0,35.31440813,-118.97761261,Kern County,Bakersfield,Operational,PGE Kern,310748.0
Evergreen Tap 2,PG&E GBA,pge,TAP,line_structure,False,115.0,37.31917526,-121.85738651,Santa Clara County,San Jose,Operational,PGE GBA,310749.0
Daly City Tap,PG&E GBA,pge,TAP,line_structure,False,115.0,37.68093266,-122.42973879,San Mateo County,"San Francisco--Oakland, CA",Operational,PGE GBA,310765.0
Unknown - 4350,PG&E GBA,pge,TAP,line_structure,False,115.0,38.01256462,-121.85451039,Contra Costa County,Pittsburg,Operational,PGE GBA,310767.0
Unknown - 4359,PG&E GBA,pge,TAP,line_structure,False,115.0,37.9208599,-120.48154907,Tuolumne County,,Operational,PGE GBA,310779.0
Melones Tap 1,PG&E GBA,pge,TAP,line_structure,False,115.0,37.98499411,-120.64489423,Calaveras County,Copperopolis,Operational,PGE GBA,310788.0
Rincon Tap,PG&E NGBA,pge,TAP,line_structure,False,115.0,38.49698859,-122.66763532,Sonoma County,,Operational,PGE NGBA,310815.0
Zamora Tap,PG&E NGBA,pge,TAP,line_structure,False,115.0,38.75000493,-121.85818675,Yolo County,,Operational,PGE NGBA,310837.0
Unknown - 4400,PG&E NGBA,pge,TAP,line_structure,False,115.0,38.43700829,-122.74265797,Sonoma County,Santa Rosa,Operational,PGE NGBA,310869.0
Kasson Tap 2,PG&E GBA,pge,TAP,line_structure,False,115.0,37.74538798,-121.33933395,San Joaquin County,,Operational,PGE GBA,310871.0
Unknown - 4405,PG&E NGBA,pge,TAP,line_structure,False,115.0,38.58378618,-121.56160712,Yolo County,West Sacramento,Operational,PGE NGBA,310883.0
Melones Tap 2,PG&E GBA,pge,TAP,line_structure,False,115.0,37.98517391,-120.64489833,Calaveras County,Copperopolis,Operational,PGE GBA,310892.0
Unknown - 4093,PG&E GBA,pge,TAP,line_structure,False,110.0,37.66736544,-120.92115795,Stanislaus County,Modesto,Operational,PGE GBA,308120.0
Unknown - 4172,PG&E GBA,pge,NOT AVAILABLE,unknown,False,110.0,37.66777779,-120.95869885,Stanislaus County,Modesto,Operational,PGE GBA,309014.0
Unknown - 4354,PG&E GBA,pge,TAP,line_structure,False,110.0,37.6670972,-120.92148954,Stanislaus County,Modesto,Operational,PGE GBA,310771.0
Unknown - 3414,PG&E KERN,pge,TAP,line_structure,False,70.0,35.10820632,-119.40336523,Kern County,Taft,Operational,PGE Kern,302418.0
Unknown - 3423,PG&E KERN,pge,TAP,line_structure,False,70.0,35.51732108,-119.75857843,Kern County,,Operational,PGE Kern,302444.0
Unknown - 3454,PG&E KERN,pge,TAP,line_structure,False,70.0,35.29569698,-119.0027418,Kern County,Bakersfield,Operational,PGE Kern,302516.0
Unknown - 3463,PG&E KERN,pge,TAP,line_structure,False,70.0,35.42839103,-118.8188676,Kern County,Bakersfield,Operational,PGE Kern,302539.0
Unknown - 3486,PG&E KERN,pge,TAP,line_structure,False,70.0,35.65827406,-120.0102374,Kern County,,Operational,PGE Kern,302591.0
Unknown - 3501,PG&E KERN,pge,TAP,line_structure,False,70.0,35.22391445,-119.57181458,Kern County,,Operational,PGE Kern,302633.0
Unknown - 3522,PG&E KERN,pge,TAP,line_structure,False,70.0,35.02674953,-118.95771722,Kern County,,Operational,PGE Kern,302667.0
Unknown - 3549,PG&E KERN,pge,TAP,line_structure,False,70.0,35.09500263,-119.05649465,Kern County,,Operational,PGE Kern,302723.0
Unknown - 3717,PG&E KERN,pge,TAP,line_structure,False,70.0,35.05997853,-119.06474305,Kern County,,Operational,PGE Kern,305152.0
Unknown - 3754,PG&E FRESNO,pge,TAP,line_structure,False,70.0,37.58546678,-120.00240867,Mariposa County,,Operational,PGE Fresno,305230.0
Unknown - 3818,PG&E KERN,pge,TAP,line_structure,False,70.0,35.0650668,-119.06482274,Kern County,,Operational,PGE Kern,305403.0
Unknown - 3828,PG&E KERN,pge,TAP,line_structure,False,70.0,35.10813075,-119.34541675,Kern County,,Operational,PGE Kern,305433.0
Unknown - 3835,PG&E KERN,pge,TAP,line_structure,False,70.0,35.09395673,-119.29650167,Kern County,,Operational,PGE Kern,305445.0
Unknown - 4041,PG&E KERN,pge,TAP,line_structure,False,70.0,35.10815697,-119.48165176,Kern County,,Operational,PGE Kern,308000.0
Unknown - 4100,PG&E KERN,pge,TAP,line_structure,False,70.0,35.06295377,-119.06483009,Kern County,,Operational,PGE Kern,308138.0
Unknown - 4274,PG&E KERN,pge,TAP,line_structure,False,70.0,35.0912301,-119.44568353,Kern County,,Operational,PGE Kern,310589.0
Unknown - 4278,PG&E KERN,pge,TAP,line_structure,False,70.0,35.08997446,-119.44239879,Kern County,,Operational,PGE Kern,310595.0
Unknown - 4302,PG&E FRESNO,pge,TAP,line_structure,False,70.0,36.88019991,-120.11031021,Madera County,,Operational,PGE Fresno,310648.0
Unknown - 4304,PG&E KERN,pge,TAP,line_structure,False,70.0,35.47055943,-119.12528822,Kern County,,Operational,PGE Kern,310655.0
Unknown - 4355,PG&E KERN,pge,TAP,line_structure,False,70.0,35.06025008,-119.06489459,Kern County,,Operational,PGE Kern,310773.0
Unknown - 4385,PG&E KERN,pge,TAP,line_structure,False,70.0,35.10895969,-119.10955113,Kern County,,Operational,PGE Kern,310836.0
Unknown - 4394,PG&E FRESNO,pge,TAP,line_structure,False,70.0,36.91653042,-120.11048179,Madera County,,Operational,PGE Fresno,310856.0
Unknown - 3258,PG&E NGBA,pge,TAP,line_structure,False,69.0,41.77287225,-124.20787842,Del Norte County,"Crescent City, CA",Operational,PGE NGBA,203297.0
Unknown - 3259,PG&E NGBA,pge,TAP,line_structure,False,69.0,41.76618402,-124.198456,Del Norte County,Crescent City,Operational,PGE NGBA,203299.0
Unknown - 3260,PG&E NGBA,pge,TAP,line_structure,False,69.0,41.75809342,-124.16315137,Del Norte County,Bertsch-Oceanview,Operational,PGE NGBA,203300.0
Unknown - 3262,PG&E NGBA,pge,TAP,line_structure,False,69.0,41.86933824,-124.1425196,Del Norte County,Fort Dick,Operational,PGE NGBA,203304.0
Unknown - 3263,PG&E NGBA,pge,TAP,line_structure,False,69.0,41.85587193,-123.3915126,Siskiyou County,Happy Camp,Operational,PGE NGBA,203308.0
Unknown - 3264,PG&E NGBA,pge,TAP,line_structure,False,69.0,41.84038272,-123.19221331,Siskiyou County,,Operational,PGE NGBA,203311.0
Unknown - 3265,PG&E NGBA,pge,TAP,line_structure,False,69.0,41.78036124,-123.0711587,Siskiyou County,,Operational,PGE NGBA,203312.0
Unknown - 3266,PG&E NGBA,pge,TAP,line_structure,False,69.0,41.67783047,-122.8470736,Siskiyou County,,Operational,PGE NGBA,203316.0
Unknown - 3267,PG&E NGBA,pge,TAP,line_structure,False,69.0,41.60713873,-122.85127087,Siskiyou County,,Operational,PGE NGBA,203320.0
Unknown - 3273,PG&E NGBA,pge,TAP,line_structure,False,69.0,41.61958945,-122.36438239,Siskiyou County,,Operational,PGE NGBA,203335.0
Unknown - 3275,PG&E NGBA,pge,TAP,line_structure,False,69.0,41.95365199,-121.5662839,Siskiyou County,,Operational,PGE NGBA,203353.0
Unknown - 3276,PG&E NGBA,pge,TAP,line_structure,False,69.0,41.95082095,-121.40628069,Modoc County,,Operational,PGE NGBA,203354.0
Unknown - 3278,PG&E NGBA,pge,TAP,line_structure,False,69.0,41.26265849,-122.27061363,Siskiyou County,Dunsmuir,Operational,PGE NGBA,205358.0
Unknown - 3279,PG&E NGBA,pge,TAP,line_structure,False,69.0,41.20191917,-122.28139466,Siskiyou County,,Operational,PGE NGBA,205360.0
Unknown - 3280,PG&E NGBA,pge,TAP,line_structure,False,69.0,41.29406588,-122.31261312,Siskiyou County,"Mount Shasta, CA",Operational,PGE NGBA,205363.0
Unknown - 3282,PG&E NGBA,pge,TAP,line_structure,False,69.0,41.4322623,-122.38363755,Siskiyou County,,Operational,PGE NGBA,205368.0
Unknown - 3427,PG&E NGBA,pge,TAP,line_structure,False,69.0,41.48841087,-120.58602528,Modoc County,,Operational,Northeast CA,302449.0
Unknown - 3515,PG&E FRESNO,pge,TAP,line_structure,False,69.0,37.52364893,-120.33047214,Merced County,,Operational,PGE Fresno,302656.0
Unknown - 3573,PG&E NGBA,pge,TAP,line_structure,False,69.0,41.12791366,-121.14341838,Lassen County,Bieber,Operational,PGE NGBA,302771.0
Unknown - 4058,PG&E NGBA,pge,TAP,line_structure,False,69.0,41.63307545,-121.22669624,Modoc County,,Operational,PGE NGBA,308037.0
Unknown - 4102,PG&E FRESNO,pge,TAP,line_structure,False,69.0,37.52164586,-120.78919914,Stanislaus County,Denair,Operational,PGE Fresno,308144.0
Unknown - 4337,PG&E NGBA,pge,TAP,line_structure,False,69.0,41.44892796,-120.88057587,Modoc County,Canby,Operational,Northeast CA,310737.0
Unknown - 4379,PG&E FRESNO,pge,TAP,line_structure,False,69.0,37.69207967,-120.44059019,Tuolumne County,,Operational,PGE Fresno,310824.0
Unknown - 3288,PG&E FRESNO,pge,RISER,line_structure,False,66.0,36.30839782,-119.61887867,Kings County,,Operational,PGE Fresno,300049.0
Unknown - 3324,PG&E KERN,pge,NOT AVAILABLE,unknown,False,66.0,35.64118899,-118.48291963,Kern County,Lake Isabella,Operational,PGE Kern,300443.0
Unknown - 3386,PG&E KERN,pge,NOT AVAILABLE,unknown,False,66.0,35.48358001,-118.52583619,Kern County,,Operational,PGE Kern,301814.0
Unknown - 3699,PG&E KERN,pge,TAP,line_structure,False,66.0,35.72129125,-118.69540816,Kern County,,Operational,PGE Kern,305122.0
Unknown - 3850,PG&E KERN,pge,TAP,line_structure,False,66.0,35.63454211,-118.47742818,Kern County,Lake Isabella,Operational,PGE Kern,305484.0
Unknown - 4038,PG&E FRESNO,pge,TAP,line_structure,False,66.0,36.12349477,-119.32855079,Tulare County,,Operational,PGE Fresno,307997.0
Unknown - 4067,PG&E KERN,pge,TAP,line_structure,False,66.0,35.19469887,-118.80622628,Kern County,,Operational,PGE Kern,308057.0
Chualar,PG&E,pge,TAP,line_structure,False,60.0,36.57244098,-121.52048864,Monterey County,,Operational,PGE GBA,310598.0
Plumas - (Other),Other (PGE - Assumed),pge_assumed,TAP,line_structure,False,60.0,39.93516666,-120.91448273,Plumas County,East Quincy,Operational,PGE NGBA,305280.0
Unknown - 3317,PG&E NGBA,pge,NOT AVAILABLE,unknown,False,60.0,38.67835289,-121.23023486,Sacramento County,Orangevale,Operational,PGE NGBA,300345.0
Unknown - 3335,PG&E KERN,pge,NOT AVAILABLE,unknown,False,60.0,35.30011269,-120.62092993,San Luis Obispo County,,Operational,PGE Kern,300643.0
Unknown - 3415,PG&E NGBA,pge,TAP,line_structure,False,60.0,38.27722762,-121.51543556,Sacramento County,,Operational,PGE NGBA,302423.0
Unknown - 3417,PG&E NGBA,pge,TAP,line_structure,False,60.0,38.41320176,-121.32019898,Sacramento County,,Operational,PGE NGBA,302426.0
Unknown - 3433,PG&E NGBA,pge,TAP,line_structure,False,60.0,39.76194788,-122.19702357,Glenn County,,Operational,PGE NGBA,302457.0
Unknown - 3434,PG&E NGBA,pge,TAP,line_structure,False,60.0,39.21731287,-122.02596656,Colusa County,"Colusa, CA",Operational,PGE NGBA,302461.0
Unknown - 3435,PG&E GBA,pge,TAP,line_structure,False,60.0,36.97380112,-121.9733103,Santa Cruz County,Live Oak,Operational,PGE GBA,302464.0
Unknown - 3441,PG&E GBA,pge,TAP,line_structure,False,60.0,37.63796322,-120.93006868,Stanislaus County,"Modesto, CA",Operational,PGE GBA,302483.0
Unknown - 3443,PG&E GBA,pge,TAP,line_structure,False,60.0,37.64021696,-121.00341202,Stanislaus County,Modesto,Operational,PGE GBA,302490.0
Unknown - 3445,PG&E GBA,pge,TAP,line_structure,False,60.0,37.67651787,-122.1350571,Alameda County,San Lorenzo,Operational,PGE GBA,302492.0
Unknown - 3450,PG&E GBA,pge,TAP,line_structure,False,60.0,37.95598323,-121.33313829,San Joaquin County,Stockton,Operational,PGE GBA,302505.0
Unknown - 3451,PG&E NGBA,pge,TAP,line_structure,False,60.0,38.5847539,-121.26549486,Sacramento County,Rancho Cordova,Operational,PGE NGBA,302507.0
Unknown - 3456,PG&E NGBA,pge,TAP,line_structure,False,60.0,38.65787522,-121.38379329,Sacramento County,North Highlands,Operational,PGE NGBA,302521.0
Unknown - 3460,PG&E NGBA,pge,TAP,line_structure,False,60.0,39.11943075,-122.13287422,Colusa County,,Operational,PGE NGBA,302532.0
Unknown - 3471,PG&E NGBA,pge,TAP,line_structure,False,60.0,38.47528148,-121.40861805,Sacramento County,Florin,Operational,PGE NGBA,302552.0
Unknown - 3474,PG&E NGBA,pge,TAP,line_structure,False,60.0,38.5769711,-121.32719846,Sacramento County,Rancho Cordova,Operational,PGE NGBA,302557.0
Unknown - 3475,PG&E GBA,pge,TAP,line_structure,False,60.0,38.18938566,-121.26098073,San Joaquin County,"Lodi, CA",Operational,PGE GBA,302559.0
Unknown - 3477,PG&E NGBA,pge,TAP,line_structure,False,60.0,38.85671792,-121.78682975,Yolo County,,Operational,PGE NGBA,302563.0
Unknown - 3480,PG&E GBA,pge,TAP,line_structure,False,60.0,36.88025373,-121.60958927,San Benito County,,Operational,PGE GBA,302573.0
Unknown - 3481,PG&E NGBA,pge,TAP,line_structure,False,60.0,38.86182836,-121.79358957,Yolo County,,Operational,PGE NGBA,302576.0
Unknown - 3482,PG&E GBA,pge,TAP,line_structure,False,60.0,37.80211399,-121.6049859,Alameda County,,Operational,PGE GBA,302581.0
Unknown - 3483,PG&E NGBA,pge,TAP,line_structure,False,60.0,38.65839304,-121.38429588,Sacramento County,McClellan Park,Operational,PGE NGBA,302582.0
Unknown - 3485,PG&E GBA,pge,TAP,line_structure,False,60.0,37.98383756,-121.28354912,San Joaquin County,Stockton,Operational,PGE GBA,302588.0
Unknown - 3488,PG&E NGBA,pge,TAP,line_structure,False,60.0,38.66019072,-121.44781511,Sacramento County,Sacramento,Operational,PGE NGBA,302597.0
Unknown - 3490,PG&E NGBA,pge,TAP,line_structure,False,60.0,38.65832991,-121.38439584,Sacramento County,McClellan Park,Operational,PGE NGBA,302601.0
Unknown - 3491,PG&E NGBA,pge,TAP,line_structure,False,60.0,38.38715896,-121.75859881,Solano County,,Operational,PGE NGBA,302602.0
Unknown - 3492,PG&E NGBA,pge,TAP,line_structure,False,60.0,38.55481268,-121.34423464,Sacramento County,Rosemont,Operational,PGE NGBA,302603.0
Unknown - 3493,PG&E NGBA,pge,TAP,line_structure,False,60.0,40.62937986,-124.18767638,Humboldt County,,Operational,PGE NGBA,302606.0
East Dublin Tap,PG&E GBA,pge,TAP,line_structure,False,60.0,37.7039232,-121.90154096,Alameda County,Dublin,Operational,PGE GBA,302634.0
Unknown - 3503,PG&E GBA,pge,TAP,line_structure,False,60.0,38.02114389,-121.29459383,San Joaquin County,Stockton,Operational,PGE GBA,302636.0
Unknown - 3504,PG&E NGBA,pge,TAP,line_structure,False,60.0,39.25017521,-121.66018233,Sutter County,,Operational,PGE NGBA,302637.0
Unknown - 3505,PG&E NGBA,pge,TAP,line_structure,False,60.0,40.7719479,-124.17158678,Humboldt County,"Eureka, CA",Operational,PGE NGBA,302638.0
Unknown - 3506,PG&E FRESNO,pge,TAP,line_structure,False,60.0,36.22616137,-119.83323121,Kings County,,Operational,PGE Fresno,302639.0
Unknown - 3508,PG&E NGBA,pge,TAP,line_structure,False,60.0,38.26060724,-122.6625143,Sonoma County,"Petaluma, CA",Operational,PGE NGBA,302643.0
Unknown - 3509,PG&E GBA,pge,TAP,line_structure,False,60.0,38.3738679,-120.95082994,Amador County,Ione,Operational,PGE GBA,302646.0
Unknown - 3510,PG&E FRESNO,pge,TAP,line_structure,False,60.0,36.52959821,-119.25085037,Tulare County,,Operational,PGE Fresno,302648.0
Unknown - 3511,PG&E GBA,pge,TAP,line_structure,False,60.0,38.39299187,-120.62912699,Amador County,Red Corral,Operational,PGE GBA,302649.0
Unknown - 3514,PG&E FRESNO,pge,TAP,line_structure,False,60.0,36.756554,-120.36409721,Fresno County,Mendota,Operational,PGE Fresno,302654.0
Unknown - 3518,PG&E NGBA,pge,TAP,line_structure,False,60.0,40.56372862,-122.23443097,Shasta County,Palo Cedro,Operational,PGE NGBA,302660.0
Sneath-Pacifica Tap,PG&E GBA,pge,TAP,line_structure,False,60.0,37.62189172,-122.44591373,San Mateo County,,Operational,PGE GBA,302662.0
Unknown - 3520,PG&E NGBA,pge,TAP,line_structure,False,60.0,40.37590923,-120.53059983,Lassen County,,Operational,Northeast CA,302663.0
Emerald Lake Tap,PG&E GBA,pge,TAP,line_structure,False,60.0,37.46170852,-122.27754707,San Mateo County,Redwood City,Operational,PGE GBA,302672.0
Unknown - 3530,PG&E NGBA,pge,TAP,line_structure,False,60.0,38.65550728,-121.16877393,Sacramento County,Folsom,Operational,PGE NGBA,302684.0
Unknown - 3535,PG&E GBA,pge,TAP,line_structure,False,60.0,38.03695575,-121.29481851,San Joaquin County,Stockton,Operational,PGE GBA,302697.0
Unknown - 3536,PG&E NGBA,pge,TAP,line_structure,False,60.0,39.09772171,-121.33632227,Yuba County,Beale AFB,Operational,PGE NGBA,302699.0
Unknown - 3542,PG&E GBA,pge,TAP,line_structure,False,60.0,37.96089094,-121.33335031,San Joaquin County,Stockton,Operational,PGE GBA,302707.0
Unknown - 3543,PG&E NGBA,pge,TAP,line_structure,False,60.0,38.51090306,-121.29764571,Sacramento County,,Operational,PGE NGBA,302712.0
Unknown - 3544,PG&E GBA,pge,TAP,line_structure,False,60.0,36.56939488,-121.75502218,Monterey County,,Operational,PGE GBA,302713.0
Unknown - 3545,PG&E FRESNO,pge,TAP,line_structure,False,60.0,36.5314201,-120.10692521,Fresno County,,Operational,PGE Fresno,302714.0
Unknown - 3546,PG&E GBA,pge,TAP,line_structure,False,60.0,38.26186682,-121.31036891,Sacramento County,Galt,Operational,PGE GBA,302716.0
Unknown - 3552,PG&E GBA,pge,TAP,line_structure,False,60.0,37.97787679,-121.28106076,San Joaquin County,Stockton,Operational,PGE GBA,302732.0
Unknown - 3561,PG&E NGBA,pge,TAP,line_structure,False,60.0,38.68754672,-121.15236936,Sacramento County,Folsom,Operational,PGE NGBA,302756.0
Unknown - 3562,PG&E GBA,pge,TAP,line_structure,False,60.0,38.14649665,-121.24348778,San Joaquin County,,Operational,PGE GBA,302757.0
Unknown - 3563,PG&E GBA,pge,TAP,line_structure,False,60.0,37.96912572,-121.18631957,San Joaquin County,,Operational,PGE GBA,302759.0
Unknown - 3564,PG&E NGBA,pge,TAP,line_structure,False,60.0,38.6878889,-121.30767784,Sacramento County,Citrus Heights,Operational,PGE NGBA,302760.0
Unknown - 3566,PG&E NGBA,pge,TAP,line_structure,False,60.0,40.57857583,-122.35290043,Shasta County,Redding,Operational,PGE NGBA,302762.0
Unknown - 3567,PG&E FRESNO,pge,TAP,line_structure,False,60.0,36.61785387,-120.38789347,Fresno County,,Operational,PGE Fresno,302765.0
Unknown - 3568,PG&E FRESNO,pge,TAP,line_structure,False,60.0,36.83627837,-120.44935348,Fresno County,Firebaugh,Operational,PGE Fresno,302766.0
Unknown - 3570,PG&E GBA,pge,TAP,line_structure,False,60.0,36.5660825,-121.91302351,Monterey County,"Seaside--Monterey--Pacific Grove, CA",Operational,PGE GBA,302768.0
Unknown - 3572,PG&E NGBA,pge,TAP,line_structure,False,60.0,39.15103557,-121.9550246,Colusa County,,Operational,PGE NGBA,302770.0
Unknown - 3575,PG&E NGBA,pge,TAP,line_structure,False,60.0,38.58326065,-121.45274807,Sacramento County,Sacramento,Operational,PGE NGBA,302773.0
Unknown - 3576,PG&E NGBA,pge,TAP,line_structure,False,60.0,38.65945792,-121.79359885,Yolo County,Woodland,Operational,PGE NGBA,302774.0
Unknown - 3577,PG&E NGBA,pge,TAP,line_structure,False,60.0,38.65657194,-121.16833461,Sacramento County,Folsom,Operational,PGE NGBA,302775.0
Unknown - 3578,PG&E GBA,pge,TAP,line_structure,False,60.0,38.01135903,-122.26554278,Contra Costa County,Hercules,Operational,PGE GBA,302781.0
Unknown - 3592,PG&E NGBA,pge,NOT AVAILABLE,unknown,False,60.0,38.51063144,-121.37193493,Sacramento County,Sacramento,Operational,PGE NGBA,303038.0
Unknown - 3644,PG&E NGBA,pge,NOT AVAILABLE,unknown,False,60.0,38.6795729,-121.33676084,Sacramento County,Foothill Farms,Operational,PGE NGBA,304035.0
Unknown - 3648,PG&E NGBA,pge,RISER,line_structure,False,60.0,38.5818699,-121.27520686,Sacramento County,Rancho Cordova,Operational,PGE NGBA,304097.0
Unknown - 3653,PG&E GBA,pge,NOT AVAILABLE,unknown,False,60.0,38.15484885,-121.1784366,San Joaquin County,Lockeford,Operational,PGE GBA,304163.0
Unknown - 3659,PG&E NGBA,pge,NOT AVAILABLE,unknown,False,60.0,39.93402129,-120.90168893,Plumas County,East Quincy,Operational,PGE NGBA,304294.0
Unknown - 3663,PG&E GBA,pge,NOT AVAILABLE,unknown,False,60.0,37.81624468,-121.58479018,Contra Costa County,,Operational,PGE GBA,304432.0
Unknown - 3669,PG&E GBA,pge,RISER,line_structure,False,60.0,37.67205441,-122.08814471,Alameda County,Hayward,Operational,PGE GBA,304644.0
Unknown - 3683,PG&E GBA,pge,NOT AVAILABLE,unknown,False,60.0,36.59416802,-121.86667011,Monterey County,Monterey,Operational,PGE GBA,304873.0
Unknown - 3700,PG&E NGBA,pge,TAP,line_structure,False,60.0,40.49537098,-124.09894019,Humboldt County,Rio Dell,Operational,PGE NGBA,305123.0
Unknown - 3704,PG&E NGBA,pge,TAP,line_structure,False,60.0,38.48135904,-122.85133981,Sonoma County,,Operational,PGE NGBA,305132.0
Unknown - 3707,PG&E GBA,pge,TAP,line_structure,False,60.0,38.33143688,-120.67376999,Amador County,,Operational,PGE GBA,305138.0
Unknown - 3708,PG&E NGBA,pge,TAP,line_structure,False,60.0,38.60256252,-121.4332986,Sacramento County,Sacramento,Operational,PGE NGBA,305140.0
Unknown - 3711,PG&E NGBA,pge,TAP,line_structure,False,60.0,38.5060641,-121.24225642,Sacramento County,Rancho Cordova,Operational,PGE NGBA,305144.0
Unknown - 3719,PG&E FRESNO,pge,TAP,line_structure,False,60.0,36.40484079,-119.63702804,Kings County,,Operational,PGE Fresno,305158.0
Unknown - 3722,PG&E NGBA,pge,TAP,line_structure,False,60.0,38.54737144,-121.39161714,Sacramento County,Sacramento,Operational,PGE NGBA,305162.0
Millbrae Tap,PG&E GBA,pge,TAP,line_structure,False,60.0,37.59271132,-122.41669331,San Mateo County,,Operational,PGE GBA,305165.0
Unknown - 3725,PG&E GBA,pge,TAP,line_structure,False,60.0,36.4666561,-121.39163708,Monterey County,,Operational,PGE GBA,305168.0
Unknown - 3726,PG&E GBA,pge,TAP,line_structure,False,60.0,36.63003936,-121.53987921,Monterey County,,Operational,PGE GBA,305169.0
Unknown - 3727,PG&E NGBA,pge,TAP,line_structure,False,60.0,38.55871652,-121.32298111,Sacramento County,Mather,Operational,PGE NGBA,305170.0
Unknown - 3729,PG&E NGBA,pge,TAP,line_structure,False,60.0,38.221803,-122.15722577,Solano County,Fairfield,Operational,PGE NGBA,305172.0
Unknown - 3730,PG&E NGBA,pge,TAP,line_structure,False,60.0,38.67916289,-121.26237685,Sacramento County,Citrus Heights,Operational,PGE NGBA,305174.0
Unknown - 3733,PG&E NGBA,pge,TAP,line_structure,False,60.0,38.7089869,-121.30879984,Sacramento County,Citrus Heights,Operational,PGE NGBA,305181.0
Unknown - 3734,PG&E NGBA,pge,TAP,line_structure,False,60.0,39.65457562,-121.63597368,Butte County,Butte Valley,Operational,PGE NGBA,305182.0
Unknown - 3735,PG&E GBA,pge,TAP,line_structure,False,60.0,37.98962372,-121.28569526,San Joaquin County,Stockton,Operational,PGE GBA,305185.0
Unknown - 3738,PG&E GBA,pge,TAP,line_structure,False,60.0,36.61295946,-121.56817568,Monterey County,,Operational,PGE GBA,305200.0
San Andreas Tap,PG&E GBA,pge,TAP,line_structure,False,60.0,37.5990874,-122.42402373,San Mateo County,,Operational,PGE GBA,305213.0
Unknown - 3748,PG&E NGBA,pge,TAP,line_structure,False,60.0,39.24336386,-120.0303366,Placer County,Kings Beach,Operational,PGE NGBA,305215.0
Unknown - 3752,PG&E NGBA,pge,TAP,line_structure,False,60.0,38.46293692,-121.4464339,Sacramento County,Sacramento,Operational,PGE NGBA,305224.0
Unknown - 3753,PG&E KERN,pge,TAP,line_structure,False,60.0,35.78922793,-119.91534795,Kings County,,Operational,PGE Kern,305227.0
Unknown - 3756,PG&E NGBA,pge,TAP,line_structure,False,60.0,38.44361486,-121.45798381,Sacramento County,,Operational,PGE NGBA,305235.0
Unknown - 3758,PG&E NGBA,pge,TAP,line_structure,False,60.0,38.23184087,-121.864418,Solano County,,Operational,PGE NGBA,305237.0
Unknown - 3766,PG&E NGBA,pge,TAP,line_structure,False,60.0,38.32376994,-121.44481387,Sacramento County,,Operational,PGE NGBA,305253.0
Unknown - 3767,PG&E FRESNO,pge,TAP,line_structure,False,60.0,36.7201849,-120.38733535,Fresno County,"Mendota, CA",Operational,PGE Fresno,305254.0
Unknown - 3768,PG&E NGBA,pge,TAP,line_structure,False,60.0,38.51047671,-121.39086024,Sacramento County,Sacramento,Operational,PGE NGBA,305255.0
Unknown - 3769,PG&E GBA,pge,TAP,line_structure,False,60.0,38.11246876,-121.37069992,San Joaquin County,,Operational,PGE GBA,305256.0
Unknown - 3770,PG&E GBA,pge,TAP,line_structure,False,60.0,37.68923696,-121.01274601,Stanislaus County,Modesto,Operational,PGE GBA,305275.0
Unknown - 3771,PG&E NGBA,pge,TAP,line_structure,False,60.0,38.6479474,-121.33682202,Sacramento County,Carmichael,Operational,PGE NGBA,305276.0
Port Costa Brick Tap,PG&E GBA,pge,TAP,line_structure,False,60.0,38.02144602,-122.16616079,Contra Costa County,,Operational,PGE GBA,305279.0
Unknown - 3774,PG&E NGBA,pge,TAP,line_structure,False,60.0,38.50643171,-121.46468871,Sacramento County,Parkway,Operational,PGE NGBA,305290.0
Unknown - 3775,PG&E NGBA,pge,TAP,line_structure,False,60.0,41.08034626,-124.11296792,Humboldt County,,Operational,PGE NGBA,305296.0
Unknown - 3776,PG&E NGBA,pge,TAP,line_structure,False,60.0,38.48256256,-121.45298916,Sacramento County,Sacramento,Operational,PGE NGBA,305297.0
Unknown - 3777,PG&E GBA,pge,TAP,line_structure,False,60.0,37.6530857,-121.01859215,Stanislaus County,Modesto,Operational,PGE GBA,305299.0
Unknown - 3778,PG&E GBA,pge,TAP,line_structure,False,60.0,37.92640613,-122.07359832,Contra Costa County,Pleasant Hill,Operational,PGE GBA,305302.0
Unknown - 3782,PG&E NGBA,pge,TAP,line_structure,False,60.0,38.6809439,-121.31797084,Sacramento County,Citrus Heights,Operational,PGE NGBA,305314.0
Unknown - 3783,PG&E NGBA,pge,TAP,line_structure,False,60.0,40.18640403,-122.24698303,Tehama County,,Operational,PGE NGBA,305315.0
Unknown - 3785,PG&E GBA,pge,TAP,line_structure,False,60.0,36.59958586,-121.89249092,Monterey County,Monterey,Operational,PGE GBA,305323.0
Unknown - 3787,PG&E NGBA,pge,TAP,line_structure,False,60.0,38.79503733,-121.3040653,Placer County,Roseville,Operational,PGE NGBA,305329.0
Unknown - 3789,PG&E GBA,pge,TAP,line_structure,False,60.0,38.07761195,-121.28756192,San Joaquin County,,Operational,PGE GBA,305337.0
Watershed Tap,PG&E GBA,pge,TAP,line_structure,False,60.0,37.48536757,-122.31428748,San Mateo County,,Operational,PGE GBA,305338.0
Unknown - 3793,PG&E NGBA,pge,TAP,line_structure,False,60.0,38.53202192,-121.42229885,Sacramento County,Sacramento,Operational,PGE NGBA,305343.0
Unknown - 3794,PG&E NGBA,pge,TAP,line_structure,False,60.0,39.14486406,-122.13279165,Colusa County,Williams,Operational,PGE NGBA,305351.0
Unknown - 3797,PG&E GBA,pge,TAP,line_structure,False,60.0,37.99343794,-121.28703471,San Joaquin County,Stockton,Operational,PGE GBA,305356.0
Unknown - 3799,PG&E NGBA,pge,TAP,line_structure,False,60.0,38.595208,-121.34577588,Sacramento County,Carmichael,Operational,PGE NGBA,305359.0
Unknown - 3800,PG&E GBA,pge,TAP,line_structure,False,60.0,38.0140612,-121.87544446,Contra Costa County,Pittsburg,Operational,PGE GBA,305360.0
Unknown - 3807,PG&E NGBA,pge,TAP,line_structure,False,60.0,38.60316674,-121.1787009,Sacramento County,,Operational,PGE NGBA,305376.0
Unknown - 3810,PG&E NGBA,pge,TAP,line_structure,False,60.0,38.50174585,-121.2232405,Sacramento County,,Operational,PGE NGBA,305384.0
Unknown - 3812,PG&E NGBA,pge,TAP,line_structure,False,60.0,38.74906168,-121.69256289,Yolo County,,Operational,PGE NGBA,305391.0
Unknown - 3813,PG&E GBA,pge,TAP,line_structure,False,60.0,38.03704682,-121.27895392,San Joaquin County,Stockton,Operational,PGE GBA,305393.0
Unknown - 3819,PG&E NGBA,pge,TAP,line_structure,False,60.0,38.49628795,-121.31631109,Sacramento County,Vineyard,Operational,PGE NGBA,305406.0
Unknown - 3820,PG&E GBA,pge,TAP,line_structure,False,60.0,38.26505163,-121.31153877,Sacramento County,"Galt, CA",Operational,PGE GBA,305408.0
Unknown - 3823,PG&E GBA,pge,TAP,line_structure,False,60.0,38.29107393,-121.32115649,Sacramento County,,Operational,PGE GBA,305420.0
Unknown - 3825,PG&E NGBA,pge,TAP,line_structure,False,60.0,38.37218738,-121.4176631,Sacramento County,,Operational,PGE NGBA,305422.0
Unknown - 3827,PG&E GBA,pge,TAP,line_structure,False,60.0,37.70374,-121.01289943,Stanislaus County,Modesto,Operational,PGE GBA,305429.0
Ralston Tap,PG&E GBA,pge,TAP,line_structure,False,60.0,37.5115728,-122.33977692,San Mateo County,Highlands,Operational,PGE GBA,305441.0
Las Positas Tap,PG&E GBA,pge,TAP,line_structure,False,60.0,37.70477699,-121.7327669,Alameda County,Livermore,Operational,PGE GBA,305449.0
Unknown - 3838,PG&E NGBA,pge,TAP,line_structure,False,60.0,38.43818786,-121.41800234,Sacramento County,Sacramento,Operational,PGE NGBA,305453.0
Unknown - 3839,PG&E NGBA,pge,TAP,line_structure,False,60.0,38.37959492,-121.41764827,Sacramento County,Elk Grove,Operational,PGE NGBA,305463.0
Unknown - 3843,PG&E NGBA,pge,TAP,line_structure,False,60.0,38.49039773,-122.88170775,Sonoma County,Forestville,Operational,PGE NGBA,305472.0
Unknown - 3845,PG&E NGBA,pge,TAP,line_structure,False,60.0,40.24792859,-122.14880309,Tehama County,,Operational,PGE NGBA,305477.0
Union Chemical Tap,PG&E GBA,pge,TAP,line_structure,False,60.0,38.00445502,-122.23463779,Contra Costa County,,Operational,PGE GBA,305478.0
Unknown - 3847,PG&E GBA,pge,TAP,line_structure,False,60.0,38.10163395,-121.18077398,San Joaquin County,,Operational,PGE GBA,305479.0
Unknown - 3848,PG&E GBA,pge,TAP,line_structure,False,60.0,37.75207704,-121.67758085,Alameda County,,Operational,PGE GBA,305481.0
Unknown - 3851,PG&E NGBA,pge,TAP,line_structure,False,60.0,40.05940998,-123.63891631,Humboldt County,,Operational,PGE NGBA,305486.0
Unknown - 3852,PG&E NGBA,pge,TAP,line_structure,False,60.0,39.36469888,-121.68491542,Butte County,Gridley,Operational,PGE NGBA,305487.0
Unknown - 3854,PG&E GBA,pge,TAP,line_structure,False,60.0,37.94839496,-121.33078893,San Joaquin County,Stockton,Operational,PGE GBA,305489.0
Unknown - 3855,PG&E GBA,pge,TAP,line_structure,False,60.0,37.94791963,-121.26087098,San Joaquin County,Stockton,Operational,PGE GBA,305490.0
Unknown - 3859,PG&E NGBA,pge,RISER,line_structure,False,60.0,38.73673159,-121.29154975,Placer County,Roseville,Operational,PGE NGBA,305524.0
Unknown - 3862,PG&E GBA,pge,NOT AVAILABLE,unknown,False,60.0,36.4159261,-121.3191751,Monterey County,Soledad,Operational,PGE GBA,305564.0
Unknown - 3871,PG&E GBA,pge,NOT AVAILABLE,unknown,False,60.0,37.71742599,-122.16280535,Alameda County,San Leandro,Operational,PGE GBA,305794.0
Unknown - 3881,PG&E GBA,pge,NOT AVAILABLE,unknown,False,60.0,37.71563619,-122.16170761,Alameda County,San Leandro,Operational,PGE GBA,305953.0
Unknown - 3887,PG&E NGBA,pge,NOT AVAILABLE,unknown,False,60.0,38.47444487,-121.38898717,Sacramento County,Florin,Operational,PGE NGBA,306099.0
Unknown - 3907,PG&E NGBA,pge,RISER,line_structure,False,60.0,38.5804139,-121.28284786,Sacramento County,Rancho Cordova,Operational,PGE NGBA,306533.0
Unknown - 3908,PG&E NGBA,pge,NOT AVAILABLE,unknown,False,60.0,38.47257592,-121.38822686,Sacramento County,Florin,Operational,PGE NGBA,306556.0
Unknown - 3921,PG&E GBA,pge,RISER,line_structure,False,60.0,37.43708868,-122.21232949,San Mateo County,Atherton,Operational,PGE GBA,306841.0
Unknown - 3922,PG&E NGBA,pge,RISER,line_structure,False,60.0,38.58300607,-121.45198761,Sacramento County,Sacramento,Operational,PGE NGBA,306852.0
Unknown - 3939,PG&E GBA,pge,NOT AVAILABLE,unknown,False,60.0,37.92551535,-121.64104881,Contra Costa County,,Operational,PGE GBA,307168.0
Unknown - 3941,PG&E KERN,pge,NOT AVAILABLE,unknown,False,60.0,36.03630476,-120.09265495,Kings County,,Operational,PGE Kern,307188.0
Unknown - 3968,PG&E NGBA,pge,NOT AVAILABLE,unknown,False,60.0,38.67131024,-121.26232824,Sacramento County,Citrus Heights,Operational,PGE NGBA,307728.0
Calmat Tap,PG&E GBA,pge,TAP,line_structure,False,60.0,37.66408155,-121.82980174,Alameda County,"Livermore--Pleasanton--Dublin, CA",Operational,PGE GBA,307855.0
Unknown - 3987,PG&E GBA,pge,TAP,line_structure,False,60.0,37.94352605,-121.31993181,San Joaquin County,Stockton,Operational,PGE GBA,307867.0
Unknown - 3988,PG&E NGBA,pge,TAP,line_structure,False,60.0,38.38710056,-121.37311619,Sacramento County,Elk Grove,Operational,PGE NGBA,307868.0
Banta Carbona Tap,PG&E GBA,pge,TAP,line_structure,False,60.0,37.71285917,-121.31161388,San Joaquin County,,Operational,PGE GBA,307872.0
Unknown - 3997,PG&E NGBA,pge,TAP,line_structure,False,60.0,39.1121333,-122.13286215,Colusa County,,Operational,PGE NGBA,307879.0
Unknown - 3998,PG&E GBA,pge,TAP,line_structure,False,60.0,38.10164464,-121.17819214,San Joaquin County,,Operational,PGE GBA,307880.0
Unknown - 4001,PG&E NGBA,pge,TAP,line_structure,False,60.0,39.11368086,-121.33181009,Yuba County,Beale AFB,Operational,PGE NGBA,307884.0
Unknown - 4005,PG&E NGBA,pge,TAP,line_structure,False,60.0,38.62018099,-121.44627734,Sacramento County,Sacramento,Operational,PGE NGBA,307900.0
Unknown - 4007,PG&E FRESNO,pge,TAP,line_structure,False,60.0,36.22577601,-119.78010536,Kings County,,Operational,PGE Fresno,307903.0
Rio Dell Tap,PG&E,pge,TAP,line_structure,False,60.0,40.55124377,-124.07920165,Humboldt County,Hydesville,Operational,PGE NGBA,310755.0
Unknown - 4411,PG&E GBA,pge,TAP,line_structure,False,60.0,36.26251659,-121.15317471,Monterey County,,Operational,PGE GBA,310899.0
Unknown - 4413,PG&E NGBA,pge,TAP,line_structure,False,60.0,38.5474893,-121.39087262,Sacramento County,Sacramento,Operational,PGE NGBA,310904.0
Unknown - 4415,PG&E FRESNO,pge,TAP,line_structure,False,60.0,36.61756292,-120.33405493,Fresno County,,Operational,PGE Fresno,310913.0
Unknown - 4416,PG&E NGBA,pge,TAP,line_structure,False,60.0,39.5533519,-122.1860036,Glenn County,,Operational,PGE NGBA,310914.0
Unknown - 4422,PG&E NGBA,pge,TAP,line_structure,False,60.0,38.47368246,-123.13059918,Sonoma County,,Operational,PGE NGBA,310920.0
Unknown - 4423,PG&E GBA,pge,TAP,line_structure,False,60.0,36.98801724,-121.98112265,Santa Cruz County,Live Oak,Operational,PGE GBA,310921.0
Unknown - 4425,PG&E GBA,pge,TAP,line_structure,False,60.0,37.94467824,-121.31070957,San Joaquin County,Stockton,Operational,PGE GBA,310927.0
Unknown - 4431,PG&E GBA,pge,TAP,line_structure,False,60.0,37.75383452,-121.25211724,San Joaquin County,,Operational,PGE GBA,310968.0
Unknown - 4008,PG&E GBA,pge,TAP,line_structure,False,60.0,38.28698636,-120.90929404,Amador County,,Operational,PGE GBA,307904.0
Urich Tap,PG&E GBA,pge,TAP,line_structure,False,60.0,38.02636701,-122.1017688,Contra Costa County,"Concord--Walnut Creek, CA",Operational,PGE GBA,307907.0
Unknown - 4012,PG&E NGBA,pge,TAP,line_structure,False,60.0,38.60613186,-121.4601956,Sacramento County,Sacramento,Operational,PGE NGBA,307913.0
Unknown - 4016,PG&E GBA,pge,TAP,line_structure,False,60.0,38.49313279,-121.16088616,Sacramento County,,Operational,PGE GBA,307920.0
Unknown - 4019,PG&E FRESNO,pge,TAP,line_structure,False,60.0,37.33329839,-121.04930056,Stanislaus County,,Operational,PGE Fresno,307932.0
Unknown - 4021,PG&E GBA,pge,TAP,line_structure,False,60.0,38.10191119,-121.26070141,San Joaquin County,Lodi,Operational,PGE GBA,307934.0
Unknown - 4025,PG&E NGBA,pge,TAP,line_structure,False,60.0,40.42959546,-120.68622518,Lassen County,,Operational,Northeast CA,307945.0
Unknown - 4027,PG&E NGBA,pge,TAP,line_structure,False,60.0,38.49172542,-121.45681801,Sacramento County,Parkway,Operational,PGE NGBA,307956.0
Unknown - 4044,PG&E NGBA,pge,TAP,line_structure,False,60.0,38.68311909,-121.39209704,Sacramento County,North Highlands,Operational,PGE NGBA,308007.0
Unknown - 4045,PG&E NGBA,pge,TAP,line_structure,False,60.0,38.4781245,-121.37208815,Sacramento County,Vineyard,Operational,PGE NGBA,308014.0
Unknown - 4046,PG&E NGBA,pge,TAP,line_structure,False,60.0,40.02728523,-120.96295966,Plumas County,,Operational,PGE NGBA,308016.0
Unknown - 4050,PG&E NGBA,pge,TAP,line_structure,False,60.0,38.31174204,-122.73529867,Sonoma County,,Operational,PGE NGBA,308026.0
Unknown - 4052,PG&E GBA,pge,TAP,line_structure,False,60.0,38.34109255,-120.91702847,Amador County,,Operational,PGE GBA,308030.0
Unknown - 4054,PG&E NGBA,pge,TAP,line_structure,False,60.0,40.41019572,-120.64113759,Lassen County,Susanville,Operational,Northeast CA,308033.0
Unknown - 4055,PG&E GBA,pge,TAP,line_structure,False,60.0,38.05426894,-121.21025694,San Joaquin County,,Operational,PGE GBA,308034.0
Unknown - 4059,PG&E GBA,pge,TAP,line_structure,False,60.0,36.5817074,-121.4982006,Monterey County,Chualar,Operational,PGE GBA,308040.0
Unknown - 4062,PG&E NGBA,pge,TAP,line_structure,False,60.0,38.43196472,-122.74213957,Sonoma County,Santa Rosa,Operational,PGE NGBA,308046.0
GWF #5 Tap,PG&E GBA,pge,TAP,line_structure,False,60.0,38.04232168,-121.98767779,Contra Costa County,"Antioch, CA",Operational,PGE GBA,308048.0
Unknown - 4064,PG&E NGBA,pge,TAP,line_structure,False,60.0,40.04528385,-122.09123255,Tehama County,,Operational,PGE NGBA,308053.0
Unknown - 4069,PG&E NGBA,pge,TAP,line_structure,False,60.0,38.23738053,-122.63367689,Sonoma County,Petaluma,Operational,PGE NGBA,308067.0
Unknown - 4073,PG&E NGBA,pge,TAP,line_structure,False,60.0,38.48230771,-122.85159904,Sonoma County,,Operational,PGE NGBA,308077.0
Unknown - 4076,PG&E NGBA,pge,TAP,line_structure,False,60.0,39.82056273,-120.39080684,Plumas County,,Operational,Northeast CA,308087.0
Unknown - 4077,PG&E NGBA,pge,TAP,line_structure,False,60.0,38.51993992,-121.38051386,Sacramento County,Sacramento,Operational,PGE NGBA,308088.0
Unknown - 4082,PG&E NGBA,pge,TAP,line_structure,False,60.0,38.37927493,-121.45333986,Sacramento County,Franklin,Operational,PGE NGBA,308094.0
Unknown - 4083,PG&E NGBA,pge,TAP,line_structure,False,60.0,38.32095131,-121.44446496,Sacramento County,,Operational,PGE NGBA,308095.0
Unknown - 4084,PG&E FRESNO,pge,TAP,line_structure,False,60.0,36.19074405,-120.35468227,Fresno County,,Operational,PGE Fresno,308097.0
Unknown - 4086,PG&E NGBA,pge,TAP,line_structure,False,60.0,38.59452218,-121.36473504,Sacramento County,Arden-Arcade,Operational,PGE NGBA,308107.0
Unknown - 4091,PG&E NGBA,pge,TAP,line_structure,False,60.0,40.88907091,-124.04727461,Humboldt County,,Operational,PGE NGBA,308114.0
Unknown - 4092,PG&E NGBA,pge,TAP,line_structure,False,60.0,38.49612639,-121.29788578,Sacramento County,Vineyard,Operational,PGE NGBA,308115.0
Unknown - 4094,PG&E NGBA,pge,TAP,line_structure,False,60.0,38.96933198,-122.06094361,Colusa County,,Operational,PGE NGBA,308121.0
Unknown - 4097,PG&E NGBA,pge,TAP,line_structure,False,60.0,39.14856048,-121.68888438,Sutter County,,Operational,PGE NGBA,308133.0
Unknown - 4098,PG&E FRESNO,pge,TAP,line_structure,False,60.0,36.61761191,-120.34305447,Fresno County,,Operational,PGE Fresno,308134.0
Unknown - 4099,PG&E NGBA,pge,TAP,line_structure,False,60.0,38.61279629,-121.52329963,Sacramento County,Sacramento,Operational,PGE NGBA,308137.0
Unknown - 4109,PG&E GBA,pge,TAP,line_structure,False,60.0,37.90403648,-122.29117651,Contra Costa County,El Cerrito,Operational,PGE GBA,308158.0
Unknown - 4114,PG&E NGBA,pge,TAP,line_structure,False,60.0,40.42581845,-120.68634144,Lassen County,,Operational,Northeast CA,308170.0
Unknown - 4116,PG&E GBA,pge,TAP,line_structure,False,60.0,36.96078204,-122.0313788,Santa Cruz County,Santa Cruz,Operational,PGE GBA,308174.0
Unknown - 4123,PG&E GBA,pge,RISER,line_structure,False,60.0,37.72178953,-122.16568094,Alameda County,San Leandro,Operational,PGE GBA,308344.0
Unknown - 4156,PG&E NGBA,pge,NOT AVAILABLE,unknown,False,60.0,38.65289768,-121.2644626,Sacramento County,Fair Oaks,Operational,PGE NGBA,308776.0
Unknown - 4177,PG&E NGBA,pge,NOT AVAILABLE,unknown,False,60.0,38.41923488,-121.41762407,Sacramento County,Elk Grove,Operational,PGE NGBA,309145.0
Unknown - 4179,PG&E KERN,pge,NOT AVAILABLE,unknown,False,60.0,36.04371731,-120.09280855,Kings County,,Operational,PGE Kern,309167.0
Unknown - 4211,PG&E GBA,pge,NOT AVAILABLE,unknown,False,60.0,36.58771472,-121.86608751,Monterey County,Monterey,Operational,PGE GBA,309742.0
Unknown - 4250,PG&E GBA,pge,NOT AVAILABLE,unknown,False,60.0,37.67725884,-122.09195029,Alameda County,Hayward,Operational,PGE GBA,310529.0
Unknown - 4254,PG&E NGBA,pge,TAP,line_structure,False,60.0,40.41308355,-120.73783518,Lassen County,,Operational,Northeast CA,310543.0
Unknown - 4260,PG&E GBA,pge,TAP,line_structure,False,60.0,37.48280808,-122.16712128,San Mateo County,Menlo Park,Operational,PGE GBA,310557.0
Unknown - 4264,PG&E NGBA,pge,TAP,line_structure,False,60.0,39.11358349,-121.33176628,Yuba County,Beale AFB,Operational,PGE NGBA,310566.0
Unknown - 4273,PG&E NGBA,pge,TAP,line_structure,False,60.0,38.62733578,-121.49817879,Sacramento County,Sacramento,Operational,PGE NGBA,310588.0
Unknown - 4275,PG&E NGBA,pge,TAP,line_structure,False,60.0,38.66426787,-121.26230061,Sacramento County,Fair Oaks,Operational,PGE NGBA,310591.0
Unknown - 4276,PG&E GBA,pge,TAP,line_structure,False,60.0,38.18954314,-121.40883661,San Joaquin County,,Operational,PGE GBA,310593.0
Unknown - 4277,PG&E NGBA,pge,TAP,line_structure,False,60.0,38.5178364,-121.37861312,Sacramento County,Sacramento,Operational,PGE NGBA,310594.0
Unknown - 4279,PG&E NGBA,pge,TAP,line_structure,False,60.0,38.46942107,-121.41832716,Sacramento County,Sacramento,Operational,PGE NGBA,310596.0
Unknown - 4280,PG&E NGBA,pge,TAP,line_structure,False,60.0,39.2779929,-122.03557766,Colusa County,,Operational,PGE NGBA,310597.0
Unknown - 4281,PG&E NGBA,pge,TAP,line_structure,False,60.0,38.47403839,-121.45003401,Sacramento County,Sacramento,Operational,PGE NGBA,310599.0
Unknown - 4283,PG&E FRESNO,pge,TAP,line_structure,False,60.0,36.30555001,-119.79765435,Kings County,Lemoore,Operational,PGE Fresno,310606.0
Unknown - 4284,PG&E NGBA,pge,TAP,line_structure,False,60.0,38.42334846,-121.36999761,Sacramento County,Elk Grove,Operational,PGE NGBA,310607.0
Unknown - 4285,PG&E NGBA,pge,TAP,line_structure,False,60.0,38.43059761,-121.45767453,Sacramento County,,Operational,PGE NGBA,310608.0
Unknown - 4288,PG&E NGBA,pge,TAP,line_structure,False,60.0,40.19899397,-123.70786628,Humboldt County,,Operational,PGE NGBA,310613.0
Unknown - 4291,PG&E NGBA,pge,TAP,line_structure,False,60.0,39.12309392,-122.12665166,Colusa County,Williams,Operational,PGE NGBA,310619.0
Unknown - 4293,PG&E NGBA,pge,TAP,line_structure,False,60.0,38.62464991,-121.44624683,Sacramento County,Sacramento,Operational,PGE NGBA,310624.0
Unknown - 4297,PG&E FRESNO,pge,TAP,line_structure,False,60.0,36.57465778,-119.36814794,Fresno County,,Operational,PGE Fresno,310630.0
Unknown - 4298,PG&E NGBA,pge,TAP,line_structure,False,60.0,40.26750697,-123.76846327,Humboldt County,,Operational,PGE NGBA,310634.0
Unknown - 4299,PG&E FRESNO,pge,TAP,line_structure,False,60.0,36.13708505,-120.2448973,Fresno County,Coalinga,Operational,PGE Fresno,310635.0
Unknown - 4300,PG&E NGBA,pge,TAP,line_structure,False,60.0,38.65329069,-121.22577315,Sacramento County,Fair Oaks,Operational,PGE NGBA,310641.0
Unknown - 4303,PG&E NGBA,pge,TAP,line_structure,False,60.0,40.78039368,-124.17159417,Humboldt County,Eureka,Operational,PGE NGBA,310653.0
Unknown - 4305,PG&E NGBA,pge,TAP,line_structure,False,60.0,40.72513766,-122.80653575,Trinity County,Lewiston,Operational,PGE NGBA,310657.0
San Bruno Tap,PG&E GBA,pge,TAP,line_structure,False,60.0,37.61570212,-122.43988453,San Mateo County,,Operational,PGE GBA,310671.0
Unknown - 4310,PG&E FRESNO,pge,TAP,line_structure,False,60.0,36.6177134,-120.19757515,Fresno County,,Operational,PGE Fresno,310672.0
Unknown - 4314,PG&E FRESNO,pge,TAP,line_structure,False,60.0,37.18589528,-120.48835176,Merced County,,Operational,PGE Fresno,310683.0
Unknown - 4316,PG&E NGBA,pge,TAP,line_structure,False,60.0,38.58039971,-121.36584102,Sacramento County,Arden-Arcade,Operational,PGE NGBA,310687.0
Unknown - 4318,PG&E NGBA,pge,TAP,line_structure,False,60.0,38.53202392,-121.42955385,Sacramento County,Sacramento,Operational,PGE NGBA,310694.0
Unknown - 4323,PG&E FRESNO,pge,TAP,line_structure,False,60.0,36.19477505,-120.31907728,Fresno County,,Operational,PGE Fresno,310709.0
Unknown - 4326,PG&E NGBA,pge,TAP,line_structure,False,60.0,38.7288849,-121.38312983,Placer County,,Operational,PGE NGBA,310712.0
Unknown - 4329,PG&E GBA,pge,TAP,line_structure,False,60.0,38.14641966,-121.24339255,San Joaquin County,,Operational,PGE GBA,310724.0
Unknown - 4332,PG&E GBA,pge,TAP,line_structure,False,60.0,37.73039234,-121.68914861,Alameda County,,Operational,PGE GBA,310730.0
Mustang - (PG&E KERN),PG&E KERN,pge,TAP,line_structure,False,60.0,35.3133928,-120.65302493,San Luis Obispo County,,Operational,PGE Kern,310731.0
Unknown - 4345,PG&E NGBA,pge,TAP,line_structure,False,60.0,40.03328285,-122.09630355,Tehama County,Los Molinos,Operational,PGE NGBA,310758.0
Unknown - 4357,PG&E GBA,pge,TAP,line_structure,False,60.0,38.39145214,-121.27391393,Sacramento County,Wilton,Operational,PGE GBA,310775.0
Unknown - 4358,PG&E NGBA,pge,TAP,line_structure,False,60.0,38.6779319,-121.31544784,Sacramento County,Citrus Heights,Operational,PGE NGBA,310777.0
Unknown - 4360,PG&E NGBA,pge,TAP,line_structure,False,60.0,39.1134012,-121.3317227,Yuba County,Beale AFB,Operational,PGE NGBA,310783.0
Luka Tap,PG&E GBA,pge,TAP,line_structure,False,60.0,37.67357101,-121.83555449,Alameda County,"Livermore--Pleasanton--Dublin, CA",Operational,PGE GBA,310792.0
Unknown - 4365,PG&E NGBA,pge,TAP,line_structure,False,60.0,39.09753884,-121.33614799,Yuba County,Beale AFB,Operational,PGE NGBA,310797.0
Unknown - 4374,PG&E FRESNO,pge,TAP,line_structure,False,60.0,36.30543859,-119.79306252,Kings County,Lemoore,Operational,PGE Fresno,310816.0
Unknown - 4375,PG&E GBA,pge,TAP,line_structure,False,60.0,37.63841695,-121.04913811,Stanislaus County,,Operational,PGE GBA,310819.0
Unknown - 4376,PG&E NGBA,pge,TAP,line_structure,False,60.0,38.62749539,-121.47538441,Sacramento County,Sacramento,Operational,PGE NGBA,310821.0
Unknown - 4381,PG&E NGBA,pge,TAP,line_structure,False,60.0,38.71426709,-121.40150703,Sacramento County,Antelope,Operational,PGE NGBA,310829.0
Unknown - 4382,PG&E KERN,pge,TAP,line_structure,False,60.0,35.55776586,-120.68912733,San Luis Obispo County,,Operational,PGE Kern,310831.0
Unknown - 4383,PG&E NGBA,pge,TAP,line_structure,False,60.0,39.0974272,-121.3367581,Yuba County,Beale AFB,Operational,PGE NGBA,310833.0
Unknown - 4384,PG&E NGBA,pge,TAP,line_structure,False,60.0,38.65794991,-121.38368284,Sacramento County,North Highlands,Operational,PGE NGBA,310835.0
Unknown - 4387,PG&E NGBA,pge,TAP,line_structure,False,60.0,40.41538571,-120.73827271,Lassen County,,Operational,Northeast CA,310838.0
Unknown - 4389,PG&E GBA,pge,TAP,line_structure,False,60.0,37.94536346,-121.32120532,San Joaquin County,Stockton,Operational,PGE GBA,310843.0
Unknown - 4392,PG&E NGBA,pge,TAP,line_structure,False,60.0,38.63176991,-121.44616883,Sacramento County,Sacramento,Operational,PGE NGBA,310852.0
Unknown - 4396,PG&E GBA,pge,TAP,line_structure,False,60.0,36.6867701,-121.67199802,Monterey County,Salinas,Operational,PGE GBA,310859.0
Unknown - 4398,PG&E GBA,pge,TAP,line_structure,False,60.0,37.90332659,-122.29351865,Contra Costa County,El Cerrito,Operational,PGE GBA,310863.0
Unknown - 4402,PG&E NGBA,pge,TAP,line_structure,False,60.0,40.59059976,-122.30835666,Shasta County,,Operational,PGE NGBA,310873.0
Unknown - 4404,PG&E GBA,pge,TAP,line_structure,False,60.0,37.31571312,-121.01282665,Stanislaus County,Newman,Operational,PGE GBA,310881.0
Unknown - 4406,PG&E FRESNO,pge,TAP,line_structure,False,60.0,36.6620077,-120.09722379,Fresno County,,Operational,PGE Fresno,310884.0
Unknown - 4407,PG&E GBA,pge,TAP,line_structure,False,60.0,36.51038847,-121.44904404,Monterey County,Gonzales,Operational,PGE GBA,310887.0
Patterson Water District,Other (PGE - Assumed),pge_assumed,TAP,line_structure,False,,37.48053109,-121.09826202,Stanislaus County,,Operational,PGE GBA,310603.0
Unknown - 3261,PG&E NGBA,pge,TAP,line_structure,False,,41.84985548,-124.14032006,Del Norte County,,Operational,PGE NGBA,203302.0
Unknown - 3270,PG&E NGBA,pge,TAP,line_structure,False,,41.72672293,-122.53621838,Siskiyou County,Montague,Operational,PGE NGBA,203327.0
Unknown - 3272,PG&E NGBA,pge,TAP,line_structure,False,,41.54864172,-122.36508371,Siskiyou County,,Operational,PGE NGBA,203334.0
Unknown - 3330,PG&E KERN,pge,NOT AVAILABLE,unknown,False,,35.6016607,-119.61468045,Kern County,,Operational,PGE Kern,300573.0
Unknown - 3357,PG&E FRESNO,pge,RISER,line_structure,False,,36.42856587,-120.33950842,Fresno County,,Operational,PGE Fresno,301253.0
Unknown - 3363,PG&E NGBA,pge,NOT AVAILABLE,unknown,False,,38.6492358,-121.32784497,Sacramento County,Carmichael,Operational,PGE NGBA,301425.0
Unknown - 3376,PG&E NGBA,pge,RISER,line_structure,False,,38.53597399,-120.24143605,Amador County,,Operational,PGE NGBA,301681.0
Unknown - 3392,PG&E FRESNO,pge,RISER,line_structure,False,,36.42856275,-120.3394148,Fresno County,,Operational,PGE Fresno,302079.0
Unknown - 3404,PG&E NGBA,pge,NOT AVAILABLE,unknown,False,,38.65538289,-121.46624847,Sacramento County,Sacramento,Operational,PGE NGBA,302253.0
El Camino Tap,PG&E NGBA,pge,TAP,line_structure,False,,38.61067291,-121.41054884,Sacramento County,Arden-Arcade,Operational,PGE NGBA,302415.0
Sunol Tap,PG&E GBA,pge,TAP,line_structure,False,,37.58635757,-121.86998628,Alameda County,Sunol,Operational,PGE GBA,302424.0
Edes Tap 2,PG&E GBA,pge,TAP,line_structure,False,,37.73690263,-122.19870793,Alameda County,Oakland,Operational,PGE GBA,302478.0
Unknown - 3446,PG&E KERN,pge,TAP,line_structure,False,,35.39729972,-119.00718888,Kern County,Bakersfield,Operational,PGE Kern,302499.0
Auburn Watt Tap 1,PG&E NGBA,pge,TAP,line_structure,False,,38.63418718,-121.38273572,Sacramento County,Arden-Arcade,Operational,PGE NGBA,302501.0
Unknown - 3494,PG&E FRESNO,pge,TAP,line_structure,False,,36.05099358,-119.49648872,Tulare County,,Operational,PGE Fresno,302608.0
Unknown - 3499,PG&E KERN,pge,TAP,line_structure,False,,35.41285067,-119.64268298,Kern County,,Operational,PGE Kern,302625.0
Unknown - 3512,PG&E FRESNO,pge,TAP,line_structure,False,,36.29776098,-119.4742794,Tulare County,,Operational,PGE Fresno,302650.0
Unknown - 3513,PG&E NGBA,pge,TAP,line_structure,False,,41.5343588,-120.9447377,Modoc County,,Operational,Northeast CA,302651.0
Unknown - 3523,PG&E NGBA,pge,TAP,line_structure,False,,40.01462578,-121.22506868,Plumas County,,Operational,PGE NGBA,302668.0
Unknown - 3547,PG&E NGBA,pge,TAP,line_structure,False,,41.44418772,-120.88105837,Modoc County,Canby,Operational,Northeast CA,302720.0
Unknown - 3555,PG&E NGBA,pge,TAP,line_structure,False,,38.58917891,-121.41061884,Sacramento County,Arden-Arcade,Operational,PGE NGBA,302739.0
Westinghouse Tap,PG&E GBA,pge,TAP,line_structure,False,,37.37828393,-122.0156316,Santa Clara County,Sunnyvale,Operational,PGE GBA,302752.0
Unknown - 3565,PG&E FRESNO,pge,TAP,line_structure,False,,36.41784847,-120.3686995,Fresno County,,Operational,PGE Fresno,302761.0
Unknown - 3569,PG&E FRESNO,pge,TAP,line_structure,False,,36.92383424,-120.11069641,Madera County,,Operational,PGE Fresno,302767.0
Unknown - 3571,PG&E NGBA,pge,TAP,line_structure,False,,38.83123288,-121.30754383,Placer County,,Operational,PGE NGBA,302769.0
Unknown - 3582,PG&E FRESNO,pge,NOT AVAILABLE,unknown,False,,37.0755686,-121.19122649,Merced County,,Operational,PGE Fresno,302853.0
Unknown - 3589,PG&E NGBA,pge,RISER,line_structure,False,,38.5859989,-121.28190786,Sacramento County,Rancho Cordova,Operational,PGE NGBA,302955.0
Unknown - 3611,PG&E FRESNO,pge,DEAD END,line_structure,False,,36.25463718,-119.58310677,Kings County,,Operational,PGE Fresno,303324.0
Unknown - 3680,PG&E FRESNO,pge,NOT AVAILABLE,unknown,False,,36.92383817,-120.10697525,Madera County,,Operational,PGE Fresno,304845.0
IBM Bailey Tap,PG&E GBA,pge,TAP,line_structure,False,,37.21464102,-121.76328077,Santa Clara County,,Operational,PGE GBA,305136.0
Unknown - 3709,PG&E NGBA,pge,TAP,line_structure,False,,38.58871291,-121.40610584,Sacramento County,Arden-Arcade,Operational,PGE NGBA,305142.0
Vineyard Tap,PG&E GBA,pge,TAP,line_structure,False,,37.66906985,-121.85409722,Alameda County,Pleasanton,Operational,PGE GBA,305161.0
Unknown - 3723,PG&E NGBA,pge,TAP,line_structure,False,,38.68367688,-121.13915787,Sacramento County,Folsom,Operational,PGE NGBA,305164.0
Walnut-Engle Tap,PG&E NGBA,pge,TAP,line_structure,False,,38.63165172,-121.33683634,Sacramento County,Carmichael,Operational,PGE NGBA,305204.0
Albatross Tap,PG&E NGBA,pge,TAP,line_structure,False,,38.61071991,-121.41507084,Sacramento County,Arden-Arcade,Operational,PGE NGBA,305220.0
Wright Tap,PG&E NGBA,pge,TAP,line_structure,False,,38.62538391,-121.40597184,Sacramento County,Arden-Arcade,Operational,PGE NGBA,305354.0
Hilltop Tap,PG&E NGBA,pge,TAP,line_structure,False,,41.53880702,-120.63199928,Modoc County,,Operational,Northeast CA,305371.0
Unknown - 3844,PG&E KERN,pge,TAP,line_structure,False,,35.60181154,-119.27699391,Kern County,,Operational,PGE Kern,305475.0
Unknown - 3959,PG&E FRESNO,pge,NOT AVAILABLE,unknown,False,,36.44521041,-119.89610633,Fresno County,,Operational,PGE Fresno,307522.0
Unknown - 3977,PG&E NGBA,pge,TAP,line_structure,False,,38.61369164,-121.33667187,Sacramento County,Carmichael,Operational,PGE NGBA,307844.0
Meadow Lane Tap,PG&E GBA,pge,TAP,line_structure,False,,37.91196841,-122.05134882,Contra Costa County,Walnut Creek,Operational,PGE GBA,307845.0
Unknown - 3984,PG&E NGBA,pge,TAP,line_structure,False,,40.39524589,-121.87871427,Tehama County,,Operational,PGE NGBA,307862.0
Unknown - 4421,PG&E NGBA,pge,TAP,line_structure,False,,38.60639272,-121.34591216,Sacramento County,Carmichael,Operational,PGE NGBA,310919.0
Unknown - 4009,PG&E GBA,pge,TAP,line_structure,False,,37.79879804,-122.2883608,Alameda County,Oakland,Operational,PGE GBA,307906.0
Lockheed 2 Tap,PG&E GBA,pge,TAP,line_structure,False,,37.41482283,-122.00588186,Santa Clara County,Sunnyvale,Operational,PGE GBA,307977.0
Unknown - 4035,PG&E GBA,pge,TAP,line_structure,False,,37.98837677,-121.19460451,San Joaquin County,,Operational,PGE GBA,307985.0
Unknown - 4040,PG&E FRESNO,pge,TAP,line_structure,False,,37.52883752,-121.26155217,Stanislaus County,,Operational,PGE Fresno,307999.0
Unknown - 4071,PG&E NGBA,pge,TAP,line_structure,False,,38.61381734,-121.34612189,Sacramento County,Carmichael,Operational,PGE NGBA,308074.0
Dixon Tap - (PG&E NGBA),PG&E NGBA,pge,TAP,line_structure,False,,38.44487313,-121.82592323,Solano County,Dixon,Operational,PGE NGBA,308108.0
Fairway Tap,PG&E KERN,pge,TAP,line_structure,False,,34.96219161,-120.45132444,Santa Barbara County,Santa Maria,Operational,PGE Kern,308110.0
Wolfskill Tap,PG&E NGBA,pge,TAP,line_structure,False,,38.22864299,-122.08038578,Solano County,Fairfield,Operational,PGE NGBA,308124.0
Sutter-Vale Vista Tap,PG&E NGBA,pge,TAP,line_structure,False,,38.63361888,-121.32818764,Sacramento County,Carmichael,Operational,PGE NGBA,308146.0
Country Club 2 Tap,PG&E NGBA,pge,TAP,line_structure,False,,38.60333491,-121.38584584,Sacramento County,Arden-Arcade,Operational,PGE NGBA,308148.0
Unknown - 4180,PG&E GBA,pge,NOT AVAILABLE,unknown,False,,37.63804769,-120.93914761,Stanislaus County,Modesto,Operational,PGE GBA,309180.0
Unknown - 4248,PG&E NGBA,pge,RISER,line_structure,False,,38.5859199,-121.28188486,Sacramento County,Rancho Cordova,Operational,PGE NGBA,310480.0
Unknown - 4253,PG&E FRESNO,pge,TAP,line_structure,False,,37.07096962,-119.53435423,Fresno County,,Operational,PGE Fresno,310542.0
Unknown - 4261,PG&E KERN,pge,TAP,line_structure,False,,35.44763108,-119.68965945,Kern County,,Operational,PGE Kern,310559.0
Unknown - 4307,PG&E NGBA,pge,TAP,line_structure,False,,38.47672095,-121.7967628,Solano County,,Operational,PGE NGBA,310662.0
Unknown - 4308,PG&E GBA,pge,TAP,line_structure,False,,38.12872099,-121.25699067,San Joaquin County,Lodi,Operational,PGE GBA,310666.0
Unknown - 4330,PG&E KERN,pge,TAP,line_structure,False,,35.38335909,-119.64266747,Kern County,,Operational,PGE Kern,310726.0
Evergreen Tap,PG&E GBA,pge,TAP,line_structure,False,,37.29238606,-121.84881033,Santa Clara County,San Jose,Operational,PGE GBA,310728.0
Robertson-Fairoaks Tap,PG&E NGBA,pge,TAP,line_structure,False,,38.63205928,-121.32824468,Sacramento County,Carmichael,Operational,PGE NGBA,310742.0
Engle-Eastern Tap,PG&E NGBA,pge,TAP,line_structure,False,,38.63199791,-121.36307984,Sacramento County,Arden-Arcade,Operational,PGE NGBA,310763.0
Unknown - 4366,PG&E GBA,pge,TAP,line_structure,False,,37.71088098,-120.78135947,Stanislaus County,,Operational,PGE GBA,310805.0
Unknown - 4370,PG&E NGBA,pge,TAP,line_structure,False,,38.60689291,-121.36462985,Sacramento County,Arden-Arcade,Operational,PGE NGBA,310810.0
Kenneth-Garfield Tap,PG&E NGBA,pge,TAP,line_structure,False,,38.62114861,-121.33673772,Sacramento County,Carmichael,Operational,PGE NGBA,310847.0
Vaca-Dixon & Gc Yard,PG&E,pge,SUBSTATION,substation,True,500.0,38.40116261,-121.9207726,Solano County,,Operational,PGE NGBA,303398.0
Gates,PG&E,pge,SUBSTATION,substation,True,500.0,36.14024003,-120.12545097,Fresno County,,Operational,PGE Fresno,309714.0
Midway - (PG&E),PG&E,pge,SUBSTATION,substation,True,500.0,35.40367602,-119.45236362,Kern County,Buttonwillow,Operational,PGE Kern,300895.0
Morro Bay (Proposed),PG&E,pge,SUBSTATION,substation,True,500.0,35.37432993,-120.85598887,SAN LUIS OBISPO,MORRO BAY,Operational,PGE Kern,307072.0
Mariposa - (PG&E),PG&E,pge,SUBSTATION,substation,True,230.0,37.50443953,-120.00777043,,,Operational,PGE Fresno,307109.0
Tres Vias,PG&E,pge,SUBSTATION,substation,True,230.0,39.4867594,-121.68801089,,,Operational,PGE NGBA,304191.0
San Ramon Research Cntr.,PG&E,pge,SUBSTATION ASSUMED,substation,True,230.0,37.78241098,-121.96764928,Contra Costa County,Danville,Operational,PGE GBA,
Tidewater,PG&E,pge,SUBSTATION,substation,True,230.0,38.01963921,-122.06184384,Contra Costa County,"Concord--Walnut Creek, CA",Operational,PGE GBA,309103.0
Tulare Lake,PG&E,pge,SUBSTATION,substation,True,230.0,36.00344781,-119.9494707,Kings County,,Operational,PGE Kern,310461.0
San Mateo - (PG&E),PG&E,pge,SUBSTATION,substation,True,230.0,37.58306967,-122.31865074,San Mateo County,San Mateo,Operational,PGE GBA,300828.0
Electra 1,PG&E,pge,SUBSTATION,substation,True,230.0,38.33154007,-120.66978625,Amador County,,Operational,PGE GBA,308321.0
Wright - (PG&E),PG&E,pge,SUBSTATION,substation,True,230.0,37.01340613,-120.94522042,Merced County,,Operational,PGE Fresno,300785.0
Pit 5,PG&E,pge,SUBSTATION,substation,True,230.0,40.98672406,-121.97657134,Shasta County,,Operational,PGE NGBA,307776.0
Newark Distribution,PG&E,pge,SUBSTATION,substation,True,230.0,37.50279895,-121.98170382,Alameda County,Fremont,Operational,PGE GBA,309183.0
Hicks,PG&E,pge,SUBSTATION,substation,True,230.0,37.23370852,-121.90105523,Santa Clara County,San Jose,Operational,PGE GBA,304145.0
Saratoga,PG&E,pge,SUBSTATION,substation,True,230.0,37.28103169,-122.01520672,Santa Clara County,Saratoga,Operational,PGE GBA,308864.0
Cottonwood - (PG&E),PG&E,pge,SUBSTATION,substation,True,230.0,40.39787486,-122.2642114,Shasta County,Cottonwood,Operational,PGE NGBA,304370.0
Bahia,PG&E,pge,SUBSTATION,substation,True,230.0,38.08086577,-122.13737587,Solano,Benicia,Operational,PGE NGBA,308621.0
Peabody,PG&E,pge,SUBSTATION,substation,True,230.0,38.28545909,-121.97069289,Solano County,Fairfield,Operational,PGE NGBA,306191.0
Fulton,PG&E,pge,SUBSTATION,substation,True,230.0,38.49781345,-122.76065559,Sonoma County,Fulton,Operational,PGE NGBA,310238.0
Lakeville,PG&E,pge,SUBSTATION,substation,True,230.0,38.2509507,-122.58163211,Sonoma County,,Operational,PGE NGBA,304694.0
Cottle,PG&E,pge,SUBSTATION,substation,True,230.0,37.77265169,-120.82644581,Stanislaus County,Oakdale,Operational,PGE GBA,301897.0
Castro Valley,PG&E,pge,SUBSTATION,substation,True,230.0,37.69127602,-122.06126424,Alameda County,Castro Valley,Operational,PGE GBA,303892.0
Las Positas,PG&E,pge,SUBSTATION,substation,True,230.0,37.70081925,-121.73323137,Alameda County,Livermore,Operational,PGE GBA,301848.0
Newark,PG&E,pge,SUBSTATION,substation,True,230.0,37.50086816,-121.9862493,Alameda County,Fremont,Operational,PGE GBA,306611.0
Vasco,PG&E,pge,SUBSTATION,substation,True,230.0,37.71111425,-121.71586184,Alameda County,Livermore,Operational,PGE GBA,306744.0
Vineyard,PG&E,pge,SUBSTATION,substation,True,230.0,37.66968432,-121.85442448,Alameda County,Pleasanton,Operational,PGE GBA,306816.0
Cortina,PG&E,pge,SUBSTATION,substation,True,230.0,39.12053967,-122.22332156,Colusa County,,Operational,PGE NGBA,300004.0
Brentwood,PG&E,pge,SUBSTATION,substation,True,230.0,37.91905242,-121.67675008,Contra Costa County,,Operational,PGE GBA,305606.0
Contra Costa - (PG&E),PG&E,pge,SUBSTATION,substation,True,230.0,37.99954967,-121.78280995,Contra Costa County,Antioch,Operational,PGE GBA,304763.0
Moraga - (PG&E),PG&E,pge,SUBSTATION,substation,True,230.0,37.84775896,-122.16081867,Contra Costa County,Orinda,Operational,PGE GBA,301876.0
Pittsburg,PG&E,pge,SUBSTATION,substation,True,230.0,38.03681699,-121.89678284,Contra Costa County,Pittsburg,Operational,PGE GBA,306987.0
Rossmoor,PG&E,pge,SUBSTATION,substation,True,230.0,37.86464924,-122.0803101,Contra Costa County,Walnut Creek,Operational,PGE GBA,309537.0
San Ramon,PG&E,pge,SUBSTATION,substation,True,230.0,37.74472078,-121.93589666,Contra Costa County,San Ramon,Operational,PGE GBA,309611.0
Sobrante,PG&E,pge,SUBSTATION,substation,True,230.0,37.90545308,-122.20808187,Contra Costa County,Orinda,Operational,PGE GBA,307001.0
Fig Garden,PG&E,pge,SUBSTATION,substation,True,230.0,36.82191363,-119.85891522,Fresno County,Fresno,Operational,PGE Fresno,304773.0
Kearney (New),PG&E,pge,SUBSTATION,substation,True,230.0,36.70561786,-119.88285232,Fresno,Fresno,Operational,PGE Fresno,301827.0
McCall,PG&E,pge,SUBSTATION,substation,True,230.0,36.61082397,-119.63919798,Fresno County,,Operational,PGE Fresno,308822.0
Mc Mullin,PG&E,pge,SUBSTATION,substation,True,230.0,36.59336415,-119.98869566,Fresno County,,Operational,PGE Fresno,304647.0
Panoche - PG&E,PG&E,pge,SUBSTATION,substation,True,230.0,36.65353128,-120.58174326,Fresno County,,Operational,PGE Fresno,307408.0
Glenn,PG&E,pge,SUBSTATION,substation,True,230.0,39.77790792,-122.14289063,Glenn County,,Operational,PGE NGBA,305750.0
Logan Creek,PG&E,pge,SUBSTATION,substation,True,230.0,39.53950609,-122.26303744,Glenn County,,Operational,PGE NGBA,306883.0
Bakersfield,PG&E,pge,SUBSTATION,substation,True,230.0,35.38722752,-119.0044236,Kern County,Bakersfield,Operational,PGE Kern,303106.0
Elk Hills,PG&E,pge,SUBSTATION,substation,True,230.0,35.22606173,-119.37659065,Kern County,Dustin Acres,Operational,PGE Kern,308944.0
Magunden,PG&E,pge,SUBSTATION,substation,True,230.0,35.36112187,-118.92171932,Kern County,East Niles,Operational,SCE Northern,302908.0
Stockdale,PG&E,pge,SUBSTATION,substation,True,230.0,35.31705198,-119.06762182,Kern County,Bakersfield,Operational,PGE Kern,306267.0
Wilson,PG&E,pge,SUBSTATION,substation,True,230.0,37.29339004,-120.40716103,Merced County,Merced,Operational,PGE Fresno,307365.0
Tulucay,PG&E,pge,SUBSTATION,substation,True,230.0,38.24782403,-122.26793574,Napa County,,Operational,PGE NGBA,304349.0
Wheeler Ridge,PG&E,pge,SUBSTATION,substation,True,230.0,35.08874779,-118.97595226,Kern County,,Operational,PGE Kern,309582.0
Henrietta,PG&E,pge,SUBSTATION,substation,True,230.0,36.24191457,-119.90325931,Kings County,,Operational,PGE Fresno,304664.0
Borden,PG&E,pge,SUBSTATION,substation,True,230.0,36.92213797,-119.98460325,Madera County,,Operational,PGE Fresno,300350.0
Storey,PG&E,pge,SUBSTATION,substation,True,230.0,36.98313712,-120.03357102,Madera County,,Operational,PGE Fresno,305900.0
Ignacio,PG&E,pge,SUBSTATION,substation,True,230.0,38.07692364,-122.54055045,Marin County,Novato,Operational,PGE NGBA,301273.0
Martin,PG&E,pge,SUBSTATION,substation,True,230.0,37.70357221,-122.40952413,San Mateo County,Brisbane,Operational,PGE GBA,301170.0
Lockeford,PG&E,pge,SUBSTATION,substation,True,230.0,38.11774302,-121.16054706,San Joaquin County,Lockeford,Operational,PGE GBA,300823.0
Stagg,PG&E,pge,SUBSTATION,substation,True,230.0,37.99229399,-121.34861425,San Joaquin County,Stockton,Operational,PGE GBA,309735.0
Weber,PG&E,pge,SUBSTATION,substation,True,230.0,37.91984596,-121.24026094,San Joaquin County,"Stockton, CA",Operational,PGE GBA,303226.0
Mesa - (PG&E),PG&E,pge,SUBSTATION,substation,True,230.0,35.00885973,-120.45318625,San Luis Obispo County,Nipomo,Operational,PGE Kern,303861.0
Templeton,PG&E,pge,SUBSTATION,substation,True,230.0,35.55501158,-120.68029392,San Luis Obispo County,,Operational,PGE Kern,308323.0
North Dublin,PG&E,pge,SUBSTATION,substation,True,230.0,37.74482603,-121.85791088,Contra Costa County,,Operational,PGE GBA,302119.0
Cayetano,PG&E,pge,SUBSTATION,substation,True,230.0,37.73860001,-121.77115017,Alameda County,,Operational,PGE GBA,303421.0
Cresta,PG&E,pge,SUBSTATION,substation,True,230.0,39.82642896,-121.40947437,Butte County,,Operational,PGE NGBA,301366.0
Lone Tree,PG&E,pge,SUBSTATION,substation,True,230.0,37.94623087,-121.75978443,Contra Costa County,Antioch,Operational,PGE GBA,301935.0
Balch 1,PG&E,pge,SUBSTATION,substation,True,230.0,36.9199959,-119.0838384,Fresno County,,Operational,PGE Fresno,310428.0
Haas,PG&E,pge,SUBSTATION,substation,True,230.0,36.92739041,-119.02079625,Fresno County,,Operational,PGE Fresno,307319.0
Ashlan Ave,PG&E,pge,SUBSTATION,substation,True,230.0,36.79288536,-119.82799531,Fresno County,Fresno,Operational,PGE Fresno,302075.0
Pit 1,PG&E,pge,SUBSTATION,substation,True,230.0,40.99102969,-121.49777812,Shasta County,,Operational,PGE NGBA,306653.0
Pit 3,PG&E,pge,SUBSTATION,substation,True,230.0,40.99769147,-121.7476301,Shasta County,,Operational,PGE NGBA,300313.0
Bucks Creek,PG&E,pge,SUBSTATION,substation,True,230.0,39.98640208,-121.28388784,Plumas County,,Operational,PGE NGBA,305065.0
Eight Mile,PG&E,pge,SUBSTATION,substation,True,230.0,38.05886103,-121.376889,San Joaquin County,,Operational,PGE GBA,308241.0
Vasona,PG&E,pge,SUBSTATION,substation,True,230.0,37.25375803,-121.96626415,Santa Clara County,Los Gatos,Operational,PGE GBA,303819.0
Kern Power,PG&E,pge,SUBSTATION,substation,True,230.0,35.37999622,-119.097354,Kern County,Bakersfield,Operational,PGE Kern,306334.0
Parkway - (PG&E),PG&E,pge,SUBSTATION,substation,True,230.0,38.1381842,-122.20909725,Solano County,Vallejo,Operational,PGE NGBA,301574.0
Tassajara,PG&E,pge,SUBSTATION,substation,True,230.0,37.79994,-121.90784082,Contra Costa County,Blackhawk,Operational,PGE GBA,309217.0
Trans Bay Cable Facility,PG&E GBA,pge,SUBSTATION,substation,True,200.0,37.75482931,-122.38600672,San Francisco County,San Francisco,Operational,PGE GBA,309801.0
Britton,PG&E,pge,SUBSTATION,substation,True,115.0,37.37455725,-122.01635278,Santa Clara County,Sunnyvale,Operational,PGE GBA,306909.0
Ames,PG&E,pge,SUBSTATION,substation,True,115.0,37.41762533,-122.06640351,Santa Clara County,Mountain View,Operational,PGE GBA,301906.0
Lawrence,PG&E,pge,SUBSTATION,substation,True,115.0,37.39720119,-122.01031639,Santa Clara County,Sunnyvale,Operational,PGE GBA,304425.0
Mabury,PG&E,pge,SUBSTATION,substation,True,115.0,37.36081022,-121.86414452,Santa Clara County,San Jose,Operational,PGE GBA,306245.0
Mc Kee,PG&E,pge,SUBSTATION,substation,True,115.0,37.36624846,-121.84333939,Santa Clara County,San Jose,Operational,PGE GBA,307263.0
Milpitas,PG&E,pge,SUBSTATION,substation,True,115.0,37.41537753,-121.88835951,Santa Clara County,Milpitas,Operational,PGE GBA,305556.0
Montague - (PG&E),PG&E,pge,SUBSTATION,substation,True,115.0,37.40332775,-121.90597735,Santa Clara County,San Jose,Operational,PGE GBA,305562.0
Stelling,PG&E,pge,SUBSTATION,substation,True,115.0,37.33599008,-122.0431639,Santa Clara County,Cupertino,Operational,PGE GBA,307515.0
Wolfe,PG&E,pge,SUBSTATION,substation,True,115.0,37.3344314,-122.0205933,Santa Clara County,Cupertino,Operational,PGE GBA,310121.0
Camp Evers,PG&E,pge,SUBSTATION,substation,True,115.0,37.04188344,-122.02512354,Santa Cruz County,Scotts Valley,Operational,PGE GBA,310175.0
Rob Roy,PG&E,pge,SUBSTATION,substation,True,115.0,36.97922218,-121.8672366,Santa Cruz County,Aptos,Operational,PGE GBA,301563.0
Panorama,PG&E,pge,SUBSTATION,substation,True,115.0,40.43436274,-122.26790944,Shasta County,"Redding, CA",Operational,PGE NGBA,308474.0
Cordelia,PG&E,pge,SUBSTATION,substation,True,115.0,38.21593494,-122.11238794,Solano County,Fairfield,Operational,PGE NGBA,301704.0
North Tower,PG&E,pge,SUBSTATION,substation,True,115.0,38.06581598,-122.19631613,Solano County,Vallejo,Operational,PGE NGBA,300532.0
Vacaville,PG&E,pge,SUBSTATION,substation,True,115.0,38.35651911,-121.9804878,Solano County,Vacaville,Operational,PGE NGBA,301279.0
Sonoma,PG&E,pge,SUBSTATION,substation,True,115.0,38.27653428,-122.46207801,Sonoma County,Sonoma,Operational,PGE NGBA,301644.0
Low Gap,PG&E,pge,SUBSTATION,substation,True,115.0,40.43324406,-123.47267743,Trinity County,Mad River,Operational,PGE NGBA,310002.0
Deepwater,PG&E,pge,SUBSTATION,substation,True,115.0,38.55156311,-121.55999899,Yolo County,West Sacramento,Operational,PGE NGBA,305041.0
West Sacramento,PG&E,pge,SUBSTATION,substation,True,115.0,38.5895099,-121.54488796,Yolo County,West Sacramento,Operational,PGE NGBA,304744.0
Zamora,PG&E,pge,SUBSTATION,substation,True,115.0,38.77565015,-121.85815367,Yolo County,,Operational,PGE NGBA,302122.0
Spring Gap,PG&E,pge,SUBSTATION,substation,True,115.0,38.18658725,-120.11193446,Tuolumne County,,Operational,PGE GBA,304429.0
Highlands,PG&E,pge,SUBSTATION,substation,True,115.0,38.93705627,-122.6088951,Lake County,Clearlake,Operational,PGE NGBA,300146.0
Air Liquide,PG&E,pge,SUBSTATION ASSUMED,substation,True,115.0,37.5953056,-122.01747832,Alameda County,Union City,Operational,PGE GBA,306175.0
Salt Springs,PG&E,pge,SUBSTATION,substation,True,115.0,38.49841473,-120.21840721,Amador County,,Operational,PGE GBA,306859.0
Big Bend,PG&E,pge,SUBSTATION,substation,True,115.0,39.67734947,-121.49150458,Butte County,,Operational,PGE NGBA,303665.0
Chico B,PG&E,pge,SUBSTATION,substation,True,115.0,39.72550979,-121.84706244,Butte County,Chico,Operational,PGE NGBA,308381.0
Esquon,PG&E,pge,SUBSTATION,substation,True,115.0,39.60773037,-121.76832024,Butte County,Durham,Operational,PGE NGBA,300607.0
Kanaka,Other (PGE - Assumed),pge_assumed,SUBSTATION,substation,True,115.0,39.5751813,-121.30556504,Butte County,,Operational,PGE NGBA,306312.0
Nord,PG&E,pge,SUBSTATION,substation,True,115.0,39.76023566,-121.90703525,Butte County,,Operational,PGE NGBA,305811.0
Sycamore Creek,PG&E,pge,SUBSTATION,substation,True,115.0,39.76875591,-121.82401501,Butte County,Chico,Operational,PGE NGBA,303844.0
Point Pinole,PG&E,pge,SUBSTATION,substation,True,115.0,37.99591662,-122.34808991,Contra Costa County,Richmond,Operational,PGE GBA,302095.0
Valley View,PG&E,pge,SUBSTATION,substation,True,115.0,37.96612901,-122.278611,Contra Costa County,El Sobrante,Operational,PGE GBA,301579.0
Willow Pass,PG&E,pge,SUBSTATION,substation,True,115.0,38.02476532,-121.96096012,,,Operational,PGE GBA,300160.0
Diamond Springs,PG&E,pge,SUBSTATION,substation,True,115.0,38.69340715,-120.82588173,El Dorado County,Diamond Springs,Operational,PGE NGBA,302248.0
Ranchers Cotton,PG&E,pge,SUBSTATION,substation,True,115.0,36.70056248,-119.75447628,Fresno County,"Fresno, CA",Operational,PGE Fresno,304977.0
Barton,PG&E,pge,SUBSTATION,substation,True,115.0,36.76423771,-119.73489812,Fresno County,Fresno,Operational,PGE Fresno,304283.0
Coppermine,PG&E,pge,SUBSTATION,substation,True,115.0,36.89580759,-119.6646937,Fresno County,,Operational,PGE Fresno,302915.0
Huron,PG&E,pge,SUBSTATION,substation,True,115.0,36.18605895,-120.10389844,Fresno County,,Operational,PGE Fresno,304055.0
Manchester,PG&E,pge,SUBSTATION,substation,True,115.0,36.78805027,-119.78786617,Fresno County,Fresno,Operational,PGE Fresno,300176.0
Fellows,PG&E,pge,SUBSTATION,substation,True,115.0,35.19517289,-119.58528194,Kern County,,Operational,PGE Kern,307326.0
El Capitan,PG&E,pge,SUBSTATION,substation,True,115.0,37.335846,-120.50545692,Merced County,,Operational,PGE Fresno,303057.0
Boronda,PG&E,pge,SUBSTATION,substation,True,115.0,36.69028178,-121.67924483,Monterey County,Boronda,Operational,PGE GBA,303911.0
Del Monte,PG&E,pge,SUBSTATION,substation,True,115.0,36.59823294,-121.85302316,Monterey County,Monterey,Operational,PGE GBA,303440.0
Fort Ord,PG&E,pge,SUBSTATION,substation,True,115.0,36.64341176,-121.79251218,Monterey County,Seaside,Operational,PGE GBA,302141.0
Napa,PG&E,pge,SUBSTATION,substation,True,115.0,38.29544687,-122.27890179,Napa County,Napa,Operational,PGE NGBA,306299.0
Pueblo,PG&E,pge,SUBSTATION,substation,True,115.0,38.34521481,-122.29944017,Napa County,,Operational,PGE NGBA,308856.0
Horseshoe,PG&E,pge,SUBSTATION,substation,True,115.0,38.74431095,-121.1616294,Placer County,Granite Bay,Operational,PGE NGBA,301776.0
Placer,PG&E,pge,SUBSTATION,substation,True,115.0,38.90125009,-121.08784534,Placer County,,Operational,PGE NGBA,308556.0
Wasco,PG&E,pge,SUBSTATION,substation,True,115.0,35.60180615,-119.32618191,Kern County,,Operational,PGE Kern,308820.0
Lucerne - (PG&E),PG&E,pge,SUBSTATION,substation,True,115.0,39.11038184,-122.81282473,Lake County,,Operational,PGE NGBA,309793.0
Coarsegold,PG&E,pge,SUBSTATION,substation,True,115.0,37.22747102,-119.69073249,Madera County,Coarsegold,Operational,PGE Fresno,309550.0
Oakhurst,PG&E,pge,SUBSTATION,substation,True,115.0,37.32194926,-119.63431883,Madera County,Oakhurst,Operational,PGE Fresno,300943.0
Las Gallinas,PG&E,pge,SUBSTATION,substation,True,115.0,38.02242837,-122.53792745,Marin County,San Rafael,Operational,PGE NGBA,301737.0
San Rafael,PG&E,pge,SUBSTATION,substation,True,115.0,37.9705732,-122.52720274,Marin County,San Rafael,Operational,PGE GBA,304047.0
Daly City,PG&E,pge,SUBSTATION,substation,True,115.0,37.69167461,-122.4559247,San Mateo County,Daly City,Operational,PGE GBA,301877.0
Mission - (PG&E),PG&E,pge,SUBSTATION,substation,True,115.0,37.77734803,-122.41380967,San Francisco County,San Francisco,Operational,PGE GBA,309248.0
Foothill - (PG&E),PG&E,pge,SUBSTATION,substation,True,115.0,35.28670169,-120.70590108,San Luis Obispo County,,Operational,PGE Kern,300214.0
Bay Meadows,PG&E,pge,SUBSTATION,substation,True,115.0,37.55157542,-122.29284459,San Mateo County,San Mateo,Operational,PGE GBA,300820.0
East Grand,PG&E,pge,SUBSTATION,substation,True,115.0,37.65380745,-122.40315206,San Mateo County,South San Francisco,Operational,PGE GBA,306725.0
Serramonte,PG&E,pge,SUBSTATION,substation,True,115.0,37.65079499,-122.45424984,San Mateo County,Daly City,Operational,PGE GBA,308929.0
Buellton,PG&E,pge,SUBSTATION,substation,True,115.0,34.62477183,-120.18608208,Santa Barbara County,Buellton,Operational,PGE Kern,301348.0
Palmer,PG&E,pge,SUBSTATION,substation,True,115.0,34.82531463,-120.29878186,Santa Barbara County,,Operational,PGE Kern,303559.0
Purisima,PG&E,pge,SUBSTATION,substation,True,115.0,34.7008491,-120.43553555,Santa Barbara County,,Operational,PGE Kern,301901.0
Santa Maria,PG&E,pge,SUBSTATION,substation,True,115.0,34.95025794,-120.44413702,Santa Barbara County,Santa Maria,Operational,PGE Kern,305007.0
Santa Ynez,PG&E,pge,SUBSTATION,substation,True,115.0,34.6251963,-120.11934013,Santa Barbara County,Ballard,Operational,SCE Northern,309599.0
Zaca,PG&E,pge,SUBSTATION,substation,True,115.0,34.69669893,-120.15146427,Santa Barbara County,,Operational,PGE Kern,310123.0
Lockheed 1,Other (PGE - Assumed),pge_assumed,SUBSTATION,substation,True,115.0,37.40953644,-122.03176303,Santa Clara County,Sunnyvale,Operational,PGE GBA,300934.0
Lockheed 2,Other (PGE - Assumed),pge_assumed,SUBSTATION,substation,True,115.0,37.41612839,-122.03078966,Santa Clara County,Sunnyvale,Operational,PGE GBA,309138.0
River Oaks,PG&E,pge,SUBSTATION,substation,True,115.0,37.41116626,-121.92766569,Santa Clara County,San Jose,Operational,PGE GBA,300219.0
Dayton Road,PG&E,pge,SUBSTATION,substation,True,115.0,39.71972188,-121.83932292,Butte County,Chico,Operational,PGE NGBA,307434.0
Fairview - (PG&E),PG&E,pge,SUBSTATION,substation,True,115.0,38.01608207,-122.11627408,Contra Costa County,"Concord--Walnut Creek, CA",Operational,PGE GBA,301642.0
Oakland D,PG&E,pge,SUBSTATION,substation,True,115.0,37.83756579,-122.26359866,Alameda County,Oakland,Operational,PGE GBA,309780.0
Kerchoff 2,PG&E,pge,SUBSTATION,substation,True,115.0,37.07187243,-119.55802431,Fresno County,,Operational,PGE Fresno,301278.0
UC Davis,PG&E,pge,SUBSTATION,substation,True,115.0,38.52910509,-121.75138547,Yolo,,Operational,PGE NGBA,304248.0
Jameson,PG&E,pge,SUBSTATION,substation,True,115.0,38.20550143,-122.14786476,Solano County,Fairfield,Operational,PGE NGBA,300993.0
Hunters Point,PG&E,pge,SUBSTATION,substation,True,115.0,37.73691305,-122.37685316,San Francisco County,San Francisco,Operational,PGE GBA,303167.0
Palo Seco,PG&E,pge,SUBSTATION,substation,True,115.0,37.81910154,-122.20594215,Alameda County,Oakland,Operational,PGE GBA,309164.0
Pinedale,PG&E,pge,SUBSTATION,substation,True,115.0,36.84992404,-119.80333234,Fresno County,Fresno,Operational,PGE Fresno,308739.0
Airways,PG&E,pge,SUBSTATION,substation,True,115.0,36.77799944,-119.6737871,Fresno County,Fresno,Operational,PGE Fresno,308317.0
Gill,PG&E,pge,SUBSTATION,substation,True,115.0,37.98676322,-122.04025571,Contra Costa County,Concord,Operational,PGE GBA,303295.0
FMC,PG&E,pge,SUBSTATION,substation,True,115.0,37.34734628,-121.92189814,Santa Clara County,San Jose,Operational,PGE GBA,310378.0
Edenvale,PG&E,pge,SUBSTATION,substation,True,115.0,37.24455865,-121.79505232,Santa Clara County,San Jose,Operational,PGE GBA,309388.0
El Patio,PG&E,pge,SUBSTATION,substation,True,115.0,37.29202746,-121.93575283,Santa Clara County,Campbell,Operational,PGE GBA,308465.0
Evergreen,PG&E,pge,SUBSTATION,substation,True,115.0,37.30331932,-121.84009788,Santa Clara County,San Jose,Operational,PGE GBA,301933.0
Llagas,PG&E,pge,SUBSTATION,substation,True,115.0,37.00725799,-121.55723133,Santa Clara County,Gilroy,Operational,PGE GBA,301386.0
Morgan Hill,PG&E,pge,SUBSTATION,substation,True,115.0,37.12669562,-121.65889,Santa Clara County,Morgan Hill,Operational,PGE GBA,307343.0
Mt. View - (PG&E),PG&E,pge,SUBSTATION,substation,True,115.0,37.3826034,-122.06970633,Santa Clara County,Mountain View,Operational,PGE GBA,301685.0
San Jose Station A,PG&E,pge,SUBSTATION,substation,True,115.0,37.32816036,-121.90239191,Santa Clara County,San Jose,Operational,PGE GBA,310108.0
San Jose Station B,PG&E,pge,SUBSTATION,substation,True,115.0,37.34095907,-121.90151191,Santa Clara County,San Jose,Operational,PGE GBA,303258.0
Stone,PG&E,pge,SUBSTATION,substation,True,115.0,37.30399905,-121.86770291,Santa Clara County,San Jose,Operational,PGE GBA,308735.0
Swift,PG&E,pge,SUBSTATION,substation,True,115.0,37.32256307,-121.79694692,Santa Clara County,San Jose,Operational,PGE GBA,300377.0
Trimble,PG&E,pge,SUBSTATION,substation,True,115.0,37.38205711,-121.92722952,Santa Clara County,San Jose,Operational,PGE GBA,304295.0
Whisman,PG&E,pge,SUBSTATION,substation,True,115.0,37.40499229,-122.06853966,Santa Clara County,Mountain View,Operational,PGE GBA,303359.0
Green Valley - (PG&E),PG&E,pge,SUBSTATION,substation,True,115.0,36.95193511,-121.7602839,Santa Cruz County,Interlaken,Operational,PGE GBA,306785.0
Paul Sweet,PG&E,pge,SUBSTATION,substation,True,115.0,36.99231782,-121.98216624,Santa Cruz County,Live Oak,Operational,PGE GBA,305930.0
Jessup,PG&E,pge,SUBSTATION,substation,True,115.0,40.46178766,-122.32774517,Shasta County,"Redding, CA",Operational,PGE NGBA,304162.0
Carquinez,PG&E,pge,SUBSTATION,substation,True,115.0,38.09086753,-122.24863813,Solano County,Vallejo,Operational,PGE NGBA,304448.0
Bellevue,PG&E,pge,SUBSTATION,substation,True,115.0,38.37896858,-122.71252628,Sonoma County,"Santa Rosa, CA",Operational,PGE NGBA,310027.0
Cloverdale,PG&E,pge,SUBSTATION,substation,True,115.0,38.79714659,-123.01027341,Sonoma County,Cloverdale,Operational,PGE NGBA,305044.0
Monroe,PG&E,pge,SUBSTATION,substation,True,115.0,38.45321891,-122.74420314,Sonoma County,"Santa Rosa, CA",Operational,PGE NGBA,305975.0
Penngrove,PG&E,pge,SUBSTATION,substation,True,115.0,38.31550359,-122.68111816,Sonoma County,Rohnert Park,Operational,PGE NGBA,304754.0
Rincon - (PG&E),PG&E,pge,SUBSTATION,substation,True,115.0,38.4900627,-122.66605899,Sonoma County,,Operational,PGE NGBA,300255.0
Santa Rosa A,PG&E,pge,SUBSTATION,substation,True,115.0,38.43677053,-122.71341952,Sonoma County,Santa Rosa,Operational,PGE NGBA,301239.0
Riverbank,PG&E,pge,SUBSTATION,substation,True,115.0,37.76919802,-120.9078318,Stanislaus County,,Operational,PGE GBA,307726.0
East Nicolaus,PG&E,pge,SUBSTATION,substation,True,115.0,38.90969743,-121.54248504,Sutter County,East Nicolaus,Operational,PGE NGBA,309717.0
Pease,PG&E,pge,SUBSTATION,substation,True,115.0,39.17022737,-121.66129627,,Yuba City,Operational,PGE NGBA,306886.0
Alpaugh,PG&E,pge,SUBSTATION,substation,True,115.0,35.9633589,-119.45682356,Kings,,Operational,PGE Fresno,307836.0
Curtis,PG&E,pge,SUBSTATION,substation,True,115.0,37.97442745,-120.3198939,Tuolumne County,East Sonora,Operational,PGE GBA,308730.0
Mi-Wuk,PG&E,pge,SUBSTATION,substation,True,115.0,38.05288926,-120.21712205,Tuolumne County,Twain Harte,Operational,PGE GBA,307129.0
Peoria,PG&E,pge,SUBSTATION,substation,True,115.0,37.90373334,-120.49779833,Tuolumne County,,Operational,PGE GBA,305679.0
Racetrack,PG&E,pge,SUBSTATION,substation,True,115.0,37.97990568,-120.41416513,Tuolumne County,Jamestown,Operational,PGE GBA,308320.0
Knights Landing,PG&E,pge,SUBSTATION,substation,True,115.0,38.8092787,-121.74508156,Yolo County,,Operational,PGE NGBA,304325.0
Madison,PG&E,pge,SUBSTATION,substation,True,115.0,38.67068096,-121.96933373,Yolo County,,Operational,PGE NGBA,306252.0
Putah Creek,PG&E,pge,SUBSTATION,substation,True,115.0,38.52282172,-121.99506771,Yolo County,,Operational,PGE NGBA,303598.0
Bogue,PG&E,pge,SUBSTATION,substation,True,115.0,39.09589829,-121.62396603,Sutter County,,Operational,PGE NGBA,301511.0
East Marysville,PG&E,pge,SUBSTATION,substation,True,115.0,39.1634328,-121.56104236,Yuba County,Marysville,Operational,PGE NGBA,307161.0
Olivehurst,PG&E,pge,SUBSTATION,substation,True,115.0,39.09206459,-121.54295996,Yuba County,Olivehurst,Operational,PGE NGBA,304508.0
Corona - (PG&E),PG&E,pge,SUBSTATION,substation,True,115.0,38.26500774,-122.65735523,Sonoma County,Petaluma,Operational,PGE NGBA,306474.0
Dumbarton - (PG&E),PG&E,pge,SUBSTATION,substation,True,115.0,37.55698707,-122.05792688,Alameda County,Fremont,Operational,PGE GBA,307780.0
Edes - (PG&E),PG&E,pge,SUBSTATION,substation,True,115.0,37.73868459,-122.19378589,Alameda County,Oakland,Operational,PGE GBA,303133.0
Fremont - (PG&E),PG&E,pge,SUBSTATION,substation,True,115.0,37.54135816,-121.9619443,Alameda County,Fremont,Operational,PGE GBA,302108.0
Grant,PG&E,pge,SUBSTATION,substation,True,115.0,37.67126309,-122.15952551,Alameda County,San Leandro,Operational,PGE GBA,303596.0
Mt. Eden,PG&E,pge,SUBSTATION,substation,True,115.0,37.63205515,-122.10183496,Alameda County,Hayward,Operational,PGE GBA,305785.0
San Leandro U,PG&E,pge,SUBSTATION,substation,True,115.0,37.71061982,-122.14817516,Alameda County,San Leandro,Operational,PGE GBA,304946.0
Oakland J,PG&E,pge,SUBSTATION,substation,True,115.0,37.76299331,-122.21448164,Alameda County,Oakland,Operational,PGE GBA,306989.0
Lammers,PG&E,pge,SUBSTATION,substation,True,115.0,37.71302438,-121.47790414,San Joaquin County,,Operational,PGE GBA,307115.0
Cabrillo - (PG&E),PG&E,pge,SUBSTATION,substation,True,115.0,34.643265,-120.4372676,Santa Barbara County,Lompoc,Operational,PGE Kern,303296.0
Butte,PG&E,pge,SUBSTATION,substation,True,115.0,39.7122013,-121.81334371,Butte County,Chico,Operational,PGE NGBA,303732.0
Honcut,PG&E,pge,SUBSTATION,substation,True,115.0,39.32057514,-121.5953144,Butte County,,Operational,PGE NGBA,310438.0
Wyandotte,PG&E,pge,SUBSTATION,substation,True,115.0,39.49169511,-121.54093339,Butte County,South Oroville,Operational,PGE NGBA,302198.0
Frogtown,PG&E,pge,SUBSTATION,substation,True,115.0,38.05714769,-120.53395809,Calaveras County,,Operational,PGE GBA,305719.0
Alhambra - (PG&E),PG&E,pge,SUBSTATION,substation,True,115.0,37.99391824,-122.13010237,Contra Costa County,Martinez,Operational,PGE GBA,309944.0
Clayton,PG&E,pge,SUBSTATION,substation,True,115.0,37.94409526,-121.96909398,Contra Costa County,Concord,Operational,PGE GBA,303412.0
El Cerrito Station G,PG&E,pge,SUBSTATION,substation,True,115.0,37.91624728,-122.30220899,Contra Costa County,El Cerrito,Operational,PGE GBA,304175.0
Kirker,PG&E,pge,SUBSTATION,substation,True,115.0,38.02078399,-121.90594183,Contra Costa County,Pittsburg,Operational,PGE GBA,309545.0
Lakewood - (PG&E),PG&E,pge,SUBSTATION,substation,True,115.0,37.90840515,-122.05732168,Contra Costa County,Walnut Creek,Operational,PGE GBA,305570.0
Meadow Lane,PG&E,pge,SUBSTATION,substation,True,115.0,37.96323827,-122.05223994,Contra Costa County,Concord,Operational,PGE GBA,307646.0
San Pablo,PG&E,pge,SUBSTATION,substation,True,115.0,37.98529144,-122.33681203,Contra Costa County,Richmond,Operational,PGE GBA,307126.0
El Dorado,PG&E,pge,SUBSTATION ASSUMED,substation,True,115.0,38.79560026,-120.6219084,El Dorado County,,Operational,PGE NGBA,
Placerville,PG&E,pge,SUBSTATION,substation,True,115.0,38.73089349,-120.78382553,El Dorado County,Placerville,Operational,PGE NGBA,304255.0
Bullard,PG&E,pge,SUBSTATION,substation,True,115.0,36.82387207,-119.76846319,Fresno County,Fresno,Operational,PGE Fresno,305986.0
Cantua,PG&E,pge,SUBSTATION,substation,True,115.0,36.42930859,-120.34164301,Fresno County,,Operational,PGE Fresno,303854.0
Clovis,PG&E,pge,SUBSTATION,substation,True,115.0,36.82619305,-119.68124113,Fresno County,Clovis,Operational,PGE Fresno,305589.0
Hammonds,PG&E,pge,SUBSTATION,substation,True,115.0,36.72023024,-120.60329797,Fresno County,,Operational,PGE Fresno,304973.0
Kingsburg,PG&E,pge,SUBSTATION,substation,True,115.0,36.4884271,-119.58247758,Fresno County,,Operational,PGE Fresno,301616.0
Malaga,PG&E,pge,SUBSTATION,substation,True,115.0,36.69324998,-119.7265213,Fresno County,"Fresno, CA",Operational,PGE Fresno,307652.0
Mendota,PG&E,pge,SUBSTATION,substation,True,115.0,36.72083896,-120.45663091,Fresno County,,Operational,PGE Fresno,309412.0
Oro Loma,PG&E,pge,SUBSTATION,substation,True,115.0,36.88674558,-120.65490319,Fresno County,,Operational,PGE Fresno,306702.0
Reedley,PG&E,pge,SUBSTATION,substation,True,115.0,36.60434214,-119.37619576,Fresno County,,Operational,PGE Fresno,308378.0
Sanger,PG&E,pge,SUBSTATION,substation,True,115.0,36.70938156,-119.6110322,Fresno County,,Operational,PGE Fresno,303753.0
Schindler,PG&E,pge,SUBSTATION,substation,True,115.0,36.40193944,-120.13870949,Fresno County,Westside,Operational,PGE Fresno,304309.0
Wahtoke,PG&E,pge,SUBSTATION,substation,True,115.0,36.61538566,-119.45259608,Fresno County,Reedley,Operational,PGE Fresno,305874.0
West Fresno,PG&E,pge,SUBSTATION,substation,True,115.0,36.71816864,-119.81899178,Fresno County,Fresno,Operational,PGE Fresno,309459.0
Woodward,PG&E,pge,SUBSTATION,substation,True,115.0,36.89627196,-119.75098828,Fresno County,Fresno,Operational,PGE Fresno,302044.0
Bridgeville,PG&E,pge,SUBSTATION,substation,True,115.0,40.47964093,-123.78029605,Humboldt County,,Operational,PGE NGBA,306209.0
Charca,PG&E,pge,SUBSTATION,substation,True,115.0,35.60807005,-119.32530137,Kern County,,Operational,PGE Kern,303174.0
Columbus,PG&E,pge,SUBSTATION,substation,True,115.0,35.3984006,-118.93986814,Kern County,Bakersfield,Operational,PGE Kern,306049.0
Famoso - (PG&E),PG&E,pge,SUBSTATION,substation,True,115.0,35.60503537,-119.20364064,Kern County,,Operational,PGE Kern,306798.0
Ganso - (PG&E),PG&E,pge,SUBSTATION,substation,True,115.0,35.50111023,-119.44895435,Kern County,WASCO,Operational,PGE Kern,302966.0
Goose Lake - (PG&E),PG&E,pge,SUBSTATION,substation,True,115.0,35.60163396,-119.57986802,Kern County,,Operational,PGE Kern,309604.0
Lamont,PG&E,pge,SUBSTATION,substation,True,115.0,35.29676929,-118.86142003,Kern County,,Operational,PGE Kern,304543.0
Lerdo,PG&E,pge,SUBSTATION,substation,True,115.0,35.50036107,-119.15181482,Kern County,,Operational,PGE Kern,300679.0
Norco - (PG&E),PG&E,pge,SUBSTATION,substation,True,115.0,35.28599489,-119.30902494,Kern County,,Operational,PGE Kern,302068.0
Rio Bravo - (PG&E),PG&E,pge,SUBSTATION,substation,True,115.0,35.44202467,-119.26070292,Kern County,"Shafter, CA",Operational,PGE Kern,308428.0
Rosedale,PG&E,pge,SUBSTATION ASSUMED,substation,True,115.0,35.3770561,-119.07728909,Kern County,"Bakersfield, CA",Operational,PGE Kern,
Semitropic,PG&E,pge,SUBSTATION,substation,True,115.0,35.60074076,-119.43751153,Kern County,,Operational,PGE Kern,304816.0
Shafter,PG&E,pge,SUBSTATION,substation,True,115.0,35.5138999,-119.31778895,Kern County,,Operational,PGE Kern,304894.0
Smyrna,PG&E,pge,SUBSTATION,substation,True,115.0,35.71781655,-119.4553291,Kern County,,Operational,PGE Kern,307733.0
Taft - Other,PG&E,pge,SUBSTATION,substation,True,115.0,35.13594121,-119.48201534,Kern County,Taft,Operational,PGE Kern,309706.0
Calpella,PG&E,pge,SUBSTATION,substation,True,115.0,39.19724466,-123.19240457,Mendocino County,"Ukiah, CA",Operational,PGE NGBA,304154.0
Hopland,PG&E,pge,SUBSTATION,substation,True,115.0,38.97278815,-123.08110832,Mendocino County,,Operational,PGE NGBA,308337.0
Mendocino,PG&E,pge,SUBSTATION,substation,True,115.0,39.25047853,-123.19637708,Mendocino County,,Operational,PGE NGBA,300881.0
Ukiah - (PG&E),PG&E,pge,SUBSTATION,substation,True,115.0,39.14314457,-123.19180142,Mendocino County,,Operational,PGE NGBA,300355.0
Atwater,PG&E,pge,SUBSTATION,substation,True,115.0,37.3600959,-120.61467187,Merced County,Atwater,Operational,PGE Fresno,309828.0
Cressey,PG&E,pge,SUBSTATION,substation,True,115.0,37.42846447,-120.63851484,Merced County,,Operational,PGE Fresno,300511.0
El Nido - (PG&E),PG&E,pge,SUBSTATION,substation,True,115.0,37.12062842,-120.47268443,Merced County,,Operational,PGE Fresno,300501.0
Le Grand,PG&E,pge,SUBSTATION,substation,True,115.0,37.18497183,-120.27394225,Merced County,,Operational,PGE Fresno,309218.0
Merced - (PG&E),PG&E,pge,SUBSTATION,substation,True,115.0,37.27330296,-120.48722615,Merced County,,Operational,PGE Fresno,303908.0
Salinas - (PG&E),PG&E,pge,SUBSTATION,substation,True,115.0,36.68227081,-121.65137249,Monterey County,Salinas,Operational,PGE GBA,301438.0
Monticello,PG&E,pge,SUBSTATION,substation,True,115.0,38.50851157,-122.21445037,Napa County,,Operational,PGE NGBA,301380.0
Silverado,PG&E,pge,SUBSTATION,substation,True,115.0,38.49981294,-122.45909737,Napa County,St. Helena,Operational,PGE NGBA,300459.0
Brunswick,PG&E,pge,SUBSTATION,substation,True,115.0,39.23104485,-121.0350129,Nevada County,Grass Valley,Operational,PGE NGBA,310414.0
Higgins,PG&E,pge,SUBSTATION,substation,True,115.0,39.04403542,-121.09067938,Nevada County,,Operational,PGE NGBA,300810.0
Bell,PG&E,pge,SUBSTATION,substation,True,115.0,38.94679453,-121.09165843,Placer County,"Auburn, CA",Operational,PGE NGBA,307708.0
Lincoln - (PG&E),PG&E,pge,SUBSTATION,substation,True,115.0,38.90051818,-121.29408079,Placer County,Lincoln,Operational,PGE NGBA,305614.0
Pleasant Grove,PG&E,pge,SUBSTATION,substation,True,115.0,38.8220853,-121.30652765,Placer County,"Sacramento, CA",Operational,PGE NGBA,306894.0
Summit - (PG&E),PG&E,pge,SUBSTATION,substation,True,115.0,39.3192799,-120.37883663,Nevada County,,Operational,PGE NGBA,309893.0
Grand Island,PG&E,pge,SUBSTATION,substation,True,115.0,38.2315554,-121.59040207,Sacramento County,,Operational,PGE NGBA,307509.0
Temblor,PG&E,pge,SUBSTATION,substation,True,115.0,35.38274321,-119.69617506,Kern County,,Operational,PGE Kern,308923.0
Tupman,PG&E,pge,SUBSTATION,substation,True,115.0,35.35415616,-119.2706431,Kern County,,Operational,PGE Kern,307333.0
West Park,PG&E,pge,SUBSTATION,substation,True,115.0,35.37392286,-119.04030422,Kern County,Bakersfield,Operational,PGE Kern,308607.0
Kern Oil,PG&E,pge,SUBSTATION,substation,True,115.0,35.44070065,-119.02072362,Kern County,Oildale,Operational,PGE Kern,303990.0
Corcoran,PG&E,pge,SUBSTATION,substation,True,115.0,36.10939596,-119.55718007,Kings County,,Operational,PGE Fresno,301468.0
Redbud,PG&E,pge,SUBSTATION,substation,True,115.0,39.02753001,-122.66236986,Lake County,Clearlake Oaks,Operational,PGE NGBA,310476.0
Chowchilla - (PG&E),PG&E,pge,SUBSTATION,substation,True,115.0,37.1207793,-120.25079161,Madera County,Chowchilla,Operational,PGE Fresno,302015.0
Dairyland,PG&E,pge,SUBSTATION,substation,True,115.0,37.05491042,-120.31673009,Madera County,,Operational,PGE Fresno,304474.0
Hollister,PG&E,pge,SUBSTATION,substation,True,115.0,36.86284116,-121.40599793,San Benito County,,Operational,PGE GBA,302362.0
Avena,PG&E,pge,SUBSTATION,substation,True,115.0,37.84225694,-121.054112,San Joaquin County,,Operational,PGE GBA,306027.0
Ripon,PG&E,pge,SUBSTATION,substation,True,115.0,37.75580471,-121.14650732,San Joaquin County,Ripon,Operational,PGE GBA,306321.0
Manteca - (PG&E),PG&E,pge,SUBSTATION,substation,True,115.0,37.80112896,-121.22385696,San Joaquin County,Manteca,Operational,PGE GBA,300727.0
Stockton Station A,PG&E,pge,SUBSTATION,substation,True,115.0,37.94745296,-121.28870892,San Joaquin County,Stockton,Operational,PGE GBA,304843.0
Valley Home,PG&E,pge,SUBSTATION,substation,True,115.0,37.85642153,-120.94441317,STANISLAUS,Valley Home,Operational,PGE GBA,308653.0
Carrizo Plains,PG&E,pge,SUBSTATION,substation,True,115.0,35.38067665,-120.04018164,San Luis Obispo County,,Operational,PGE Kern,307013.0
Oceano,PG&E,pge,SUBSTATION,substation,True,115.0,35.10170656,-120.58097843,San Luis Obispo County,,Operational,PGE Kern,304296.0
San Luis Obispo,PG&E,pge,SUBSTATION,substation,True,115.0,35.26168595,-120.63485317,San Luis Obispo County,"San Luis Obispo, CA",Operational,PGE Kern,300403.0
Burlingame,PG&E,pge,SUBSTATION,substation,True,115.0,37.58991921,-122.36336086,San Mateo County,Burlingame,Operational,PGE GBA,305553.0
Millbrae - (PG&E),PG&E,pge,SUBSTATION,substation,True,115.0,37.60593319,-122.39188025,San Mateo County,Millbrae,Operational,PGE GBA,304382.0
Divide,PG&E,pge,SUBSTATION,substation,True,115.0,34.82822077,-120.44840982,Santa Barbara County,,Operational,PGE Kern,306401.0
Fairway,PG&E,pge,SUBSTATION,substation,True,115.0,34.91051833,-120.44649997,Santa Barbara County,Santa Maria,Operational,PGE Kern,305584.0
Sisquoc,PG&E,pge,SUBSTATION,substation,True,115.0,34.87859381,-120.33066486,Santa Barbara County,,Operational,PGE Kern,302126.0
Nortech,PG&E,pge,SUBSTATION,substation,True,115.0,37.42069816,-121.95985677,Santa Clara County,San Jose,Operational,PGE GBA,309225.0
Richmond R,PG&E,pge,SUBSTATION,substation,True,115.0,37.92617563,-122.36956389,Contra Costa County,Richmond,Operational,PGE GBA,310293.0
Oakland C,PG&E,pge,SUBSTATION,substation,True,115.0,37.79786105,-122.28199282,Alameda County,Oakland,Operational,PGE GBA,304493.0
Oakland X,PG&E,pge,SUBSTATION,substation,True,115.0,37.80528491,-122.2312545,Alameda County,Oakland,Operational,PGE GBA,302963.0
Oakland L,PG&E,pge,SUBSTATION,substation,True,115.0,37.81030904,-122.27139981,Alameda County,Oakland,Operational,PGE GBA,309845.0
Dixon Landing - (PG&E),PG&E,pge,SUBSTATION,substation,True,115.0,37.45754919,-121.92126489,Alameda County,Fremont,Operational,PGE GBA,309200.0
California Ave,PG&E,pge,SUBSTATION,substation,True,115.0,36.71951295,-119.76417234,Fresno County,Fresno,Operational,PGE Fresno,307086.0
Poso Mt.,PG&E,pge,SUBSTATION,substation,True,115.0,35.55922992,-118.95763078,Kern County,,Operational,PGE Kern,304017.0
Drum 1,PG&E,pge,SUBSTATION,substation,True,115.0,39.25666204,-120.7667826,Placer County,,Operational,PGE NGBA,306006.0
Vierra,PG&E,pge,SUBSTATION,substation,True,115.0,37.79784999,-121.27420395,San Joaquin County,Lathrop,Operational,PGE GBA,302337.0
Piercy,PG&E,pge,SUBSTATION,substation,True,115.0,37.26909021,-121.78723318,Santa Clara County,San Jose,Operational,PGE GBA,309463.0
Woodland,PG&E,pge,SUBSTATION,substation,True,115.0,38.67863264,-121.76002753,Yolo County,Woodland,Operational,PGE NGBA,309802.0
Stanislaus,PG&E,pge,SUBSTATION,substation,True,115.0,38.13789292,-120.37017629,Tuolumne County,,Operational,PGE GBA,302290.0
Notre Dame,PG&E,pge,SUBSTATION,substation,True,115.0,39.73014868,-121.79635166,Butte County,Chico,Operational,PGE NGBA,306199.0
Renfro,PG&E,pge,SUBSTATION,substation,True,115.0,35.38771444,-119.16408206,Kern County,Rosedale,Operational,PGE Kern,304036.0
Westley - (PG&E),PG&E,pge,SUBSTATION,substation,True,115.0,37.57957288,-121.20594716,Stanislaus County,,Operational,PGE Fresno,303355.0
7th Standard,PG&E,pge,SUBSTATION,substation,True,115.0,35.43968925,-119.1311164,Kern,Bakersfield,Operational,PGE Kern,305631.0
Cal Water,PG&E,pge,SUBSTATION,substation,True,115.0,35.42202189,-118.90075075,Kern County,Bakersfield,Operational,PGE Kern,301119.0
Santa Teresa,PG&E,pge,SUBSTATION ASSUMED,substation,True,115.0,37.23871506,-121.79075694,#REF!,San Jose,,PGE GBA,
Soledad - (PGE GBA),PG&E,pge,SUBSTATION,substation,True,115.0,36.42963391,-121.33248337,Monterey County,Soledad,Operational,PGE GBA,304545.0
Shepherd,PG&E,pge,SUBSTATION,substation,True,115.0,36.87308148,-119.6939931,Fresno County,,,PGE Fresno,
San Benito,PG&E,pge,SUBSTATION,substation,True,115.0,36.86888964,-121.54933834,San Benito County,,,PGE GBA,
Cuyama,PG&E,pge,SUBSTATION,substation,True,70.0,34.92760069,-119.62132918,Santa Barbara County,Cuyama,Operational,PGE Kern,302341.0
Giffen,PG&E,pge,SUBSTATION,substation,True,70.0,36.54513862,-120.33476285,Fresno,Cantua Creek,Operational,PGE Fresno,303660.0
Antelope - (PG&E),PG&E,pge,SUBSTATION,substation,True,70.0,35.65789628,-119.99642185,Kern County,,Operational,PGE Kern,303111.0
Arvin,PG&E,pge,SUBSTATION,substation,True,70.0,35.15030959,-118.87845497,Kern County,,Operational,PGE Kern,307806.0
Blackwell,PG&E,pge,SUBSTATION,substation,True,70.0,35.61461731,-119.85369858,Kern County,,Operational,PGE Kern,310253.0
Carneras,PG&E,pge,SUBSTATION,substation,True,70.0,35.54109503,-119.805218,Kern County,,Operational,PGE Kern,310382.0
Devils Den,PG&E,pge,SUBSTATION,substation,True,70.0,35.7750034,-119.97377632,Kern County,,Operational,PGE Kern,302208.0
Maricopa,PG&E,pge,SUBSTATION,substation,True,70.0,35.10777512,-119.39816853,Kern County,Taft,Operational,PGE Kern,306516.0
Mc Farland,PG&E,pge,SUBSTATION,substation,True,70.0,35.68837909,-119.2768473,Kern County,McFarland,Operational,PGE Kern,303734.0
Weedpatch,PG&E,pge,SUBSTATION,substation,True,70.0,35.22374228,-118.87999595,Kern County,,Operational,PGE Kern,304041.0
Wellfield,PG&E,pge,SUBSTATION,substation,True,70.0,35.22431531,-118.77896203,Kern County,,Operational,PGE Kern,305777.0
Bonita,PG&E,pge,SUBSTATION,substation,True,70.0,36.92391321,-120.20156688,Madera County,,Operational,PGE Fresno,309107.0
Cassidy,PG&E,pge,SUBSTATION,substation,True,70.0,36.92352996,-119.81264627,Madera County,,Operational,PGE Fresno,300520.0
El Peco,PG&E,pge,SUBSTATION,substation,True,70.0,36.88073131,-120.16441305,Madera County,,Operational,PGE Fresno,307534.0
Bear Valley,PG&E,pge,SUBSTATION,substation,True,70.0,37.58645051,-120.12552889,Mariposa County,,Operational,PGE Fresno,306034.0
Indian Flat,PG&E,pge,SUBSTATION,substation,True,70.0,37.66478936,-119.84121503,Mariposa County,,Operational,PGE Fresno,307424.0
Auberry,PG&E,pge,SUBSTATION,substation,True,70.0,37.06798297,-119.4957038,Fresno County,Auberry,Operational,PGE Fresno,307556.0
Mckittrick,PG&E,pge,SUBSTATION,substation,True,70.0,35.29689072,-119.62635607,Kern County,McKittrick,Operational,PGE Kern,302971.0
Orosi,PG&E,pge,SUBSTATION,substation,True,70.0,36.54483107,-119.25140686,Tulare County,,Operational,PGE Fresno,308989.0
Biola,PG&E,pge,SUBSTATION,substation,True,70.0,36.79273485,-120.11413385,Fresno County,,Operational,PGE Fresno,303612.0
Copus,PG&E,pge,SUBSTATION,substation,True,70.0,35.09338517,-119.27892406,Kern County,,Operational,PGE Kern,308995.0
Lakeview - (PG&E),PG&E,pge,SUBSTATION,substation,True,70.0,35.09413952,-119.10110982,Kern County,,Operational,PGE Kern,306458.0
Old River,PG&E,pge,SUBSTATION,substation,True,70.0,35.20842563,-119.10067378,Kern County,,Operational,PGE Kern,307206.0
Panama,PG&E,pge,SUBSTATION,substation,True,70.0,35.29555113,-119.02163969,Kern County,Bakersfield,Operational,PGE Kern,309551.0
Tejon,PG&E,pge,SUBSTATION,substation,True,70.0,35.01964907,-118.95514351,Kern County,,Operational,PGE Kern,303781.0
Guernsey - (PG&E),PG&E,pge,SUBSTATION,substation,True,70.0,36.22630837,-119.65521209,Kings County,Hanford,Operational,PGE Fresno,309019.0
Madera,PG&E,pge,SUBSTATION,substation,True,70.0,36.92349561,-120.05537424,Madera County,,Operational,PGE Fresno,309518.0
Cholame,Other (PGE - Assumed),pge_assumed,SUBSTATION,substation,True,70.0,35.6865451,-120.33621788,San Luis Obispo County,,Operational,PGE Fresno,302329.0
Lemoore - (PGE Fresno),PG&E,pge,SUBSTATION,substation,True,70.0,36.30932881,-119.79828795,Kings County,Lemoore,Operational,PGE Fresno,303868.0
Mc Arthur,PG&E,pge,SUBSTATION,substation,True,69.0,41.05123372,-121.40824747,Shasta County,,Operational,PGE NGBA,309119.0
Merced Falls,PG&E,pge,SUBSTATION,substation,True,69.0,37.52318667,-120.33033166,Merced County,,Operational,PGE Fresno,300617.0
Almaden,PG&E,pge,SUBSTATION,substation,True,60.0,37.25995628,-121.88988531,Santa Clara County,San Jose,Operational,PGE GBA,304708.0
Los Altos,PG&E,pge,SUBSTATION,substation,True,60.0,37.39383951,-122.11471187,Santa Clara County,Los Altos,Operational,PGE GBA,302246.0
Loyola,PG&E,pge,SUBSTATION,substation,True,60.0,37.36105344,-122.09969526,Santa Clara County,Loyola,Operational,PGE GBA,305018.0
Big Basin,PG&E,pge,SUBSTATION,substation,True,60.0,37.13088311,-122.17213158,Santa Cruz County,,Operational,PGE GBA,310388.0
Burns,PG&E,pge,SUBSTATION,substation,True,60.0,37.09532709,-122.14427417,Santa Cruz County,Bonny Doon,Operational,PGE GBA,300717.0
Erta,PG&E,pge,SUBSTATION,substation,True,60.0,36.93037681,-121.76422718,Santa Cruz County,,Operational,PGE GBA,300680.0
Point Moretti,PG&E,pge,SUBSTATION,substation,True,60.0,37.03106358,-122.18816022,Santa Cruz County,,Operational,PGE GBA,306055.0
Anderson,PG&E,pge,SUBSTATION,substation,True,60.0,40.44972895,-122.30503235,Shasta County,Anderson,Operational,PGE NGBA,303126.0
Deschutes,PG&E,pge,SUBSTATION,substation,True,60.0,40.55534765,-122.23979123,Shasta County,Palo Cedro,Operational,PGE NGBA,307510.0
French Gulch,PG&E,pge,SUBSTATION,substation,True,60.0,40.6868943,-122.64112433,Shasta County,French Gulch,Operational,PGE NGBA,306145.0
Rising River,PG&E,pge,SUBSTATION,substation,True,60.0,40.92900085,-121.54437329,Shasta County,Cassel,Operational,PGE NGBA,302834.0
Stillwater - (PG&E),PG&E,pge,SUBSTATION,substation,True,60.0,40.67775832,-122.3497616,Shasta County,Shasta Lake,Operational,PGE NGBA,300712.0
Whitmore,PG&E,pge,SUBSTATION,substation,True,60.0,40.62902865,-121.91580456,Shasta County,Whitmore,Operational,PGE NGBA,303330.0
Alleghany,PG&E,pge,SUBSTATION,substation,True,60.0,39.46547635,-120.84478776,Sierra County,Alleghany,Operational,PGE NGBA,309313.0
Pike City,PG&E,pge,SUBSTATION,substation,True,60.0,39.43810092,-120.99608554,Sierra County,Pike,Operational,PGE NGBA,307452.0
Winters,PG&E,pge,SUBSTATION,substation,True,60.0,38.51759553,-121.95113858,Solano County,,Operational,PGE NGBA,301701.0
Annapolis,PG&E,pge,SUBSTATION,substation,True,60.0,38.68029797,-123.31187282,Sonoma County,,Operational,PGE NGBA,307175.0
Cotati,PG&E,pge,SUBSTATION,substation,True,60.0,38.30955404,-122.73163467,Sonoma County,,Operational,PGE NGBA,300100.0
Dunbar,PG&E,pge,SUBSTATION,substation,True,60.0,38.38339002,-122.5278957,Sonoma County,,Operational,PGE NGBA,302926.0
Fort Ross,PG&E,pge,SUBSTATION,substation,True,60.0,38.53958806,-123.22368859,Sonoma County,,Operational,PGE NGBA,303814.0
Geyserville,PG&E,pge,SUBSTATION,substation,True,60.0,38.70980841,-122.90796625,Sonoma County,Geyserville,Operational,PGE NGBA,305083.0
Mirabel,PG&E,pge,SUBSTATION,substation,True,60.0,38.48950237,-122.89416935,Sonoma County,Forestville,Operational,PGE NGBA,309005.0
Molino,PG&E,pge,SUBSTATION,substation,True,60.0,38.42528304,-122.83231264,Sonoma County,"Sebastopol, CA",Operational,PGE NGBA,307133.0
Monte Rio,PG&E,pge,SUBSTATION,substation,True,60.0,38.47140902,-123.01222292,Sonoma County,Monte Rio,Operational,PGE NGBA,303017.0
Petaluma Station C,PG&E,pge,SUBSTATION,substation,True,60.0,38.23908398,-122.63669905,Sonoma County,Petaluma,Operational,PGE NGBA,308649.0
Petaluma Station A,PG&E,pge,SUBSTATION,substation,True,60.0,38.23416504,-122.6362107,Sonoma County,Petaluma,Operational,PGE NGBA,309212.0
Salmon Creek,PG&E,pge,SUBSTATION,substation,True,60.0,38.34344107,-123.0447446,Sonoma County,,Operational,PGE NGBA,301606.0
Newman,PG&E,pge,SUBSTATION,substation,True,60.0,37.31558111,-121.01500098,Stanislaus County,Newman,Operational,PGE GBA,303691.0
Barry,PG&E,pge,SUBSTATION,substation,True,60.0,39.06921128,-121.68983455,Sutter County,,Operational,PGE NGBA,307628.0
Catlett,PG&E,pge,SUBSTATION,substation,True,60.0,38.80884291,-121.51640082,Sutter County,,Operational,PGE NGBA,300989.0
Harter,PG&E,pge,SUBSTATION,substation,True,60.0,39.14327679,-121.648002,Sutter County,Yuba City,Operational,PGE NGBA,302090.0
Live Oak - 95953,PG&E,pge,SUBSTATION,substation,True,60.0,39.27638489,-121.66028657,Sutter County,Live Oak,Operational,PGE NGBA,300735.0
Tudor,PG&E,pge,SUBSTATION,substation,True,60.0,38.98167395,-121.63510417,Sutter County,,Operational,PGE NGBA,309739.0
Corning,PG&E,pge,SUBSTATION,substation,True,60.0,39.93242638,-122.18757622,Tehama County,Corning,Operational,PGE NGBA,303116.0
Dairyville,PG&E,pge,SUBSTATION,substation,True,60.0,40.12801843,-122.09834284,Tehama County,,Operational,PGE NGBA,309414.0
Gerber,PG&E,pge,SUBSTATION,substation,True,60.0,40.06409493,-122.15604376,Tehama County,Gerber,Operational,PGE NGBA,305634.0
Los Molinos,PG&E,pge,SUBSTATION,substation,True,60.0,40.03419473,-122.09610432,Tehama County,Los Molinos,Operational,PGE NGBA,306838.0
Rawson Packaging,PG&E,pge,SUBSTATION,substation,True,60.0,40.1499682,-122.21300961,Tehama County,,Operational,PGE NGBA,300884.0
Tyler,PG&E,pge,SUBSTATION,substation,True,60.0,40.1384696,-122.2088274,Tehama County,,Operational,PGE NGBA,300492.0
Vina,PG&E,pge,SUBSTATION,substation,True,60.0,39.94163191,-122.04168807,Tehama County,,Operational,PGE NGBA,303589.0
Dinuba,Other (PGE - Assumed),pge_assumed,SUBSTATION,substation,True,60.0,36.52022553,-119.39429573,Tulare County,,Operational,PGE Fresno,306163.0
Stone Corral,PG&E,pge,SUBSTATION,substation,True,60.0,36.47210872,-119.18799796,Tulare County,,Operational,SCE Northern,307781.0
Dunnigan,PG&E,pge,SUBSTATION,substation,True,60.0,38.92500141,-121.98946895,Yolo County,,Operational,PGE NGBA,309864.0
Plainfield,PG&E,pge,SUBSTATION,substation,True,60.0,38.61925895,-121.79444809,Yolo County,,Operational,PGE NGBA,303179.0
Browns  Valley,PG&E,pge,SUBSTATION,substation,True,60.0,39.22586431,-121.42275985,Yuba County,,Operational,PGE NGBA,306003.0
Challenge - PG&E,PG&E,pge,SUBSTATION,substation,True,60.0,39.48525408,-121.22030544,Yuba County,Challenge-Brownsville,Operational,PGE NGBA,300091.0
Dobbins,PG&E,pge,SUBSTATION,substation,True,60.0,39.33987135,-121.19491402,Yuba County,,Operational,PGE NGBA,308305.0
Marysville,PG&E,pge,SUBSTATION,substation,True,60.0,39.14002464,-121.58346101,Yuba County,Marysville,Operational,PGE NGBA,301720.0
Plumas - (PG&E),PG&E,pge,SUBSTATION,substation,True,60.0,39.02624095,-121.54303879,Yuba County,Plumas Lake,Operational,PGE NGBA,307240.0
Wheatland - (PG&E),PG&E,pge,SUBSTATION,substation,True,60.0,39.01314211,-121.41860311,Yuba County,Wheatland,Operational,PGE NGBA,302223.0
Livermore,PG&E,pge,SUBSTATION,substation,True,60.0,37.68002283,-121.78049172,Alameda County,Livermore,Operational,PGE GBA,307237.0
Radum,PG&E,pge,SUBSTATION,substation,True,60.0,37.67255004,-121.8595149,Alameda County,Pleasanton,Operational,PGE GBA,300539.0
Ione,Other (PGE - Assumed),pge_assumed,SUBSTATION,substation,True,60.0,38.37389594,-120.95753668,Amador County,Ione,Operational,PGE GBA,300305.0
Martell,PG&E,pge,SUBSTATION,substation,True,60.0,38.36910288,-120.79674099,Amador County,Martell,Operational,PGE GBA,306434.0
Oleta,PG&E,pge,SUBSTATION,substation,True,60.0,38.48075913,-120.84493058,Amador County,Plymouth,Operational,PGE GBA,304637.0
Pine Grove,PG&E,pge,SUBSTATION,substation,True,60.0,38.41279257,-120.66022093,Amador County,Pine Grove,Operational,PGE GBA,306215.0
Oroville,PG&E,pge,SUBSTATION,substation,True,60.0,39.5039928,-121.56014172,Butte County,Oroville,Operational,PGE NGBA,300266.0
Calaveras Cement,Other (PGE - Assumed),pge_assumed,SUBSTATION,substation,True,60.0,38.16989182,-120.66721476,Calaveras County,San Andreas,Operational,PGE GBA,308779.0
Corral,PG&E,pge,SUBSTATION,substation,True,60.0,38.10147557,-120.92616284,Calaveras County,,Operational,PGE GBA,300455.0
Arbuckle,PG&E,pge,SUBSTATION,substation,True,60.0,39.01747461,-122.06138151,Colusa County,Arbuckle,Operational,PGE NGBA,303681.0
Colusa,PG&E,pge,SUBSTATION,substation,True,60.0,39.21352958,-122.00253699,Colusa County,Colusa,Operational,PGE NGBA,306707.0
Maxwell - (PG&E),PG&E,pge,SUBSTATION,substation,True,60.0,39.27695488,-122.15327551,Colusa County,,Operational,PGE NGBA,306085.0
Rice,PG&E,pge,SUBSTATION,substation,True,60.0,39.40274207,-122.01325134,Colusa County,Princeton,Operational,PGE NGBA,304472.0
Williams,PG&E,pge,SUBSTATION,substation,True,60.0,39.15748258,-122.14769871,Colusa County,Williams,Operational,PGE NGBA,301442.0
Balfour,PG&E,pge,SUBSTATION,substation,True,60.0,37.92583299,-121.67826287,Contra Costa County,Brentwood,Operational,PGE GBA,308996.0
Franklin - (PG&E),PG&E,pge,SUBSTATION,substation,True,60.0,38.01210203,-122.26431677,Contra Costa County,Hercules,Operational,PGE GBA,306689.0
Herdlyn,PG&E,pge,SUBSTATION,substation,True,60.0,37.81671545,-121.58615233,Contra Costa County,,Operational,PGE GBA,303302.0
Narrows - (PG&E),PG&E,pge,SUBSTATION,substation,True,60.0,39.23512352,-121.26861825,Nevada County,,Operational,PGE NGBA,309979.0
Mt. Quarries,PG&E,pge,SUBSTATION,substation,True,60.0,38.91406082,-121.01896906,El Dorado County,,Operational,PGE NGBA,303981.0
Calflax,Other (PGE - Assumed),pge_assumed,SUBSTATION,substation,True,60.0,36.2840034,-120.12206232,Fresno County,,Operational,PGE Fresno,306230.0
Camden - (PG&E),PG&E,pge,SUBSTATION,substation,True,60.0,36.44598108,-119.79895395,Fresno County,,Operational,PGE Fresno,300661.0
Dunlap,PG&E,pge,SUBSTATION,substation,True,60.0,36.70934769,-119.02894301,Fresno County,,Operational,PGE Fresno,307630.0
Fireboard,PG&E,pge,SUBSTATION,substation,True,60.0,36.8505761,-120.46635952,Fresno County,,Operational,PGE Fresno,307163.0
Kerman,PG&E,pge,SUBSTATION,substation,True,60.0,36.69152999,-120.06007027,Fresno County,,Operational,PGE Fresno,310472.0
Bowles,PG&E,pge,SUBSTATION,substation,True,60.0,36.60561399,-119.77329431,Fresno County,,Operational,PGE Fresno,302316.0
San Joaquin,PG&E,pge,SUBSTATION,substation,True,60.0,36.62093115,-120.17833856,Fresno County,,Operational,PGE Fresno,302873.0
Sand Creek,PG&E,pge,SUBSTATION,substation,True,60.0,36.64478224,-119.16048553,Tulare County,,Operational,PGE Fresno,309016.0
Stroud,PG&E,pge,SUBSTATION,substation,True,60.0,36.53108265,-120.10449376,Fresno County,,Operational,PGE Fresno,304332.0
Jacinto,PG&E,pge,SUBSTATION,substation,True,60.0,39.58278052,-122.01045854,Glenn County,,Operational,PGE NGBA,301251.0
Capay,PG&E,pge,SUBSTATION,substation,True,60.0,39.77595845,-122.10379752,Glenn County,,Operational,PGE NGBA,308466.0
Elk Creek,PG&E,pge,SUBSTATION,substation,True,60.0,39.59290862,-122.54289693,Glenn County,,Operational,PGE NGBA,310114.0
Orland B,PG&E,pge,SUBSTATION,substation,True,60.0,39.72519088,-122.17872759,Glenn County,,Operational,PGE NGBA,302830.0
Willows A,PG&E,pge,SUBSTATION,substation,True,60.0,39.53167089,-122.18611054,Glenn County,,Operational,PGE NGBA,306643.0
Big Lagoon,PG&E,pge,SUBSTATION,substation,True,60.0,41.16270969,-124.10199246,Humboldt County,,Operational,PGE NGBA,300001.0
Blue Lake,PG&E,pge,SUBSTATION,substation,True,60.0,40.87982925,-123.98057687,Humboldt County,,Operational,PGE NGBA,307572.0
Carlotta,PG&E,pge,SUBSTATION,substation,True,60.0,40.5411419,-124.06375348,Humboldt County,Hydesville,Operational,PGE NGBA,302794.0
Eel River,PG&E,pge,SUBSTATION,substation,True,60.0,40.6026178,-124.21011898,Humboldt County,,Operational,PGE NGBA,301875.0
Fairhaven,PG&E,pge,SUBSTATION,substation,True,60.0,40.80046201,-124.19627996,Humboldt County,"Eureka, CA",Operational,PGE NGBA,305866.0
Fort Seward,PG&E,pge,SUBSTATION,substation,True,60.0,40.21377198,-123.59637069,Humboldt County,,Operational,PGE NGBA,309820.0
Fruitland - (PG&E),PG&E,pge,SUBSTATION,substation,True,60.0,40.28583672,-123.83729396,Humboldt County,,Operational,PGE NGBA,302998.0
Garberville,PG&E,pge,SUBSTATION,substation,True,60.0,40.10300285,-123.7928637,Humboldt County,Garberville,Operational,PGE NGBA,301728.0
Hoopa,PG&E,pge,SUBSTATION,substation,True,60.0,41.0564603,-123.68209508,Humboldt County,Hoopa,Operational,PGE NGBA,300663.0
Janes Creek,PG&E,pge,SUBSTATION,substation,True,60.0,40.90513278,-124.07233311,Humboldt County,Arcata,Operational,PGE NGBA,307372.0
Newburg,PG&E,pge,SUBSTATION,substation,True,60.0,40.59458796,-124.13519337,Humboldt County,Fortuna,Operational,PGE NGBA,309670.0
Rio Dell,PG&E,pge,SUBSTATION,substation,True,60.0,40.4953848,-124.09925424,Humboldt County,Rio Dell,Operational,PGE NGBA,308528.0
Trinidad,PG&E,pge,SUBSTATION,substation,True,60.0,41.06473183,-124.12840934,Humboldt County,,Operational,PGE NGBA,300777.0
Willow Creek,PG&E,pge,SUBSTATION,substation,True,60.0,40.94787081,-123.64009235,Humboldt County,Willow Creek,Operational,PGE NGBA,309847.0
Big River,PG&E,pge,SUBSTATION,substation,True,60.0,39.31140662,-123.7865272,Mendocino County,Mendocino,Operational,PGE NGBA,306788.0
Covelo,PG&E,pge,SUBSTATION,substation,True,60.0,39.78611124,-123.24853337,Mendocino County,Covelo,Operational,PGE NGBA,304661.0
Elk,PG&E,pge,SUBSTATION,substation,True,60.0,39.1292551,-123.71172138,Mendocino County,,Operational,PGE NGBA,307713.0
Fort Bragg,PG&E,pge,SUBSTATION,substation,True,60.0,39.43482433,-123.7993704,Mendocino County,Fort Bragg,Operational,PGE NGBA,302817.0
Gualala,PG&E,pge,SUBSTATION,substation,True,60.0,38.78617484,-123.52208416,Mendocino County,,Operational,PGE NGBA,306952.0
Laytonville,PG&E,pge,SUBSTATION,substation,True,60.0,39.6845815,-123.47720937,Mendocino County,Laytonville,Operational,PGE NGBA,310416.0
Philo,PG&E,pge,SUBSTATION,substation,True,60.0,39.06397777,-123.43791462,Mendocino County,Philo,Operational,PGE NGBA,310515.0
Point Arena,PG&E,pge,SUBSTATION,substation,True,60.0,38.91228497,-123.67991049,Mendocino County,Point Arena,Operational,PGE NGBA,304767.0
Gustine,PG&E,pge,SUBSTATION,substation,True,60.0,37.25323114,-121.01302875,Merced County,,Operational,PGE GBA,301936.0
Gabilan,PG&E,pge,SUBSTATION,substation,True,60.0,36.73129846,-121.61329866,Monterey County,,Operational,PGE GBA,305559.0
Gonzales - (PG&E),PG&E,pge,SUBSTATION,substation,True,60.0,36.50886016,-121.44687749,Monterey County,Gonzales,Operational,PGE GBA,309549.0
Hatton,PG&E,pge,SUBSTATION,substation,True,60.0,36.55685584,-121.89791093,Monterey County,"Seaside--Monterey--Pacific Grove, CA",Operational,PGE GBA,307604.0
Industrial Acres,PG&E,pge,SUBSTATION,substation,True,60.0,36.66378228,-121.62858203,Monterey County,Salinas,Operational,PGE GBA,308671.0
Jolon,PG&E,pge,SUBSTATION,substation,True,60.0,36.01323683,-121.16794549,Monterey County,,Operational,PGE GBA,305816.0
Laureles,PG&E,pge,SUBSTATION,substation,True,60.0,36.47769714,-121.72720786,Monterey County,Carmel Valley Village,Operational,PGE GBA,304352.0
Los Coches - (PG&E),PG&E,pge,SUBSTATION,substation,True,60.0,36.36646086,-121.28006792,Monterey County,,Operational,PGE GBA,310404.0
Los Ositos,PG&E,pge,SUBSTATION,substation,True,60.0,36.29380665,-121.20024785,Monterey County,,Operational,PGE GBA,300416.0
Oil Fields,PG&E,pge,SUBSTATION,substation,True,60.0,35.95647007,-120.85113998,Monterey County,,Operational,PGE Kern,304976.0
Otter,PG&E,pge,SUBSTATION,substation,True,60.0,36.38008178,-121.89928749,Monterey County,,Operational,PGE GBA,303209.0
San Ardo,PG&E,pge,SUBSTATION,substation,True,60.0,36.07368955,-120.93679272,Monterey County,,Operational,PGE GBA,310041.0
Spence,PG&E,pge,SUBSTATION,substation,True,60.0,36.61374789,-121.56712033,Monterey County,,Operational,PGE GBA,305707.0
Viejo - (PG&E),PG&E,pge,SUBSTATION,substation,True,60.0,36.57836651,-121.90840485,Monterey County,Monterey,Operational,PGE GBA,305068.0
Basalt,PG&E,pge,SUBSTATION,substation,True,60.0,38.26315702,-122.26921876,Napa County,,Operational,PGE NGBA,300530.0
Calistoga,PG&E,pge,SUBSTATION,substation,True,60.0,38.59208304,-122.57859711,Napa County,,Operational,PGE NGBA,308667.0
Columbia Hill,PG&E,pge,SUBSTATION,substation,True,60.0,39.33183504,-121.10133712,Nevada County,,Operational,PGE NGBA,301052.0
Grass Valley,PG&E,pge,SUBSTATION,substation,True,60.0,39.20905032,-121.06134773,Nevada County,Grass Valley,Operational,PGE NGBA,308364.0
Smartsville,PG&E,pge,SUBSTATION,substation,True,60.0,39.20900038,-121.30325586,Yuba County,Smartsville,Operational,PGE NGBA,302110.0
Bonnie Nook,PG&E,pge,SUBSTATION,substation,True,60.0,39.21470268,-120.80927931,Placer County,Alta,Operational,PGE NGBA,309057.0
Del Mar - (PG&E),PG&E,pge,SUBSTATION,substation,True,60.0,38.7988104,-121.22129945,Placer County,Rocklin,Operational,PGE NGBA,304243.0
Foresthill,PG&E,pge,SUBSTATION,substation,True,60.0,39.0192965,-120.83023212,Placer County,Foresthill,Operational,PGE NGBA,301706.0
Penryn,PG&E,pge,SUBSTATION,substation,True,60.0,38.84449899,-121.16654726,Placer County,Penryn,Operational,PGE NGBA,307336.0
Rocklin,PG&E,pge,SUBSTATION,substation,True,60.0,38.78795843,-121.23167882,Placer County,Rocklin,Operational,PGE NGBA,307663.0
Shady Glen,PG&E,pge,SUBSTATION,substation,True,60.0,39.11533935,-120.95293216,Placer County,,Operational,PGE NGBA,309310.0
Weimar,PG&E,pge,SUBSTATION,substation,True,60.0,39.03595743,-120.98797046,Placer County,,Operational,PGE NGBA,309249.0
Big Meadows,PG&E,pge,SUBSTATION,substation,True,60.0,40.17155206,-121.08532321,Plumas County,Canyondam,Operational,PGE NGBA,308482.0
Chester,PG&E,pge,SUBSTATION,substation,True,60.0,40.30242055,-121.22700733,Plumas County,Chester,Operational,PGE NGBA,302315.0
East Quincy,PG&E,pge,SUBSTATION,substation,True,60.0,39.93855743,-120.91068897,Plumas County,East Quincy,Operational,PGE NGBA,309002.0
Gansner,PG&E,pge,SUBSTATION,substation,True,60.0,39.93926116,-120.94817181,Plumas County,Quincy,Operational,PGE NGBA,307322.0
Grays Flat - PG&E,PG&E,pge,SUBSTATION,substation,True,60.0,40.02241219,-121.06543225,Plumas County,Twain,Operational,PGE NGBA,308549.0
New Hope,Other (PGE - Assumed),pge_assumed,SUBSTATION,substation,True,60.0,38.22553964,-121.47391136,San Joaquin County,,Operational,PGE NGBA,308745.0
Jacobs Corner,PG&E,pge,SUBSTATION,substation,True,60.0,36.22240612,-119.77990125,Kings County,,Operational,PGE Fresno,310279.0
Kettleman Hills,PG&E,pge,SUBSTATION,substation,True,60.0,36.0435895,-120.11137898,Kings County,Avenal,Operational,PGE Kern,302850.0
Reserve Oil,PG&E,pge,SUBSTATION,substation,True,60.0,36.27632842,-119.65359929,Kings County,Hanford,Operational,PGE Fresno,303921.0
Clear Lake - (PG&E),PG&E,pge,SUBSTATION,substation,True,60.0,39.0077625,-122.89398734,Lake County,,Operational,PGE NGBA,307060.0
Upper Lake,PG&E,pge,SUBSTATION,substation,True,60.0,39.14573547,-122.91664494,Lake County,,Operational,PGE NGBA,301549.0
Hamilton Branch,PG&E,pge,SUBSTATION,substation,True,60.0,40.26934332,-121.08811057,Plumas County,East Shore,Operational,PGE NGBA,304224.0
Bolinas,PG&E,pge,SUBSTATION,substation,True,60.0,37.94120708,-122.70613571,Marin County,Bolinas,Operational,PGE NGBA,306591.0
Greenbrae,PG&E,pge,SUBSTATION,substation,True,60.0,37.93786775,-122.51418436,Marin County,Larkspur,Operational,PGE GBA,306642.0
Novato,PG&E,pge,SUBSTATION,substation,True,60.0,38.10860944,-122.56822994,Marin County,Novato,Operational,PGE NGBA,301879.0
Olema,PG&E,pge,SUBSTATION,substation,True,60.0,38.04217391,-122.78643889,Marin County,,Operational,PGE NGBA,305048.0
Stafford,PG&E,pge,SUBSTATION,substation,True,60.0,38.11991143,-122.6140018,Marin County,Novato,Operational,PGE NGBA,303414.0
Woodacre,PG&E,pge,SUBSTATION,substation,True,60.0,38.01205731,-122.65365666,Marin County,San Geronimo,Operational,PGE NGBA,302127.0
Channel,PG&E,pge,SUBSTATION,substation,True,60.0,37.95525396,-121.33258093,San Joaquin County,Stockton,Operational,PGE GBA,300889.0
Cherokee,PG&E,pge,SUBSTATION,substation,True,60.0,38.00550694,-121.23799594,San Joaquin County,"Stockton, CA",Operational,PGE GBA,308430.0
Colony,PG&E,pge,SUBSTATION,substation,True,60.0,38.19021937,-121.18187157,San Joaquin County,Dogtown,Operational,PGE GBA,310102.0
Country Club - PG&E,PG&E,pge,SUBSTATION,substation,True,60.0,37.97920524,-121.31637896,San Joaquin County,Stockton,Operational,PGE GBA,304874.0
Hammer,PG&E,pge,SUBSTATION,substation,True,60.0,38.02160197,-121.32036593,San Joaquin County,Stockton,Operational,PGE GBA,305940.0
Harding - (PG&E),PG&E,pge,SUBSTATION,substation,True,60.0,37.96372394,-121.29037593,San Joaquin County,Stockton,Operational,PGE GBA,306732.0
Linden - (PG&E),PG&E,pge,SUBSTATION,substation,True,60.0,38.01697994,-121.09584994,San Joaquin County,,Operational,PGE GBA,304406.0
Mettler,PG&E,pge,SUBSTATION,substation,True,60.0,38.07791732,-121.28688861,San Joaquin County,"Lodi, CA",Operational,PGE GBA,308655.0
Middle River,PG&E,pge,SUBSTATION,substation,True,60.0,37.93695234,-121.52919896,San Joaquin County,,Operational,PGE GBA,301686.0
Monarch,PG&E,pge,SUBSTATION,substation,True,60.0,37.96936997,-121.28022592,San Joaquin County,Stockton,Operational,PGE GBA,300272.0
Mormon,PG&E,pge,SUBSTATION,substation,True,60.0,37.96883294,-121.18596995,San Joaquin County,,Operational,PGE GBA,306668.0
Mosher,PG&E,pge,SUBSTATION,substation,True,60.0,38.02186495,-121.28096595,San Joaquin County,Stockton,Operational,PGE GBA,303663.0
Rough & Ready,PG&E,pge,SUBSTATION ASSUMED,substation,True,60.0,37.94966297,-121.34640991,San Joaquin County,Stockton,Operational,PGE GBA,
Terminous,PG&E,pge,SUBSTATION,substation,True,60.0,38.11645652,-121.42216882,San Joaquin County,,Operational,PGE GBA,308187.0
Victor - (PG&E),PG&E,pge,SUBSTATION,substation,True,60.0,38.14550095,-121.17756791,San Joaquin County,Lockeford,Operational,PGE GBA,302105.0
Waterloo,PG&E,pge,SUBSTATION,substation,True,60.0,38.05162573,-121.20987949,San Joaquin County,,Operational,PGE GBA,303711.0
West Lane,PG&E,pge,SUBSTATION,substation,True,60.0,37.99020147,-121.28366768,San Joaquin County,Stockton,Operational,PGE GBA,308641.0
Atascadero,PG&E,pge,SUBSTATION,substation,True,60.0,35.46546732,-120.67142898,San Luis Obispo County,Atascadero,Operational,PGE Kern,305599.0
Baywood,PG&E,pge,SUBSTATION,substation,True,60.0,35.36124137,-120.81142116,San Luis Obispo County,"Morro Bay, CA",Operational,PGE Kern,305676.0
Cayucos,PG&E,pge,SUBSTATION,substation,True,60.0,35.44869846,-120.87034699,San Luis Obispo County,,Operational,PGE Kern,306483.0
Goldtree,PG&E,pge,SUBSTATION,substation,True,60.0,35.32017017,-120.69313182,San Luis Obispo County,,Operational,PGE Kern,305096.0
Paso Robles,PG&E,pge,SUBSTATION,substation,True,60.0,35.615634,-120.67947894,San Luis Obispo County,El Paso de Robles (Paso Robles),Operational,PGE Kern,306243.0
Perry - (PG&E),PG&E,pge,SUBSTATION,substation,True,60.0,35.57091333,-121.05535835,San Luis Obispo County,,Operational,PGE Kern,307138.0
Beresford,PG&E,pge,SUBSTATION,substation,True,60.0,37.56488772,-122.31929883,San Mateo County,San Mateo,Operational,PGE GBA,301488.0
Carolands,PG&E,pge,SUBSTATION,substation,True,60.0,37.55280007,-122.37629883,San Mateo County,Hillsborough,Operational,PGE GBA,300898.0
Emerald Lake,PG&E,pge,SUBSTATION,substation,True,60.0,37.46167006,-122.27733126,San Mateo County,Redwood City,Operational,PGE GBA,309520.0
Glenwood,PG&E,pge,SUBSTATION,substation,True,60.0,37.45715064,-122.18690908,San Mateo County,Menlo Park,Operational,PGE GBA,302031.0
Half Moon Bay & CM&O Yard ,PG&E,pge,SUBSTATION,substation,True,60.0,37.4688423,-122.43010898,San Mateo County,Half Moon Bay,Operational,PGE GBA,310144.0
Hillsdale,PG&E,pge,SUBSTATION,substation,True,60.0,37.53658118,-122.32203683,San Mateo County,San Mateo,Operational,PGE GBA,306387.0
Las Pulgas - (PG&E),PG&E,pge,SUBSTATION,substation,True,60.0,37.46283675,-122.22789241,San Mateo County,Redwood City,Operational,PGE GBA,307376.0
Pacifica,PG&E,pge,SUBSTATION,substation,True,60.0,37.59479607,-122.48880282,San Mateo County,Pacifica,Operational,PGE GBA,303261.0
Ralston - (PG&E),PG&E,pge,SUBSTATION,substation,True,60.0,37.51130896,-122.34011182,San Mateo County,Highlands,Operational,PGE GBA,308673.0
San Bruno,PG&E,pge,SUBSTATION,substation,True,60.0,37.620952,-122.42510127,San Mateo County,San Bruno,Operational,PGE GBA,300357.0
Sneath Lane,PG&E,pge,SUBSTATION,substation,True,60.0,37.62202708,-122.44678978,San Mateo County,San Bruno,Operational,PGE GBA,303964.0
Watershed,PG&E,pge,SUBSTATION,substation,True,60.0,37.48729227,-122.31120638,San Mateo County,,Operational,PGE GBA,306195.0
Woodside,PG&E,pge,SUBSTATION,substation,True,60.0,37.43707568,-122.24218129,San Mateo County,Woodside,Operational,PGE GBA,301661.0
Eureka Station A,PG&E,pge,SUBSTATION,substation,True,60.0,40.79374785,-124.1832564,Humboldt County,Eureka,Operational,PGE NGBA,302384.0
Eureka Station E,PG&E,pge,SUBSTATION,substation,True,60.0,40.79342739,-124.1802996,Humboldt County,Eureka,Operational,PGE NGBA,307772.0
Clark Road,PG&E,pge,SUBSTATION,substation,True,60.0,39.65451617,-121.63549489,Butte County,Butte Valley,Operational,PGE NGBA,303161.0
Willits Station A,PG&E,pge,SUBSTATION,substation,True,60.0,39.40558466,-123.32706602,Mendocino County,,Operational,PGE NGBA,308965.0
San Joaquin 2,PG&E,pge,SUBSTATION,substation,True,60.0,37.20359368,-119.49687755,Madera County,North Fork,Operational,PGE Fresno,300964.0
Reservation Road,PG&E,pge,SUBSTATION,substation,True,60.0,36.62403847,-121.68804744,Monterey County,,Operational,PGE GBA,310298.0
Coalinga 1,PG&E,pge,SUBSTATION,substation,True,60.0,36.13619835,-120.34421642,Fresno County,Coalinga,Operational,PGE Kern,309480.0
Coalinga 2,PG&E,pge,SUBSTATION,substation,True,60.0,36.23719035,-120.31470351,Fresno County,,Operational,PGE Fresno,302881.0
Volta 1,PG&E,pge,SUBSTATION,substation,True,60.0,40.45954607,-121.86641934,Shasta County,,Operational,PGE NGBA,300225.0
Lodi,Other (PGE - Assumed),pge_assumed,SUBSTATION,substation,True,60.0,38.13723522,-121.2613648,San Joaquin County,Lodi,Operational,PGE GBA,301319.0
Los Gatos,PG&E,pge,SUBSTATION,substation,True,60.0,37.22643488,-121.97733907,Santa Clara County,Los Gatos,Operational,PGE GBA,303225.0
Wilkins Slough,PG&E,pge,SUBSTATION,substation,True,60.0,39.0058376,-121.86701537,Colusa County,,Operational,PGE NGBA,303464.0
Watsonville,PG&E,pge,SUBSTATION,substation,True,60.0,36.90274697,-121.75589623,Santa Cruz County,Watsonville,Operational,PGE GBA,307525.0
Colusa Junction,PG&E,pge,SUBSTATION,substation,True,60.0,39.19110378,-121.99044393,Colusa County,,Operational,PGE NGBA,303019.0
West Point,PG&E,pge,SUBSTATION,substation,True,60.0,38.42100991,-120.54976067,Amador County,,Operational,PGE GBA,305049.0
King City,PG&E,pge,SUBSTATION,substation,True,60.0,36.21699239,-121.12713404,Monterey County,King City,Operational,PGE GBA,303370.0
Brookside,PG&E,pge,SUBSTATION,substation,True,60.0,37.96209069,-122.34739739,Contra Costa County,San Pablo,Operational,PGE GBA,308631.0
Mira Vista,PG&E,pge,SUBSTATION,substation,True,60.0,37.93854579,-122.32460968,Contra Costa County,Richmond,Operational,PGE GBA,304534.0
Virginia,PG&E,pge,SUBSTATION,substation,True,60.0,37.92471914,-122.35937816,Contra Costa County,Richmond,Operational,PGE GBA,301532.0
Waldo,PG&E,pge,SUBSTATION,substation,True,60.0,37.90942097,-122.30686441,Contra Costa County,El Cerrito,Operational,PGE GBA,300438.0
Fairmont - (PG&E),PG&E,pge,SUBSTATION,substation,True,60.0,37.90222724,-122.29661673,Contra Costa County,El Cerrito,Operational,PGE GBA,304239.0
Solano,PG&E,pge,SUBSTATION,substation,True,60.0,37.89085384,-122.29219653,Alameda County,Albany,Operational,PGE GBA,305878.0
Arlington,PG&E,pge,SUBSTATION,substation,True,60.0,37.88891931,-122.27292584,Alameda County,Berkeley,Operational,PGE GBA,300529.0
Stuart - (PG&E),PG&E,pge,SUBSTATION,substation,True,60.0,37.85803969,-122.26867425,Alameda County,Berkeley,Operational,PGE GBA,308220.0
Russell,Other (PGE - Assumed),pge_assumed,SUBSTATION,substation,True,60.0,37.85448174,-122.27965371,Alameda County,Berkeley,Operational,PGE GBA,304831.0
Ward,PG&E,pge,SUBSTATION,substation,True,60.0,37.72238596,-122.16161574,Alameda County,San Leandro,Operational,PGE GBA,302933.0
Hayward O,PG&E,pge,SUBSTATION,substation,True,60.0,37.68638414,-122.10217552,Alameda County,Ashland,Operational,PGE GBA,309379.0
Arana,PG&E,pge,SUBSTATION,substation,True,60.0,36.9842827,-121.99036467,Santa Cruz County,Live Oak,Operational,PGE GBA,302148.0
Pacific Grove,PG&E,pge,SUBSTATION,substation,True,60.0,36.61738581,-121.91901669,Monterey County,Pacific Grove,Operational,PGE GBA,304341.0
Orick,PG&E,pge,SUBSTATION,substation,True,60.0,41.29428202,-124.05685746,Humboldt County,Orick,Operational,PGE NGBA,303172.0
San Miguel - (PG&E),PG&E,pge,SUBSTATION,substation,True,60.0,35.7523312,-120.68395411,San Luis Obispo County,San Miguel,Operational,PGE Kern,303705.0
Stockton Acres,PG&E,pge,SUBSTATION,substation,True,60.0,37.96330706,-121.32341813,San Joaquin County,Stockton,Operational,PGE GBA,306249.0
Barrett - (PG&E),PG&E,pge,SUBSTATION,substation,True,60.0,37.93955867,-122.34722127,Contra Costa County,Richmond,Operational,PGE GBA,309938.0
Halsey - (PG&E NGBA),PG&E NGBA,pge,SUBSTATION,substation,True,60.0,38.9569067,-121.0432567,Placer County,,Operational,PGE NGBA,308612.0
Oregon Trail,PG&E,pge,SUBSTATION,substation,True,60.0,40.61904041,-122.32204667,Shasta County,Redding,Operational,PGE NGBA,304670.0
Crows Landing - (PG&E),PG&E,pge,SUBSTATION,substation,True,60.0,37.37737832,-121.08588977,Stanislaus County,,Operational,PGE Fresno,307659.0
Meridian,PG&E,pge,SUBSTATION,substation,True,60.0,39.14494855,-121.91051777,Sutter County,Meridian,Operational,PGE NGBA,302288.0
Red Bluff - (PG&E),PG&E,pge,SUBSTATION,substation,True,60.0,40.18238147,-122.24460425,Tehama County,Red Bluff,Operational,PGE NGBA,308684.0
Clay,PG&E,pge,SUBSTATION,substation,True,60.0,38.34218551,-120.93496732,Amador County,Ione,Operational,PGE GBA,300035.0
Arcata,PG&E,pge,SUBSTATION,substation,True,60.0,40.86707613,-124.08841041,Humboldt County,Arcata,Operational,PGE NGBA,304334.0
Harris,PG&E,pge,SUBSTATION,substation,True,60.0,40.78090956,-124.13183956,Humboldt County,Myrtletown,Operational,PGE NGBA,305752.0
Buena Vista,PG&E,pge,SUBSTATION,substation,True,60.0,36.65388592,-121.62932542,Monterey County,Salinas,Operational,PGE GBA,306298.0
Avenal,Other (PGE - Assumed),pge_assumed,SUBSTATION,substation,True,60.0,35.97811729,-120.11714566,Kings County,Avenal,Operational,PGE Kern,307390.0
Hartley,PG&E,pge,SUBSTATION,substation,True,60.0,39.07720906,-122.9325544,Lake County,,Operational,PGE NGBA,309308.0
Konocti,PG&E,pge,SUBSTATION,substation,True,60.0,38.93232535,-122.74099288,Lake County,,Operational,PGE NGBA,310004.0
French Camp,PG&E,pge,SUBSTATION,substation,True,60.0,37.88208395,-121.29035093,San Joaquin County,,Operational,PGE GBA,301146.0
Menlo,PG&E,pge,SUBSTATION,substation,True,60.0,37.4328034,-122.20274517,San Mateo County,West Menlo Park,Operational,PGE GBA,307359.0
Fitch Mt.,PG&E,pge,SUBSTATION,substation,True,60.0,38.60655203,-122.85284462,Sonoma County,"Santa Rosa, CA",Operational,PGE NGBA,309223.0
Windsor,PG&E,pge,SUBSTATION,substation,True,60.0,38.56593061,-122.83232619,Sonoma County,,,PGE NGBA,
Spaulding #2 Ph,PG&E,pge,SUBSTATION,substation,True,60.0,39.32443133,-120.64486136,Nevada County,,,PGE NGBA,
Ben Lomond,PG&E,pge,SUBSTATION,substation,True,21.0,37.09253394,-122.09646691,Santa Cruz County,,,PGE GBA,
Casserly,PG&E,pge,SUBSTATION,substation,True,21.0,36.96958541,-121.7670088,Santa Cruz County,,,PGE GBA,
Tres Pinos,PG&E,pge,SUBSTATION,substation,True,21.0,36.78441109,-121.31964043,San Benito County,,,PGE GBA,
Babel,PG&E,pge,SUBSTATION,substation,True,21.0,37.96322286,-122.00795981,Contra Costa County,,,PGE GBA,
Concord,PG&E,pge,SUBSTATION,substation,True,21.0,37.97570316,-122.02473595,Contra Costa County,,,PGE GBA,
Whitney - PG&E,PG&E,pge,SUBSTATION,substation,True,21.0,38.0224848,-121.88537446,Contra Costa County,,,PGE GBA,
Tar Flat,PG&E,pge,SUBSTATION,substation,True,17.0,37.98440272,-120.37953865,Tuolumne County,,,PGE GBA,
Pinecrest,PG&E,pge,SUBSTATION,substation,True,17.0,38.18835716,-119.99389007,Tuolumne County,,,PGE GBA,
Alpine - PG&E,PG&E,pge,SUBSTATION,substation,True,17.0,38.46639941,-120.03834742,Alpine County,,,PGE GBA,
Estudillo,PG&E,pge,SUBSTATION,substation,True,12.0,37.72726555,-122.13867158,Alameda County,,,PGE GBA,
Acton - PG&E,PG&E,pge,SUBSTATION,substation,True,12.0,37.70856832,-122.45062577,San Francisco County,,,PGE GBA,
Beach St,PG&E,pge,SUBSTATION,substation,True,12.0,37.80763017,-122.41450892,San Francisco County,,,PGE GBA,
Castro,PG&E,pge,SUBSTATION,substation,True,12.0,37.74938345,-122.43417474,San Francisco County,,,PGE GBA,
Eighteenth St,PG&E,pge,SUBSTATION,substation,True,12.0,37.76084551,-122.4389845,San Francisco County,,,PGE GBA,
Judah,PG&E,pge,SUBSTATION,substation,True,12.0,37.76074,-122.4935766,San Francisco County,,,PGE GBA,
Noriega,PG&E,pge,SUBSTATION,substation,True,12.0,37.75273816,-122.50475895,San Francisco County,,,PGE GBA,
Ocean Ave,PG&E,pge,SUBSTATION,substation,True,12.0,37.72332171,-122.45471603,San Francisco County,,,PGE GBA,
Plymouth,PG&E,pge,SUBSTATION,substation,True,12.0,37.71278183,-122.45577036,San Francisco County,,,PGE GBA,
Randolph - PG&E,PG&E,pge,SUBSTATION,substation,True,12.0,37.7144506,-122.4696151,San Francisco County,,,PGE GBA,
San Fran E,PG&E,pge,SUBSTATION,substation,True,12.0,37.7599734,-122.42030586,San Francisco County,,,PGE GBA,
San Fran M,PG&E,pge,SUBSTATION,substation,True,12.0,37.73345823,-122.43050848,San Francisco County,,,PGE GBA,
San Fran N,PG&E,pge,SUBSTATION,substation,True,12.0,37.76133081,-122.46646012,San Francisco County,,,PGE GBA,
Silver Ave,PG&E,pge,SUBSTATION,substation,True,12.0,37.7293246,-122.41433351,San Francisco County,,,PGE GBA,
Sixth Ave,PG&E,pge,SUBSTATION,substation,True,12.0,37.78168861,-122.46466682,San Francisco County,,,PGE GBA,
Sullivan - PG&E,PG&E,pge,SUBSTATION,substation,True,12.0,37.68722026,-122.47196704,San Mateo County,,,PGE GBA,
Taraval,PG&E,pge,SUBSTATION,substation,True,12.0,37.74202654,-122.49336224,San Francisco County,,,PGE GBA,
Twenty-First Ave,PG&E,pge,SUBSTATION,substation,True,12.0,37.75436568,-122.47823754,San Francisco County,,,PGE GBA,
Westlake,PG&E,pge,SUBSTATION,substation,True,12.0,37.69830643,-122.48008891,San Mateo County,,,PGE GBA,
Yosemite,PG&E,pge,SUBSTATION,substation,True,12.0,37.7294929,-122.39684471,San Francisco County,,,PGE GBA,
Chico C,PG&E,pge,SUBSTATION,substation,True,12.0,39.74273196,-121.83805955,Butte County,,,PGE NGBA,
Beck,PG&E,pge,SUBSTATION,substation,True,12.0,37.76623994,-122.17597168,Alameda County,,,PGE GBA,
Eighth Ave,PG&E,pge,SUBSTATION,substation,True,12.0,37.80046424,-122.24193903,Alameda County,,,PGE GBA,
Hollywood,PG&E,pge,SUBSTATION,substation,True,12.0,37.81294013,-122.21883896,Alameda County,,,PGE GBA,
Oakland I - PG&E Southeast,PG&E,pge,SUBSTATION,substation,True,12.0,37.74785853,-122.17443146,Alameda County,,,PGE GBA,
Oak - PG&E South,PG&E,pge,SUBSTATION,substation,True,12.0,37.90115903,-122.28653022,Contra Costa County,,,PGE GBA,
Wall,PG&E,pge,SUBSTATION,substation,True,12.0,37.9271892,-122.31827069,Contra Costa County,,,PGE GBA,
Wood,PG&E,pge,SUBSTATION,substation,True,12.0,37.82658641,-122.21634594,Alameda County,,,PGE GBA,
Maple - PG&E,PG&E,pge,SUBSTATION,substation,True,12.0,37.79736966,-122.20547679,Alameda County,,,PGE GBA,
Antler,PG&E,pge,SUBSTATION,substation,True,,40.89453194,-122.38070833,Shasta County,Lakehead,Operational,PGE NGBA,300482.0
Burney,PG&E,pge,SUBSTATION,substation,True,,40.88792673,-121.67117381,Shasta County,Burney,Operational,PGE NGBA,303108.0
Girvan,PG&E,pge,SUBSTATION,substation,True,,40.51332221,-122.37876091,Shasta County,Redding,Operational,PGE NGBA,301818.0
Dixon,PG&E,pge,SUBSTATION,substation,True,,38.44524532,-121.8260066,Solano County,Dixon,Operational,PGE NGBA,310403.0
Suisun,PG&E,pge,SUBSTATION,substation,True,,38.245127,-122.04124278,Solano County,Fairfield,Operational,PGE NGBA,305711.0
Sunol,PG&E,pge,SUBSTATION,substation,True,,37.58689769,-121.86967089,Alameda County,Sunol,Operational,PGE GBA,306148.0
Ione Energy,PG&E,pge,SUBSTATION,substation,True,,38.27716834,-120.9138865,Amador County,,Operational,PGE GBA,303132.0
Bangor,PG&E,pge,SUBSTATION,substation,True,,39.38766858,-121.40316244,Butte County,Bangor,Operational,PGE NGBA,302304.0
Chico A,PG&E,pge,SUBSTATION,substation,True,,39.71883501,-121.82090726,Butte County,Chico,Operational,PGE NGBA,304029.0
Hamilton A,PG&E,pge,SUBSTATION,substation,True,,39.74641341,-122.01135593,Glenn County,Hamilton City,Operational,PGE NGBA,303483.0
Oro Fino,PG&E,pge,SUBSTATION,substation,True,,39.87155736,-121.6107717,Butte County,,Operational,PGE NGBA,300584.0
Paradise - (PG&E),PG&E,pge,SUBSTATION,substation,True,,39.76065779,-121.61871709,Butte County,Paradise,Operational,PGE NGBA,309157.0
Peachton,PG&E,pge,SUBSTATION,substation,True,,39.37823659,-121.68508122,Butte County,,Operational,PGE NGBA,301112.0
Apple Hill,PG&E,pge,SUBSTATION ASSUMED,substation,True,,38.73967781,-120.67715203,El Dorado County,Camino,Operational,PGE NGBA,
Shingle Springs,PG&E,pge,SUBSTATION,substation,True,,38.65929256,-120.94722501,El Dorado County,Shingle Springs,Operational,PGE NGBA,306505.0
Clarksville,PG&E,pge,SUBSTATION,substation,True,,38.65571276,-121.05953062,El Dorado County,El Dorado Hills,Operational,PGE NGBA,303839.0
Caruthers,PG&E,pge,SUBSTATION,substation,True,,36.53216444,-119.88145677,Fresno County,,Operational,PGE Fresno,309247.0
Parlier,PG&E,pge,SUBSTATION,substation,True,,36.60754847,-119.52129745,Fresno County,Parlier,Operational,PGE Fresno,301266.0
Tivy Valley,PG&E,pge,SUBSTATION,substation,True,,36.77054394,-119.39330035,Fresno County,,Operational,PGE Fresno,310134.0
Maple Creek,PG&E,pge,SUBSTATION,substation,True,,40.76789405,-123.87368638,Humboldt County,,Operational,PGE NGBA,310450.0
Fruitvale,PG&E,pge,SUBSTATION,substation,True,,35.37726265,-119.0926756,Kern County,Bakersfield,Operational,PGE Kern,310060.0
Canal,PG&E,pge,SUBSTATION,substation,True,,37.06632834,-120.83555106,Merced County,Los Banos,Operational,PGE Fresno,306769.0
Dos Palos,PG&E,pge,SUBSTATION,substation,True,,36.97476396,-120.63520411,Merced County,,Operational,PGE Fresno,300559.0
Livingston,PG&E,pge,SUBSTATION,substation,True,,37.36342199,-120.76037808,Merced County,,Operational,PGE Fresno,303565.0
Ortiga,PG&E,pge,SUBSTATION,substation,True,,36.98351727,-120.81947625,Merced County,,Operational,PGE Fresno,310412.0
Santa Nella,PG&E,pge,SUBSTATION,substation,True,,37.08583687,-121.01321255,Merced County,Santa Nella,Operational,PGE Fresno,303062.0
Santa Rita,PG&E,pge,SUBSTATION,substation,True,,37.05464219,-120.63398158,Merced County,,Operational,PGE Fresno,301550.0
Prunedale,PG&E,pge,SUBSTATION,substation,True,,36.78537639,-121.67112012,Monterey County,Prunedale,Operational,PGE GBA,301414.0
Highway,PG&E,pge,SUBSTATION,substation,True,,38.16621303,-122.25360777,Napa County,American Canyon,Operational,PGE NGBA,308461.0
Auburn,PG&E,pge,SUBSTATION,substation,True,,38.903488,-121.06981338,Placer County,Auburn,Operational,PGE NGBA,303630.0
Tamarack,PG&E,pge,SUBSTATION,substation,True,,39.31387464,-120.49690754,Placer County,,Operational,PGE NGBA,302965.0
Middletown,PG&E,pge,SUBSTATION,substation,True,,38.7529122,-122.60870913,Lake County,,Operational,PGE NGBA,305745.0
Alto,PG&E,pge,SUBSTATION,substation,True,,37.89862256,-122.52459298,Marin County,Mill Valley,Operational,PGE GBA,309515.0
Sausalito,PG&E,pge,SUBSTATION,substation,True,,37.86356351,-122.49883759,Marin County,Sausalito,Operational,PGE GBA,309771.0
San Justo,PG&E,pge,SUBSTATION,substation,True,,36.8568618,-121.51197393,San Benito County,,Operational,PGE GBA,301486.0
East Stockton,PG&E,pge,SUBSTATION,substation,True,,37.96292895,-121.26162196,San Joaquin County,Stockton,Operational,PGE GBA,308454.0
Tracy - (PG&E),PG&E,pge,SUBSTATION,substation,True,,37.74881349,-121.41600878,San Joaquin County,Tracy,Operational,PGE GBA,307284.0
Belmont - (PG&E),PG&E,pge,SUBSTATION,substation,True,,37.52346077,-122.26521895,San Mateo County,Belmont,Operational,PGE GBA,307007.0
Redwood City,PG&E,pge,SUBSTATION,substation,True,,37.49046173,-122.21305076,San Mateo County,Redwood City,Operational,PGE GBA,309342.0
San Carlos,PG&E,pge,SUBSTATION,substation,True,,37.49974836,-122.24405025,San Mateo County,San Carlos,Operational,PGE GBA,303157.0
Unknown - 3320,PG&E NGBA,pge,SUBSTATION,substation,True,,40.09380096,-120.911221,Plumas County,Crescent Mills,Operational,PGE NGBA,300379.0
Dolan Road,PG&E,pge,SUBSTATION,substation,True,,36.80022321,-121.7690576,Monterey County,,Operational,PGE GBA,300769.0
Cedar Creek,PG&E,pge,SUBSTATION,substation,True,,40.79120843,-121.93777475,Shasta County,Round Mountain,Operational,PGE NGBA,306821.0
Vallejo B,PG&E,pge,SUBSTATION,substation,True,,38.1065147,-122.24121165,Solano County,Vallejo,Operational,PGE NGBA,301269.0
Vallejo C,PG&E,pge,SUBSTATION,substation,True,,38.09846973,-122.25315898,Solano County,Vallejo,Operational,PGE NGBA,310037.0
Ridge,PG&E,pge,SUBSTATION,substation,True,,37.88497751,-122.25509253,Alameda County,Berkeley,Operational,PGE GBA,303562.0
Berkeley F,PG&E,pge,SUBSTATION,substation,True,,37.8724246,-122.27815591,Alameda County,Berkeley,Operational,PGE GBA,300199.0
Berkeley T,Other (PGE - Assumed),pge_assumed,SUBSTATION,substation,True,,37.86395375,-122.25894809,Alameda County,Berkeley,Operational,PGE GBA,309824.0
Florence,PG&E,pge,SUBSTATION ASSUMED,substation,True,,37.83631534,-122.21999137,Alameda County,Oakland,Operational,PGE GBA,
Walnut Creek,PG&E,pge,SUBSTATION,substation,True,,37.90479707,-122.0609477,Contra Costa County,Walnut Creek,Operational,PGE GBA,307396.0
Saranap,PG&E,pge,SUBSTATION,substation,True,,37.89509916,-122.07371515,Contra Costa County,Saranap,Operational,PGE GBA,306487.0
Lawndale - (PG&E),PG&E,pge,SUBSTATION,substation,True,,37.66251876,-122.44258138,San Mateo County,South San Francisco,Operational,PGE GBA,306514.0
Bancroft - PG&E,PG&E,pge,SUBSTATION,substation,True,,37.73986467,-122.15539406,Alameda County,Oakland,Operational,PGE GBA,305843.0
Soto,PG&E,pge,SUBSTATION ASSUMED,substation,True,,37.66850633,-122.08498443,Alameda County,Hayward,Operational,PGE GBA,
Parsons,PG&E,pge,SUBSTATION,substation,True,,37.70186581,-122.08278634,Alameda County,Castro Valley,Operational,PGE GBA,300707.0
Humboldt Bay,PG&E,pge,SUBSTATION,substation,True,,40.74032024,-124.20964206,Humboldt County,,Operational,PGE NGBA,310336.0
