run,season,fips_int,county_name,control_mwh,method_mwh,delta_mwh
genx__env__prox__hold__monthhour,Summer,6001,Alameda,219666.6,159053.3,-60613.3
genx__env__prox__hold__monthhour,Summer,6003,Alpine,3456.3,16.8,-3439.5
genx__env__prox__hold__monthhour,Summer,6005,Amador,5828.6,6225.5,396.9
genx__env__prox__hold__monthhour,Summer,6007,Butte,26692.5,35353.6,8661.1
genx__env__prox__hold__monthhour,Summer,6009,Calaveras,2090.2,3080.1,989.9
genx__env__prox__hold__monthhour,Summer,6011,Colusa,4521.4,5905.4,1384.0
genx__env__prox__hold__monthhour,Summer,6013,Contra Costa,172406.0,154382.3,-18023.7
genx__env__prox__hold__monthhour,Summer,6017,El Dorado,11545.4,15735.9,4190.5
genx__env__prox__hold__monthhour,Summer,6019,Fresno,107522.1,148531.8,41009.7
genx__env__prox__hold__monthhour,Summer,6021,Glenn,7464.4,6131.7,-1332.7
genx__env__prox__hold__monthhour,Summer,6023,Humboldt,12465.6,10453.2,-2012.4
genx__env__prox__hold__monthhour,Summer,6025,Imperial,18792.8,18792.8,0.0
genx__env__prox__hold__monthhour,Summer,6027,Inyo,18597.5,7018.1,-11579.4
genx__env__prox__hold__monthhour,Summer,6029,Kern,139821.9,156635.6,16813.7
genx__env__prox__hold__monthhour,Summer,6031,Kings,23987.0,31257.2,7270.2
genx__env__prox__hold__monthhour,Summer,6033,Lake,9883.7,11409.1,1525.4
genx__env__prox__hold__monthhour,Summer,6035,Lassen,8973.9,9174.4,200.5
genx__env__prox__hold__monthhour,Summer,6037,Los Angeles,1109060.5,1033412.3,-75648.2
genx__env__prox__hold__monthhour,Summer,6039,Madera,15111.7,45804.9,30693.2
genx__env__prox__hold__monthhour,Summer,6041,Marin,34418.8,16308.4,-18110.4
genx__env__prox__hold__monthhour,Summer,6043,Mariposa,1649.0,2043.0,394.0
genx__env__prox__hold__monthhour,Summer,6045,Mendocino,12502.3,11909.9,-592.4
genx__env__prox__hold__monthhour,Summer,6047,Merced,27528.4,39236.1,11707.7
genx__env__prox__hold__monthhour,Summer,6049,Modoc,2986.3,2986.3,0.0
genx__env__prox__hold__monthhour,Summer,6051,Mono,1871.7,2188.1,316.4
genx__env__prox__hold__monthhour,Summer,6053,Monterey,42126.5,37627.7,-4498.8
genx__env__prox__hold__monthhour,Summer,6055,Napa,19474.9,12473.9,-7001.0
genx__env__prox__hold__monthhour,Summer,6057,Nevada,4301.7,6643.4,2341.7
genx__env__prox__hold__monthhour,Summer,6059,Orange,299022.7,320428.5,21405.8
genx__env__prox__hold__monthhour,Summer,6061,Placer,43474.9,49482.3,6007.4
genx__env__prox__hold__monthhour,Summer,6063,Plumas,4658.8,3350.2,-1308.6
genx__env__prox__hold__monthhour,Summer,6065,Riverside,167244.9,263314.5,96069.6
genx__env__prox__hold__monthhour,Summer,6067,Sacramento,127410.0,131578.2,4168.2
genx__env__prox__hold__monthhour,Summer,6069,San Benito,2711.8,6429.1,3717.3
genx__env__prox__hold__monthhour,Summer,6071,San Bernardino,207922.2,315019.2,107097.0
genx__env__prox__hold__monthhour,Summer,6073,San Diego,348023.9,321947.9,-26076.0
genx__env__prox__hold__monthhour,Summer,6075,San Francisco,77557.3,34099.5,-43457.8
genx__env__prox__hold__monthhour,Summer,6077,San Joaquin,133261.7,124158.5,-9103.2
genx__env__prox__hold__monthhour,Summer,6079,San Luis Obispo,31854.9,19848.7,-12006.2
genx__env__prox__hold__monthhour,Summer,6081,San Mateo,101013.5,69017.6,-31995.9
genx__env__prox__hold__monthhour,Summer,6083,Santa Barbara,53580.8,52089.5,-1491.3
genx__env__prox__hold__monthhour,Summer,6085,Santa Clara,267076.4,222273.3,-44803.1
genx__env__prox__hold__monthhour,Summer,6087,Santa Cruz,31499.7,21169.2,-10330.5
genx__env__prox__hold__monthhour,Summer,6089,Shasta,14225.7,16463.6,2237.9
genx__env__prox__hold__monthhour,Summer,6091,Sierra,1740.6,1479.1,-261.5
genx__env__prox__hold__monthhour,Summer,6093,Siskiyou,10491.7,10491.7,0.0
genx__env__prox__hold__monthhour,Summer,6095,Solano,62178.9,57884.8,-4294.1
genx__env__prox__hold__monthhour,Summer,6097,Sonoma,55503.9,48074.7,-7429.2
genx__env__prox__hold__monthhour,Summer,6099,Stanislaus,80837.7,84887.8,4050.1
genx__env__prox__hold__monthhour,Summer,6101,Sutter,14590.4,17552.1,2961.7
genx__env__prox__hold__monthhour,Summer,6103,Tehama,7867.3,6148.0,-1719.3
genx__env__prox__hold__monthhour,Summer,6105,Trinity,3298.4,3175.4,-123.0
genx__env__prox__hold__monthhour,Summer,6107,Tulare,51283.5,75261.5,23978.0
genx__env__prox__hold__monthhour,Summer,6109,Tuolumne,7184.1,10022.2,2838.1
genx__env__prox__hold__monthhour,Summer,6111,Ventura,103893.5,97619.0,-6274.5
genx__env__prox__hold__monthhour,Summer,6113,Yolo,30696.5,30377.0,-319.5
genx__env__prox__hold__monthhour,Summer,6115,Yuba,10610.4,12029.9,1419.5
genx__env__prox__hold__static,Summer,6001,Alameda,219666.6,176402.7,-43263.9
genx__env__prox__hold__static,Summer,6003,Alpine,3456.3,44.5,-3411.8
genx__env__prox__hold__static,Summer,6005,Amador,5828.6,6371.1,542.5
genx__env__prox__hold__static,Summer,6007,Butte,26692.5,33542.8,6850.3
genx__env__prox__hold__static,Summer,6009,Calaveras,2090.2,3078.3,988.1
genx__env__prox__hold__static,Summer,6011,Colusa,4521.4,5631.8,1110.4
genx__env__prox__hold__static,Summer,6013,Contra Costa,172406.0,156150.2,-16255.8
genx__env__prox__hold__static,Summer,6017,El Dorado,11545.4,16348.6,4803.2
genx__env__prox__hold__static,Summer,6019,Fresno,107522.1,134162.6,26640.5
genx__env__prox__hold__static,Summer,6021,Glenn,7464.4,5559.5,-1904.9
genx__env__prox__hold__static,Summer,6023,Humboldt,12465.6,12373.0,-92.6
genx__env__prox__hold__static,Summer,6025,Imperial,18792.8,18792.8,0.0
genx__env__prox__hold__static,Summer,6027,Inyo,18597.5,7090.2,-11507.3
genx__env__prox__hold__static,Summer,6029,Kern,139821.9,143091.8,3269.9
genx__env__prox__hold__static,Summer,6031,Kings,23987.0,29316.1,5329.1
genx__env__prox__hold__static,Summer,6033,Lake,9883.7,12038.5,2154.8
genx__env__prox__hold__static,Summer,6035,Lassen,8973.9,9233.6,259.7
genx__env__prox__hold__static,Summer,6037,Los Angeles,1109060.5,1029142.0,-79918.5
genx__env__prox__hold__static,Summer,6039,Madera,15111.7,46677.4,31565.7
genx__env__prox__hold__static,Summer,6041,Marin,34418.8,19875.8,-14543.0
genx__env__prox__hold__static,Summer,6043,Mariposa,1649.0,2081.2,432.2
genx__env__prox__hold__static,Summer,6045,Mendocino,12502.3,13038.4,536.1
genx__env__prox__hold__static,Summer,6047,Merced,27528.4,35980.9,8452.5
genx__env__prox__hold__static,Summer,6049,Modoc,2986.3,2986.3,0.0
genx__env__prox__hold__static,Summer,6051,Mono,1871.7,3272.4,1400.7
genx__env__prox__hold__static,Summer,6053,Monterey,42126.5,39953.3,-2173.2
genx__env__prox__hold__static,Summer,6055,Napa,19474.9,13472.3,-6002.6
genx__env__prox__hold__static,Summer,6057,Nevada,4301.7,6946.1,2644.4
genx__env__prox__hold__static,Summer,6059,Orange,299022.7,331143.3,32120.6
genx__env__prox__hold__static,Summer,6061,Placer,43474.9,48434.6,4959.7
genx__env__prox__hold__static,Summer,6063,Plumas,4658.8,3509.3,-1149.5
genx__env__prox__hold__static,Summer,6065,Riverside,167244.9,244922.3,77677.4
genx__env__prox__hold__static,Summer,6067,Sacramento,127410.0,131227.4,3817.4
genx__env__prox__hold__static,Summer,6069,San Benito,2711.8,6352.9,3641.1
genx__env__prox__hold__static,Summer,6071,San Bernardino,207922.2,298477.2,90555.0
genx__env__prox__hold__static,Summer,6073,San Diego,348023.9,339090.7,-8933.2
genx__env__prox__hold__static,Summer,6075,San Francisco,77557.3,36844.9,-40712.4
genx__env__prox__hold__static,Summer,6077,San Joaquin,133261.7,117554.8,-15706.9
genx__env__prox__hold__static,Summer,6079,San Luis Obispo,31854.9,21458.5,-10396.4
genx__env__prox__hold__static,Summer,6081,San Mateo,101013.5,78229.3,-22784.2
genx__env__prox__hold__static,Summer,6083,Santa Barbara,53580.8,56831.2,3250.4
genx__env__prox__hold__static,Summer,6085,Santa Clara,267076.4,227170.4,-39906.0
genx__env__prox__hold__static,Summer,6087,Santa Cruz,31499.7,23834.4,-7665.3
genx__env__prox__hold__static,Summer,6089,Shasta,14225.7,16198.2,1972.5
genx__env__prox__hold__static,Summer,6091,Sierra,1740.6,1497.4,-243.2
genx__env__prox__hold__static,Summer,6093,Siskiyou,10491.7,10491.7,0.0
genx__env__prox__hold__static,Summer,6095,Solano,62178.9,58227.2,-3951.7
genx__env__prox__hold__static,Summer,6097,Sonoma,55503.9,52089.2,-3414.7
genx__env__prox__hold__static,Summer,6099,Stanislaus,80837.7,83669.6,2831.9
genx__env__prox__hold__static,Summer,6101,Sutter,14590.4,15755.4,1165.0
genx__env__prox__hold__static,Summer,6103,Tehama,7867.3,5616.5,-2250.8
genx__env__prox__hold__static,Summer,6105,Trinity,3298.4,3207.5,-90.9
genx__env__prox__hold__static,Summer,6107,Tulare,51283.5,67246.8,15963.3
genx__env__prox__hold__static,Summer,6109,Tuolumne,7184.1,10267.7,3083.6
genx__env__prox__hold__static,Summer,6111,Ventura,103893.5,102678.6,-1214.9
genx__env__prox__hold__static,Summer,6113,Yolo,30696.5,29204.0,-1492.5
genx__env__prox__hold__static,Summer,6115,Yuba,10610.4,11578.6,968.2
genx__reedsco__catch__aratio__monthhour,Summer,6001,Alameda,219666.6,129585.1,-90081.5
genx__reedsco__catch__aratio__monthhour,Summer,6003,Alpine,3456.3,0.0,-3456.3
genx__reedsco__catch__aratio__monthhour,Summer,6005,Amador,5828.6,7958.2,2129.6
genx__reedsco__catch__aratio__monthhour,Summer,6007,Butte,26692.5,18342.4,-8350.1
genx__reedsco__catch__aratio__monthhour,Summer,6009,Calaveras,2090.2,3315.1,1224.9
genx__reedsco__catch__aratio__monthhour,Summer,6011,Colusa,4521.4,4803.0,281.6
genx__reedsco__catch__aratio__monthhour,Summer,6013,Contra Costa,172406.0,156699.3,-15706.7
genx__reedsco__catch__aratio__monthhour,Summer,6017,El Dorado,11545.4,17885.0,6339.6
genx__reedsco__catch__aratio__monthhour,Summer,6019,Fresno,107522.1,132338.7,24816.6
genx__reedsco__catch__aratio__monthhour,Summer,6021,Glenn,7464.4,4186.1,-3278.3
genx__reedsco__catch__aratio__monthhour,Summer,6023,Humboldt,12465.6,10908.7,-1556.9
genx__reedsco__catch__aratio__monthhour,Summer,6025,Imperial,18792.8,52406.4,33613.6
genx__reedsco__catch__aratio__monthhour,Summer,6027,Inyo,18597.5,907.5,-17690.0
genx__reedsco__catch__aratio__monthhour,Summer,6029,Kern,139821.9,139216.2,-605.7
genx__reedsco__catch__aratio__monthhour,Summer,6031,Kings,23987.0,19597.6,-4389.4
genx__reedsco__catch__aratio__monthhour,Summer,6033,Lake,9883.7,4410.1,-5473.6
genx__reedsco__catch__aratio__monthhour,Summer,6035,Lassen,8973.9,1154.4,-7819.5
genx__reedsco__catch__aratio__monthhour,Summer,6037,Los Angeles,1109060.5,944792.2,-164268.3
genx__reedsco__catch__aratio__monthhour,Summer,6039,Madera,15111.7,21222.8,6111.1
genx__reedsco__catch__aratio__monthhour,Summer,6041,Marin,34418.8,17314.4,-17104.4
genx__reedsco__catch__aratio__monthhour,Summer,6043,Mariposa,1649.0,1587.3,-61.7
genx__reedsco__catch__aratio__monthhour,Summer,6045,Mendocino,12502.3,5296.3,-7206.0
genx__reedsco__catch__aratio__monthhour,Summer,6047,Merced,27528.4,40916.2,13387.8
genx__reedsco__catch__aratio__monthhour,Summer,6049,Modoc,2986.3,3941.1,954.8
genx__reedsco__catch__aratio__monthhour,Summer,6051,Mono,1871.7,810.0,-1061.7
genx__reedsco__catch__aratio__monthhour,Summer,6053,Monterey,42126.5,32829.8,-9296.7
genx__reedsco__catch__aratio__monthhour,Summer,6055,Napa,19474.9,18155.0,-1319.9
genx__reedsco__catch__aratio__monthhour,Summer,6057,Nevada,4301.7,9264.6,4962.9
genx__reedsco__catch__aratio__monthhour,Summer,6059,Orange,299022.7,347073.8,48051.1
genx__reedsco__catch__aratio__monthhour,Summer,6061,Placer,43474.9,49806.0,6331.1
genx__reedsco__catch__aratio__monthhour,Summer,6063,Plumas,4658.8,1954.7,-2704.1
genx__reedsco__catch__aratio__monthhour,Summer,6065,Riverside,167244.9,177941.8,10696.9
genx__reedsco__catch__aratio__monthhour,Summer,6067,Sacramento,127410.0,132959.0,5549.0
genx__reedsco__catch__aratio__monthhour,Summer,6069,San Benito,2711.8,5818.0,3106.2
genx__reedsco__catch__aratio__monthhour,Summer,6071,San Bernardino,207922.2,413555.7,205633.5
genx__reedsco__catch__aratio__monthhour,Summer,6073,San Diego,348023.9,580374.8,232350.9
genx__reedsco__catch__aratio__monthhour,Summer,6075,San Francisco,77557.3,57730.1,-19827.2
genx__reedsco__catch__aratio__monthhour,Summer,6077,San Joaquin,133261.7,86862.9,-46398.8
genx__reedsco__catch__aratio__monthhour,Summer,6079,San Luis Obispo,31854.9,25286.8,-6568.1
genx__reedsco__catch__aratio__monthhour,Summer,6081,San Mateo,101013.5,74929.4,-26084.1
genx__reedsco__catch__aratio__monthhour,Summer,6083,Santa Barbara,53580.8,41495.9,-12084.9
genx__reedsco__catch__aratio__monthhour,Summer,6085,Santa Clara,267076.4,225126.1,-41950.3
genx__reedsco__catch__aratio__monthhour,Summer,6087,Santa Cruz,31499.7,13933.1,-17566.6
genx__reedsco__catch__aratio__monthhour,Summer,6089,Shasta,14225.7,20364.6,6138.9
genx__reedsco__catch__aratio__monthhour,Summer,6091,Sierra,1740.6,1127.6,-613.0
genx__reedsco__catch__aratio__monthhour,Summer,6093,Siskiyou,10491.7,8103.3,-2388.4
genx__reedsco__catch__aratio__monthhour,Summer,6095,Solano,62178.9,50221.4,-11957.5
genx__reedsco__catch__aratio__monthhour,Summer,6097,Sonoma,55503.9,26422.0,-29081.9
genx__reedsco__catch__aratio__monthhour,Summer,6099,Stanislaus,80837.7,68980.8,-11856.9
genx__reedsco__catch__aratio__monthhour,Summer,6101,Sutter,14590.4,9925.9,-4664.5
genx__reedsco__catch__aratio__monthhour,Summer,6103,Tehama,7867.3,5419.5,-2447.8
genx__reedsco__catch__aratio__monthhour,Summer,6105,Trinity,3298.4,1348.3,-1950.1
genx__reedsco__catch__aratio__monthhour,Summer,6107,Tulare,51283.5,78129.0,26845.5
genx__reedsco__catch__aratio__monthhour,Summer,6109,Tuolumne,7184.1,5993.7,-1190.4
genx__reedsco__catch__aratio__monthhour,Summer,6111,Ventura,103893.5,77839.7,-26053.8
genx__reedsco__catch__aratio__monthhour,Summer,6113,Yolo,30696.5,23471.7,-7224.8
genx__reedsco__catch__aratio__monthhour,Summer,6115,Yuba,10610.4,8221.0,-2389.4
genx__reedsco__namecatch__aratio__monthhour,Summer,6001,Alameda,219666.6,129541.6,-90125.0
genx__reedsco__namecatch__aratio__monthhour,Summer,6003,Alpine,3456.3,0.0,-3456.3
genx__reedsco__namecatch__aratio__monthhour,Summer,6005,Amador,5828.6,7959.5,2130.9
genx__reedsco__namecatch__aratio__monthhour,Summer,6007,Butte,26692.5,18342.0,-8350.5
genx__reedsco__namecatch__aratio__monthhour,Summer,6009,Calaveras,2090.2,3314.8,1224.6
genx__reedsco__namecatch__aratio__monthhour,Summer,6011,Colusa,4521.4,4802.7,281.3
genx__reedsco__namecatch__aratio__monthhour,Summer,6013,Contra Costa,172406.0,156704.1,-15701.9
genx__reedsco__namecatch__aratio__monthhour,Summer,6017,El Dorado,11545.4,17885.3,6339.9
genx__reedsco__namecatch__aratio__monthhour,Summer,6019,Fresno,107522.1,132341.9,24819.8
genx__reedsco__namecatch__aratio__monthhour,Summer,6021,Glenn,7464.4,4186.5,-3277.9
genx__reedsco__namecatch__aratio__monthhour,Summer,6023,Humboldt,12465.6,10908.3,-1557.3
genx__reedsco__namecatch__aratio__monthhour,Summer,6025,Imperial,18792.8,52404.6,33611.8
genx__reedsco__namecatch__aratio__monthhour,Summer,6027,Inyo,18597.5,919.2,-17678.3
genx__reedsco__namecatch__aratio__monthhour,Summer,6029,Kern,139821.9,139218.3,-603.6
genx__reedsco__namecatch__aratio__monthhour,Summer,6031,Kings,23987.0,19596.8,-4390.2
genx__reedsco__namecatch__aratio__monthhour,Summer,6033,Lake,9883.7,4410.7,-5473.0
genx__reedsco__namecatch__aratio__monthhour,Summer,6035,Lassen,8973.9,1153.1,-7820.8
genx__reedsco__namecatch__aratio__monthhour,Summer,6037,Los Angeles,1109060.5,944799.7,-164260.8
genx__reedsco__namecatch__aratio__monthhour,Summer,6039,Madera,15111.7,21222.2,6110.5
genx__reedsco__namecatch__aratio__monthhour,Summer,6041,Marin,34418.8,17314.6,-17104.2
genx__reedsco__namecatch__aratio__monthhour,Summer,6043,Mariposa,1649.0,1587.9,-61.1
genx__reedsco__namecatch__aratio__monthhour,Summer,6045,Mendocino,12502.3,5297.1,-7205.2
genx__reedsco__namecatch__aratio__monthhour,Summer,6047,Merced,27528.4,40917.4,13389.0
genx__reedsco__namecatch__aratio__monthhour,Summer,6049,Modoc,2986.3,3939.6,953.3
genx__reedsco__namecatch__aratio__monthhour,Summer,6051,Mono,1871.7,809.9,-1061.8
genx__reedsco__namecatch__aratio__monthhour,Summer,6053,Monterey,42126.5,32831.3,-9295.2
genx__reedsco__namecatch__aratio__monthhour,Summer,6055,Napa,19474.9,18152.8,-1322.1
genx__reedsco__namecatch__aratio__monthhour,Summer,6057,Nevada,4301.7,9262.5,4960.8
genx__reedsco__namecatch__aratio__monthhour,Summer,6059,Orange,299022.7,347061.7,48039.0
genx__reedsco__namecatch__aratio__monthhour,Summer,6061,Placer,43474.9,49805.5,6330.6
genx__reedsco__namecatch__aratio__monthhour,Summer,6063,Plumas,4658.8,1954.1,-2704.7
genx__reedsco__namecatch__aratio__monthhour,Summer,6065,Riverside,167244.9,177932.2,10687.3
genx__reedsco__namecatch__aratio__monthhour,Summer,6067,Sacramento,127410.0,132989.3,5579.3
genx__reedsco__namecatch__aratio__monthhour,Summer,6069,San Benito,2711.8,5818.0,3106.2
genx__reedsco__namecatch__aratio__monthhour,Summer,6071,San Bernardino,207922.2,413566.1,205643.9
genx__reedsco__namecatch__aratio__monthhour,Summer,6073,San Diego,348023.9,580372.7,232348.8
genx__reedsco__namecatch__aratio__monthhour,Summer,6075,San Francisco,77557.3,57726.5,-19830.8
genx__reedsco__namecatch__aratio__monthhour,Summer,6077,San Joaquin,133261.7,86863.9,-46397.8
genx__reedsco__namecatch__aratio__monthhour,Summer,6079,San Luis Obispo,31854.9,25287.6,-6567.3
genx__reedsco__namecatch__aratio__monthhour,Summer,6081,San Mateo,101013.5,74930.5,-26083.0
genx__reedsco__namecatch__aratio__monthhour,Summer,6083,Santa Barbara,53580.8,41497.0,-12083.8
genx__reedsco__namecatch__aratio__monthhour,Summer,6085,Santa Clara,267076.4,225125.2,-41951.2
genx__reedsco__namecatch__aratio__monthhour,Summer,6087,Santa Cruz,31499.7,13931.5,-17568.2
genx__reedsco__namecatch__aratio__monthhour,Summer,6089,Shasta,14225.7,20365.4,6139.7
genx__reedsco__namecatch__aratio__monthhour,Summer,6091,Sierra,1740.6,1127.3,-613.3
genx__reedsco__namecatch__aratio__monthhour,Summer,6093,Siskiyou,10491.7,8102.7,-2389.0
genx__reedsco__namecatch__aratio__monthhour,Summer,6095,Solano,62178.9,50232.8,-11946.1
genx__reedsco__namecatch__aratio__monthhour,Summer,6097,Sonoma,55503.9,26422.5,-29081.4
genx__reedsco__namecatch__aratio__monthhour,Summer,6099,Stanislaus,80837.7,68979.3,-11858.4
genx__reedsco__namecatch__aratio__monthhour,Summer,6101,Sutter,14590.4,9925.0,-4665.4
genx__reedsco__namecatch__aratio__monthhour,Summer,6103,Tehama,7867.3,5419.9,-2447.4
genx__reedsco__namecatch__aratio__monthhour,Summer,6105,Trinity,3298.4,1348.2,-1950.2
genx__reedsco__namecatch__aratio__monthhour,Summer,6107,Tulare,51283.5,78127.1,26843.6
genx__reedsco__namecatch__aratio__monthhour,Summer,6109,Tuolumne,7184.1,5992.9,-1191.2
genx__reedsco__namecatch__aratio__monthhour,Summer,6111,Ventura,103893.5,77837.3,-26056.2
genx__reedsco__namecatch__aratio__monthhour,Summer,6113,Yolo,30696.5,23471.3,-7225.2
genx__reedsco__namecatch__aratio__monthhour,Summer,6115,Yuba,10610.4,8222.2,-2388.2
genx__reedsco__nameprox__aratio__monthhour,Summer,6001,Alameda,219666.6,129524.7,-90141.9
genx__reedsco__nameprox__aratio__monthhour,Summer,6003,Alpine,3456.3,0.0,-3456.3
genx__reedsco__nameprox__aratio__monthhour,Summer,6005,Amador,5828.6,7958.1,2129.5
genx__reedsco__nameprox__aratio__monthhour,Summer,6007,Butte,26692.5,18358.5,-8334.0
genx__reedsco__nameprox__aratio__monthhour,Summer,6009,Calaveras,2090.2,3317.1,1226.9
genx__reedsco__nameprox__aratio__monthhour,Summer,6011,Colusa,4521.4,4806.8,285.4
genx__reedsco__nameprox__aratio__monthhour,Summer,6013,Contra Costa,172406.0,156813.2,-15592.8
genx__reedsco__nameprox__aratio__monthhour,Summer,6017,El Dorado,11545.4,17883.9,6338.5
genx__reedsco__nameprox__aratio__monthhour,Summer,6019,Fresno,107522.1,132331.9,24809.8
genx__reedsco__nameprox__aratio__monthhour,Summer,6021,Glenn,7464.4,4182.3,-3282.1
genx__reedsco__nameprox__aratio__monthhour,Summer,6023,Humboldt,12465.6,10883.3,-1582.3
genx__reedsco__nameprox__aratio__monthhour,Summer,6025,Imperial,18792.8,52449.5,33656.7
genx__reedsco__nameprox__aratio__monthhour,Summer,6027,Inyo,18597.5,924.5,-17673.0
genx__reedsco__nameprox__aratio__monthhour,Summer,6029,Kern,139821.9,139288.7,-533.2
genx__reedsco__nameprox__aratio__monthhour,Summer,6031,Kings,23987.0,19597.7,-4389.3
genx__reedsco__nameprox__aratio__monthhour,Summer,6033,Lake,9883.7,4412.0,-5471.7
genx__reedsco__nameprox__aratio__monthhour,Summer,6035,Lassen,8973.9,1145.6,-7828.3
genx__reedsco__nameprox__aratio__monthhour,Summer,6037,Los Angeles,1109060.5,944807.9,-164252.6
genx__reedsco__nameprox__aratio__monthhour,Summer,6039,Madera,15111.7,21213.0,6101.3
genx__reedsco__nameprox__aratio__monthhour,Summer,6041,Marin,34418.8,17315.0,-17103.8
genx__reedsco__nameprox__aratio__monthhour,Summer,6043,Mariposa,1649.0,1585.3,-63.7
genx__reedsco__nameprox__aratio__monthhour,Summer,6045,Mendocino,12502.3,5308.9,-7193.4
genx__reedsco__nameprox__aratio__monthhour,Summer,6047,Merced,27528.4,40924.5,13396.1
genx__reedsco__nameprox__aratio__monthhour,Summer,6049,Modoc,2986.3,3941.0,954.7
genx__reedsco__nameprox__aratio__monthhour,Summer,6051,Mono,1871.7,808.5,-1063.2
genx__reedsco__nameprox__aratio__monthhour,Summer,6053,Monterey,42126.5,32816.9,-9309.6
genx__reedsco__nameprox__aratio__monthhour,Summer,6055,Napa,19474.9,18150.9,-1324.0
genx__reedsco__nameprox__aratio__monthhour,Summer,6057,Nevada,4301.7,9301.9,5000.2
genx__reedsco__nameprox__aratio__monthhour,Summer,6059,Orange,299022.7,347059.8,48037.1
genx__reedsco__nameprox__aratio__monthhour,Summer,6061,Placer,43474.9,49776.2,6301.3
genx__reedsco__nameprox__aratio__monthhour,Summer,6063,Plumas,4658.8,1927.9,-2730.9
genx__reedsco__nameprox__aratio__monthhour,Summer,6065,Riverside,167244.9,177940.4,10695.5
genx__reedsco__nameprox__aratio__monthhour,Summer,6067,Sacramento,127410.0,132893.2,5483.2
genx__reedsco__nameprox__aratio__monthhour,Summer,6069,San Benito,2711.8,5818.4,3106.6
genx__reedsco__nameprox__aratio__monthhour,Summer,6071,San Bernardino,207922.2,413607.8,205685.6
genx__reedsco__nameprox__aratio__monthhour,Summer,6073,San Diego,348023.9,580379.9,232356.0
genx__reedsco__nameprox__aratio__monthhour,Summer,6075,San Francisco,77557.3,57728.6,-19828.7
genx__reedsco__nameprox__aratio__monthhour,Summer,6077,San Joaquin,133261.7,86817.7,-46444.0
genx__reedsco__nameprox__aratio__monthhour,Summer,6079,San Luis Obispo,31854.9,25279.5,-6575.4
genx__reedsco__nameprox__aratio__monthhour,Summer,6081,San Mateo,101013.5,74933.5,-26080.0
genx__reedsco__nameprox__aratio__monthhour,Summer,6083,Santa Barbara,53580.8,41481.4,-12099.4
genx__reedsco__nameprox__aratio__monthhour,Summer,6085,Santa Clara,267076.4,225094.4,-41982.0
genx__reedsco__nameprox__aratio__monthhour,Summer,6087,Santa Cruz,31499.7,13931.2,-17568.5
genx__reedsco__nameprox__aratio__monthhour,Summer,6089,Shasta,14225.7,20369.8,6144.1
genx__reedsco__nameprox__aratio__monthhour,Summer,6091,Sierra,1740.6,1129.2,-611.4
genx__reedsco__nameprox__aratio__monthhour,Summer,6093,Siskiyou,10491.7,8097.4,-2394.3
genx__reedsco__nameprox__aratio__monthhour,Summer,6095,Solano,62178.9,50246.6,-11932.3
genx__reedsco__nameprox__aratio__monthhour,Summer,6097,Sonoma,55503.9,26414.3,-29089.6
genx__reedsco__nameprox__aratio__monthhour,Summer,6099,Stanislaus,80837.7,68958.5,-11879.2
genx__reedsco__nameprox__aratio__monthhour,Summer,6101,Sutter,14590.4,9920.6,-4669.8
genx__reedsco__nameprox__aratio__monthhour,Summer,6103,Tehama,7867.3,5420.9,-2446.4
genx__reedsco__nameprox__aratio__monthhour,Summer,6105,Trinity,3298.4,1360.0,-1938.4
genx__reedsco__nameprox__aratio__monthhour,Summer,6107,Tulare,51283.5,78120.5,26837.0
genx__reedsco__nameprox__aratio__monthhour,Summer,6109,Tuolumne,7184.1,6007.2,-1176.9
genx__reedsco__nameprox__aratio__monthhour,Summer,6111,Ventura,103893.5,77819.5,-26074.0
genx__reedsco__nameprox__aratio__monthhour,Summer,6113,Yolo,30696.5,23468.4,-7228.1
genx__reedsco__nameprox__aratio__monthhour,Summer,6115,Yuba,10610.4,8205.7,-2404.7
genx__reedsco__prox__a0__monthhour,Summer,6001,Alameda,219666.6,129546.2,-90120.4
genx__reedsco__prox__a0__monthhour,Summer,6003,Alpine,3456.3,0.0,-3456.3
genx__reedsco__prox__a0__monthhour,Summer,6005,Amador,5828.6,7954.1,2125.5
genx__reedsco__prox__a0__monthhour,Summer,6007,Butte,26692.5,18354.8,-8337.7
genx__reedsco__prox__a0__monthhour,Summer,6009,Calaveras,2090.2,3317.2,1227.0
genx__reedsco__prox__a0__monthhour,Summer,6011,Colusa,4521.4,4803.4,282.0
genx__reedsco__prox__a0__monthhour,Summer,6013,Contra Costa,172406.0,156742.7,-15663.3
genx__reedsco__prox__a0__monthhour,Summer,6017,El Dorado,11545.4,17883.2,6337.8
genx__reedsco__prox__a0__monthhour,Summer,6019,Fresno,107522.1,132334.9,24812.8
genx__reedsco__prox__a0__monthhour,Summer,6021,Glenn,7464.4,4185.1,-3279.3
genx__reedsco__prox__a0__monthhour,Summer,6023,Humboldt,12465.6,10883.3,-1582.3
genx__reedsco__prox__a0__monthhour,Summer,6025,Imperial,18792.8,52433.0,33640.2
genx__reedsco__prox__a0__monthhour,Summer,6027,Inyo,18597.5,929.5,-17668.0
genx__reedsco__prox__a0__monthhour,Summer,6029,Kern,139821.9,139253.2,-568.7
genx__reedsco__prox__a0__monthhour,Summer,6031,Kings,23987.0,19601.1,-4385.9
genx__reedsco__prox__a0__monthhour,Summer,6033,Lake,9883.7,4409.5,-5474.2
genx__reedsco__prox__a0__monthhour,Summer,6035,Lassen,8973.9,1161.7,-7812.2
genx__reedsco__prox__a0__monthhour,Summer,6037,Los Angeles,1109060.5,944684.4,-164376.1
genx__reedsco__prox__a0__monthhour,Summer,6039,Madera,15111.7,21215.6,6103.9
genx__reedsco__prox__a0__monthhour,Summer,6041,Marin,34418.8,17314.7,-17104.1
genx__reedsco__prox__a0__monthhour,Summer,6043,Mariposa,1649.0,1585.6,-63.4
genx__reedsco__prox__a0__monthhour,Summer,6045,Mendocino,12502.3,5305.4,-7196.9
genx__reedsco__prox__a0__monthhour,Summer,6047,Merced,27528.4,40909.1,13380.7
genx__reedsco__prox__a0__monthhour,Summer,6049,Modoc,2986.3,3944.9,958.6
genx__reedsco__prox__a0__monthhour,Summer,6051,Mono,1871.7,812.3,-1059.4
genx__reedsco__prox__a0__monthhour,Summer,6053,Monterey,42126.5,32820.3,-9306.2
genx__reedsco__prox__a0__monthhour,Summer,6055,Napa,19474.9,18151.5,-1323.4
genx__reedsco__prox__a0__monthhour,Summer,6057,Nevada,4301.7,9300.6,4998.9
genx__reedsco__prox__a0__monthhour,Summer,6059,Orange,299022.7,347048.0,48025.3
genx__reedsco__prox__a0__monthhour,Summer,6061,Placer,43474.9,49768.2,6293.3
genx__reedsco__prox__a0__monthhour,Summer,6063,Plumas,4658.8,1936.0,-2722.8
genx__reedsco__prox__a0__monthhour,Summer,6065,Riverside,167244.9,177959.4,10714.5
genx__reedsco__prox__a0__monthhour,Summer,6067,Sacramento,127410.0,133027.2,5617.2
genx__reedsco__prox__a0__monthhour,Summer,6069,San Benito,2711.8,5817.1,3105.3
genx__reedsco__prox__a0__monthhour,Summer,6071,San Bernardino,207922.2,413632.8,205710.6
genx__reedsco__prox__a0__monthhour,Summer,6073,San Diego,348023.9,580359.6,232335.7
genx__reedsco__prox__a0__monthhour,Summer,6075,San Francisco,77557.3,57726.9,-19830.4
genx__reedsco__prox__a0__monthhour,Summer,6077,San Joaquin,133261.7,86854.8,-46406.9
genx__reedsco__prox__a0__monthhour,Summer,6079,San Luis Obispo,31854.9,25285.2,-6569.7
genx__reedsco__prox__a0__monthhour,Summer,6081,San Mateo,101013.5,74924.2,-26089.3
genx__reedsco__prox__a0__monthhour,Summer,6083,Santa Barbara,53580.8,41489.5,-12091.3
genx__reedsco__prox__a0__monthhour,Summer,6085,Santa Clara,267076.4,225116.0,-41960.4
genx__reedsco__prox__a0__monthhour,Summer,6087,Santa Cruz,31499.7,13924.1,-17575.6
genx__reedsco__prox__a0__monthhour,Summer,6089,Shasta,14225.7,20361.2,6135.5
genx__reedsco__prox__a0__monthhour,Summer,6091,Sierra,1740.6,1128.9,-611.7
genx__reedsco__prox__a0__monthhour,Summer,6093,Siskiyou,10491.7,8097.5,-2394.2
genx__reedsco__prox__a0__monthhour,Summer,6095,Solano,62178.9,50261.0,-11917.9
genx__reedsco__prox__a0__monthhour,Summer,6097,Sonoma,55503.9,26418.6,-29085.3
genx__reedsco__prox__a0__monthhour,Summer,6099,Stanislaus,80837.7,68964.9,-11872.8
genx__reedsco__prox__a0__monthhour,Summer,6101,Sutter,14590.4,9916.5,-4673.9
genx__reedsco__prox__a0__monthhour,Summer,6103,Tehama,7867.3,5418.2,-2449.1
genx__reedsco__prox__a0__monthhour,Summer,6105,Trinity,3298.4,1355.4,-1943.0
genx__reedsco__prox__a0__monthhour,Summer,6107,Tulare,51283.5,78121.6,26838.1
genx__reedsco__prox__a0__monthhour,Summer,6109,Tuolumne,7184.1,5995.8,-1188.3
genx__reedsco__prox__a0__monthhour,Summer,6111,Ventura,103893.5,77834.1,-26059.4
genx__reedsco__prox__a0__monthhour,Summer,6113,Yolo,30696.5,23472.9,-7223.6
genx__reedsco__prox__a0__monthhour,Summer,6115,Yuba,10610.4,8207.2,-2403.2
genx__reedsco__prox__a0__static,Summer,6001,Alameda,219666.6,129547.3,-90119.3
genx__reedsco__prox__a0__static,Summer,6003,Alpine,3456.3,0.0,-3456.3
genx__reedsco__prox__a0__static,Summer,6005,Amador,5828.6,7954.1,2125.5
genx__reedsco__prox__a0__static,Summer,6007,Butte,26692.5,18359.2,-8333.3
genx__reedsco__prox__a0__static,Summer,6009,Calaveras,2090.2,3317.0,1226.8
genx__reedsco__prox__a0__static,Summer,6011,Colusa,4521.4,4804.0,282.6
genx__reedsco__prox__a0__static,Summer,6013,Contra Costa,172406.0,156744.5,-15661.5
genx__reedsco__prox__a0__static,Summer,6017,El Dorado,11545.4,17883.2,6337.8
genx__reedsco__prox__a0__static,Summer,6019,Fresno,107522.1,132335.0,24812.9
genx__reedsco__prox__a0__static,Summer,6021,Glenn,7464.4,4183.5,-3280.9
genx__reedsco__prox__a0__static,Summer,6023,Humboldt,12465.6,10885.6,-1580.0
genx__reedsco__prox__a0__static,Summer,6025,Imperial,18792.8,52437.6,33644.8
genx__reedsco__prox__a0__static,Summer,6027,Inyo,18597.5,919.2,-17678.3
genx__reedsco__prox__a0__static,Summer,6029,Kern,139821.9,139248.9,-573.0
genx__reedsco__prox__a0__static,Summer,6031,Kings,23987.0,19601.4,-4385.6
genx__reedsco__prox__a0__static,Summer,6033,Lake,9883.7,4409.6,-5474.1
genx__reedsco__prox__a0__static,Summer,6035,Lassen,8973.9,1161.5,-7812.4
genx__reedsco__prox__a0__static,Summer,6037,Los Angeles,1109060.5,944674.8,-164385.7
genx__reedsco__prox__a0__static,Summer,6039,Madera,15111.7,21216.2,6104.5
genx__reedsco__prox__a0__static,Summer,6041,Marin,34418.8,17314.3,-17104.5
genx__reedsco__prox__a0__static,Summer,6043,Mariposa,1649.0,1584.8,-64.2
genx__reedsco__prox__a0__static,Summer,6045,Mendocino,12502.3,5305.1,-7197.2
genx__reedsco__prox__a0__static,Summer,6047,Merced,27528.4,40909.5,13381.1
genx__reedsco__prox__a0__static,Summer,6049,Modoc,2986.3,3945.1,958.8
genx__reedsco__prox__a0__static,Summer,6051,Mono,1871.7,812.0,-1059.7
genx__reedsco__prox__a0__static,Summer,6053,Monterey,42126.5,32821.6,-9304.9
genx__reedsco__prox__a0__static,Summer,6055,Napa,19474.9,18152.3,-1322.6
genx__reedsco__prox__a0__static,Summer,6057,Nevada,4301.7,9300.8,4999.1
genx__reedsco__prox__a0__static,Summer,6059,Orange,299022.7,347052.9,48030.2
genx__reedsco__prox__a0__static,Summer,6061,Placer,43474.9,49772.2,6297.3
genx__reedsco__prox__a0__static,Summer,6063,Plumas,4658.8,1936.5,-2722.3
genx__reedsco__prox__a0__static,Summer,6065,Riverside,167244.9,177958.2,10713.3
genx__reedsco__prox__a0__static,Summer,6067,Sacramento,127410.0,133028.5,5618.5
genx__reedsco__prox__a0__static,Summer,6069,San Benito,2711.8,5817.1,3105.3
genx__reedsco__prox__a0__static,Summer,6071,San Bernardino,207922.2,413626.2,205704.0
genx__reedsco__prox__a0__static,Summer,6073,San Diego,348023.9,580363.3,232339.4
genx__reedsco__prox__a0__static,Summer,6075,San Francisco,77557.3,57729.0,-19828.3
genx__reedsco__prox__a0__static,Summer,6077,San Joaquin,133261.7,86851.1,-46410.6
genx__reedsco__prox__a0__static,Summer,6079,San Luis Obispo,31854.9,25286.3,-6568.6
genx__reedsco__prox__a0__static,Summer,6081,San Mateo,101013.5,74923.4,-26090.1
genx__reedsco__prox__a0__static,Summer,6083,Santa Barbara,53580.8,41490.6,-12090.2
genx__reedsco__prox__a0__static,Summer,6085,Santa Clara,267076.4,225117.3,-41959.1
genx__reedsco__prox__a0__static,Summer,6087,Santa Cruz,31499.7,13926.0,-17573.7
genx__reedsco__prox__a0__static,Summer,6089,Shasta,14225.7,20362.6,6136.9
genx__reedsco__prox__a0__static,Summer,6091,Sierra,1740.6,1128.7,-611.9
genx__reedsco__prox__a0__static,Summer,6093,Siskiyou,10491.7,8093.2,-2398.5
genx__reedsco__prox__a0__static,Summer,6095,Solano,62178.9,50259.8,-11919.1
genx__reedsco__prox__a0__static,Summer,6097,Sonoma,55503.9,26419.6,-29084.3
genx__reedsco__prox__a0__static,Summer,6099,Stanislaus,80837.7,68964.6,-11873.1
genx__reedsco__prox__a0__static,Summer,6101,Sutter,14590.4,9916.9,-4673.5
genx__reedsco__prox__a0__static,Summer,6103,Tehama,7867.3,5418.8,-2448.5
genx__reedsco__prox__a0__static,Summer,6105,Trinity,3298.4,1355.3,-1943.1
genx__reedsco__prox__a0__static,Summer,6107,Tulare,51283.5,78121.1,26837.6
genx__reedsco__prox__a0__static,Summer,6109,Tuolumne,7184.1,5997.3,-1186.8
genx__reedsco__prox__a0__static,Summer,6111,Ventura,103893.5,77834.9,-26058.6
genx__reedsco__prox__a0__static,Summer,6113,Yolo,30696.5,23473.5,-7223.0
genx__reedsco__prox__a0__static,Summer,6115,Yuba,10610.4,8207.1,-2403.3
genx__reedsco__prox__aratio__monthhour,Summer,6001,Alameda,219666.6,129515.4,-90151.2
genx__reedsco__prox__aratio__monthhour,Summer,6003,Alpine,3456.3,0.0,-3456.3
genx__reedsco__prox__aratio__monthhour,Summer,6005,Amador,5828.6,7957.1,2128.5
genx__reedsco__prox__aratio__monthhour,Summer,6007,Butte,26692.5,18364.1,-8328.4
genx__reedsco__prox__aratio__monthhour,Summer,6009,Calaveras,2090.2,3316.7,1226.5
genx__reedsco__prox__aratio__monthhour,Summer,6011,Colusa,4521.4,4808.7,287.3
genx__reedsco__prox__aratio__monthhour,Summer,6013,Contra Costa,172406.0,156825.6,-15580.4
genx__reedsco__prox__aratio__monthhour,Summer,6017,El Dorado,11545.4,17880.0,6334.6
genx__reedsco__prox__aratio__monthhour,Summer,6019,Fresno,107522.1,132332.9,24810.8
genx__reedsco__prox__aratio__monthhour,Summer,6021,Glenn,7464.4,4180.2,-3284.2
genx__reedsco__prox__aratio__monthhour,Summer,6023,Humboldt,12465.6,10877.4,-1588.2
genx__reedsco__prox__aratio__monthhour,Summer,6025,Imperial,18792.8,52445.7,33652.9
genx__reedsco__prox__aratio__monthhour,Summer,6027,Inyo,18597.5,922.6,-17674.9
genx__reedsco__prox__aratio__monthhour,Summer,6029,Kern,139821.9,139305.0,-516.9
genx__reedsco__prox__aratio__monthhour,Summer,6031,Kings,23987.0,19595.7,-4391.3
genx__reedsco__prox__aratio__monthhour,Summer,6033,Lake,9883.7,4411.9,-5471.8
genx__reedsco__prox__aratio__monthhour,Summer,6035,Lassen,8973.9,1148.3,-7825.6
genx__reedsco__prox__aratio__monthhour,Summer,6037,Los Angeles,1109060.5,944801.1,-164259.4
genx__reedsco__prox__aratio__monthhour,Summer,6039,Madera,15111.7,21211.0,6099.3
genx__reedsco__prox__aratio__monthhour,Summer,6041,Marin,34418.8,17320.1,-17098.7
genx__reedsco__prox__aratio__monthhour,Summer,6043,Mariposa,1649.0,1584.3,-64.7
genx__reedsco__prox__aratio__monthhour,Summer,6045,Mendocino,12502.3,5313.7,-7188.6
genx__reedsco__prox__aratio__monthhour,Summer,6047,Merced,27528.4,40921.2,13392.8
genx__reedsco__prox__aratio__monthhour,Summer,6049,Modoc,2986.3,3939.6,953.3
genx__reedsco__prox__aratio__monthhour,Summer,6051,Mono,1871.7,808.2,-1063.5
genx__reedsco__prox__aratio__monthhour,Summer,6053,Monterey,42126.5,32815.1,-9311.4
genx__reedsco__prox__aratio__monthhour,Summer,6055,Napa,19474.9,18151.8,-1323.1
genx__reedsco__prox__aratio__monthhour,Summer,6057,Nevada,4301.7,9300.9,4999.2
genx__reedsco__prox__aratio__monthhour,Summer,6059,Orange,299022.7,347054.7,48032.0
genx__reedsco__prox__aratio__monthhour,Summer,6061,Placer,43474.9,49780.4,6305.5
genx__reedsco__prox__aratio__monthhour,Summer,6063,Plumas,4658.8,1929.1,-2729.7
genx__reedsco__prox__aratio__monthhour,Summer,6065,Riverside,167244.9,177938.8,10693.9
genx__reedsco__prox__aratio__monthhour,Summer,6067,Sacramento,127410.0,132885.0,5475.0
genx__reedsco__prox__aratio__monthhour,Summer,6069,San Benito,2711.8,5818.5,3106.7
genx__reedsco__prox__aratio__monthhour,Summer,6071,San Bernardino,207922.2,413605.5,205683.3
genx__reedsco__prox__aratio__monthhour,Summer,6073,San Diego,348023.9,580387.7,232363.8
genx__reedsco__prox__aratio__monthhour,Summer,6075,San Francisco,77557.3,57728.8,-19828.5
genx__reedsco__prox__aratio__monthhour,Summer,6077,San Joaquin,133261.7,86816.9,-46444.8
genx__reedsco__prox__aratio__monthhour,Summer,6079,San Luis Obispo,31854.9,25281.5,-6573.4
genx__reedsco__prox__aratio__monthhour,Summer,6081,San Mateo,101013.5,74933.9,-26079.6
genx__reedsco__prox__aratio__monthhour,Summer,6083,Santa Barbara,53580.8,41479.0,-12101.8
genx__reedsco__prox__aratio__monthhour,Summer,6085,Santa Clara,267076.4,225094.8,-41981.6
genx__reedsco__prox__aratio__monthhour,Summer,6087,Santa Cruz,31499.7,13933.2,-17566.5
genx__reedsco__prox__aratio__monthhour,Summer,6089,Shasta,14225.7,20378.0,6152.3
genx__reedsco__prox__aratio__monthhour,Summer,6091,Sierra,1740.6,1129.2,-611.4
genx__reedsco__prox__aratio__monthhour,Summer,6093,Siskiyou,10491.7,8092.9,-2398.8
genx__reedsco__prox__aratio__monthhour,Summer,6095,Solano,62178.9,50238.1,-11940.8
genx__reedsco__prox__aratio__monthhour,Summer,6097,Sonoma,55503.9,26410.9,-29093.0
genx__reedsco__prox__aratio__monthhour,Summer,6099,Stanislaus,80837.7,68966.6,-11871.1
genx__reedsco__prox__aratio__monthhour,Summer,6101,Sutter,14590.4,9925.8,-4664.6
genx__reedsco__prox__aratio__monthhour,Summer,6103,Tehama,7867.3,5422.4,-2444.9
genx__reedsco__prox__aratio__monthhour,Summer,6105,Trinity,3298.4,1356.6,-1941.8
genx__reedsco__prox__aratio__monthhour,Summer,6107,Tulare,51283.5,78113.0,26829.5
genx__reedsco__prox__aratio__monthhour,Summer,6109,Tuolumne,7184.1,6010.3,-1173.8
genx__reedsco__prox__aratio__monthhour,Summer,6111,Ventura,103893.5,77818.7,-26074.8
genx__reedsco__prox__aratio__monthhour,Summer,6113,Yolo,30696.5,23468.4,-7228.1
genx__reedsco__prox__aratio__monthhour,Summer,6115,Yuba,10610.4,8207.1,-2403.3
genx__reedsco__prox__aratio__static,Summer,6001,Alameda,219666.6,129519.8,-90146.8
genx__reedsco__prox__aratio__static,Summer,6003,Alpine,3456.3,0.0,-3456.3
genx__reedsco__prox__aratio__static,Summer,6005,Amador,5828.6,7957.1,2128.5
genx__reedsco__prox__aratio__static,Summer,6007,Butte,26692.5,18367.3,-8325.2
genx__reedsco__prox__aratio__static,Summer,6009,Calaveras,2090.2,3316.7,1226.5
genx__reedsco__prox__aratio__static,Summer,6011,Colusa,4521.4,4808.8,287.4
genx__reedsco__prox__aratio__static,Summer,6013,Contra Costa,172406.0,156824.6,-15581.4
genx__reedsco__prox__aratio__static,Summer,6017,El Dorado,11545.4,17880.3,6334.9
genx__reedsco__prox__aratio__static,Summer,6019,Fresno,107522.1,132329.5,24807.4
genx__reedsco__prox__aratio__static,Summer,6021,Glenn,7464.4,4179.8,-3284.6
genx__reedsco__prox__aratio__static,Summer,6023,Humboldt,12465.6,10874.4,-1591.2
genx__reedsco__prox__aratio__static,Summer,6025,Imperial,18792.8,52445.9,33653.1
genx__reedsco__prox__aratio__static,Summer,6027,Inyo,18597.5,919.4,-17678.1
genx__reedsco__prox__aratio__static,Summer,6029,Kern,139821.9,139303.5,-518.4
genx__reedsco__prox__aratio__static,Summer,6031,Kings,23987.0,19599.9,-4387.1
genx__reedsco__prox__aratio__static,Summer,6033,Lake,9883.7,4412.2,-5471.5
genx__reedsco__prox__aratio__static,Summer,6035,Lassen,8973.9,1147.2,-7826.7
genx__reedsco__prox__aratio__static,Summer,6037,Los Angeles,1109060.5,944801.7,-164258.8
genx__reedsco__prox__aratio__static,Summer,6039,Madera,15111.7,21209.7,6098.0
genx__reedsco__prox__aratio__static,Summer,6041,Marin,34418.8,17318.0,-17100.8
genx__reedsco__prox__aratio__static,Summer,6043,Mariposa,1649.0,1583.4,-65.6
genx__reedsco__prox__aratio__static,Summer,6045,Mendocino,12502.3,5311.9,-7190.4
genx__reedsco__prox__aratio__static,Summer,6047,Merced,27528.4,40921.0,13392.6
genx__reedsco__prox__aratio__static,Summer,6049,Modoc,2986.3,3939.6,953.3
genx__reedsco__prox__aratio__static,Summer,6051,Mono,1871.7,808.2,-1063.5
genx__reedsco__prox__aratio__static,Summer,6053,Monterey,42126.5,32815.3,-9311.2
genx__reedsco__prox__aratio__static,Summer,6055,Napa,19474.9,18151.8,-1323.1
genx__reedsco__prox__aratio__static,Summer,6057,Nevada,4301.7,9298.0,4996.3
genx__reedsco__prox__aratio__static,Summer,6059,Orange,299022.7,347054.7,48032.0
genx__reedsco__prox__aratio__static,Summer,6061,Placer,43474.9,49785.3,6310.4
genx__reedsco__prox__aratio__static,Summer,6063,Plumas,4658.8,1931.2,-2727.6
genx__reedsco__prox__aratio__static,Summer,6065,Riverside,167244.9,177931.8,10686.9
genx__reedsco__prox__aratio__static,Summer,6067,Sacramento,127410.0,132889.6,5479.6
genx__reedsco__prox__aratio__static,Summer,6069,San Benito,2711.8,5818.5,3106.7
genx__reedsco__prox__aratio__static,Summer,6071,San Bernardino,207922.2,413599.8,205677.6
genx__reedsco__prox__aratio__static,Summer,6073,San Diego,348023.9,580385.6,232361.7
genx__reedsco__prox__aratio__static,Summer,6075,San Francisco,77557.3,57729.2,-19828.1
genx__reedsco__prox__aratio__static,Summer,6077,San Joaquin,133261.7,86817.7,-46444.0
genx__reedsco__prox__aratio__static,Summer,6079,San Luis Obispo,31854.9,25280.0,-6574.9
genx__reedsco__prox__aratio__static,Summer,6081,San Mateo,101013.5,74937.4,-26076.1
genx__reedsco__prox__aratio__static,Summer,6083,Santa Barbara,53580.8,41477.6,-12103.2
genx__reedsco__prox__aratio__static,Summer,6085,Santa Clara,267076.4,225094.4,-41982.0
genx__reedsco__prox__aratio__static,Summer,6087,Santa Cruz,31499.7,13934.4,-17565.3
genx__reedsco__prox__aratio__static,Summer,6089,Shasta,14225.7,20378.3,6152.6
genx__reedsco__prox__aratio__static,Summer,6091,Sierra,1740.6,1129.2,-611.4
genx__reedsco__prox__aratio__static,Summer,6093,Siskiyou,10491.7,8096.5,-2395.2
genx__reedsco__prox__aratio__static,Summer,6095,Solano,62178.9,50237.2,-11941.7
genx__reedsco__prox__aratio__static,Summer,6097,Sonoma,55503.9,26413.3,-29090.6
genx__reedsco__prox__aratio__static,Summer,6099,Stanislaus,80837.7,68963.9,-11873.8
genx__reedsco__prox__aratio__static,Summer,6101,Sutter,14590.4,9928.5,-4661.9
genx__reedsco__prox__aratio__static,Summer,6103,Tehama,7867.3,5422.5,-2444.8
genx__reedsco__prox__aratio__static,Summer,6105,Trinity,3298.4,1357.0,-1941.4
genx__reedsco__prox__aratio__static,Summer,6107,Tulare,51283.5,78116.2,26832.7
genx__reedsco__prox__aratio__static,Summer,6109,Tuolumne,7184.1,6010.7,-1173.4
genx__reedsco__prox__aratio__static,Summer,6111,Ventura,103893.5,77818.7,-26074.8
genx__reedsco__prox__aratio__static,Summer,6113,Yolo,30696.5,23467.4,-7229.1
genx__reedsco__prox__aratio__static,Summer,6115,Yuba,10610.4,8208.5,-2401.9
genx__stoch__catch__w2-mean__monthhour,Summer,6001,Alameda,219666.6,199110.1,-20556.5
genx__stoch__catch__w2-mean__monthhour,Summer,6003,Alpine,3456.3,54.0,-3402.3
genx__stoch__catch__w2-mean__monthhour,Summer,6005,Amador,5828.6,6133.2,304.6
genx__stoch__catch__w2-mean__monthhour,Summer,6007,Butte,26692.5,33641.7,6949.2
genx__stoch__catch__w2-mean__monthhour,Summer,6009,Calaveras,2090.2,4272.3,2182.1
genx__stoch__catch__w2-mean__monthhour,Summer,6011,Colusa,4521.4,7306.6,2785.2
genx__stoch__catch__w2-mean__monthhour,Summer,6013,Contra Costa,172406.0,128359.2,-44046.8
genx__stoch__catch__w2-mean__monthhour,Summer,6017,El Dorado,11545.4,13888.0,2342.6
genx__stoch__catch__w2-mean__monthhour,Summer,6019,Fresno,107522.1,207903.3,100381.2
genx__stoch__catch__w2-mean__monthhour,Summer,6021,Glenn,7464.4,6802.7,-661.7
genx__stoch__catch__w2-mean__monthhour,Summer,6023,Humboldt,12465.6,12546.9,81.3
genx__stoch__catch__w2-mean__monthhour,Summer,6025,Imperial,18792.8,2596.2,-16196.6
genx__stoch__catch__w2-mean__monthhour,Summer,6027,Inyo,18597.5,1566.1,-17031.4
genx__stoch__catch__w2-mean__monthhour,Summer,6029,Kern,139821.9,169876.3,30054.4
genx__stoch__catch__w2-mean__monthhour,Summer,6031,Kings,23987.0,27807.1,3820.1
genx__stoch__catch__w2-mean__monthhour,Summer,6033,Lake,9883.7,7749.7,-2134.0
genx__stoch__catch__w2-mean__monthhour,Summer,6035,Lassen,8973.9,731.8,-8242.1
genx__stoch__catch__w2-mean__monthhour,Summer,6037,Los Angeles,1109060.5,803311.1,-305749.4
genx__stoch__catch__w2-mean__monthhour,Summer,6039,Madera,15111.7,40103.6,24991.9
genx__stoch__catch__w2-mean__monthhour,Summer,6041,Marin,34418.8,23332.1,-11086.7
genx__stoch__catch__w2-mean__monthhour,Summer,6043,Mariposa,1649.0,2197.0,548.0
genx__stoch__catch__w2-mean__monthhour,Summer,6045,Mendocino,12502.3,8704.4,-3797.9
genx__stoch__catch__w2-mean__monthhour,Summer,6047,Merced,27528.4,36286.7,8758.3
genx__stoch__catch__w2-mean__monthhour,Summer,6049,Modoc,2986.3,413.0,-2573.3
genx__stoch__catch__w2-mean__monthhour,Summer,6051,Mono,1871.7,3712.5,1840.8
genx__stoch__catch__w2-mean__monthhour,Summer,6053,Monterey,42126.5,45291.3,3164.8
genx__stoch__catch__w2-mean__monthhour,Summer,6055,Napa,19474.9,20897.8,1422.9
genx__stoch__catch__w2-mean__monthhour,Summer,6057,Nevada,4301.7,8882.8,4581.1
genx__stoch__catch__w2-mean__monthhour,Summer,6059,Orange,299022.7,404520.1,105497.4
genx__stoch__catch__w2-mean__monthhour,Summer,6061,Placer,43474.9,27344.0,-16130.9
genx__stoch__catch__w2-mean__monthhour,Summer,6063,Plumas,4658.8,1449.2,-3209.6
genx__stoch__catch__w2-mean__monthhour,Summer,6065,Riverside,167244.9,346585.0,179340.1
genx__stoch__catch__w2-mean__monthhour,Summer,6067,Sacramento,127410.0,26979.6,-100430.4
genx__stoch__catch__w2-mean__monthhour,Summer,6069,San Benito,2711.8,8282.3,5570.5
genx__stoch__catch__w2-mean__monthhour,Summer,6071,San Bernardino,207922.2,391002.2,183080.0
genx__stoch__catch__w2-mean__monthhour,Summer,6073,San Diego,348023.9,426884.6,78860.7
genx__stoch__catch__w2-mean__monthhour,Summer,6075,San Francisco,77557.3,4519.6,-73037.7
genx__stoch__catch__w2-mean__monthhour,Summer,6077,San Joaquin,133261.7,97694.5,-35567.2
genx__stoch__catch__w2-mean__monthhour,Summer,6079,San Luis Obispo,31854.9,31444.6,-410.3
genx__stoch__catch__w2-mean__monthhour,Summer,6081,San Mateo,101013.5,85343.3,-15670.2
genx__stoch__catch__w2-mean__monthhour,Summer,6083,Santa Barbara,53580.8,51127.9,-2452.9
genx__stoch__catch__w2-mean__monthhour,Summer,6085,Santa Clara,267076.4,241365.5,-25710.9
genx__stoch__catch__w2-mean__monthhour,Summer,6087,Santa Cruz,31499.7,21565.7,-9934.0
genx__stoch__catch__w2-mean__monthhour,Summer,6089,Shasta,14225.7,10810.1,-3415.6
genx__stoch__catch__w2-mean__monthhour,Summer,6091,Sierra,1740.6,193.3,-1547.3
genx__stoch__catch__w2-mean__monthhour,Summer,6093,Siskiyou,10491.7,8119.5,-2372.2
genx__stoch__catch__w2-mean__monthhour,Summer,6095,Solano,62178.9,46521.1,-15657.8
genx__stoch__catch__w2-mean__monthhour,Summer,6097,Sonoma,55503.9,55682.5,178.6
genx__stoch__catch__w2-mean__monthhour,Summer,6099,Stanislaus,80837.7,20237.4,-60600.3
genx__stoch__catch__w2-mean__monthhour,Summer,6101,Sutter,14590.4,15339.5,749.1
genx__stoch__catch__w2-mean__monthhour,Summer,6103,Tehama,7867.3,10313.1,2445.8
genx__stoch__catch__w2-mean__monthhour,Summer,6105,Trinity,3298.4,398.8,-2899.6
genx__stoch__catch__w2-mean__monthhour,Summer,6107,Tulare,51283.5,104936.9,53653.4
genx__stoch__catch__w2-mean__monthhour,Summer,6109,Tuolumne,7184.1,9312.0,2127.9
genx__stoch__catch__w2-mean__monthhour,Summer,6111,Ventura,103893.5,106512.2,2618.7
genx__stoch__catch__w2-mean__monthhour,Summer,6113,Yolo,30696.5,25086.1,-5610.4
genx__stoch__catch__w2-mean__monthhour,Summer,6115,Yuba,10610.4,12415.7,1805.3
genx__stoch__namecatch__w2-mean__monthhour,Summer,6001,Alameda,219666.6,165551.6,-54115.0
genx__stoch__namecatch__w2-mean__monthhour,Summer,6003,Alpine,3456.3,53.8,-3402.5
genx__stoch__namecatch__w2-mean__monthhour,Summer,6005,Amador,5828.6,6156.8,328.2
genx__stoch__namecatch__w2-mean__monthhour,Summer,6007,Butte,26692.5,33617.7,6925.2
genx__stoch__namecatch__w2-mean__monthhour,Summer,6009,Calaveras,2090.2,4270.8,2180.6
genx__stoch__namecatch__w2-mean__monthhour,Summer,6011,Colusa,4521.4,7301.1,2779.7
genx__stoch__namecatch__w2-mean__monthhour,Summer,6013,Contra Costa,172406.0,128541.7,-43864.3
genx__stoch__namecatch__w2-mean__monthhour,Summer,6017,El Dorado,11545.4,13878.8,2333.4
genx__stoch__namecatch__w2-mean__monthhour,Summer,6019,Fresno,107522.1,207759.9,100237.8
genx__stoch__namecatch__w2-mean__monthhour,Summer,6021,Glenn,7464.4,6798.4,-666.0
genx__stoch__namecatch__w2-mean__monthhour,Summer,6023,Humboldt,12465.6,12539.8,74.2
genx__stoch__namecatch__w2-mean__monthhour,Summer,6025,Imperial,18792.8,2591.9,-16200.9
genx__stoch__namecatch__w2-mean__monthhour,Summer,6027,Inyo,18597.5,2337.2,-16260.3
genx__stoch__namecatch__w2-mean__monthhour,Summer,6029,Kern,139821.9,169769.4,29947.5
genx__stoch__namecatch__w2-mean__monthhour,Summer,6031,Kings,23987.0,27792.4,3805.4
genx__stoch__namecatch__w2-mean__monthhour,Summer,6033,Lake,9883.7,7742.5,-2141.2
genx__stoch__namecatch__w2-mean__monthhour,Summer,6035,Lassen,8973.9,729.8,-8244.1
genx__stoch__namecatch__w2-mean__monthhour,Summer,6037,Los Angeles,1109060.5,802817.2,-306243.3
genx__stoch__namecatch__w2-mean__monthhour,Summer,6039,Madera,15111.7,40080.6,24968.9
genx__stoch__namecatch__w2-mean__monthhour,Summer,6041,Marin,34418.8,23054.2,-11364.6
genx__stoch__namecatch__w2-mean__monthhour,Summer,6043,Mariposa,1649.0,2195.7,546.7
genx__stoch__namecatch__w2-mean__monthhour,Summer,6045,Mendocino,12502.3,8700.2,-3802.1
genx__stoch__namecatch__w2-mean__monthhour,Summer,6047,Merced,27528.4,36261.9,8733.5
genx__stoch__namecatch__w2-mean__monthhour,Summer,6049,Modoc,2986.3,413.0,-2573.3
genx__stoch__namecatch__w2-mean__monthhour,Summer,6051,Mono,1871.7,3709.7,1838.0
genx__stoch__namecatch__w2-mean__monthhour,Summer,6053,Monterey,42126.5,45261.1,3134.6
genx__stoch__namecatch__w2-mean__monthhour,Summer,6055,Napa,19474.9,20613.2,1138.3
genx__stoch__namecatch__w2-mean__monthhour,Summer,6057,Nevada,4301.7,8877.2,4575.5
genx__stoch__namecatch__w2-mean__monthhour,Summer,6059,Orange,299022.7,391224.8,92202.1
genx__stoch__namecatch__w2-mean__monthhour,Summer,6061,Placer,43474.9,27325.9,-16149.0
genx__stoch__namecatch__w2-mean__monthhour,Summer,6063,Plumas,4658.8,1449.4,-3209.4
genx__stoch__namecatch__w2-mean__monthhour,Summer,6065,Riverside,167244.9,352560.2,185315.3
genx__stoch__namecatch__w2-mean__monthhour,Summer,6067,Sacramento,127410.0,26928.2,-100481.8
genx__stoch__namecatch__w2-mean__monthhour,Summer,6069,San Benito,2711.8,8275.5,5563.7
genx__stoch__namecatch__w2-mean__monthhour,Summer,6071,San Bernardino,207922.2,392869.6,184947.4
genx__stoch__namecatch__w2-mean__monthhour,Summer,6073,San Diego,348023.9,433410.3,85386.4
genx__stoch__namecatch__w2-mean__monthhour,Summer,6075,San Francisco,77557.3,38463.4,-39093.9
genx__stoch__namecatch__w2-mean__monthhour,Summer,6077,San Joaquin,133261.7,97624.9,-35636.8
genx__stoch__namecatch__w2-mean__monthhour,Summer,6079,San Luis Obispo,31854.9,31422.5,-432.4
genx__stoch__namecatch__w2-mean__monthhour,Summer,6081,San Mateo,101013.5,84760.1,-16253.4
genx__stoch__namecatch__w2-mean__monthhour,Summer,6083,Santa Barbara,53580.8,51097.4,-2483.4
genx__stoch__namecatch__w2-mean__monthhour,Summer,6085,Santa Clara,267076.4,241209.3,-25867.1
genx__stoch__namecatch__w2-mean__monthhour,Summer,6087,Santa Cruz,31499.7,21553.5,-9946.2
genx__stoch__namecatch__w2-mean__monthhour,Summer,6089,Shasta,14225.7,10806.3,-3419.4
genx__stoch__namecatch__w2-mean__monthhour,Summer,6091,Sierra,1740.6,192.9,-1547.7
genx__stoch__namecatch__w2-mean__monthhour,Summer,6093,Siskiyou,10491.7,8119.1,-2372.6
genx__stoch__namecatch__w2-mean__monthhour,Summer,6095,Solano,62178.9,46759.2,-15419.7
genx__stoch__namecatch__w2-mean__monthhour,Summer,6097,Sonoma,55503.9,55651.1,147.2
genx__stoch__namecatch__w2-mean__monthhour,Summer,6099,Stanislaus,80837.7,20229.4,-60608.3
genx__stoch__namecatch__w2-mean__monthhour,Summer,6101,Sutter,14590.4,15327.9,737.5
genx__stoch__namecatch__w2-mean__monthhour,Summer,6103,Tehama,7867.3,10306.2,2438.9
genx__stoch__namecatch__w2-mean__monthhour,Summer,6105,Trinity,3298.4,400.5,-2897.9
genx__stoch__namecatch__w2-mean__monthhour,Summer,6107,Tulare,51283.5,104863.3,53579.8
genx__stoch__namecatch__w2-mean__monthhour,Summer,6109,Tuolumne,7184.1,9306.3,2122.2
genx__stoch__namecatch__w2-mean__monthhour,Summer,6111,Ventura,103893.5,106435.9,2542.4
genx__stoch__namecatch__w2-mean__monthhour,Summer,6113,Yolo,30696.5,25068.7,-5627.8
genx__stoch__namecatch__w2-mean__monthhour,Summer,6115,Yuba,10610.4,12404.4,1794.0
genx__stoch__nameprox__w1g30top-mean__monthhour,Summer,6001,Alameda,219666.6,149522.8,-70143.8
genx__stoch__nameprox__w1g30top-mean__monthhour,Summer,6003,Alpine,3456.3,16.8,-3439.5
genx__stoch__nameprox__w1g30top-mean__monthhour,Summer,6005,Amador,5828.6,16464.5,10635.9
genx__stoch__nameprox__w1g30top-mean__monthhour,Summer,6007,Butte,26692.5,66003.6,39311.1
genx__stoch__nameprox__w1g30top-mean__monthhour,Summer,6009,Calaveras,2090.2,3174.9,1084.7
genx__stoch__nameprox__w1g30top-mean__monthhour,Summer,6011,Colusa,4521.4,12433.1,7911.7
genx__stoch__nameprox__w1g30top-mean__monthhour,Summer,6013,Contra Costa,172406.0,159800.0,-12606.0
genx__stoch__nameprox__w1g30top-mean__monthhour,Summer,6017,El Dorado,11545.4,13635.2,2089.8
genx__stoch__nameprox__w1g30top-mean__monthhour,Summer,6019,Fresno,107522.1,181354.5,73832.4
genx__stoch__nameprox__w1g30top-mean__monthhour,Summer,6021,Glenn,7464.4,12596.4,5132.0
genx__stoch__nameprox__w1g30top-mean__monthhour,Summer,6023,Humboldt,12465.6,23540.5,11074.9
genx__stoch__nameprox__w1g30top-mean__monthhour,Summer,6025,Imperial,18792.8,18792.8,0.0
genx__stoch__nameprox__w1g30top-mean__monthhour,Summer,6027,Inyo,18597.5,7831.4,-10766.1
genx__stoch__nameprox__w1g30top-mean__monthhour,Summer,6029,Kern,139821.9,311777.8,171955.9
genx__stoch__nameprox__w1g30top-mean__monthhour,Summer,6031,Kings,23987.0,42511.3,18524.3
genx__stoch__nameprox__w1g30top-mean__monthhour,Summer,6033,Lake,9883.7,17689.5,7805.8
genx__stoch__nameprox__w1g30top-mean__monthhour,Summer,6035,Lassen,8973.9,8973.9,0.0
genx__stoch__nameprox__w1g30top-mean__monthhour,Summer,6037,Los Angeles,1109060.5,750025.5,-359035.0
genx__stoch__nameprox__w1g30top-mean__monthhour,Summer,6039,Madera,15111.7,42937.7,27826.0
genx__stoch__nameprox__w1g30top-mean__monthhour,Summer,6041,Marin,34418.8,13866.9,-20551.9
genx__stoch__nameprox__w1g30top-mean__monthhour,Summer,6043,Mariposa,1649.0,3716.8,2067.8
genx__stoch__nameprox__w1g30top-mean__monthhour,Summer,6045,Mendocino,12502.3,18927.2,6424.9
genx__stoch__nameprox__w1g30top-mean__monthhour,Summer,6047,Merced,27528.4,64198.7,36670.3
genx__stoch__nameprox__w1g30top-mean__monthhour,Summer,6049,Modoc,2986.3,2986.3,0.0
genx__stoch__nameprox__w1g30top-mean__monthhour,Summer,6051,Mono,1871.7,8096.9,6225.2
genx__stoch__nameprox__w1g30top-mean__monthhour,Summer,6053,Monterey,42126.5,57925.3,15798.8
genx__stoch__nameprox__w1g30top-mean__monthhour,Summer,6055,Napa,19474.9,9643.9,-9831.0
genx__stoch__nameprox__w1g30top-mean__monthhour,Summer,6057,Nevada,4301.7,6182.7,1881.0
genx__stoch__nameprox__w1g30top-mean__monthhour,Summer,6059,Orange,299022.7,240615.5,-58407.2
genx__stoch__nameprox__w1g30top-mean__monthhour,Summer,6061,Placer,43474.9,45154.8,1679.9
genx__stoch__nameprox__w1g30top-mean__monthhour,Summer,6063,Plumas,4658.8,3728.7,-930.1
genx__stoch__nameprox__w1g30top-mean__monthhour,Summer,6065,Riverside,167244.9,291463.1,124218.2
genx__stoch__nameprox__w1g30top-mean__monthhour,Summer,6067,Sacramento,127410.0,129947.6,2537.6
genx__stoch__nameprox__w1g30top-mean__monthhour,Summer,6069,San Benito,2711.8,5297.4,2585.6
genx__stoch__nameprox__w1g30top-mean__monthhour,Summer,6071,San Bernardino,207922.2,359805.2,151883.0
genx__stoch__nameprox__w1g30top-mean__monthhour,Summer,6073,San Diego,348023.9,297870.8,-50153.1
genx__stoch__nameprox__w1g30top-mean__monthhour,Summer,6075,San Francisco,77557.3,22401.8,-55155.5
genx__stoch__nameprox__w1g30top-mean__monthhour,Summer,6077,San Joaquin,133261.7,124541.5,-8720.2
genx__stoch__nameprox__w1g30top-mean__monthhour,Summer,6079,San Luis Obispo,31854.9,24421.1,-7433.8
genx__stoch__nameprox__w1g30top-mean__monthhour,Summer,6081,San Mateo,101013.5,65998.8,-35014.7
genx__stoch__nameprox__w1g30top-mean__monthhour,Summer,6083,Santa Barbara,53580.8,47134.5,-6446.3
genx__stoch__nameprox__w1g30top-mean__monthhour,Summer,6085,Santa Clara,267076.4,189656.1,-77420.3
genx__stoch__nameprox__w1g30top-mean__monthhour,Summer,6087,Santa Cruz,31499.7,23008.4,-8491.3
genx__stoch__nameprox__w1g30top-mean__monthhour,Summer,6089,Shasta,14225.7,17121.7,2896.0
genx__stoch__nameprox__w1g30top-mean__monthhour,Summer,6091,Sierra,1740.6,1460.7,-279.9
genx__stoch__nameprox__w1g30top-mean__monthhour,Summer,6093,Siskiyou,10491.7,10491.7,0.0
genx__stoch__nameprox__w1g30top-mean__monthhour,Summer,6095,Solano,62178.9,70489.8,8310.9
genx__stoch__nameprox__w1g30top-mean__monthhour,Summer,6097,Sonoma,55503.9,59647.5,4143.6
genx__stoch__nameprox__w1g30top-mean__monthhour,Summer,6099,Stanislaus,80837.7,84980.4,4142.7
genx__stoch__nameprox__w1g30top-mean__monthhour,Summer,6101,Sutter,14590.4,23867.0,9276.6
genx__stoch__nameprox__w1g30top-mean__monthhour,Summer,6103,Tehama,7867.3,9752.0,1884.7
genx__stoch__nameprox__w1g30top-mean__monthhour,Summer,6105,Trinity,3298.4,3139.4,-159.0
genx__stoch__nameprox__w1g30top-mean__monthhour,Summer,6107,Tulare,51283.5,74092.4,22808.9
genx__stoch__nameprox__w1g30top-mean__monthhour,Summer,6109,Tuolumne,7184.1,9729.9,2545.8
genx__stoch__nameprox__w1g30top-mean__monthhour,Summer,6111,Ventura,103893.5,103300.9,-592.6
genx__stoch__nameprox__w1g30top-mean__monthhour,Summer,6113,Yolo,30696.5,26824.7,-3871.8
genx__stoch__nameprox__w1g30top-mean__monthhour,Summer,6115,Yuba,10610.4,24893.5,14283.1
genx__stoch__prox__w1g30-d0__monthhour,Summer,6001,Alameda,219666.6,144277.9,-75388.7
genx__stoch__prox__w1g30-d0__monthhour,Summer,6003,Alpine,3456.3,35.4,-3420.9
genx__stoch__prox__w1g30-d0__monthhour,Summer,6005,Amador,5828.6,5460.2,-368.4
genx__stoch__prox__w1g30-d0__monthhour,Summer,6007,Butte,26692.5,46512.6,19820.1
genx__stoch__prox__w1g30-d0__monthhour,Summer,6009,Calaveras,2090.2,4153.5,2063.3
genx__stoch__prox__w1g30-d0__monthhour,Summer,6011,Colusa,4521.4,7685.2,3163.8
genx__stoch__prox__w1g30-d0__monthhour,Summer,6013,Contra Costa,172406.0,119593.1,-52812.9
genx__stoch__prox__w1g30-d0__monthhour,Summer,6017,El Dorado,11545.4,19880.6,8335.2
genx__stoch__prox__w1g30-d0__monthhour,Summer,6019,Fresno,107522.1,213035.3,105513.2
genx__stoch__prox__w1g30-d0__monthhour,Summer,6021,Glenn,7464.4,6139.2,-1325.2
genx__stoch__prox__w1g30-d0__monthhour,Summer,6023,Humboldt,12465.6,11846.1,-619.5
genx__stoch__prox__w1g30-d0__monthhour,Summer,6025,Imperial,18792.8,18792.8,0.0
genx__stoch__prox__w1g30-d0__monthhour,Summer,6027,Inyo,18597.5,7554.6,-11042.9
genx__stoch__prox__w1g30-d0__monthhour,Summer,6029,Kern,139821.9,213458.1,73636.2
genx__stoch__prox__w1g30-d0__monthhour,Summer,6031,Kings,23987.0,27369.4,3382.4
genx__stoch__prox__w1g30-d0__monthhour,Summer,6033,Lake,9883.7,14920.8,5037.1
genx__stoch__prox__w1g30-d0__monthhour,Summer,6035,Lassen,8973.9,9587.5,613.6
genx__stoch__prox__w1g30-d0__monthhour,Summer,6037,Los Angeles,1109060.5,647654.3,-461406.2
genx__stoch__prox__w1g30-d0__monthhour,Summer,6039,Madera,15111.7,67527.7,52416.0
genx__stoch__prox__w1g30-d0__monthhour,Summer,6041,Marin,34418.8,20999.5,-13419.3
genx__stoch__prox__w1g30-d0__monthhour,Summer,6043,Mariposa,1649.0,1978.7,329.7
genx__stoch__prox__w1g30-d0__monthhour,Summer,6045,Mendocino,12502.3,7911.4,-4590.9
genx__stoch__prox__w1g30-d0__monthhour,Summer,6047,Merced,27528.4,52402.7,24874.3
genx__stoch__prox__w1g30-d0__monthhour,Summer,6049,Modoc,2986.3,2986.3,0.0
genx__stoch__prox__w1g30-d0__monthhour,Summer,6051,Mono,1871.7,3204.3,1332.6
genx__stoch__prox__w1g30-d0__monthhour,Summer,6053,Monterey,42126.5,41203.4,-923.1
genx__stoch__prox__w1g30-d0__monthhour,Summer,6055,Napa,19474.9,21416.8,1941.9
genx__stoch__prox__w1g30-d0__monthhour,Summer,6057,Nevada,4301.7,8649.9,4348.2
genx__stoch__prox__w1g30-d0__monthhour,Summer,6059,Orange,299022.7,367863.8,68841.1
genx__stoch__prox__w1g30-d0__monthhour,Summer,6061,Placer,43474.9,63334.2,19859.3
genx__stoch__prox__w1g30-d0__monthhour,Summer,6063,Plumas,4658.8,3768.7,-890.1
genx__stoch__prox__w1g30-d0__monthhour,Summer,6065,Riverside,167244.9,294782.9,127538.0
genx__stoch__prox__w1g30-d0__monthhour,Summer,6067,Sacramento,127410.0,134476.4,7066.4
genx__stoch__prox__w1g30-d0__monthhour,Summer,6069,San Benito,2711.8,9170.0,6458.2
genx__stoch__prox__w1g30-d0__monthhour,Summer,6071,San Bernardino,207922.2,364202.4,156280.2
genx__stoch__prox__w1g30-d0__monthhour,Summer,6073,San Diego,348023.9,393138.6,45114.7
genx__stoch__prox__w1g30-d0__monthhour,Summer,6075,San Francisco,77557.3,35645.4,-41911.9
genx__stoch__prox__w1g30-d0__monthhour,Summer,6077,San Joaquin,133261.7,94582.1,-38679.6
genx__stoch__prox__w1g30-d0__monthhour,Summer,6079,San Luis Obispo,31854.9,27859.0,-3995.9
genx__stoch__prox__w1g30-d0__monthhour,Summer,6081,San Mateo,101013.5,79169.5,-21844.0
genx__stoch__prox__w1g30-d0__monthhour,Summer,6083,Santa Barbara,53580.8,41581.1,-11999.7
genx__stoch__prox__w1g30-d0__monthhour,Summer,6085,Santa Clara,267076.4,214914.8,-52161.6
genx__stoch__prox__w1g30-d0__monthhour,Summer,6087,Santa Cruz,31499.7,19308.1,-12191.6
genx__stoch__prox__w1g30-d0__monthhour,Summer,6089,Shasta,14225.7,20484.7,6259.0
genx__stoch__prox__w1g30-d0__monthhour,Summer,6091,Sierra,1740.6,1556.6,-184.0
genx__stoch__prox__w1g30-d0__monthhour,Summer,6093,Siskiyou,10491.7,10491.7,0.0
genx__stoch__prox__w1g30-d0__monthhour,Summer,6095,Solano,62178.9,75226.7,13047.8
genx__stoch__prox__w1g30-d0__monthhour,Summer,6097,Sonoma,55503.9,46507.4,-8996.5
genx__stoch__prox__w1g30-d0__monthhour,Summer,6099,Stanislaus,80837.7,89826.4,8988.7
genx__stoch__prox__w1g30-d0__monthhour,Summer,6101,Sutter,14590.4,15931.3,1340.9
genx__stoch__prox__w1g30-d0__monthhour,Summer,6103,Tehama,7867.3,8895.8,1028.5
genx__stoch__prox__w1g30-d0__monthhour,Summer,6105,Trinity,3298.4,3318.4,20.0
genx__stoch__prox__w1g30-d0__monthhour,Summer,6107,Tulare,51283.5,94834.3,43550.8
genx__stoch__prox__w1g30-d0__monthhour,Summer,6109,Tuolumne,7184.1,13933.3,6749.2
genx__stoch__prox__w1g30-d0__monthhour,Summer,6111,Ventura,103893.5,96336.4,-7557.1
genx__stoch__prox__w1g30-d0__monthhour,Summer,6113,Yolo,30696.5,31413.7,717.2
genx__stoch__prox__w1g30-d0__monthhour,Summer,6115,Yuba,10610.4,16672.8,6062.4
genx__stoch__prox__w1g30-d1__monthhour,Summer,6001,Alameda,219666.6,145783.5,-73883.1
genx__stoch__prox__w1g30-d1__monthhour,Summer,6003,Alpine,3456.3,34.2,-3422.1
genx__stoch__prox__w1g30-d1__monthhour,Summer,6005,Amador,5828.6,5470.3,-358.3
genx__stoch__prox__w1g30-d1__monthhour,Summer,6007,Butte,26692.5,46015.3,19322.8
genx__stoch__prox__w1g30-d1__monthhour,Summer,6009,Calaveras,2090.2,4110.3,2020.1
genx__stoch__prox__w1g30-d1__monthhour,Summer,6011,Colusa,4521.4,8126.9,3605.5
genx__stoch__prox__w1g30-d1__monthhour,Summer,6013,Contra Costa,172406.0,119373.5,-53032.5
genx__stoch__prox__w1g30-d1__monthhour,Summer,6017,El Dorado,11545.4,19702.4,8157.0
genx__stoch__prox__w1g30-d1__monthhour,Summer,6019,Fresno,107522.1,213226.3,105704.2
genx__stoch__prox__w1g30-d1__monthhour,Summer,6021,Glenn,7464.4,6016.4,-1448.0
genx__stoch__prox__w1g30-d1__monthhour,Summer,6023,Humboldt,12465.6,11899.3,-566.3
genx__stoch__prox__w1g30-d1__monthhour,Summer,6025,Imperial,18792.8,18792.8,0.0
genx__stoch__prox__w1g30-d1__monthhour,Summer,6027,Inyo,18597.5,7651.5,-10946.0
genx__stoch__prox__w1g30-d1__monthhour,Summer,6029,Kern,139821.9,213815.7,73993.8
genx__stoch__prox__w1g30-d1__monthhour,Summer,6031,Kings,23987.0,25415.1,1428.1
genx__stoch__prox__w1g30-d1__monthhour,Summer,6033,Lake,9883.7,14612.4,4728.7
genx__stoch__prox__w1g30-d1__monthhour,Summer,6035,Lassen,8973.9,9583.6,609.7
genx__stoch__prox__w1g30-d1__monthhour,Summer,6037,Los Angeles,1109060.5,649986.5,-459074.0
genx__stoch__prox__w1g30-d1__monthhour,Summer,6039,Madera,15111.7,70078.3,54966.6
genx__stoch__prox__w1g30-d1__monthhour,Summer,6041,Marin,34418.8,20559.3,-13859.5
genx__stoch__prox__w1g30-d1__monthhour,Summer,6043,Mariposa,1649.0,2116.1,467.1
genx__stoch__prox__w1g30-d1__monthhour,Summer,6045,Mendocino,12502.3,8041.1,-4461.2
genx__stoch__prox__w1g30-d1__monthhour,Summer,6047,Merced,27528.4,53273.9,25745.5
genx__stoch__prox__w1g30-d1__monthhour,Summer,6049,Modoc,2986.3,2986.3,0.0
genx__stoch__prox__w1g30-d1__monthhour,Summer,6051,Mono,1871.7,3149.7,1278.0
genx__stoch__prox__w1g30-d1__monthhour,Summer,6053,Monterey,42126.5,42160.5,34.0
genx__stoch__prox__w1g30-d1__monthhour,Summer,6055,Napa,19474.9,20621.4,1146.5
genx__stoch__prox__w1g30-d1__monthhour,Summer,6057,Nevada,4301.7,8999.2,4697.5
genx__stoch__prox__w1g30-d1__monthhour,Summer,6059,Orange,299022.7,369388.5,70365.8
genx__stoch__prox__w1g30-d1__monthhour,Summer,6061,Placer,43474.9,62199.6,18724.7
genx__stoch__prox__w1g30-d1__monthhour,Summer,6063,Plumas,4658.8,3772.2,-886.6
genx__stoch__prox__w1g30-d1__monthhour,Summer,6065,Riverside,167244.9,291319.1,124074.2
genx__stoch__prox__w1g30-d1__monthhour,Summer,6067,Sacramento,127410.0,134722.0,7312.0
genx__stoch__prox__w1g30-d1__monthhour,Summer,6069,San Benito,2711.8,8977.2,6265.4
genx__stoch__prox__w1g30-d1__monthhour,Summer,6071,San Bernardino,207922.2,370684.9,162762.7
genx__stoch__prox__w1g30-d1__monthhour,Summer,6073,San Diego,348023.9,381580.8,33556.9
genx__stoch__prox__w1g30-d1__monthhour,Summer,6075,San Francisco,77557.3,36491.3,-41066.0
genx__stoch__prox__w1g30-d1__monthhour,Summer,6077,San Joaquin,133261.7,95726.5,-37535.2
genx__stoch__prox__w1g30-d1__monthhour,Summer,6079,San Luis Obispo,31854.9,29888.5,-1966.4
genx__stoch__prox__w1g30-d1__monthhour,Summer,6081,San Mateo,101013.5,80020.9,-20992.6
genx__stoch__prox__w1g30-d1__monthhour,Summer,6083,Santa Barbara,53580.8,40504.4,-13076.4
genx__stoch__prox__w1g30-d1__monthhour,Summer,6085,Santa Clara,267076.4,213177.1,-53899.3
genx__stoch__prox__w1g30-d1__monthhour,Summer,6087,Santa Cruz,31499.7,19988.6,-11511.1
genx__stoch__prox__w1g30-d1__monthhour,Summer,6089,Shasta,14225.7,20592.6,6366.9
genx__stoch__prox__w1g30-d1__monthhour,Summer,6091,Sierra,1740.6,1562.8,-177.8
genx__stoch__prox__w1g30-d1__monthhour,Summer,6093,Siskiyou,10491.7,10491.7,0.0
genx__stoch__prox__w1g30-d1__monthhour,Summer,6095,Solano,62178.9,77044.4,14865.5
genx__stoch__prox__w1g30-d1__monthhour,Summer,6097,Sonoma,55503.9,49482.7,-6021.2
genx__stoch__prox__w1g30-d1__monthhour,Summer,6099,Stanislaus,80837.7,90339.2,9501.5
genx__stoch__prox__w1g30-d1__monthhour,Summer,6101,Sutter,14590.4,15265.1,674.7
genx__stoch__prox__w1g30-d1__monthhour,Summer,6103,Tehama,7867.3,9294.2,1426.9
genx__stoch__prox__w1g30-d1__monthhour,Summer,6105,Trinity,3298.4,3294.2,-4.2
genx__stoch__prox__w1g30-d1__monthhour,Summer,6107,Tulare,51283.5,90125.0,38841.5
genx__stoch__prox__w1g30-d1__monthhour,Summer,6109,Tuolumne,7184.1,13224.3,6040.2
genx__stoch__prox__w1g30-d1__monthhour,Summer,6111,Ventura,103893.5,95670.4,-8223.1
genx__stoch__prox__w1g30-d1__monthhour,Summer,6113,Yolo,30696.5,32846.1,2149.6
genx__stoch__prox__w1g30-d1__monthhour,Summer,6115,Yuba,10610.4,16187.7,5577.3
genx__stoch__prox__w1g30-d2__monthhour,Summer,6001,Alameda,219666.6,145154.9,-74511.7
genx__stoch__prox__w1g30-d2__monthhour,Summer,6003,Alpine,3456.3,34.9,-3421.4
genx__stoch__prox__w1g30-d2__monthhour,Summer,6005,Amador,5828.6,5714.9,-113.7
genx__stoch__prox__w1g30-d2__monthhour,Summer,6007,Butte,26692.5,46855.7,20163.2
genx__stoch__prox__w1g30-d2__monthhour,Summer,6009,Calaveras,2090.2,4005.4,1915.2
genx__stoch__prox__w1g30-d2__monthhour,Summer,6011,Colusa,4521.4,8056.3,3534.9
genx__stoch__prox__w1g30-d2__monthhour,Summer,6013,Contra Costa,172406.0,117250.3,-55155.7
genx__stoch__prox__w1g30-d2__monthhour,Summer,6017,El Dorado,11545.4,19368.8,7823.4
genx__stoch__prox__w1g30-d2__monthhour,Summer,6019,Fresno,107522.1,215716.8,108194.7
genx__stoch__prox__w1g30-d2__monthhour,Summer,6021,Glenn,7464.4,6404.5,-1059.9
genx__stoch__prox__w1g30-d2__monthhour,Summer,6023,Humboldt,12465.6,11866.1,-599.5
genx__stoch__prox__w1g30-d2__monthhour,Summer,6025,Imperial,18792.8,18792.8,0.0
genx__stoch__prox__w1g30-d2__monthhour,Summer,6027,Inyo,18597.5,7556.2,-11041.3
genx__stoch__prox__w1g30-d2__monthhour,Summer,6029,Kern,139821.9,216619.0,76797.1
genx__stoch__prox__w1g30-d2__monthhour,Summer,6031,Kings,23987.0,27583.3,3596.3
genx__stoch__prox__w1g30-d2__monthhour,Summer,6033,Lake,9883.7,14504.1,4620.4
genx__stoch__prox__w1g30-d2__monthhour,Summer,6035,Lassen,8973.9,9632.6,658.7
genx__stoch__prox__w1g30-d2__monthhour,Summer,6037,Los Angeles,1109060.5,645848.0,-463212.5
genx__stoch__prox__w1g30-d2__monthhour,Summer,6039,Madera,15111.7,69050.2,53938.5
genx__stoch__prox__w1g30-d2__monthhour,Summer,6041,Marin,34418.8,21597.8,-12821.0
genx__stoch__prox__w1g30-d2__monthhour,Summer,6043,Mariposa,1649.0,1949.9,300.9
genx__stoch__prox__w1g30-d2__monthhour,Summer,6045,Mendocino,12502.3,7986.4,-4515.9
genx__stoch__prox__w1g30-d2__monthhour,Summer,6047,Merced,27528.4,53558.8,26030.4
genx__stoch__prox__w1g30-d2__monthhour,Summer,6049,Modoc,2986.3,2986.3,0.0
genx__stoch__prox__w1g30-d2__monthhour,Summer,6051,Mono,1871.7,3160.8,1289.1
genx__stoch__prox__w1g30-d2__monthhour,Summer,6053,Monterey,42126.5,41292.2,-834.3
genx__stoch__prox__w1g30-d2__monthhour,Summer,6055,Napa,19474.9,20622.3,1147.4
genx__stoch__prox__w1g30-d2__monthhour,Summer,6057,Nevada,4301.7,8614.8,4313.1
genx__stoch__prox__w1g30-d2__monthhour,Summer,6059,Orange,299022.7,369898.1,70875.4
genx__stoch__prox__w1g30-d2__monthhour,Summer,6061,Placer,43474.9,61189.0,17714.1
genx__stoch__prox__w1g30-d2__monthhour,Summer,6063,Plumas,4658.8,3750.5,-908.3
genx__stoch__prox__w1g30-d2__monthhour,Summer,6065,Riverside,167244.9,293985.9,126741.0
genx__stoch__prox__w1g30-d2__monthhour,Summer,6067,Sacramento,127410.0,134885.5,7475.5
genx__stoch__prox__w1g30-d2__monthhour,Summer,6069,San Benito,2711.8,9813.9,7102.1
genx__stoch__prox__w1g30-d2__monthhour,Summer,6071,San Bernardino,207922.2,367469.8,159547.6
genx__stoch__prox__w1g30-d2__monthhour,Summer,6073,San Diego,348023.9,387052.7,39028.8
genx__stoch__prox__w1g30-d2__monthhour,Summer,6075,San Francisco,77557.3,36333.3,-41224.0
genx__stoch__prox__w1g30-d2__monthhour,Summer,6077,San Joaquin,133261.7,94619.5,-38642.2
genx__stoch__prox__w1g30-d2__monthhour,Summer,6079,San Luis Obispo,31854.9,28223.5,-3631.4
genx__stoch__prox__w1g30-d2__monthhour,Summer,6081,San Mateo,101013.5,79113.0,-21900.5
genx__stoch__prox__w1g30-d2__monthhour,Summer,6083,Santa Barbara,53580.8,38064.1,-15516.7
genx__stoch__prox__w1g30-d2__monthhour,Summer,6085,Santa Clara,267076.4,214865.1,-52211.3
genx__stoch__prox__w1g30-d2__monthhour,Summer,6087,Santa Cruz,31499.7,19722.0,-11777.7
genx__stoch__prox__w1g30-d2__monthhour,Summer,6089,Shasta,14225.7,20481.9,6256.2
genx__stoch__prox__w1g30-d2__monthhour,Summer,6091,Sierra,1740.6,1563.9,-176.7
genx__stoch__prox__w1g30-d2__monthhour,Summer,6093,Siskiyou,10491.7,10491.7,0.0
genx__stoch__prox__w1g30-d2__monthhour,Summer,6095,Solano,62178.9,76124.8,13945.9
genx__stoch__prox__w1g30-d2__monthhour,Summer,6097,Sonoma,55503.9,47655.5,-7848.4
genx__stoch__prox__w1g30-d2__monthhour,Summer,6099,Stanislaus,80837.7,89593.4,8755.7
genx__stoch__prox__w1g30-d2__monthhour,Summer,6101,Sutter,14590.4,15603.6,1013.2
genx__stoch__prox__w1g30-d2__monthhour,Summer,6103,Tehama,7867.3,8929.0,1061.7
genx__stoch__prox__w1g30-d2__monthhour,Summer,6105,Trinity,3298.4,3303.5,5.1
genx__stoch__prox__w1g30-d2__monthhour,Summer,6107,Tulare,51283.5,91333.2,40049.7
genx__stoch__prox__w1g30-d2__monthhour,Summer,6109,Tuolumne,7184.1,13414.9,6230.8
genx__stoch__prox__w1g30-d2__monthhour,Summer,6111,Ventura,103893.5,98710.7,-5182.8
genx__stoch__prox__w1g30-d2__monthhour,Summer,6113,Yolo,30696.5,30754.9,58.4
genx__stoch__prox__w1g30-d2__monthhour,Summer,6115,Yuba,10610.4,16732.8,6122.4
genx__stoch__prox__w1g30-mean__monthhour,Summer,6001,Alameda,219666.6,145596.7,-74069.9
genx__stoch__prox__w1g30-mean__monthhour,Summer,6003,Alpine,3456.3,35.1,-3421.2
genx__stoch__prox__w1g30-mean__monthhour,Summer,6005,Amador,5828.6,5587.6,-241.0
genx__stoch__prox__w1g30-mean__monthhour,Summer,6007,Butte,26692.5,46325.8,19633.3
genx__stoch__prox__w1g30-mean__monthhour,Summer,6009,Calaveras,2090.2,4116.8,2026.6
genx__stoch__prox__w1g30-mean__monthhour,Summer,6011,Colusa,4521.4,7899.3,3377.9
genx__stoch__prox__w1g30-mean__monthhour,Summer,6013,Contra Costa,172406.0,120205.8,-52200.2
genx__stoch__prox__w1g30-mean__monthhour,Summer,6017,El Dorado,11545.4,19877.2,8331.8
genx__stoch__prox__w1g30-mean__monthhour,Summer,6019,Fresno,107522.1,213348.4,105826.3
genx__stoch__prox__w1g30-mean__monthhour,Summer,6021,Glenn,7464.4,6188.1,-1276.3
genx__stoch__prox__w1g30-mean__monthhour,Summer,6023,Humboldt,12465.6,11860.7,-604.9
genx__stoch__prox__w1g30-mean__monthhour,Summer,6025,Imperial,18792.8,18792.8,0.0
genx__stoch__prox__w1g30-mean__monthhour,Summer,6027,Inyo,18597.5,7610.2,-10987.3
genx__stoch__prox__w1g30-mean__monthhour,Summer,6029,Kern,139821.9,214876.5,75054.6
genx__stoch__prox__w1g30-mean__monthhour,Summer,6031,Kings,23987.0,27148.1,3161.1
genx__stoch__prox__w1g30-mean__monthhour,Summer,6033,Lake,9883.7,14776.6,4892.9
genx__stoch__prox__w1g30-mean__monthhour,Summer,6035,Lassen,8973.9,9602.0,628.1
genx__stoch__prox__w1g30-mean__monthhour,Summer,6037,Los Angeles,1109060.5,647927.6,-461132.9
genx__stoch__prox__w1g30-mean__monthhour,Summer,6039,Madera,15111.7,68366.0,53254.3
genx__stoch__prox__w1g30-mean__monthhour,Summer,6041,Marin,34418.8,20873.9,-13544.9
genx__stoch__prox__w1g30-mean__monthhour,Summer,6043,Mariposa,1649.0,2033.2,384.2
genx__stoch__prox__w1g30-mean__monthhour,Summer,6045,Mendocino,12502.3,7917.6,-4584.7
genx__stoch__prox__w1g30-mean__monthhour,Summer,6047,Merced,27528.4,52607.8,25079.4
genx__stoch__prox__w1g30-mean__monthhour,Summer,6049,Modoc,2986.3,2986.3,0.0
genx__stoch__prox__w1g30-mean__monthhour,Summer,6051,Mono,1871.7,3169.9,1298.2
genx__stoch__prox__w1g30-mean__monthhour,Summer,6053,Monterey,42126.5,41213.7,-912.8
genx__stoch__prox__w1g30-mean__monthhour,Summer,6055,Napa,19474.9,20736.3,1261.4
genx__stoch__prox__w1g30-mean__monthhour,Summer,6057,Nevada,4301.7,8800.7,4499.0
genx__stoch__prox__w1g30-mean__monthhour,Summer,6059,Orange,299022.7,368435.3,69412.6
genx__stoch__prox__w1g30-mean__monthhour,Summer,6061,Placer,43474.9,61913.3,18438.4
genx__stoch__prox__w1g30-mean__monthhour,Summer,6063,Plumas,4658.8,3756.3,-902.5
genx__stoch__prox__w1g30-mean__monthhour,Summer,6065,Riverside,167244.9,292706.0,125461.1
genx__stoch__prox__w1g30-mean__monthhour,Summer,6067,Sacramento,127410.0,134836.6,7426.6
genx__stoch__prox__w1g30-mean__monthhour,Summer,6069,San Benito,2711.8,9328.1,6616.3
genx__stoch__prox__w1g30-mean__monthhour,Summer,6071,San Bernardino,207922.2,368779.2,160857.0
genx__stoch__prox__w1g30-mean__monthhour,Summer,6073,San Diego,348023.9,387256.7,39232.8
genx__stoch__prox__w1g30-mean__monthhour,Summer,6075,San Francisco,77557.3,36229.1,-41328.2
genx__stoch__prox__w1g30-mean__monthhour,Summer,6077,San Joaquin,133261.7,95229.8,-38031.9
genx__stoch__prox__w1g30-mean__monthhour,Summer,6079,San Luis Obispo,31854.9,28575.6,-3279.3
genx__stoch__prox__w1g30-mean__monthhour,Summer,6081,San Mateo,101013.5,79306.8,-21706.7
genx__stoch__prox__w1g30-mean__monthhour,Summer,6083,Santa Barbara,53580.8,40030.7,-13550.1
genx__stoch__prox__w1g30-mean__monthhour,Summer,6085,Santa Clara,267076.4,213954.4,-53122.0
genx__stoch__prox__w1g30-mean__monthhour,Summer,6087,Santa Cruz,31499.7,19621.8,-11877.9
genx__stoch__prox__w1g30-mean__monthhour,Summer,6089,Shasta,14225.7,20469.2,6243.5
genx__stoch__prox__w1g30-mean__monthhour,Summer,6091,Sierra,1740.6,1563.9,-176.7
genx__stoch__prox__w1g30-mean__monthhour,Summer,6093,Siskiyou,10491.7,10491.7,0.0
genx__stoch__prox__w1g30-mean__monthhour,Summer,6095,Solano,62178.9,75984.3,13805.4
genx__stoch__prox__w1g30-mean__monthhour,Summer,6097,Sonoma,55503.9,47780.4,-7723.5
genx__stoch__prox__w1g30-mean__monthhour,Summer,6099,Stanislaus,80837.7,89986.3,9148.6
genx__stoch__prox__w1g30-mean__monthhour,Summer,6101,Sutter,14590.4,15552.8,962.4
genx__stoch__prox__w1g30-mean__monthhour,Summer,6103,Tehama,7867.3,9024.6,1157.3
genx__stoch__prox__w1g30-mean__monthhour,Summer,6105,Trinity,3298.4,3304.6,6.2
genx__stoch__prox__w1g30-mean__monthhour,Summer,6107,Tulare,51283.5,92221.8,40938.3
genx__stoch__prox__w1g30-mean__monthhour,Summer,6109,Tuolumne,7184.1,13524.2,6340.1
genx__stoch__prox__w1g30-mean__monthhour,Summer,6111,Ventura,103893.5,96922.3,-6971.2
genx__stoch__prox__w1g30-mean__monthhour,Summer,6113,Yolo,30696.5,31675.4,978.9
genx__stoch__prox__w1g30-mean__monthhour,Summer,6115,Yuba,10610.4,16521.9,5911.5
genx__stoch__prox__w1g30top-d0__monthhour,Summer,6001,Alameda,219666.6,159858.4,-59808.2
genx__stoch__prox__w1g30top-d0__monthhour,Summer,6003,Alpine,3456.3,16.2,-3440.1
genx__stoch__prox__w1g30top-d0__monthhour,Summer,6005,Amador,5828.6,23076.5,17247.9
genx__stoch__prox__w1g30top-d0__monthhour,Summer,6007,Butte,26692.5,29726.9,3034.4
genx__stoch__prox__w1g30top-d0__monthhour,Summer,6009,Calaveras,2090.2,2587.3,497.1
genx__stoch__prox__w1g30top-d0__monthhour,Summer,6011,Colusa,4521.4,4400.8,-120.6
genx__stoch__prox__w1g30top-d0__monthhour,Summer,6013,Contra Costa,172406.0,189372.4,16966.4
genx__stoch__prox__w1g30top-d0__monthhour,Summer,6017,El Dorado,11545.4,13116.7,1571.3
genx__stoch__prox__w1g30top-d0__monthhour,Summer,6019,Fresno,107522.1,116840.0,9317.9
genx__stoch__prox__w1g30top-d0__monthhour,Summer,6021,Glenn,7464.4,18592.0,11127.6
genx__stoch__prox__w1g30top-d0__monthhour,Summer,6023,Humboldt,12465.6,38592.6,26127.0
genx__stoch__prox__w1g30top-d0__monthhour,Summer,6025,Imperial,18792.8,18792.8,0.0
genx__stoch__prox__w1g30top-d0__monthhour,Summer,6027,Inyo,18597.5,6732.0,-11865.5
genx__stoch__prox__w1g30top-d0__monthhour,Summer,6029,Kern,139821.9,125167.8,-14654.1
genx__stoch__prox__w1g30top-d0__monthhour,Summer,6031,Kings,23987.0,46723.8,22736.8
genx__stoch__prox__w1g30top-d0__monthhour,Summer,6033,Lake,9883.7,10060.7,177.0
genx__stoch__prox__w1g30top-d0__monthhour,Summer,6035,Lassen,8973.9,9021.6,47.7
genx__stoch__prox__w1g30top-d0__monthhour,Summer,6037,Los Angeles,1109060.5,820571.3,-288489.2
genx__stoch__prox__w1g30top-d0__monthhour,Summer,6039,Madera,15111.7,33492.8,18381.1
genx__stoch__prox__w1g30top-d0__monthhour,Summer,6041,Marin,34418.8,20009.3,-14409.5
genx__stoch__prox__w1g30top-d0__monthhour,Summer,6043,Mariposa,1649.0,5628.4,3979.4
genx__stoch__prox__w1g30top-d0__monthhour,Summer,6045,Mendocino,12502.3,27327.7,14825.4
genx__stoch__prox__w1g30top-d0__monthhour,Summer,6047,Merced,27528.4,32580.6,5052.2
genx__stoch__prox__w1g30top-d0__monthhour,Summer,6049,Modoc,2986.3,2986.3,0.0
genx__stoch__prox__w1g30top-d0__monthhour,Summer,6051,Mono,1871.7,1841.9,-29.8
genx__stoch__prox__w1g30top-d0__monthhour,Summer,6053,Monterey,42126.5,74847.7,32721.2
genx__stoch__prox__w1g30top-d0__monthhour,Summer,6055,Napa,19474.9,13791.0,-5683.9
genx__stoch__prox__w1g30top-d0__monthhour,Summer,6057,Nevada,4301.7,5620.0,1318.3
genx__stoch__prox__w1g30top-d0__monthhour,Summer,6059,Orange,299022.7,244205.0,-54817.7
genx__stoch__prox__w1g30top-d0__monthhour,Summer,6061,Placer,43474.9,43377.6,-97.3
genx__stoch__prox__w1g30top-d0__monthhour,Summer,6063,Plumas,4658.8,3236.9,-1421.9
genx__stoch__prox__w1g30top-d0__monthhour,Summer,6065,Riverside,167244.9,312676.0,145431.1
genx__stoch__prox__w1g30top-d0__monthhour,Summer,6067,Sacramento,127410.0,129388.3,1978.3
genx__stoch__prox__w1g30top-d0__monthhour,Summer,6069,San Benito,2711.8,4893.8,2182.0
genx__stoch__prox__w1g30top-d0__monthhour,Summer,6071,San Bernardino,207922.2,407386.7,199464.5
genx__stoch__prox__w1g30top-d0__monthhour,Summer,6073,San Diego,348023.9,321975.6,-26048.3
genx__stoch__prox__w1g30top-d0__monthhour,Summer,6075,San Francisco,77557.3,21391.7,-56165.6
genx__stoch__prox__w1g30top-d0__monthhour,Summer,6077,San Joaquin,133261.7,143837.9,10576.2
genx__stoch__prox__w1g30top-d0__monthhour,Summer,6079,San Luis Obispo,31854.9,34119.8,2264.9
genx__stoch__prox__w1g30top-d0__monthhour,Summer,6081,San Mateo,101013.5,74847.0,-26166.5
genx__stoch__prox__w1g30top-d0__monthhour,Summer,6083,Santa Barbara,53580.8,57484.6,3903.8
genx__stoch__prox__w1g30top-d0__monthhour,Summer,6085,Santa Clara,267076.4,200791.8,-66284.6
genx__stoch__prox__w1g30top-d0__monthhour,Summer,6087,Santa Cruz,31499.7,27325.8,-4173.9
genx__stoch__prox__w1g30top-d0__monthhour,Summer,6089,Shasta,14225.7,14173.9,-51.8
genx__stoch__prox__w1g30top-d0__monthhour,Summer,6091,Sierra,1740.6,1448.3,-292.3
genx__stoch__prox__w1g30top-d0__monthhour,Summer,6093,Siskiyou,10491.7,10491.7,0.0
genx__stoch__prox__w1g30top-d0__monthhour,Summer,6095,Solano,62178.9,48751.2,-13427.7
genx__stoch__prox__w1g30top-d0__monthhour,Summer,6097,Sonoma,55503.9,77149.5,21645.6
genx__stoch__prox__w1g30top-d0__monthhour,Summer,6099,Stanislaus,80837.7,82078.1,1240.4
genx__stoch__prox__w1g30top-d0__monthhour,Summer,6101,Sutter,14590.4,29086.1,14495.7
genx__stoch__prox__w1g30top-d0__monthhour,Summer,6103,Tehama,7867.3,13354.9,5487.6
genx__stoch__prox__w1g30top-d0__monthhour,Summer,6105,Trinity,3298.4,3130.8,-167.6
genx__stoch__prox__w1g30top-d0__monthhour,Summer,6107,Tulare,51283.5,99101.9,47818.4
genx__stoch__prox__w1g30top-d0__monthhour,Summer,6109,Tuolumne,7184.1,8464.2,1280.1
genx__stoch__prox__w1g30top-d0__monthhour,Summer,6111,Ventura,103893.5,107704.0,3810.5
genx__stoch__prox__w1g30top-d0__monthhour,Summer,6113,Yolo,30696.5,32414.5,1718.0
genx__stoch__prox__w1g30top-d0__monthhour,Summer,6115,Yuba,10610.4,9800.7,-809.7
genx__stoch__prox__w1g30top-d1__monthhour,Summer,6001,Alameda,219666.6,160437.6,-59229.0
genx__stoch__prox__w1g30top-d1__monthhour,Summer,6003,Alpine,3456.3,15.8,-3440.5
genx__stoch__prox__w1g30top-d1__monthhour,Summer,6005,Amador,5828.6,23081.2,17252.6
genx__stoch__prox__w1g30top-d1__monthhour,Summer,6007,Butte,26692.5,29503.0,2810.5
genx__stoch__prox__w1g30top-d1__monthhour,Summer,6009,Calaveras,2090.2,2568.2,478.0
genx__stoch__prox__w1g30top-d1__monthhour,Summer,6011,Colusa,4521.4,4583.3,61.9
genx__stoch__prox__w1g30top-d1__monthhour,Summer,6013,Contra Costa,172406.0,189233.6,16827.6
genx__stoch__prox__w1g30top-d1__monthhour,Summer,6017,El Dorado,11545.4,13035.9,1490.5
genx__stoch__prox__w1g30top-d1__monthhour,Summer,6019,Fresno,107522.1,116851.7,9329.6
genx__stoch__prox__w1g30top-d1__monthhour,Summer,6021,Glenn,7464.4,18537.4,11073.0
genx__stoch__prox__w1g30top-d1__monthhour,Summer,6023,Humboldt,12465.6,38610.1,26144.5
genx__stoch__prox__w1g30top-d1__monthhour,Summer,6025,Imperial,18792.8,18792.8,0.0
genx__stoch__prox__w1g30top-d1__monthhour,Summer,6027,Inyo,18597.5,6772.7,-11824.8
genx__stoch__prox__w1g30top-d1__monthhour,Summer,6029,Kern,139821.9,125255.1,-14566.8
genx__stoch__prox__w1g30top-d1__monthhour,Summer,6031,Kings,23987.0,45891.1,21904.1
genx__stoch__prox__w1g30top-d1__monthhour,Summer,6033,Lake,9883.7,9930.9,47.2
genx__stoch__prox__w1g30top-d1__monthhour,Summer,6035,Lassen,8973.9,9019.7,45.8
genx__stoch__prox__w1g30top-d1__monthhour,Summer,6037,Los Angeles,1109060.5,821292.4,-287768.1
genx__stoch__prox__w1g30top-d1__monthhour,Summer,6039,Madera,15111.7,34538.6,19426.9
genx__stoch__prox__w1g30top-d1__monthhour,Summer,6041,Marin,34418.8,19816.8,-14602.0
genx__stoch__prox__w1g30top-d1__monthhour,Summer,6043,Mariposa,1649.0,5686.5,4037.5
genx__stoch__prox__w1g30top-d1__monthhour,Summer,6045,Mendocino,12502.3,27375.1,14872.8
genx__stoch__prox__w1g30top-d1__monthhour,Summer,6047,Merced,27528.4,32933.0,5404.6
genx__stoch__prox__w1g30top-d1__monthhour,Summer,6049,Modoc,2986.3,2986.3,0.0
genx__stoch__prox__w1g30top-d1__monthhour,Summer,6051,Mono,1871.7,1817.4,-54.3
genx__stoch__prox__w1g30top-d1__monthhour,Summer,6053,Monterey,42126.5,75233.6,33107.1
genx__stoch__prox__w1g30top-d1__monthhour,Summer,6055,Napa,19474.9,13448.7,-6026.2
genx__stoch__prox__w1g30top-d1__monthhour,Summer,6057,Nevada,4301.7,5765.4,1463.7
genx__stoch__prox__w1g30top-d1__monthhour,Summer,6059,Orange,299022.7,244691.9,-54330.8
genx__stoch__prox__w1g30top-d1__monthhour,Summer,6061,Placer,43474.9,42885.4,-589.5
genx__stoch__prox__w1g30top-d1__monthhour,Summer,6063,Plumas,4658.8,3237.7,-1421.1
genx__stoch__prox__w1g30top-d1__monthhour,Summer,6065,Riverside,167244.9,311101.2,143856.3
genx__stoch__prox__w1g30top-d1__monthhour,Summer,6067,Sacramento,127410.0,129488.3,2078.3
genx__stoch__prox__w1g30top-d1__monthhour,Summer,6069,San Benito,2711.8,4809.1,2097.3
genx__stoch__prox__w1g30top-d1__monthhour,Summer,6071,San Bernardino,207922.2,409961.4,202039.2
genx__stoch__prox__w1g30top-d1__monthhour,Summer,6073,San Diego,348023.9,316949.0,-31074.9
genx__stoch__prox__w1g30top-d1__monthhour,Summer,6075,San Francisco,77557.3,21732.3,-55825.0
genx__stoch__prox__w1g30top-d1__monthhour,Summer,6077,San Joaquin,133261.7,144280.5,11018.8
genx__stoch__prox__w1g30top-d1__monthhour,Summer,6079,San Luis Obispo,31854.9,34958.9,3104.0
genx__stoch__prox__w1g30top-d1__monthhour,Summer,6081,San Mateo,101013.5,75180.3,-25833.2
genx__stoch__prox__w1g30top-d1__monthhour,Summer,6083,Santa Barbara,53580.8,58615.8,5035.0
genx__stoch__prox__w1g30top-d1__monthhour,Summer,6085,Santa Clara,267076.4,199967.5,-67108.9
genx__stoch__prox__w1g30top-d1__monthhour,Summer,6087,Santa Cruz,31499.7,27604.5,-3895.2
genx__stoch__prox__w1g30top-d1__monthhour,Summer,6089,Shasta,14225.7,14215.3,-10.4
genx__stoch__prox__w1g30top-d1__monthhour,Summer,6091,Sierra,1740.6,1450.8,-289.8
genx__stoch__prox__w1g30top-d1__monthhour,Summer,6093,Siskiyou,10491.7,10491.7,0.0
genx__stoch__prox__w1g30top-d1__monthhour,Summer,6095,Solano,62178.9,49496.2,-12682.7
genx__stoch__prox__w1g30top-d1__monthhour,Summer,6097,Sonoma,55503.9,78377.6,22873.7
genx__stoch__prox__w1g30top-d1__monthhour,Summer,6099,Stanislaus,80837.7,82288.2,1450.5
genx__stoch__prox__w1g30top-d1__monthhour,Summer,6101,Sutter,14590.4,28800.3,14209.9
genx__stoch__prox__w1g30top-d1__monthhour,Summer,6103,Tehama,7867.3,13517.0,5649.7
genx__stoch__prox__w1g30top-d1__monthhour,Summer,6105,Trinity,3298.4,3120.3,-178.1
genx__stoch__prox__w1g30top-d1__monthhour,Summer,6107,Tulare,51283.5,97086.8,45803.3
genx__stoch__prox__w1g30top-d1__monthhour,Summer,6109,Tuolumne,7184.1,8162.8,978.7
genx__stoch__prox__w1g30top-d1__monthhour,Summer,6111,Ventura,103893.5,107384.4,3490.9
genx__stoch__prox__w1g30top-d1__monthhour,Summer,6113,Yolo,30696.5,33004.6,2308.1
genx__stoch__prox__w1g30top-d1__monthhour,Summer,6115,Yuba,10610.4,9590.1,-1020.3
genx__stoch__prox__w1g30top-d2__monthhour,Summer,6001,Alameda,219666.6,160172.2,-59494.4
genx__stoch__prox__w1g30top-d2__monthhour,Summer,6003,Alpine,3456.3,16.1,-3440.2
genx__stoch__prox__w1g30top-d2__monthhour,Summer,6005,Amador,5828.6,23183.6,17355.0
genx__stoch__prox__w1g30top-d2__monthhour,Summer,6007,Butte,26692.5,29855.9,3163.4
genx__stoch__prox__w1g30top-d2__monthhour,Summer,6009,Calaveras,2090.2,2524.0,433.8
genx__stoch__prox__w1g30top-d2__monthhour,Summer,6011,Colusa,4521.4,4553.2,31.8
genx__stoch__prox__w1g30top-d2__monthhour,Summer,6013,Contra Costa,172406.0,188337.3,15931.3
genx__stoch__prox__w1g30top-d2__monthhour,Summer,6017,El Dorado,11545.4,12896.4,1351.0
genx__stoch__prox__w1g30top-d2__monthhour,Summer,6019,Fresno,107522.1,117898.6,10376.5
genx__stoch__prox__w1g30top-d2__monthhour,Summer,6021,Glenn,7464.4,18701.4,11237.0
genx__stoch__prox__w1g30top-d2__monthhour,Summer,6023,Humboldt,12465.6,38595.6,26130.0
genx__stoch__prox__w1g30top-d2__monthhour,Summer,6025,Imperial,18792.8,18792.8,0.0
genx__stoch__prox__w1g30top-d2__monthhour,Summer,6027,Inyo,18597.5,6731.6,-11865.9
genx__stoch__prox__w1g30top-d2__monthhour,Summer,6029,Kern,139821.9,126425.4,-13396.5
genx__stoch__prox__w1g30top-d2__monthhour,Summer,6031,Kings,23987.0,46800.8,22813.8
genx__stoch__prox__w1g30top-d2__monthhour,Summer,6033,Lake,9883.7,9884.5,0.8
genx__stoch__prox__w1g30top-d2__monthhour,Summer,6035,Lassen,8973.9,9040.7,66.8
genx__stoch__prox__w1g30top-d2__monthhour,Summer,6037,Los Angeles,1109060.5,819551.5,-289509.0
genx__stoch__prox__w1g30top-d2__monthhour,Summer,6039,Madera,15111.7,34108.5,18996.8
genx__stoch__prox__w1g30top-d2__monthhour,Summer,6041,Marin,34418.8,20252.8,-14166.0
genx__stoch__prox__w1g30top-d2__monthhour,Summer,6043,Mariposa,1649.0,5615.1,3966.1
genx__stoch__prox__w1g30top-d2__monthhour,Summer,6045,Mendocino,12502.3,27353.7,14851.4
genx__stoch__prox__w1g30top-d2__monthhour,Summer,6047,Merced,27528.4,33050.9,5522.5
genx__stoch__prox__w1g30top-d2__monthhour,Summer,6049,Modoc,2986.3,2986.3,0.0
genx__stoch__prox__w1g30top-d2__monthhour,Summer,6051,Mono,1871.7,1822.1,-49.6
genx__stoch__prox__w1g30top-d2__monthhour,Summer,6053,Monterey,42126.5,74875.6,32749.1
genx__stoch__prox__w1g30top-d2__monthhour,Summer,6055,Napa,19474.9,13449.1,-6025.8
genx__stoch__prox__w1g30top-d2__monthhour,Summer,6057,Nevada,4301.7,5603.6,1301.9
genx__stoch__prox__w1g30top-d2__monthhour,Summer,6059,Orange,299022.7,244909.9,-54112.8
genx__stoch__prox__w1g30top-d2__monthhour,Summer,6061,Placer,43474.9,42460.8,-1014.1
genx__stoch__prox__w1g30top-d2__monthhour,Summer,6063,Plumas,4658.8,3229.3,-1429.5
genx__stoch__prox__w1g30top-d2__monthhour,Summer,6065,Riverside,167244.9,312219.5,144974.6
genx__stoch__prox__w1g30top-d2__monthhour,Summer,6067,Sacramento,127410.0,129556.8,2146.8
genx__stoch__prox__w1g30top-d2__monthhour,Summer,6069,San Benito,2711.8,5161.9,2450.1
genx__stoch__prox__w1g30top-d2__monthhour,Summer,6071,San Bernardino,207922.2,408609.5,200687.3
genx__stoch__prox__w1g30top-d2__monthhour,Summer,6073,San Diego,348023.9,319251.7,-28772.2
genx__stoch__prox__w1g30top-d2__monthhour,Summer,6075,San Francisco,77557.3,21667.9,-55889.4
genx__stoch__prox__w1g30top-d2__monthhour,Summer,6077,San Joaquin,133261.7,143822.1,10560.4
genx__stoch__prox__w1g30top-d2__monthhour,Summer,6079,San Luis Obispo,31854.9,34262.2,2407.3
genx__stoch__prox__w1g30top-d2__monthhour,Summer,6081,San Mateo,101013.5,74793.6,-26219.9
genx__stoch__prox__w1g30top-d2__monthhour,Summer,6083,Santa Barbara,53580.8,57591.1,4010.3
genx__stoch__prox__w1g30top-d2__monthhour,Summer,6085,Santa Clara,267076.4,200678.4,-66398.0
genx__stoch__prox__w1g30top-d2__monthhour,Summer,6087,Santa Cruz,31499.7,27492.7,-4007.0
genx__stoch__prox__w1g30top-d2__monthhour,Summer,6089,Shasta,14225.7,14167.2,-58.5
genx__stoch__prox__w1g30top-d2__monthhour,Summer,6091,Sierra,1740.6,1452.2,-288.4
genx__stoch__prox__w1g30top-d2__monthhour,Summer,6093,Siskiyou,10491.7,10491.7,0.0
genx__stoch__prox__w1g30top-d2__monthhour,Summer,6095,Solano,62178.9,49109.2,-13069.7
genx__stoch__prox__w1g30top-d2__monthhour,Summer,6097,Sonoma,55503.9,77612.7,22108.8
genx__stoch__prox__w1g30top-d2__monthhour,Summer,6099,Stanislaus,80837.7,81974.0,1136.3
genx__stoch__prox__w1g30top-d2__monthhour,Summer,6101,Sutter,14590.4,28942.3,14351.9
genx__stoch__prox__w1g30top-d2__monthhour,Summer,6103,Tehama,7867.3,13361.6,5494.3
genx__stoch__prox__w1g30top-d2__monthhour,Summer,6105,Trinity,3298.4,3123.8,-174.6
genx__stoch__prox__w1g30top-d2__monthhour,Summer,6107,Tulare,51283.5,97595.8,46312.3
genx__stoch__prox__w1g30top-d2__monthhour,Summer,6109,Tuolumne,7184.1,8241.2,1057.1
genx__stoch__prox__w1g30top-d2__monthhour,Summer,6111,Ventura,103893.5,108661.5,4768.0
genx__stoch__prox__w1g30top-d2__monthhour,Summer,6113,Yolo,30696.5,32124.2,1427.7
genx__stoch__prox__w1g30top-d2__monthhour,Summer,6115,Yuba,10610.4,9819.7,-790.7
genx__stoch__prox__w1g30top-mean__monthhour,Summer,6001,Alameda,219666.6,160356.1,-59310.5
genx__stoch__prox__w1g30top-mean__monthhour,Summer,6003,Alpine,3456.3,16.2,-3440.1
genx__stoch__prox__w1g30top-mean__monthhour,Summer,6005,Amador,5828.6,23128.5,17299.9
genx__stoch__prox__w1g30top-mean__monthhour,Summer,6007,Butte,26692.5,29631.4,2938.9
genx__stoch__prox__w1g30top-mean__monthhour,Summer,6009,Calaveras,2090.2,2571.3,481.1
genx__stoch__prox__w1g30top-mean__monthhour,Summer,6011,Colusa,4521.4,4489.1,-32.3
genx__stoch__prox__w1g30top-mean__monthhour,Summer,6013,Contra Costa,172406.0,189575.0,17169.0
genx__stoch__prox__w1g30top-mean__monthhour,Summer,6017,El Dorado,11545.4,13109.8,1564.4
genx__stoch__prox__w1g30top-mean__monthhour,Summer,6019,Fresno,107522.1,116900.8,9378.7
genx__stoch__prox__w1g30top-mean__monthhour,Summer,6021,Glenn,7464.4,18610.1,11145.7
genx__stoch__prox__w1g30top-mean__monthhour,Summer,6023,Humboldt,12465.6,38594.2,26128.6
genx__stoch__prox__w1g30top-mean__monthhour,Summer,6025,Imperial,18792.8,18792.8,0.0
genx__stoch__prox__w1g30top-mean__monthhour,Summer,6027,Inyo,18597.5,6754.8,-11842.7
genx__stoch__prox__w1g30top-mean__monthhour,Summer,6029,Kern,139821.9,125697.6,-14124.3
genx__stoch__prox__w1g30top-mean__monthhour,Summer,6031,Kings,23987.0,46617.9,22630.9
genx__stoch__prox__w1g30top-mean__monthhour,Summer,6033,Lake,9883.7,9997.6,113.9
genx__stoch__prox__w1g30top-mean__monthhour,Summer,6035,Lassen,8973.9,9028.2,54.3
genx__stoch__prox__w1g30top-mean__monthhour,Summer,6037,Los Angeles,1109060.5,820425.9,-288634.6
genx__stoch__prox__w1g30top-mean__monthhour,Summer,6039,Madera,15111.7,33819.5,18707.8
genx__stoch__prox__w1g30top-mean__monthhour,Summer,6041,Marin,34418.8,19950.3,-14468.5
genx__stoch__prox__w1g30top-mean__monthhour,Summer,6043,Mariposa,1649.0,5651.5,4002.5
genx__stoch__prox__w1g30top-mean__monthhour,Summer,6045,Mendocino,12502.3,27326.0,14823.7
genx__stoch__prox__w1g30top-mean__monthhour,Summer,6047,Merced,27528.4,32651.1,5122.7
genx__stoch__prox__w1g30top-mean__monthhour,Summer,6049,Modoc,2986.3,2986.3,0.0
genx__stoch__prox__w1g30top-mean__monthhour,Summer,6051,Mono,1871.7,1827.2,-44.5
genx__stoch__prox__w1g30top-mean__monthhour,Summer,6053,Monterey,42126.5,74840.1,32713.6
genx__stoch__prox__w1g30top-mean__monthhour,Summer,6055,Napa,19474.9,13493.8,-5981.1
genx__stoch__prox__w1g30top-mean__monthhour,Summer,6057,Nevada,4301.7,5681.9,1380.2
genx__stoch__prox__w1g30top-mean__monthhour,Summer,6059,Orange,299022.7,244296.5,-54726.2
genx__stoch__prox__w1g30top-mean__monthhour,Summer,6061,Placer,43474.9,42764.0,-710.9
genx__stoch__prox__w1g30top-mean__monthhour,Summer,6063,Plumas,4658.8,3231.0,-1427.8
genx__stoch__prox__w1g30top-mean__monthhour,Summer,6065,Riverside,167244.9,311686.0,144441.1
genx__stoch__prox__w1g30top-mean__monthhour,Summer,6067,Sacramento,127410.0,129536.3,2126.3
genx__stoch__prox__w1g30top-mean__monthhour,Summer,6069,San Benito,2711.8,4956.9,2245.1
genx__stoch__prox__w1g30top-mean__monthhour,Summer,6071,San Bernardino,207922.2,409159.6,201237.4
genx__stoch__prox__w1g30top-mean__monthhour,Summer,6073,San Diego,348023.9,319335.4,-28688.5
genx__stoch__prox__w1g30top-mean__monthhour,Summer,6075,San Francisco,77557.3,21621.8,-55935.5
genx__stoch__prox__w1g30top-mean__monthhour,Summer,6077,San Joaquin,133261.7,144074.0,10812.3
genx__stoch__prox__w1g30top-mean__monthhour,Summer,6079,San Luis Obispo,31854.9,34407.5,2552.6
genx__stoch__prox__w1g30top-mean__monthhour,Summer,6081,San Mateo,101013.5,74875.5,-26138.0
genx__stoch__prox__w1g30top-mean__monthhour,Summer,6083,Santa Barbara,53580.8,58418.8,4838.0
genx__stoch__prox__w1g30top-mean__monthhour,Summer,6085,Santa Clara,267076.4,200297.6,-66778.8
genx__stoch__prox__w1g30top-mean__monthhour,Summer,6087,Santa Cruz,31499.7,27452.0,-4047.7
genx__stoch__prox__w1g30top-mean__monthhour,Summer,6089,Shasta,14225.7,14161.8,-63.9
genx__stoch__prox__w1g30top-mean__monthhour,Summer,6091,Sierra,1740.6,1452.2,-288.4
genx__stoch__prox__w1g30top-mean__monthhour,Summer,6093,Siskiyou,10491.7,10491.7,0.0
genx__stoch__prox__w1g30top-mean__monthhour,Summer,6095,Solano,62178.9,49052.3,-13126.6
genx__stoch__prox__w1g30top-mean__monthhour,Summer,6097,Sonoma,55503.9,77667.7,22163.8
genx__stoch__prox__w1g30top-mean__monthhour,Summer,6099,Stanislaus,80837.7,82138.6,1300.9
genx__stoch__prox__w1g30top-mean__monthhour,Summer,6101,Sutter,14590.4,28920.8,14330.4
genx__stoch__prox__w1g30top-mean__monthhour,Summer,6103,Tehama,7867.3,13404.0,5536.7
genx__stoch__prox__w1g30top-mean__monthhour,Summer,6105,Trinity,3298.4,3124.8,-173.6
genx__stoch__prox__w1g30top-mean__monthhour,Summer,6107,Tulare,51283.5,97968.7,46685.2
genx__stoch__prox__w1g30top-mean__monthhour,Summer,6109,Tuolumne,7184.1,8286.8,1102.7
genx__stoch__prox__w1g30top-mean__monthhour,Summer,6111,Ventura,103893.5,107913.5,4020.0
genx__stoch__prox__w1g30top-mean__monthhour,Summer,6113,Yolo,30696.5,32512.2,1815.7
genx__stoch__prox__w1g30top-mean__monthhour,Summer,6115,Yuba,10610.4,9730.8,-879.6
genx__stoch__prox__w2-d0__monthhour,Summer,6001,Alameda,219666.6,163531.0,-56135.6
genx__stoch__prox__w2-d0__monthhour,Summer,6003,Alpine,3456.3,18.6,-3437.7
genx__stoch__prox__w2-d0__monthhour,Summer,6005,Amador,5828.6,6104.0,275.4
genx__stoch__prox__w2-d0__monthhour,Summer,6007,Butte,26692.5,35215.5,8523.0
genx__stoch__prox__w2-d0__monthhour,Summer,6009,Calaveras,2090.2,3100.0,1009.8
genx__stoch__prox__w2-d0__monthhour,Summer,6011,Colusa,4521.4,5471.8,950.4
genx__stoch__prox__w2-d0__monthhour,Summer,6013,Contra Costa,172406.0,153709.3,-18696.7
genx__stoch__prox__w2-d0__monthhour,Summer,6017,El Dorado,11545.4,15330.9,3785.5
genx__stoch__prox__w2-d0__monthhour,Summer,6019,Fresno,107522.1,148287.4,40765.3
genx__stoch__prox__w2-d0__monthhour,Summer,6021,Glenn,7464.4,5774.1,-1690.3
genx__stoch__prox__w2-d0__monthhour,Summer,6023,Humboldt,12465.6,11045.6,-1420.0
genx__stoch__prox__w2-d0__monthhour,Summer,6025,Imperial,18792.8,18792.8,0.0
genx__stoch__prox__w2-d0__monthhour,Summer,6027,Inyo,18597.5,7006.5,-11591.0
genx__stoch__prox__w2-d0__monthhour,Summer,6029,Kern,139821.9,154004.0,14182.1
genx__stoch__prox__w2-d0__monthhour,Summer,6031,Kings,23987.0,30417.9,6430.9
genx__stoch__prox__w2-d0__monthhour,Summer,6033,Lake,9883.7,11649.1,1765.4
genx__stoch__prox__w2-d0__monthhour,Summer,6035,Lassen,8973.9,9205.9,232.0
genx__stoch__prox__w2-d0__monthhour,Summer,6037,Los Angeles,1109060.5,1037853.1,-71207.4
genx__stoch__prox__w2-d0__monthhour,Summer,6039,Madera,15111.7,44576.0,29464.3
genx__stoch__prox__w2-d0__monthhour,Summer,6041,Marin,34418.8,17141.9,-17276.9
genx__stoch__prox__w2-d0__monthhour,Summer,6043,Mariposa,1649.0,2033.5,384.5
genx__stoch__prox__w2-d0__monthhour,Summer,6045,Mendocino,12502.3,12109.6,-392.7
genx__stoch__prox__w2-d0__monthhour,Summer,6047,Merced,27528.4,39063.1,11534.7
genx__stoch__prox__w2-d0__monthhour,Summer,6049,Modoc,2986.3,2986.3,0.0
genx__stoch__prox__w2-d0__monthhour,Summer,6051,Mono,1871.7,2284.9,413.2
genx__stoch__prox__w2-d0__monthhour,Summer,6053,Monterey,42126.5,37761.8,-4364.7
genx__stoch__prox__w2-d0__monthhour,Summer,6055,Napa,19474.9,13055.2,-6419.7
genx__stoch__prox__w2-d0__monthhour,Summer,6057,Nevada,4301.7,6608.4,2306.7
genx__stoch__prox__w2-d0__monthhour,Summer,6059,Orange,299022.7,320708.6,21685.9
genx__stoch__prox__w2-d0__monthhour,Summer,6061,Placer,43474.9,49928.3,6453.4
genx__stoch__prox__w2-d0__monthhour,Summer,6063,Plumas,4658.8,3410.4,-1248.4
genx__stoch__prox__w2-d0__monthhour,Summer,6065,Riverside,167244.9,257047.8,89802.9
genx__stoch__prox__w2-d0__monthhour,Summer,6067,Sacramento,127410.0,131060.4,3650.4
genx__stoch__prox__w2-d0__monthhour,Summer,6069,San Benito,2711.8,6286.9,3575.1
genx__stoch__prox__w2-d0__monthhour,Summer,6071,San Bernardino,207922.2,305855.4,97933.2
genx__stoch__prox__w2-d0__monthhour,Summer,6073,San Diego,348023.9,317453.1,-30570.8
genx__stoch__prox__w2-d0__monthhour,Summer,6075,San Francisco,77557.3,36572.3,-40985.0
genx__stoch__prox__w2-d0__monthhour,Summer,6077,San Joaquin,133261.7,124513.2,-8748.5
genx__stoch__prox__w2-d0__monthhour,Summer,6079,San Luis Obispo,31854.9,19855.2,-11999.7
genx__stoch__prox__w2-d0__monthhour,Summer,6081,San Mateo,101013.5,72900.5,-28113.0
genx__stoch__prox__w2-d0__monthhour,Summer,6083,Santa Barbara,53580.8,53719.0,138.2
genx__stoch__prox__w2-d0__monthhour,Summer,6085,Santa Clara,267076.4,230128.8,-36947.6
genx__stoch__prox__w2-d0__monthhour,Summer,6087,Santa Cruz,31499.7,21572.7,-9927.0
genx__stoch__prox__w2-d0__monthhour,Summer,6089,Shasta,14225.7,16242.6,2016.9
genx__stoch__prox__w2-d0__monthhour,Summer,6091,Sierra,1740.6,1483.9,-256.7
genx__stoch__prox__w2-d0__monthhour,Summer,6093,Siskiyou,10491.7,10491.7,0.0
genx__stoch__prox__w2-d0__monthhour,Summer,6095,Solano,62178.9,57411.2,-4767.7
genx__stoch__prox__w2-d0__monthhour,Summer,6097,Sonoma,55503.9,48445.4,-7058.5
genx__stoch__prox__w2-d0__monthhour,Summer,6099,Stanislaus,80837.7,84611.2,3773.5
genx__stoch__prox__w2-d0__monthhour,Summer,6101,Sutter,14590.4,17518.8,2928.4
genx__stoch__prox__w2-d0__monthhour,Summer,6103,Tehama,7867.3,5886.8,-1980.5
genx__stoch__prox__w2-d0__monthhour,Summer,6105,Trinity,3298.4,3191.3,-107.1
genx__stoch__prox__w2-d0__monthhour,Summer,6107,Tulare,51283.5,75779.5,24496.0
genx__stoch__prox__w2-d0__monthhour,Summer,6109,Tuolumne,7184.1,10249.4,3065.3
genx__stoch__prox__w2-d0__monthhour,Summer,6111,Ventura,103893.5,96737.9,-7155.6
genx__stoch__prox__w2-d0__monthhour,Summer,6113,Yolo,30696.5,30212.9,-483.6
genx__stoch__prox__w2-d0__monthhour,Summer,6115,Yuba,10610.4,12050.4,1440.0
genx__stoch__prox__w2-d1__monthhour,Summer,6001,Alameda,219666.6,164420.2,-55246.4
genx__stoch__prox__w2-d1__monthhour,Summer,6003,Alpine,3456.3,17.2,-3439.1
genx__stoch__prox__w2-d1__monthhour,Summer,6005,Amador,5828.6,6112.8,284.2
genx__stoch__prox__w2-d1__monthhour,Summer,6007,Butte,26692.5,34910.9,8218.4
genx__stoch__prox__w2-d1__monthhour,Summer,6009,Calaveras,2090.2,3073.0,982.8
genx__stoch__prox__w2-d1__monthhour,Summer,6011,Colusa,4521.4,5739.5,1218.1
genx__stoch__prox__w2-d1__monthhour,Summer,6013,Contra Costa,172406.0,153559.6,-18846.4
genx__stoch__prox__w2-d1__monthhour,Summer,6017,El Dorado,11545.4,15221.4,3676.0
genx__stoch__prox__w2-d1__monthhour,Summer,6019,Fresno,107522.1,148381.7,40859.6
genx__stoch__prox__w2-d1__monthhour,Summer,6021,Glenn,7464.4,5698.0,-1766.4
genx__stoch__prox__w2-d1__monthhour,Summer,6023,Humboldt,12465.6,11078.1,-1387.5
genx__stoch__prox__w2-d1__monthhour,Summer,6025,Imperial,18792.8,18792.8,0.0
genx__stoch__prox__w2-d1__monthhour,Summer,6027,Inyo,18597.5,7063.6,-11533.9
genx__stoch__prox__w2-d1__monthhour,Summer,6029,Kern,139821.9,154201.4,14379.5
genx__stoch__prox__w2-d1__monthhour,Summer,6031,Kings,23987.0,29222.9,5235.9
genx__stoch__prox__w2-d1__monthhour,Summer,6033,Lake,9883.7,11460.4,1576.7
genx__stoch__prox__w2-d1__monthhour,Summer,6035,Lassen,8973.9,9204.0,230.1
genx__stoch__prox__w2-d1__monthhour,Summer,6037,Los Angeles,1109060.5,1039163.1,-69897.4
genx__stoch__prox__w2-d1__monthhour,Summer,6039,Madera,15111.7,46116.4,31004.7
genx__stoch__prox__w2-d1__monthhour,Summer,6041,Marin,34418.8,16868.9,-17549.9
genx__stoch__prox__w2-d1__monthhour,Summer,6043,Mariposa,1649.0,2118.2,469.2
genx__stoch__prox__w2-d1__monthhour,Summer,6045,Mendocino,12502.3,12186.2,-316.1
genx__stoch__prox__w2-d1__monthhour,Summer,6047,Merced,27528.4,39588.3,12059.9
genx__stoch__prox__w2-d1__monthhour,Summer,6049,Modoc,2986.3,2986.3,0.0
genx__stoch__prox__w2-d1__monthhour,Summer,6051,Mono,1871.7,2251.4,379.7
genx__stoch__prox__w2-d1__monthhour,Summer,6053,Monterey,42126.5,38337.0,-3789.5
genx__stoch__prox__w2-d1__monthhour,Summer,6055,Napa,19474.9,12565.2,-6909.7
genx__stoch__prox__w2-d1__monthhour,Summer,6057,Nevada,4301.7,6819.9,2518.2
genx__stoch__prox__w2-d1__monthhour,Summer,6059,Orange,299022.7,321577.7,22555.0
genx__stoch__prox__w2-d1__monthhour,Summer,6061,Placer,43474.9,49230.8,5755.9
genx__stoch__prox__w2-d1__monthhour,Summer,6063,Plumas,4658.8,3411.5,-1247.3
genx__stoch__prox__w2-d1__monthhour,Summer,6065,Riverside,167244.9,254892.6,87647.7
genx__stoch__prox__w2-d1__monthhour,Summer,6067,Sacramento,127410.0,131208.6,3798.6
genx__stoch__prox__w2-d1__monthhour,Summer,6069,San Benito,2711.8,6168.4,3456.6
genx__stoch__prox__w2-d1__monthhour,Summer,6071,San Bernardino,207922.2,309751.2,101829.0
genx__stoch__prox__w2-d1__monthhour,Summer,6073,San Diego,348023.9,310366.1,-37657.8
genx__stoch__prox__w2-d1__monthhour,Summer,6075,San Francisco,77557.3,37079.8,-40477.5
genx__stoch__prox__w2-d1__monthhour,Summer,6077,San Joaquin,133261.7,125196.9,-8064.8
genx__stoch__prox__w2-d1__monthhour,Summer,6079,San Luis Obispo,31854.9,21084.6,-10770.3
genx__stoch__prox__w2-d1__monthhour,Summer,6081,San Mateo,101013.5,73406.7,-27606.8
genx__stoch__prox__w2-d1__monthhour,Summer,6083,Santa Barbara,53580.8,53669.6,88.8
genx__stoch__prox__w2-d1__monthhour,Summer,6085,Santa Clara,267076.4,229043.5,-38032.9
genx__stoch__prox__w2-d1__monthhour,Summer,6087,Santa Cruz,31499.7,21980.7,-9519.0
genx__stoch__prox__w2-d1__monthhour,Summer,6089,Shasta,14225.7,16304.8,2079.1
genx__stoch__prox__w2-d1__monthhour,Summer,6091,Sierra,1740.6,1486.6,-254.0
genx__stoch__prox__w2-d1__monthhour,Summer,6093,Siskiyou,10491.7,10491.7,0.0
genx__stoch__prox__w2-d1__monthhour,Summer,6095,Solano,62178.9,58509.4,-3669.5
genx__stoch__prox__w2-d1__monthhour,Summer,6097,Sonoma,55503.9,50251.6,-5252.3
genx__stoch__prox__w2-d1__monthhour,Summer,6099,Stanislaus,80837.7,84922.6,4084.9
genx__stoch__prox__w2-d1__monthhour,Summer,6101,Sutter,14590.4,17109.3,2518.9
genx__stoch__prox__w2-d1__monthhour,Summer,6103,Tehama,7867.3,6128.7,-1738.6
genx__stoch__prox__w2-d1__monthhour,Summer,6105,Trinity,3298.4,3176.8,-121.6
genx__stoch__prox__w2-d1__monthhour,Summer,6107,Tulare,51283.5,72891.9,21608.4
genx__stoch__prox__w2-d1__monthhour,Summer,6109,Tuolumne,7184.1,9816.5,2632.4
genx__stoch__prox__w2-d1__monthhour,Summer,6111,Ventura,103893.5,96312.6,-7580.9
genx__stoch__prox__w2-d1__monthhour,Summer,6113,Yolo,30696.5,31080.6,384.1
genx__stoch__prox__w2-d1__monthhour,Summer,6115,Yuba,10610.4,11753.6,1143.2
genx__stoch__prox__w2-d2__monthhour,Summer,6001,Alameda,219666.6,164037.1,-55629.5
genx__stoch__prox__w2-d2__monthhour,Summer,6003,Alpine,3456.3,18.2,-3438.1
genx__stoch__prox__w2-d2__monthhour,Summer,6005,Amador,5828.6,6260.7,432.1
genx__stoch__prox__w2-d2__monthhour,Summer,6007,Butte,26692.5,35418.5,8726.0
genx__stoch__prox__w2-d2__monthhour,Summer,6009,Calaveras,2090.2,3009.0,918.8
genx__stoch__prox__w2-d2__monthhour,Summer,6011,Colusa,4521.4,5698.0,1176.6
genx__stoch__prox__w2-d2__monthhour,Summer,6013,Contra Costa,172406.0,152264.1,-20141.9
genx__stoch__prox__w2-d2__monthhour,Summer,6017,El Dorado,11545.4,15018.2,3472.8
genx__stoch__prox__w2-d2__monthhour,Summer,6019,Fresno,107522.1,149896.5,42374.4
genx__stoch__prox__w2-d2__monthhour,Summer,6021,Glenn,7464.4,5931.8,-1532.6
genx__stoch__prox__w2-d2__monthhour,Summer,6023,Humboldt,12465.6,11054.4,-1411.2
genx__stoch__prox__w2-d2__monthhour,Summer,6025,Imperial,18792.8,18792.8,0.0
genx__stoch__prox__w2-d2__monthhour,Summer,6027,Inyo,18597.5,7006.2,-11591.3
genx__stoch__prox__w2-d2__monthhour,Summer,6029,Kern,139821.9,155901.2,16079.3
genx__stoch__prox__w2-d2__monthhour,Summer,6031,Kings,23987.0,30540.8,6553.8
genx__stoch__prox__w2-d2__monthhour,Summer,6033,Lake,9883.7,11392.8,1509.1
genx__stoch__prox__w2-d2__monthhour,Summer,6035,Lassen,8973.9,9233.3,259.4
genx__stoch__prox__w2-d2__monthhour,Summer,6037,Los Angeles,1109060.5,1036654.5,-72406.0
genx__stoch__prox__w2-d2__monthhour,Summer,6039,Madera,15111.7,45492.6,30380.9
genx__stoch__prox__w2-d2__monthhour,Summer,6041,Marin,34418.8,17503.3,-16915.5
genx__stoch__prox__w2-d2__monthhour,Summer,6043,Mariposa,1649.0,2017.0,368.0
genx__stoch__prox__w2-d2__monthhour,Summer,6045,Mendocino,12502.3,12152.2,-350.1
genx__stoch__prox__w2-d2__monthhour,Summer,6047,Merced,27528.4,39761.3,12232.9
genx__stoch__prox__w2-d2__monthhour,Summer,6049,Modoc,2986.3,2986.3,0.0
genx__stoch__prox__w2-d2__monthhour,Summer,6051,Mono,1871.7,2257.6,385.9
genx__stoch__prox__w2-d2__monthhour,Summer,6053,Monterey,42126.5,37813.2,-4313.3
genx__stoch__prox__w2-d2__monthhour,Summer,6055,Napa,19474.9,12565.4,-6909.5
genx__stoch__prox__w2-d2__monthhour,Summer,6057,Nevada,4301.7,6586.5,2284.8
genx__stoch__prox__w2-d2__monthhour,Summer,6059,Orange,299022.7,321883.1,22860.4
genx__stoch__prox__w2-d2__monthhour,Summer,6061,Placer,43474.9,48614.4,5139.5
genx__stoch__prox__w2-d2__monthhour,Summer,6063,Plumas,4658.8,3399.7,-1259.1
genx__stoch__prox__w2-d2__monthhour,Summer,6065,Riverside,167244.9,256518.9,89274.0
genx__stoch__prox__w2-d2__monthhour,Summer,6067,Sacramento,127410.0,131308.2,3898.2
genx__stoch__prox__w2-d2__monthhour,Summer,6069,San Benito,2711.8,6677.9,3966.1
genx__stoch__prox__w2-d2__monthhour,Summer,6071,San Bernardino,207922.2,307788.2,99866.0
genx__stoch__prox__w2-d2__monthhour,Summer,6073,San Diego,348023.9,313689.0,-34334.9
genx__stoch__prox__w2-d2__monthhour,Summer,6075,San Francisco,77557.3,36984.5,-40572.8
genx__stoch__prox__w2-d2__monthhour,Summer,6077,San Joaquin,133261.7,124529.6,-8732.1
genx__stoch__prox__w2-d2__monthhour,Summer,6079,San Luis Obispo,31854.9,20074.2,-11780.7
genx__stoch__prox__w2-d2__monthhour,Summer,6081,San Mateo,101013.5,72855.8,-28157.7
genx__stoch__prox__w2-d2__monthhour,Summer,6083,Santa Barbara,53580.8,52186.2,-1394.6
genx__stoch__prox__w2-d2__monthhour,Summer,6085,Santa Clara,267076.4,230063.5,-37012.9
genx__stoch__prox__w2-d2__monthhour,Summer,6087,Santa Cruz,31499.7,21821.7,-9678.0
genx__stoch__prox__w2-d2__monthhour,Summer,6089,Shasta,14225.7,16237.4,2011.7
genx__stoch__prox__w2-d2__monthhour,Summer,6091,Sierra,1740.6,1488.3,-252.3
genx__stoch__prox__w2-d2__monthhour,Summer,6093,Siskiyou,10491.7,10491.7,0.0
genx__stoch__prox__w2-d2__monthhour,Summer,6095,Solano,62178.9,57950.0,-4228.9
genx__stoch__prox__w2-d2__monthhour,Summer,6097,Sonoma,55503.9,49141.5,-6362.4
genx__stoch__prox__w2-d2__monthhour,Summer,6099,Stanislaus,80837.7,84468.8,3631.1
genx__stoch__prox__w2-d2__monthhour,Summer,6101,Sutter,14590.4,17316.4,2726.0
genx__stoch__prox__w2-d2__monthhour,Summer,6103,Tehama,7867.3,5904.4,-1962.9
genx__stoch__prox__w2-d2__monthhour,Summer,6105,Trinity,3298.4,3183.2,-115.2
genx__stoch__prox__w2-d2__monthhour,Summer,6107,Tulare,51283.5,73635.1,22351.6
genx__stoch__prox__w2-d2__monthhour,Summer,6109,Tuolumne,7184.1,9931.9,2747.8
genx__stoch__prox__w2-d2__monthhour,Summer,6111,Ventura,103893.5,98164.6,-5728.9
genx__stoch__prox__w2-d2__monthhour,Summer,6113,Yolo,30696.5,29807.0,-889.5
genx__stoch__prox__w2-d2__monthhour,Summer,6115,Yuba,10610.4,12085.1,1474.7
genx__stoch__prox__w2-mean__monthhour,Summer,6001,Alameda,219666.6,164304.9,-55361.7
genx__stoch__prox__w2-mean__monthhour,Summer,6003,Alpine,3456.3,18.3,-3438.0
genx__stoch__prox__w2-mean__monthhour,Summer,6005,Amador,5828.6,6181.0,352.4
genx__stoch__prox__w2-mean__monthhour,Summer,6007,Butte,26692.5,35099.6,8407.1
genx__stoch__prox__w2-mean__monthhour,Summer,6009,Calaveras,2090.2,3076.7,986.5
genx__stoch__prox__w2-mean__monthhour,Summer,6011,Colusa,4521.4,5600.8,1079.4
genx__stoch__prox__w2-mean__monthhour,Summer,6013,Contra Costa,172406.0,154062.5,-18343.5
genx__stoch__prox__w2-mean__monthhour,Summer,6017,El Dorado,11545.4,15327.5,3782.1
genx__stoch__prox__w2-mean__monthhour,Summer,6019,Fresno,107522.1,148459.5,40937.4
genx__stoch__prox__w2-mean__monthhour,Summer,6021,Glenn,7464.4,5801.3,-1663.1
genx__stoch__prox__w2-mean__monthhour,Summer,6023,Humboldt,12465.6,11052.2,-1413.4
genx__stoch__prox__w2-mean__monthhour,Summer,6025,Imperial,18792.8,18792.8,0.0
genx__stoch__prox__w2-mean__monthhour,Summer,6027,Inyo,18597.5,7040.8,-11556.7
genx__stoch__prox__w2-mean__monthhour,Summer,6029,Kern,139821.9,154836.2,15014.3
genx__stoch__prox__w2-mean__monthhour,Summer,6031,Kings,23987.0,30278.6,6291.6
genx__stoch__prox__w2-mean__monthhour,Summer,6033,Lake,9883.7,11561.3,1677.6
genx__stoch__prox__w2-mean__monthhour,Summer,6035,Lassen,8973.9,9215.0,241.1
genx__stoch__prox__w2-mean__monthhour,Summer,6037,Los Angeles,1109060.5,1037924.6,-71135.9
genx__stoch__prox__w2-mean__monthhour,Summer,6039,Madera,15111.7,45077.3,29965.6
genx__stoch__prox__w2-mean__monthhour,Summer,6041,Marin,34418.8,17064.9,-17353.9
genx__stoch__prox__w2-mean__monthhour,Summer,6043,Mariposa,1649.0,2066.1,417.1
genx__stoch__prox__w2-mean__monthhour,Summer,6045,Mendocino,12502.3,12110.9,-391.4
genx__stoch__prox__w2-mean__monthhour,Summer,6047,Merced,27528.4,39179.2,11650.8
genx__stoch__prox__w2-mean__monthhour,Summer,6049,Modoc,2986.3,2986.3,0.0
genx__stoch__prox__w2-mean__monthhour,Summer,6051,Mono,1871.7,2262.9,391.2
genx__stoch__prox__w2-mean__monthhour,Summer,6053,Monterey,42126.5,37759.5,-4367.0
genx__stoch__prox__w2-mean__monthhour,Summer,6055,Napa,19474.9,12635.9,-6839.0
genx__stoch__prox__w2-mean__monthhour,Summer,6057,Nevada,4301.7,6698.9,2397.2
genx__stoch__prox__w2-mean__monthhour,Summer,6059,Orange,299022.7,320999.3,21976.6
genx__stoch__prox__w2-mean__monthhour,Summer,6061,Placer,43474.9,49057.2,5582.3
genx__stoch__prox__w2-mean__monthhour,Summer,6063,Plumas,4658.8,3402.2,-1256.6
genx__stoch__prox__w2-mean__monthhour,Summer,6065,Riverside,167244.9,255738.1,88493.2
genx__stoch__prox__w2-mean__monthhour,Summer,6067,Sacramento,127410.0,131279.4,3869.4
genx__stoch__prox__w2-mean__monthhour,Summer,6069,San Benito,2711.8,6382.2,3670.4
genx__stoch__prox__w2-mean__monthhour,Summer,6071,San Bernardino,207922.2,308584.1,100661.9
genx__stoch__prox__w2-mean__monthhour,Summer,6073,San Diego,348023.9,313816.3,-34207.6
genx__stoch__prox__w2-mean__monthhour,Summer,6075,San Francisco,77557.3,36921.5,-40635.8
genx__stoch__prox__w2-mean__monthhour,Summer,6077,San Joaquin,133261.7,124895.7,-8366.0
genx__stoch__prox__w2-mean__monthhour,Summer,6079,San Luis Obispo,31854.9,20288.5,-11566.4
genx__stoch__prox__w2-mean__monthhour,Summer,6081,San Mateo,101013.5,72973.2,-28040.3
genx__stoch__prox__w2-mean__monthhour,Summer,6083,Santa Barbara,53580.8,53383.8,-197.0
genx__stoch__prox__w2-mean__monthhour,Summer,6085,Santa Clara,267076.4,229511.2,-37565.2
genx__stoch__prox__w2-mean__monthhour,Summer,6087,Santa Cruz,31499.7,21759.0,-9740.7
genx__stoch__prox__w2-mean__monthhour,Summer,6089,Shasta,14225.7,16229.4,2003.7
genx__stoch__prox__w2-mean__monthhour,Summer,6091,Sierra,1740.6,1488.2,-252.4
genx__stoch__prox__w2-mean__monthhour,Summer,6093,Siskiyou,10491.7,10491.7,0.0
genx__stoch__prox__w2-mean__monthhour,Summer,6095,Solano,62178.9,57864.1,-4314.8
genx__stoch__prox__w2-mean__monthhour,Summer,6097,Sonoma,55503.9,49214.7,-6289.2
genx__stoch__prox__w2-mean__monthhour,Summer,6099,Stanislaus,80837.7,84705.7,3868.0
genx__stoch__prox__w2-mean__monthhour,Summer,6101,Sutter,14590.4,17284.7,2694.3
genx__stoch__prox__w2-mean__monthhour,Summer,6103,Tehama,7867.3,5963.7,-1903.6
genx__stoch__prox__w2-mean__monthhour,Summer,6105,Trinity,3298.4,3183.7,-114.7
genx__stoch__prox__w2-mean__monthhour,Summer,6107,Tulare,51283.5,74174.6,22891.1
genx__stoch__prox__w2-mean__monthhour,Summer,6109,Tuolumne,7184.1,9997.4,2813.3
genx__stoch__prox__w2-mean__monthhour,Summer,6111,Ventura,103893.5,97076.5,-6817.0
genx__stoch__prox__w2-mean__monthhour,Summer,6113,Yolo,30696.5,30366.7,-329.8
genx__stoch__prox__w2-mean__monthhour,Summer,6115,Yuba,10610.4,11955.5,1345.1
genx__env__prox__hold__monthhour,Winter,6001,Alameda,181317.0,152667.7,-28649.3
genx__env__prox__hold__monthhour,Winter,6003,Alpine,2852.7,62.3,-2790.4
genx__env__prox__hold__monthhour,Winter,6005,Amador,4809.9,5729.8,919.9
genx__env__prox__hold__monthhour,Winter,6007,Butte,22030.2,28114.9,6084.7
genx__env__prox__hold__monthhour,Winter,6009,Calaveras,1725.3,2688.6,963.3
genx__env__prox__hold__monthhour,Winter,6011,Colusa,3732.3,4044.0,311.7
genx__env__prox__hold__monthhour,Winter,6013,Contra Costa,142305.6,138147.4,-4158.2
genx__env__prox__hold__monthhour,Winter,6017,El Dorado,9533.7,14900.1,5366.4
genx__env__prox__hold__monthhour,Winter,6019,Fresno,88757.6,104096.9,15339.3
genx__env__prox__hold__monthhour,Winter,6021,Glenn,6161.1,3968.1,-2193.0
genx__env__prox__hold__monthhour,Winter,6023,Humboldt,10289.0,11409.3,1120.3
genx__env__prox__hold__monthhour,Winter,6025,Imperial,15510.6,15510.6,0.0
genx__env__prox__hold__monthhour,Winter,6027,Inyo,15349.1,5885.0,-9464.1
genx__env__prox__hold__monthhour,Winter,6029,Kern,115414.5,106497.7,-8916.8
genx__env__prox__hold__monthhour,Winter,6031,Kings,19792.5,21609.1,1816.6
genx__env__prox__hold__monthhour,Winter,6033,Lake,8159.7,10728.6,2568.9
genx__env__prox__hold__monthhour,Winter,6035,Lassen,7407.3,7659.3,252.0
genx__env__prox__hold__monthhour,Winter,6037,Los Angeles,915470.0,846841.8,-68628.2
genx__env__prox__hold__monthhour,Winter,6039,Madera,12473.6,32175.1,19701.5
genx__env__prox__hold__monthhour,Winter,6041,Marin,28412.7,20548.0,-7864.7
genx__env__prox__hold__monthhour,Winter,6043,Mariposa,1362.4,1838.1,475.7
genx__env__prox__hold__monthhour,Winter,6045,Mendocino,10320.5,11578.6,1258.1
genx__env__prox__hold__monthhour,Winter,6047,Merced,22724.9,27813.7,5088.8
genx__env__prox__hold__monthhour,Winter,6049,Modoc,2465.3,2465.3,0.0
genx__env__prox__hold__monthhour,Winter,6051,Mono,1544.3,3759.1,2214.8
genx__env__prox__hold__monthhour,Winter,6053,Monterey,34773.6,33080.1,-1693.5
genx__env__prox__hold__monthhour,Winter,6055,Napa,16074.2,12384.2,-3690.0
genx__env__prox__hold__monthhour,Winter,6057,Nevada,3551.5,6358.0,2806.5
genx__env__prox__hold__monthhour,Winter,6059,Orange,246837.9,273401.9,26564.0
genx__env__prox__hold__monthhour,Winter,6061,Placer,35887.4,42035.3,6147.9
genx__env__prox__hold__monthhour,Winter,6063,Plumas,3844.5,3070.3,-774.2
genx__env__prox__hold__monthhour,Winter,6065,Riverside,138054.5,183550.1,45495.6
genx__env__prox__hold__monthhour,Winter,6067,Sacramento,105165.6,108920.0,3754.4
genx__env__prox__hold__monthhour,Winter,6069,San Benito,2239.6,5553.0,3313.4
genx__env__prox__hold__monthhour,Winter,6071,San Bernardino,171632.9,234380.2,62747.3
genx__env__prox__hold__monthhour,Winter,6073,San Diego,287285.8,284255.5,-3030.3
genx__env__prox__hold__monthhour,Winter,6075,San Francisco,64023.9,31603.5,-32420.4
genx__env__prox__hold__monthhour,Winter,6077,San Joaquin,109997.1,96579.6,-13417.5
genx__env__prox__hold__monthhour,Winter,6079,San Luis Obispo,26294.2,19267.0,-7027.2
genx__env__prox__hold__monthhour,Winter,6081,San Mateo,83383.7,71596.9,-11786.8
genx__env__prox__hold__monthhour,Winter,6083,Santa Barbara,44224.9,49313.1,5088.2
genx__env__prox__hold__monthhour,Winter,6085,Santa Clara,220457.3,198256.7,-22200.6
genx__env__prox__hold__monthhour,Winter,6087,Santa Cruz,25999.0,21660.7,-4338.3
genx__env__prox__hold__monthhour,Winter,6089,Shasta,11746.0,13671.4,1925.4
genx__env__prox__hold__monthhour,Winter,6091,Sierra,1437.1,1253.9,-183.2
genx__env__prox__hold__monthhour,Winter,6093,Siskiyou,8663.5,8663.5,0.0
genx__env__prox__hold__monthhour,Winter,6095,Solano,51322.4,50586.9,-735.5
genx__env__prox__hold__monthhour,Winter,6097,Sonoma,45818.0,48511.7,2693.7
genx__env__prox__hold__monthhour,Winter,6099,Stanislaus,66735.4,68554.5,1819.1
genx__env__prox__hold__monthhour,Winter,6101,Sutter,12043.9,12533.2,489.3
genx__env__prox__hold__monthhour,Winter,6103,Tehama,6491.9,4317.9,-2174.0
genx__env__prox__hold__monthhour,Winter,6105,Trinity,2722.1,2665.2,-56.9
genx__env__prox__hold__monthhour,Winter,6107,Tulare,42330.4,47810.2,5479.8
genx__env__prox__hold__monthhour,Winter,6109,Tuolumne,5932.2,9248.9,3316.7
genx__env__prox__hold__monthhour,Winter,6111,Ventura,85759.7,87573.4,1813.7
genx__env__prox__hold__monthhour,Winter,6113,Yolo,25334.0,23553.0,-1781.0
genx__env__prox__hold__monthhour,Winter,6115,Yuba,8758.2,9795.3,1037.1
genx__env__prox__hold__static,Winter,6001,Alameda,181317.0,145610.9,-35706.1
genx__env__prox__hold__static,Winter,6003,Alpine,2852.7,36.4,-2816.3
genx__env__prox__hold__static,Winter,6005,Amador,4809.9,5256.8,446.9
genx__env__prox__hold__static,Winter,6007,Butte,22030.2,27686.0,5655.8
genx__env__prox__hold__static,Winter,6009,Calaveras,1725.3,2541.2,815.9
genx__env__prox__hold__static,Winter,6011,Colusa,3732.3,4649.1,916.8
genx__env__prox__hold__static,Winter,6013,Contra Costa,142305.6,128895.7,-13409.9
genx__env__prox__hold__static,Winter,6017,El Dorado,9533.7,13498.2,3964.5
genx__env__prox__hold__static,Winter,6019,Fresno,88757.6,110750.2,21992.6
genx__env__prox__hold__static,Winter,6021,Glenn,6161.1,4588.9,-1572.2
genx__env__prox__hold__static,Winter,6023,Humboldt,10289.0,10209.8,-79.2
genx__env__prox__hold__static,Winter,6025,Imperial,15510.6,15510.6,0.0
genx__env__prox__hold__static,Winter,6027,Inyo,15349.1,5849.0,-9500.1
genx__env__prox__hold__static,Winter,6029,Kern,115414.5,118113.2,2698.7
genx__env__prox__hold__static,Winter,6031,Kings,19792.5,24196.8,4404.3
genx__env__prox__hold__static,Winter,6033,Lake,8159.7,9939.5,1779.8
genx__env__prox__hold__static,Winter,6035,Lassen,7407.3,7621.7,214.4
genx__env__prox__hold__static,Winter,6037,Los Angeles,915470.0,849503.5,-65966.5
genx__env__prox__hold__static,Winter,6039,Madera,12473.6,38529.1,26055.5
genx__env__prox__hold__static,Winter,6041,Marin,28412.7,16406.5,-12006.2
genx__env__prox__hold__static,Winter,6043,Mariposa,1362.4,1717.4,355.0
genx__env__prox__hold__static,Winter,6045,Mendocino,10320.5,10762.0,441.5
genx__env__prox__hold__static,Winter,6047,Merced,22724.9,29700.9,6976.0
genx__env__prox__hold__static,Winter,6049,Modoc,2465.3,2465.3,0.0
genx__env__prox__hold__static,Winter,6051,Mono,1544.3,2701.4,1157.1
genx__env__prox__hold__static,Winter,6053,Monterey,34773.6,32975.2,-1798.4
genx__env__prox__hold__static,Winter,6055,Napa,16074.2,11119.9,-4954.3
genx__env__prox__hold__static,Winter,6057,Nevada,3551.5,5734.8,2183.3
genx__env__prox__hold__static,Winter,6059,Orange,246837.9,273343.7,26505.8
genx__env__prox__hold__static,Winter,6061,Placer,35887.4,39983.7,4096.3
genx__env__prox__hold__static,Winter,6063,Plumas,3844.5,2896.7,-947.8
genx__env__prox__hold__static,Winter,6065,Riverside,138054.5,202170.0,64115.5
genx__env__prox__hold__static,Winter,6067,Sacramento,105165.6,108315.4,3149.8
genx__env__prox__hold__static,Winter,6069,San Benito,2239.6,5244.0,3004.4
genx__env__prox__hold__static,Winter,6071,San Bernardino,171632.9,246382.7,74749.8
genx__env__prox__hold__static,Winter,6073,San Diego,287285.8,279905.0,-7380.8
genx__env__prox__hold__static,Winter,6075,San Francisco,64023.9,30414.2,-33609.7
genx__env__prox__hold__static,Winter,6077,San Joaquin,109997.1,97033.2,-12963.9
genx__env__prox__hold__static,Winter,6079,San Luis Obispo,26294.2,17717.5,-8576.7
genx__env__prox__hold__static,Winter,6081,San Mateo,83383.7,64575.6,-18808.1
genx__env__prox__hold__static,Winter,6083,Santa Barbara,44224.9,46906.6,2681.7
genx__env__prox__hold__static,Winter,6085,Santa Clara,220457.3,187514.0,-32943.3
genx__env__prox__hold__static,Winter,6087,Santa Cruz,25999.0,19672.5,-6326.5
genx__env__prox__hold__static,Winter,6089,Shasta,11746.0,13372.3,1626.3
genx__env__prox__hold__static,Winter,6091,Sierra,1437.1,1235.7,-201.4
genx__env__prox__hold__static,Winter,6093,Siskiyou,8663.5,8663.5,0.0
genx__env__prox__hold__static,Winter,6095,Solano,51322.4,48063.8,-3258.6
genx__env__prox__hold__static,Winter,6097,Sonoma,45818.0,43002.0,-2816.0
genx__env__prox__hold__static,Winter,6099,Stanislaus,66735.4,69070.9,2335.5
genx__env__prox__hold__static,Winter,6101,Sutter,12043.9,13003.9,960.0
genx__env__prox__hold__static,Winter,6103,Tehama,6491.9,4635.6,-1856.3
genx__env__prox__hold__static,Winter,6105,Trinity,2722.1,2647.2,-74.9
genx__env__prox__hold__static,Winter,6107,Tulare,42330.4,55507.2,13176.8
genx__env__prox__hold__static,Winter,6109,Tuolumne,5932.2,8476.8,2544.6
genx__env__prox__hold__static,Winter,6111,Ventura,85759.7,84755.1,-1004.6
genx__env__prox__hold__static,Winter,6113,Yolo,25334.0,24108.7,-1225.3
genx__env__prox__hold__static,Winter,6115,Yuba,8758.2,9556.7,798.5
genx__reedsco__catch__aratio__monthhour,Winter,6001,Alameda,181317.0,106945.3,-74371.7
genx__reedsco__catch__aratio__monthhour,Winter,6003,Alpine,2852.7,0.0,-2852.7
genx__reedsco__catch__aratio__monthhour,Winter,6005,Amador,4809.9,6569.7,1759.8
genx__reedsco__catch__aratio__monthhour,Winter,6007,Butte,22030.2,15172.8,-6857.4
genx__reedsco__catch__aratio__monthhour,Winter,6009,Calaveras,1725.3,2741.0,1015.7
genx__reedsco__catch__aratio__monthhour,Winter,6011,Colusa,3732.3,3971.5,239.2
genx__reedsco__catch__aratio__monthhour,Winter,6013,Contra Costa,142305.6,129373.7,-12931.9
genx__reedsco__catch__aratio__monthhour,Winter,6017,El Dorado,9533.7,14760.8,5227.1
genx__reedsco__catch__aratio__monthhour,Winter,6019,Fresno,88757.6,109265.9,20508.3
genx__reedsco__catch__aratio__monthhour,Winter,6021,Glenn,6161.1,3454.1,-2707.0
genx__reedsco__catch__aratio__monthhour,Winter,6023,Humboldt,10289.0,9021.4,-1267.6
genx__reedsco__catch__aratio__monthhour,Winter,6025,Imperial,15510.6,43217.3,27706.7
genx__reedsco__catch__aratio__monthhour,Winter,6027,Inyo,15349.1,772.8,-14576.3
genx__reedsco__catch__aratio__monthhour,Winter,6029,Kern,115414.5,114984.5,-430.0
genx__reedsco__catch__aratio__monthhour,Winter,6031,Kings,19792.5,16168.3,-3624.2
genx__reedsco__catch__aratio__monthhour,Winter,6033,Lake,8159.7,3629.9,-4529.8
genx__reedsco__catch__aratio__monthhour,Winter,6035,Lassen,7407.3,954.1,-6453.2
genx__reedsco__catch__aratio__monthhour,Winter,6037,Los Angeles,915470.0,779898.1,-135571.9
genx__reedsco__catch__aratio__monthhour,Winter,6039,Madera,12473.6,17513.7,5040.1
genx__reedsco__catch__aratio__monthhour,Winter,6041,Marin,28412.7,14296.5,-14116.2
genx__reedsco__catch__aratio__monthhour,Winter,6043,Mariposa,1362.4,1314.8,-47.6
genx__reedsco__catch__aratio__monthhour,Winter,6045,Mendocino,10320.5,4356.4,-5964.1
genx__reedsco__catch__aratio__monthhour,Winter,6047,Merced,22724.9,33783.5,11058.6
genx__reedsco__catch__aratio__monthhour,Winter,6049,Modoc,2465.3,3271.2,805.9
genx__reedsco__catch__aratio__monthhour,Winter,6051,Mono,1544.3,666.3,-878.0
genx__reedsco__catch__aratio__monthhour,Winter,6053,Monterey,34773.6,27089.4,-7684.2
genx__reedsco__catch__aratio__monthhour,Winter,6055,Napa,16074.2,14985.5,-1088.7
genx__reedsco__catch__aratio__monthhour,Winter,6057,Nevada,3551.5,7639.9,4088.4
genx__reedsco__catch__aratio__monthhour,Winter,6059,Orange,246837.9,286481.5,39643.6
genx__reedsco__catch__aratio__monthhour,Winter,6061,Placer,35887.4,41090.5,5203.1
genx__reedsco__catch__aratio__monthhour,Winter,6063,Plumas,3844.5,1539.0,-2305.5
genx__reedsco__catch__aratio__monthhour,Winter,6065,Riverside,138054.5,146906.1,8851.6
genx__reedsco__catch__aratio__monthhour,Winter,6067,Sacramento,105165.6,109811.3,4645.7
genx__reedsco__catch__aratio__monthhour,Winter,6069,San Benito,2239.6,4801.5,2561.9
genx__reedsco__catch__aratio__monthhour,Winter,6071,San Bernardino,171632.9,341369.2,169736.3
genx__reedsco__catch__aratio__monthhour,Winter,6073,San Diego,287285.8,479069.5,191783.7
genx__reedsco__catch__aratio__monthhour,Winter,6075,San Francisco,64023.9,47652.3,-16371.6
genx__reedsco__catch__aratio__monthhour,Winter,6077,San Joaquin,109997.1,71687.4,-38309.7
genx__reedsco__catch__aratio__monthhour,Winter,6079,San Luis Obispo,26294.2,20875.3,-5418.9
genx__reedsco__catch__aratio__monthhour,Winter,6081,San Mateo,83383.7,61847.0,-21536.7
genx__reedsco__catch__aratio__monthhour,Winter,6083,Santa Barbara,44224.9,34262.3,-9962.6
genx__reedsco__catch__aratio__monthhour,Winter,6085,Santa Clara,220457.3,185807.8,-34649.5
genx__reedsco__catch__aratio__monthhour,Winter,6087,Santa Cruz,25999.0,11497.4,-14501.6
genx__reedsco__catch__aratio__monthhour,Winter,6089,Shasta,11746.0,16832.2,5086.2
genx__reedsco__catch__aratio__monthhour,Winter,6091,Sierra,1437.1,932.1,-505.0
genx__reedsco__catch__aratio__monthhour,Winter,6093,Siskiyou,8663.5,6591.6,-2071.9
genx__reedsco__catch__aratio__monthhour,Winter,6095,Solano,51322.4,41451.5,-9870.9
genx__reedsco__catch__aratio__monthhour,Winter,6097,Sonoma,45818.0,21815.7,-24002.3
genx__reedsco__catch__aratio__monthhour,Winter,6099,Stanislaus,66735.4,56905.9,-9829.5
genx__reedsco__catch__aratio__monthhour,Winter,6101,Sutter,12043.9,8184.1,-3859.8
genx__reedsco__catch__aratio__monthhour,Winter,6103,Tehama,6491.9,4474.7,-2017.2
genx__reedsco__catch__aratio__monthhour,Winter,6105,Trinity,2722.1,1139.8,-1582.3
genx__reedsco__catch__aratio__monthhour,Winter,6107,Tulare,42330.4,64495.7,22165.3
genx__reedsco__catch__aratio__monthhour,Winter,6109,Tuolumne,5932.2,4934.4,-997.8
genx__reedsco__catch__aratio__monthhour,Winter,6111,Ventura,85759.7,64264.4,-21495.3
genx__reedsco__catch__aratio__monthhour,Winter,6113,Yolo,25334.0,19374.7,-5959.3
genx__reedsco__catch__aratio__monthhour,Winter,6115,Yuba,8758.2,6789.4,-1968.8
genx__reedsco__namecatch__aratio__monthhour,Winter,6001,Alameda,181317.0,106926.6,-74390.4
genx__reedsco__namecatch__aratio__monthhour,Winter,6003,Alpine,2852.7,0.0,-2852.7
genx__reedsco__namecatch__aratio__monthhour,Winter,6005,Amador,4809.9,6569.4,1759.5
genx__reedsco__namecatch__aratio__monthhour,Winter,6007,Butte,22030.2,15173.7,-6856.5
genx__reedsco__namecatch__aratio__monthhour,Winter,6009,Calaveras,1725.3,2741.1,1015.8
genx__reedsco__namecatch__aratio__monthhour,Winter,6011,Colusa,3732.3,3971.9,239.6
genx__reedsco__namecatch__aratio__monthhour,Winter,6013,Contra Costa,142305.6,129376.4,-12929.2
genx__reedsco__namecatch__aratio__monthhour,Winter,6017,El Dorado,9533.7,14760.6,5226.9
genx__reedsco__namecatch__aratio__monthhour,Winter,6019,Fresno,88757.6,109263.5,20505.9
genx__reedsco__namecatch__aratio__monthhour,Winter,6021,Glenn,6161.1,3454.2,-2706.9
genx__reedsco__namecatch__aratio__monthhour,Winter,6023,Humboldt,10289.0,9022.3,-1266.7
genx__reedsco__namecatch__aratio__monthhour,Winter,6025,Imperial,15510.6,43218.5,27707.9
genx__reedsco__namecatch__aratio__monthhour,Winter,6027,Inyo,15349.1,777.5,-14571.6
genx__reedsco__namecatch__aratio__monthhour,Winter,6029,Kern,115414.5,114980.9,-433.6
genx__reedsco__namecatch__aratio__monthhour,Winter,6031,Kings,19792.5,16168.6,-3623.9
genx__reedsco__namecatch__aratio__monthhour,Winter,6033,Lake,8159.7,3631.1,-4528.6
genx__reedsco__namecatch__aratio__monthhour,Winter,6035,Lassen,7407.3,953.8,-6453.5
genx__reedsco__namecatch__aratio__monthhour,Winter,6037,Los Angeles,915470.0,779883.2,-135586.8
genx__reedsco__namecatch__aratio__monthhour,Winter,6039,Madera,12473.6,17515.1,5041.5
genx__reedsco__namecatch__aratio__monthhour,Winter,6041,Marin,28412.7,14294.7,-14118.0
genx__reedsco__namecatch__aratio__monthhour,Winter,6043,Mariposa,1362.4,1314.6,-47.8
genx__reedsco__namecatch__aratio__monthhour,Winter,6045,Mendocino,10320.5,4356.2,-5964.3
genx__reedsco__namecatch__aratio__monthhour,Winter,6047,Merced,22724.9,33781.2,11056.3
genx__reedsco__namecatch__aratio__monthhour,Winter,6049,Modoc,2465.3,3271.8,806.5
genx__reedsco__namecatch__aratio__monthhour,Winter,6051,Mono,1544.3,665.7,-878.6
genx__reedsco__namecatch__aratio__monthhour,Winter,6053,Monterey,34773.6,27086.3,-7687.3
genx__reedsco__namecatch__aratio__monthhour,Winter,6055,Napa,16074.2,14985.6,-1088.6
genx__reedsco__namecatch__aratio__monthhour,Winter,6057,Nevada,3551.5,7640.2,4088.7
genx__reedsco__namecatch__aratio__monthhour,Winter,6059,Orange,246837.9,286479.2,39641.3
genx__reedsco__namecatch__aratio__monthhour,Winter,6061,Placer,35887.4,41084.8,5197.4
genx__reedsco__namecatch__aratio__monthhour,Winter,6063,Plumas,3844.5,1540.0,-2304.5
genx__reedsco__namecatch__aratio__monthhour,Winter,6065,Riverside,138054.5,146873.9,8819.4
genx__reedsco__namecatch__aratio__monthhour,Winter,6067,Sacramento,105165.6,109887.8,4722.2
genx__reedsco__namecatch__aratio__monthhour,Winter,6069,San Benito,2239.6,4801.4,2561.8
genx__reedsco__namecatch__aratio__monthhour,Winter,6071,San Bernardino,171632.9,341363.7,169730.8
genx__reedsco__namecatch__aratio__monthhour,Winter,6073,San Diego,287285.8,479061.4,191775.6
genx__reedsco__namecatch__aratio__monthhour,Winter,6075,San Francisco,64023.9,47652.2,-16371.7
genx__reedsco__namecatch__aratio__monthhour,Winter,6077,San Joaquin,109997.1,71686.8,-38310.3
genx__reedsco__namecatch__aratio__monthhour,Winter,6079,San Luis Obispo,26294.2,20875.2,-5419.0
genx__reedsco__namecatch__aratio__monthhour,Winter,6081,San Mateo,83383.7,61842.1,-21541.6
genx__reedsco__namecatch__aratio__monthhour,Winter,6083,Santa Barbara,44224.9,34261.7,-9963.2
genx__reedsco__namecatch__aratio__monthhour,Winter,6085,Santa Clara,220457.3,185808.5,-34648.8
genx__reedsco__namecatch__aratio__monthhour,Winter,6087,Santa Cruz,25999.0,11497.0,-14502.0
genx__reedsco__namecatch__aratio__monthhour,Winter,6089,Shasta,11746.0,16834.7,5088.7
genx__reedsco__namecatch__aratio__monthhour,Winter,6091,Sierra,1437.1,932.9,-504.2
genx__reedsco__namecatch__aratio__monthhour,Winter,6093,Siskiyou,8663.5,6592.6,-2070.9
genx__reedsco__namecatch__aratio__monthhour,Winter,6095,Solano,51322.4,41466.8,-9855.6
genx__reedsco__namecatch__aratio__monthhour,Winter,6097,Sonoma,45818.0,21817.2,-24000.8
genx__reedsco__namecatch__aratio__monthhour,Winter,6099,Stanislaus,66735.4,56901.5,-9833.9
genx__reedsco__namecatch__aratio__monthhour,Winter,6101,Sutter,12043.9,8184.3,-3859.6
genx__reedsco__namecatch__aratio__monthhour,Winter,6103,Tehama,6491.9,4474.5,-2017.4
genx__reedsco__namecatch__aratio__monthhour,Winter,6105,Trinity,2722.1,1140.9,-1581.2
genx__reedsco__namecatch__aratio__monthhour,Winter,6107,Tulare,42330.4,64497.3,22166.9
genx__reedsco__namecatch__aratio__monthhour,Winter,6109,Tuolumne,5932.2,4933.2,-999.0
genx__reedsco__namecatch__aratio__monthhour,Winter,6111,Ventura,85759.7,64262.2,-21497.5
genx__reedsco__namecatch__aratio__monthhour,Winter,6113,Yolo,25334.0,19375.8,-5958.2
genx__reedsco__namecatch__aratio__monthhour,Winter,6115,Yuba,8758.2,6788.4,-1969.8
genx__reedsco__nameprox__aratio__monthhour,Winter,6001,Alameda,181317.0,106916.2,-74400.8
genx__reedsco__nameprox__aratio__monthhour,Winter,6003,Alpine,2852.7,0.0,-2852.7
genx__reedsco__nameprox__aratio__monthhour,Winter,6005,Amador,4809.9,6566.9,1757.0
genx__reedsco__nameprox__aratio__monthhour,Winter,6007,Butte,22030.2,15175.4,-6854.8
genx__reedsco__nameprox__aratio__monthhour,Winter,6009,Calaveras,1725.3,2738.4,1013.1
genx__reedsco__nameprox__aratio__monthhour,Winter,6011,Colusa,3732.3,3967.6,235.3
genx__reedsco__nameprox__aratio__monthhour,Winter,6013,Contra Costa,142305.6,129365.6,-12940.0
genx__reedsco__nameprox__aratio__monthhour,Winter,6017,El Dorado,9533.7,14756.2,5222.5
genx__reedsco__nameprox__aratio__monthhour,Winter,6019,Fresno,88757.6,109184.2,20426.6
genx__reedsco__nameprox__aratio__monthhour,Winter,6021,Glenn,6161.1,3454.4,-2706.7
genx__reedsco__nameprox__aratio__monthhour,Winter,6023,Humboldt,10289.0,8986.7,-1302.3
genx__reedsco__nameprox__aratio__monthhour,Winter,6025,Imperial,15510.6,43298.8,27788.2
genx__reedsco__nameprox__aratio__monthhour,Winter,6027,Inyo,15349.1,771.1,-14578.0
genx__reedsco__nameprox__aratio__monthhour,Winter,6029,Kern,115414.5,114990.4,-424.1
genx__reedsco__nameprox__aratio__monthhour,Winter,6031,Kings,19792.5,16184.0,-3608.5
genx__reedsco__nameprox__aratio__monthhour,Winter,6033,Lake,8159.7,3646.2,-4513.5
genx__reedsco__nameprox__aratio__monthhour,Winter,6035,Lassen,7407.3,938.7,-6468.6
genx__reedsco__nameprox__aratio__monthhour,Winter,6037,Los Angeles,915470.0,780051.2,-135418.8
genx__reedsco__nameprox__aratio__monthhour,Winter,6039,Madera,12473.6,17508.5,5034.9
genx__reedsco__nameprox__aratio__monthhour,Winter,6041,Marin,28412.7,14288.8,-14123.9
genx__reedsco__nameprox__aratio__monthhour,Winter,6043,Mariposa,1362.4,1308.0,-54.4
genx__reedsco__nameprox__aratio__monthhour,Winter,6045,Mendocino,10320.5,4370.8,-5949.7
genx__reedsco__nameprox__aratio__monthhour,Winter,6047,Merced,22724.9,33740.3,11015.4
genx__reedsco__nameprox__aratio__monthhour,Winter,6049,Modoc,2465.3,3261.1,795.8
genx__reedsco__nameprox__aratio__monthhour,Winter,6051,Mono,1544.3,674.8,-869.5
genx__reedsco__nameprox__aratio__monthhour,Winter,6053,Monterey,34773.6,27085.1,-7688.5
genx__reedsco__nameprox__aratio__monthhour,Winter,6055,Napa,16074.2,14986.0,-1088.2
genx__reedsco__nameprox__aratio__monthhour,Winter,6057,Nevada,3551.5,7674.3,4122.8
genx__reedsco__nameprox__aratio__monthhour,Winter,6059,Orange,246837.9,286454.7,39616.8
genx__reedsco__nameprox__aratio__monthhour,Winter,6061,Placer,35887.4,41107.7,5220.3
genx__reedsco__nameprox__aratio__monthhour,Winter,6063,Plumas,3844.5,1590.7,-2253.8
genx__reedsco__nameprox__aratio__monthhour,Winter,6065,Riverside,138054.5,146851.7,8797.2
genx__reedsco__nameprox__aratio__monthhour,Winter,6067,Sacramento,105165.6,109877.6,4712.0
genx__reedsco__nameprox__aratio__monthhour,Winter,6069,San Benito,2239.6,4802.0,2562.4
genx__reedsco__nameprox__aratio__monthhour,Winter,6071,San Bernardino,171632.9,341396.4,169763.5
genx__reedsco__nameprox__aratio__monthhour,Winter,6073,San Diego,287285.8,479009.0,191723.2
genx__reedsco__nameprox__aratio__monthhour,Winter,6075,San Francisco,64023.9,47649.7,-16374.2
genx__reedsco__nameprox__aratio__monthhour,Winter,6077,San Joaquin,109997.1,71696.1,-38301.0
genx__reedsco__nameprox__aratio__monthhour,Winter,6079,San Luis Obispo,26294.2,20874.2,-5420.0
genx__reedsco__nameprox__aratio__monthhour,Winter,6081,San Mateo,83383.7,61831.8,-21551.9
genx__reedsco__nameprox__aratio__monthhour,Winter,6083,Santa Barbara,44224.9,34246.2,-9978.7
genx__reedsco__nameprox__aratio__monthhour,Winter,6085,Santa Clara,220457.3,185776.9,-34680.4
genx__reedsco__nameprox__aratio__monthhour,Winter,6087,Santa Cruz,25999.0,11495.2,-14503.8
genx__reedsco__nameprox__aratio__monthhour,Winter,6089,Shasta,11746.0,16796.7,5050.7
genx__reedsco__nameprox__aratio__monthhour,Winter,6091,Sierra,1437.1,934.8,-502.3
genx__reedsco__nameprox__aratio__monthhour,Winter,6093,Siskiyou,8663.5,6673.8,-1989.7
genx__reedsco__nameprox__aratio__monthhour,Winter,6095,Solano,51322.4,41482.9,-9839.5
genx__reedsco__nameprox__aratio__monthhour,Winter,6097,Sonoma,45818.0,21805.6,-24012.4
genx__reedsco__nameprox__aratio__monthhour,Winter,6099,Stanislaus,66735.4,56888.6,-9846.8
genx__reedsco__nameprox__aratio__monthhour,Winter,6101,Sutter,12043.9,8177.1,-3866.8
genx__reedsco__nameprox__aratio__monthhour,Winter,6103,Tehama,6491.9,4471.4,-2020.5
genx__reedsco__nameprox__aratio__monthhour,Winter,6105,Trinity,2722.1,1136.7,-1585.4
genx__reedsco__nameprox__aratio__monthhour,Winter,6107,Tulare,42330.4,64481.5,22151.1
genx__reedsco__nameprox__aratio__monthhour,Winter,6109,Tuolumne,5932.2,4930.0,-1002.2
genx__reedsco__nameprox__aratio__monthhour,Winter,6111,Ventura,85759.7,64221.3,-21538.4
genx__reedsco__nameprox__aratio__monthhour,Winter,6113,Yolo,25334.0,19373.1,-5960.9
genx__reedsco__nameprox__aratio__monthhour,Winter,6115,Yuba,8758.2,6779.6,-1978.6
genx__reedsco__prox__a0__monthhour,Winter,6001,Alameda,181317.0,106931.3,-74385.7
genx__reedsco__prox__a0__monthhour,Winter,6003,Alpine,2852.7,0.0,-2852.7
genx__reedsco__prox__a0__monthhour,Winter,6005,Amador,4809.9,6564.1,1754.2
genx__reedsco__prox__a0__monthhour,Winter,6007,Butte,22030.2,15154.6,-6875.6
genx__reedsco__prox__a0__monthhour,Winter,6009,Calaveras,1725.3,2737.8,1012.5
genx__reedsco__prox__a0__monthhour,Winter,6011,Colusa,3732.3,3965.4,233.1
genx__reedsco__prox__a0__monthhour,Winter,6013,Contra Costa,142305.6,129378.0,-12927.6
genx__reedsco__prox__a0__monthhour,Winter,6017,El Dorado,9533.7,14761.7,5228.0
genx__reedsco__prox__a0__monthhour,Winter,6019,Fresno,88757.6,109237.3,20479.7
genx__reedsco__prox__a0__monthhour,Winter,6021,Glenn,6161.1,3454.0,-2707.1
genx__reedsco__prox__a0__monthhour,Winter,6023,Humboldt,10289.0,8985.0,-1304.0
genx__reedsco__prox__a0__monthhour,Winter,6025,Imperial,15510.6,43315.8,27805.2
genx__reedsco__prox__a0__monthhour,Winter,6027,Inyo,15349.1,763.3,-14585.8
genx__reedsco__prox__a0__monthhour,Winter,6029,Kern,115414.5,114935.3,-479.2
genx__reedsco__prox__a0__monthhour,Winter,6031,Kings,19792.5,16179.4,-3613.1
genx__reedsco__prox__a0__monthhour,Winter,6033,Lake,8159.7,3641.4,-4518.3
genx__reedsco__prox__a0__monthhour,Winter,6035,Lassen,7407.3,958.8,-6448.5
genx__reedsco__prox__a0__monthhour,Winter,6037,Los Angeles,915470.0,779790.2,-135679.8
genx__reedsco__prox__a0__monthhour,Winter,6039,Madera,12473.6,17514.8,5041.2
genx__reedsco__prox__a0__monthhour,Winter,6041,Marin,28412.7,14291.8,-14120.9
genx__reedsco__prox__a0__monthhour,Winter,6043,Mariposa,1362.4,1309.1,-53.3
genx__reedsco__prox__a0__monthhour,Winter,6045,Mendocino,10320.5,4378.8,-5941.7
genx__reedsco__prox__a0__monthhour,Winter,6047,Merced,22724.9,33768.2,11043.3
genx__reedsco__prox__a0__monthhour,Winter,6049,Modoc,2465.3,3262.7,797.4
genx__reedsco__prox__a0__monthhour,Winter,6051,Mono,1544.3,671.5,-872.8
genx__reedsco__prox__a0__monthhour,Winter,6053,Monterey,34773.6,27090.0,-7683.6
genx__reedsco__prox__a0__monthhour,Winter,6055,Napa,16074.2,14984.8,-1089.4
genx__reedsco__prox__a0__monthhour,Winter,6057,Nevada,3551.5,7676.6,4125.1
genx__reedsco__prox__a0__monthhour,Winter,6059,Orange,246837.9,286472.9,39635.0
genx__reedsco__prox__a0__monthhour,Winter,6061,Placer,35887.4,41079.4,5192.0
genx__reedsco__prox__a0__monthhour,Winter,6063,Plumas,3844.5,1598.2,-2246.3
genx__reedsco__prox__a0__monthhour,Winter,6065,Riverside,138054.5,146892.3,8837.8
genx__reedsco__prox__a0__monthhour,Winter,6067,Sacramento,105165.6,109807.5,4641.9
genx__reedsco__prox__a0__monthhour,Winter,6069,San Benito,2239.6,4801.9,2562.3
genx__reedsco__prox__a0__monthhour,Winter,6071,San Bernardino,171632.9,341421.4,169788.5
genx__reedsco__prox__a0__monthhour,Winter,6073,San Diego,287285.8,479058.7,191772.9
genx__reedsco__prox__a0__monthhour,Winter,6075,San Francisco,64023.9,47652.4,-16371.5
genx__reedsco__prox__a0__monthhour,Winter,6077,San Joaquin,109997.1,71693.4,-38303.7
genx__reedsco__prox__a0__monthhour,Winter,6079,San Luis Obispo,26294.2,20870.9,-5423.3
genx__reedsco__prox__a0__monthhour,Winter,6081,San Mateo,83383.7,61845.1,-21538.6
genx__reedsco__prox__a0__monthhour,Winter,6083,Santa Barbara,44224.9,34246.7,-9978.2
genx__reedsco__prox__a0__monthhour,Winter,6085,Santa Clara,220457.3,185820.4,-34636.9
genx__reedsco__prox__a0__monthhour,Winter,6087,Santa Cruz,25999.0,11492.0,-14507.0
genx__reedsco__prox__a0__monthhour,Winter,6089,Shasta,11746.0,16806.0,5060.0
genx__reedsco__prox__a0__monthhour,Winter,6091,Sierra,1437.1,931.3,-505.8
genx__reedsco__prox__a0__monthhour,Winter,6093,Siskiyou,8663.5,6679.5,-1984.0
genx__reedsco__prox__a0__monthhour,Winter,6095,Solano,51322.4,41487.2,-9835.2
genx__reedsco__prox__a0__monthhour,Winter,6097,Sonoma,45818.0,21806.6,-24011.4
genx__reedsco__prox__a0__monthhour,Winter,6099,Stanislaus,66735.4,56927.4,-9808.0
genx__reedsco__prox__a0__monthhour,Winter,6101,Sutter,12043.9,8186.5,-3857.4
genx__reedsco__prox__a0__monthhour,Winter,6103,Tehama,6491.9,4473.6,-2018.3
genx__reedsco__prox__a0__monthhour,Winter,6105,Trinity,2722.1,1117.7,-1604.4
genx__reedsco__prox__a0__monthhour,Winter,6107,Tulare,42330.4,64485.2,22154.8
genx__reedsco__prox__a0__monthhour,Winter,6109,Tuolumne,5932.2,4949.0,-983.2
genx__reedsco__prox__a0__monthhour,Winter,6111,Ventura,85759.7,64247.5,-21512.2
genx__reedsco__prox__a0__monthhour,Winter,6113,Yolo,25334.0,19376.1,-5957.9
genx__reedsco__prox__a0__monthhour,Winter,6115,Yuba,8758.2,6774.2,-1984.0
genx__reedsco__prox__a0__static,Winter,6001,Alameda,181317.0,106934.9,-74382.1
genx__reedsco__prox__a0__static,Winter,6003,Alpine,2852.7,0.0,-2852.7
genx__reedsco__prox__a0__static,Winter,6005,Amador,4809.9,6565.1,1755.2
genx__reedsco__prox__a0__static,Winter,6007,Butte,22030.2,15152.3,-6877.9
genx__reedsco__prox__a0__static,Winter,6009,Calaveras,1725.3,2737.7,1012.4
genx__reedsco__prox__a0__static,Winter,6011,Colusa,3732.3,3965.0,232.7
genx__reedsco__prox__a0__static,Winter,6013,Contra Costa,142305.6,129379.1,-12926.5
genx__reedsco__prox__a0__static,Winter,6017,El Dorado,9533.7,14761.3,5227.6
genx__reedsco__prox__a0__static,Winter,6019,Fresno,88757.6,109231.3,20473.7
genx__reedsco__prox__a0__static,Winter,6021,Glenn,6161.1,3452.5,-2708.6
genx__reedsco__prox__a0__static,Winter,6023,Humboldt,10289.0,8983.8,-1305.2
genx__reedsco__prox__a0__static,Winter,6025,Imperial,15510.6,43317.0,27806.4
genx__reedsco__prox__a0__static,Winter,6027,Inyo,15349.1,759.9,-14589.2
genx__reedsco__prox__a0__static,Winter,6029,Kern,115414.5,114940.0,-474.5
genx__reedsco__prox__a0__static,Winter,6031,Kings,19792.5,16179.0,-3613.5
genx__reedsco__prox__a0__static,Winter,6033,Lake,8159.7,3640.8,-4518.9
genx__reedsco__prox__a0__static,Winter,6035,Lassen,7407.3,959.0,-6448.3
genx__reedsco__prox__a0__static,Winter,6037,Los Angeles,915470.0,779787.9,-135682.1
genx__reedsco__prox__a0__static,Winter,6039,Madera,12473.6,17513.0,5039.4
genx__reedsco__prox__a0__static,Winter,6041,Marin,28412.7,14291.4,-14121.3
genx__reedsco__prox__a0__static,Winter,6043,Mariposa,1362.4,1309.6,-52.8
genx__reedsco__prox__a0__static,Winter,6045,Mendocino,10320.5,4378.6,-5941.9
genx__reedsco__prox__a0__static,Winter,6047,Merced,22724.9,33765.9,11041.0
genx__reedsco__prox__a0__static,Winter,6049,Modoc,2465.3,3264.1,798.8
genx__reedsco__prox__a0__static,Winter,6051,Mono,1544.3,671.6,-872.7
genx__reedsco__prox__a0__static,Winter,6053,Monterey,34773.6,27091.5,-7682.1
genx__reedsco__prox__a0__static,Winter,6055,Napa,16074.2,14982.7,-1091.5
genx__reedsco__prox__a0__static,Winter,6057,Nevada,3551.5,7676.9,4125.4
genx__reedsco__prox__a0__static,Winter,6059,Orange,246837.9,286473.0,39635.1
genx__reedsco__prox__a0__static,Winter,6061,Placer,35887.4,41082.7,5195.3
genx__reedsco__prox__a0__static,Winter,6063,Plumas,3844.5,1597.7,-2246.8
genx__reedsco__prox__a0__static,Winter,6065,Riverside,138054.5,146892.0,8837.5
genx__reedsco__prox__a0__static,Winter,6067,Sacramento,105165.6,109808.7,4643.1
genx__reedsco__prox__a0__static,Winter,6069,San Benito,2239.6,4802.0,2562.4
genx__reedsco__prox__a0__static,Winter,6071,San Bernardino,171632.9,341430.6,169797.7
genx__reedsco__prox__a0__static,Winter,6073,San Diego,287285.8,479055.5,191769.7
genx__reedsco__prox__a0__static,Winter,6075,San Francisco,64023.9,47651.2,-16372.7
genx__reedsco__prox__a0__static,Winter,6077,San Joaquin,109997.1,71696.0,-38301.1
genx__reedsco__prox__a0__static,Winter,6079,San Luis Obispo,26294.2,20872.9,-5421.3
genx__reedsco__prox__a0__static,Winter,6081,San Mateo,83383.7,61843.3,-21540.4
genx__reedsco__prox__a0__static,Winter,6083,Santa Barbara,44224.9,34246.9,-9978.0
genx__reedsco__prox__a0__static,Winter,6085,Santa Clara,220457.3,185812.4,-34644.9
genx__reedsco__prox__a0__static,Winter,6087,Santa Cruz,25999.0,11492.3,-14506.7
genx__reedsco__prox__a0__static,Winter,6089,Shasta,11746.0,16808.4,5062.4
genx__reedsco__prox__a0__static,Winter,6091,Sierra,1437.1,931.4,-505.7
genx__reedsco__prox__a0__static,Winter,6093,Siskiyou,8663.5,6684.3,-1979.2
genx__reedsco__prox__a0__static,Winter,6095,Solano,51322.4,41486.6,-9835.8
genx__reedsco__prox__a0__static,Winter,6097,Sonoma,45818.0,21807.0,-24011.0
genx__reedsco__prox__a0__static,Winter,6099,Stanislaus,66735.4,56927.4,-9808.0
genx__reedsco__prox__a0__static,Winter,6101,Sutter,12043.9,8185.7,-3858.2
genx__reedsco__prox__a0__static,Winter,6103,Tehama,6491.9,4473.5,-2018.4
genx__reedsco__prox__a0__static,Winter,6105,Trinity,2722.1,1117.8,-1604.3
genx__reedsco__prox__a0__static,Winter,6107,Tulare,42330.4,64483.8,22153.4
genx__reedsco__prox__a0__static,Winter,6109,Tuolumne,5932.2,4949.7,-982.5
genx__reedsco__prox__a0__static,Winter,6111,Ventura,85759.7,64248.2,-21511.5
genx__reedsco__prox__a0__static,Winter,6113,Yolo,25334.0,19376.9,-5957.1
genx__reedsco__prox__a0__static,Winter,6115,Yuba,8758.2,6772.9,-1985.3
genx__reedsco__prox__aratio__monthhour,Winter,6001,Alameda,181317.0,106919.9,-74397.1
genx__reedsco__prox__aratio__monthhour,Winter,6003,Alpine,2852.7,0.0,-2852.7
genx__reedsco__prox__aratio__monthhour,Winter,6005,Amador,4809.9,6567.3,1757.4
genx__reedsco__prox__aratio__monthhour,Winter,6007,Butte,22030.2,15176.7,-6853.5
genx__reedsco__prox__aratio__monthhour,Winter,6009,Calaveras,1725.3,2739.2,1013.9
genx__reedsco__prox__aratio__monthhour,Winter,6011,Colusa,3732.3,3961.0,228.7
genx__reedsco__prox__aratio__monthhour,Winter,6013,Contra Costa,142305.6,129345.9,-12959.7
genx__reedsco__prox__aratio__monthhour,Winter,6017,El Dorado,9533.7,14755.5,5221.8
genx__reedsco__prox__aratio__monthhour,Winter,6019,Fresno,88757.6,109182.2,20424.6
genx__reedsco__prox__aratio__monthhour,Winter,6021,Glenn,6161.1,3450.8,-2710.3
genx__reedsco__prox__aratio__monthhour,Winter,6023,Humboldt,10289.0,8991.8,-1297.2
genx__reedsco__prox__aratio__monthhour,Winter,6025,Imperial,15510.6,43299.8,27789.2
genx__reedsco__prox__aratio__monthhour,Winter,6027,Inyo,15349.1,774.9,-14574.2
genx__reedsco__prox__aratio__monthhour,Winter,6029,Kern,115414.5,114985.1,-429.4
genx__reedsco__prox__aratio__monthhour,Winter,6031,Kings,19792.5,16182.9,-3609.6
genx__reedsco__prox__aratio__monthhour,Winter,6033,Lake,8159.7,3647.9,-4511.8
genx__reedsco__prox__aratio__monthhour,Winter,6035,Lassen,7407.3,945.0,-6462.3
genx__reedsco__prox__aratio__monthhour,Winter,6037,Los Angeles,915470.0,780071.6,-135398.4
genx__reedsco__prox__aratio__monthhour,Winter,6039,Madera,12473.6,17509.9,5036.3
genx__reedsco__prox__aratio__monthhour,Winter,6041,Marin,28412.7,14294.4,-14118.3
genx__reedsco__prox__aratio__monthhour,Winter,6043,Mariposa,1362.4,1308.5,-53.9
genx__reedsco__prox__aratio__monthhour,Winter,6045,Mendocino,10320.5,4364.3,-5956.2
genx__reedsco__prox__aratio__monthhour,Winter,6047,Merced,22724.9,33738.4,11013.5
genx__reedsco__prox__aratio__monthhour,Winter,6049,Modoc,2465.3,3258.0,792.7
genx__reedsco__prox__aratio__monthhour,Winter,6051,Mono,1544.3,673.2,-871.1
genx__reedsco__prox__aratio__monthhour,Winter,6053,Monterey,34773.6,27087.0,-7686.6
genx__reedsco__prox__aratio__monthhour,Winter,6055,Napa,16074.2,14984.8,-1089.4
genx__reedsco__prox__aratio__monthhour,Winter,6057,Nevada,3551.5,7672.7,4121.2
genx__reedsco__prox__aratio__monthhour,Winter,6059,Orange,246837.9,286452.6,39614.7
genx__reedsco__prox__aratio__monthhour,Winter,6061,Placer,35887.4,41096.0,5208.6
genx__reedsco__prox__aratio__monthhour,Winter,6063,Plumas,3844.5,1597.0,-2247.5
genx__reedsco__prox__aratio__monthhour,Winter,6065,Riverside,138054.5,146851.9,8797.4
genx__reedsco__prox__aratio__monthhour,Winter,6067,Sacramento,105165.6,109866.8,4701.2
genx__reedsco__prox__aratio__monthhour,Winter,6069,San Benito,2239.6,4802.0,2562.4
genx__reedsco__prox__aratio__monthhour,Winter,6071,San Bernardino,171632.9,341419.6,169786.7
genx__reedsco__prox__aratio__monthhour,Winter,6073,San Diego,287285.8,479014.2,191728.4
genx__reedsco__prox__aratio__monthhour,Winter,6075,San Francisco,64023.9,47649.6,-16374.3
genx__reedsco__prox__aratio__monthhour,Winter,6077,San Joaquin,109997.1,71693.2,-38303.9
genx__reedsco__prox__aratio__monthhour,Winter,6079,San Luis Obispo,26294.2,20873.7,-5420.5
genx__reedsco__prox__aratio__monthhour,Winter,6081,San Mateo,83383.7,61827.9,-21555.8
genx__reedsco__prox__aratio__monthhour,Winter,6083,Santa Barbara,44224.9,34241.9,-9983.0
genx__reedsco__prox__aratio__monthhour,Winter,6085,Santa Clara,220457.3,185776.3,-34681.0
genx__reedsco__prox__aratio__monthhour,Winter,6087,Santa Cruz,25999.0,11495.1,-14503.9
genx__reedsco__prox__aratio__monthhour,Winter,6089,Shasta,11746.0,16804.9,5058.9
genx__reedsco__prox__aratio__monthhour,Winter,6091,Sierra,1437.1,936.0,-501.1
genx__reedsco__prox__aratio__monthhour,Winter,6093,Siskiyou,8663.5,6671.4,-1992.1
genx__reedsco__prox__aratio__monthhour,Winter,6095,Solano,51322.4,41477.0,-9845.4
genx__reedsco__prox__aratio__monthhour,Winter,6097,Sonoma,45818.0,21797.8,-24020.2
genx__reedsco__prox__aratio__monthhour,Winter,6099,Stanislaus,66735.4,56890.2,-9845.2
genx__reedsco__prox__aratio__monthhour,Winter,6101,Sutter,12043.9,8175.7,-3868.2
genx__reedsco__prox__aratio__monthhour,Winter,6103,Tehama,6491.9,4469.7,-2022.2
genx__reedsco__prox__aratio__monthhour,Winter,6105,Trinity,2722.1,1137.4,-1584.7
genx__reedsco__prox__aratio__monthhour,Winter,6107,Tulare,42330.4,64487.1,22156.7
genx__reedsco__prox__aratio__monthhour,Winter,6109,Tuolumne,5932.2,4933.4,-998.8
genx__reedsco__prox__aratio__monthhour,Winter,6111,Ventura,85759.7,64225.1,-21534.6
genx__reedsco__prox__aratio__monthhour,Winter,6113,Yolo,25334.0,19372.1,-5961.9
genx__reedsco__prox__aratio__monthhour,Winter,6115,Yuba,8758.2,6778.4,-1979.8
genx__reedsco__prox__aratio__static,Winter,6001,Alameda,181317.0,106924.7,-74392.3
genx__reedsco__prox__aratio__static,Winter,6003,Alpine,2852.7,0.0,-2852.7
genx__reedsco__prox__aratio__static,Winter,6005,Amador,4809.9,6569.1,1759.2
genx__reedsco__prox__aratio__static,Winter,6007,Butte,22030.2,15176.7,-6853.5
genx__reedsco__prox__aratio__static,Winter,6009,Calaveras,1725.3,2739.7,1014.4
genx__reedsco__prox__aratio__static,Winter,6011,Colusa,3732.3,3964.2,231.9
genx__reedsco__prox__aratio__static,Winter,6013,Contra Costa,142305.6,129349.5,-12956.1
genx__reedsco__prox__aratio__static,Winter,6017,El Dorado,9533.7,14755.9,5222.2
genx__reedsco__prox__aratio__static,Winter,6019,Fresno,88757.6,109188.1,20430.5
genx__reedsco__prox__aratio__static,Winter,6021,Glenn,6161.1,3452.3,-2708.8
genx__reedsco__prox__aratio__static,Winter,6023,Humboldt,10289.0,8990.4,-1298.6
genx__reedsco__prox__aratio__static,Winter,6025,Imperial,15510.6,43302.3,27791.7
genx__reedsco__prox__aratio__static,Winter,6027,Inyo,15349.1,770.7,-14578.4
genx__reedsco__prox__aratio__static,Winter,6029,Kern,115414.5,114965.9,-448.6
genx__reedsco__prox__aratio__static,Winter,6031,Kings,19792.5,16178.7,-3613.8
genx__reedsco__prox__aratio__static,Winter,6033,Lake,8159.7,3646.2,-4513.5
genx__reedsco__prox__aratio__static,Winter,6035,Lassen,7407.3,945.0,-6462.3
genx__reedsco__prox__aratio__static,Winter,6037,Los Angeles,915470.0,780061.8,-135408.2
genx__reedsco__prox__aratio__static,Winter,6039,Madera,12473.6,17507.5,5033.9
genx__reedsco__prox__aratio__static,Winter,6041,Marin,28412.7,14291.7,-14121.0
genx__reedsco__prox__aratio__static,Winter,6043,Mariposa,1362.4,1308.6,-53.8
genx__reedsco__prox__aratio__static,Winter,6045,Mendocino,10320.5,4365.9,-5954.6
genx__reedsco__prox__aratio__static,Winter,6047,Merced,22724.9,33741.2,11016.3
genx__reedsco__prox__aratio__static,Winter,6049,Modoc,2465.3,3258.6,793.3
genx__reedsco__prox__aratio__static,Winter,6051,Mono,1544.3,673.2,-871.1
genx__reedsco__prox__aratio__static,Winter,6053,Monterey,34773.6,27083.3,-7690.3
genx__reedsco__prox__aratio__static,Winter,6055,Napa,16074.2,14982.0,-1092.2
genx__reedsco__prox__aratio__static,Winter,6057,Nevada,3551.5,7675.0,4123.5
genx__reedsco__prox__aratio__static,Winter,6059,Orange,246837.9,286454.9,39617.0
genx__reedsco__prox__aratio__static,Winter,6061,Placer,35887.4,41097.1,5209.7
genx__reedsco__prox__aratio__static,Winter,6063,Plumas,3844.5,1596.4,-2248.1
genx__reedsco__prox__aratio__static,Winter,6065,Riverside,138054.5,146849.6,8795.1
genx__reedsco__prox__aratio__static,Winter,6067,Sacramento,105165.6,109868.9,4703.3
genx__reedsco__prox__aratio__static,Winter,6069,San Benito,2239.6,4802.0,2562.4
genx__reedsco__prox__aratio__static,Winter,6071,San Bernardino,171632.9,341418.5,169785.6
genx__reedsco__prox__aratio__static,Winter,6073,San Diego,287285.8,479011.1,191725.3
genx__reedsco__prox__aratio__static,Winter,6075,San Francisco,64023.9,47651.9,-16372.0
genx__reedsco__prox__aratio__static,Winter,6077,San Joaquin,109997.1,71692.8,-38304.3
genx__reedsco__prox__aratio__static,Winter,6079,San Luis Obispo,26294.2,20870.9,-5423.3
genx__reedsco__prox__aratio__static,Winter,6081,San Mateo,83383.7,61827.2,-21556.5
genx__reedsco__prox__aratio__static,Winter,6083,Santa Barbara,44224.9,34243.5,-9981.4
genx__reedsco__prox__aratio__static,Winter,6085,Santa Clara,220457.3,185774.7,-34682.6
genx__reedsco__prox__aratio__static,Winter,6087,Santa Cruz,25999.0,11497.0,-14502.0
genx__reedsco__prox__aratio__static,Winter,6089,Shasta,11746.0,16808.6,5062.6
genx__reedsco__prox__aratio__static,Winter,6091,Sierra,1437.1,935.4,-501.7
genx__reedsco__prox__aratio__static,Winter,6093,Siskiyou,8663.5,6677.2,-1986.3
genx__reedsco__prox__aratio__static,Winter,6095,Solano,51322.4,41477.0,-9845.4
genx__reedsco__prox__aratio__static,Winter,6097,Sonoma,45818.0,21803.1,-24014.9
genx__reedsco__prox__aratio__static,Winter,6099,Stanislaus,66735.4,56893.8,-9841.6
genx__reedsco__prox__aratio__static,Winter,6101,Sutter,12043.9,8177.3,-3866.6
genx__reedsco__prox__aratio__static,Winter,6103,Tehama,6491.9,4468.8,-2023.1
genx__reedsco__prox__aratio__static,Winter,6105,Trinity,2722.1,1137.4,-1584.7
genx__reedsco__prox__aratio__static,Winter,6107,Tulare,42330.4,64490.6,22160.2
genx__reedsco__prox__aratio__static,Winter,6109,Tuolumne,5932.2,4931.5,-1000.7
genx__reedsco__prox__aratio__static,Winter,6111,Ventura,85759.7,64223.8,-21535.9
genx__reedsco__prox__aratio__static,Winter,6113,Yolo,25334.0,19371.8,-5962.2
genx__reedsco__prox__aratio__static,Winter,6115,Yuba,8758.2,6781.7,-1976.5
genx__stoch__catch__w2-mean__monthhour,Winter,6001,Alameda,181317.0,201935.4,20618.4
genx__stoch__catch__w2-mean__monthhour,Winter,6003,Alpine,2852.7,135.7,-2717.0
genx__stoch__catch__w2-mean__monthhour,Winter,6005,Amador,4809.9,5907.5,1097.6
genx__stoch__catch__w2-mean__monthhour,Winter,6007,Butte,22030.2,25389.2,3359.0
genx__stoch__catch__w2-mean__monthhour,Winter,6009,Calaveras,1725.3,4892.5,3167.2
genx__stoch__catch__w2-mean__monthhour,Winter,6011,Colusa,3732.3,3957.3,225.0
genx__stoch__catch__w2-mean__monthhour,Winter,6013,Contra Costa,142305.6,130162.7,-12142.9
genx__stoch__catch__w2-mean__monthhour,Winter,6017,El Dorado,9533.7,15627.3,6093.6
genx__stoch__catch__w2-mean__monthhour,Winter,6019,Fresno,88757.6,131359.6,42602.0
genx__stoch__catch__w2-mean__monthhour,Winter,6021,Glenn,6161.1,3621.7,-2539.4
genx__stoch__catch__w2-mean__monthhour,Winter,6023,Humboldt,10289.0,15204.2,4915.2
genx__stoch__catch__w2-mean__monthhour,Winter,6025,Imperial,15510.6,2263.7,-13246.9
genx__stoch__catch__w2-mean__monthhour,Winter,6027,Inyo,15349.1,1354.9,-13994.2
genx__stoch__catch__w2-mean__monthhour,Winter,6029,Kern,115414.5,95649.9,-19764.6
genx__stoch__catch__w2-mean__monthhour,Winter,6031,Kings,19792.5,16553.5,-3239.0
genx__stoch__catch__w2-mean__monthhour,Winter,6033,Lake,8159.7,8195.8,36.1
genx__stoch__catch__w2-mean__monthhour,Winter,6035,Lassen,7407.3,768.2,-6639.1
genx__stoch__catch__w2-mean__monthhour,Winter,6037,Los Angeles,915470.0,657541.4,-257928.6
genx__stoch__catch__w2-mean__monthhour,Winter,6039,Madera,12473.6,23018.9,10545.3
genx__stoch__catch__w2-mean__monthhour,Winter,6041,Marin,28412.7,31904.2,3491.5
genx__stoch__catch__w2-mean__monthhour,Winter,6043,Mariposa,1362.4,1988.4,626.0
genx__stoch__catch__w2-mean__monthhour,Winter,6045,Mendocino,10320.5,10359.5,39.0
genx__stoch__catch__w2-mean__monthhour,Winter,6047,Merced,22724.9,21263.1,-1461.8
genx__stoch__catch__w2-mean__monthhour,Winter,6049,Modoc,2465.3,176.4,-2288.9
genx__stoch__catch__w2-mean__monthhour,Winter,6051,Mono,1544.3,5797.0,4252.7
genx__stoch__catch__w2-mean__monthhour,Winter,6053,Monterey,34773.6,42251.0,7477.4
genx__stoch__catch__w2-mean__monthhour,Winter,6055,Napa,16074.2,20652.3,4578.1
genx__stoch__catch__w2-mean__monthhour,Winter,6057,Nevada,3551.5,9155.8,5604.3
genx__stoch__catch__w2-mean__monthhour,Winter,6059,Orange,246837.9,351154.9,104317.0
genx__stoch__catch__w2-mean__monthhour,Winter,6061,Placer,35887.4,24547.1,-11340.3
genx__stoch__catch__w2-mean__monthhour,Winter,6063,Plumas,3844.5,1705.9,-2138.6
genx__stoch__catch__w2-mean__monthhour,Winter,6065,Riverside,138054.5,230409.5,92355.0
genx__stoch__catch__w2-mean__monthhour,Winter,6067,Sacramento,105165.6,21154.9,-84010.7
genx__stoch__catch__w2-mean__monthhour,Winter,6069,San Benito,2239.6,7386.2,5146.6
genx__stoch__catch__w2-mean__monthhour,Winter,6071,San Bernardino,171632.9,283640.1,112007.2
genx__stoch__catch__w2-mean__monthhour,Winter,6073,San Diego,287285.8,386183.4,98897.6
genx__stoch__catch__w2-mean__monthhour,Winter,6075,San Francisco,64023.9,6233.7,-57790.2
genx__stoch__catch__w2-mean__monthhour,Winter,6077,San Joaquin,109997.1,68169.6,-41827.5
genx__stoch__catch__w2-mean__monthhour,Winter,6079,San Luis Obispo,26294.2,31411.9,5117.7
genx__stoch__catch__w2-mean__monthhour,Winter,6081,San Mateo,83383.7,95302.0,11918.3
genx__stoch__catch__w2-mean__monthhour,Winter,6083,Santa Barbara,44224.9,52126.8,7901.9
genx__stoch__catch__w2-mean__monthhour,Winter,6085,Santa Clara,220457.3,222083.8,1626.5
genx__stoch__catch__w2-mean__monthhour,Winter,6087,Santa Cruz,25999.0,25439.8,-559.2
genx__stoch__catch__w2-mean__monthhour,Winter,6089,Shasta,11746.0,9295.3,-2450.7
genx__stoch__catch__w2-mean__monthhour,Winter,6091,Sierra,1437.1,279.5,-1157.6
genx__stoch__catch__w2-mean__monthhour,Winter,6093,Siskiyou,8663.5,6885.9,-1777.6
genx__stoch__catch__w2-mean__monthhour,Winter,6095,Solano,51322.4,43341.8,-7980.6
genx__stoch__catch__w2-mean__monthhour,Winter,6097,Sonoma,45818.0,63029.7,17211.7
genx__stoch__catch__w2-mean__monthhour,Winter,6099,Stanislaus,66735.4,12786.1,-53949.3
genx__stoch__catch__w2-mean__monthhour,Winter,6101,Sutter,12043.9,9799.7,-2244.2
genx__stoch__catch__w2-mean__monthhour,Winter,6103,Tehama,6491.9,7507.8,1015.9
genx__stoch__catch__w2-mean__monthhour,Winter,6105,Trinity,2722.1,406.7,-2315.4
genx__stoch__catch__w2-mean__monthhour,Winter,6107,Tulare,42330.4,59566.3,17235.9
genx__stoch__catch__w2-mean__monthhour,Winter,6109,Tuolumne,5932.2,9285.0,3352.8
genx__stoch__catch__w2-mean__monthhour,Winter,6111,Ventura,85759.7,101859.6,16099.9
genx__stoch__catch__w2-mean__monthhour,Winter,6113,Yolo,25334.0,17182.4,-8151.6
genx__stoch__catch__w2-mean__monthhour,Winter,6115,Yuba,8758.2,9481.7,723.5
genx__stoch__namecatch__w2-mean__monthhour,Winter,6001,Alameda,181317.0,174463.8,-6853.2
genx__stoch__namecatch__w2-mean__monthhour,Winter,6003,Alpine,2852.7,135.7,-2717.0
genx__stoch__namecatch__w2-mean__monthhour,Winter,6005,Amador,4809.9,5932.9,1123.0
genx__stoch__namecatch__w2-mean__monthhour,Winter,6007,Butte,22030.2,25375.7,3345.5
genx__stoch__namecatch__w2-mean__monthhour,Winter,6009,Calaveras,1725.3,4889.6,3164.3
genx__stoch__namecatch__w2-mean__monthhour,Winter,6011,Colusa,3732.3,3953.9,221.6
genx__stoch__namecatch__w2-mean__monthhour,Winter,6013,Contra Costa,142305.6,130446.3,-11859.3
genx__stoch__namecatch__w2-mean__monthhour,Winter,6017,El Dorado,9533.7,15616.8,6083.1
genx__stoch__namecatch__w2-mean__monthhour,Winter,6019,Fresno,88757.6,131274.8,42517.2
genx__stoch__namecatch__w2-mean__monthhour,Winter,6021,Glenn,6161.1,3619.9,-2541.2
genx__stoch__namecatch__w2-mean__monthhour,Winter,6023,Humboldt,10289.0,15194.7,4905.7
genx__stoch__namecatch__w2-mean__monthhour,Winter,6025,Imperial,15510.6,2266.4,-13244.2
genx__stoch__namecatch__w2-mean__monthhour,Winter,6027,Inyo,15349.1,1990.0,-13359.1
genx__stoch__namecatch__w2-mean__monthhour,Winter,6029,Kern,115414.5,95591.4,-19823.1
genx__stoch__namecatch__w2-mean__monthhour,Winter,6031,Kings,19792.5,16546.3,-3246.2
genx__stoch__namecatch__w2-mean__monthhour,Winter,6033,Lake,8159.7,8189.1,29.4
genx__stoch__namecatch__w2-mean__monthhour,Winter,6035,Lassen,7407.3,768.2,-6639.1
genx__stoch__namecatch__w2-mean__monthhour,Winter,6037,Los Angeles,915470.0,657162.5,-258307.5
genx__stoch__namecatch__w2-mean__monthhour,Winter,6039,Madera,12473.6,23004.4,10530.8
genx__stoch__namecatch__w2-mean__monthhour,Winter,6041,Marin,28412.7,31509.3,3096.6
genx__stoch__namecatch__w2-mean__monthhour,Winter,6043,Mariposa,1362.4,1987.0,624.6
genx__stoch__namecatch__w2-mean__monthhour,Winter,6045,Mendocino,10320.5,10355.4,34.9
genx__stoch__namecatch__w2-mean__monthhour,Winter,6047,Merced,22724.9,21247.3,-1477.6
genx__stoch__namecatch__w2-mean__monthhour,Winter,6049,Modoc,2465.3,176.4,-2288.9
genx__stoch__namecatch__w2-mean__monthhour,Winter,6051,Mono,1544.3,5793.7,4249.4
genx__stoch__namecatch__w2-mean__monthhour,Winter,6053,Monterey,34773.6,42218.7,7445.1
genx__stoch__namecatch__w2-mean__monthhour,Winter,6055,Napa,16074.2,20362.6,4288.4
genx__stoch__namecatch__w2-mean__monthhour,Winter,6057,Nevada,3551.5,9150.3,5598.8
genx__stoch__namecatch__w2-mean__monthhour,Winter,6059,Orange,246837.9,341105.6,94267.7
genx__stoch__namecatch__w2-mean__monthhour,Winter,6061,Placer,35887.4,24531.2,-11356.2
genx__stoch__namecatch__w2-mean__monthhour,Winter,6063,Plumas,3844.5,1705.1,-2139.4
genx__stoch__namecatch__w2-mean__monthhour,Winter,6065,Riverside,138054.5,234887.0,96832.5
genx__stoch__namecatch__w2-mean__monthhour,Winter,6067,Sacramento,105165.6,21102.4,-84063.2
genx__stoch__namecatch__w2-mean__monthhour,Winter,6069,San Benito,2239.6,7381.0,5141.4
genx__stoch__namecatch__w2-mean__monthhour,Winter,6071,San Bernardino,171632.9,285210.9,113578.0
genx__stoch__namecatch__w2-mean__monthhour,Winter,6073,San Diego,287285.8,391106.1,103820.3
genx__stoch__namecatch__w2-mean__monthhour,Winter,6075,San Francisco,64023.9,34292.8,-29731.1
genx__stoch__namecatch__w2-mean__monthhour,Winter,6077,San Joaquin,109997.1,68119.5,-41877.6
genx__stoch__namecatch__w2-mean__monthhour,Winter,6079,San Luis Obispo,26294.2,31392.1,5097.9
genx__stoch__namecatch__w2-mean__monthhour,Winter,6081,San Mateo,83383.7,94510.8,11127.1
genx__stoch__namecatch__w2-mean__monthhour,Winter,6083,Santa Barbara,44224.9,52091.8,7866.9
genx__stoch__namecatch__w2-mean__monthhour,Winter,6085,Santa Clara,220457.3,221934.2,1476.9
genx__stoch__namecatch__w2-mean__monthhour,Winter,6087,Santa Cruz,25999.0,25425.4,-573.6
genx__stoch__namecatch__w2-mean__monthhour,Winter,6089,Shasta,11746.0,9285.3,-2460.7
genx__stoch__namecatch__w2-mean__monthhour,Winter,6091,Sierra,1437.1,279.2,-1157.9
genx__stoch__namecatch__w2-mean__monthhour,Winter,6093,Siskiyou,8663.5,6883.5,-1780.0
genx__stoch__namecatch__w2-mean__monthhour,Winter,6095,Solano,51322.4,43578.1,-7744.3
genx__stoch__namecatch__w2-mean__monthhour,Winter,6097,Sonoma,45818.0,62982.9,17164.9
genx__stoch__namecatch__w2-mean__monthhour,Winter,6099,Stanislaus,66735.4,12779.2,-53956.2
genx__stoch__namecatch__w2-mean__monthhour,Winter,6101,Sutter,12043.9,9794.6,-2249.3
genx__stoch__namecatch__w2-mean__monthhour,Winter,6103,Tehama,6491.9,7503.0,1011.1
genx__stoch__namecatch__w2-mean__monthhour,Winter,6105,Trinity,2722.1,406.4,-2315.7
genx__stoch__namecatch__w2-mean__monthhour,Winter,6107,Tulare,42330.4,59522.3,17191.9
genx__stoch__namecatch__w2-mean__monthhour,Winter,6109,Tuolumne,5932.2,9277.4,3345.2
genx__stoch__namecatch__w2-mean__monthhour,Winter,6111,Ventura,85759.7,101788.9,16029.2
genx__stoch__namecatch__w2-mean__monthhour,Winter,6113,Yolo,25334.0,17168.4,-8165.6
genx__stoch__namecatch__w2-mean__monthhour,Winter,6115,Yuba,8758.2,9476.0,717.8
genx__stoch__nameprox__w1g30top-mean__monthhour,Winter,6001,Alameda,181317.0,138875.8,-42441.2
genx__stoch__nameprox__w1g30top-mean__monthhour,Winter,6003,Alpine,2852.7,43.1,-2809.6
genx__stoch__nameprox__w1g30top-mean__monthhour,Winter,6005,Amador,4809.9,14023.1,9213.2
genx__stoch__nameprox__w1g30top-mean__monthhour,Winter,6007,Butte,22030.2,53663.4,31633.2
genx__stoch__nameprox__w1g30top-mean__monthhour,Winter,6009,Calaveras,1725.3,3076.9,1351.6
genx__stoch__nameprox__w1g30top-mean__monthhour,Winter,6011,Colusa,3732.3,9558.3,5826.0
genx__stoch__nameprox__w1g30top-mean__monthhour,Winter,6013,Contra Costa,142305.6,141684.0,-621.6
genx__stoch__nameprox__w1g30top-mean__monthhour,Winter,6017,El Dorado,9533.7,12995.9,3462.2
genx__stoch__nameprox__w1g30top-mean__monthhour,Winter,6019,Fresno,88757.6,132247.9,43490.3
genx__stoch__nameprox__w1g30top-mean__monthhour,Winter,6021,Glenn,6161.1,9558.3,3397.2
genx__stoch__nameprox__w1g30top-mean__monthhour,Winter,6023,Humboldt,10289.0,21553.1,11264.1
genx__stoch__nameprox__w1g30top-mean__monthhour,Winter,6025,Imperial,15510.6,15510.6,0.0
genx__stoch__nameprox__w1g30top-mean__monthhour,Winter,6027,Inyo,15349.1,6389.0,-8960.1
genx__stoch__nameprox__w1g30top-mean__monthhour,Winter,6029,Kern,115414.5,238519.0,123104.5
genx__stoch__nameprox__w1g30top-mean__monthhour,Winter,6031,Kings,19792.5,32699.9,12907.4
genx__stoch__nameprox__w1g30top-mean__monthhour,Winter,6033,Lake,8159.7,15520.6,7360.9
genx__stoch__nameprox__w1g30top-mean__monthhour,Winter,6035,Lassen,7407.3,7407.3,0.0
genx__stoch__nameprox__w1g30top-mean__monthhour,Winter,6037,Los Angeles,915470.0,616672.5,-298797.5
genx__stoch__nameprox__w1g30top-mean__monthhour,Winter,6039,Madera,12473.6,31002.1,18528.5
genx__stoch__nameprox__w1g30top-mean__monthhour,Winter,6041,Marin,28412.7,16696.4,-11716.3
genx__stoch__nameprox__w1g30top-mean__monthhour,Winter,6043,Mariposa,1362.4,3187.3,1824.9
genx__stoch__nameprox__w1g30top-mean__monthhour,Winter,6045,Mendocino,10320.5,16971.3,6650.8
genx__stoch__nameprox__w1g30top-mean__monthhour,Winter,6047,Merced,22724.9,48783.5,26058.6
genx__stoch__nameprox__w1g30top-mean__monthhour,Winter,6049,Modoc,2465.3,2465.3,0.0
genx__stoch__nameprox__w1g30top-mean__monthhour,Winter,6051,Mono,1544.3,7968.3,6424.0
genx__stoch__nameprox__w1g30top-mean__monthhour,Winter,6053,Monterey,34773.6,49867.0,15093.4
genx__stoch__nameprox__w1g30top-mean__monthhour,Winter,6055,Napa,16074.2,9724.9,-6349.3
genx__stoch__nameprox__w1g30top-mean__monthhour,Winter,6057,Nevada,3551.5,5764.9,2213.4
genx__stoch__nameprox__w1g30top-mean__monthhour,Winter,6059,Orange,246837.9,206374.9,-40463.0
genx__stoch__nameprox__w1g30top-mean__monthhour,Winter,6061,Placer,35887.4,38322.1,2434.7
genx__stoch__nameprox__w1g30top-mean__monthhour,Winter,6063,Plumas,3844.5,3374.1,-470.4
genx__stoch__nameprox__w1g30top-mean__monthhour,Winter,6065,Riverside,138054.5,218696.5,80642.0
genx__stoch__nameprox__w1g30top-mean__monthhour,Winter,6067,Sacramento,105165.6,107392.2,2226.6
genx__stoch__nameprox__w1g30top-mean__monthhour,Winter,6069,San Benito,2239.6,4605.8,2366.2
genx__stoch__nameprox__w1g30top-mean__monthhour,Winter,6071,San Bernardino,171632.9,278677.4,107044.5
genx__stoch__nameprox__w1g30top-mean__monthhour,Winter,6073,San Diego,287285.8,259915.2,-27370.6
genx__stoch__nameprox__w1g30top-mean__monthhour,Winter,6075,San Francisco,64023.9,19851.4,-44172.5
genx__stoch__nameprox__w1g30top-mean__monthhour,Winter,6077,San Joaquin,109997.1,97204.3,-12792.8
genx__stoch__nameprox__w1g30top-mean__monthhour,Winter,6079,San Luis Obispo,26294.2,22470.5,-3823.7
genx__stoch__nameprox__w1g30top-mean__monthhour,Winter,6081,San Mateo,83383.7,65302.2,-18081.5
genx__stoch__nameprox__w1g30top-mean__monthhour,Winter,6083,Santa Barbara,44224.9,43106.4,-1118.5
genx__stoch__nameprox__w1g30top-mean__monthhour,Winter,6085,Santa Clara,220457.3,165937.7,-54519.6
genx__stoch__nameprox__w1g30top-mean__monthhour,Winter,6087,Santa Cruz,25999.0,22232.9,-3766.1
genx__stoch__nameprox__w1g30top-mean__monthhour,Winter,6089,Shasta,11746.0,14225.6,2479.6
genx__stoch__nameprox__w1g30top-mean__monthhour,Winter,6091,Sierra,1437.1,1222.4,-214.7
genx__stoch__nameprox__w1g30top-mean__monthhour,Winter,6093,Siskiyou,8663.5,8663.5,0.0
genx__stoch__nameprox__w1g30top-mean__monthhour,Winter,6095,Solano,51322.4,60995.0,9672.6
genx__stoch__nameprox__w1g30top-mean__monthhour,Winter,6097,Sonoma,45818.0,55983.4,10165.4
genx__stoch__nameprox__w1g30top-mean__monthhour,Winter,6099,Stanislaus,66735.4,69082.8,2347.4
genx__stoch__nameprox__w1g30top-mean__monthhour,Winter,6101,Sutter,12043.9,18169.6,6125.7
genx__stoch__nameprox__w1g30top-mean__monthhour,Winter,6103,Tehama,6491.9,7573.9,1082.0
genx__stoch__nameprox__w1g30top-mean__monthhour,Winter,6105,Trinity,2722.1,2620.7,-101.4
genx__stoch__nameprox__w1g30top-mean__monthhour,Winter,6107,Tulare,42330.4,50005.9,7675.5
genx__stoch__nameprox__w1g30top-mean__monthhour,Winter,6109,Tuolumne,5932.2,8819.3,2887.1
genx__stoch__nameprox__w1g30top-mean__monthhour,Winter,6111,Ventura,85759.7,91177.8,5418.1
genx__stoch__nameprox__w1g30top-mean__monthhour,Winter,6113,Yolo,25334.0,20069.2,-5264.8
genx__stoch__nameprox__w1g30top-mean__monthhour,Winter,6115,Yuba,8758.2,20241.8,11483.6
genx__stoch__prox__w1g30-d0__monthhour,Winter,6001,Alameda,181317.0,150518.5,-30798.5
genx__stoch__prox__w1g30-d0__monthhour,Winter,6003,Alpine,2852.7,100.2,-2752.5
genx__stoch__prox__w1g30-d0__monthhour,Winter,6005,Amador,4809.9,5302.6,492.7
genx__stoch__prox__w1g30-d0__monthhour,Winter,6007,Butte,22030.2,36480.4,14450.2
genx__stoch__prox__w1g30-d0__monthhour,Winter,6009,Calaveras,1725.3,3623.9,1898.6
genx__stoch__prox__w1g30-d0__monthhour,Winter,6011,Colusa,3732.3,5140.4,1408.1
genx__stoch__prox__w1g30-d0__monthhour,Winter,6013,Contra Costa,142305.6,118311.3,-23994.3
genx__stoch__prox__w1g30-d0__monthhour,Winter,6017,El Dorado,9533.7,19998.6,10464.9
genx__stoch__prox__w1g30-d0__monthhour,Winter,6019,Fresno,88757.6,139561.4,50803.8
genx__stoch__prox__w1g30-d0__monthhour,Winter,6021,Glenn,6161.1,3254.5,-2906.6
genx__stoch__prox__w1g30-d0__monthhour,Winter,6023,Humboldt,10289.0,14104.3,3815.3
genx__stoch__prox__w1g30-d0__monthhour,Winter,6025,Imperial,15510.6,15510.6,0.0
genx__stoch__prox__w1g30-d0__monthhour,Winter,6027,Inyo,15349.1,6146.5,-9202.6
genx__stoch__prox__w1g30-d0__monthhour,Winter,6029,Kern,115414.5,137241.1,21826.6
genx__stoch__prox__w1g30-d0__monthhour,Winter,6031,Kings,19792.5,14433.4,-5359.1
genx__stoch__prox__w1g30-d0__monthhour,Winter,6033,Lake,8159.7,14142.8,5983.1
genx__stoch__prox__w1g30-d0__monthhour,Winter,6035,Lassen,7407.3,8091.0,683.7
genx__stoch__prox__w1g30-d0__monthhour,Winter,6037,Los Angeles,915470.0,528366.6,-387103.4
genx__stoch__prox__w1g30-d0__monthhour,Winter,6039,Madera,12473.6,45872.6,33399.0
genx__stoch__prox__w1g30-d0__monthhour,Winter,6041,Marin,28412.7,27912.9,-499.8
genx__stoch__prox__w1g30-d0__monthhour,Winter,6043,Mariposa,1362.4,1896.1,533.7
genx__stoch__prox__w1g30-d0__monthhour,Winter,6045,Mendocino,10320.5,9448.3,-872.2
genx__stoch__prox__w1g30-d0__monthhour,Winter,6047,Merced,22724.9,34935.0,12210.1
genx__stoch__prox__w1g30-d0__monthhour,Winter,6049,Modoc,2465.3,2465.3,0.0
genx__stoch__prox__w1g30-d0__monthhour,Winter,6051,Mono,1544.3,4850.8,3306.5
genx__stoch__prox__w1g30-d0__monthhour,Winter,6053,Monterey,34773.6,38279.4,3505.8
genx__stoch__prox__w1g30-d0__monthhour,Winter,6055,Napa,16074.2,20789.8,4715.6
genx__stoch__prox__w1g30-d0__monthhour,Winter,6057,Nevada,3551.5,8904.1,5352.6
genx__stoch__prox__w1g30-d0__monthhour,Winter,6059,Orange,246837.9,318577.9,71740.0
genx__stoch__prox__w1g30-d0__monthhour,Winter,6061,Placer,35887.4,53354.7,17467.3
genx__stoch__prox__w1g30-d0__monthhour,Winter,6063,Plumas,3844.5,3586.7,-257.8
genx__stoch__prox__w1g30-d0__monthhour,Winter,6065,Riverside,138054.5,196828.8,58774.3
genx__stoch__prox__w1g30-d0__monthhour,Winter,6067,Sacramento,105165.6,110968.8,5803.2
genx__stoch__prox__w1g30-d0__monthhour,Winter,6069,San Benito,2239.6,8524.1,6284.5
genx__stoch__prox__w1g30-d0__monthhour,Winter,6071,San Bernardino,171632.9,269137.8,97504.9
genx__stoch__prox__w1g30-d0__monthhour,Winter,6073,San Diego,287285.8,350851.8,63566.0
genx__stoch__prox__w1g30-d0__monthhour,Winter,6075,San Francisco,64023.9,32453.3,-31570.6
genx__stoch__prox__w1g30-d0__monthhour,Winter,6077,San Joaquin,109997.1,67878.9,-42118.2
genx__stoch__prox__w1g30-d0__monthhour,Winter,6079,San Luis Obispo,26294.2,28363.0,2068.8
genx__stoch__prox__w1g30-d0__monthhour,Winter,6081,San Mateo,83383.7,87564.4,4180.7
genx__stoch__prox__w1g30-d0__monthhour,Winter,6083,Santa Barbara,44224.9,43459.8,-765.1
genx__stoch__prox__w1g30-d0__monthhour,Winter,6085,Santa Clara,220457.3,198826.3,-21631.0
genx__stoch__prox__w1g30-d0__monthhour,Winter,6087,Santa Cruz,25999.0,23426.8,-2572.2
genx__stoch__prox__w1g30-d0__monthhour,Winter,6089,Shasta,11746.0,16752.2,5006.2
genx__stoch__prox__w1g30-d0__monthhour,Winter,6091,Sierra,1437.1,1307.6,-129.5
genx__stoch__prox__w1g30-d0__monthhour,Winter,6093,Siskiyou,8663.5,8663.5,0.0
genx__stoch__prox__w1g30-d0__monthhour,Winter,6095,Solano,51322.4,67411.4,16089.0
genx__stoch__prox__w1g30-d0__monthhour,Winter,6097,Sonoma,45818.0,53677.5,7859.5
genx__stoch__prox__w1g30-d0__monthhour,Winter,6099,Stanislaus,66735.4,71862.5,5127.1
genx__stoch__prox__w1g30-d0__monthhour,Winter,6101,Sutter,12043.9,9199.0,-2844.9
genx__stoch__prox__w1g30-d0__monthhour,Winter,6103,Tehama,6491.9,6377.1,-114.8
genx__stoch__prox__w1g30-d0__monthhour,Winter,6105,Trinity,2722.1,2799.1,77.0
genx__stoch__prox__w1g30-d0__monthhour,Winter,6107,Tulare,42330.4,54227.5,11897.1
genx__stoch__prox__w1g30-d0__monthhour,Winter,6109,Tuolumne,5932.2,12761.3,6829.1
genx__stoch__prox__w1g30-d0__monthhour,Winter,6111,Ventura,85759.7,93912.1,8152.4
genx__stoch__prox__w1g30-d0__monthhour,Winter,6113,Yolo,25334.0,23691.9,-1642.1
genx__stoch__prox__w1g30-d0__monthhour,Winter,6115,Yuba,8758.2,12616.0,3857.8
genx__stoch__prox__w1g30-d1__monthhour,Winter,6001,Alameda,181317.0,153416.8,-27900.2
genx__stoch__prox__w1g30-d1__monthhour,Winter,6003,Alpine,2852.7,102.9,-2749.8
genx__stoch__prox__w1g30-d1__monthhour,Winter,6005,Amador,4809.9,5535.0,725.1
genx__stoch__prox__w1g30-d1__monthhour,Winter,6007,Butte,22030.2,36687.6,14657.4
genx__stoch__prox__w1g30-d1__monthhour,Winter,6009,Calaveras,1725.3,3610.9,1885.6
genx__stoch__prox__w1g30-d1__monthhour,Winter,6011,Colusa,3732.3,5093.6,1361.3
genx__stoch__prox__w1g30-d1__monthhour,Winter,6013,Contra Costa,142305.6,119112.7,-23192.9
genx__stoch__prox__w1g30-d1__monthhour,Winter,6017,El Dorado,9533.7,19600.1,10066.4
genx__stoch__prox__w1g30-d1__monthhour,Winter,6019,Fresno,88757.6,140323.9,51566.3
genx__stoch__prox__w1g30-d1__monthhour,Winter,6021,Glenn,6161.1,3307.5,-2853.6
genx__stoch__prox__w1g30-d1__monthhour,Winter,6023,Humboldt,10289.0,14501.7,4212.7
genx__stoch__prox__w1g30-d1__monthhour,Winter,6025,Imperial,15510.6,15510.6,0.0
genx__stoch__prox__w1g30-d1__monthhour,Winter,6027,Inyo,15349.1,6239.9,-9109.2
genx__stoch__prox__w1g30-d1__monthhour,Winter,6029,Kern,115414.5,133645.3,18230.8
genx__stoch__prox__w1g30-d1__monthhour,Winter,6031,Kings,19792.5,14744.0,-5048.5
genx__stoch__prox__w1g30-d1__monthhour,Winter,6033,Lake,8159.7,14106.5,5946.8
genx__stoch__prox__w1g30-d1__monthhour,Winter,6035,Lassen,7407.3,8071.5,664.2
genx__stoch__prox__w1g30-d1__monthhour,Winter,6037,Los Angeles,915470.0,529161.6,-386308.4
genx__stoch__prox__w1g30-d1__monthhour,Winter,6039,Madera,12473.6,47501.6,35028.0
genx__stoch__prox__w1g30-d1__monthhour,Winter,6041,Marin,28412.7,28243.4,-169.3
genx__stoch__prox__w1g30-d1__monthhour,Winter,6043,Mariposa,1362.4,2003.8,641.4
genx__stoch__prox__w1g30-d1__monthhour,Winter,6045,Mendocino,10320.5,9440.3,-880.2
genx__stoch__prox__w1g30-d1__monthhour,Winter,6047,Merced,22724.9,35176.7,12451.8
genx__stoch__prox__w1g30-d1__monthhour,Winter,6049,Modoc,2465.3,2465.3,0.0
genx__stoch__prox__w1g30-d1__monthhour,Winter,6051,Mono,1544.3,4910.4,3366.1
genx__stoch__prox__w1g30-d1__monthhour,Winter,6053,Monterey,34773.6,38497.2,3723.6
genx__stoch__prox__w1g30-d1__monthhour,Winter,6055,Napa,16074.2,20898.7,4824.5
genx__stoch__prox__w1g30-d1__monthhour,Winter,6057,Nevada,3551.5,8659.9,5108.4
genx__stoch__prox__w1g30-d1__monthhour,Winter,6059,Orange,246837.9,323639.8,76801.9
genx__stoch__prox__w1g30-d1__monthhour,Winter,6061,Placer,35887.4,53886.1,17998.7
genx__stoch__prox__w1g30-d1__monthhour,Winter,6063,Plumas,3844.5,3580.5,-264.0
genx__stoch__prox__w1g30-d1__monthhour,Winter,6065,Riverside,138054.5,194269.9,56215.4
genx__stoch__prox__w1g30-d1__monthhour,Winter,6067,Sacramento,105165.6,110979.3,5813.7
genx__stoch__prox__w1g30-d1__monthhour,Winter,6069,San Benito,2239.6,8084.3,5844.7
genx__stoch__prox__w1g30-d1__monthhour,Winter,6071,San Bernardino,171632.9,265720.7,94087.8
genx__stoch__prox__w1g30-d1__monthhour,Winter,6073,San Diego,287285.8,352822.0,65536.2
genx__stoch__prox__w1g30-d1__monthhour,Winter,6075,San Francisco,64023.9,33496.4,-30527.5
genx__stoch__prox__w1g30-d1__monthhour,Winter,6077,San Joaquin,109997.1,66369.6,-43627.5
genx__stoch__prox__w1g30-d1__monthhour,Winter,6079,San Luis Obispo,26294.2,28471.1,2176.9
genx__stoch__prox__w1g30-d1__monthhour,Winter,6081,San Mateo,83383.7,88401.2,5017.5
genx__stoch__prox__w1g30-d1__monthhour,Winter,6083,Santa Barbara,44224.9,42498.1,-1726.8
genx__stoch__prox__w1g30-d1__monthhour,Winter,6085,Santa Clara,220457.3,195322.6,-25134.7
genx__stoch__prox__w1g30-d1__monthhour,Winter,6087,Santa Cruz,25999.0,23108.9,-2890.1
genx__stoch__prox__w1g30-d1__monthhour,Winter,6089,Shasta,11746.0,17312.7,5566.7
genx__stoch__prox__w1g30-d1__monthhour,Winter,6091,Sierra,1437.1,1327.1,-110.0
genx__stoch__prox__w1g30-d1__monthhour,Winter,6093,Siskiyou,8663.5,8663.5,0.0
genx__stoch__prox__w1g30-d1__monthhour,Winter,6095,Solano,51322.4,68074.2,16751.8
genx__stoch__prox__w1g30-d1__monthhour,Winter,6097,Sonoma,45818.0,53749.0,7931.0
genx__stoch__prox__w1g30-d1__monthhour,Winter,6099,Stanislaus,66735.4,71210.8,4475.4
genx__stoch__prox__w1g30-d1__monthhour,Winter,6101,Sutter,12043.9,9778.8,-2265.1
genx__stoch__prox__w1g30-d1__monthhour,Winter,6103,Tehama,6491.9,6195.8,-296.1
genx__stoch__prox__w1g30-d1__monthhour,Winter,6105,Trinity,2722.1,2782.9,60.8
genx__stoch__prox__w1g30-d1__monthhour,Winter,6107,Tulare,42330.4,53209.5,10879.1
genx__stoch__prox__w1g30-d1__monthhour,Winter,6109,Tuolumne,5932.2,12757.9,6825.7
genx__stoch__prox__w1g30-d1__monthhour,Winter,6111,Ventura,85759.7,92546.8,6787.1
genx__stoch__prox__w1g30-d1__monthhour,Winter,6113,Yolo,25334.0,23271.8,-2062.2
genx__stoch__prox__w1g30-d1__monthhour,Winter,6115,Yuba,8758.2,12643.5,3885.3
genx__stoch__prox__w1g30-d2__monthhour,Winter,6001,Alameda,181317.0,151692.2,-29624.8
genx__stoch__prox__w1g30-d2__monthhour,Winter,6003,Alpine,2852.7,80.3,-2772.4
genx__stoch__prox__w1g30-d2__monthhour,Winter,6005,Amador,4809.9,5434.0,624.1
genx__stoch__prox__w1g30-d2__monthhour,Winter,6007,Butte,22030.2,36746.3,14716.1
genx__stoch__prox__w1g30-d2__monthhour,Winter,6009,Calaveras,1725.3,3592.3,1867.0
genx__stoch__prox__w1g30-d2__monthhour,Winter,6011,Colusa,3732.3,5016.1,1283.8
genx__stoch__prox__w1g30-d2__monthhour,Winter,6013,Contra Costa,142305.6,121906.1,-20399.5
genx__stoch__prox__w1g30-d2__monthhour,Winter,6017,El Dorado,9533.7,20731.6,11197.9
genx__stoch__prox__w1g30-d2__monthhour,Winter,6019,Fresno,88757.6,140594.2,51836.6
genx__stoch__prox__w1g30-d2__monthhour,Winter,6021,Glenn,6161.1,3230.2,-2930.9
genx__stoch__prox__w1g30-d2__monthhour,Winter,6023,Humboldt,10289.0,14552.5,4263.5
genx__stoch__prox__w1g30-d2__monthhour,Winter,6025,Imperial,15510.6,15510.6,0.0
genx__stoch__prox__w1g30-d2__monthhour,Winter,6027,Inyo,15349.1,6145.2,-9203.9
genx__stoch__prox__w1g30-d2__monthhour,Winter,6029,Kern,115414.5,137873.3,22458.8
genx__stoch__prox__w1g30-d2__monthhour,Winter,6031,Kings,19792.5,15459.7,-4332.8
genx__stoch__prox__w1g30-d2__monthhour,Winter,6033,Lake,8159.7,14220.0,6060.3
genx__stoch__prox__w1g30-d2__monthhour,Winter,6035,Lassen,7407.3,8088.4,681.1
genx__stoch__prox__w1g30-d2__monthhour,Winter,6037,Los Angeles,915470.0,530693.9,-384776.1
genx__stoch__prox__w1g30-d2__monthhour,Winter,6039,Madera,12473.6,46468.3,33994.7
genx__stoch__prox__w1g30-d2__monthhour,Winter,6041,Marin,28412.7,28672.6,259.9
genx__stoch__prox__w1g30-d2__monthhour,Winter,6043,Mariposa,1362.4,1964.1,601.7
genx__stoch__prox__w1g30-d2__monthhour,Winter,6045,Mendocino,10320.5,9546.1,-774.4
genx__stoch__prox__w1g30-d2__monthhour,Winter,6047,Merced,22724.9,35213.8,12488.9
genx__stoch__prox__w1g30-d2__monthhour,Winter,6049,Modoc,2465.3,2465.3,0.0
genx__stoch__prox__w1g30-d2__monthhour,Winter,6051,Mono,1544.3,5833.0,4288.7
genx__stoch__prox__w1g30-d2__monthhour,Winter,6053,Monterey,34773.6,38586.3,3812.7
genx__stoch__prox__w1g30-d2__monthhour,Winter,6055,Napa,16074.2,20841.5,4767.3
genx__stoch__prox__w1g30-d2__monthhour,Winter,6057,Nevada,3551.5,8486.0,4934.5
genx__stoch__prox__w1g30-d2__monthhour,Winter,6059,Orange,246837.9,323527.0,76689.1
genx__stoch__prox__w1g30-d2__monthhour,Winter,6061,Placer,35887.4,53040.5,17153.1
genx__stoch__prox__w1g30-d2__monthhour,Winter,6063,Plumas,3844.5,3590.8,-253.7
genx__stoch__prox__w1g30-d2__monthhour,Winter,6065,Riverside,138054.5,191910.4,53855.9
genx__stoch__prox__w1g30-d2__monthhour,Winter,6067,Sacramento,105165.6,112950.7,7785.1
genx__stoch__prox__w1g30-d2__monthhour,Winter,6069,San Benito,2239.6,8601.9,6362.3
genx__stoch__prox__w1g30-d2__monthhour,Winter,6071,San Bernardino,171632.9,264817.3,93184.4
genx__stoch__prox__w1g30-d2__monthhour,Winter,6073,San Diego,287285.8,347729.4,60443.6
genx__stoch__prox__w1g30-d2__monthhour,Winter,6075,San Francisco,64023.9,31962.7,-32061.2
genx__stoch__prox__w1g30-d2__monthhour,Winter,6077,San Joaquin,109997.1,66501.3,-43495.8
genx__stoch__prox__w1g30-d2__monthhour,Winter,6079,San Luis Obispo,26294.2,28749.4,2455.2
genx__stoch__prox__w1g30-d2__monthhour,Winter,6081,San Mateo,83383.7,89683.7,6300.0
genx__stoch__prox__w1g30-d2__monthhour,Winter,6083,Santa Barbara,44224.9,42669.1,-1555.8
genx__stoch__prox__w1g30-d2__monthhour,Winter,6085,Santa Clara,220457.3,196649.9,-23807.4
genx__stoch__prox__w1g30-d2__monthhour,Winter,6087,Santa Cruz,25999.0,23380.9,-2618.1
genx__stoch__prox__w1g30-d2__monthhour,Winter,6089,Shasta,11746.0,17108.0,5362.0
genx__stoch__prox__w1g30-d2__monthhour,Winter,6091,Sierra,1437.1,1344.4,-92.7
genx__stoch__prox__w1g30-d2__monthhour,Winter,6093,Siskiyou,8663.5,8663.5,0.0
genx__stoch__prox__w1g30-d2__monthhour,Winter,6095,Solano,51322.4,67302.7,15980.3
genx__stoch__prox__w1g30-d2__monthhour,Winter,6097,Sonoma,45818.0,53914.2,8096.2
genx__stoch__prox__w1g30-d2__monthhour,Winter,6099,Stanislaus,66735.4,71481.1,4745.7
genx__stoch__prox__w1g30-d2__monthhour,Winter,6101,Sutter,12043.9,9463.9,-2580.0
genx__stoch__prox__w1g30-d2__monthhour,Winter,6103,Tehama,6491.9,6408.3,-83.6
genx__stoch__prox__w1g30-d2__monthhour,Winter,6105,Trinity,2722.1,2795.2,73.1
genx__stoch__prox__w1g30-d2__monthhour,Winter,6107,Tulare,42330.4,50602.9,8272.5
genx__stoch__prox__w1g30-d2__monthhour,Winter,6109,Tuolumne,5932.2,12513.3,6581.1
genx__stoch__prox__w1g30-d2__monthhour,Winter,6111,Ventura,85759.7,93014.7,7255.0
genx__stoch__prox__w1g30-d2__monthhour,Winter,6113,Yolo,25334.0,22014.1,-3319.9
genx__stoch__prox__w1g30-d2__monthhour,Winter,6115,Yuba,8758.2,12709.0,3950.8
genx__stoch__prox__w1g30-mean__monthhour,Winter,6001,Alameda,181317.0,153359.1,-27957.9
genx__stoch__prox__w1g30-mean__monthhour,Winter,6003,Alpine,2852.7,94.7,-2758.0
genx__stoch__prox__w1g30-mean__monthhour,Winter,6005,Amador,4809.9,5458.0,648.1
genx__stoch__prox__w1g30-mean__monthhour,Winter,6007,Butte,22030.2,36483.0,14452.8
genx__stoch__prox__w1g30-mean__monthhour,Winter,6009,Calaveras,1725.3,3633.3,1908.0
genx__stoch__prox__w1g30-mean__monthhour,Winter,6011,Colusa,3732.3,4995.9,1263.6
genx__stoch__prox__w1g30-mean__monthhour,Winter,6013,Contra Costa,142305.6,120220.6,-22085.0
genx__stoch__prox__w1g30-mean__monthhour,Winter,6017,El Dorado,9533.7,20146.6,10612.9
genx__stoch__prox__w1g30-mean__monthhour,Winter,6019,Fresno,88757.6,140520.7,51763.1
genx__stoch__prox__w1g30-mean__monthhour,Winter,6021,Glenn,6161.1,3298.4,-2862.7
genx__stoch__prox__w1g30-mean__monthhour,Winter,6023,Humboldt,10289.0,14347.5,4058.5
genx__stoch__prox__w1g30-mean__monthhour,Winter,6025,Imperial,15510.6,15510.6,0.0
genx__stoch__prox__w1g30-mean__monthhour,Winter,6027,Inyo,15349.1,6220.5,-9128.6
genx__stoch__prox__w1g30-mean__monthhour,Winter,6029,Kern,115414.5,135871.5,20457.0
genx__stoch__prox__w1g30-mean__monthhour,Winter,6031,Kings,19792.5,15042.9,-4749.6
genx__stoch__prox__w1g30-mean__monthhour,Winter,6033,Lake,8159.7,14171.5,6011.8
genx__stoch__prox__w1g30-mean__monthhour,Winter,6035,Lassen,7407.3,8080.3,673.0
genx__stoch__prox__w1g30-mean__monthhour,Winter,6037,Los Angeles,915470.0,529720.6,-385749.4
genx__stoch__prox__w1g30-mean__monthhour,Winter,6039,Madera,12473.6,46901.2,34427.6
genx__stoch__prox__w1g30-mean__monthhour,Winter,6041,Marin,28412.7,28532.9,120.2
genx__stoch__prox__w1g30-mean__monthhour,Winter,6043,Mariposa,1362.4,1933.6,571.2
genx__stoch__prox__w1g30-mean__monthhour,Winter,6045,Mendocino,10320.5,9434.6,-885.9
genx__stoch__prox__w1g30-mean__monthhour,Winter,6047,Merced,22724.9,35092.6,12367.7
genx__stoch__prox__w1g30-mean__monthhour,Winter,6049,Modoc,2465.3,2465.3,0.0
genx__stoch__prox__w1g30-mean__monthhour,Winter,6051,Mono,1544.3,5279.4,3735.1
genx__stoch__prox__w1g30-mean__monthhour,Winter,6053,Monterey,34773.6,38456.4,3682.8
genx__stoch__prox__w1g30-mean__monthhour,Winter,6055,Napa,16074.2,20912.2,4838.0
genx__stoch__prox__w1g30-mean__monthhour,Winter,6057,Nevada,3551.5,8765.0,5213.5
genx__stoch__prox__w1g30-mean__monthhour,Winter,6059,Orange,246837.9,320846.7,74008.8
genx__stoch__prox__w1g30-mean__monthhour,Winter,6061,Placer,35887.4,53364.9,17477.5
genx__stoch__prox__w1g30-mean__monthhour,Winter,6063,Plumas,3844.5,3585.1,-259.4
genx__stoch__prox__w1g30-mean__monthhour,Winter,6065,Riverside,138054.5,193783.3,55728.8
genx__stoch__prox__w1g30-mean__monthhour,Winter,6067,Sacramento,105165.6,111579.4,6413.8
genx__stoch__prox__w1g30-mean__monthhour,Winter,6069,San Benito,2239.6,8201.6,5962.0
genx__stoch__prox__w1g30-mean__monthhour,Winter,6071,San Bernardino,171632.9,265818.5,94185.6
genx__stoch__prox__w1g30-mean__monthhour,Winter,6073,San Diego,287285.8,349929.1,62643.3
genx__stoch__prox__w1g30-mean__monthhour,Winter,6075,San Francisco,64023.9,32832.8,-31191.1
genx__stoch__prox__w1g30-mean__monthhour,Winter,6077,San Joaquin,109997.1,67184.9,-42812.2
genx__stoch__prox__w1g30-mean__monthhour,Winter,6079,San Luis Obispo,26294.2,28546.9,2252.7
genx__stoch__prox__w1g30-mean__monthhour,Winter,6081,San Mateo,83383.7,88746.4,5362.7
genx__stoch__prox__w1g30-mean__monthhour,Winter,6083,Santa Barbara,44224.9,42946.2,-1278.7
genx__stoch__prox__w1g30-mean__monthhour,Winter,6085,Santa Clara,220457.3,196796.5,-23660.8
genx__stoch__prox__w1g30-mean__monthhour,Winter,6087,Santa Cruz,25999.0,23151.1,-2847.9
genx__stoch__prox__w1g30-mean__monthhour,Winter,6089,Shasta,11746.0,17099.6,5353.6
genx__stoch__prox__w1g30-mean__monthhour,Winter,6091,Sierra,1437.1,1326.7,-110.4
genx__stoch__prox__w1g30-mean__monthhour,Winter,6093,Siskiyou,8663.5,8663.5,0.0
genx__stoch__prox__w1g30-mean__monthhour,Winter,6095,Solano,51322.4,67637.3,16314.9
genx__stoch__prox__w1g30-mean__monthhour,Winter,6097,Sonoma,45818.0,53941.6,8123.6
genx__stoch__prox__w1g30-mean__monthhour,Winter,6099,Stanislaus,66735.4,71523.2,4787.8
genx__stoch__prox__w1g30-mean__monthhour,Winter,6101,Sutter,12043.9,9545.0,-2498.9
genx__stoch__prox__w1g30-mean__monthhour,Winter,6103,Tehama,6491.9,6425.0,-66.9
genx__stoch__prox__w1g30-mean__monthhour,Winter,6105,Trinity,2722.1,2790.3,68.2
genx__stoch__prox__w1g30-mean__monthhour,Winter,6107,Tulare,42330.4,52400.2,10069.8
genx__stoch__prox__w1g30-mean__monthhour,Winter,6109,Tuolumne,5932.2,12714.6,6782.4
genx__stoch__prox__w1g30-mean__monthhour,Winter,6111,Ventura,85759.7,92696.1,6936.4
genx__stoch__prox__w1g30-mean__monthhour,Winter,6113,Yolo,25334.0,22816.8,-2517.2
genx__stoch__prox__w1g30-mean__monthhour,Winter,6115,Yuba,8758.2,12902.0,4143.8
genx__stoch__prox__w1g30top-d0__monthhour,Winter,6001,Alameda,181317.0,145180.8,-36136.2
genx__stoch__prox__w1g30top-d0__monthhour,Winter,6003,Alpine,2852.7,41.5,-2811.2
genx__stoch__prox__w1g30top-d0__monthhour,Winter,6005,Amador,4809.9,19377.5,14567.6
genx__stoch__prox__w1g30top-d0__monthhour,Winter,6007,Butte,22030.2,23731.7,1701.5
genx__stoch__prox__w1g30top-d0__monthhour,Winter,6009,Calaveras,1725.3,2218.0,492.7
genx__stoch__prox__w1g30top-d0__monthhour,Winter,6011,Colusa,3732.3,3127.5,-604.8
genx__stoch__prox__w1g30top-d0__monthhour,Winter,6013,Contra Costa,142305.6,164546.1,22240.5
genx__stoch__prox__w1g30top-d0__monthhour,Winter,6017,El Dorado,9533.7,12336.3,2802.6
genx__stoch__prox__w1g30top-d0__monthhour,Winter,6019,Fresno,88757.6,81189.7,-7567.9
genx__stoch__prox__w1g30top-d0__monthhour,Winter,6021,Glenn,6161.1,14589.6,8428.5
genx__stoch__prox__w1g30top-d0__monthhour,Winter,6023,Humboldt,10289.0,33688.8,23399.8
genx__stoch__prox__w1g30top-d0__monthhour,Winter,6025,Imperial,15510.6,15510.6,0.0
genx__stoch__prox__w1g30top-d0__monthhour,Winter,6027,Inyo,15349.1,5518.7,-9830.4
genx__stoch__prox__w1g30top-d0__monthhour,Winter,6029,Kern,115414.5,86939.4,-28475.1
genx__stoch__prox__w1g30top-d0__monthhour,Winter,6031,Kings,19792.5,35139.6,15347.1
genx__stoch__prox__w1g30top-d0__monthhour,Winter,6033,Lake,8159.7,9075.5,915.8
genx__stoch__prox__w1g30top-d0__monthhour,Winter,6035,Lassen,7407.3,7521.2,113.9
genx__stoch__prox__w1g30top-d0__monthhour,Winter,6037,Los Angeles,915470.0,674663.2,-240806.8
genx__stoch__prox__w1g30top-d0__monthhour,Winter,6039,Madera,12473.6,23494.5,11020.9
genx__stoch__prox__w1g30top-d0__monthhour,Winter,6041,Marin,28412.7,20964.6,-7448.1
genx__stoch__prox__w1g30top-d0__monthhour,Winter,6043,Mariposa,1362.4,4757.9,3395.5
genx__stoch__prox__w1g30top-d0__monthhour,Winter,6045,Mendocino,10320.5,23784.4,13463.9
genx__stoch__prox__w1g30top-d0__monthhour,Winter,6047,Merced,22724.9,23394.9,670.0
genx__stoch__prox__w1g30top-d0__monthhour,Winter,6049,Modoc,2465.3,2465.3,0.0
genx__stoch__prox__w1g30top-d0__monthhour,Winter,6051,Mono,1544.3,2448.5,904.2
genx__stoch__prox__w1g30top-d0__monthhour,Winter,6053,Monterey,34773.6,63580.2,28806.6
genx__stoch__prox__w1g30top-d0__monthhour,Winter,6055,Napa,16074.2,12690.0,-3384.2
genx__stoch__prox__w1g30top-d0__monthhour,Winter,6057,Nevada,3551.5,5380.9,1829.4
genx__stoch__prox__w1g30top-d0__monthhour,Winter,6059,Orange,246837.9,207829.0,-39008.9
genx__stoch__prox__w1g30top-d0__monthhour,Winter,6061,Placer,35887.4,36258.6,371.2
genx__stoch__prox__w1g30top-d0__monthhour,Winter,6063,Plumas,3844.5,2872.5,-972.0
genx__stoch__prox__w1g30top-d0__monthhour,Winter,6065,Riverside,138054.5,238524.2,100469.7
genx__stoch__prox__w1g30top-d0__monthhour,Winter,6067,Sacramento,105165.6,106786.7,1621.1
genx__stoch__prox__w1g30top-d0__monthhour,Winter,6069,San Benito,2239.6,4441.8,2202.2
genx__stoch__prox__w1g30top-d0__monthhour,Winter,6071,San Bernardino,171632.9,323033.3,151400.4
genx__stoch__prox__w1g30top-d0__monthhour,Winter,6073,San Diego,287285.8,276832.1,-10453.7
genx__stoch__prox__w1g30top-d0__monthhour,Winter,6075,San Francisco,64023.9,18932.4,-45091.5
genx__stoch__prox__w1g30top-d0__monthhour,Winter,6077,San Joaquin,109997.1,114467.0,4469.9
genx__stoch__prox__w1g30top-d0__monthhour,Winter,6079,San Luis Obispo,26294.2,30426.0,4131.8
genx__stoch__prox__w1g30top-d0__monthhour,Winter,6081,San Mateo,83383.7,71125.1,-12258.6
genx__stoch__prox__w1g30top-d0__monthhour,Winter,6083,Santa Barbara,44224.9,51298.9,7074.0
genx__stoch__prox__w1g30top-d0__monthhour,Winter,6085,Santa Clara,220457.3,174765.7,-45691.6
genx__stoch__prox__w1g30top-d0__monthhour,Winter,6087,Santa Cruz,25999.0,25709.2,-289.8
genx__stoch__prox__w1g30top-d0__monthhour,Winter,6089,Shasta,11746.0,11637.1,-108.9
genx__stoch__prox__w1g30top-d0__monthhour,Winter,6091,Sierra,1437.1,1206.0,-231.1
genx__stoch__prox__w1g30top-d0__monthhour,Winter,6093,Siskiyou,8663.5,8663.5,0.0
genx__stoch__prox__w1g30top-d0__monthhour,Winter,6095,Solano,51322.4,42475.0,-8847.4
genx__stoch__prox__w1g30top-d0__monthhour,Winter,6097,Sonoma,45818.0,70113.5,24295.5
genx__stoch__prox__w1g30top-d0__monthhour,Winter,6099,Stanislaus,66735.4,66794.5,59.1
genx__stoch__prox__w1g30top-d0__monthhour,Winter,6101,Sutter,12043.9,22350.8,10306.9
genx__stoch__prox__w1g30top-d0__monthhour,Winter,6103,Tehama,6491.9,10618.3,4126.4
genx__stoch__prox__w1g30top-d0__monthhour,Winter,6105,Trinity,2722.1,2609.2,-112.9
genx__stoch__prox__w1g30top-d0__monthhour,Winter,6107,Tulare,42330.4,71704.4,29374.0
genx__stoch__prox__w1g30top-d0__monthhour,Winter,6109,Tuolumne,5932.2,7516.3,1584.1
genx__stoch__prox__w1g30top-d0__monthhour,Winter,6111,Ventura,85759.7,94972.4,9212.7
genx__stoch__prox__w1g30top-d0__monthhour,Winter,6113,Yolo,25334.0,25817.6,483.6
genx__stoch__prox__w1g30top-d0__monthhour,Winter,6115,Yuba,8758.2,7606.2,-1152.0
genx__stoch__prox__w1g30top-d1__monthhour,Winter,6001,Alameda,181317.0,146345.5,-34971.5
genx__stoch__prox__w1g30top-d1__monthhour,Winter,6003,Alpine,2852.7,42.7,-2810.0
genx__stoch__prox__w1g30top-d1__monthhour,Winter,6005,Amador,4809.9,19472.0,14662.1
genx__stoch__prox__w1g30top-d1__monthhour,Winter,6007,Butte,22030.2,23806.6,1776.4
genx__stoch__prox__w1g30top-d1__monthhour,Winter,6009,Calaveras,1725.3,2211.5,486.2
genx__stoch__prox__w1g30top-d1__monthhour,Winter,6011,Colusa,3732.3,3106.0,-626.3
genx__stoch__prox__w1g30top-d1__monthhour,Winter,6013,Contra Costa,142305.6,164836.9,22531.3
genx__stoch__prox__w1g30top-d1__monthhour,Winter,6017,El Dorado,9533.7,12164.6,2630.9
genx__stoch__prox__w1g30top-d1__monthhour,Winter,6019,Fresno,88757.6,81466.4,-7291.2
genx__stoch__prox__w1g30top-d1__monthhour,Winter,6021,Glenn,6161.1,14610.3,8449.2
genx__stoch__prox__w1g30top-d1__monthhour,Winter,6023,Humboldt,10289.0,33851.9,23562.9
genx__stoch__prox__w1g30top-d1__monthhour,Winter,6025,Imperial,15510.6,15510.6,0.0
genx__stoch__prox__w1g30top-d1__monthhour,Winter,6027,Inyo,15349.1,5556.5,-9792.6
genx__stoch__prox__w1g30top-d1__monthhour,Winter,6029,Kern,115414.5,85389.2,-30025.3
genx__stoch__prox__w1g30top-d1__monthhour,Winter,6031,Kings,19792.5,35262.2,15469.7
genx__stoch__prox__w1g30top-d1__monthhour,Winter,6033,Lake,8159.7,9058.5,898.8
genx__stoch__prox__w1g30top-d1__monthhour,Winter,6035,Lassen,7407.3,7513.7,106.4
genx__stoch__prox__w1g30top-d1__monthhour,Winter,6037,Los Angeles,915470.0,674779.0,-240691.0
genx__stoch__prox__w1g30top-d1__monthhour,Winter,6039,Madera,12473.6,24165.0,11691.4
genx__stoch__prox__w1g30top-d1__monthhour,Winter,6041,Marin,28412.7,21091.3,-7321.4
genx__stoch__prox__w1g30top-d1__monthhour,Winter,6043,Mariposa,1362.4,4802.3,3439.9
genx__stoch__prox__w1g30top-d1__monthhour,Winter,6045,Mendocino,10320.5,23779.1,13458.6
genx__stoch__prox__w1g30top-d1__monthhour,Winter,6047,Merced,22724.9,23488.5,763.6
genx__stoch__prox__w1g30top-d1__monthhour,Winter,6049,Modoc,2465.3,2465.3,0.0
genx__stoch__prox__w1g30top-d1__monthhour,Winter,6051,Mono,1544.3,2471.9,927.6
genx__stoch__prox__w1g30top-d1__monthhour,Winter,6053,Monterey,34773.6,63655.6,28882.0
genx__stoch__prox__w1g30top-d1__monthhour,Winter,6055,Napa,16074.2,12728.0,-3346.2
genx__stoch__prox__w1g30top-d1__monthhour,Winter,6057,Nevada,3551.5,5277.2,1725.7
genx__stoch__prox__w1g30top-d1__monthhour,Winter,6059,Orange,246837.9,209829.2,-37008.7
genx__stoch__prox__w1g30top-d1__monthhour,Winter,6061,Placer,35887.4,36469.5,582.1
genx__stoch__prox__w1g30top-d1__monthhour,Winter,6063,Plumas,3844.5,2868.0,-976.5
genx__stoch__prox__w1g30top-d1__monthhour,Winter,6065,Riverside,138054.5,237367.6,99313.1
genx__stoch__prox__w1g30top-d1__monthhour,Winter,6067,Sacramento,105165.6,106787.7,1622.1
genx__stoch__prox__w1g30top-d1__monthhour,Winter,6069,San Benito,2239.6,4253.9,2014.3
genx__stoch__prox__w1g30top-d1__monthhour,Winter,6071,San Bernardino,171632.9,321482.7,149849.8
genx__stoch__prox__w1g30top-d1__monthhour,Winter,6073,San Diego,287285.8,277516.4,-9769.4
genx__stoch__prox__w1g30top-d1__monthhour,Winter,6075,San Francisco,64023.9,19355.8,-44668.1
genx__stoch__prox__w1g30top-d1__monthhour,Winter,6077,San Joaquin,109997.1,113802.4,3805.3
genx__stoch__prox__w1g30top-d1__monthhour,Winter,6079,San Luis Obispo,26294.2,30456.4,4162.2
genx__stoch__prox__w1g30top-d1__monthhour,Winter,6081,San Mateo,83383.7,71445.1,-11938.6
genx__stoch__prox__w1g30top-d1__monthhour,Winter,6083,Santa Barbara,44224.9,52201.8,7976.9
genx__stoch__prox__w1g30top-d1__monthhour,Winter,6085,Santa Clara,220457.3,173212.0,-47245.3
genx__stoch__prox__w1g30top-d1__monthhour,Winter,6087,Santa Cruz,25999.0,25566.0,-433.0
genx__stoch__prox__w1g30top-d1__monthhour,Winter,6089,Shasta,11746.0,11866.8,120.8
genx__stoch__prox__w1g30top-d1__monthhour,Winter,6091,Sierra,1437.1,1212.7,-224.4
genx__stoch__prox__w1g30top-d1__monthhour,Winter,6093,Siskiyou,8663.5,8663.5,0.0
genx__stoch__prox__w1g30top-d1__monthhour,Winter,6095,Solano,51322.4,42739.2,-8583.2
genx__stoch__prox__w1g30top-d1__monthhour,Winter,6097,Sonoma,45818.0,70120.2,24302.2
genx__stoch__prox__w1g30top-d1__monthhour,Winter,6099,Stanislaus,66735.4,66515.8,-219.6
genx__stoch__prox__w1g30top-d1__monthhour,Winter,6101,Sutter,12043.9,22588.2,10544.3
genx__stoch__prox__w1g30top-d1__monthhour,Winter,6103,Tehama,6491.9,10543.9,4052.0
genx__stoch__prox__w1g30top-d1__monthhour,Winter,6105,Trinity,2722.1,2602.5,-119.6
genx__stoch__prox__w1g30top-d1__monthhour,Winter,6107,Tulare,42330.4,71249.9,28919.5
genx__stoch__prox__w1g30top-d1__monthhour,Winter,6109,Tuolumne,5932.2,7512.4,1580.2
genx__stoch__prox__w1g30top-d1__monthhour,Winter,6111,Ventura,85759.7,94361.0,8601.3
genx__stoch__prox__w1g30top-d1__monthhour,Winter,6113,Yolo,25334.0,25631.0,297.0
genx__stoch__prox__w1g30top-d1__monthhour,Winter,6115,Yuba,8758.2,7614.3,-1143.9
genx__stoch__prox__w1g30top-d2__monthhour,Winter,6001,Alameda,181317.0,145620.5,-35696.5
genx__stoch__prox__w1g30top-d2__monthhour,Winter,6003,Alpine,2852.7,34.9,-2817.8
genx__stoch__prox__w1g30top-d2__monthhour,Winter,6005,Amador,4809.9,19430.8,14620.9
genx__stoch__prox__w1g30top-d2__monthhour,Winter,6007,Butte,22030.2,23832.0,1801.8
genx__stoch__prox__w1g30top-d2__monthhour,Winter,6009,Calaveras,1725.3,2204.8,479.5
genx__stoch__prox__w1g30top-d2__monthhour,Winter,6011,Colusa,3732.3,3073.3,-659.0
genx__stoch__prox__w1g30top-d2__monthhour,Winter,6013,Contra Costa,142305.6,166008.0,23702.4
genx__stoch__prox__w1g30top-d2__monthhour,Winter,6017,El Dorado,9533.7,12639.8,3106.1
genx__stoch__prox__w1g30top-d2__monthhour,Winter,6019,Fresno,88757.6,81577.7,-7179.9
genx__stoch__prox__w1g30top-d2__monthhour,Winter,6021,Glenn,6161.1,14578.0,8416.9
genx__stoch__prox__w1g30top-d2__monthhour,Winter,6023,Humboldt,10289.0,33874.1,23585.1
genx__stoch__prox__w1g30top-d2__monthhour,Winter,6025,Imperial,15510.6,15510.6,0.0
genx__stoch__prox__w1g30top-d2__monthhour,Winter,6027,Inyo,15349.1,5517.2,-9831.9
genx__stoch__prox__w1g30top-d2__monthhour,Winter,6029,Kern,115414.5,87165.9,-28248.6
genx__stoch__prox__w1g30top-d2__monthhour,Winter,6031,Kings,19792.5,35563.8,15771.3
genx__stoch__prox__w1g30top-d2__monthhour,Winter,6033,Lake,8159.7,9102.6,942.9
genx__stoch__prox__w1g30top-d2__monthhour,Winter,6035,Lassen,7407.3,7519.9,112.6
genx__stoch__prox__w1g30top-d2__monthhour,Winter,6037,Los Angeles,915470.0,675426.6,-240043.4
genx__stoch__prox__w1g30top-d2__monthhour,Winter,6039,Madera,12473.6,23730.9,11257.3
genx__stoch__prox__w1g30top-d2__monthhour,Winter,6041,Marin,28412.7,21272.6,-7140.1
genx__stoch__prox__w1g30top-d2__monthhour,Winter,6043,Mariposa,1362.4,4785.6,3423.2
genx__stoch__prox__w1g30top-d2__monthhour,Winter,6045,Mendocino,10320.5,23821.1,13500.6
genx__stoch__prox__w1g30top-d2__monthhour,Winter,6047,Merced,22724.9,23505.6,780.7
genx__stoch__prox__w1g30top-d2__monthhour,Winter,6049,Modoc,2465.3,2465.3,0.0
genx__stoch__prox__w1g30top-d2__monthhour,Winter,6051,Mono,1544.3,2859.8,1315.5
genx__stoch__prox__w1g30top-d2__monthhour,Winter,6053,Monterey,34773.6,63692.0,28918.4
genx__stoch__prox__w1g30top-d2__monthhour,Winter,6055,Napa,16074.2,12701.1,-3373.1
genx__stoch__prox__w1g30top-d2__monthhour,Winter,6057,Nevada,3551.5,5203.6,1652.1
genx__stoch__prox__w1g30top-d2__monthhour,Winter,6059,Orange,246837.9,209780.4,-37057.5
genx__stoch__prox__w1g30top-d2__monthhour,Winter,6061,Placer,35887.4,36116.0,228.6
genx__stoch__prox__w1g30top-d2__monthhour,Winter,6063,Plumas,3844.5,2872.0,-972.5
genx__stoch__prox__w1g30top-d2__monthhour,Winter,6065,Riverside,138054.5,236382.5,98328.0
genx__stoch__prox__w1g30top-d2__monthhour,Winter,6067,Sacramento,105165.6,107615.8,2450.2
genx__stoch__prox__w1g30top-d2__monthhour,Winter,6069,San Benito,2239.6,4470.3,2230.7
genx__stoch__prox__w1g30top-d2__monthhour,Winter,6071,San Bernardino,171632.9,321089.9,149457.0
genx__stoch__prox__w1g30top-d2__monthhour,Winter,6073,San Diego,287285.8,275385.8,-11900.0
genx__stoch__prox__w1g30top-d2__monthhour,Winter,6075,San Francisco,64023.9,18714.7,-45309.2
genx__stoch__prox__w1g30top-d2__monthhour,Winter,6077,San Joaquin,109997.1,113863.6,3866.5
genx__stoch__prox__w1g30top-d2__monthhour,Winter,6079,San Luis Obispo,26294.2,30575.6,4281.4
genx__stoch__prox__w1g30top-d2__monthhour,Winter,6081,San Mateo,83383.7,71980.2,-11403.5
genx__stoch__prox__w1g30top-d2__monthhour,Winter,6083,Santa Barbara,44224.9,52269.0,8044.1
genx__stoch__prox__w1g30top-d2__monthhour,Winter,6085,Santa Clara,220457.3,173761.1,-46696.2
genx__stoch__prox__w1g30top-d2__monthhour,Winter,6087,Santa Cruz,25999.0,25679.7,-319.3
genx__stoch__prox__w1g30top-d2__monthhour,Winter,6089,Shasta,11746.0,11780.5,34.5
genx__stoch__prox__w1g30top-d2__monthhour,Winter,6091,Sierra,1437.1,1220.0,-217.1
genx__stoch__prox__w1g30top-d2__monthhour,Winter,6093,Siskiyou,8663.5,8663.5,0.0
genx__stoch__prox__w1g30top-d2__monthhour,Winter,6095,Solano,51322.4,42414.1,-8908.3
genx__stoch__prox__w1g30top-d2__monthhour,Winter,6097,Sonoma,45818.0,70188.6,24370.6
genx__stoch__prox__w1g30top-d2__monthhour,Winter,6099,Stanislaus,66735.4,66630.3,-105.1
genx__stoch__prox__w1g30top-d2__monthhour,Winter,6101,Sutter,12043.9,22455.4,10411.5
genx__stoch__prox__w1g30top-d2__monthhour,Winter,6103,Tehama,6491.9,10633.8,4141.9
genx__stoch__prox__w1g30top-d2__monthhour,Winter,6105,Trinity,2722.1,2607.8,-114.3
genx__stoch__prox__w1g30top-d2__monthhour,Winter,6107,Tulare,42330.4,70166.2,27835.8
genx__stoch__prox__w1g30top-d2__monthhour,Winter,6109,Tuolumne,5932.2,7407.4,1475.2
genx__stoch__prox__w1g30top-d2__monthhour,Winter,6111,Ventura,85759.7,94558.2,8798.5
genx__stoch__prox__w1g30top-d2__monthhour,Winter,6113,Yolo,25334.0,25101.3,-232.7
genx__stoch__prox__w1g30top-d2__monthhour,Winter,6115,Yuba,8758.2,7642.4,-1115.8
genx__stoch__prox__w1g30top-mean__monthhour,Winter,6001,Alameda,181317.0,146318.7,-34998.3
genx__stoch__prox__w1g30top-mean__monthhour,Winter,6003,Alpine,2852.7,39.7,-2813.0
genx__stoch__prox__w1g30top-mean__monthhour,Winter,6005,Amador,4809.9,19442.5,14632.6
genx__stoch__prox__w1g30top-mean__monthhour,Winter,6007,Butte,22030.2,23722.1,1691.9
genx__stoch__prox__w1g30top-mean__monthhour,Winter,6009,Calaveras,1725.3,2220.8,495.5
genx__stoch__prox__w1g30top-mean__monthhour,Winter,6011,Colusa,3732.3,3064.9,-667.4
genx__stoch__prox__w1g30top-mean__monthhour,Winter,6013,Contra Costa,142305.6,165298.9,22993.3
genx__stoch__prox__w1g30top-mean__monthhour,Winter,6017,El Dorado,9533.7,12393.6,2859.9
genx__stoch__prox__w1g30top-mean__monthhour,Winter,6019,Fresno,88757.6,81549.1,-7208.5
genx__stoch__prox__w1g30top-mean__monthhour,Winter,6021,Glenn,6161.1,14605.5,8444.4
genx__stoch__prox__w1g30top-mean__monthhour,Winter,6023,Humboldt,10289.0,33785.1,23496.1
genx__stoch__prox__w1g30top-mean__monthhour,Winter,6025,Imperial,15510.6,15510.6,0.0
genx__stoch__prox__w1g30top-mean__monthhour,Winter,6027,Inyo,15349.1,5550.1,-9799.0
genx__stoch__prox__w1g30top-mean__monthhour,Winter,6029,Kern,115414.5,86328.0,-29086.5
genx__stoch__prox__w1g30top-mean__monthhour,Winter,6031,Kings,19792.5,35387.2,15594.7
genx__stoch__prox__w1g30top-mean__monthhour,Winter,6033,Lake,8159.7,9085.3,925.6
genx__stoch__prox__w1g30top-mean__monthhour,Winter,6035,Lassen,7407.3,7517.1,109.8
genx__stoch__prox__w1g30top-mean__monthhour,Winter,6037,Los Angeles,915470.0,675017.2,-240452.8
genx__stoch__prox__w1g30top-mean__monthhour,Winter,6039,Madera,12473.6,23912.6,11439.0
genx__stoch__prox__w1g30top-mean__monthhour,Winter,6041,Marin,28412.7,21210.7,-7202.0
genx__stoch__prox__w1g30top-mean__monthhour,Winter,6043,Mariposa,1362.4,4773.0,3410.6
genx__stoch__prox__w1g30top-mean__monthhour,Winter,6045,Mendocino,10320.5,23773.5,13453.0
genx__stoch__prox__w1g30top-mean__monthhour,Winter,6047,Merced,22724.9,23453.3,728.4
genx__stoch__prox__w1g30top-mean__monthhour,Winter,6049,Modoc,2465.3,2465.3,0.0
genx__stoch__prox__w1g30top-mean__monthhour,Winter,6051,Mono,1544.3,2626.7,1082.4
genx__stoch__prox__w1g30top-mean__monthhour,Winter,6053,Monterey,34773.6,63634.6,28861.0
genx__stoch__prox__w1g30top-mean__monthhour,Winter,6055,Napa,16074.2,12734.1,-3340.1
genx__stoch__prox__w1g30top-mean__monthhour,Winter,6057,Nevada,3551.5,5320.8,1769.3
genx__stoch__prox__w1g30top-mean__monthhour,Winter,6059,Orange,246837.9,208653.2,-38184.7
genx__stoch__prox__w1g30top-mean__monthhour,Winter,6061,Placer,35887.4,36248.4,361.0
genx__stoch__prox__w1g30top-mean__monthhour,Winter,6063,Plumas,3844.5,2870.1,-974.4
genx__stoch__prox__w1g30top-mean__monthhour,Winter,6065,Riverside,138054.5,237165.7,99111.2
genx__stoch__prox__w1g30top-mean__monthhour,Winter,6067,Sacramento,105165.6,107039.4,1873.8
genx__stoch__prox__w1g30top-mean__monthhour,Winter,6069,San Benito,2239.6,4302.6,2063.0
genx__stoch__prox__w1g30top-mean__monthhour,Winter,6071,San Bernardino,171632.9,321526.1,149893.2
genx__stoch__prox__w1g30top-mean__monthhour,Winter,6073,San Diego,287285.8,276302.6,-10983.2
genx__stoch__prox__w1g30top-mean__monthhour,Winter,6075,San Francisco,64023.9,19078.1,-44945.8
genx__stoch__prox__w1g30top-mean__monthhour,Winter,6077,San Joaquin,109997.1,114147.6,4150.5
genx__stoch__prox__w1g30top-mean__monthhour,Winter,6079,San Luis Obispo,26294.2,30489.8,4195.6
genx__stoch__prox__w1g30top-mean__monthhour,Winter,6081,San Mateo,83383.7,71588.2,-11795.5
genx__stoch__prox__w1g30top-mean__monthhour,Winter,6083,Santa Barbara,44224.9,52386.6,8161.7
genx__stoch__prox__w1g30top-mean__monthhour,Winter,6085,Santa Clara,220457.3,173826.4,-46630.9
genx__stoch__prox__w1g30top-mean__monthhour,Winter,6087,Santa Cruz,25999.0,25584.4,-414.6
genx__stoch__prox__w1g30top-mean__monthhour,Winter,6089,Shasta,11746.0,11778.2,32.2
genx__stoch__prox__w1g30top-mean__monthhour,Winter,6091,Sierra,1437.1,1212.6,-224.5
genx__stoch__prox__w1g30top-mean__monthhour,Winter,6093,Siskiyou,8663.5,8663.5,0.0
genx__stoch__prox__w1g30top-mean__monthhour,Winter,6095,Solano,51322.4,42555.8,-8766.6
genx__stoch__prox__w1g30top-mean__monthhour,Winter,6097,Sonoma,45818.0,70202.1,24384.1
genx__stoch__prox__w1g30top-mean__monthhour,Winter,6099,Stanislaus,66735.4,66649.1,-86.3
genx__stoch__prox__w1g30top-mean__monthhour,Winter,6101,Sutter,12043.9,22490.8,10446.9
genx__stoch__prox__w1g30top-mean__monthhour,Winter,6103,Tehama,6491.9,10639.2,4147.3
genx__stoch__prox__w1g30top-mean__monthhour,Winter,6105,Trinity,2722.1,2605.1,-117.0
genx__stoch__prox__w1g30top-mean__monthhour,Winter,6107,Tulare,42330.4,70913.8,28583.4
genx__stoch__prox__w1g30top-mean__monthhour,Winter,6109,Tuolumne,5932.2,7494.8,1562.6
genx__stoch__prox__w1g30top-mean__monthhour,Winter,6111,Ventura,85759.7,94425.1,8665.4
genx__stoch__prox__w1g30top-mean__monthhour,Winter,6113,Yolo,25334.0,25440.0,106.0
genx__stoch__prox__w1g30top-mean__monthhour,Winter,6115,Yuba,8758.2,7723.9,-1034.3
genx__stoch__prox__w2-d0__monthhour,Winter,6001,Alameda,181317.0,154174.5,-27142.5
genx__stoch__prox__w2-d0__monthhour,Winter,6003,Alpine,2852.7,61.2,-2791.5
genx__stoch__prox__w2-d0__monthhour,Winter,6005,Amador,4809.9,5522.8,712.9
genx__stoch__prox__w2-d0__monthhour,Winter,6007,Butte,22030.2,27892.7,5862.5
genx__stoch__prox__w2-d0__monthhour,Winter,6009,Calaveras,1725.3,2676.1,950.8
genx__stoch__prox__w2-d0__monthhour,Winter,6011,Colusa,3732.3,3783.3,51.0
genx__stoch__prox__w2-d0__monthhour,Winter,6013,Contra Costa,142305.6,138779.3,-3526.3
genx__stoch__prox__w2-d0__monthhour,Winter,6017,El Dorado,9533.7,14837.0,5303.3
genx__stoch__prox__w2-d0__monthhour,Winter,6019,Fresno,88757.6,100248.3,11490.7
genx__stoch__prox__w2-d0__monthhour,Winter,6021,Glenn,6161.1,3660.8,-2500.3
genx__stoch__prox__w2-d0__monthhour,Winter,6023,Humboldt,10289.0,11760.8,1471.8
genx__stoch__prox__w2-d0__monthhour,Winter,6025,Imperial,15510.6,15510.6,0.0
genx__stoch__prox__w2-d0__monthhour,Winter,6027,Inyo,15349.1,5723.8,-9625.3
genx__stoch__prox__w2-d0__monthhour,Winter,6029,Kern,115414.5,103356.9,-12057.6
genx__stoch__prox__w2-d0__monthhour,Winter,6031,Kings,19792.5,20120.5,328.0
genx__stoch__prox__w2-d0__monthhour,Winter,6033,Lake,8159.7,10729.6,2569.9
genx__stoch__prox__w2-d0__monthhour,Winter,6035,Lassen,7407.3,7707.1,299.8
genx__stoch__prox__w2-d0__monthhour,Winter,6037,Los Angeles,915470.0,852891.0,-62579.0
genx__stoch__prox__w2-d0__monthhour,Winter,6039,Madera,12473.6,30786.0,18312.4
genx__stoch__prox__w2-d0__monthhour,Winter,6041,Marin,28412.7,20600.2,-7812.5
genx__stoch__prox__w2-d0__monthhour,Winter,6043,Mariposa,1362.4,1839.2,476.8
genx__stoch__prox__w2-d0__monthhour,Winter,6045,Mendocino,10320.5,11774.7,1454.2
genx__stoch__prox__w2-d0__monthhour,Winter,6047,Merced,22724.9,27163.6,4438.7
genx__stoch__prox__w2-d0__monthhour,Winter,6049,Modoc,2465.3,2465.3,0.0
genx__stoch__prox__w2-d0__monthhour,Winter,6051,Mono,1544.3,3230.6,1686.3
genx__stoch__prox__w2-d0__monthhour,Winter,6053,Monterey,34773.6,33800.0,-973.6
genx__stoch__prox__w2-d0__monthhour,Winter,6055,Napa,16074.2,12670.3,-3403.9
genx__stoch__prox__w2-d0__monthhour,Winter,6057,Nevada,3551.5,6529.2,2977.7
genx__stoch__prox__w2-d0__monthhour,Winter,6059,Orange,246837.9,273915.8,27077.9
genx__stoch__prox__w2-d0__monthhour,Winter,6061,Placer,35887.4,41841.7,5954.3
genx__stoch__prox__w2-d0__monthhour,Winter,6063,Plumas,3844.5,3104.9,-739.6
genx__stoch__prox__w2-d0__monthhour,Winter,6065,Riverside,138054.5,183781.7,45727.2
genx__stoch__prox__w2-d0__monthhour,Winter,6067,Sacramento,105165.6,108151.9,2986.3
genx__stoch__prox__w2-d0__monthhour,Winter,6069,San Benito,2239.6,5772.5,3532.9
genx__stoch__prox__w2-d0__monthhour,Winter,6071,San Bernardino,171632.9,233253.2,61620.3
genx__stoch__prox__w2-d0__monthhour,Winter,6073,San Diego,287285.8,278155.3,-9130.5
genx__stoch__prox__w2-d0__monthhour,Winter,6075,San Francisco,64023.9,32058.0,-31965.9
genx__stoch__prox__w2-d0__monthhour,Winter,6077,San Joaquin,109997.1,96542.8,-13454.3
genx__stoch__prox__w2-d0__monthhour,Winter,6079,San Luis Obispo,26294.2,19667.2,-6627.0
genx__stoch__prox__w2-d0__monthhour,Winter,6081,San Mateo,83383.7,73748.0,-9635.7
genx__stoch__prox__w2-d0__monthhour,Winter,6083,Santa Barbara,44224.9,49937.6,5712.7
genx__stoch__prox__w2-d0__monthhour,Winter,6085,Santa Clara,220457.3,203035.2,-17422.1
genx__stoch__prox__w2-d0__monthhour,Winter,6087,Santa Cruz,25999.0,22378.2,-3620.8
genx__stoch__prox__w2-d0__monthhour,Winter,6089,Shasta,11746.0,13305.4,1559.4
genx__stoch__prox__w2-d0__monthhour,Winter,6091,Sierra,1437.1,1239.1,-198.0
genx__stoch__prox__w2-d0__monthhour,Winter,6093,Siskiyou,8663.5,8663.5,0.0
genx__stoch__prox__w2-d0__monthhour,Winter,6095,Solano,51322.4,50612.4,-710.0
genx__stoch__prox__w2-d0__monthhour,Winter,6097,Sonoma,45818.0,49313.4,3495.4
genx__stoch__prox__w2-d0__monthhour,Winter,6099,Stanislaus,66735.4,68448.3,1712.9
genx__stoch__prox__w2-d0__monthhour,Winter,6101,Sutter,12043.9,12045.3,1.4
genx__stoch__prox__w2-d0__monthhour,Winter,6103,Tehama,6491.9,4269.3,-2222.6
genx__stoch__prox__w2-d0__monthhour,Winter,6105,Trinity,2722.1,2670.8,-51.3
genx__stoch__prox__w2-d0__monthhour,Winter,6107,Tulare,42330.4,47859.7,5529.3
genx__stoch__prox__w2-d0__monthhour,Winter,6109,Tuolumne,5932.2,9228.8,3296.6
genx__stoch__prox__w2-d0__monthhour,Winter,6111,Ventura,85759.7,88642.9,2883.2
genx__stoch__prox__w2-d0__monthhour,Winter,6113,Yolo,25334.0,23563.6,-1770.4
genx__stoch__prox__w2-d0__monthhour,Winter,6115,Yuba,8758.2,9242.3,484.1
genx__stoch__prox__w2-d1__monthhour,Winter,6001,Alameda,181317.0,155917.7,-25399.3
genx__stoch__prox__w2-d1__monthhour,Winter,6003,Alpine,2852.7,62.5,-2790.2
genx__stoch__prox__w2-d1__monthhour,Winter,6005,Amador,4809.9,5660.4,850.5
genx__stoch__prox__w2-d1__monthhour,Winter,6007,Butte,22030.2,28013.7,5983.5
genx__stoch__prox__w2-d1__monthhour,Winter,6009,Calaveras,1725.3,2668.6,943.3
genx__stoch__prox__w2-d1__monthhour,Winter,6011,Colusa,3732.3,3754.1,21.8
genx__stoch__prox__w2-d1__monthhour,Winter,6013,Contra Costa,142305.6,139242.3,-3063.3
genx__stoch__prox__w2-d1__monthhour,Winter,6017,El Dorado,9533.7,14591.4,5057.7
genx__stoch__prox__w2-d1__monthhour,Winter,6019,Fresno,88757.6,100691.6,11934.0
genx__stoch__prox__w2-d1__monthhour,Winter,6021,Glenn,6161.1,3693.0,-2468.1
genx__stoch__prox__w2-d1__monthhour,Winter,6023,Humboldt,10289.0,12004.2,1715.2
genx__stoch__prox__w2-d1__monthhour,Winter,6025,Imperial,15510.6,15510.6,0.0
genx__stoch__prox__w2-d1__monthhour,Winter,6027,Inyo,15349.1,5781.7,-9567.4
genx__stoch__prox__w2-d1__monthhour,Winter,6029,Kern,115414.5,101161.2,-14253.3
genx__stoch__prox__w2-d1__monthhour,Winter,6031,Kings,19792.5,20305.3,512.8
genx__stoch__prox__w2-d1__monthhour,Winter,6033,Lake,8159.7,10703.0,2543.3
genx__stoch__prox__w2-d1__monthhour,Winter,6035,Lassen,7407.3,7695.3,288.0
genx__stoch__prox__w2-d1__monthhour,Winter,6037,Los Angeles,915470.0,853292.3,-62177.7
genx__stoch__prox__w2-d1__monthhour,Winter,6039,Madera,12473.6,31773.9,19300.3
genx__stoch__prox__w2-d1__monthhour,Winter,6041,Marin,28412.7,20796.9,-7615.8
genx__stoch__prox__w2-d1__monthhour,Winter,6043,Mariposa,1362.4,1903.8,541.4
genx__stoch__prox__w2-d1__monthhour,Winter,6045,Mendocino,10320.5,11767.1,1446.6
genx__stoch__prox__w2-d1__monthhour,Winter,6047,Merced,22724.9,27309.7,4584.8
genx__stoch__prox__w2-d1__monthhour,Winter,6049,Modoc,2465.3,2465.3,0.0
genx__stoch__prox__w2-d1__monthhour,Winter,6051,Mono,1544.3,3267.3,1723.0
genx__stoch__prox__w2-d1__monthhour,Winter,6053,Monterey,34773.6,33929.4,-844.2
genx__stoch__prox__w2-d1__monthhour,Winter,6055,Napa,16074.2,12733.0,-3341.2
genx__stoch__prox__w2-d1__monthhour,Winter,6057,Nevada,3551.5,6380.6,2829.1
genx__stoch__prox__w2-d1__monthhour,Winter,6059,Orange,246837.9,276942.0,30104.1
genx__stoch__prox__w2-d1__monthhour,Winter,6061,Placer,35887.4,42158.9,6271.5
genx__stoch__prox__w2-d1__monthhour,Winter,6063,Plumas,3844.5,3101.4,-743.1
genx__stoch__prox__w2-d1__monthhour,Winter,6065,Riverside,138054.5,182199.9,44145.4
genx__stoch__prox__w2-d1__monthhour,Winter,6067,Sacramento,105165.6,108157.0,2991.4
genx__stoch__prox__w2-d1__monthhour,Winter,6069,San Benito,2239.6,5503.8,3264.2
genx__stoch__prox__w2-d1__monthhour,Winter,6071,San Bernardino,171632.9,231136.9,59504.0
genx__stoch__prox__w2-d1__monthhour,Winter,6073,San Diego,287285.8,279294.9,-7990.9
genx__stoch__prox__w2-d1__monthhour,Winter,6075,San Francisco,64023.9,32688.7,-31335.2
genx__stoch__prox__w2-d1__monthhour,Winter,6077,San Joaquin,109997.1,95612.5,-14384.6
genx__stoch__prox__w2-d1__monthhour,Winter,6079,San Luis Obispo,26294.2,19726.5,-6567.7
genx__stoch__prox__w2-d1__monthhour,Winter,6081,San Mateo,83383.7,74249.1,-9134.6
genx__stoch__prox__w2-d1__monthhour,Winter,6083,Santa Barbara,44224.9,49847.7,5622.8
genx__stoch__prox__w2-d1__monthhour,Winter,6085,Santa Clara,220457.3,200867.7,-19589.6
genx__stoch__prox__w2-d1__monthhour,Winter,6087,Santa Cruz,25999.0,22179.8,-3819.2
genx__stoch__prox__w2-d1__monthhour,Winter,6089,Shasta,11746.0,13644.1,1898.1
genx__stoch__prox__w2-d1__monthhour,Winter,6091,Sierra,1437.1,1250.7,-186.4
genx__stoch__prox__w2-d1__monthhour,Winter,6093,Siskiyou,8663.5,8663.5,0.0
genx__stoch__prox__w2-d1__monthhour,Winter,6095,Solano,51322.4,51009.6,-312.8
genx__stoch__prox__w2-d1__monthhour,Winter,6097,Sonoma,45818.0,49350.0,3532.0
genx__stoch__prox__w2-d1__monthhour,Winter,6099,Stanislaus,66735.4,68051.6,1316.2
genx__stoch__prox__w2-d1__monthhour,Winter,6101,Sutter,12043.9,12396.1,352.2
genx__stoch__prox__w2-d1__monthhour,Winter,6103,Tehama,6491.9,4158.9,-2333.0
genx__stoch__prox__w2-d1__monthhour,Winter,6105,Trinity,2722.1,2661.5,-60.6
genx__stoch__prox__w2-d1__monthhour,Winter,6107,Tulare,42330.4,47234.9,4904.5
genx__stoch__prox__w2-d1__monthhour,Winter,6109,Tuolumne,5932.2,9223.8,3291.6
genx__stoch__prox__w2-d1__monthhour,Winter,6111,Ventura,85759.7,87792.9,2033.2
genx__stoch__prox__w2-d1__monthhour,Winter,6113,Yolo,25334.0,23305.8,-2028.2
genx__stoch__prox__w2-d1__monthhour,Winter,6115,Yuba,8758.2,9258.1,499.9
genx__stoch__prox__w2-d2__monthhour,Winter,6001,Alameda,181317.0,154874.0,-26443.0
genx__stoch__prox__w2-d2__monthhour,Winter,6003,Alpine,2852.7,50.9,-2801.8
genx__stoch__prox__w2-d2__monthhour,Winter,6005,Amador,4809.9,5601.3,791.4
genx__stoch__prox__w2-d2__monthhour,Winter,6007,Butte,22030.2,28049.3,6019.1
genx__stoch__prox__w2-d2__monthhour,Winter,6009,Calaveras,1725.3,2657.8,932.5
genx__stoch__prox__w2-d2__monthhour,Winter,6011,Colusa,3732.3,3706.7,-25.6
genx__stoch__prox__w2-d2__monthhour,Winter,6013,Contra Costa,142305.6,140943.6,-1362.0
genx__stoch__prox__w2-d2__monthhour,Winter,6017,El Dorado,9533.7,15279.1,5745.4
genx__stoch__prox__w2-d2__monthhour,Winter,6019,Fresno,88757.6,100851.0,12093.4
genx__stoch__prox__w2-d2__monthhour,Winter,6021,Glenn,6161.1,3645.7,-2515.4
genx__stoch__prox__w2-d2__monthhour,Winter,6023,Humboldt,10289.0,12034.2,1745.2
genx__stoch__prox__w2-d2__monthhour,Winter,6025,Imperial,15510.6,15510.6,0.0
genx__stoch__prox__w2-d2__monthhour,Winter,6027,Inyo,15349.1,5722.9,-9626.2
genx__stoch__prox__w2-d2__monthhour,Winter,6029,Kern,115414.5,103735.3,-11679.2
genx__stoch__prox__w2-d2__monthhour,Winter,6031,Kings,19792.5,20740.8,948.3
genx__stoch__prox__w2-d2__monthhour,Winter,6033,Lake,8159.7,10773.7,2614.0
genx__stoch__prox__w2-d2__monthhour,Winter,6035,Lassen,7407.3,7704.8,297.5
genx__stoch__prox__w2-d2__monthhour,Winter,6037,Los Angeles,915470.0,854239.9,-61230.1
genx__stoch__prox__w2-d2__monthhour,Winter,6039,Madera,12473.6,31141.8,18668.2
genx__stoch__prox__w2-d2__monthhour,Winter,6041,Marin,28412.7,21058.6,-7354.1
genx__stoch__prox__w2-d2__monthhour,Winter,6043,Mariposa,1362.4,1879.4,517.0
genx__stoch__prox__w2-d2__monthhour,Winter,6045,Mendocino,10320.5,11836.1,1515.6
genx__stoch__prox__w2-d2__monthhour,Winter,6047,Merced,22724.9,27329.2,4604.3
genx__stoch__prox__w2-d2__monthhour,Winter,6049,Modoc,2465.3,2465.3,0.0
genx__stoch__prox__w2-d2__monthhour,Winter,6051,Mono,1544.3,3829.3,2285.0
genx__stoch__prox__w2-d2__monthhour,Winter,6053,Monterey,34773.6,33981.5,-792.1
genx__stoch__prox__w2-d2__monthhour,Winter,6055,Napa,16074.2,12694.8,-3379.4
genx__stoch__prox__w2-d2__monthhour,Winter,6057,Nevada,3551.5,6275.2,2723.7
genx__stoch__prox__w2-d2__monthhour,Winter,6059,Orange,246837.9,276879.9,30042.0
genx__stoch__prox__w2-d2__monthhour,Winter,6061,Placer,35887.4,41642.3,5754.9
genx__stoch__prox__w2-d2__monthhour,Winter,6063,Plumas,3844.5,3106.4,-738.1
genx__stoch__prox__w2-d2__monthhour,Winter,6065,Riverside,138054.5,180763.0,42708.5
genx__stoch__prox__w2-d2__monthhour,Winter,6067,Sacramento,105165.6,109356.8,4191.2
genx__stoch__prox__w2-d2__monthhour,Winter,6069,San Benito,2239.6,5818.7,3579.1
genx__stoch__prox__w2-d2__monthhour,Winter,6071,San Bernardino,171632.9,230576.8,58943.9
genx__stoch__prox__w2-d2__monthhour,Winter,6073,San Diego,287285.8,276196.6,-11089.2
genx__stoch__prox__w2-d2__monthhour,Winter,6075,San Francisco,64023.9,31752.0,-32271.9
genx__stoch__prox__w2-d2__monthhour,Winter,6077,San Joaquin,109997.1,95693.2,-14303.9
genx__stoch__prox__w2-d2__monthhour,Winter,6079,San Luis Obispo,26294.2,19893.3,-6400.9
genx__stoch__prox__w2-d2__monthhour,Winter,6081,San Mateo,83383.7,75022.9,-8360.8
genx__stoch__prox__w2-d2__monthhour,Winter,6083,Santa Barbara,44224.9,49952.2,5727.3
genx__stoch__prox__w2-d2__monthhour,Winter,6085,Santa Clara,220457.3,201678.5,-18778.8
genx__stoch__prox__w2-d2__monthhour,Winter,6087,Santa Cruz,25999.0,22347.7,-3651.3
genx__stoch__prox__w2-d2__monthhour,Winter,6089,Shasta,11746.0,13519.9,1773.9
genx__stoch__prox__w2-d2__monthhour,Winter,6091,Sierra,1437.1,1260.0,-177.1
genx__stoch__prox__w2-d2__monthhour,Winter,6093,Siskiyou,8663.5,8663.5,0.0
genx__stoch__prox__w2-d2__monthhour,Winter,6095,Solano,51322.4,50540.2,-782.2
genx__stoch__prox__w2-d2__monthhour,Winter,6097,Sonoma,45818.0,49450.4,3632.4
genx__stoch__prox__w2-d2__monthhour,Winter,6099,Stanislaus,66735.4,68213.0,1477.6
genx__stoch__prox__w2-d2__monthhour,Winter,6101,Sutter,12043.9,12205.2,161.3
genx__stoch__prox__w2-d2__monthhour,Winter,6103,Tehama,6491.9,4285.3,-2206.6
genx__stoch__prox__w2-d2__monthhour,Winter,6105,Trinity,2722.1,2669.0,-53.1
genx__stoch__prox__w2-d2__monthhour,Winter,6107,Tulare,42330.4,45652.1,3321.7
genx__stoch__prox__w2-d2__monthhour,Winter,6109,Tuolumne,5932.2,9075.9,3143.7
genx__stoch__prox__w2-d2__monthhour,Winter,6111,Ventura,85759.7,88079.3,2319.6
genx__stoch__prox__w2-d2__monthhour,Winter,6113,Yolo,25334.0,22539.3,-2794.7
genx__stoch__prox__w2-d2__monthhour,Winter,6115,Yuba,8758.2,9298.0,539.8
genx__stoch__prox__w2-mean__monthhour,Winter,6001,Alameda,181317.0,155883.1,-25433.9
genx__stoch__prox__w2-mean__monthhour,Winter,6003,Alpine,2852.7,59.5,-2793.2
genx__stoch__prox__w2-mean__monthhour,Winter,6005,Amador,4809.9,5617.8,807.9
genx__stoch__prox__w2-mean__monthhour,Winter,6007,Butte,22030.2,27890.2,5860.0
genx__stoch__prox__w2-mean__monthhour,Winter,6009,Calaveras,1725.3,2683.3,958.0
genx__stoch__prox__w2-mean__monthhour,Winter,6011,Colusa,3732.3,3695.1,-37.2
genx__stoch__prox__w2-mean__monthhour,Winter,6013,Contra Costa,142305.6,139924.1,-2381.5
genx__stoch__prox__w2-mean__monthhour,Winter,6017,El Dorado,9533.7,14924.1,5390.4
genx__stoch__prox__w2-mean__monthhour,Winter,6019,Fresno,88757.6,100811.7,12054.1
genx__stoch__prox__w2-mean__monthhour,Winter,6021,Glenn,6161.1,3686.1,-2475.0
genx__stoch__prox__w2-mean__monthhour,Winter,6023,Humboldt,10289.0,11909.4,1620.4
genx__stoch__prox__w2-mean__monthhour,Winter,6025,Imperial,15510.6,15510.6,0.0
genx__stoch__prox__w2-mean__monthhour,Winter,6027,Inyo,15349.1,5770.2,-9578.9
genx__stoch__prox__w2-mean__monthhour,Winter,6029,Kern,115414.5,102506.1,-12908.4
genx__stoch__prox__w2-mean__monthhour,Winter,6031,Kings,19792.5,20488.9,696.4
genx__stoch__prox__w2-mean__monthhour,Winter,6033,Lake,8159.7,10744.9,2585.2
genx__stoch__prox__w2-mean__monthhour,Winter,6035,Lassen,7407.3,7700.6,293.3
genx__stoch__prox__w2-mean__monthhour,Winter,6037,Los Angeles,915470.0,853635.1,-61834.9
genx__stoch__prox__w2-mean__monthhour,Winter,6039,Madera,12473.6,31406.4,18932.8
genx__stoch__prox__w2-mean__monthhour,Winter,6041,Marin,28412.7,20972.0,-7440.7
genx__stoch__prox__w2-mean__monthhour,Winter,6043,Mariposa,1362.4,1861.7,499.3
genx__stoch__prox__w2-mean__monthhour,Winter,6045,Mendocino,10320.5,11765.8,1445.3
genx__stoch__prox__w2-mean__monthhour,Winter,6047,Merced,22724.9,27257.1,4532.2
genx__stoch__prox__w2-mean__monthhour,Winter,6049,Modoc,2465.3,2465.3,0.0
genx__stoch__prox__w2-mean__monthhour,Winter,6051,Mono,1544.3,3492.8,1948.5
genx__stoch__prox__w2-mean__monthhour,Winter,6053,Monterey,34773.6,33901.4,-872.2
genx__stoch__prox__w2-mean__monthhour,Winter,6055,Napa,16074.2,12741.2,-3333.0
genx__stoch__prox__w2-mean__monthhour,Winter,6057,Nevada,3551.5,6444.9,2893.4
genx__stoch__prox__w2-mean__monthhour,Winter,6059,Orange,246837.9,275243.1,28405.2
genx__stoch__prox__w2-mean__monthhour,Winter,6061,Placer,35887.4,41841.4,5954.0
genx__stoch__prox__w2-mean__monthhour,Winter,6063,Plumas,3844.5,3102.7,-741.8
genx__stoch__prox__w2-mean__monthhour,Winter,6065,Riverside,138054.5,181908.7,43854.2
genx__stoch__prox__w2-mean__monthhour,Winter,6067,Sacramento,105165.6,108523.5,3357.9
genx__stoch__prox__w2-mean__monthhour,Winter,6069,San Benito,2239.6,5576.4,3336.8
genx__stoch__prox__w2-mean__monthhour,Winter,6071,San Bernardino,171632.9,231194.0,59561.1
genx__stoch__prox__w2-mean__monthhour,Winter,6073,San Diego,287285.8,277535.3,-9750.5
genx__stoch__prox__w2-mean__monthhour,Winter,6075,San Francisco,64023.9,32283.4,-31740.5
genx__stoch__prox__w2-mean__monthhour,Winter,6077,San Joaquin,109997.1,96109.6,-13887.5
genx__stoch__prox__w2-mean__monthhour,Winter,6079,San Luis Obispo,26294.2,19769.6,-6524.6
genx__stoch__prox__w2-mean__monthhour,Winter,6081,San Mateo,83383.7,74453.9,-8929.8
genx__stoch__prox__w2-mean__monthhour,Winter,6083,Santa Barbara,44224.9,50119.8,5894.9
genx__stoch__prox__w2-mean__monthhour,Winter,6085,Santa Clara,220457.3,201764.4,-18692.9
genx__stoch__prox__w2-mean__monthhour,Winter,6087,Santa Cruz,25999.0,22206.4,-3792.6
genx__stoch__prox__w2-mean__monthhour,Winter,6089,Shasta,11746.0,13515.1,1769.1
genx__stoch__prox__w2-mean__monthhour,Winter,6091,Sierra,1437.1,1250.4,-186.7
genx__stoch__prox__w2-mean__monthhour,Winter,6093,Siskiyou,8663.5,8663.5,0.0
genx__stoch__prox__w2-mean__monthhour,Winter,6095,Solano,51322.4,50744.0,-578.4
genx__stoch__prox__w2-mean__monthhour,Winter,6097,Sonoma,45818.0,49462.8,3644.8
genx__stoch__prox__w2-mean__monthhour,Winter,6099,Stanislaus,66735.4,68238.8,1503.4
genx__stoch__prox__w2-mean__monthhour,Winter,6101,Sutter,12043.9,12255.5,211.6
genx__stoch__prox__w2-mean__monthhour,Winter,6103,Tehama,6491.9,4297.2,-2194.7
genx__stoch__prox__w2-mean__monthhour,Winter,6105,Trinity,2722.1,2666.2,-55.9
genx__stoch__prox__w2-mean__monthhour,Winter,6107,Tulare,42330.4,46741.9,4411.5
genx__stoch__prox__w2-mean__monthhour,Winter,6109,Tuolumne,5932.2,9198.7,3266.5
genx__stoch__prox__w2-mean__monthhour,Winter,6111,Ventura,85759.7,87887.6,2127.9
genx__stoch__prox__w2-mean__monthhour,Winter,6113,Yolo,25334.0,23027.4,-2306.6
genx__stoch__prox__w2-mean__monthhour,Winter,6115,Yuba,8758.2,9413.5,655.3
genx__env__prox__hold__monthhour,Spring,6001,Alameda,180010.5,135232.4,-44778.1
genx__env__prox__hold__monthhour,Spring,6003,Alpine,2832.2,28.3,-2803.9
genx__env__prox__hold__monthhour,Spring,6005,Amador,4777.4,4890.1,112.7
genx__env__prox__hold__monthhour,Spring,6007,Butte,21868.9,27791.6,5922.7
genx__env__prox__hold__monthhour,Spring,6009,Calaveras,1711.6,2394.6,683.0
genx__env__prox__hold__monthhour,Spring,6011,Colusa,3705.7,5394.4,1688.7
genx__env__prox__hold__monthhour,Spring,6013,Contra Costa,141271.6,123820.8,-17450.8
genx__env__prox__hold__monthhour,Spring,6017,El Dorado,9465.0,12068.1,2603.1
genx__env__prox__hold__monthhour,Spring,6019,Fresno,88108.4,119219.9,31111.5
genx__env__prox__hold__monthhour,Spring,6021,Glenn,6116.4,5429.5,-686.9
genx__env__prox__hold__monthhour,Spring,6023,Humboldt,10216.4,9678.8,-537.6
genx__env__prox__hold__monthhour,Spring,6025,Imperial,15403.1,15403.1,0.0
genx__env__prox__hold__monthhour,Spring,6027,Inyo,15237.1,5916.4,-9320.7
genx__env__prox__hold__monthhour,Spring,6029,Kern,114578.8,128514.8,13936.0
genx__env__prox__hold__monthhour,Spring,6031,Kings,19653.1,25879.9,6226.8
genx__env__prox__hold__monthhour,Spring,6033,Lake,8101.4,9224.8,1123.4
genx__env__prox__hold__monthhour,Spring,6035,Lassen,7353.7,7570.2,216.5
genx__env__prox__hold__monthhour,Spring,6037,Los Angeles,908907.4,840897.0,-68010.4
genx__env__prox__hold__monthhour,Spring,6039,Madera,12382.7,49177.3,36794.6
genx__env__prox__hold__monthhour,Spring,6041,Marin,28207.6,14376.6,-13831.0
genx__env__prox__hold__monthhour,Spring,6043,Mariposa,1352.0,1588.3,236.3
genx__env__prox__hold__monthhour,Spring,6045,Mendocino,10240.9,10186.5,-54.4
genx__env__prox__hold__monthhour,Spring,6047,Merced,22558.0,31731.4,9173.4
genx__env__prox__hold__monthhour,Spring,6049,Modoc,2448.5,2448.5,0.0
genx__env__prox__hold__monthhour,Spring,6051,Mono,1532.9,2042.8,509.9
genx__env__prox__hold__monthhour,Spring,6053,Monterey,34526.8,33427.4,-1099.4
genx__env__prox__hold__monthhour,Spring,6055,Napa,15960.4,10507.1,-5453.3
genx__env__prox__hold__monthhour,Spring,6057,Nevada,3526.6,5338.3,1811.7
genx__env__prox__hold__monthhour,Spring,6059,Orange,245077.6,268359.9,23282.3
genx__env__prox__hold__monthhour,Spring,6061,Placer,35631.3,38258.0,2626.7
genx__env__prox__hold__monthhour,Spring,6063,Plumas,3819.4,2788.3,-1031.1
genx__env__prox__hold__monthhour,Spring,6065,Riverside,137067.8,205286.6,68218.8
genx__env__prox__hold__monthhour,Spring,6067,Sacramento,104418.9,106959.3,2540.4
genx__env__prox__hold__monthhour,Spring,6069,San Benito,2224.6,5048.1,2823.5
genx__env__prox__hold__monthhour,Spring,6071,San Bernardino,170417.0,244281.5,73864.5
genx__env__prox__hold__monthhour,Spring,6073,San Diego,285228.0,263828.9,-21399.1
genx__env__prox__hold__monthhour,Spring,6075,San Francisco,63561.2,29993.0,-33568.2
genx__env__prox__hold__monthhour,Spring,6077,San Joaquin,109191.2,98802.8,-10388.4
genx__env__prox__hold__monthhour,Spring,6079,San Luis Obispo,26103.6,16752.9,-9350.7
genx__env__prox__hold__monthhour,Spring,6081,San Mateo,82778.0,61446.4,-21331.6
genx__env__prox__hold__monthhour,Spring,6083,Santa Barbara,43907.2,45609.0,1701.8
genx__env__prox__hold__monthhour,Spring,6085,Santa Clara,218858.7,184718.8,-34139.9
genx__env__prox__hold__monthhour,Spring,6087,Santa Cruz,25812.7,18583.6,-7229.1
genx__env__prox__hold__monthhour,Spring,6089,Shasta,11661.5,13190.2,1528.7
genx__env__prox__hold__monthhour,Spring,6091,Sierra,1424.8,1219.2,-205.6
genx__env__prox__hold__monthhour,Spring,6093,Siskiyou,8597.9,8597.9,0.0
genx__env__prox__hold__monthhour,Spring,6095,Solano,50949.7,47119.8,-3829.9
genx__env__prox__hold__monthhour,Spring,6097,Sonoma,45481.1,40195.4,-5285.7
genx__env__prox__hold__monthhour,Spring,6099,Stanislaus,66243.0,69185.0,2942.0
genx__env__prox__hold__monthhour,Spring,6101,Sutter,11959.9,13933.2,1973.3
genx__env__prox__hold__monthhour,Spring,6103,Tehama,6447.1,5245.5,-1201.6
genx__env__prox__hold__monthhour,Spring,6105,Trinity,2703.5,2618.8,-84.7
genx__env__prox__hold__monthhour,Spring,6107,Tulare,42030.1,62581.0,20550.9
genx__env__prox__hold__monthhour,Spring,6109,Tuolumne,5889.5,7882.2,1992.7
genx__env__prox__hold__monthhour,Spring,6111,Ventura,85140.3,80989.5,-4150.8
genx__env__prox__hold__monthhour,Spring,6113,Yolo,25150.4,25177.5,27.1
genx__env__prox__hold__monthhour,Spring,6115,Yuba,8693.6,9693.5,999.9
genx__env__prox__hold__static,Spring,6001,Alameda,180010.5,144563.4,-35447.1
genx__env__prox__hold__static,Spring,6003,Alpine,2832.2,36.3,-2795.9
genx__env__prox__hold__static,Spring,6005,Amador,4777.4,5220.8,443.4
genx__env__prox__hold__static,Spring,6007,Butte,21868.9,27484.5,5615.6
genx__env__prox__hold__static,Spring,6009,Calaveras,1711.6,2521.7,810.1
genx__env__prox__hold__static,Spring,6011,Colusa,3705.7,4615.7,910.0
genx__env__prox__hold__static,Spring,6013,Contra Costa,141271.6,127963.7,-13307.9
genx__env__prox__hold__static,Spring,6017,El Dorado,9465.0,13402.9,3937.9
genx__env__prox__hold__static,Spring,6019,Fresno,88108.4,109944.1,21835.7
genx__env__prox__hold__static,Spring,6021,Glenn,6116.4,4556.3,-1560.1
genx__env__prox__hold__static,Spring,6023,Humboldt,10216.4,10138.1,-78.3
genx__env__prox__hold__static,Spring,6025,Imperial,15403.1,15403.1,0.0
genx__env__prox__hold__static,Spring,6027,Inyo,15237.1,5810.6,-9426.5
genx__env__prox__hold__static,Spring,6029,Kern,114578.8,117263.4,2684.6
genx__env__prox__hold__static,Spring,6031,Kings,19653.1,24025.9,4372.8
genx__env__prox__hold__static,Spring,6033,Lake,8101.4,9869.8,1768.4
genx__env__prox__hold__static,Spring,6035,Lassen,7353.7,7567.0,213.3
genx__env__prox__hold__static,Spring,6037,Los Angeles,908907.4,843408.4,-65499.0
genx__env__prox__hold__static,Spring,6039,Madera,12382.7,38252.2,25869.5
genx__env__prox__hold__static,Spring,6041,Marin,28207.6,16288.8,-11918.8
genx__env__prox__hold__static,Spring,6043,Mariposa,1352.0,1705.6,353.6
genx__env__prox__hold__static,Spring,6045,Mendocino,10240.9,10683.1,442.2
genx__env__prox__hold__static,Spring,6047,Merced,22558.0,29484.8,6926.8
genx__env__prox__hold__static,Spring,6049,Modoc,2448.5,2448.5,0.0
genx__env__prox__hold__static,Spring,6051,Mono,1532.9,2681.2,1148.3
genx__env__prox__hold__static,Spring,6053,Monterey,34526.8,32742.3,-1784.5
genx__env__prox__hold__static,Spring,6055,Napa,15960.4,11041.5,-4918.9
genx__env__prox__hold__static,Spring,6057,Nevada,3526.6,5693.9,2167.3
genx__env__prox__hold__static,Spring,6059,Orange,245077.6,271392.0,26314.4
genx__env__prox__hold__static,Spring,6061,Placer,35631.3,39697.9,4066.6
genx__env__prox__hold__static,Spring,6063,Plumas,3819.4,2876.3,-943.1
genx__env__prox__hold__static,Spring,6065,Riverside,137067.8,200717.9,63650.1
genx__env__prox__hold__static,Spring,6067,Sacramento,104418.9,107548.9,3130.0
genx__env__prox__hold__static,Spring,6069,San Benito,2224.6,5207.0,2982.4
genx__env__prox__hold__static,Spring,6071,San Bernardino,170417.0,244609.8,74192.8
genx__env__prox__hold__static,Spring,6073,San Diego,285228.0,277887.6,-7340.4
genx__env__prox__hold__static,Spring,6075,San Francisco,63561.2,30191.7,-33369.5
genx__env__prox__hold__static,Spring,6077,San Joaquin,109191.2,96326.6,-12864.6
genx__env__prox__hold__static,Spring,6079,San Luis Obispo,26103.6,17586.6,-8517.0
genx__env__prox__hold__static,Spring,6081,San Mateo,82778.0,64102.6,-18675.4
genx__env__prox__hold__static,Spring,6083,Santa Barbara,43907.2,46568.4,2661.2
genx__env__prox__hold__static,Spring,6085,Santa Clara,218858.7,186162.5,-32696.2
genx__env__prox__hold__static,Spring,6087,Santa Cruz,25812.7,19530.2,-6282.5
genx__env__prox__hold__static,Spring,6089,Shasta,11661.5,13275.0,1613.5
genx__env__prox__hold__static,Spring,6091,Sierra,1424.8,1225.1,-199.7
genx__env__prox__hold__static,Spring,6093,Siskiyou,8597.9,8597.9,0.0
genx__env__prox__hold__static,Spring,6095,Solano,50949.7,47716.1,-3233.6
genx__env__prox__hold__static,Spring,6097,Sonoma,45481.1,42686.9,-2794.2
genx__env__prox__hold__static,Spring,6099,Stanislaus,66243.0,68562.9,2319.9
genx__env__prox__hold__static,Spring,6101,Sutter,11959.9,12911.8,951.9
genx__env__prox__hold__static,Spring,6103,Tehama,6447.1,4601.6,-1845.5
genx__env__prox__hold__static,Spring,6105,Trinity,2703.5,2629.1,-74.4
genx__env__prox__hold__static,Spring,6107,Tulare,42030.1,55111.3,13081.2
genx__env__prox__hold__static,Spring,6109,Tuolumne,5889.5,8417.4,2527.9
genx__env__prox__hold__static,Spring,6111,Ventura,85140.3,84143.3,-997.0
genx__env__prox__hold__static,Spring,6113,Yolo,25150.4,23933.7,-1216.7
genx__env__prox__hold__static,Spring,6115,Yuba,8693.6,9489.0,795.4
genx__reedsco__catch__aratio__monthhour,Spring,6001,Alameda,180010.5,106165.5,-73845.0
genx__reedsco__catch__aratio__monthhour,Spring,6003,Alpine,2832.2,0.0,-2832.2
genx__reedsco__catch__aratio__monthhour,Spring,6005,Amador,4777.4,6517.6,1740.2
genx__reedsco__catch__aratio__monthhour,Spring,6007,Butte,21868.9,15027.0,-6841.9
genx__reedsco__catch__aratio__monthhour,Spring,6009,Calaveras,1711.6,2715.2,1003.6
genx__reedsco__catch__aratio__monthhour,Spring,6011,Colusa,3705.7,3935.5,229.8
genx__reedsco__catch__aratio__monthhour,Spring,6013,Contra Costa,141271.6,128408.9,-12862.7
genx__reedsco__catch__aratio__monthhour,Spring,6017,El Dorado,9465.0,14651.2,5186.2
genx__reedsco__catch__aratio__monthhour,Spring,6019,Fresno,88108.4,108449.6,20341.2
genx__reedsco__catch__aratio__monthhour,Spring,6021,Glenn,6116.4,3432.3,-2684.1
genx__reedsco__catch__aratio__monthhour,Spring,6023,Humboldt,10216.4,8931.4,-1285.0
genx__reedsco__catch__aratio__monthhour,Spring,6025,Imperial,15403.1,42965.2,27562.1
genx__reedsco__catch__aratio__monthhour,Spring,6027,Inyo,15237.1,759.2,-14477.9
genx__reedsco__catch__aratio__monthhour,Spring,6029,Kern,114578.8,114101.0,-477.8
genx__reedsco__catch__aratio__monthhour,Spring,6031,Kings,19653.1,16071.5,-3581.6
genx__reedsco__catch__aratio__monthhour,Spring,6033,Lake,8101.4,3624.3,-4477.1
genx__reedsco__catch__aratio__monthhour,Spring,6035,Lassen,7353.7,936.6,-6417.1
genx__reedsco__catch__aratio__monthhour,Spring,6037,Los Angeles,908907.4,774193.1,-134714.3
genx__reedsco__catch__aratio__monthhour,Spring,6039,Madera,12382.7,17386.9,5004.2
genx__reedsco__catch__aratio__monthhour,Spring,6041,Marin,28207.6,14193.5,-14014.1
genx__reedsco__catch__aratio__monthhour,Spring,6043,Mariposa,1352.0,1298.6,-53.4
genx__reedsco__catch__aratio__monthhour,Spring,6045,Mendocino,10240.9,4353.3,-5887.6
genx__reedsco__catch__aratio__monthhour,Spring,6047,Merced,22558.0,33528.2,10970.2
genx__reedsco__catch__aratio__monthhour,Spring,6049,Modoc,2448.5,3236.8,788.3
genx__reedsco__catch__aratio__monthhour,Spring,6051,Mono,1532.9,660.1,-872.8
genx__reedsco__catch__aratio__monthhour,Spring,6053,Monterey,34526.8,26905.6,-7621.2
genx__reedsco__catch__aratio__monthhour,Spring,6055,Napa,15960.4,14875.2,-1085.2
genx__reedsco__catch__aratio__monthhour,Spring,6057,Nevada,3526.6,7624.0,4097.4
genx__reedsco__catch__aratio__monthhour,Spring,6059,Orange,245077.6,284422.3,39344.7
genx__reedsco__catch__aratio__monthhour,Spring,6061,Placer,35631.3,40798.1,5166.8
genx__reedsco__catch__aratio__monthhour,Spring,6063,Plumas,3819.4,1597.8,-2221.6
genx__reedsco__catch__aratio__monthhour,Spring,6065,Riverside,137067.8,145806.5,8738.7
genx__reedsco__catch__aratio__monthhour,Spring,6067,Sacramento,104418.9,109071.0,4652.1
genx__reedsco__catch__aratio__monthhour,Spring,6069,San Benito,2224.6,4766.5,2541.9
genx__reedsco__catch__aratio__monthhour,Spring,6071,San Bernardino,170417.0,338924.4,168507.4
genx__reedsco__catch__aratio__monthhour,Spring,6073,San Diego,285228.0,475621.6,190393.6
genx__reedsco__catch__aratio__monthhour,Spring,6075,San Francisco,63561.2,47308.8,-16252.4
genx__reedsco__catch__aratio__monthhour,Spring,6077,San Joaquin,109191.2,71185.2,-38006.0
genx__reedsco__catch__aratio__monthhour,Spring,6079,San Luis Obispo,26103.6,20723.2,-5380.4
genx__reedsco__catch__aratio__monthhour,Spring,6081,San Mateo,82778.0,61396.2,-21381.8
genx__reedsco__catch__aratio__monthhour,Spring,6083,Santa Barbara,43907.2,34015.1,-9892.1
genx__reedsco__catch__aratio__monthhour,Spring,6085,Santa Clara,218858.7,184486.3,-34372.4
genx__reedsco__catch__aratio__monthhour,Spring,6087,Santa Cruz,25812.7,11409.8,-14402.9
genx__reedsco__catch__aratio__monthhour,Spring,6089,Shasta,11661.5,16712.8,5051.3
genx__reedsco__catch__aratio__monthhour,Spring,6091,Sierra,1424.8,924.0,-500.8
genx__reedsco__catch__aratio__monthhour,Spring,6093,Siskiyou,8597.9,6566.7,-2031.2
genx__reedsco__catch__aratio__monthhour,Spring,6095,Solano,50949.7,41175.1,-9774.6
genx__reedsco__catch__aratio__monthhour,Spring,6097,Sonoma,45481.1,21656.3,-23824.8
genx__reedsco__catch__aratio__monthhour,Spring,6099,Stanislaus,66243.0,56517.8,-9725.2
genx__reedsco__catch__aratio__monthhour,Spring,6101,Sutter,11959.9,8131.4,-3828.5
genx__reedsco__catch__aratio__monthhour,Spring,6103,Tehama,6447.1,4443.1,-2004.0
genx__reedsco__catch__aratio__monthhour,Spring,6105,Trinity,2703.5,1154.6,-1548.9
genx__reedsco__catch__aratio__monthhour,Spring,6107,Tulare,42030.1,64026.6,21996.5
genx__reedsco__catch__aratio__monthhour,Spring,6109,Tuolumne,5889.5,4913.2,-976.3
genx__reedsco__catch__aratio__monthhour,Spring,6111,Ventura,85140.3,63788.1,-21352.2
genx__reedsco__catch__aratio__monthhour,Spring,6113,Yolo,25150.4,19235.5,-5914.9
genx__reedsco__catch__aratio__monthhour,Spring,6115,Yuba,8693.6,6729.2,-1964.4
genx__reedsco__namecatch__aratio__monthhour,Spring,6001,Alameda,180010.5,106174.6,-73835.9
genx__reedsco__namecatch__aratio__monthhour,Spring,6003,Alpine,2832.2,0.0,-2832.2
genx__reedsco__namecatch__aratio__monthhour,Spring,6005,Amador,4777.4,6518.6,1741.2
genx__reedsco__namecatch__aratio__monthhour,Spring,6007,Butte,21868.9,15023.3,-6845.6
genx__reedsco__namecatch__aratio__monthhour,Spring,6009,Calaveras,1711.6,2714.6,1003.0
genx__reedsco__namecatch__aratio__monthhour,Spring,6011,Colusa,3705.7,3935.2,229.5
genx__reedsco__namecatch__aratio__monthhour,Spring,6013,Contra Costa,141271.6,128421.1,-12850.5
genx__reedsco__namecatch__aratio__monthhour,Spring,6017,El Dorado,9465.0,14650.8,5185.8
genx__reedsco__namecatch__aratio__monthhour,Spring,6019,Fresno,88108.4,108452.9,20344.5
genx__reedsco__namecatch__aratio__monthhour,Spring,6021,Glenn,6116.4,3432.1,-2684.3
genx__reedsco__namecatch__aratio__monthhour,Spring,6023,Humboldt,10216.4,8931.7,-1284.7
genx__reedsco__namecatch__aratio__monthhour,Spring,6025,Imperial,15403.1,42966.6,27563.5
genx__reedsco__namecatch__aratio__monthhour,Spring,6027,Inyo,15237.1,765.2,-14471.9
genx__reedsco__namecatch__aratio__monthhour,Spring,6029,Kern,114578.8,114097.5,-481.3
genx__reedsco__namecatch__aratio__monthhour,Spring,6031,Kings,19653.1,16071.7,-3581.4
genx__reedsco__namecatch__aratio__monthhour,Spring,6033,Lake,8101.4,3624.6,-4476.8
genx__reedsco__namecatch__aratio__monthhour,Spring,6035,Lassen,7353.7,937.3,-6416.4
genx__reedsco__namecatch__aratio__monthhour,Spring,6037,Los Angeles,908907.4,774188.1,-134719.3
genx__reedsco__namecatch__aratio__monthhour,Spring,6039,Madera,12382.7,17387.6,5004.9
genx__reedsco__namecatch__aratio__monthhour,Spring,6041,Marin,28207.6,14185.3,-14022.3
genx__reedsco__namecatch__aratio__monthhour,Spring,6043,Mariposa,1352.0,1298.5,-53.5
genx__reedsco__namecatch__aratio__monthhour,Spring,6045,Mendocino,10240.9,4353.6,-5887.3
genx__reedsco__namecatch__aratio__monthhour,Spring,6047,Merced,22558.0,33524.4,10966.4
genx__reedsco__namecatch__aratio__monthhour,Spring,6049,Modoc,2448.5,3235.4,786.9
genx__reedsco__namecatch__aratio__monthhour,Spring,6051,Mono,1532.9,659.5,-873.4
genx__reedsco__namecatch__aratio__monthhour,Spring,6053,Monterey,34526.8,26903.0,-7623.8
genx__reedsco__namecatch__aratio__monthhour,Spring,6055,Napa,15960.4,14878.7,-1081.7
genx__reedsco__namecatch__aratio__monthhour,Spring,6057,Nevada,3526.6,7624.0,4097.4
genx__reedsco__namecatch__aratio__monthhour,Spring,6059,Orange,245077.6,284415.0,39337.4
genx__reedsco__namecatch__aratio__monthhour,Spring,6061,Placer,35631.3,40796.1,5164.8
genx__reedsco__namecatch__aratio__monthhour,Spring,6063,Plumas,3819.4,1597.5,-2221.9
genx__reedsco__namecatch__aratio__monthhour,Spring,6065,Riverside,137067.8,145824.6,8756.8
genx__reedsco__namecatch__aratio__monthhour,Spring,6067,Sacramento,104418.9,109060.0,4641.1
genx__reedsco__namecatch__aratio__monthhour,Spring,6069,San Benito,2224.6,4766.5,2541.9
genx__reedsco__namecatch__aratio__monthhour,Spring,6071,San Bernardino,170417.0,338906.3,168489.3
genx__reedsco__namecatch__aratio__monthhour,Spring,6073,San Diego,285228.0,475617.9,190389.9
genx__reedsco__namecatch__aratio__monthhour,Spring,6075,San Francisco,63561.2,47309.2,-16252.0
genx__reedsco__namecatch__aratio__monthhour,Spring,6077,San Joaquin,109191.2,71186.9,-38004.3
genx__reedsco__namecatch__aratio__monthhour,Spring,6079,San Luis Obispo,26103.6,20721.9,-5381.7
genx__reedsco__namecatch__aratio__monthhour,Spring,6081,San Mateo,82778.0,61404.3,-21373.7
genx__reedsco__namecatch__aratio__monthhour,Spring,6083,Santa Barbara,43907.2,34013.9,-9893.3
genx__reedsco__namecatch__aratio__monthhour,Spring,6085,Santa Clara,218858.7,184487.4,-34371.3
genx__reedsco__namecatch__aratio__monthhour,Spring,6087,Santa Cruz,25812.7,11411.1,-14401.6
genx__reedsco__namecatch__aratio__monthhour,Spring,6089,Shasta,11661.5,16715.2,5053.7
genx__reedsco__namecatch__aratio__monthhour,Spring,6091,Sierra,1424.8,923.7,-501.1
genx__reedsco__namecatch__aratio__monthhour,Spring,6093,Siskiyou,8597.9,6567.7,-2030.2
genx__reedsco__namecatch__aratio__monthhour,Spring,6095,Solano,50949.7,41180.8,-9768.9
genx__reedsco__namecatch__aratio__monthhour,Spring,6097,Sonoma,45481.1,21653.3,-23827.8
genx__reedsco__namecatch__aratio__monthhour,Spring,6099,Stanislaus,66243.0,56519.6,-9723.4
genx__reedsco__namecatch__aratio__monthhour,Spring,6101,Sutter,11959.9,8129.2,-3830.7
genx__reedsco__namecatch__aratio__monthhour,Spring,6103,Tehama,6447.1,4443.0,-2004.1
genx__reedsco__namecatch__aratio__monthhour,Spring,6105,Trinity,2703.5,1153.7,-1549.8
genx__reedsco__namecatch__aratio__monthhour,Spring,6107,Tulare,42030.1,64026.3,21996.2
genx__reedsco__namecatch__aratio__monthhour,Spring,6109,Tuolumne,5889.5,4914.4,-975.1
genx__reedsco__namecatch__aratio__monthhour,Spring,6111,Ventura,85140.3,63787.5,-21352.8
genx__reedsco__namecatch__aratio__monthhour,Spring,6113,Yolo,25150.4,19235.9,-5914.5
genx__reedsco__namecatch__aratio__monthhour,Spring,6115,Yuba,8693.6,6729.7,-1963.9
genx__reedsco__nameprox__aratio__monthhour,Spring,6001,Alameda,180010.5,106208.2,-73802.3
genx__reedsco__nameprox__aratio__monthhour,Spring,6003,Alpine,2832.2,0.0,-2832.2
genx__reedsco__nameprox__aratio__monthhour,Spring,6005,Amador,4777.4,6521.1,1743.7
genx__reedsco__nameprox__aratio__monthhour,Spring,6007,Butte,21868.9,15016.7,-6852.2
genx__reedsco__nameprox__aratio__monthhour,Spring,6009,Calaveras,1711.6,2715.2,1003.6
genx__reedsco__nameprox__aratio__monthhour,Spring,6011,Colusa,3705.7,3933.6,227.9
genx__reedsco__nameprox__aratio__monthhour,Spring,6013,Contra Costa,141271.6,128402.8,-12868.8
genx__reedsco__nameprox__aratio__monthhour,Spring,6017,El Dorado,9465.0,14664.9,5199.9
genx__reedsco__nameprox__aratio__monthhour,Spring,6019,Fresno,88108.4,108457.1,20348.7
genx__reedsco__nameprox__aratio__monthhour,Spring,6021,Glenn,6116.4,3421.2,-2695.2
genx__reedsco__nameprox__aratio__monthhour,Spring,6023,Humboldt,10216.4,8915.5,-1300.9
genx__reedsco__nameprox__aratio__monthhour,Spring,6025,Imperial,15403.1,42927.4,27524.3
genx__reedsco__nameprox__aratio__monthhour,Spring,6027,Inyo,15237.1,736.7,-14500.4
genx__reedsco__nameprox__aratio__monthhour,Spring,6029,Kern,114578.8,114169.7,-409.1
genx__reedsco__nameprox__aratio__monthhour,Spring,6031,Kings,19653.1,16069.7,-3583.4
genx__reedsco__nameprox__aratio__monthhour,Spring,6033,Lake,8101.4,3630.1,-4471.3
genx__reedsco__nameprox__aratio__monthhour,Spring,6035,Lassen,7353.7,943.6,-6410.1
genx__reedsco__nameprox__aratio__monthhour,Spring,6037,Los Angeles,908907.4,774240.4,-134667.0
genx__reedsco__nameprox__aratio__monthhour,Spring,6039,Madera,12382.7,17385.4,5002.7
genx__reedsco__nameprox__aratio__monthhour,Spring,6041,Marin,28207.6,14188.5,-14019.1
genx__reedsco__nameprox__aratio__monthhour,Spring,6043,Mariposa,1352.0,1299.3,-52.7
genx__reedsco__nameprox__aratio__monthhour,Spring,6045,Mendocino,10240.9,4337.3,-5903.6
genx__reedsco__nameprox__aratio__monthhour,Spring,6047,Merced,22558.0,33532.2,10974.2
genx__reedsco__nameprox__aratio__monthhour,Spring,6049,Modoc,2448.5,3232.6,784.1
genx__reedsco__nameprox__aratio__monthhour,Spring,6051,Mono,1532.9,665.6,-867.3
genx__reedsco__nameprox__aratio__monthhour,Spring,6053,Monterey,34526.8,26891.5,-7635.3
genx__reedsco__nameprox__aratio__monthhour,Spring,6055,Napa,15960.4,14877.3,-1083.1
genx__reedsco__nameprox__aratio__monthhour,Spring,6057,Nevada,3526.6,7619.7,4093.1
genx__reedsco__nameprox__aratio__monthhour,Spring,6059,Orange,245077.6,284411.1,39333.5
genx__reedsco__nameprox__aratio__monthhour,Spring,6061,Placer,35631.3,40759.9,5128.6
genx__reedsco__nameprox__aratio__monthhour,Spring,6063,Plumas,3819.4,1590.9,-2228.5
genx__reedsco__nameprox__aratio__monthhour,Spring,6065,Riverside,137067.8,145755.2,8687.4
genx__reedsco__nameprox__aratio__monthhour,Spring,6067,Sacramento,104418.9,109077.9,4659.0
genx__reedsco__nameprox__aratio__monthhour,Spring,6069,San Benito,2224.6,4769.0,2544.4
genx__reedsco__nameprox__aratio__monthhour,Spring,6071,San Bernardino,170417.0,338996.6,168579.6
genx__reedsco__nameprox__aratio__monthhour,Spring,6073,San Diego,285228.0,475605.8,190377.8
genx__reedsco__nameprox__aratio__monthhour,Spring,6075,San Francisco,63561.2,47308.2,-16253.0
genx__reedsco__nameprox__aratio__monthhour,Spring,6077,San Joaquin,109191.2,71179.7,-38011.5
genx__reedsco__nameprox__aratio__monthhour,Spring,6079,San Luis Obispo,26103.6,20726.1,-5377.5
genx__reedsco__nameprox__aratio__monthhour,Spring,6081,San Mateo,82778.0,61400.5,-21377.5
genx__reedsco__nameprox__aratio__monthhour,Spring,6083,Santa Barbara,43907.2,34008.9,-9898.3
genx__reedsco__nameprox__aratio__monthhour,Spring,6085,Santa Clara,218858.7,184488.1,-34370.6
genx__reedsco__nameprox__aratio__monthhour,Spring,6087,Santa Cruz,25812.7,11406.4,-14406.3
genx__reedsco__nameprox__aratio__monthhour,Spring,6089,Shasta,11661.5,16675.2,5013.7
genx__reedsco__nameprox__aratio__monthhour,Spring,6091,Sierra,1424.8,926.2,-498.6
genx__reedsco__nameprox__aratio__monthhour,Spring,6093,Siskiyou,8597.9,6612.4,-1985.5
genx__reedsco__nameprox__aratio__monthhour,Spring,6095,Solano,50949.7,41205.8,-9743.9
genx__reedsco__nameprox__aratio__monthhour,Spring,6097,Sonoma,45481.1,21671.4,-23809.7
genx__reedsco__nameprox__aratio__monthhour,Spring,6099,Stanislaus,66243.0,56517.2,-9725.8
genx__reedsco__nameprox__aratio__monthhour,Spring,6101,Sutter,11959.9,8127.7,-3832.2
genx__reedsco__nameprox__aratio__monthhour,Spring,6103,Tehama,6447.1,4442.4,-2004.7
genx__reedsco__nameprox__aratio__monthhour,Spring,6105,Trinity,2703.5,1122.8,-1580.7
genx__reedsco__nameprox__aratio__monthhour,Spring,6107,Tulare,42030.1,64020.9,21990.8
genx__reedsco__nameprox__aratio__monthhour,Spring,6109,Tuolumne,5889.5,4907.3,-982.2
genx__reedsco__nameprox__aratio__monthhour,Spring,6111,Ventura,85140.3,63781.2,-21359.1
genx__reedsco__nameprox__aratio__monthhour,Spring,6113,Yolo,25150.4,19237.0,-5913.4
genx__reedsco__nameprox__aratio__monthhour,Spring,6115,Yuba,8693.6,6719.4,-1974.2
genx__reedsco__prox__a0__monthhour,Spring,6001,Alameda,180010.5,106164.2,-73846.3
genx__reedsco__prox__a0__monthhour,Spring,6003,Alpine,2832.2,0.0,-2832.2
genx__reedsco__prox__a0__monthhour,Spring,6005,Amador,4777.4,6518.8,1741.4
genx__reedsco__prox__a0__monthhour,Spring,6007,Butte,21868.9,15044.7,-6824.2
genx__reedsco__prox__a0__monthhour,Spring,6009,Calaveras,1711.6,2717.8,1006.2
genx__reedsco__prox__a0__monthhour,Spring,6011,Colusa,3705.7,3937.6,231.9
genx__reedsco__prox__a0__monthhour,Spring,6013,Contra Costa,141271.6,128447.4,-12824.2
genx__reedsco__prox__a0__monthhour,Spring,6017,El Dorado,9465.0,14655.6,5190.6
genx__reedsco__prox__a0__monthhour,Spring,6019,Fresno,88108.4,108449.7,20341.3
genx__reedsco__prox__a0__monthhour,Spring,6021,Glenn,6116.4,3429.8,-2686.6
genx__reedsco__prox__a0__monthhour,Spring,6023,Humboldt,10216.4,8915.0,-1301.4
genx__reedsco__prox__a0__monthhour,Spring,6025,Imperial,15403.1,42951.6,27548.5
genx__reedsco__prox__a0__monthhour,Spring,6027,Inyo,15237.1,762.2,-14474.9
genx__reedsco__prox__a0__monthhour,Spring,6029,Kern,114578.8,114109.6,-469.2
genx__reedsco__prox__a0__monthhour,Spring,6031,Kings,19653.1,16063.7,-3589.4
genx__reedsco__prox__a0__monthhour,Spring,6033,Lake,8101.4,3618.4,-4483.0
genx__reedsco__prox__a0__monthhour,Spring,6035,Lassen,7353.7,951.5,-6402.2
genx__reedsco__prox__a0__monthhour,Spring,6037,Los Angeles,908907.4,774177.1,-134730.3
genx__reedsco__prox__a0__monthhour,Spring,6039,Madera,12382.7,17388.5,5005.8
genx__reedsco__prox__a0__monthhour,Spring,6041,Marin,28207.6,14186.4,-14021.2
genx__reedsco__prox__a0__monthhour,Spring,6043,Mariposa,1352.0,1299.5,-52.5
genx__reedsco__prox__a0__monthhour,Spring,6045,Mendocino,10240.9,4346.7,-5894.2
genx__reedsco__prox__a0__monthhour,Spring,6047,Merced,22558.0,33526.7,10968.7
genx__reedsco__prox__a0__monthhour,Spring,6049,Modoc,2448.5,3234.3,785.8
genx__reedsco__prox__a0__monthhour,Spring,6051,Mono,1532.9,665.5,-867.4
genx__reedsco__prox__a0__monthhour,Spring,6053,Monterey,34526.8,26898.0,-7628.8
genx__reedsco__prox__a0__monthhour,Spring,6055,Napa,15960.4,14874.5,-1085.9
genx__reedsco__prox__a0__monthhour,Spring,6057,Nevada,3526.6,7621.6,4095.0
genx__reedsco__prox__a0__monthhour,Spring,6059,Orange,245077.6,284416.3,39338.7
genx__reedsco__prox__a0__monthhour,Spring,6061,Placer,35631.3,40787.1,5155.8
genx__reedsco__prox__a0__monthhour,Spring,6063,Plumas,3819.4,1587.3,-2232.1
genx__reedsco__prox__a0__monthhour,Spring,6065,Riverside,137067.8,145840.8,8773.0
genx__reedsco__prox__a0__monthhour,Spring,6067,Sacramento,104418.9,109016.8,4597.9
genx__reedsco__prox__a0__monthhour,Spring,6069,San Benito,2224.6,4767.6,2543.0
genx__reedsco__prox__a0__monthhour,Spring,6071,San Bernardino,170417.0,338980.0,168563.0
genx__reedsco__prox__a0__monthhour,Spring,6073,San Diego,285228.0,475619.9,190391.9
genx__reedsco__prox__a0__monthhour,Spring,6075,San Francisco,63561.2,47307.6,-16253.6
genx__reedsco__prox__a0__monthhour,Spring,6077,San Joaquin,109191.2,71176.5,-38014.7
genx__reedsco__prox__a0__monthhour,Spring,6079,San Luis Obispo,26103.6,20722.8,-5380.8
genx__reedsco__prox__a0__monthhour,Spring,6081,San Mateo,82778.0,61401.5,-21376.5
genx__reedsco__prox__a0__monthhour,Spring,6083,Santa Barbara,43907.2,34002.9,-9904.3
genx__reedsco__prox__a0__monthhour,Spring,6085,Santa Clara,218858.7,184485.5,-34373.2
genx__reedsco__prox__a0__monthhour,Spring,6087,Santa Cruz,25812.7,11412.2,-14400.5
genx__reedsco__prox__a0__monthhour,Spring,6089,Shasta,11661.5,16687.5,5026.0
genx__reedsco__prox__a0__monthhour,Spring,6091,Sierra,1424.8,924.3,-500.5
genx__reedsco__prox__a0__monthhour,Spring,6093,Siskiyou,8597.9,6633.3,-1964.6
genx__reedsco__prox__a0__monthhour,Spring,6095,Solano,50949.7,41190.2,-9759.5
genx__reedsco__prox__a0__monthhour,Spring,6097,Sonoma,45481.1,21650.6,-23830.5
genx__reedsco__prox__a0__monthhour,Spring,6099,Stanislaus,66243.0,56518.1,-9724.9
genx__reedsco__prox__a0__monthhour,Spring,6101,Sutter,11959.9,8126.1,-3833.8
genx__reedsco__prox__a0__monthhour,Spring,6103,Tehama,6447.1,4442.4,-2004.7
genx__reedsco__prox__a0__monthhour,Spring,6105,Trinity,2703.5,1111.0,-1592.5
genx__reedsco__prox__a0__monthhour,Spring,6107,Tulare,42030.1,64021.5,21991.4
genx__reedsco__prox__a0__monthhour,Spring,6109,Tuolumne,5889.5,4913.4,-976.1
genx__reedsco__prox__a0__monthhour,Spring,6111,Ventura,85140.3,63789.9,-21350.4
genx__reedsco__prox__a0__monthhour,Spring,6113,Yolo,25150.4,19238.6,-5911.8
genx__reedsco__prox__a0__monthhour,Spring,6115,Yuba,8693.6,6726.4,-1967.2
genx__reedsco__prox__a0__static,Spring,6001,Alameda,180010.5,106173.8,-73836.7
genx__reedsco__prox__a0__static,Spring,6003,Alpine,2832.2,0.0,-2832.2
genx__reedsco__prox__a0__static,Spring,6005,Amador,4777.4,6519.5,1742.1
genx__reedsco__prox__a0__static,Spring,6007,Butte,21868.9,15044.9,-6824.0
genx__reedsco__prox__a0__static,Spring,6009,Calaveras,1711.6,2718.2,1006.6
genx__reedsco__prox__a0__static,Spring,6011,Colusa,3705.7,3935.4,229.7
genx__reedsco__prox__a0__static,Spring,6013,Contra Costa,141271.6,128451.3,-12820.3
genx__reedsco__prox__a0__static,Spring,6017,El Dorado,9465.0,14655.9,5190.9
genx__reedsco__prox__a0__static,Spring,6019,Fresno,88108.4,108448.9,20340.5
genx__reedsco__prox__a0__static,Spring,6021,Glenn,6116.4,3428.6,-2687.8
genx__reedsco__prox__a0__static,Spring,6023,Humboldt,10216.4,8918.3,-1298.1
genx__reedsco__prox__a0__static,Spring,6025,Imperial,15403.1,42951.2,27548.1
genx__reedsco__prox__a0__static,Spring,6027,Inyo,15237.1,753.6,-14483.5
genx__reedsco__prox__a0__static,Spring,6029,Kern,114578.8,114113.9,-464.9
genx__reedsco__prox__a0__static,Spring,6031,Kings,19653.1,16063.1,-3590.0
genx__reedsco__prox__a0__static,Spring,6033,Lake,8101.4,3614.2,-4487.2
genx__reedsco__prox__a0__static,Spring,6035,Lassen,7353.7,951.7,-6402.0
genx__reedsco__prox__a0__static,Spring,6037,Los Angeles,908907.4,774182.9,-134724.5
genx__reedsco__prox__a0__static,Spring,6039,Madera,12382.7,17387.4,5004.7
genx__reedsco__prox__a0__static,Spring,6041,Marin,28207.6,14191.5,-14016.1
genx__reedsco__prox__a0__static,Spring,6043,Mariposa,1352.0,1300.8,-51.2
genx__reedsco__prox__a0__static,Spring,6045,Mendocino,10240.9,4346.2,-5894.7
genx__reedsco__prox__a0__static,Spring,6047,Merced,22558.0,33526.2,10968.2
genx__reedsco__prox__a0__static,Spring,6049,Modoc,2448.5,3234.3,785.8
genx__reedsco__prox__a0__static,Spring,6051,Mono,1532.9,665.4,-867.5
genx__reedsco__prox__a0__static,Spring,6053,Monterey,34526.8,26894.5,-7632.3
genx__reedsco__prox__a0__static,Spring,6055,Napa,15960.4,14875.4,-1085.0
genx__reedsco__prox__a0__static,Spring,6057,Nevada,3526.6,7622.2,4095.6
genx__reedsco__prox__a0__static,Spring,6059,Orange,245077.6,284421.2,39343.6
genx__reedsco__prox__a0__static,Spring,6061,Placer,35631.3,40787.1,5155.8
genx__reedsco__prox__a0__static,Spring,6063,Plumas,3819.4,1586.7,-2232.7
genx__reedsco__prox__a0__static,Spring,6065,Riverside,137067.8,145837.5,8769.7
genx__reedsco__prox__a0__static,Spring,6067,Sacramento,104418.9,109018.0,4599.1
genx__reedsco__prox__a0__static,Spring,6069,San Benito,2224.6,4767.7,2543.1
genx__reedsco__prox__a0__static,Spring,6071,San Bernardino,170417.0,338979.7,168562.7
genx__reedsco__prox__a0__static,Spring,6073,San Diego,285228.0,475615.4,190387.4
genx__reedsco__prox__a0__static,Spring,6075,San Francisco,63561.2,47309.7,-16251.5
genx__reedsco__prox__a0__static,Spring,6077,San Joaquin,109191.2,71178.0,-38013.2
genx__reedsco__prox__a0__static,Spring,6079,San Luis Obispo,26103.6,20722.8,-5380.8
genx__reedsco__prox__a0__static,Spring,6081,San Mateo,82778.0,61401.9,-21376.1
genx__reedsco__prox__a0__static,Spring,6083,Santa Barbara,43907.2,34002.3,-9904.9
genx__reedsco__prox__a0__static,Spring,6085,Santa Clara,218858.7,184483.0,-34375.7
genx__reedsco__prox__a0__static,Spring,6087,Santa Cruz,25812.7,11411.3,-14401.4
genx__reedsco__prox__a0__static,Spring,6089,Shasta,11661.5,16687.0,5025.5
genx__reedsco__prox__a0__static,Spring,6091,Sierra,1424.8,924.6,-500.2
genx__reedsco__prox__a0__static,Spring,6093,Siskiyou,8597.9,6630.0,-1967.9
genx__reedsco__prox__a0__static,Spring,6095,Solano,50949.7,41189.3,-9760.4
genx__reedsco__prox__a0__static,Spring,6097,Sonoma,45481.1,21648.9,-23832.2
genx__reedsco__prox__a0__static,Spring,6099,Stanislaus,66243.0,56517.8,-9725.2
genx__reedsco__prox__a0__static,Spring,6101,Sutter,11959.9,8125.7,-3834.2
genx__reedsco__prox__a0__static,Spring,6103,Tehama,6447.1,4440.7,-2006.4
genx__reedsco__prox__a0__static,Spring,6105,Trinity,2703.5,1111.1,-1592.4
genx__reedsco__prox__a0__static,Spring,6107,Tulare,42030.1,64020.0,21989.9
genx__reedsco__prox__a0__static,Spring,6109,Tuolumne,5889.5,4914.7,-974.8
genx__reedsco__prox__a0__static,Spring,6111,Ventura,85140.3,63789.8,-21350.5
genx__reedsco__prox__a0__static,Spring,6113,Yolo,25150.4,19238.1,-5912.3
genx__reedsco__prox__a0__static,Spring,6115,Yuba,8693.6,6725.2,-1968.4
genx__reedsco__prox__aratio__monthhour,Spring,6001,Alameda,180010.5,106208.6,-73801.9
genx__reedsco__prox__aratio__monthhour,Spring,6003,Alpine,2832.2,0.0,-2832.2
genx__reedsco__prox__aratio__monthhour,Spring,6005,Amador,4777.4,6524.2,1746.8
genx__reedsco__prox__aratio__monthhour,Spring,6007,Butte,21868.9,15016.9,-6852.0
genx__reedsco__prox__aratio__monthhour,Spring,6009,Calaveras,1711.6,2714.5,1002.9
genx__reedsco__prox__aratio__monthhour,Spring,6011,Colusa,3705.7,3935.3,229.6
genx__reedsco__prox__aratio__monthhour,Spring,6013,Contra Costa,141271.6,128385.0,-12886.6
genx__reedsco__prox__aratio__monthhour,Spring,6017,El Dorado,9465.0,14664.8,5199.8
genx__reedsco__prox__aratio__monthhour,Spring,6019,Fresno,88108.4,108457.6,20349.2
genx__reedsco__prox__aratio__monthhour,Spring,6021,Glenn,6116.4,3422.1,-2694.3
genx__reedsco__prox__aratio__monthhour,Spring,6023,Humboldt,10216.4,8925.4,-1291.0
genx__reedsco__prox__aratio__monthhour,Spring,6025,Imperial,15403.1,42927.3,27524.2
genx__reedsco__prox__aratio__monthhour,Spring,6027,Inyo,15237.1,744.3,-14492.8
genx__reedsco__prox__aratio__monthhour,Spring,6029,Kern,114578.8,114188.5,-390.3
genx__reedsco__prox__aratio__monthhour,Spring,6031,Kings,19653.1,16069.6,-3583.5
genx__reedsco__prox__aratio__monthhour,Spring,6033,Lake,8101.4,3632.6,-4468.8
genx__reedsco__prox__aratio__monthhour,Spring,6035,Lassen,7353.7,945.0,-6408.7
genx__reedsco__prox__aratio__monthhour,Spring,6037,Los Angeles,908907.4,774222.6,-134684.8
genx__reedsco__prox__aratio__monthhour,Spring,6039,Madera,12382.7,17383.8,5001.1
genx__reedsco__prox__aratio__monthhour,Spring,6041,Marin,28207.6,14185.5,-14022.1
genx__reedsco__prox__aratio__monthhour,Spring,6043,Mariposa,1352.0,1300.0,-52.0
genx__reedsco__prox__aratio__monthhour,Spring,6045,Mendocino,10240.9,4340.7,-5900.2
genx__reedsco__prox__aratio__monthhour,Spring,6047,Merced,22558.0,33533.6,10975.6
genx__reedsco__prox__aratio__monthhour,Spring,6049,Modoc,2448.5,3232.6,784.1
genx__reedsco__prox__aratio__monthhour,Spring,6051,Mono,1532.9,667.8,-865.1
genx__reedsco__prox__aratio__monthhour,Spring,6053,Monterey,34526.8,26896.4,-7630.4
genx__reedsco__prox__aratio__monthhour,Spring,6055,Napa,15960.4,14876.8,-1083.6
genx__reedsco__prox__aratio__monthhour,Spring,6057,Nevada,3526.6,7617.4,4090.8
genx__reedsco__prox__aratio__monthhour,Spring,6059,Orange,245077.6,284411.0,39333.4
genx__reedsco__prox__aratio__monthhour,Spring,6061,Placer,35631.3,40765.1,5133.8
genx__reedsco__prox__aratio__monthhour,Spring,6063,Plumas,3819.4,1594.6,-2224.8
genx__reedsco__prox__aratio__monthhour,Spring,6065,Riverside,137067.8,145759.4,8691.6
genx__reedsco__prox__aratio__monthhour,Spring,6067,Sacramento,104418.9,109074.3,4655.4
genx__reedsco__prox__aratio__monthhour,Spring,6069,San Benito,2224.6,4769.0,2544.4
genx__reedsco__prox__aratio__monthhour,Spring,6071,San Bernardino,170417.0,338998.4,168581.4
genx__reedsco__prox__aratio__monthhour,Spring,6073,San Diego,285228.0,475600.9,190372.9
genx__reedsco__prox__aratio__monthhour,Spring,6075,San Francisco,63561.2,47309.0,-16252.2
genx__reedsco__prox__aratio__monthhour,Spring,6077,San Joaquin,109191.2,71169.5,-38021.7
genx__reedsco__prox__aratio__monthhour,Spring,6079,San Luis Obispo,26103.6,20725.1,-5378.5
genx__reedsco__prox__aratio__monthhour,Spring,6081,San Mateo,82778.0,61391.9,-21386.1
genx__reedsco__prox__aratio__monthhour,Spring,6083,Santa Barbara,43907.2,34006.6,-9900.6
genx__reedsco__prox__aratio__monthhour,Spring,6085,Santa Clara,218858.7,184494.7,-34364.0
genx__reedsco__prox__aratio__monthhour,Spring,6087,Santa Cruz,25812.7,11410.3,-14402.4
genx__reedsco__prox__aratio__monthhour,Spring,6089,Shasta,11661.5,16672.1,5010.6
genx__reedsco__prox__aratio__monthhour,Spring,6091,Sierra,1424.8,925.8,-499.0
genx__reedsco__prox__aratio__monthhour,Spring,6093,Siskiyou,8597.9,6611.0,-1986.9
genx__reedsco__prox__aratio__monthhour,Spring,6095,Solano,50949.7,41206.8,-9742.9
genx__reedsco__prox__aratio__monthhour,Spring,6097,Sonoma,45481.1,21681.8,-23799.3
genx__reedsco__prox__aratio__monthhour,Spring,6099,Stanislaus,66243.0,56518.0,-9725.0
genx__reedsco__prox__aratio__monthhour,Spring,6101,Sutter,11959.9,8124.2,-3835.7
genx__reedsco__prox__aratio__monthhour,Spring,6103,Tehama,6447.1,4440.4,-2006.7
genx__reedsco__prox__aratio__monthhour,Spring,6105,Trinity,2703.5,1120.2,-1583.3
genx__reedsco__prox__aratio__monthhour,Spring,6107,Tulare,42030.1,64012.6,21982.5
genx__reedsco__prox__aratio__monthhour,Spring,6109,Tuolumne,5889.5,4906.1,-983.4
genx__reedsco__prox__aratio__monthhour,Spring,6111,Ventura,85140.3,63780.0,-21360.3
genx__reedsco__prox__aratio__monthhour,Spring,6113,Yolo,25150.4,19238.8,-5911.6
genx__reedsco__prox__aratio__monthhour,Spring,6115,Yuba,8693.6,6718.0,-1975.6
genx__reedsco__prox__aratio__static,Spring,6001,Alameda,180010.5,106213.3,-73797.2
genx__reedsco__prox__aratio__static,Spring,6003,Alpine,2832.2,0.0,-2832.2
genx__reedsco__prox__aratio__static,Spring,6005,Amador,4777.4,6524.3,1746.9
genx__reedsco__prox__aratio__static,Spring,6007,Butte,21868.9,15015.4,-6853.5
genx__reedsco__prox__aratio__static,Spring,6009,Calaveras,1711.6,2716.7,1005.1
genx__reedsco__prox__aratio__static,Spring,6011,Colusa,3705.7,3934.2,228.5
genx__reedsco__prox__aratio__static,Spring,6013,Contra Costa,141271.6,128394.4,-12877.2
genx__reedsco__prox__aratio__static,Spring,6017,El Dorado,9465.0,14663.9,5198.9
genx__reedsco__prox__aratio__static,Spring,6019,Fresno,88108.4,108456.3,20347.9
genx__reedsco__prox__aratio__static,Spring,6021,Glenn,6116.4,3422.9,-2693.5
genx__reedsco__prox__aratio__static,Spring,6023,Humboldt,10216.4,8923.9,-1292.5
genx__reedsco__prox__aratio__static,Spring,6025,Imperial,15403.1,42928.6,27525.5
genx__reedsco__prox__aratio__static,Spring,6027,Inyo,15237.1,738.3,-14498.8
genx__reedsco__prox__aratio__static,Spring,6029,Kern,114578.8,114194.8,-384.0
genx__reedsco__prox__aratio__static,Spring,6031,Kings,19653.1,16066.8,-3586.3
genx__reedsco__prox__aratio__static,Spring,6033,Lake,8101.4,3631.1,-4470.3
genx__reedsco__prox__aratio__static,Spring,6035,Lassen,7353.7,945.0,-6408.7
genx__reedsco__prox__aratio__static,Spring,6037,Los Angeles,908907.4,774224.0,-134683.4
genx__reedsco__prox__aratio__static,Spring,6039,Madera,12382.7,17383.2,5000.5
genx__reedsco__prox__aratio__static,Spring,6041,Marin,28207.6,14186.0,-14021.6
genx__reedsco__prox__aratio__static,Spring,6043,Mariposa,1352.0,1300.8,-51.2
genx__reedsco__prox__aratio__static,Spring,6045,Mendocino,10240.9,4340.7,-5900.2
genx__reedsco__prox__aratio__static,Spring,6047,Merced,22558.0,33535.5,10977.5
genx__reedsco__prox__aratio__static,Spring,6049,Modoc,2448.5,3232.6,784.1
genx__reedsco__prox__aratio__static,Spring,6051,Mono,1532.9,667.8,-865.1
genx__reedsco__prox__aratio__static,Spring,6053,Monterey,34526.8,26893.5,-7633.3
genx__reedsco__prox__aratio__static,Spring,6055,Napa,15960.4,14873.1,-1087.3
genx__reedsco__prox__aratio__static,Spring,6057,Nevada,3526.6,7614.5,4087.9
genx__reedsco__prox__aratio__static,Spring,6059,Orange,245077.6,284408.3,39330.7
genx__reedsco__prox__aratio__static,Spring,6061,Placer,35631.3,40770.3,5139.0
genx__reedsco__prox__aratio__static,Spring,6063,Plumas,3819.4,1592.6,-2226.8
genx__reedsco__prox__aratio__static,Spring,6065,Riverside,137067.8,145740.1,8672.3
genx__reedsco__prox__aratio__static,Spring,6067,Sacramento,104418.9,109083.6,4664.7
genx__reedsco__prox__aratio__static,Spring,6069,San Benito,2224.6,4769.0,2544.4
genx__reedsco__prox__aratio__static,Spring,6071,San Bernardino,170417.0,339005.6,168588.6
genx__reedsco__prox__aratio__static,Spring,6073,San Diego,285228.0,475600.5,190372.5
genx__reedsco__prox__aratio__static,Spring,6075,San Francisco,63561.2,47309.6,-16251.6
genx__reedsco__prox__aratio__static,Spring,6077,San Joaquin,109191.2,71172.3,-38018.9
genx__reedsco__prox__aratio__static,Spring,6079,San Luis Obispo,26103.6,20726.3,-5377.3
genx__reedsco__prox__aratio__static,Spring,6081,San Mateo,82778.0,61397.3,-21380.7
genx__reedsco__prox__aratio__static,Spring,6083,Santa Barbara,43907.2,34007.2,-9900.0
genx__reedsco__prox__aratio__static,Spring,6085,Santa Clara,218858.7,184492.2,-34366.5
genx__reedsco__prox__aratio__static,Spring,6087,Santa Cruz,25812.7,11404.9,-14407.8
genx__reedsco__prox__aratio__static,Spring,6089,Shasta,11661.5,16674.9,5013.4
genx__reedsco__prox__aratio__static,Spring,6091,Sierra,1424.8,926.4,-498.4
genx__reedsco__prox__aratio__static,Spring,6093,Siskiyou,8597.9,6614.3,-1983.6
genx__reedsco__prox__aratio__static,Spring,6095,Solano,50949.7,41204.5,-9745.2
genx__reedsco__prox__aratio__static,Spring,6097,Sonoma,45481.1,21680.9,-23800.2
genx__reedsco__prox__aratio__static,Spring,6099,Stanislaus,66243.0,56511.0,-9732.0
genx__reedsco__prox__aratio__static,Spring,6101,Sutter,11959.9,8124.7,-3835.2
genx__reedsco__prox__aratio__static,Spring,6103,Tehama,6447.1,4442.0,-2005.1
genx__reedsco__prox__aratio__static,Spring,6105,Trinity,2703.5,1119.1,-1584.4
genx__reedsco__prox__aratio__static,Spring,6107,Tulare,42030.1,64019.3,21989.2
genx__reedsco__prox__aratio__static,Spring,6109,Tuolumne,5889.5,4902.2,-987.3
genx__reedsco__prox__aratio__static,Spring,6111,Ventura,85140.3,63776.1,-21364.2
genx__reedsco__prox__aratio__static,Spring,6113,Yolo,25150.4,19237.7,-5912.7
genx__reedsco__prox__aratio__static,Spring,6115,Yuba,8693.6,6720.0,-1973.6
genx__stoch__catch__w2-mean__monthhour,Spring,6001,Alameda,180010.5,179355.3,-655.2
genx__stoch__catch__w2-mean__monthhour,Spring,6003,Alpine,2832.2,52.7,-2779.5
genx__stoch__catch__w2-mean__monthhour,Spring,6005,Amador,4777.4,4462.1,-315.3
genx__stoch__catch__w2-mean__monthhour,Spring,6007,Butte,21868.9,24380.9,2512.0
genx__stoch__catch__w2-mean__monthhour,Spring,6009,Calaveras,1711.6,3452.5,1740.9
genx__stoch__catch__w2-mean__monthhour,Spring,6011,Colusa,3705.7,6608.1,2902.4
genx__stoch__catch__w2-mean__monthhour,Spring,6013,Contra Costa,141271.6,103322.1,-37949.5
genx__stoch__catch__w2-mean__monthhour,Spring,6017,El Dorado,9465.0,10162.6,697.6
genx__stoch__catch__w2-mean__monthhour,Spring,6019,Fresno,88108.4,175769.8,87661.4
genx__stoch__catch__w2-mean__monthhour,Spring,6021,Glenn,6116.4,5661.6,-454.8
genx__stoch__catch__w2-mean__monthhour,Spring,6023,Humboldt,10216.4,12741.9,2525.5
genx__stoch__catch__w2-mean__monthhour,Spring,6025,Imperial,15403.1,2330.2,-13072.9
genx__stoch__catch__w2-mean__monthhour,Spring,6027,Inyo,15237.1,1439.4,-13797.7
genx__stoch__catch__w2-mean__monthhour,Spring,6029,Kern,114578.8,133266.5,18687.7
genx__stoch__catch__w2-mean__monthhour,Spring,6031,Kings,19653.1,22647.3,2994.2
genx__stoch__catch__w2-mean__monthhour,Spring,6033,Lake,8101.4,6108.4,-1993.0
genx__stoch__catch__w2-mean__monthhour,Spring,6035,Lassen,7353.7,658.2,-6695.5
genx__stoch__catch__w2-mean__monthhour,Spring,6037,Los Angeles,908907.4,655151.7,-253755.7
genx__stoch__catch__w2-mean__monthhour,Spring,6039,Madera,12382.7,31161.0,18778.3
genx__stoch__catch__w2-mean__monthhour,Spring,6041,Marin,28207.6,22029.1,-6178.5
genx__stoch__catch__w2-mean__monthhour,Spring,6043,Mariposa,1352.0,1664.9,312.9
genx__stoch__catch__w2-mean__monthhour,Spring,6045,Mendocino,10240.9,8087.5,-2153.4
genx__stoch__catch__w2-mean__monthhour,Spring,6047,Merced,22558.0,26748.9,4190.9
genx__stoch__catch__w2-mean__monthhour,Spring,6049,Modoc,2448.5,348.7,-2099.8
genx__stoch__catch__w2-mean__monthhour,Spring,6051,Mono,1532.9,3622.7,2089.8
genx__stoch__catch__w2-mean__monthhour,Spring,6053,Monterey,34526.8,42570.3,8043.5
genx__stoch__catch__w2-mean__monthhour,Spring,6055,Napa,15960.4,18266.5,2306.1
genx__stoch__catch__w2-mean__monthhour,Spring,6057,Nevada,3526.6,6736.7,3210.1
genx__stoch__catch__w2-mean__monthhour,Spring,6059,Orange,245077.6,346988.2,101910.6
genx__stoch__catch__w2-mean__monthhour,Spring,6061,Placer,35631.3,18187.5,-17443.8
genx__stoch__catch__w2-mean__monthhour,Spring,6063,Plumas,3819.4,1311.6,-2507.8
genx__stoch__catch__w2-mean__monthhour,Spring,6065,Riverside,137067.8,264744.2,127676.4
genx__stoch__catch__w2-mean__monthhour,Spring,6067,Sacramento,104418.9,19808.2,-84610.7
genx__stoch__catch__w2-mean__monthhour,Spring,6069,San Benito,2224.6,6435.9,4211.3
genx__stoch__catch__w2-mean__monthhour,Spring,6071,San Bernardino,170417.0,296399.0,125982.0
genx__stoch__catch__w2-mean__monthhour,Spring,6073,San Diego,285228.0,347825.9,62597.9
genx__stoch__catch__w2-mean__monthhour,Spring,6075,San Francisco,63561.2,4724.3,-58836.9
genx__stoch__catch__w2-mean__monthhour,Spring,6077,San Joaquin,109191.2,70927.8,-38263.4
genx__stoch__catch__w2-mean__monthhour,Spring,6079,San Luis Obispo,26103.6,26068.6,-35.0
genx__stoch__catch__w2-mean__monthhour,Spring,6081,San Mateo,82778.0,80900.5,-1877.5
genx__stoch__catch__w2-mean__monthhour,Spring,6083,Santa Barbara,43907.2,47952.5,4045.3
genx__stoch__catch__w2-mean__monthhour,Spring,6085,Santa Clara,218858.7,210818.2,-8040.5
genx__stoch__catch__w2-mean__monthhour,Spring,6087,Santa Cruz,25812.7,20553.2,-5259.5
genx__stoch__catch__w2-mean__monthhour,Spring,6089,Shasta,11661.5,8200.1,-3461.4
genx__stoch__catch__w2-mean__monthhour,Spring,6091,Sierra,1424.8,162.3,-1262.5
genx__stoch__catch__w2-mean__monthhour,Spring,6093,Siskiyou,8597.9,6687.4,-1910.5
genx__stoch__catch__w2-mean__monthhour,Spring,6095,Solano,50949.7,37128.1,-13821.6
genx__stoch__catch__w2-mean__monthhour,Spring,6097,Sonoma,45481.1,49035.2,3554.1
genx__stoch__catch__w2-mean__monthhour,Spring,6099,Stanislaus,66243.0,15220.5,-51022.5
genx__stoch__catch__w2-mean__monthhour,Spring,6101,Sutter,11959.9,11413.7,-546.2
genx__stoch__catch__w2-mean__monthhour,Spring,6103,Tehama,6447.1,8157.2,1710.1
genx__stoch__catch__w2-mean__monthhour,Spring,6105,Trinity,2703.5,395.5,-2308.0
genx__stoch__catch__w2-mean__monthhour,Spring,6107,Tulare,42030.1,80991.4,38961.3
genx__stoch__catch__w2-mean__monthhour,Spring,6109,Tuolumne,5889.5,6908.1,1018.6
genx__stoch__catch__w2-mean__monthhour,Spring,6111,Ventura,85140.3,92529.1,7388.8
genx__stoch__catch__w2-mean__monthhour,Spring,6113,Yolo,25150.4,19853.0,-5297.4
genx__stoch__catch__w2-mean__monthhour,Spring,6115,Yuba,8693.6,9389.9,696.3
genx__stoch__namecatch__w2-mean__monthhour,Spring,6001,Alameda,180010.5,148413.0,-31597.5
genx__stoch__namecatch__w2-mean__monthhour,Spring,6003,Alpine,2832.2,52.7,-2779.5
genx__stoch__namecatch__w2-mean__monthhour,Spring,6005,Amador,4777.4,4487.9,-289.5
genx__stoch__namecatch__w2-mean__monthhour,Spring,6007,Butte,21868.9,24365.8,2496.9
genx__stoch__namecatch__w2-mean__monthhour,Spring,6009,Calaveras,1711.6,3449.2,1737.6
genx__stoch__namecatch__w2-mean__monthhour,Spring,6011,Colusa,3705.7,6603.6,2897.9
genx__stoch__namecatch__w2-mean__monthhour,Spring,6013,Contra Costa,141271.6,103516.7,-37754.9
genx__stoch__namecatch__w2-mean__monthhour,Spring,6017,El Dorado,9465.0,10158.7,693.7
genx__stoch__namecatch__w2-mean__monthhour,Spring,6019,Fresno,88108.4,175650.7,87542.3
genx__stoch__namecatch__w2-mean__monthhour,Spring,6021,Glenn,6116.4,5658.4,-458.0
genx__stoch__namecatch__w2-mean__monthhour,Spring,6023,Humboldt,10216.4,12733.6,2517.2
genx__stoch__namecatch__w2-mean__monthhour,Spring,6025,Imperial,15403.1,2322.1,-13081.0
genx__stoch__namecatch__w2-mean__monthhour,Spring,6027,Inyo,15237.1,2070.2,-13166.9
genx__stoch__namecatch__w2-mean__monthhour,Spring,6029,Kern,114578.8,133184.8,18606.0
genx__stoch__namecatch__w2-mean__monthhour,Spring,6031,Kings,19653.1,22631.6,2978.5
genx__stoch__namecatch__w2-mean__monthhour,Spring,6033,Lake,8101.4,6104.1,-1997.3
genx__stoch__namecatch__w2-mean__monthhour,Spring,6035,Lassen,7353.7,658.2,-6695.5
genx__stoch__namecatch__w2-mean__monthhour,Spring,6037,Los Angeles,908907.4,654765.3,-254142.1
genx__stoch__namecatch__w2-mean__monthhour,Spring,6039,Madera,12382.7,31140.9,18758.2
genx__stoch__namecatch__w2-mean__monthhour,Spring,6041,Marin,28207.6,21742.0,-6465.6
genx__stoch__namecatch__w2-mean__monthhour,Spring,6043,Mariposa,1352.0,1663.7,311.7
genx__stoch__namecatch__w2-mean__monthhour,Spring,6045,Mendocino,10240.9,8083.8,-2157.1
genx__stoch__namecatch__w2-mean__monthhour,Spring,6047,Merced,22558.0,26733.2,4175.2
genx__stoch__namecatch__w2-mean__monthhour,Spring,6049,Modoc,2448.5,349.7,-2098.8
genx__stoch__namecatch__w2-mean__monthhour,Spring,6051,Mono,1532.9,3621.3,2088.4
genx__stoch__namecatch__w2-mean__monthhour,Spring,6053,Monterey,34526.8,42540.3,8013.5
genx__stoch__namecatch__w2-mean__monthhour,Spring,6055,Napa,15960.4,18047.3,2086.9
genx__stoch__namecatch__w2-mean__monthhour,Spring,6057,Nevada,3526.6,6732.3,3205.7
genx__stoch__namecatch__w2-mean__monthhour,Spring,6059,Orange,245077.6,336442.9,91365.3
genx__stoch__namecatch__w2-mean__monthhour,Spring,6061,Placer,35631.3,18179.2,-17452.1
genx__stoch__namecatch__w2-mean__monthhour,Spring,6063,Plumas,3819.4,1310.2,-2509.2
genx__stoch__namecatch__w2-mean__monthhour,Spring,6065,Riverside,137067.8,269689.5,132621.7
genx__stoch__namecatch__w2-mean__monthhour,Spring,6067,Sacramento,104418.9,19752.3,-84666.6
genx__stoch__namecatch__w2-mean__monthhour,Spring,6069,San Benito,2224.6,6431.7,4207.1
genx__stoch__namecatch__w2-mean__monthhour,Spring,6071,San Bernardino,170417.0,297949.9,127532.9
genx__stoch__namecatch__w2-mean__monthhour,Spring,6073,San Diego,285228.0,352782.2,67554.2
genx__stoch__namecatch__w2-mean__monthhour,Spring,6075,San Francisco,63561.2,36110.0,-27451.2
genx__stoch__namecatch__w2-mean__monthhour,Spring,6077,San Joaquin,109191.2,70874.6,-38316.6
genx__stoch__namecatch__w2-mean__monthhour,Spring,6079,San Luis Obispo,26103.6,26051.1,-52.5
genx__stoch__namecatch__w2-mean__monthhour,Spring,6081,San Mateo,82778.0,80283.3,-2494.7
genx__stoch__namecatch__w2-mean__monthhour,Spring,6083,Santa Barbara,43907.2,47923.4,4016.2
genx__stoch__namecatch__w2-mean__monthhour,Spring,6085,Santa Clara,218858.7,210673.1,-8185.6
genx__stoch__namecatch__w2-mean__monthhour,Spring,6087,Santa Cruz,25812.7,20538.2,-5274.5
genx__stoch__namecatch__w2-mean__monthhour,Spring,6089,Shasta,11661.5,8197.6,-3463.9
genx__stoch__namecatch__w2-mean__monthhour,Spring,6091,Sierra,1424.8,162.0,-1262.8
genx__stoch__namecatch__w2-mean__monthhour,Spring,6093,Siskiyou,8597.9,6687.3,-1910.6
genx__stoch__namecatch__w2-mean__monthhour,Spring,6095,Solano,50949.7,37307.0,-13642.7
genx__stoch__namecatch__w2-mean__monthhour,Spring,6097,Sonoma,45481.1,49000.5,3519.4
genx__stoch__namecatch__w2-mean__monthhour,Spring,6099,Stanislaus,66243.0,15207.1,-51035.9
genx__stoch__namecatch__w2-mean__monthhour,Spring,6101,Sutter,11959.9,11406.1,-553.8
genx__stoch__namecatch__w2-mean__monthhour,Spring,6103,Tehama,6447.1,8152.3,1705.2
genx__stoch__namecatch__w2-mean__monthhour,Spring,6105,Trinity,2703.5,395.4,-2308.1
genx__stoch__namecatch__w2-mean__monthhour,Spring,6107,Tulare,42030.1,80943.7,38913.6
genx__stoch__namecatch__w2-mean__monthhour,Spring,6109,Tuolumne,5889.5,6901.6,1012.1
genx__stoch__namecatch__w2-mean__monthhour,Spring,6111,Ventura,85140.3,92467.7,7327.4
genx__stoch__namecatch__w2-mean__monthhour,Spring,6113,Yolo,25150.4,19841.2,-5309.2
genx__stoch__namecatch__w2-mean__monthhour,Spring,6115,Yuba,8693.6,9382.5,688.9
genx__stoch__nameprox__w1g30top-mean__monthhour,Spring,6001,Alameda,180010.5,127881.1,-52129.4
genx__stoch__nameprox__w1g30top-mean__monthhour,Spring,6003,Alpine,2832.2,19.2,-2813.0
genx__stoch__nameprox__w1g30top-mean__monthhour,Spring,6005,Amador,4777.4,13269.9,8492.5
genx__stoch__nameprox__w1g30top-mean__monthhour,Spring,6007,Butte,21868.9,52818.4,30949.5
genx__stoch__nameprox__w1g30top-mean__monthhour,Spring,6009,Calaveras,1711.6,2649.4,937.8
genx__stoch__nameprox__w1g30top-mean__monthhour,Spring,6011,Colusa,3705.7,10399.7,6694.0
genx__stoch__nameprox__w1g30top-mean__monthhour,Spring,6013,Contra Costa,141271.6,130098.8,-11172.8
genx__stoch__nameprox__w1g30top-mean__monthhour,Spring,6017,El Dorado,9465.0,10733.2,1268.2
genx__stoch__nameprox__w1g30top-mean__monthhour,Spring,6019,Fresno,88108.4,144203.1,56094.7
genx__stoch__nameprox__w1g30top-mean__monthhour,Spring,6021,Glenn,6116.4,10360.5,4244.1
genx__stoch__nameprox__w1g30top-mean__monthhour,Spring,6023,Humboldt,10216.4,20347.4,10131.0
genx__stoch__nameprox__w1g30top-mean__monthhour,Spring,6025,Imperial,15403.1,15403.1,0.0
genx__stoch__nameprox__w1g30top-mean__monthhour,Spring,6027,Inyo,15237.1,6489.2,-8747.9
genx__stoch__nameprox__w1g30top-mean__monthhour,Spring,6029,Kern,114578.8,253000.2,138421.4
genx__stoch__nameprox__w1g30top-mean__monthhour,Spring,6031,Kings,19653.1,34731.3,15078.2
genx__stoch__nameprox__w1g30top-mean__monthhour,Spring,6033,Lake,8101.4,14366.0,6264.6
genx__stoch__nameprox__w1g30top-mean__monthhour,Spring,6035,Lassen,7353.7,7353.7,0.0
genx__stoch__nameprox__w1g30top-mean__monthhour,Spring,6037,Los Angeles,908907.4,612933.4,-295974.0
genx__stoch__nameprox__w1g30top-mean__monthhour,Spring,6039,Madera,12382.7,40850.1,28467.4
genx__stoch__nameprox__w1g30top-mean__monthhour,Spring,6041,Marin,28207.6,12559.1,-15648.5
genx__stoch__nameprox__w1g30top-mean__monthhour,Spring,6043,Mariposa,1352.0,2990.3,1638.3
genx__stoch__nameprox__w1g30top-mean__monthhour,Spring,6045,Mendocino,10240.9,15912.2,5671.3
genx__stoch__nameprox__w1g30top-mean__monthhour,Spring,6047,Merced,22558.0,51438.6,28880.6
genx__stoch__nameprox__w1g30top-mean__monthhour,Spring,6049,Modoc,2448.5,2448.5,0.0
genx__stoch__nameprox__w1g30top-mean__monthhour,Spring,6051,Mono,1532.9,6870.7,5337.8
genx__stoch__nameprox__w1g30top-mean__monthhour,Spring,6053,Monterey,34526.8,49781.0,15254.2
genx__stoch__nameprox__w1g30top-mean__monthhour,Spring,6055,Napa,15960.4,8525.3,-7435.1
genx__stoch__nameprox__w1g30top-mean__monthhour,Spring,6057,Nevada,3526.6,4982.4,1455.8
genx__stoch__nameprox__w1g30top-mean__monthhour,Spring,6059,Orange,245077.6,204123.6,-40954.0
genx__stoch__nameprox__w1g30top-mean__monthhour,Spring,6061,Placer,35631.3,34459.1,-1172.2
genx__stoch__nameprox__w1g30top-mean__monthhour,Spring,6063,Plumas,3819.4,3139.2,-680.2
genx__stoch__nameprox__w1g30top-mean__monthhour,Spring,6065,Riverside,137067.8,232327.7,95259.9
genx__stoch__nameprox__w1g30top-mean__monthhour,Spring,6067,Sacramento,104418.9,105861.1,1442.2
genx__stoch__nameprox__w1g30top-mean__monthhour,Spring,6069,San Benito,2224.6,4193.7,1969.1
genx__stoch__nameprox__w1g30top-mean__monthhour,Spring,6071,San Bernardino,170417.0,283080.4,112663.4
genx__stoch__nameprox__w1g30top-mean__monthhour,Spring,6073,San Diego,285228.0,243294.8,-41933.2
genx__stoch__nameprox__w1g30top-mean__monthhour,Spring,6075,San Francisco,63561.2,20429.6,-43131.6
genx__stoch__nameprox__w1g30top-mean__monthhour,Spring,6077,San Joaquin,109191.2,97887.1,-11304.1
genx__stoch__nameprox__w1g30top-mean__monthhour,Spring,6079,San Luis Obispo,26103.6,20144.1,-5959.5
genx__stoch__nameprox__w1g30top-mean__monthhour,Spring,6081,San Mateo,82778.0,58794.7,-23983.3
genx__stoch__nameprox__w1g30top-mean__monthhour,Spring,6083,Santa Barbara,43907.2,41195.3,-2711.9
genx__stoch__nameprox__w1g30top-mean__monthhour,Spring,6085,Santa Clara,218858.7,160795.6,-58063.1
genx__stoch__nameprox__w1g30top-mean__monthhour,Spring,6087,Santa Cruz,25812.7,20079.8,-5732.9
genx__stoch__nameprox__w1g30top-mean__monthhour,Spring,6089,Shasta,11661.5,13720.0,2058.5
genx__stoch__nameprox__w1g30top-mean__monthhour,Spring,6091,Sierra,1424.8,1188.7,-236.1
genx__stoch__nameprox__w1g30top-mean__monthhour,Spring,6093,Siskiyou,8597.9,8597.9,0.0
genx__stoch__nameprox__w1g30top-mean__monthhour,Spring,6095,Solano,50949.7,57344.4,6394.7
genx__stoch__nameprox__w1g30top-mean__monthhour,Spring,6097,Sonoma,45481.1,50202.8,4721.7
genx__stoch__nameprox__w1g30top-mean__monthhour,Spring,6099,Stanislaus,66243.0,69158.9,2915.9
genx__stoch__nameprox__w1g30top-mean__monthhour,Spring,6101,Sutter,11959.9,18954.7,6994.8
genx__stoch__nameprox__w1g30top-mean__monthhour,Spring,6103,Tehama,6447.1,7909.8,1462.7
genx__stoch__nameprox__w1g30top-mean__monthhour,Spring,6105,Trinity,2703.5,2595.3,-108.2
genx__stoch__nameprox__w1g30top-mean__monthhour,Spring,6107,Tulare,42030.1,58983.1,16953.0
genx__stoch__nameprox__w1g30top-mean__monthhour,Spring,6109,Tuolumne,5889.5,7582.5,1693.0
genx__stoch__nameprox__w1g30top-mean__monthhour,Spring,6111,Ventura,85140.3,86877.7,1737.4
genx__stoch__nameprox__w1g30top-mean__monthhour,Spring,6113,Yolo,25150.4,22067.8,-3082.6
genx__stoch__nameprox__w1g30top-mean__monthhour,Spring,6115,Yuba,8693.6,20119.5,11425.9
genx__stoch__prox__w1g30-d0__monthhour,Spring,6001,Alameda,180010.5,129719.3,-50291.2
genx__stoch__prox__w1g30-d0__monthhour,Spring,6003,Alpine,2832.2,46.2,-2786.0
genx__stoch__prox__w1g30-d0__monthhour,Spring,6005,Amador,4777.4,4021.7,-755.7
genx__stoch__prox__w1g30-d0__monthhour,Spring,6007,Butte,21868.9,35149.8,13280.9
genx__stoch__prox__w1g30-d0__monthhour,Spring,6009,Calaveras,1711.6,3258.3,1546.7
genx__stoch__prox__w1g30-d0__monthhour,Spring,6011,Colusa,3705.7,7079.0,3373.3
genx__stoch__prox__w1g30-d0__monthhour,Spring,6013,Contra Costa,141271.6,93732.2,-47539.4
genx__stoch__prox__w1g30-d0__monthhour,Spring,6017,El Dorado,9465.0,15692.9,6227.9
genx__stoch__prox__w1g30-d0__monthhour,Spring,6019,Fresno,88108.4,163950.1,75841.7
genx__stoch__prox__w1g30-d0__monthhour,Spring,6021,Glenn,6116.4,5522.9,-593.5
genx__stoch__prox__w1g30-d0__monthhour,Spring,6023,Humboldt,10216.4,12069.2,1852.8
genx__stoch__prox__w1g30-d0__monthhour,Spring,6025,Imperial,15403.1,15403.1,0.0
genx__stoch__prox__w1g30-d0__monthhour,Spring,6027,Inyo,15237.1,6426.0,-8811.1
genx__stoch__prox__w1g30-d0__monthhour,Spring,6029,Kern,114578.8,172058.5,57479.7
genx__stoch__prox__w1g30-d0__monthhour,Spring,6031,Kings,19653.1,23312.3,3659.2
genx__stoch__prox__w1g30-d0__monthhour,Spring,6033,Lake,8101.4,11954.7,3853.3
genx__stoch__prox__w1g30-d0__monthhour,Spring,6035,Lassen,7353.7,7977.8,624.1
genx__stoch__prox__w1g30-d0__monthhour,Spring,6037,Los Angeles,908907.4,529496.6,-379410.8
genx__stoch__prox__w1g30-d0__monthhour,Spring,6039,Madera,12382.7,67133.7,54751.0
genx__stoch__prox__w1g30-d0__monthhour,Spring,6041,Marin,28207.6,19844.8,-8362.8
genx__stoch__prox__w1g30-d0__monthhour,Spring,6043,Mariposa,1352.0,1633.5,281.5
genx__stoch__prox__w1g30-d0__monthhour,Spring,6045,Mendocino,10240.9,7502.7,-2738.2
genx__stoch__prox__w1g30-d0__monthhour,Spring,6047,Merced,22558.0,40148.0,17590.0
genx__stoch__prox__w1g30-d0__monthhour,Spring,6049,Modoc,2448.5,2448.5,0.0
genx__stoch__prox__w1g30-d0__monthhour,Spring,6051,Mono,1532.9,3015.1,1482.2
genx__stoch__prox__w1g30-d0__monthhour,Spring,6053,Monterey,34526.8,39247.5,4720.7
genx__stoch__prox__w1g30-d0__monthhour,Spring,6055,Napa,15960.4,18421.2,2460.8
genx__stoch__prox__w1g30-d0__monthhour,Spring,6057,Nevada,3526.6,6862.4,3335.8
genx__stoch__prox__w1g30-d0__monthhour,Spring,6059,Orange,245077.6,321380.6,76303.0
genx__stoch__prox__w1g30-d0__monthhour,Spring,6061,Placer,35631.3,45422.3,9791.0
genx__stoch__prox__w1g30-d0__monthhour,Spring,6063,Plumas,3819.4,3182.6,-636.8
genx__stoch__prox__w1g30-d0__monthhour,Spring,6065,Riverside,137067.8,227527.0,90459.2
genx__stoch__prox__w1g30-d0__monthhour,Spring,6067,Sacramento,104418.9,108624.4,4205.5
genx__stoch__prox__w1g30-d0__monthhour,Spring,6069,San Benito,2224.6,7396.4,5171.8
genx__stoch__prox__w1g30-d0__monthhour,Spring,6071,San Bernardino,170417.0,271944.5,101527.5
genx__stoch__prox__w1g30-d0__monthhour,Spring,6073,San Diego,285228.0,315445.6,30217.6
genx__stoch__prox__w1g30-d0__monthhour,Spring,6075,San Francisco,63561.2,34088.8,-29472.4
genx__stoch__prox__w1g30-d0__monthhour,Spring,6077,San Joaquin,109191.2,69178.5,-40012.7
genx__stoch__prox__w1g30-d0__monthhour,Spring,6079,San Luis Obispo,26103.6,24770.2,-1333.4
genx__stoch__prox__w1g30-d0__monthhour,Spring,6081,San Mateo,82778.0,75072.3,-7705.7
genx__stoch__prox__w1g30-d0__monthhour,Spring,6083,Santa Barbara,43907.2,39354.5,-4552.7
genx__stoch__prox__w1g30-d0__monthhour,Spring,6085,Santa Clara,218858.7,185727.1,-33131.6
genx__stoch__prox__w1g30-d0__monthhour,Spring,6087,Santa Cruz,25812.7,19252.8,-6559.9
genx__stoch__prox__w1g30-d0__monthhour,Spring,6089,Shasta,11661.5,16125.3,4463.8
genx__stoch__prox__w1g30-d0__monthhour,Spring,6091,Sierra,1424.8,1269.9,-154.9
genx__stoch__prox__w1g30-d0__monthhour,Spring,6093,Siskiyou,8597.9,8597.9,0.0
genx__stoch__prox__w1g30-d0__monthhour,Spring,6095,Solano,50949.7,61023.8,10074.1
genx__stoch__prox__w1g30-d0__monthhour,Spring,6097,Sonoma,45481.1,42366.4,-3114.7
genx__stoch__prox__w1g30-d0__monthhour,Spring,6099,Stanislaus,66243.0,72154.0,5911.0
genx__stoch__prox__w1g30-d0__monthhour,Spring,6101,Sutter,11959.9,11448.1,-511.8
genx__stoch__prox__w1g30-d0__monthhour,Spring,6103,Tehama,6447.1,7355.2,908.1
genx__stoch__prox__w1g30-d0__monthhour,Spring,6105,Trinity,2703.5,2752.0,48.5
genx__stoch__prox__w1g30-d0__monthhour,Spring,6107,Tulare,42030.1,70267.1,28237.0
genx__stoch__prox__w1g30-d0__monthhour,Spring,6109,Tuolumne,5889.5,10472.0,4582.5
genx__stoch__prox__w1g30-d0__monthhour,Spring,6111,Ventura,85140.3,84776.6,-363.7
genx__stoch__prox__w1g30-d0__monthhour,Spring,6113,Yolo,25150.4,25410.9,260.5
genx__stoch__prox__w1g30-d0__monthhour,Spring,6115,Yuba,8693.6,13009.9,4316.3
genx__stoch__prox__w1g30-d1__monthhour,Spring,6001,Alameda,180010.5,129406.2,-50604.3
genx__stoch__prox__w1g30-d1__monthhour,Spring,6003,Alpine,2832.2,41.5,-2790.7
genx__stoch__prox__w1g30-d1__monthhour,Spring,6005,Amador,4777.4,4103.9,-673.5
genx__stoch__prox__w1g30-d1__monthhour,Spring,6007,Butte,21868.9,35643.5,13774.6
genx__stoch__prox__w1g30-d1__monthhour,Spring,6009,Calaveras,1711.6,3033.6,1322.0
genx__stoch__prox__w1g30-d1__monthhour,Spring,6011,Colusa,3705.7,6772.7,3067.0
genx__stoch__prox__w1g30-d1__monthhour,Spring,6013,Contra Costa,141271.6,96605.3,-44666.3
genx__stoch__prox__w1g30-d1__monthhour,Spring,6017,El Dorado,9465.0,15502.5,6037.5
genx__stoch__prox__w1g30-d1__monthhour,Spring,6019,Fresno,88108.4,163996.4,75888.0
genx__stoch__prox__w1g30-d1__monthhour,Spring,6021,Glenn,6116.4,4947.7,-1168.7
genx__stoch__prox__w1g30-d1__monthhour,Spring,6023,Humboldt,10216.4,11917.5,1701.1
genx__stoch__prox__w1g30-d1__monthhour,Spring,6025,Imperial,15403.1,15403.1,0.0
genx__stoch__prox__w1g30-d1__monthhour,Spring,6027,Inyo,15237.1,6533.8,-8703.3
genx__stoch__prox__w1g30-d1__monthhour,Spring,6029,Kern,114578.8,169055.0,54476.2
genx__stoch__prox__w1g30-d1__monthhour,Spring,6031,Kings,19653.1,20754.8,1101.7
genx__stoch__prox__w1g30-d1__monthhour,Spring,6033,Lake,8101.4,11807.5,3706.1
genx__stoch__prox__w1g30-d1__monthhour,Spring,6035,Lassen,7353.7,7976.4,622.7
genx__stoch__prox__w1g30-d1__monthhour,Spring,6037,Los Angeles,908907.4,528563.4,-380344.0
genx__stoch__prox__w1g30-d1__monthhour,Spring,6039,Madera,12382.7,70784.5,58401.8
genx__stoch__prox__w1g30-d1__monthhour,Spring,6041,Marin,28207.6,19889.3,-8318.3
genx__stoch__prox__w1g30-d1__monthhour,Spring,6043,Mariposa,1352.0,1517.6,165.6
genx__stoch__prox__w1g30-d1__monthhour,Spring,6045,Mendocino,10240.9,7105.4,-3135.5
genx__stoch__prox__w1g30-d1__monthhour,Spring,6047,Merced,22558.0,40822.5,18264.5
genx__stoch__prox__w1g30-d1__monthhour,Spring,6049,Modoc,2448.5,2448.5,0.0
genx__stoch__prox__w1g30-d1__monthhour,Spring,6051,Mono,1532.9,3144.5,1611.6
genx__stoch__prox__w1g30-d1__monthhour,Spring,6053,Monterey,34526.8,39147.3,4620.5
genx__stoch__prox__w1g30-d1__monthhour,Spring,6055,Napa,15960.4,18077.4,2117.0
genx__stoch__prox__w1g30-d1__monthhour,Spring,6057,Nevada,3526.6,6936.8,3410.2
genx__stoch__prox__w1g30-d1__monthhour,Spring,6059,Orange,245077.6,315702.9,70625.3
genx__stoch__prox__w1g30-d1__monthhour,Spring,6061,Placer,35631.3,45183.5,9552.2
genx__stoch__prox__w1g30-d1__monthhour,Spring,6063,Plumas,3819.4,3165.3,-654.1
genx__stoch__prox__w1g30-d1__monthhour,Spring,6065,Riverside,137067.8,226414.8,89347.0
genx__stoch__prox__w1g30-d1__monthhour,Spring,6067,Sacramento,104418.9,109802.7,5383.8
genx__stoch__prox__w1g30-d1__monthhour,Spring,6069,San Benito,2224.6,7129.9,4905.3
genx__stoch__prox__w1g30-d1__monthhour,Spring,6071,San Bernardino,170417.0,275453.3,105036.3
genx__stoch__prox__w1g30-d1__monthhour,Spring,6073,San Diego,285228.0,319659.7,34431.7
genx__stoch__prox__w1g30-d1__monthhour,Spring,6075,San Francisco,63561.2,33719.3,-29841.9
genx__stoch__prox__w1g30-d1__monthhour,Spring,6077,San Joaquin,109191.2,69636.2,-39555.0
genx__stoch__prox__w1g30-d1__monthhour,Spring,6079,San Luis Obispo,26103.6,23058.7,-3044.9
genx__stoch__prox__w1g30-d1__monthhour,Spring,6081,San Mateo,82778.0,75233.4,-7544.6
genx__stoch__prox__w1g30-d1__monthhour,Spring,6083,Santa Barbara,43907.2,38089.7,-5817.5
genx__stoch__prox__w1g30-d1__monthhour,Spring,6085,Santa Clara,218858.7,187636.4,-31222.3
genx__stoch__prox__w1g30-d1__monthhour,Spring,6087,Santa Cruz,25812.7,18802.4,-7010.3
genx__stoch__prox__w1g30-d1__monthhour,Spring,6089,Shasta,11661.5,16073.9,4412.4
genx__stoch__prox__w1g30-d1__monthhour,Spring,6091,Sierra,1424.8,1259.7,-165.1
genx__stoch__prox__w1g30-d1__monthhour,Spring,6093,Siskiyou,8597.9,8597.9,0.0
genx__stoch__prox__w1g30-d1__monthhour,Spring,6095,Solano,50949.7,61644.4,10694.7
genx__stoch__prox__w1g30-d1__monthhour,Spring,6097,Sonoma,45481.1,41696.3,-3784.8
genx__stoch__prox__w1g30-d1__monthhour,Spring,6099,Stanislaus,66243.0,73271.7,7028.7
genx__stoch__prox__w1g30-d1__monthhour,Spring,6101,Sutter,11959.9,11243.7,-716.2
genx__stoch__prox__w1g30-d1__monthhour,Spring,6103,Tehama,6447.1,7409.2,962.1
genx__stoch__prox__w1g30-d1__monthhour,Spring,6105,Trinity,2703.5,2762.0,58.5
genx__stoch__prox__w1g30-d1__monthhour,Spring,6107,Tulare,42030.1,70393.2,28363.1
genx__stoch__prox__w1g30-d1__monthhour,Spring,6109,Tuolumne,5889.5,10488.7,4599.2
genx__stoch__prox__w1g30-d1__monthhour,Spring,6111,Ventura,85140.3,85127.2,-13.1
genx__stoch__prox__w1g30-d1__monthhour,Spring,6113,Yolo,25150.4,24905.1,-245.3
genx__stoch__prox__w1g30-d1__monthhour,Spring,6115,Yuba,8693.6,13024.9,4331.3
genx__stoch__prox__w1g30-d2__monthhour,Spring,6001,Alameda,180010.5,130349.6,-49660.9
genx__stoch__prox__w1g30-d2__monthhour,Spring,6003,Alpine,2832.2,43.9,-2788.3
genx__stoch__prox__w1g30-d2__monthhour,Spring,6005,Amador,4777.4,4122.9,-654.5
genx__stoch__prox__w1g30-d2__monthhour,Spring,6007,Butte,21868.9,34507.2,12638.3
genx__stoch__prox__w1g30-d2__monthhour,Spring,6009,Calaveras,1711.6,3119.9,1408.3
genx__stoch__prox__w1g30-d2__monthhour,Spring,6011,Colusa,3705.7,6986.6,3280.9
genx__stoch__prox__w1g30-d2__monthhour,Spring,6013,Contra Costa,141271.6,97081.3,-44190.3
genx__stoch__prox__w1g30-d2__monthhour,Spring,6017,El Dorado,9465.0,15100.0,5635.0
genx__stoch__prox__w1g30-d2__monthhour,Spring,6019,Fresno,88108.4,170010.8,81902.4
genx__stoch__prox__w1g30-d2__monthhour,Spring,6021,Glenn,6116.4,4912.9,-1203.5
genx__stoch__prox__w1g30-d2__monthhour,Spring,6023,Humboldt,10216.4,11804.8,1588.4
genx__stoch__prox__w1g30-d2__monthhour,Spring,6025,Imperial,15403.1,15403.1,0.0
genx__stoch__prox__w1g30-d2__monthhour,Spring,6027,Inyo,15237.1,6408.3,-8828.8
genx__stoch__prox__w1g30-d2__monthhour,Spring,6029,Kern,114578.8,170121.7,55542.9
genx__stoch__prox__w1g30-d2__monthhour,Spring,6031,Kings,19653.1,21366.1,1713.0
genx__stoch__prox__w1g30-d2__monthhour,Spring,6033,Lake,8101.4,11638.7,3537.3
genx__stoch__prox__w1g30-d2__monthhour,Spring,6035,Lassen,7353.7,7937.0,583.3
genx__stoch__prox__w1g30-d2__monthhour,Spring,6037,Los Angeles,908907.4,524040.2,-384867.2
genx__stoch__prox__w1g30-d2__monthhour,Spring,6039,Madera,12382.7,72540.5,60157.8
genx__stoch__prox__w1g30-d2__monthhour,Spring,6041,Marin,28207.6,19771.7,-8435.9
genx__stoch__prox__w1g30-d2__monthhour,Spring,6043,Mariposa,1352.0,1629.6,277.6
genx__stoch__prox__w1g30-d2__monthhour,Spring,6045,Mendocino,10240.9,7630.0,-2610.9
genx__stoch__prox__w1g30-d2__monthhour,Spring,6047,Merced,22558.0,40713.3,18155.3
genx__stoch__prox__w1g30-d2__monthhour,Spring,6049,Modoc,2448.5,2448.5,0.0
genx__stoch__prox__w1g30-d2__monthhour,Spring,6051,Mono,1532.9,2923.5,1390.6
genx__stoch__prox__w1g30-d2__monthhour,Spring,6053,Monterey,34526.8,38773.0,4246.2
genx__stoch__prox__w1g30-d2__monthhour,Spring,6055,Napa,15960.4,18088.2,2127.8
genx__stoch__prox__w1g30-d2__monthhour,Spring,6057,Nevada,3526.6,7130.8,3604.2
genx__stoch__prox__w1g30-d2__monthhour,Spring,6059,Orange,245077.6,317584.7,72507.1
genx__stoch__prox__w1g30-d2__monthhour,Spring,6061,Placer,35631.3,45527.3,9896.0
genx__stoch__prox__w1g30-d2__monthhour,Spring,6063,Plumas,3819.4,3135.6,-683.8
genx__stoch__prox__w1g30-d2__monthhour,Spring,6065,Riverside,137067.8,221528.4,84460.6
genx__stoch__prox__w1g30-d2__monthhour,Spring,6067,Sacramento,104418.9,109165.7,4746.8
genx__stoch__prox__w1g30-d2__monthhour,Spring,6069,San Benito,2224.6,7677.5,5452.9
genx__stoch__prox__w1g30-d2__monthhour,Spring,6071,San Bernardino,170417.0,274684.6,104267.6
genx__stoch__prox__w1g30-d2__monthhour,Spring,6073,San Diego,285228.0,313903.5,28675.5
genx__stoch__prox__w1g30-d2__monthhour,Spring,6075,San Francisco,63561.2,33955.7,-29605.5
genx__stoch__prox__w1g30-d2__monthhour,Spring,6077,San Joaquin,109191.2,69463.1,-39728.1
genx__stoch__prox__w1g30-d2__monthhour,Spring,6079,San Luis Obispo,26103.6,22841.0,-3262.6
genx__stoch__prox__w1g30-d2__monthhour,Spring,6081,San Mateo,82778.0,75287.4,-7490.6
genx__stoch__prox__w1g30-d2__monthhour,Spring,6083,Santa Barbara,43907.2,37501.5,-6405.7
genx__stoch__prox__w1g30-d2__monthhour,Spring,6085,Santa Clara,218858.7,190169.9,-28688.8
genx__stoch__prox__w1g30-d2__monthhour,Spring,6087,Santa Cruz,25812.7,18811.0,-7001.7
genx__stoch__prox__w1g30-d2__monthhour,Spring,6089,Shasta,11661.5,16209.8,4548.3
genx__stoch__prox__w1g30-d2__monthhour,Spring,6091,Sierra,1424.8,1271.8,-153.0
genx__stoch__prox__w1g30-d2__monthhour,Spring,6093,Siskiyou,8597.9,8597.9,0.0
genx__stoch__prox__w1g30-d2__monthhour,Spring,6095,Solano,50949.7,61227.7,10278.0
genx__stoch__prox__w1g30-d2__monthhour,Spring,6097,Sonoma,45481.1,41484.0,-3997.1
genx__stoch__prox__w1g30-d2__monthhour,Spring,6099,Stanislaus,66243.0,71946.7,5703.7
genx__stoch__prox__w1g30-d2__monthhour,Spring,6101,Sutter,11959.9,11550.8,-409.1
genx__stoch__prox__w1g30-d2__monthhour,Spring,6103,Tehama,6447.1,6898.1,451.0
genx__stoch__prox__w1g30-d2__monthhour,Spring,6105,Trinity,2703.5,2749.0,45.5
genx__stoch__prox__w1g30-d2__monthhour,Spring,6107,Tulare,42030.1,74541.9,32511.8
genx__stoch__prox__w1g30-d2__monthhour,Spring,6109,Tuolumne,5889.5,10499.0,4609.5
genx__stoch__prox__w1g30-d2__monthhour,Spring,6111,Ventura,85140.3,83763.0,-1377.3
genx__stoch__prox__w1g30-d2__monthhour,Spring,6113,Yolo,25150.4,26779.1,1628.7
genx__stoch__prox__w1g30-d2__monthhour,Spring,6115,Yuba,8693.6,13164.9,4471.3
genx__stoch__prox__w1g30-mean__monthhour,Spring,6001,Alameda,180010.5,130804.7,-49205.8
genx__stoch__prox__w1g30-mean__monthhour,Spring,6003,Alpine,2832.2,44.2,-2788.0
genx__stoch__prox__w1g30-mean__monthhour,Spring,6005,Amador,4777.4,4092.4,-685.0
genx__stoch__prox__w1g30-mean__monthhour,Spring,6007,Butte,21868.9,35224.1,13355.2
genx__stoch__prox__w1g30-mean__monthhour,Spring,6009,Calaveras,1711.6,3103.0,1391.4
genx__stoch__prox__w1g30-mean__monthhour,Spring,6011,Colusa,3705.7,6924.2,3218.5
genx__stoch__prox__w1g30-mean__monthhour,Spring,6013,Contra Costa,141271.6,96648.8,-44622.8
genx__stoch__prox__w1g30-mean__monthhour,Spring,6017,El Dorado,9465.0,15336.0,5871.0
genx__stoch__prox__w1g30-mean__monthhour,Spring,6019,Fresno,88108.4,165557.2,77448.8
genx__stoch__prox__w1g30-mean__monthhour,Spring,6021,Glenn,6116.4,5153.9,-962.5
genx__stoch__prox__w1g30-mean__monthhour,Spring,6023,Humboldt,10216.4,11988.2,1771.8
genx__stoch__prox__w1g30-mean__monthhour,Spring,6025,Imperial,15403.1,15403.1,0.0
genx__stoch__prox__w1g30-mean__monthhour,Spring,6027,Inyo,15237.1,6474.6,-8762.5
genx__stoch__prox__w1g30-mean__monthhour,Spring,6029,Kern,114578.8,170858.2,56279.4
genx__stoch__prox__w1g30-mean__monthhour,Spring,6031,Kings,19653.1,22181.2,2528.1
genx__stoch__prox__w1g30-mean__monthhour,Spring,6033,Lake,8101.4,11831.7,3730.3
genx__stoch__prox__w1g30-mean__monthhour,Spring,6035,Lassen,7353.7,7957.8,604.1
genx__stoch__prox__w1g30-mean__monthhour,Spring,6037,Los Angeles,908907.4,527318.6,-381588.8
genx__stoch__prox__w1g30-mean__monthhour,Spring,6039,Madera,12382.7,68196.6,55813.9
genx__stoch__prox__w1g30-mean__monthhour,Spring,6041,Marin,28207.6,19678.9,-8528.7
genx__stoch__prox__w1g30-mean__monthhour,Spring,6043,Mariposa,1352.0,1548.9,196.9
genx__stoch__prox__w1g30-mean__monthhour,Spring,6045,Mendocino,10240.9,7349.6,-2891.3
genx__stoch__prox__w1g30-mean__monthhour,Spring,6047,Merced,22558.0,40563.0,18005.0
genx__stoch__prox__w1g30-mean__monthhour,Spring,6049,Modoc,2448.5,2448.5,0.0
genx__stoch__prox__w1g30-mean__monthhour,Spring,6051,Mono,1532.9,3015.7,1482.8
genx__stoch__prox__w1g30-mean__monthhour,Spring,6053,Monterey,34526.8,38741.7,4214.9
genx__stoch__prox__w1g30-mean__monthhour,Spring,6055,Napa,15960.4,18329.5,2369.1
genx__stoch__prox__w1g30-mean__monthhour,Spring,6057,Nevada,3526.6,7022.8,3496.2
genx__stoch__prox__w1g30-mean__monthhour,Spring,6059,Orange,245077.6,316871.3,71793.7
genx__stoch__prox__w1g30-mean__monthhour,Spring,6061,Placer,35631.3,45270.3,9639.0
genx__stoch__prox__w1g30-mean__monthhour,Spring,6063,Plumas,3819.4,3162.8,-656.6
genx__stoch__prox__w1g30-mean__monthhour,Spring,6065,Riverside,137067.8,225764.8,88697.0
genx__stoch__prox__w1g30-mean__monthhour,Spring,6067,Sacramento,104418.9,109134.8,4715.9
genx__stoch__prox__w1g30-mean__monthhour,Spring,6069,San Benito,2224.6,7326.6,5102.0
genx__stoch__prox__w1g30-mean__monthhour,Spring,6071,San Bernardino,170417.0,276946.9,106529.9
genx__stoch__prox__w1g30-mean__monthhour,Spring,6073,San Diego,285228.0,315654.6,30426.6
genx__stoch__prox__w1g30-mean__monthhour,Spring,6075,San Francisco,63561.2,34138.1,-29423.1
genx__stoch__prox__w1g30-mean__monthhour,Spring,6077,San Joaquin,109191.2,69344.7,-39846.5
genx__stoch__prox__w1g30-mean__monthhour,Spring,6079,San Luis Obispo,26103.6,23689.6,-2414.0
genx__stoch__prox__w1g30-mean__monthhour,Spring,6081,San Mateo,82778.0,75115.7,-7662.3
genx__stoch__prox__w1g30-mean__monthhour,Spring,6083,Santa Barbara,43907.2,38116.2,-5791.0
genx__stoch__prox__w1g30-mean__monthhour,Spring,6085,Santa Clara,218858.7,186895.2,-31963.5
genx__stoch__prox__w1g30-mean__monthhour,Spring,6087,Santa Cruz,25812.7,18704.5,-7108.2
genx__stoch__prox__w1g30-mean__monthhour,Spring,6089,Shasta,11661.5,16098.5,4437.0
genx__stoch__prox__w1g30-mean__monthhour,Spring,6091,Sierra,1424.8,1266.0,-158.8
genx__stoch__prox__w1g30-mean__monthhour,Spring,6093,Siskiyou,8597.9,8597.9,0.0
genx__stoch__prox__w1g30-mean__monthhour,Spring,6095,Solano,50949.7,61538.0,10588.3
genx__stoch__prox__w1g30-mean__monthhour,Spring,6097,Sonoma,45481.1,41999.8,-3481.3
genx__stoch__prox__w1g30-mean__monthhour,Spring,6099,Stanislaus,66243.0,72681.8,6438.8
genx__stoch__prox__w1g30-mean__monthhour,Spring,6101,Sutter,11959.9,11444.9,-515.0
genx__stoch__prox__w1g30-mean__monthhour,Spring,6103,Tehama,6447.1,7223.6,776.5
genx__stoch__prox__w1g30-mean__monthhour,Spring,6105,Trinity,2703.5,2755.3,51.8
genx__stoch__prox__w1g30-mean__monthhour,Spring,6107,Tulare,42030.1,71453.5,29423.4
genx__stoch__prox__w1g30-mean__monthhour,Spring,6109,Tuolumne,5889.5,10403.7,4514.2
genx__stoch__prox__w1g30-mean__monthhour,Spring,6111,Ventura,85140.3,84211.4,-928.9
genx__stoch__prox__w1g30-mean__monthhour,Spring,6113,Yolo,25150.4,25979.0,828.6
genx__stoch__prox__w1g30-mean__monthhour,Spring,6115,Yuba,8693.6,12938.1,4244.5
genx__stoch__prox__w1g30top-d0__monthhour,Spring,6001,Alameda,180010.5,135849.2,-44161.3
genx__stoch__prox__w1g30top-d0__monthhour,Spring,6003,Alpine,2832.2,17.5,-2814.7
genx__stoch__prox__w1g30top-d0__monthhour,Spring,6005,Amador,4777.4,18719.8,13942.4
genx__stoch__prox__w1g30top-d0__monthhour,Spring,6007,Butte,21868.9,23104.6,1235.7
genx__stoch__prox__w1g30top-d0__monthhour,Spring,6009,Calaveras,1711.6,2059.1,347.5
genx__stoch__prox__w1g30top-d0__monthhour,Spring,6011,Colusa,3705.7,3932.4,226.7
genx__stoch__prox__w1g30top-d0__monthhour,Spring,6013,Contra Costa,141271.6,153385.6,12114.0
genx__stoch__prox__w1g30top-d0__monthhour,Spring,6017,El Dorado,9465.0,10496.9,1031.9
genx__stoch__prox__w1g30top-d0__monthhour,Spring,6019,Fresno,88108.4,91263.8,3155.4
genx__stoch__prox__w1g30top-d0__monthhour,Spring,6021,Glenn,6116.4,15447.7,9331.3
genx__stoch__prox__w1g30top-d0__monthhour,Spring,6023,Humboldt,10216.4,32625.7,22409.3
genx__stoch__prox__w1g30top-d0__monthhour,Spring,6025,Imperial,15403.1,15403.1,0.0
genx__stoch__prox__w1g30top-d0__monthhour,Spring,6027,Inyo,15237.1,5612.9,-9624.2
genx__stoch__prox__w1g30top-d0__monthhour,Spring,6029,Kern,114578.8,101347.4,-13231.4
genx__stoch__prox__w1g30top-d0__monthhour,Spring,6031,Kings,19653.1,38664.4,19011.3
genx__stoch__prox__w1g30top-d0__monthhour,Spring,6033,Lake,8101.4,8131.0,29.6
genx__stoch__prox__w1g30top-d0__monthhour,Spring,6035,Lassen,7353.7,7443.9,90.2
genx__stoch__prox__w1g30top-d0__monthhour,Spring,6037,Los Angeles,908907.4,671931.8,-236975.6
genx__stoch__prox__w1g30top-d0__monthhour,Spring,6039,Madera,12382.7,32404.8,20022.1
genx__stoch__prox__w1g30top-d0__monthhour,Spring,6041,Marin,28207.6,17503.0,-10704.6
genx__stoch__prox__w1g30top-d0__monthhour,Spring,6043,Mariposa,1352.0,4618.2,3266.2
genx__stoch__prox__w1g30top-d0__monthhour,Spring,6045,Mendocino,10240.9,22823.2,12582.3
genx__stoch__prox__w1g30top-d0__monthhour,Spring,6047,Merced,22558.0,25520.9,2962.9
genx__stoch__prox__w1g30top-d0__monthhour,Spring,6049,Modoc,2448.5,2448.5,0.0
genx__stoch__prox__w1g30top-d0__monthhour,Spring,6051,Mono,1532.9,1672.2,139.3
genx__stoch__prox__w1g30top-d0__monthhour,Spring,6053,Monterey,34526.8,63646.7,29119.9
genx__stoch__prox__w1g30top-d0__monthhour,Spring,6055,Napa,15960.4,11664.3,-4296.1
genx__stoch__prox__w1g30top-d0__monthhour,Spring,6057,Nevada,3526.6,4511.0,984.4
genx__stoch__prox__w1g30top-d0__monthhour,Spring,6059,Orange,245077.6,208493.8,-36583.8
genx__stoch__prox__w1g30top-d0__monthhour,Spring,6061,Placer,35631.3,32820.1,-2811.2
genx__stoch__prox__w1g30top-d0__monthhour,Spring,6063,Plumas,3819.4,2691.2,-1128.2
genx__stoch__prox__w1g30top-d0__monthhour,Spring,6065,Riverside,137067.8,250336.1,113268.3
genx__stoch__prox__w1g30top-d0__monthhour,Spring,6067,Sacramento,104418.9,105373.5,954.6
genx__stoch__prox__w1g30top-d0__monthhour,Spring,6069,San Benito,2224.6,3960.8,1736.2
genx__stoch__prox__w1g30top-d0__monthhour,Spring,6071,San Bernardino,170417.0,322727.3,152310.3
genx__stoch__prox__w1g30top-d0__monthhour,Spring,6073,San Diego,285228.0,261016.8,-24211.2
genx__stoch__prox__w1g30top-d0__monthhour,Spring,6075,San Francisco,63561.2,19582.6,-43978.6
genx__stoch__prox__w1g30top-d0__monthhour,Spring,6077,San Joaquin,109191.2,114389.2,5198.0
genx__stoch__prox__w1g30top-d0__monthhour,Spring,6079,San Luis Obispo,26103.6,28777.0,2673.4
genx__stoch__prox__w1g30top-d0__monthhour,Spring,6081,San Mateo,82778.0,65624.7,-17153.3
genx__stoch__prox__w1g30top-d0__monthhour,Spring,6083,Santa Barbara,43907.2,49337.0,5429.8
genx__stoch__prox__w1g30top-d0__monthhour,Spring,6085,Santa Clara,218858.7,168596.6,-50262.1
genx__stoch__prox__w1g30top-d0__monthhour,Spring,6087,Santa Cruz,25812.7,23839.8,-1972.9
genx__stoch__prox__w1g30top-d0__monthhour,Spring,6089,Shasta,11661.5,11334.5,-327.0
genx__stoch__prox__w1g30top-d0__monthhour,Spring,6091,Sierra,1424.8,1183.2,-241.6
genx__stoch__prox__w1g30top-d0__monthhour,Spring,6093,Siskiyou,8597.9,8597.9,0.0
genx__stoch__prox__w1g30top-d0__monthhour,Spring,6095,Solano,50949.7,39681.0,-11268.7
genx__stoch__prox__w1g30top-d0__monthhour,Spring,6097,Sonoma,45481.1,65017.1,19536.0
genx__stoch__prox__w1g30top-d0__monthhour,Spring,6099,Stanislaus,66243.0,66646.7,403.7
genx__stoch__prox__w1g30top-d0__monthhour,Spring,6101,Sutter,11959.9,23160.2,11200.3
genx__stoch__prox__w1g30top-d0__monthhour,Spring,6103,Tehama,6447.1,10972.8,4525.7
genx__stoch__prox__w1g30top-d0__monthhour,Spring,6105,Trinity,2703.5,2579.7,-123.8
genx__stoch__prox__w1g30top-d0__monthhour,Spring,6107,Tulare,42030.1,78092.6,36062.5
genx__stoch__prox__w1g30top-d0__monthhour,Spring,6109,Tuolumne,5889.5,6537.2,647.7
genx__stoch__prox__w1g30top-d0__monthhour,Spring,6111,Ventura,85140.3,90726.1,5585.8
genx__stoch__prox__w1g30top-d0__monthhour,Spring,6113,Yolo,25150.4,26427.2,1276.8
genx__stoch__prox__w1g30top-d0__monthhour,Spring,6115,Yuba,8693.6,7752.4,-941.2
genx__stoch__prox__w1g30top-d1__monthhour,Spring,6001,Alameda,180010.5,135661.1,-44349.4
genx__stoch__prox__w1g30top-d1__monthhour,Spring,6003,Alpine,2832.2,16.7,-2815.5
genx__stoch__prox__w1g30top-d1__monthhour,Spring,6005,Amador,4777.4,18753.5,13976.1
genx__stoch__prox__w1g30top-d1__monthhour,Spring,6007,Butte,21868.9,23301.3,1432.4
genx__stoch__prox__w1g30top-d1__monthhour,Spring,6009,Calaveras,1711.6,1963.3,251.7
genx__stoch__prox__w1g30top-d1__monthhour,Spring,6011,Colusa,3705.7,3801.4,95.7
genx__stoch__prox__w1g30top-d1__monthhour,Spring,6013,Contra Costa,141271.6,154558.7,13287.1
genx__stoch__prox__w1g30top-d1__monthhour,Spring,6017,El Dorado,9465.0,10413.9,948.9
genx__stoch__prox__w1g30top-d1__monthhour,Spring,6019,Fresno,88108.4,91229.7,3121.3
genx__stoch__prox__w1g30top-d1__monthhour,Spring,6021,Glenn,6116.4,15200.4,9084.0
genx__stoch__prox__w1g30top-d1__monthhour,Spring,6023,Humboldt,10216.4,32554.7,22338.3
genx__stoch__prox__w1g30top-d1__monthhour,Spring,6025,Imperial,15403.1,15403.1,0.0
genx__stoch__prox__w1g30top-d1__monthhour,Spring,6027,Inyo,15237.1,5658.5,-9578.6
genx__stoch__prox__w1g30top-d1__monthhour,Spring,6029,Kern,114578.8,100038.5,-14540.3
genx__stoch__prox__w1g30top-d1__monthhour,Spring,6031,Kings,19653.1,37579.2,17926.1
genx__stoch__prox__w1g30top-d1__monthhour,Spring,6033,Lake,8101.4,8068.2,-33.2
genx__stoch__prox__w1g30top-d1__monthhour,Spring,6035,Lassen,7353.7,7442.1,88.4
genx__stoch__prox__w1g30top-d1__monthhour,Spring,6037,Los Angeles,908907.4,671333.5,-237573.9
genx__stoch__prox__w1g30top-d1__monthhour,Spring,6039,Madera,12382.7,33915.6,21532.9
genx__stoch__prox__w1g30top-d1__monthhour,Spring,6041,Marin,28207.6,17518.9,-10688.7
genx__stoch__prox__w1g30top-d1__monthhour,Spring,6043,Mariposa,1352.0,4569.4,3217.4
genx__stoch__prox__w1g30top-d1__monthhour,Spring,6045,Mendocino,10240.9,22653.9,12413.0
genx__stoch__prox__w1g30top-d1__monthhour,Spring,6047,Merced,22558.0,25793.7,3235.7
genx__stoch__prox__w1g30top-d1__monthhour,Spring,6049,Modoc,2448.5,2448.5,0.0
genx__stoch__prox__w1g30top-d1__monthhour,Spring,6051,Mono,1532.9,1726.0,193.1
genx__stoch__prox__w1g30top-d1__monthhour,Spring,6053,Monterey,34526.8,63591.0,29064.2
genx__stoch__prox__w1g30top-d1__monthhour,Spring,6055,Napa,15960.4,11510.3,-4450.1
genx__stoch__prox__w1g30top-d1__monthhour,Spring,6057,Nevada,3526.6,4541.8,1015.2
genx__stoch__prox__w1g30top-d1__monthhour,Spring,6059,Orange,245077.6,205976.9,-39100.7
genx__stoch__prox__w1g30top-d1__monthhour,Spring,6061,Placer,35631.3,32710.9,-2920.4
genx__stoch__prox__w1g30top-d1__monthhour,Spring,6063,Plumas,3819.4,2684.1,-1135.3
genx__stoch__prox__w1g30top-d1__monthhour,Spring,6065,Riverside,137067.8,249775.1,112707.3
genx__stoch__prox__w1g30top-d1__monthhour,Spring,6067,Sacramento,104418.9,105865.8,1446.9
genx__stoch__prox__w1g30top-d1__monthhour,Spring,6069,San Benito,2224.6,3846.8,1622.2
genx__stoch__prox__w1g30top-d1__monthhour,Spring,6071,San Bernardino,170417.0,324082.4,153665.4
genx__stoch__prox__w1g30top-d1__monthhour,Spring,6073,San Diego,285228.0,262659.4,-22568.6
genx__stoch__prox__w1g30top-d1__monthhour,Spring,6075,San Francisco,63561.2,19412.2,-44149.0
genx__stoch__prox__w1g30top-d1__monthhour,Spring,6077,San Joaquin,109191.2,114554.7,5363.5
genx__stoch__prox__w1g30top-d1__monthhour,Spring,6079,San Luis Obispo,26103.6,28051.2,1947.6
genx__stoch__prox__w1g30top-d1__monthhour,Spring,6081,San Mateo,82778.0,65662.3,-17115.7
genx__stoch__prox__w1g30top-d1__monthhour,Spring,6083,Santa Barbara,43907.2,50099.1,6191.9
genx__stoch__prox__w1g30top-d1__monthhour,Spring,6085,Santa Clara,218858.7,169312.5,-49546.2
genx__stoch__prox__w1g30top-d1__monthhour,Spring,6087,Santa Cruz,25812.7,23640.6,-2172.1
genx__stoch__prox__w1g30top-d1__monthhour,Spring,6089,Shasta,11661.5,11310.2,-351.3
genx__stoch__prox__w1g30top-d1__monthhour,Spring,6091,Sierra,1424.8,1179.0,-245.8
genx__stoch__prox__w1g30top-d1__monthhour,Spring,6093,Siskiyou,8597.9,8597.9,0.0
genx__stoch__prox__w1g30top-d1__monthhour,Spring,6095,Solano,50949.7,39929.9,-11019.8
genx__stoch__prox__w1g30top-d1__monthhour,Spring,6097,Sonoma,45481.1,64718.7,19237.6
genx__stoch__prox__w1g30top-d1__monthhour,Spring,6099,Stanislaus,66243.0,67109.8,866.8
genx__stoch__prox__w1g30top-d1__monthhour,Spring,6101,Sutter,11959.9,23070.9,11111.0
genx__stoch__prox__w1g30top-d1__monthhour,Spring,6103,Tehama,6447.1,10990.0,4542.9
genx__stoch__prox__w1g30top-d1__monthhour,Spring,6105,Trinity,2703.5,2583.1,-120.4
genx__stoch__prox__w1g30top-d1__monthhour,Spring,6107,Tulare,42030.1,78116.5,36086.4
genx__stoch__prox__w1g30top-d1__monthhour,Spring,6109,Tuolumne,5889.5,6541.3,651.8
genx__stoch__prox__w1g30top-d1__monthhour,Spring,6111,Ventura,85140.3,90838.1,5697.8
genx__stoch__prox__w1g30top-d1__monthhour,Spring,6113,Yolo,25150.4,26203.1,1052.7
genx__stoch__prox__w1g30top-d1__monthhour,Spring,6115,Yuba,8693.6,7755.3,-938.3
genx__stoch__prox__w1g30top-d2__monthhour,Spring,6001,Alameda,180010.5,136057.0,-43953.5
genx__stoch__prox__w1g30top-d2__monthhour,Spring,6003,Alpine,2832.2,17.0,-2815.2
genx__stoch__prox__w1g30top-d2__monthhour,Spring,6005,Amador,4777.4,18763.2,13985.8
genx__stoch__prox__w1g30top-d2__monthhour,Spring,6007,Butte,21868.9,22828.0,959.1
genx__stoch__prox__w1g30top-d2__monthhour,Spring,6009,Calaveras,1711.6,2000.4,288.8
genx__stoch__prox__w1g30top-d2__monthhour,Spring,6011,Colusa,3705.7,3891.1,185.4
genx__stoch__prox__w1g30top-d2__monthhour,Spring,6013,Contra Costa,141271.6,154754.4,13482.8
genx__stoch__prox__w1g30top-d2__monthhour,Spring,6017,El Dorado,9465.0,10245.2,780.2
genx__stoch__prox__w1g30top-d2__monthhour,Spring,6019,Fresno,88108.4,93762.4,5654.0
genx__stoch__prox__w1g30top-d2__monthhour,Spring,6021,Glenn,6116.4,15187.6,9071.2
genx__stoch__prox__w1g30top-d2__monthhour,Spring,6023,Humboldt,10216.4,32507.8,22291.4
genx__stoch__prox__w1g30top-d2__monthhour,Spring,6025,Imperial,15403.1,15403.1,0.0
genx__stoch__prox__w1g30top-d2__monthhour,Spring,6027,Inyo,15237.1,5605.9,-9631.2
genx__stoch__prox__w1g30top-d2__monthhour,Spring,6029,Kern,114578.8,100485.8,-14093.0
genx__stoch__prox__w1g30top-d2__monthhour,Spring,6031,Kings,19653.1,37838.4,18185.3
genx__stoch__prox__w1g30top-d2__monthhour,Spring,6033,Lake,8101.4,7995.7,-105.7
genx__stoch__prox__w1g30top-d2__monthhour,Spring,6035,Lassen,7353.7,7426.9,73.2
genx__stoch__prox__w1g30top-d2__monthhour,Spring,6037,Los Angeles,908907.4,669430.8,-239476.6
genx__stoch__prox__w1g30top-d2__monthhour,Spring,6039,Madera,12382.7,34651.4,22268.7
genx__stoch__prox__w1g30top-d2__monthhour,Spring,6041,Marin,28207.6,17469.4,-10738.2
genx__stoch__prox__w1g30top-d2__monthhour,Spring,6043,Mariposa,1352.0,4616.2,3264.2
genx__stoch__prox__w1g30top-d2__monthhour,Spring,6045,Mendocino,10240.9,22870.4,12629.5
genx__stoch__prox__w1g30top-d2__monthhour,Spring,6047,Merced,22558.0,25746.4,3188.4
genx__stoch__prox__w1g30top-d2__monthhour,Spring,6049,Modoc,2448.5,2448.5,0.0
genx__stoch__prox__w1g30top-d2__monthhour,Spring,6051,Mono,1532.9,1632.9,100.0
genx__stoch__prox__w1g30top-d2__monthhour,Spring,6053,Monterey,34526.8,63433.3,28906.5
genx__stoch__prox__w1g30top-d2__monthhour,Spring,6055,Napa,15960.4,11516.3,-4444.1
genx__stoch__prox__w1g30top-d2__monthhour,Spring,6057,Nevada,3526.6,4621.8,1095.2
genx__stoch__prox__w1g30top-d2__monthhour,Spring,6059,Orange,245077.6,206769.1,-38308.5
genx__stoch__prox__w1g30top-d2__monthhour,Spring,6061,Placer,35631.3,32855.1,-2776.2
genx__stoch__prox__w1g30top-d2__monthhour,Spring,6063,Plumas,3819.4,2670.5,-1148.9
genx__stoch__prox__w1g30top-d2__monthhour,Spring,6065,Riverside,137067.8,247724.0,110656.2
genx__stoch__prox__w1g30top-d2__monthhour,Spring,6067,Sacramento,104418.9,105598.3,1179.4
genx__stoch__prox__w1g30top-d2__monthhour,Spring,6069,San Benito,2224.6,4076.2,1851.6
genx__stoch__prox__w1g30top-d2__monthhour,Spring,6071,San Bernardino,170417.0,323759.8,153342.8
genx__stoch__prox__w1g30top-d2__monthhour,Spring,6073,San Diego,285228.0,260241.0,-24987.0
genx__stoch__prox__w1g30top-d2__monthhour,Spring,6075,San Francisco,63561.2,19513.5,-44047.7
genx__stoch__prox__w1g30top-d2__monthhour,Spring,6077,San Joaquin,109191.2,114482.5,5291.3
genx__stoch__prox__w1g30top-d2__monthhour,Spring,6079,San Luis Obispo,26103.6,27958.0,1854.4
genx__stoch__prox__w1g30top-d2__monthhour,Spring,6081,San Mateo,82778.0,65684.6,-17093.4
genx__stoch__prox__w1g30top-d2__monthhour,Spring,6083,Santa Barbara,43907.2,49850.2,5943.0
genx__stoch__prox__w1g30top-d2__monthhour,Spring,6085,Santa Clara,218858.7,170380.6,-48478.1
genx__stoch__prox__w1g30top-d2__monthhour,Spring,6087,Santa Cruz,25812.7,23645.7,-2167.0
genx__stoch__prox__w1g30top-d2__monthhour,Spring,6089,Shasta,11661.5,11366.0,-295.5
genx__stoch__prox__w1g30top-d2__monthhour,Spring,6091,Sierra,1424.8,1184.6,-240.2
genx__stoch__prox__w1g30top-d2__monthhour,Spring,6093,Siskiyou,8597.9,8597.9,0.0
genx__stoch__prox__w1g30top-d2__monthhour,Spring,6095,Solano,50949.7,39754.1,-11195.6
genx__stoch__prox__w1g30top-d2__monthhour,Spring,6097,Sonoma,45481.1,64629.3,19148.2
genx__stoch__prox__w1g30top-d2__monthhour,Spring,6099,Stanislaus,66243.0,66553.6,310.6
genx__stoch__prox__w1g30top-d2__monthhour,Spring,6101,Sutter,11959.9,23196.9,11237.0
genx__stoch__prox__w1g30top-d2__monthhour,Spring,6103,Tehama,6447.1,10774.8,4327.7
genx__stoch__prox__w1g30top-d2__monthhour,Spring,6105,Trinity,2703.5,2578.7,-124.8
genx__stoch__prox__w1g30top-d2__monthhour,Spring,6107,Tulare,42030.1,79857.2,37827.1
genx__stoch__prox__w1g30top-d2__monthhour,Spring,6109,Tuolumne,5889.5,6544.6,655.1
genx__stoch__prox__w1g30top-d2__monthhour,Spring,6111,Ventura,85140.3,90266.6,5126.3
genx__stoch__prox__w1g30top-d2__monthhour,Spring,6113,Yolo,25150.4,26990.6,1840.2
genx__stoch__prox__w1g30top-d2__monthhour,Spring,6115,Yuba,8693.6,7813.4,-880.2
genx__stoch__prox__w1g30top-mean__monthhour,Spring,6001,Alameda,180010.5,136248.2,-43762.3
genx__stoch__prox__w1g30top-mean__monthhour,Spring,6003,Alpine,2832.2,17.2,-2815.0
genx__stoch__prox__w1g30top-mean__monthhour,Spring,6005,Amador,4777.4,18749.6,13972.2
genx__stoch__prox__w1g30top-mean__monthhour,Spring,6007,Butte,21868.9,23128.9,1260.0
genx__stoch__prox__w1g30top-mean__monthhour,Spring,6009,Calaveras,1711.6,1992.2,280.6
genx__stoch__prox__w1g30top-mean__monthhour,Spring,6011,Colusa,3705.7,3866.0,160.3
genx__stoch__prox__w1g30top-mean__monthhour,Spring,6013,Contra Costa,141271.6,154575.8,13304.2
genx__stoch__prox__w1g30top-mean__monthhour,Spring,6017,El Dorado,9465.0,10344.4,879.4
genx__stoch__prox__w1g30top-mean__monthhour,Spring,6019,Fresno,88108.4,91888.7,3780.3
genx__stoch__prox__w1g30top-mean__monthhour,Spring,6021,Glenn,6116.4,15290.4,9174.0
genx__stoch__prox__w1g30top-mean__monthhour,Spring,6023,Humboldt,10216.4,32586.2,22369.8
genx__stoch__prox__w1g30top-mean__monthhour,Spring,6025,Imperial,15403.1,15403.1,0.0
genx__stoch__prox__w1g30top-mean__monthhour,Spring,6027,Inyo,15237.1,5633.2,-9603.9
genx__stoch__prox__w1g30top-mean__monthhour,Spring,6029,Kern,114578.8,100791.5,-13787.3
genx__stoch__prox__w1g30top-mean__monthhour,Spring,6031,Kings,19653.1,38179.7,18526.6
genx__stoch__prox__w1g30top-mean__monthhour,Spring,6033,Lake,8101.4,8073.2,-28.2
genx__stoch__prox__w1g30top-mean__monthhour,Spring,6035,Lassen,7353.7,7435.1,81.4
genx__stoch__prox__w1g30top-mean__monthhour,Spring,6037,Los Angeles,908907.4,670806.6,-238100.8
genx__stoch__prox__w1g30top-mean__monthhour,Spring,6039,Madera,12382.7,32826.8,20444.1
genx__stoch__prox__w1g30top-mean__monthhour,Spring,6041,Marin,28207.6,17427.0,-10780.6
genx__stoch__prox__w1g30top-mean__monthhour,Spring,6043,Mariposa,1352.0,4582.4,3230.4
genx__stoch__prox__w1g30top-mean__monthhour,Spring,6045,Mendocino,10240.9,22757.4,12516.5
genx__stoch__prox__w1g30top-mean__monthhour,Spring,6047,Merced,22558.0,25684.2,3126.2
genx__stoch__prox__w1g30top-mean__monthhour,Spring,6049,Modoc,2448.5,2448.5,0.0
genx__stoch__prox__w1g30top-mean__monthhour,Spring,6051,Mono,1532.9,1672.3,139.4
genx__stoch__prox__w1g30top-mean__monthhour,Spring,6053,Monterey,34526.8,63419.3,28892.5
genx__stoch__prox__w1g30top-mean__monthhour,Spring,6055,Napa,15960.4,11618.0,-4342.4
genx__stoch__prox__w1g30top-mean__monthhour,Spring,6057,Nevada,3526.6,4576.7,1050.1
genx__stoch__prox__w1g30top-mean__monthhour,Spring,6059,Orange,245077.6,206466.9,-38610.7
genx__stoch__prox__w1g30top-mean__monthhour,Spring,6061,Placer,35631.3,32747.6,-2883.7
genx__stoch__prox__w1g30top-mean__monthhour,Spring,6063,Plumas,3819.4,2682.7,-1136.7
genx__stoch__prox__w1g30top-mean__monthhour,Spring,6065,Riverside,137067.8,249501.7,112433.9
genx__stoch__prox__w1g30top-mean__monthhour,Spring,6067,Sacramento,104418.9,105584.8,1165.9
genx__stoch__prox__w1g30top-mean__monthhour,Spring,6069,San Benito,2224.6,3929.0,1704.4
genx__stoch__prox__w1g30top-mean__monthhour,Spring,6071,San Bernardino,170417.0,324709.1,154292.1
genx__stoch__prox__w1g30top-mean__monthhour,Spring,6073,San Diego,285228.0,260979.9,-24248.1
genx__stoch__prox__w1g30top-mean__monthhour,Spring,6075,San Francisco,63561.2,19587.9,-43973.3
genx__stoch__prox__w1g30top-mean__monthhour,Spring,6077,San Joaquin,109191.2,114438.7,5247.5
genx__stoch__prox__w1g30top-mean__monthhour,Spring,6079,San Luis Obispo,26103.6,28314.3,2210.7
genx__stoch__prox__w1g30top-mean__monthhour,Spring,6081,San Mateo,82778.0,65612.0,-17166.0
genx__stoch__prox__w1g30top-mean__monthhour,Spring,6083,Santa Barbara,43907.2,50110.1,6202.9
genx__stoch__prox__w1g30top-mean__monthhour,Spring,6085,Santa Clara,218858.7,169006.4,-49852.3
genx__stoch__prox__w1g30top-mean__monthhour,Spring,6087,Santa Cruz,25812.7,23601.5,-2211.2
genx__stoch__prox__w1g30top-mean__monthhour,Spring,6089,Shasta,11661.5,11317.9,-343.6
genx__stoch__prox__w1g30top-mean__monthhour,Spring,6091,Sierra,1424.8,1181.7,-243.1
genx__stoch__prox__w1g30top-mean__monthhour,Spring,6093,Siskiyou,8597.9,8597.9,0.0
genx__stoch__prox__w1g30top-mean__monthhour,Spring,6095,Solano,50949.7,39885.3,-11064.4
genx__stoch__prox__w1g30top-mean__monthhour,Spring,6097,Sonoma,45481.1,64847.4,19366.3
genx__stoch__prox__w1g30top-mean__monthhour,Spring,6099,Stanislaus,66243.0,66862.6,619.6
genx__stoch__prox__w1g30top-mean__monthhour,Spring,6101,Sutter,11959.9,23153.6,11193.7
genx__stoch__prox__w1g30top-mean__monthhour,Spring,6103,Tehama,6447.1,10911.7,4464.6
genx__stoch__prox__w1g30top-mean__monthhour,Spring,6105,Trinity,2703.5,2580.5,-123.0
genx__stoch__prox__w1g30top-mean__monthhour,Spring,6107,Tulare,42030.1,78559.9,36529.8
genx__stoch__prox__w1g30top-mean__monthhour,Spring,6109,Tuolumne,5889.5,6505.1,615.6
genx__stoch__prox__w1g30top-mean__monthhour,Spring,6111,Ventura,85140.3,90454.6,5314.3
genx__stoch__prox__w1g30top-mean__monthhour,Spring,6113,Yolo,25150.4,26653.8,1503.4
genx__stoch__prox__w1g30top-mean__monthhour,Spring,6115,Yuba,8693.6,7717.5,-976.1
genx__stoch__prox__w2-d0__monthhour,Spring,6001,Alameda,180010.5,141045.6,-38964.9
genx__stoch__prox__w2-d0__monthhour,Spring,6003,Alpine,2832.2,29.4,-2802.8
genx__stoch__prox__w2-d0__monthhour,Spring,6005,Amador,4777.4,4728.8,-48.6
genx__stoch__prox__w2-d0__monthhour,Spring,6007,Butte,21868.9,27051.8,5182.9
genx__stoch__prox__w2-d0__monthhour,Spring,6009,Calaveras,1711.6,2451.4,739.8
genx__stoch__prox__w2-d0__monthhour,Spring,6011,Colusa,3705.7,4958.8,1253.1
genx__stoch__prox__w2-d0__monthhour,Spring,6013,Contra Costa,141271.6,123354.3,-17917.3
genx__stoch__prox__w2-d0__monthhour,Spring,6017,El Dorado,9465.0,12199.6,2734.6
genx__stoch__prox__w2-d0__monthhour,Spring,6019,Fresno,88108.4,115041.8,26933.4
genx__stoch__prox__w2-d0__monthhour,Spring,6021,Glenn,6116.4,5032.8,-1083.6
genx__stoch__prox__w2-d0__monthhour,Spring,6023,Humboldt,10216.4,10492.5,276.1
genx__stoch__prox__w2-d0__monthhour,Spring,6025,Imperial,15403.1,15403.1,0.0
genx__stoch__prox__w2-d0__monthhour,Spring,6027,Inyo,15237.1,5884.8,-9352.3
genx__stoch__prox__w2-d0__monthhour,Spring,6029,Kern,114578.8,124455.2,9876.4
genx__stoch__prox__w2-d0__monthhour,Spring,6031,Kings,19653.1,25457.7,5804.6
genx__stoch__prox__w2-d0__monthhour,Spring,6033,Lake,8101.4,9379.7,1278.3
genx__stoch__prox__w2-d0__monthhour,Spring,6035,Lassen,7353.7,7618.5,264.8
genx__stoch__prox__w2-d0__monthhour,Spring,6037,Los Angeles,908907.4,849691.5,-59215.9
genx__stoch__prox__w2-d0__monthhour,Spring,6039,Madera,12382.7,43730.6,31347.9
genx__stoch__prox__w2-d0__monthhour,Spring,6041,Marin,28207.6,15657.7,-12549.9
genx__stoch__prox__w2-d0__monthhour,Spring,6043,Mariposa,1352.0,1676.2,324.2
genx__stoch__prox__w2-d0__monthhour,Spring,6045,Mendocino,10240.9,10540.6,299.7
genx__stoch__prox__w2-d0__monthhour,Spring,6047,Merced,22558.0,30309.0,7751.0
genx__stoch__prox__w2-d0__monthhour,Spring,6049,Modoc,2448.5,2448.5,0.0
genx__stoch__prox__w2-d0__monthhour,Spring,6051,Mono,1532.9,2109.5,576.6
genx__stoch__prox__w2-d0__monthhour,Spring,6053,Monterey,34526.8,34302.7,-224.1
genx__stoch__prox__w2-d0__monthhour,Spring,6055,Napa,15960.4,11225.0,-4735.4
genx__stoch__prox__w2-d0__monthhour,Spring,6057,Nevada,3526.6,5278.9,1752.3
genx__stoch__prox__w2-d0__monthhour,Spring,6059,Orange,245077.6,274978.3,29900.7
genx__stoch__prox__w2-d0__monthhour,Spring,6061,Placer,35631.3,36965.1,1333.8
genx__stoch__prox__w2-d0__monthhour,Spring,6063,Plumas,3819.4,2853.6,-965.8
genx__stoch__prox__w2-d0__monthhour,Spring,6065,Riverside,137067.8,202057.5,64989.7
genx__stoch__prox__w2-d0__monthhour,Spring,6067,Sacramento,104418.9,106441.7,2022.8
genx__stoch__prox__w2-d0__monthhour,Spring,6069,San Benito,2224.6,5081.3,2856.7
genx__stoch__prox__w2-d0__monthhour,Spring,6071,San Bernardino,170417.0,234436.5,64019.5
genx__stoch__prox__w2-d0__monthhour,Spring,6073,San Diego,285228.0,256092.4,-29135.6
genx__stoch__prox__w2-d0__monthhour,Spring,6075,San Francisco,63561.2,32952.5,-30608.7
genx__stoch__prox__w2-d0__monthhour,Spring,6077,San Joaquin,109191.2,96963.4,-12227.8
genx__stoch__prox__w2-d0__monthhour,Spring,6079,San Luis Obispo,26103.6,17456.6,-8647.0
genx__stoch__prox__w2-d0__monthhour,Spring,6081,San Mateo,82778.0,65969.8,-16808.2
genx__stoch__prox__w2-d0__monthhour,Spring,6083,Santa Barbara,43907.2,47249.1,3341.9
genx__stoch__prox__w2-d0__monthhour,Spring,6085,Santa Clara,218858.7,194451.6,-24407.1
genx__stoch__prox__w2-d0__monthhour,Spring,6087,Santa Cruz,25812.7,19772.2,-6040.5
genx__stoch__prox__w2-d0__monthhour,Spring,6089,Shasta,11661.5,12907.7,1246.2
genx__stoch__prox__w2-d0__monthhour,Spring,6091,Sierra,1424.8,1212.7,-212.1
genx__stoch__prox__w2-d0__monthhour,Spring,6093,Siskiyou,8597.9,8597.9,0.0
genx__stoch__prox__w2-d0__monthhour,Spring,6095,Solano,50949.7,46662.8,-4286.9
genx__stoch__prox__w2-d0__monthhour,Spring,6097,Sonoma,45481.1,42296.7,-3184.4
genx__stoch__prox__w2-d0__monthhour,Spring,6099,Stanislaus,66243.0,68449.6,2206.6
genx__stoch__prox__w2-d0__monthhour,Spring,6101,Sutter,11959.9,13378.2,1418.3
genx__stoch__prox__w2-d0__monthhour,Spring,6103,Tehama,6447.1,4868.7,-1578.4
genx__stoch__prox__w2-d0__monthhour,Spring,6105,Trinity,2703.5,2636.7,-66.8
genx__stoch__prox__w2-d0__monthhour,Spring,6107,Tulare,42030.1,57546.8,15516.7
genx__stoch__prox__w2-d0__monthhour,Spring,6109,Tuolumne,5889.5,7824.2,1934.7
genx__stoch__prox__w2-d0__monthhour,Spring,6111,Ventura,85140.3,82831.2,-2309.1
genx__stoch__prox__w2-d0__monthhour,Spring,6113,Yolo,25150.4,24555.7,-594.7
genx__stoch__prox__w2-d0__monthhour,Spring,6115,Yuba,8693.6,9478.2,784.6
genx__stoch__prox__w2-d1__monthhour,Spring,6001,Alameda,180010.5,140832.0,-39178.5
genx__stoch__prox__w2-d1__monthhour,Spring,6003,Alpine,2832.2,25.3,-2806.9
genx__stoch__prox__w2-d1__monthhour,Spring,6005,Amador,4777.4,4776.8,-0.6
genx__stoch__prox__w2-d1__monthhour,Spring,6007,Butte,21868.9,27348.5,5479.6
genx__stoch__prox__w2-d1__monthhour,Spring,6009,Calaveras,1711.6,2315.1,603.5
genx__stoch__prox__w2-d1__monthhour,Spring,6011,Colusa,3705.7,4773.1,1067.4
genx__stoch__prox__w2-d1__monthhour,Spring,6013,Contra Costa,141271.6,125088.2,-16183.4
genx__stoch__prox__w2-d1__monthhour,Spring,6017,El Dorado,9465.0,12082.9,2617.9
genx__stoch__prox__w2-d1__monthhour,Spring,6019,Fresno,88108.4,115041.5,26933.1
genx__stoch__prox__w2-d1__monthhour,Spring,6021,Glenn,6116.4,4679.4,-1437.0
genx__stoch__prox__w2-d1__monthhour,Spring,6023,Humboldt,10216.4,10399.0,182.6
genx__stoch__prox__w2-d1__monthhour,Spring,6025,Imperial,15403.1,15403.1,0.0
genx__stoch__prox__w2-d1__monthhour,Spring,6027,Inyo,15237.1,5950.6,-9286.5
genx__stoch__prox__w2-d1__monthhour,Spring,6029,Kern,114578.8,122607.9,8029.1
genx__stoch__prox__w2-d1__monthhour,Spring,6031,Kings,19653.1,23896.6,4243.5
genx__stoch__prox__w2-d1__monthhour,Spring,6033,Lake,8101.4,9289.7,1188.3
genx__stoch__prox__w2-d1__monthhour,Spring,6035,Lassen,7353.7,7617.2,263.5
genx__stoch__prox__w2-d1__monthhour,Spring,6037,Los Angeles,908907.4,849046.6,-59860.8
genx__stoch__prox__w2-d1__monthhour,Spring,6039,Madera,12382.7,45939.9,33557.2
genx__stoch__prox__w2-d1__monthhour,Spring,6041,Marin,28207.6,15684.1,-12523.5
genx__stoch__prox__w2-d1__monthhour,Spring,6043,Mariposa,1352.0,1605.0,253.0
genx__stoch__prox__w2-d1__monthhour,Spring,6045,Mendocino,10240.9,10300.0,59.1
genx__stoch__prox__w2-d1__monthhour,Spring,6047,Merced,22558.0,30718.0,8160.0
genx__stoch__prox__w2-d1__monthhour,Spring,6049,Modoc,2448.5,2448.5,0.0
genx__stoch__prox__w2-d1__monthhour,Spring,6051,Mono,1532.9,2188.6,655.7
genx__stoch__prox__w2-d1__monthhour,Spring,6053,Monterey,34526.8,34237.0,-289.8
genx__stoch__prox__w2-d1__monthhour,Spring,6055,Napa,15960.4,11013.7,-4946.7
genx__stoch__prox__w2-d1__monthhour,Spring,6057,Nevada,3526.6,5323.8,1797.2
genx__stoch__prox__w2-d1__monthhour,Spring,6059,Orange,245077.6,271477.3,26399.7
genx__stoch__prox__w2-d1__monthhour,Spring,6061,Placer,35631.3,36814.6,1183.3
genx__stoch__prox__w2-d1__monthhour,Spring,6063,Plumas,3819.4,2842.4,-977.0
genx__stoch__prox__w2-d1__monthhour,Spring,6065,Riverside,137067.8,201345.2,64277.4
genx__stoch__prox__w2-d1__monthhour,Spring,6067,Sacramento,104418.9,107159.9,2741.0
genx__stoch__prox__w2-d1__monthhour,Spring,6069,San Benito,2224.6,4919.5,2694.9
genx__stoch__prox__w2-d1__monthhour,Spring,6071,San Bernardino,170417.0,236539.6,66122.6
genx__stoch__prox__w2-d1__monthhour,Spring,6073,San Diego,285228.0,258603.2,-26624.8
genx__stoch__prox__w2-d1__monthhour,Spring,6075,San Francisco,63561.2,32723.3,-30837.9
genx__stoch__prox__w2-d1__monthhour,Spring,6077,San Joaquin,109191.2,97223.9,-11967.3
genx__stoch__prox__w2-d1__monthhour,Spring,6079,San Luis Obispo,26103.6,16413.8,-9689.8
genx__stoch__prox__w2-d1__monthhour,Spring,6081,San Mateo,82778.0,66054.1,-16723.9
genx__stoch__prox__w2-d1__monthhour,Spring,6083,Santa Barbara,43907.2,46969.9,3062.7
genx__stoch__prox__w2-d1__monthhour,Spring,6085,Santa Clara,218858.7,195584.8,-23273.9
genx__stoch__prox__w2-d1__monthhour,Spring,6087,Santa Cruz,25812.7,19494.9,-6317.8
genx__stoch__prox__w2-d1__monthhour,Spring,6089,Shasta,11661.5,12877.2,1215.7
genx__stoch__prox__w2-d1__monthhour,Spring,6091,Sierra,1424.8,1204.5,-220.3
genx__stoch__prox__w2-d1__monthhour,Spring,6093,Siskiyou,8597.9,8597.9,0.0
genx__stoch__prox__w2-d1__monthhour,Spring,6095,Solano,50949.7,47036.1,-3913.6
genx__stoch__prox__w2-d1__monthhour,Spring,6097,Sonoma,45481.1,41882.4,-3598.7
genx__stoch__prox__w2-d1__monthhour,Spring,6099,Stanislaus,66243.0,69129.2,2886.2
genx__stoch__prox__w2-d1__monthhour,Spring,6101,Sutter,11959.9,13251.3,1291.4
genx__stoch__prox__w2-d1__monthhour,Spring,6103,Tehama,6447.1,4896.8,-1550.3
genx__stoch__prox__w2-d1__monthhour,Spring,6105,Trinity,2703.5,2641.8,-61.7
genx__stoch__prox__w2-d1__monthhour,Spring,6107,Tulare,42030.1,57610.1,15580.0
genx__stoch__prox__w2-d1__monthhour,Spring,6109,Tuolumne,5889.5,7833.4,1943.9
genx__stoch__prox__w2-d1__monthhour,Spring,6111,Ventura,85140.3,83035.7,-2104.6
genx__stoch__prox__w2-d1__monthhour,Spring,6113,Yolo,25150.4,24245.0,-905.4
genx__stoch__prox__w2-d1__monthhour,Spring,6115,Yuba,8693.6,9484.8,791.2
genx__stoch__prox__w2-d2__monthhour,Spring,6001,Alameda,180010.5,141402.1,-38608.4
genx__stoch__prox__w2-d2__monthhour,Spring,6003,Alpine,2832.2,27.8,-2804.4
genx__stoch__prox__w2-d2__monthhour,Spring,6005,Amador,4777.4,4791.0,13.6
genx__stoch__prox__w2-d2__monthhour,Spring,6007,Butte,21868.9,26657.5,4788.6
genx__stoch__prox__w2-d2__monthhour,Spring,6009,Calaveras,1711.6,2368.1,656.5
genx__stoch__prox__w2-d2__monthhour,Spring,6011,Colusa,3705.7,4901.6,1195.9
genx__stoch__prox__w2-d2__monthhour,Spring,6013,Contra Costa,141271.6,125368.5,-15903.1
genx__stoch__prox__w2-d2__monthhour,Spring,6017,El Dorado,9465.0,11838.9,2373.9
genx__stoch__prox__w2-d2__monthhour,Spring,6019,Fresno,88108.4,118710.2,30601.8
genx__stoch__prox__w2-d2__monthhour,Spring,6021,Glenn,6116.4,4660.1,-1456.3
genx__stoch__prox__w2-d2__monthhour,Spring,6023,Humboldt,10216.4,10328.0,111.6
genx__stoch__prox__w2-d2__monthhour,Spring,6025,Imperial,15403.1,15403.1,0.0
genx__stoch__prox__w2-d2__monthhour,Spring,6027,Inyo,15237.1,5875.4,-9361.7
genx__stoch__prox__w2-d2__monthhour,Spring,6029,Kern,114578.8,123266.0,8687.2
genx__stoch__prox__w2-d2__monthhour,Spring,6031,Kings,19653.1,24267.1,4614.0
genx__stoch__prox__w2-d2__monthhour,Spring,6033,Lake,8101.4,9190.3,1088.9
genx__stoch__prox__w2-d2__monthhour,Spring,6035,Lassen,7353.7,7593.9,240.2
genx__stoch__prox__w2-d2__monthhour,Spring,6037,Los Angeles,908907.4,846309.4,-62598.0
genx__stoch__prox__w2-d2__monthhour,Spring,6039,Madera,12382.7,47007.2,34624.5
genx__stoch__prox__w2-d2__monthhour,Spring,6041,Marin,28207.6,15612.7,-12594.9
genx__stoch__prox__w2-d2__monthhour,Spring,6043,Mariposa,1352.0,1672.9,320.9
genx__stoch__prox__w2-d2__monthhour,Spring,6045,Mendocino,10240.9,10619.5,378.6
genx__stoch__prox__w2-d2__monthhour,Spring,6047,Merced,22558.0,30650.7,8092.7
genx__stoch__prox__w2-d2__monthhour,Spring,6049,Modoc,2448.5,2448.5,0.0
genx__stoch__prox__w2-d2__monthhour,Spring,6051,Mono,1532.9,2053.6,520.7
genx__stoch__prox__w2-d2__monthhour,Spring,6053,Monterey,34526.8,34006.8,-520.0
genx__stoch__prox__w2-d2__monthhour,Spring,6055,Napa,15960.4,11023.2,-4937.2
genx__stoch__prox__w2-d2__monthhour,Spring,6057,Nevada,3526.6,5442.5,1915.9
genx__stoch__prox__w2-d2__monthhour,Spring,6059,Orange,245077.6,272609.9,27532.3
genx__stoch__prox__w2-d2__monthhour,Spring,6061,Placer,35631.3,37019.2,1387.9
genx__stoch__prox__w2-d2__monthhour,Spring,6063,Plumas,3819.4,2823.8,-995.6
genx__stoch__prox__w2-d2__monthhour,Spring,6065,Riverside,137067.8,198370.1,61302.3
genx__stoch__prox__w2-d2__monthhour,Spring,6067,Sacramento,104418.9,106771.8,2352.9
genx__stoch__prox__w2-d2__monthhour,Spring,6069,San Benito,2224.6,5251.8,3027.2
genx__stoch__prox__w2-d2__monthhour,Spring,6071,San Bernardino,170417.0,236061.4,65644.4
genx__stoch__prox__w2-d2__monthhour,Spring,6073,San Diego,285228.0,255098.2,-30129.8
genx__stoch__prox__w2-d2__monthhour,Spring,6075,San Francisco,63561.2,32867.6,-30693.6
genx__stoch__prox__w2-d2__monthhour,Spring,6077,San Joaquin,109191.2,97117.5,-12073.7
genx__stoch__prox__w2-d2__monthhour,Spring,6079,San Luis Obispo,26103.6,16281.1,-9822.5
genx__stoch__prox__w2-d2__monthhour,Spring,6081,San Mateo,82778.0,66091.9,-16686.1
genx__stoch__prox__w2-d2__monthhour,Spring,6083,Santa Barbara,43907.2,46614.7,2707.5
genx__stoch__prox__w2-d2__monthhour,Spring,6085,Santa Clara,218858.7,197126.3,-21732.4
genx__stoch__prox__w2-d2__monthhour,Spring,6087,Santa Cruz,25812.7,19499.5,-6313.2
genx__stoch__prox__w2-d2__monthhour,Spring,6089,Shasta,11661.5,12957.6,1296.1
genx__stoch__prox__w2-d2__monthhour,Spring,6091,Sierra,1424.8,1213.1,-211.7
genx__stoch__prox__w2-d2__monthhour,Spring,6093,Siskiyou,8597.9,8597.9,0.0
genx__stoch__prox__w2-d2__monthhour,Spring,6095,Solano,50949.7,46781.5,-4168.2
genx__stoch__prox__w2-d2__monthhour,Spring,6097,Sonoma,45481.1,41754.2,-3726.9
genx__stoch__prox__w2-d2__monthhour,Spring,6099,Stanislaus,66243.0,68321.9,2078.9
genx__stoch__prox__w2-d2__monthhour,Spring,6101,Sutter,11959.9,13438.8,1478.9
genx__stoch__prox__w2-d2__monthhour,Spring,6103,Tehama,6447.1,4584.6,-1862.5
genx__stoch__prox__w2-d2__monthhour,Spring,6105,Trinity,2703.5,2633.8,-69.7
genx__stoch__prox__w2-d2__monthhour,Spring,6107,Tulare,42030.1,60145.7,18115.6
genx__stoch__prox__w2-d2__monthhour,Spring,6109,Tuolumne,5889.5,7839.5,1950.0
genx__stoch__prox__w2-d2__monthhour,Spring,6111,Ventura,85140.3,82202.6,-2937.7
genx__stoch__prox__w2-d2__monthhour,Spring,6113,Yolo,25150.4,25384.8,234.4
genx__stoch__prox__w2-d2__monthhour,Spring,6115,Yuba,8693.6,9567.3,873.7
genx__stoch__prox__w2-mean__monthhour,Spring,6001,Alameda,180010.5,141675.4,-38335.1
genx__stoch__prox__w2-mean__monthhour,Spring,6003,Alpine,2832.2,27.7,-2804.5
genx__stoch__prox__w2-mean__monthhour,Spring,6005,Amador,4777.4,4772.0,-5.4
genx__stoch__prox__w2-mean__monthhour,Spring,6007,Butte,21868.9,27091.4,5222.5
genx__stoch__prox__w2-mean__monthhour,Spring,6009,Calaveras,1711.6,2357.0,645.4
genx__stoch__prox__w2-mean__monthhour,Spring,6011,Colusa,3705.7,4866.6,1160.9
genx__stoch__prox__w2-mean__monthhour,Spring,6013,Contra Costa,141271.6,125111.6,-16160.0
genx__stoch__prox__w2-mean__monthhour,Spring,6017,El Dorado,9465.0,11982.4,2517.4
genx__stoch__prox__w2-mean__monthhour,Spring,6019,Fresno,88108.4,115998.0,27889.6
genx__stoch__prox__w2-mean__monthhour,Spring,6021,Glenn,6116.4,4806.7,-1309.7
genx__stoch__prox__w2-mean__monthhour,Spring,6023,Humboldt,10216.4,10440.9,224.5
genx__stoch__prox__w2-mean__monthhour,Spring,6025,Imperial,15403.1,15403.1,0.0
genx__stoch__prox__w2-mean__monthhour,Spring,6027,Inyo,15237.1,5916.7,-9320.4
genx__stoch__prox__w2-mean__monthhour,Spring,6029,Kern,114578.8,123711.3,9132.5
genx__stoch__prox__w2-mean__monthhour,Spring,6031,Kings,19653.1,24763.2,5110.1
genx__stoch__prox__w2-mean__monthhour,Spring,6033,Lake,8101.4,9306.2,1204.8
genx__stoch__prox__w2-mean__monthhour,Spring,6035,Lassen,7353.7,7606.0,252.3
genx__stoch__prox__w2-mean__monthhour,Spring,6037,Los Angeles,908907.4,848291.3,-60616.1
genx__stoch__prox__w2-mean__monthhour,Spring,6039,Madera,12382.7,44365.3,31982.6
genx__stoch__prox__w2-mean__monthhour,Spring,6041,Marin,28207.6,15554.9,-12652.7
genx__stoch__prox__w2-mean__monthhour,Spring,6043,Mariposa,1352.0,1623.8,271.8
genx__stoch__prox__w2-mean__monthhour,Spring,6045,Mendocino,10240.9,10449.5,208.6
genx__stoch__prox__w2-mean__monthhour,Spring,6047,Merced,22558.0,30558.7,8000.7
genx__stoch__prox__w2-mean__monthhour,Spring,6049,Modoc,2448.5,2448.5,0.0
genx__stoch__prox__w2-mean__monthhour,Spring,6051,Mono,1532.9,2110.6,577.7
genx__stoch__prox__w2-mean__monthhour,Spring,6053,Monterey,34526.8,33989.1,-537.7
genx__stoch__prox__w2-mean__monthhour,Spring,6055,Napa,15960.4,11168.0,-4792.4
genx__stoch__prox__w2-mean__monthhour,Spring,6057,Nevada,3526.6,5375.7,1849.1
genx__stoch__prox__w2-mean__monthhour,Spring,6059,Orange,245077.6,272179.5,27101.9
genx__stoch__prox__w2-mean__monthhour,Spring,6061,Placer,35631.3,36865.5,1234.2
genx__stoch__prox__w2-mean__monthhour,Spring,6063,Plumas,3819.4,2840.6,-978.8
genx__stoch__prox__w2-mean__monthhour,Spring,6065,Riverside,137067.8,200949.9,63882.1
genx__stoch__prox__w2-mean__monthhour,Spring,6067,Sacramento,104418.9,106753.0,2334.1
genx__stoch__prox__w2-mean__monthhour,Spring,6069,San Benito,2224.6,5038.7,2814.1
genx__stoch__prox__w2-mean__monthhour,Spring,6071,San Bernardino,170417.0,237442.1,67025.1
genx__stoch__prox__w2-mean__monthhour,Spring,6073,San Diego,285228.0,256169.9,-29058.1
genx__stoch__prox__w2-mean__monthhour,Spring,6075,San Francisco,63561.2,32977.9,-30583.3
genx__stoch__prox__w2-mean__monthhour,Spring,6077,San Joaquin,109191.2,97044.5,-12146.7
genx__stoch__prox__w2-mean__monthhour,Spring,6079,San Luis Obispo,26103.6,16798.2,-9305.4
genx__stoch__prox__w2-mean__monthhour,Spring,6081,San Mateo,82778.0,65984.8,-16793.2
genx__stoch__prox__w2-mean__monthhour,Spring,6083,Santa Barbara,43907.2,46988.7,3081.5
genx__stoch__prox__w2-mean__monthhour,Spring,6085,Santa Clara,218858.7,195131.6,-23727.1
genx__stoch__prox__w2-mean__monthhour,Spring,6087,Santa Cruz,25812.7,19437.1,-6375.6
genx__stoch__prox__w2-mean__monthhour,Spring,6089,Shasta,11661.5,12889.0,1227.5
genx__stoch__prox__w2-mean__monthhour,Spring,6091,Sierra,1424.8,1209.4,-215.4
genx__stoch__prox__w2-mean__monthhour,Spring,6093,Siskiyou,8597.9,8597.9,0.0
genx__stoch__prox__w2-mean__monthhour,Spring,6095,Solano,50949.7,46970.9,-3978.8
genx__stoch__prox__w2-mean__monthhour,Spring,6097,Sonoma,45481.1,42068.5,-3412.6
genx__stoch__prox__w2-mean__monthhour,Spring,6099,Stanislaus,66243.0,68767.3,2524.3
genx__stoch__prox__w2-mean__monthhour,Spring,6101,Sutter,11959.9,13373.7,1413.8
genx__stoch__prox__w2-mean__monthhour,Spring,6103,Tehama,6447.1,4785.6,-1661.5
genx__stoch__prox__w2-mean__monthhour,Spring,6105,Trinity,2703.5,2638.0,-65.5
genx__stoch__prox__w2-mean__monthhour,Spring,6107,Tulare,42030.1,58261.1,16231.0
genx__stoch__prox__w2-mean__monthhour,Spring,6109,Tuolumne,5889.5,7780.9,1891.4
genx__stoch__prox__w2-mean__monthhour,Spring,6111,Ventura,85140.3,82478.7,-2661.6
genx__stoch__prox__w2-mean__monthhour,Spring,6113,Yolo,25150.4,24899.0,-251.4
genx__stoch__prox__w2-mean__monthhour,Spring,6115,Yuba,8693.6,9431.1,737.5
genx__env__prox__hold__monthhour,Fall,6001,Alameda,241447.5,175928.3,-65519.2
genx__env__prox__hold__monthhour,Fall,6003,Alpine,3799.0,16.8,-3782.2
genx__env__prox__hold__monthhour,Fall,6005,Amador,6407.0,6496.4,89.4
genx__env__prox__hold__monthhour,Fall,6007,Butte,29336.8,36525.6,7188.8
genx__env__prox__hold__monthhour,Fall,6009,Calaveras,2297.4,3164.9,867.5
genx__env__prox__hold__monthhour,Fall,6011,Colusa,4970.0,6628.7,1658.7
genx__env__prox__hold__monthhour,Fall,6013,Contra Costa,189490.4,167905.2,-21585.2
genx__env__prox__hold__monthhour,Fall,6017,El Dorado,12689.5,16582.1,3892.6
genx__env__prox__hold__monthhour,Fall,6019,Fresno,118180.1,152005.4,33825.3
genx__env__prox__hold__monthhour,Fall,6021,Glenn,8204.0,6526.6,-1677.4
genx__env__prox__hold__monthhour,Fall,6023,Humboldt,13703.0,11286.5,-2416.5
genx__env__prox__hold__monthhour,Fall,6025,Imperial,20657.3,20657.3,0.0
genx__env__prox__hold__monthhour,Fall,6027,Inyo,20441.0,7617.9,-12823.1
genx__env__prox__hold__monthhour,Fall,6029,Kern,153691.7,163138.3,9446.6
genx__env__prox__hold__monthhour,Fall,6031,Kings,26360.3,32064.5,5704.2
genx__env__prox__hold__monthhour,Fall,6033,Lake,10862.7,11843.0,980.3
genx__env__prox__hold__monthhour,Fall,6035,Lassen,9863.7,9983.8,120.1
genx__env__prox__hold__monthhour,Fall,6037,Los Angeles,1219050.9,1139116.0,-79934.9
genx__env__prox__hold__monthhour,Fall,6039,Madera,16609.5,45047.2,28437.7
genx__env__prox__hold__monthhour,Fall,6041,Marin,37832.6,18677.8,-19154.8
genx__env__prox__hold__monthhour,Fall,6043,Mariposa,1812.1,2092.6,280.5
genx__env__prox__hold__monthhour,Fall,6045,Mendocino,13740.1,12779.9,-960.2
genx__env__prox__hold__monthhour,Fall,6047,Merced,30256.7,40335.8,10079.1
genx__env__prox__hold__monthhour,Fall,6049,Modoc,3285.1,3285.1,0.0
genx__env__prox__hold__monthhour,Fall,6051,Mono,2057.1,2276.8,219.7
genx__env__prox__hold__monthhour,Fall,6053,Monterey,46304.7,40038.5,-6266.2
genx__env__prox__hold__monthhour,Fall,6055,Napa,21404.7,13853.1,-7551.6
genx__env__prox__hold__monthhour,Fall,6057,Nevada,4727.9,6772.0,2044.1
genx__env__prox__hold__monthhour,Fall,6059,Orange,328680.9,377991.6,49310.7
genx__env__prox__hold__monthhour,Fall,6061,Placer,47789.3,52417.0,4627.7
genx__env__prox__hold__monthhour,Fall,6063,Plumas,5119.6,3630.0,-1489.6
genx__env__prox__hold__monthhour,Fall,6065,Riverside,183831.8,290384.2,106552.4
genx__env__prox__hold__monthhour,Fall,6067,Sacramento,140049.0,144394.4,4345.4
genx__env__prox__hold__monthhour,Fall,6069,San Benito,2982.4,6775.8,3793.4
genx__env__prox__hold__monthhour,Fall,6071,San Bernardino,228541.3,349903.7,121362.4
genx__env__prox__hold__monthhour,Fall,6073,San Diego,382531.6,382364.0,-167.6
genx__env__prox__hold__monthhour,Fall,6075,San Francisco,85248.5,38057.7,-47190.8
genx__env__prox__hold__monthhour,Fall,6077,San Joaquin,146467.5,131545.2,-14922.3
genx__env__prox__hold__monthhour,Fall,6079,San Luis Obispo,35010.9,21285.6,-13725.3
genx__env__prox__hold__monthhour,Fall,6081,San Mateo,111035.4,76497.5,-34537.9
genx__env__prox__hold__monthhour,Fall,6083,Santa Barbara,58888.4,58484.7,-403.7
genx__env__prox__hold__monthhour,Fall,6085,Santa Clara,293558.1,239777.9,-53780.2
genx__env__prox__hold__monthhour,Fall,6087,Santa Cruz,34621.8,22867.2,-11754.6
genx__env__prox__hold__monthhour,Fall,6089,Shasta,15636.0,16713.1,1077.1
genx__env__prox__hold__monthhour,Fall,6091,Sierra,1914.1,1606.7,-307.4
genx__env__prox__hold__monthhour,Fall,6093,Siskiyou,11535.4,11535.4,0.0
genx__env__prox__hold__monthhour,Fall,6095,Solano,68337.3,63454.5,-4882.8
genx__env__prox__hold__monthhour,Fall,6097,Sonoma,61009.0,52580.1,-8428.9
genx__env__prox__hold__monthhour,Fall,6099,Stanislaus,88857.9,92338.5,3480.6
genx__env__prox__hold__monthhour,Fall,6101,Sutter,16038.3,17634.6,1596.3
genx__env__prox__hold__monthhour,Fall,6103,Tehama,8644.9,6232.9,-2412.0
genx__env__prox__hold__monthhour,Fall,6105,Trinity,3623.3,3460.7,-162.6
genx__env__prox__hold__monthhour,Fall,6107,Tulare,56367.6,75089.5,18721.9
genx__env__prox__hold__monthhour,Fall,6109,Tuolumne,7893.7,10307.1,2413.4
genx__env__prox__hold__monthhour,Fall,6111,Ventura,114199.3,108932.7,-5266.6
genx__env__prox__hold__monthhour,Fall,6113,Yolo,33734.9,31804.4,-1930.5
genx__env__prox__hold__monthhour,Fall,6115,Yuba,11663.3,12581.5,918.2
genx__env__prox__hold__static,Fall,6001,Alameda,241447.5,193899.6,-47547.9
genx__env__prox__hold__static,Fall,6003,Alpine,3799.0,49.6,-3749.4
genx__env__prox__hold__static,Fall,6005,Amador,6407.0,7002.9,595.9
genx__env__prox__hold__static,Fall,6007,Butte,29336.8,36866.8,7530.0
genx__env__prox__hold__static,Fall,6009,Calaveras,2297.4,3384.1,1086.7
genx__env__prox__hold__static,Fall,6011,Colusa,4970.0,6190.8,1220.8
genx__env__prox__hold__static,Fall,6013,Contra Costa,189490.4,171627.9,-17862.5
genx__env__prox__hold__static,Fall,6017,El Dorado,12689.5,17970.2,5280.7
genx__env__prox__hold__static,Fall,6019,Fresno,118180.1,147462.0,29281.9
genx__env__prox__hold__static,Fall,6021,Glenn,8204.0,6111.0,-2093.0
genx__env__prox__hold__static,Fall,6023,Humboldt,13703.0,13599.8,-103.2
genx__env__prox__hold__static,Fall,6025,Imperial,20657.3,20657.3,0.0
genx__env__prox__hold__static,Fall,6027,Inyo,20441.0,7793.8,-12647.2
genx__env__prox__hold__static,Fall,6029,Kern,153691.7,157273.4,3581.7
genx__env__prox__hold__static,Fall,6031,Kings,26360.3,32222.6,5862.3
genx__env__prox__hold__static,Fall,6033,Lake,10862.7,13232.2,2369.5
genx__env__prox__hold__static,Fall,6035,Lassen,9863.7,10150.2,286.5
genx__env__prox__hold__static,Fall,6037,Los Angeles,1219050.9,1131200.2,-87850.7
genx__env__prox__hold__static,Fall,6039,Madera,16609.5,51305.4,34695.9
genx__env__prox__hold__static,Fall,6041,Marin,37832.6,21846.6,-15986.0
genx__env__prox__hold__static,Fall,6043,Mariposa,1812.1,2287.2,475.1
genx__env__prox__hold__static,Fall,6045,Mendocino,13740.1,14329.8,589.7
genx__env__prox__hold__static,Fall,6047,Merced,30256.7,39548.3,9291.6
genx__env__prox__hold__static,Fall,6049,Modoc,3285.1,3285.1,0.0
genx__env__prox__hold__static,Fall,6051,Mono,2057.1,3596.8,1539.7
genx__env__prox__hold__static,Fall,6053,Monterey,46304.7,43913.6,-2391.1
genx__env__prox__hold__static,Fall,6055,Napa,21404.7,14809.2,-6595.5
genx__env__prox__hold__static,Fall,6057,Nevada,4727.9,7634.0,2906.1
genx__env__prox__hold__static,Fall,6059,Orange,328680.9,363981.4,35300.5
genx__env__prox__hold__static,Fall,6061,Placer,47789.3,53244.2,5454.9
genx__env__prox__hold__static,Fall,6063,Plumas,5119.6,3855.2,-1264.4
genx__env__prox__hold__static,Fall,6065,Riverside,183831.8,269209.0,85377.2
genx__env__prox__hold__static,Fall,6067,Sacramento,140049.0,144244.9,4195.9
genx__env__prox__hold__static,Fall,6069,San Benito,2982.4,6983.6,4001.2
genx__env__prox__hold__static,Fall,6071,San Bernardino,228541.3,328077.8,99536.5
genx__env__prox__hold__static,Fall,6073,San Diego,382531.6,372708.1,-9823.5
genx__env__prox__hold__static,Fall,6075,San Francisco,85248.5,40498.8,-44749.7
genx__env__prox__hold__static,Fall,6077,San Joaquin,146467.5,129205.5,-17262.0
genx__env__prox__hold__static,Fall,6079,San Luis Obispo,35010.9,23585.0,-11425.9
genx__env__prox__hold__static,Fall,6081,San Mateo,111035.4,85989.7,-25045.7
genx__env__prox__hold__static,Fall,6083,Santa Barbara,58888.4,62461.2,3572.8
genx__env__prox__hold__static,Fall,6085,Santa Clara,293558.1,249695.1,-43863.0
genx__env__prox__hold__static,Fall,6087,Santa Cruz,34621.8,26195.3,-8426.5
genx__env__prox__hold__static,Fall,6089,Shasta,15636.0,17802.2,2166.2
genx__env__prox__hold__static,Fall,6091,Sierra,1914.1,1645.6,-268.5
genx__env__prox__hold__static,Fall,6093,Siskiyou,11535.4,11535.4,0.0
genx__env__prox__hold__static,Fall,6095,Solano,68337.3,63997.0,-4340.3
genx__env__prox__hold__static,Fall,6097,Sonoma,61009.0,57257.3,-3751.7
genx__env__prox__hold__static,Fall,6099,Stanislaus,88857.9,91968.7,3110.8
genx__env__prox__hold__static,Fall,6101,Sutter,16038.3,17318.5,1280.2
genx__env__prox__hold__static,Fall,6103,Tehama,8644.9,6173.1,-2471.8
genx__env__prox__hold__static,Fall,6105,Trinity,3623.3,3523.9,-99.4
genx__env__prox__hold__static,Fall,6107,Tulare,56367.6,73913.9,17546.3
genx__env__prox__hold__static,Fall,6109,Tuolumne,7893.7,11283.4,3389.7
genx__env__prox__hold__static,Fall,6111,Ventura,114199.3,112860.9,-1338.4
genx__env__prox__hold__static,Fall,6113,Yolo,33734.9,32099.5,-1635.4
genx__env__prox__hold__static,Fall,6115,Yuba,11663.3,12729.7,1066.4
genx__reedsco__catch__aratio__monthhour,Fall,6001,Alameda,241447.5,142403.3,-99044.2
genx__reedsco__catch__aratio__monthhour,Fall,6003,Alpine,3799.0,0.0,-3799.0
genx__reedsco__catch__aratio__monthhour,Fall,6005,Amador,6407.0,8740.5,2333.5
genx__reedsco__catch__aratio__monthhour,Fall,6007,Butte,29336.8,20172.2,-9164.6
genx__reedsco__catch__aratio__monthhour,Fall,6009,Calaveras,2297.4,3644.3,1346.9
genx__reedsco__catch__aratio__monthhour,Fall,6011,Colusa,4970.0,5280.7,310.7
genx__reedsco__catch__aratio__monthhour,Fall,6013,Contra Costa,189490.4,172263.9,-17226.5
genx__reedsco__catch__aratio__monthhour,Fall,6017,El Dorado,12689.5,19658.5,6969.0
genx__reedsco__catch__aratio__monthhour,Fall,6019,Fresno,118180.1,145453.8,27273.7
genx__reedsco__catch__aratio__monthhour,Fall,6021,Glenn,8204.0,4604.6,-3599.4
genx__reedsco__catch__aratio__monthhour,Fall,6023,Humboldt,13703.0,11974.6,-1728.4
genx__reedsco__catch__aratio__monthhour,Fall,6025,Imperial,20657.3,57569.1,36911.8
genx__reedsco__catch__aratio__monthhour,Fall,6027,Inyo,20441.0,996.2,-19444.8
genx__reedsco__catch__aratio__monthhour,Fall,6029,Kern,153691.7,153037.6,-654.1
genx__reedsco__catch__aratio__monthhour,Fall,6031,Kings,26360.3,21536.8,-4823.5
genx__reedsco__catch__aratio__monthhour,Fall,6033,Lake,10862.7,4847.4,-6015.3
genx__reedsco__catch__aratio__monthhour,Fall,6035,Lassen,9863.7,1277.6,-8586.1
genx__reedsco__catch__aratio__monthhour,Fall,6037,Los Angeles,1219050.9,1038442.0,-180608.9
genx__reedsco__catch__aratio__monthhour,Fall,6039,Madera,16609.5,23321.6,6712.1
genx__reedsco__catch__aratio__monthhour,Fall,6041,Marin,37832.6,19031.8,-18800.8
genx__reedsco__catch__aratio__monthhour,Fall,6043,Mariposa,1812.1,1743.8,-68.3
genx__reedsco__catch__aratio__monthhour,Fall,6045,Mendocino,13740.1,5817.3,-7922.8
genx__reedsco__catch__aratio__monthhour,Fall,6047,Merced,30256.7,44963.0,14706.3
genx__reedsco__catch__aratio__monthhour,Fall,6049,Modoc,3285.1,4331.6,1046.5
genx__reedsco__catch__aratio__monthhour,Fall,6051,Mono,2057.1,893.4,-1163.7
genx__reedsco__catch__aratio__monthhour,Fall,6053,Monterey,46304.7,36065.7,-10239.0
genx__reedsco__catch__aratio__monthhour,Fall,6055,Napa,21404.7,19954.1,-1450.6
genx__reedsco__catch__aratio__monthhour,Fall,6057,Nevada,4727.9,10254.1,5526.2
genx__reedsco__catch__aratio__monthhour,Fall,6059,Orange,328680.9,381461.0,52780.1
genx__reedsco__catch__aratio__monthhour,Fall,6061,Placer,47789.3,54725.3,6936.0
genx__reedsco__catch__aratio__monthhour,Fall,6063,Plumas,5119.6,2148.0,-2971.6
genx__reedsco__catch__aratio__monthhour,Fall,6065,Riverside,183831.8,195589.7,11757.9
genx__reedsco__catch__aratio__monthhour,Fall,6067,Sacramento,140049.0,146241.4,6192.4
genx__reedsco__catch__aratio__monthhour,Fall,6069,San Benito,2982.4,6395.5,3413.1
genx__reedsco__catch__aratio__monthhour,Fall,6071,San Bernardino,228541.3,454601.7,226060.4
genx__reedsco__catch__aratio__monthhour,Fall,6073,San Diego,382531.6,637904.3,255372.7
genx__reedsco__catch__aratio__monthhour,Fall,6075,San Francisco,85248.5,63453.5,-21795.0
genx__reedsco__catch__aratio__monthhour,Fall,6077,San Joaquin,146467.5,95462.2,-51005.3
genx__reedsco__catch__aratio__monthhour,Fall,6079,San Luis Obispo,35010.9,27793.3,-7217.6
genx__reedsco__catch__aratio__monthhour,Fall,6081,San Mateo,111035.4,82351.2,-28684.2
genx__reedsco__catch__aratio__monthhour,Fall,6083,Santa Barbara,58888.4,45605.0,-13283.4
genx__reedsco__catch__aratio__monthhour,Fall,6085,Santa Clara,293558.1,247443.4,-46114.7
genx__reedsco__catch__aratio__monthhour,Fall,6087,Santa Cruz,34621.8,15311.1,-19310.7
genx__reedsco__catch__aratio__monthhour,Fall,6089,Shasta,15636.0,22390.7,6754.7
genx__reedsco__catch__aratio__monthhour,Fall,6091,Sierra,1914.1,1243.8,-670.3
genx__reedsco__catch__aratio__monthhour,Fall,6093,Siskiyou,11535.4,8950.5,-2584.9
genx__reedsco__catch__aratio__monthhour,Fall,6095,Solano,68337.3,55210.8,-13126.5
genx__reedsco__catch__aratio__monthhour,Fall,6097,Sonoma,61009.0,29032.7,-31976.3
genx__reedsco__catch__aratio__monthhour,Fall,6099,Stanislaus,88857.9,75796.4,-13061.5
genx__reedsco__catch__aratio__monthhour,Fall,6101,Sutter,16038.3,10903.7,-5134.6
genx__reedsco__catch__aratio__monthhour,Fall,6103,Tehama,8644.9,5956.0,-2688.9
genx__reedsco__catch__aratio__monthhour,Fall,6105,Trinity,3623.3,1479.4,-2143.9
genx__reedsco__catch__aratio__monthhour,Fall,6107,Tulare,56367.6,85868.4,29500.8
genx__reedsco__catch__aratio__monthhour,Fall,6109,Tuolumne,7893.7,6591.4,-1302.3
genx__reedsco__catch__aratio__monthhour,Fall,6111,Ventura,114199.3,85549.5,-28649.8
genx__reedsco__catch__aratio__monthhour,Fall,6113,Yolo,33734.9,25804.9,-7930.0
genx__reedsco__catch__aratio__monthhour,Fall,6115,Yuba,11663.3,9020.7,-2642.6
genx__reedsco__namecatch__aratio__monthhour,Fall,6001,Alameda,241447.5,142384.4,-99063.1
genx__reedsco__namecatch__aratio__monthhour,Fall,6003,Alpine,3799.0,0.0,-3799.0
genx__reedsco__namecatch__aratio__monthhour,Fall,6005,Amador,6407.0,8750.3,2343.3
genx__reedsco__namecatch__aratio__monthhour,Fall,6007,Butte,29336.8,20173.2,-9163.6
genx__reedsco__namecatch__aratio__monthhour,Fall,6009,Calaveras,2297.4,3644.2,1346.8
genx__reedsco__namecatch__aratio__monthhour,Fall,6011,Colusa,4970.0,5280.1,310.1
genx__reedsco__namecatch__aratio__monthhour,Fall,6013,Contra Costa,189490.4,172256.3,-17234.1
genx__reedsco__namecatch__aratio__monthhour,Fall,6017,El Dorado,12689.5,19656.7,6967.2
genx__reedsco__namecatch__aratio__monthhour,Fall,6019,Fresno,118180.1,145455.8,27275.7
genx__reedsco__namecatch__aratio__monthhour,Fall,6021,Glenn,8204.0,4604.1,-3599.9
genx__reedsco__namecatch__aratio__monthhour,Fall,6023,Humboldt,13703.0,11974.5,-1728.5
genx__reedsco__namecatch__aratio__monthhour,Fall,6025,Imperial,20657.3,57568.6,36911.3
genx__reedsco__namecatch__aratio__monthhour,Fall,6027,Inyo,20441.0,1002.5,-19438.5
genx__reedsco__namecatch__aratio__monthhour,Fall,6029,Kern,153691.7,153038.2,-653.5
genx__reedsco__namecatch__aratio__monthhour,Fall,6031,Kings,26360.3,21538.2,-4822.1
genx__reedsco__namecatch__aratio__monthhour,Fall,6033,Lake,10862.7,4846.7,-6016.0
genx__reedsco__namecatch__aratio__monthhour,Fall,6035,Lassen,9863.7,1278.2,-8585.5
genx__reedsco__namecatch__aratio__monthhour,Fall,6037,Los Angeles,1219050.9,1038440.0,-180610.9
genx__reedsco__namecatch__aratio__monthhour,Fall,6039,Madera,16609.5,23321.2,6711.7
genx__reedsco__namecatch__aratio__monthhour,Fall,6041,Marin,37832.6,19032.7,-18799.9
genx__reedsco__namecatch__aratio__monthhour,Fall,6043,Mariposa,1812.1,1743.8,-68.3
genx__reedsco__namecatch__aratio__monthhour,Fall,6045,Mendocino,13740.1,5817.5,-7922.6
genx__reedsco__namecatch__aratio__monthhour,Fall,6047,Merced,30256.7,44966.8,14710.1
genx__reedsco__namecatch__aratio__monthhour,Fall,6049,Modoc,3285.1,4332.4,1047.3
genx__reedsco__namecatch__aratio__monthhour,Fall,6051,Mono,2057.1,893.4,-1163.7
genx__reedsco__namecatch__aratio__monthhour,Fall,6053,Monterey,46304.7,36065.3,-10239.4
genx__reedsco__namecatch__aratio__monthhour,Fall,6055,Napa,21404.7,19954.2,-1450.5
genx__reedsco__namecatch__aratio__monthhour,Fall,6057,Nevada,4727.9,10256.7,5528.8
genx__reedsco__namecatch__aratio__monthhour,Fall,6059,Orange,328680.9,381479.2,52798.3
genx__reedsco__namecatch__aratio__monthhour,Fall,6061,Placer,47789.3,54723.9,6934.6
genx__reedsco__namecatch__aratio__monthhour,Fall,6063,Plumas,5119.6,2145.8,-2973.8
genx__reedsco__namecatch__aratio__monthhour,Fall,6065,Riverside,183831.8,195582.6,11750.8
genx__reedsco__namecatch__aratio__monthhour,Fall,6067,Sacramento,140049.0,146246.7,6197.7
genx__reedsco__namecatch__aratio__monthhour,Fall,6069,San Benito,2982.4,6395.4,3413.0
genx__reedsco__namecatch__aratio__monthhour,Fall,6071,San Bernardino,228541.3,454608.0,226066.7
genx__reedsco__namecatch__aratio__monthhour,Fall,6073,San Diego,382531.6,637901.7,255370.1
genx__reedsco__namecatch__aratio__monthhour,Fall,6075,San Francisco,85248.5,63450.1,-21798.4
genx__reedsco__namecatch__aratio__monthhour,Fall,6077,San Joaquin,146467.5,95462.0,-51005.5
genx__reedsco__namecatch__aratio__monthhour,Fall,6079,San Luis Obispo,35010.9,27793.4,-7217.5
genx__reedsco__namecatch__aratio__monthhour,Fall,6081,San Mateo,111035.4,82346.8,-28688.6
genx__reedsco__namecatch__aratio__monthhour,Fall,6083,Santa Barbara,58888.4,45605.0,-13283.4
genx__reedsco__namecatch__aratio__monthhour,Fall,6085,Santa Clara,293558.1,247443.0,-46115.1
genx__reedsco__namecatch__aratio__monthhour,Fall,6087,Santa Cruz,34621.8,15311.7,-19310.1
genx__reedsco__namecatch__aratio__monthhour,Fall,6089,Shasta,15636.0,22392.5,6756.5
genx__reedsco__namecatch__aratio__monthhour,Fall,6091,Sierra,1914.1,1243.7,-670.4
genx__reedsco__namecatch__aratio__monthhour,Fall,6093,Siskiyou,11535.4,8945.5,-2589.9
genx__reedsco__namecatch__aratio__monthhour,Fall,6095,Solano,68337.3,55207.5,-13129.8
genx__reedsco__namecatch__aratio__monthhour,Fall,6097,Sonoma,61009.0,29030.7,-31978.3
genx__reedsco__namecatch__aratio__monthhour,Fall,6099,Stanislaus,88857.9,75799.0,-13058.9
genx__reedsco__namecatch__aratio__monthhour,Fall,6101,Sutter,16038.3,10905.7,-5132.6
genx__reedsco__namecatch__aratio__monthhour,Fall,6103,Tehama,8644.9,5956.1,-2688.8
genx__reedsco__namecatch__aratio__monthhour,Fall,6105,Trinity,3623.3,1482.0,-2141.3
genx__reedsco__namecatch__aratio__monthhour,Fall,6107,Tulare,56367.6,85866.6,29499.0
genx__reedsco__namecatch__aratio__monthhour,Fall,6109,Tuolumne,7893.7,6589.5,-1304.2
genx__reedsco__namecatch__aratio__monthhour,Fall,6111,Ventura,114199.3,85549.6,-28649.7
genx__reedsco__namecatch__aratio__monthhour,Fall,6113,Yolo,33734.9,25804.3,-7930.6
genx__reedsco__namecatch__aratio__monthhour,Fall,6115,Yuba,11663.3,9021.0,-2642.3
genx__reedsco__nameprox__aratio__monthhour,Fall,6001,Alameda,241447.5,142426.7,-99020.8
genx__reedsco__nameprox__aratio__monthhour,Fall,6003,Alpine,3799.0,0.0,-3799.0
genx__reedsco__nameprox__aratio__monthhour,Fall,6005,Amador,6407.0,8746.8,2339.8
genx__reedsco__nameprox__aratio__monthhour,Fall,6007,Butte,29336.8,20191.2,-9145.6
genx__reedsco__nameprox__aratio__monthhour,Fall,6009,Calaveras,2297.4,3643.4,1346.0
genx__reedsco__nameprox__aratio__monthhour,Fall,6011,Colusa,4970.0,5278.8,308.8
genx__reedsco__nameprox__aratio__monthhour,Fall,6013,Contra Costa,189490.4,172307.4,-17183.0
genx__reedsco__nameprox__aratio__monthhour,Fall,6017,El Dorado,12689.5,19663.7,6974.2
genx__reedsco__nameprox__aratio__monthhour,Fall,6019,Fresno,118180.1,145408.9,27228.8
genx__reedsco__nameprox__aratio__monthhour,Fall,6021,Glenn,8204.0,4602.1,-3601.9
genx__reedsco__nameprox__aratio__monthhour,Fall,6023,Humboldt,13703.0,11956.6,-1746.4
genx__reedsco__nameprox__aratio__monthhour,Fall,6025,Imperial,20657.3,57573.9,36916.6
genx__reedsco__nameprox__aratio__monthhour,Fall,6027,Inyo,20441.0,1033.2,-19407.8
genx__reedsco__nameprox__aratio__monthhour,Fall,6029,Kern,153691.7,153103.8,-587.9
genx__reedsco__nameprox__aratio__monthhour,Fall,6031,Kings,26360.3,21531.8,-4828.5
genx__reedsco__nameprox__aratio__monthhour,Fall,6033,Lake,10862.7,4849.5,-6013.2
genx__reedsco__nameprox__aratio__monthhour,Fall,6035,Lassen,9863.7,1266.3,-8597.4
genx__reedsco__nameprox__aratio__monthhour,Fall,6037,Los Angeles,1219050.9,1038517.2,-180533.7
genx__reedsco__nameprox__aratio__monthhour,Fall,6039,Madera,16609.5,23324.1,6714.6
genx__reedsco__nameprox__aratio__monthhour,Fall,6041,Marin,37832.6,19028.8,-18803.8
genx__reedsco__nameprox__aratio__monthhour,Fall,6043,Mariposa,1812.1,1743.6,-68.5
genx__reedsco__nameprox__aratio__monthhour,Fall,6045,Mendocino,13740.1,5825.5,-7914.6
genx__reedsco__nameprox__aratio__monthhour,Fall,6047,Merced,30256.7,44973.2,14716.5
genx__reedsco__nameprox__aratio__monthhour,Fall,6049,Modoc,3285.1,4334.1,1049.0
genx__reedsco__nameprox__aratio__monthhour,Fall,6051,Mono,2057.1,891.8,-1165.3
genx__reedsco__nameprox__aratio__monthhour,Fall,6053,Monterey,46304.7,36065.4,-10239.3
genx__reedsco__nameprox__aratio__monthhour,Fall,6055,Napa,21404.7,19953.2,-1451.5
genx__reedsco__nameprox__aratio__monthhour,Fall,6057,Nevada,4727.9,10216.9,5489.0
genx__reedsco__nameprox__aratio__monthhour,Fall,6059,Orange,328680.9,381463.8,52782.9
genx__reedsco__nameprox__aratio__monthhour,Fall,6061,Placer,47789.3,54679.1,6889.8
genx__reedsco__nameprox__aratio__monthhour,Fall,6063,Plumas,5119.6,2128.5,-2991.1
genx__reedsco__nameprox__aratio__monthhour,Fall,6065,Riverside,183831.8,195591.8,11760.0
genx__reedsco__nameprox__aratio__monthhour,Fall,6067,Sacramento,140049.0,146127.3,6078.3
genx__reedsco__nameprox__aratio__monthhour,Fall,6069,San Benito,2982.4,6396.5,3414.1
genx__reedsco__nameprox__aratio__monthhour,Fall,6071,San Bernardino,228541.3,454685.7,226144.4
genx__reedsco__nameprox__aratio__monthhour,Fall,6073,San Diego,382531.6,637898.0,255366.4
genx__reedsco__nameprox__aratio__monthhour,Fall,6075,San Francisco,85248.5,63453.7,-21794.8
genx__reedsco__nameprox__aratio__monthhour,Fall,6077,San Joaquin,146467.5,95484.6,-50982.9
genx__reedsco__nameprox__aratio__monthhour,Fall,6079,San Luis Obispo,35010.9,27795.2,-7215.7
genx__reedsco__nameprox__aratio__monthhour,Fall,6081,San Mateo,111035.4,82345.0,-28690.4
genx__reedsco__nameprox__aratio__monthhour,Fall,6083,Santa Barbara,58888.4,45605.6,-13282.8
genx__reedsco__nameprox__aratio__monthhour,Fall,6085,Santa Clara,293558.1,247449.2,-46108.9
genx__reedsco__nameprox__aratio__monthhour,Fall,6087,Santa Cruz,34621.8,15305.0,-19316.8
genx__reedsco__nameprox__aratio__monthhour,Fall,6089,Shasta,15636.0,22312.3,6676.3
genx__reedsco__nameprox__aratio__monthhour,Fall,6091,Sierra,1914.1,1243.2,-670.9
genx__reedsco__nameprox__aratio__monthhour,Fall,6093,Siskiyou,11535.4,8893.7,-2641.7
genx__reedsco__nameprox__aratio__monthhour,Fall,6095,Solano,68337.3,55258.5,-13078.8
genx__reedsco__nameprox__aratio__monthhour,Fall,6097,Sonoma,61009.0,29038.8,-31970.2
genx__reedsco__nameprox__aratio__monthhour,Fall,6099,Stanislaus,88857.9,75764.9,-13093.0
genx__reedsco__nameprox__aratio__monthhour,Fall,6101,Sutter,16038.3,10901.2,-5137.1
genx__reedsco__nameprox__aratio__monthhour,Fall,6103,Tehama,8644.9,5957.2,-2687.7
genx__reedsco__nameprox__aratio__monthhour,Fall,6105,Trinity,3623.3,1479.5,-2143.8
genx__reedsco__nameprox__aratio__monthhour,Fall,6107,Tulare,56367.6,85878.1,29510.5
genx__reedsco__nameprox__aratio__monthhour,Fall,6109,Tuolumne,7893.7,6584.1,-1309.6
genx__reedsco__nameprox__aratio__monthhour,Fall,6111,Ventura,114199.3,85561.2,-28638.1
genx__reedsco__nameprox__aratio__monthhour,Fall,6113,Yolo,33734.9,25796.0,-7938.9
genx__reedsco__nameprox__aratio__monthhour,Fall,6115,Yuba,11663.3,9029.4,-2633.9
genx__reedsco__prox__a0__monthhour,Fall,6001,Alameda,241447.5,142393.6,-99053.9
genx__reedsco__prox__a0__monthhour,Fall,6003,Alpine,3799.0,0.0,-3799.0
genx__reedsco__prox__a0__monthhour,Fall,6005,Amador,6407.0,8741.6,2334.6
genx__reedsco__prox__a0__monthhour,Fall,6007,Butte,29336.8,20179.1,-9157.7
genx__reedsco__prox__a0__monthhour,Fall,6009,Calaveras,2297.4,3646.3,1348.9
genx__reedsco__prox__a0__monthhour,Fall,6011,Colusa,4970.0,5280.0,310.0
genx__reedsco__prox__a0__monthhour,Fall,6013,Contra Costa,189490.4,172285.6,-17204.8
genx__reedsco__prox__a0__monthhour,Fall,6017,El Dorado,12689.5,19657.0,6967.5
genx__reedsco__prox__a0__monthhour,Fall,6019,Fresno,118180.1,145461.0,27280.9
genx__reedsco__prox__a0__monthhour,Fall,6021,Glenn,8204.0,4598.7,-3605.3
genx__reedsco__prox__a0__monthhour,Fall,6023,Humboldt,13703.0,11965.0,-1738.0
genx__reedsco__prox__a0__monthhour,Fall,6025,Imperial,20657.3,57613.5,36956.2
genx__reedsco__prox__a0__monthhour,Fall,6027,Inyo,20441.0,1018.7,-19422.3
genx__reedsco__prox__a0__monthhour,Fall,6029,Kern,153691.7,153056.6,-635.1
genx__reedsco__prox__a0__monthhour,Fall,6031,Kings,26360.3,21544.5,-4815.8
genx__reedsco__prox__a0__monthhour,Fall,6033,Lake,10862.7,4846.6,-6016.1
genx__reedsco__prox__a0__monthhour,Fall,6035,Lassen,9863.7,1276.9,-8586.8
genx__reedsco__prox__a0__monthhour,Fall,6037,Los Angeles,1219050.9,1038363.7,-180687.2
genx__reedsco__prox__a0__monthhour,Fall,6039,Madera,16609.5,23323.4,6713.9
genx__reedsco__prox__a0__monthhour,Fall,6041,Marin,37832.6,19031.4,-18801.2
genx__reedsco__prox__a0__monthhour,Fall,6043,Mariposa,1812.1,1742.6,-69.5
genx__reedsco__prox__a0__monthhour,Fall,6045,Mendocino,13740.1,5830.0,-7910.1
genx__reedsco__prox__a0__monthhour,Fall,6047,Merced,30256.7,44965.8,14709.1
genx__reedsco__prox__a0__monthhour,Fall,6049,Modoc,3285.1,4334.4,1049.3
genx__reedsco__prox__a0__monthhour,Fall,6051,Mono,2057.1,893.2,-1163.9
genx__reedsco__prox__a0__monthhour,Fall,6053,Monterey,46304.7,36076.2,-10228.5
genx__reedsco__prox__a0__monthhour,Fall,6055,Napa,21404.7,19953.7,-1451.0
genx__reedsco__prox__a0__monthhour,Fall,6057,Nevada,4727.9,10222.8,5494.9
genx__reedsco__prox__a0__monthhour,Fall,6059,Orange,328680.9,381460.5,52779.6
genx__reedsco__prox__a0__monthhour,Fall,6061,Placer,47789.3,54703.1,6913.8
genx__reedsco__prox__a0__monthhour,Fall,6063,Plumas,5119.6,2128.2,-2991.4
genx__reedsco__prox__a0__monthhour,Fall,6065,Riverside,183831.8,195600.7,11768.9
genx__reedsco__prox__a0__monthhour,Fall,6067,Sacramento,140049.0,146218.3,6169.3
genx__reedsco__prox__a0__monthhour,Fall,6069,San Benito,2982.4,6394.5,3412.1
genx__reedsco__prox__a0__monthhour,Fall,6071,San Bernardino,228541.3,454644.7,226103.4
genx__reedsco__prox__a0__monthhour,Fall,6073,San Diego,382531.6,637912.8,255381.2
genx__reedsco__prox__a0__monthhour,Fall,6075,San Francisco,85248.5,63452.5,-21796.0
genx__reedsco__prox__a0__monthhour,Fall,6077,San Joaquin,146467.5,95465.8,-51001.7
genx__reedsco__prox__a0__monthhour,Fall,6079,San Luis Obispo,35010.9,27792.8,-7218.1
genx__reedsco__prox__a0__monthhour,Fall,6081,San Mateo,111035.4,82352.7,-28682.7
genx__reedsco__prox__a0__monthhour,Fall,6083,Santa Barbara,58888.4,45604.2,-13284.2
genx__reedsco__prox__a0__monthhour,Fall,6085,Santa Clara,293558.1,247437.0,-46121.1
genx__reedsco__prox__a0__monthhour,Fall,6087,Santa Cruz,34621.8,15307.2,-19314.6
genx__reedsco__prox__a0__monthhour,Fall,6089,Shasta,15636.0,22381.4,6745.4
genx__reedsco__prox__a0__monthhour,Fall,6091,Sierra,1914.1,1241.0,-673.1
genx__reedsco__prox__a0__monthhour,Fall,6093,Siskiyou,11535.4,8899.4,-2636.0
genx__reedsco__prox__a0__monthhour,Fall,6095,Solano,68337.3,55244.8,-13092.5
genx__reedsco__prox__a0__monthhour,Fall,6097,Sonoma,61009.0,29039.4,-31969.6
genx__reedsco__prox__a0__monthhour,Fall,6099,Stanislaus,88857.9,75805.4,-13052.5
genx__reedsco__prox__a0__monthhour,Fall,6101,Sutter,16038.3,10899.1,-5139.2
genx__reedsco__prox__a0__monthhour,Fall,6103,Tehama,8644.9,5956.5,-2688.4
genx__reedsco__prox__a0__monthhour,Fall,6105,Trinity,3623.3,1488.6,-2134.7
genx__reedsco__prox__a0__monthhour,Fall,6107,Tulare,56367.6,85869.2,29501.6
genx__reedsco__prox__a0__monthhour,Fall,6109,Tuolumne,7893.7,6590.4,-1303.3
genx__reedsco__prox__a0__monthhour,Fall,6111,Ventura,114199.3,85553.0,-28646.3
genx__reedsco__prox__a0__monthhour,Fall,6113,Yolo,33734.9,25800.2,-7934.7
genx__reedsco__prox__a0__monthhour,Fall,6115,Yuba,11663.3,9019.7,-2643.6
genx__reedsco__prox__a0__static,Fall,6001,Alameda,241447.5,142392.1,-99055.4
genx__reedsco__prox__a0__static,Fall,6003,Alpine,3799.0,0.0,-3799.0
genx__reedsco__prox__a0__static,Fall,6005,Amador,6407.0,8743.3,2336.3
genx__reedsco__prox__a0__static,Fall,6007,Butte,29336.8,20178.6,-9158.2
genx__reedsco__prox__a0__static,Fall,6009,Calaveras,2297.4,3646.0,1348.6
genx__reedsco__prox__a0__static,Fall,6011,Colusa,4970.0,5279.8,309.8
genx__reedsco__prox__a0__static,Fall,6013,Contra Costa,189490.4,172280.1,-17210.3
genx__reedsco__prox__a0__static,Fall,6017,El Dorado,12689.5,19655.5,6966.0
genx__reedsco__prox__a0__static,Fall,6019,Fresno,118180.1,145456.6,27276.5
genx__reedsco__prox__a0__static,Fall,6021,Glenn,8204.0,4599.9,-3604.1
genx__reedsco__prox__a0__static,Fall,6023,Humboldt,13703.0,11964.5,-1738.5
genx__reedsco__prox__a0__static,Fall,6025,Imperial,20657.3,57611.1,36953.8
genx__reedsco__prox__a0__static,Fall,6027,Inyo,20441.0,1014.0,-19427.0
genx__reedsco__prox__a0__static,Fall,6029,Kern,153691.7,153057.1,-634.6
genx__reedsco__prox__a0__static,Fall,6031,Kings,26360.3,21545.8,-4814.5
genx__reedsco__prox__a0__static,Fall,6033,Lake,10862.7,4849.3,-6013.4
genx__reedsco__prox__a0__static,Fall,6035,Lassen,9863.7,1276.9,-8586.8
genx__reedsco__prox__a0__static,Fall,6037,Los Angeles,1219050.9,1038360.9,-180690.0
genx__reedsco__prox__a0__static,Fall,6039,Madera,16609.5,23321.3,6711.8
genx__reedsco__prox__a0__static,Fall,6041,Marin,37832.6,19031.9,-18800.7
genx__reedsco__prox__a0__static,Fall,6043,Mariposa,1812.1,1744.1,-68.0
genx__reedsco__prox__a0__static,Fall,6045,Mendocino,13740.1,5828.7,-7911.4
genx__reedsco__prox__a0__static,Fall,6047,Merced,30256.7,44965.2,14708.5
genx__reedsco__prox__a0__static,Fall,6049,Modoc,3285.1,4333.8,1048.7
genx__reedsco__prox__a0__static,Fall,6051,Mono,2057.1,893.0,-1164.1
genx__reedsco__prox__a0__static,Fall,6053,Monterey,46304.7,36076.9,-10227.8
genx__reedsco__prox__a0__static,Fall,6055,Napa,21404.7,19954.0,-1450.7
genx__reedsco__prox__a0__static,Fall,6057,Nevada,4727.9,10224.0,5496.1
genx__reedsco__prox__a0__static,Fall,6059,Orange,328680.9,381466.9,52786.0
genx__reedsco__prox__a0__static,Fall,6061,Placer,47789.3,54701.7,6912.4
genx__reedsco__prox__a0__static,Fall,6063,Plumas,5119.6,2127.4,-2992.2
genx__reedsco__prox__a0__static,Fall,6065,Riverside,183831.8,195609.4,11777.6
genx__reedsco__prox__a0__static,Fall,6067,Sacramento,140049.0,146219.3,6170.3
genx__reedsco__prox__a0__static,Fall,6069,San Benito,2982.4,6394.8,3412.4
genx__reedsco__prox__a0__static,Fall,6071,San Bernardino,228541.3,454651.1,226109.8
genx__reedsco__prox__a0__static,Fall,6073,San Diego,382531.6,637910.6,255379.0
genx__reedsco__prox__a0__static,Fall,6075,San Francisco,85248.5,63451.7,-21796.8
genx__reedsco__prox__a0__static,Fall,6077,San Joaquin,146467.5,95466.1,-51001.4
genx__reedsco__prox__a0__static,Fall,6079,San Luis Obispo,35010.9,27792.6,-7218.3
genx__reedsco__prox__a0__static,Fall,6081,San Mateo,111035.4,82354.5,-28680.9
genx__reedsco__prox__a0__static,Fall,6083,Santa Barbara,58888.4,45604.8,-13283.6
genx__reedsco__prox__a0__static,Fall,6085,Santa Clara,293558.1,247438.0,-46120.1
genx__reedsco__prox__a0__static,Fall,6087,Santa Cruz,34621.8,15306.3,-19315.5
genx__reedsco__prox__a0__static,Fall,6089,Shasta,15636.0,22381.0,6745.0
genx__reedsco__prox__a0__static,Fall,6091,Sierra,1914.1,1240.9,-673.2
genx__reedsco__prox__a0__static,Fall,6093,Siskiyou,11535.4,8895.8,-2639.6
genx__reedsco__prox__a0__static,Fall,6095,Solano,68337.3,55243.7,-13093.6
genx__reedsco__prox__a0__static,Fall,6097,Sonoma,61009.0,29037.6,-31971.4
genx__reedsco__prox__a0__static,Fall,6099,Stanislaus,88857.9,75803.4,-13054.5
genx__reedsco__prox__a0__static,Fall,6101,Sutter,16038.3,10901.1,-5137.2
genx__reedsco__prox__a0__static,Fall,6103,Tehama,8644.9,5955.7,-2689.2
genx__reedsco__prox__a0__static,Fall,6105,Trinity,3623.3,1488.8,-2134.5
genx__reedsco__prox__a0__static,Fall,6107,Tulare,56367.6,85868.8,29501.2
genx__reedsco__prox__a0__static,Fall,6109,Tuolumne,7893.7,6591.8,-1301.9
genx__reedsco__prox__a0__static,Fall,6111,Ventura,114199.3,85554.1,-28645.2
genx__reedsco__prox__a0__static,Fall,6113,Yolo,33734.9,25802.2,-7932.7
genx__reedsco__prox__a0__static,Fall,6115,Yuba,11663.3,9020.5,-2642.8
genx__reedsco__prox__aratio__monthhour,Fall,6001,Alameda,241447.5,142435.0,-99012.5
genx__reedsco__prox__aratio__monthhour,Fall,6003,Alpine,3799.0,0.0,-3799.0
genx__reedsco__prox__aratio__monthhour,Fall,6005,Amador,6407.0,8746.1,2339.1
genx__reedsco__prox__aratio__monthhour,Fall,6007,Butte,29336.8,20198.2,-9138.6
genx__reedsco__prox__aratio__monthhour,Fall,6009,Calaveras,2297.4,3643.3,1345.9
genx__reedsco__prox__aratio__monthhour,Fall,6011,Colusa,4970.0,5281.4,311.4
genx__reedsco__prox__aratio__monthhour,Fall,6013,Contra Costa,189490.4,172308.3,-17182.1
genx__reedsco__prox__aratio__monthhour,Fall,6017,El Dorado,12689.5,19663.8,6974.3
genx__reedsco__prox__aratio__monthhour,Fall,6019,Fresno,118180.1,145384.2,27204.1
genx__reedsco__prox__aratio__monthhour,Fall,6021,Glenn,8204.0,4600.0,-3604.0
genx__reedsco__prox__aratio__monthhour,Fall,6023,Humboldt,13703.0,11956.9,-1746.1
genx__reedsco__prox__aratio__monthhour,Fall,6025,Imperial,20657.3,57572.2,36914.9
genx__reedsco__prox__aratio__monthhour,Fall,6027,Inyo,20441.0,1034.5,-19406.5
genx__reedsco__prox__aratio__monthhour,Fall,6029,Kern,153691.7,153117.0,-574.7
genx__reedsco__prox__aratio__monthhour,Fall,6031,Kings,26360.3,21533.8,-4826.5
genx__reedsco__prox__aratio__monthhour,Fall,6033,Lake,10862.7,4849.2,-6013.5
genx__reedsco__prox__aratio__monthhour,Fall,6035,Lassen,9863.7,1266.3,-8597.4
genx__reedsco__prox__aratio__monthhour,Fall,6037,Los Angeles,1219050.9,1038521.3,-180529.6
genx__reedsco__prox__aratio__monthhour,Fall,6039,Madera,16609.5,23326.1,6716.6
genx__reedsco__prox__aratio__monthhour,Fall,6041,Marin,37832.6,19028.5,-18804.1
genx__reedsco__prox__aratio__monthhour,Fall,6043,Mariposa,1812.1,1743.9,-68.2
genx__reedsco__prox__aratio__monthhour,Fall,6045,Mendocino,13740.1,5823.0,-7917.1
genx__reedsco__prox__aratio__monthhour,Fall,6047,Merced,30256.7,44966.7,14710.0
genx__reedsco__prox__aratio__monthhour,Fall,6049,Modoc,3285.1,4334.9,1049.8
genx__reedsco__prox__aratio__monthhour,Fall,6051,Mono,2057.1,889.2,-1167.9
genx__reedsco__prox__aratio__monthhour,Fall,6053,Monterey,46304.7,36064.1,-10240.6
genx__reedsco__prox__aratio__monthhour,Fall,6055,Napa,21404.7,19949.9,-1454.8
genx__reedsco__prox__aratio__monthhour,Fall,6057,Nevada,4727.9,10219.2,5491.3
genx__reedsco__prox__aratio__monthhour,Fall,6059,Orange,328680.9,381462.1,52781.2
genx__reedsco__prox__aratio__monthhour,Fall,6061,Placer,47789.3,54693.9,6904.6
genx__reedsco__prox__aratio__monthhour,Fall,6063,Plumas,5119.6,2135.7,-2983.9
genx__reedsco__prox__aratio__monthhour,Fall,6065,Riverside,183831.8,195592.4,11760.6
genx__reedsco__prox__aratio__monthhour,Fall,6067,Sacramento,140049.0,146129.5,6080.5
genx__reedsco__prox__aratio__monthhour,Fall,6069,San Benito,2982.4,6396.5,3414.1
genx__reedsco__prox__aratio__monthhour,Fall,6071,San Bernardino,228541.3,454682.8,226141.5
genx__reedsco__prox__aratio__monthhour,Fall,6073,San Diego,382531.6,637885.4,255353.8
genx__reedsco__prox__aratio__monthhour,Fall,6075,San Francisco,85248.5,63453.1,-21795.4
genx__reedsco__prox__aratio__monthhour,Fall,6077,San Joaquin,146467.5,95486.0,-50981.5
genx__reedsco__prox__aratio__monthhour,Fall,6079,San Luis Obispo,35010.9,27792.2,-7218.7
genx__reedsco__prox__aratio__monthhour,Fall,6081,San Mateo,111035.4,82345.8,-28689.6
genx__reedsco__prox__aratio__monthhour,Fall,6083,Santa Barbara,58888.4,45606.0,-13282.4
genx__reedsco__prox__aratio__monthhour,Fall,6085,Santa Clara,293558.1,247460.9,-46097.2
genx__reedsco__prox__aratio__monthhour,Fall,6087,Santa Cruz,34621.8,15301.2,-19320.6
genx__reedsco__prox__aratio__monthhour,Fall,6089,Shasta,15636.0,22312.3,6676.3
genx__reedsco__prox__aratio__monthhour,Fall,6091,Sierra,1914.1,1243.2,-670.9
genx__reedsco__prox__aratio__monthhour,Fall,6093,Siskiyou,11535.4,8894.1,-2641.3
genx__reedsco__prox__aratio__monthhour,Fall,6095,Solano,68337.3,55256.6,-13080.7
genx__reedsco__prox__aratio__monthhour,Fall,6097,Sonoma,61009.0,29035.4,-31973.6
genx__reedsco__prox__aratio__monthhour,Fall,6099,Stanislaus,88857.9,75757.5,-13100.4
genx__reedsco__prox__aratio__monthhour,Fall,6101,Sutter,16038.3,10902.7,-5135.6
genx__reedsco__prox__aratio__monthhour,Fall,6103,Tehama,8644.9,5959.4,-2685.5
genx__reedsco__prox__aratio__monthhour,Fall,6105,Trinity,3623.3,1478.4,-2144.9
genx__reedsco__prox__aratio__monthhour,Fall,6107,Tulare,56367.6,85879.0,29511.4
genx__reedsco__prox__aratio__monthhour,Fall,6109,Tuolumne,7893.7,6583.1,-1310.6
genx__reedsco__prox__aratio__monthhour,Fall,6111,Ventura,114199.3,85561.8,-28637.5
genx__reedsco__prox__aratio__monthhour,Fall,6113,Yolo,33734.9,25797.2,-7937.7
genx__reedsco__prox__aratio__monthhour,Fall,6115,Yuba,11663.3,9023.8,-2639.5
genx__reedsco__prox__aratio__static,Fall,6001,Alameda,241447.5,142442.2,-99005.3
genx__reedsco__prox__aratio__static,Fall,6003,Alpine,3799.0,0.0,-3799.0
genx__reedsco__prox__aratio__static,Fall,6005,Amador,6407.0,8745.7,2338.7
genx__reedsco__prox__aratio__static,Fall,6007,Butte,29336.8,20193.9,-9142.9
genx__reedsco__prox__aratio__static,Fall,6009,Calaveras,2297.4,3642.8,1345.4
genx__reedsco__prox__aratio__static,Fall,6011,Colusa,4970.0,5282.0,312.0
genx__reedsco__prox__aratio__static,Fall,6013,Contra Costa,189490.4,172315.1,-17175.3
genx__reedsco__prox__aratio__static,Fall,6017,El Dorado,12689.5,19667.1,6977.6
genx__reedsco__prox__aratio__static,Fall,6019,Fresno,118180.1,145382.1,27202.0
genx__reedsco__prox__aratio__static,Fall,6021,Glenn,8204.0,4599.0,-3605.0
genx__reedsco__prox__aratio__static,Fall,6023,Humboldt,13703.0,11953.3,-1749.7
genx__reedsco__prox__aratio__static,Fall,6025,Imperial,20657.3,57570.8,36913.5
genx__reedsco__prox__aratio__static,Fall,6027,Inyo,20441.0,1030.7,-19410.3
genx__reedsco__prox__aratio__static,Fall,6029,Kern,153691.7,153117.0,-574.7
genx__reedsco__prox__aratio__static,Fall,6031,Kings,26360.3,21534.7,-4825.6
genx__reedsco__prox__aratio__static,Fall,6033,Lake,10862.7,4849.7,-6013.0
genx__reedsco__prox__aratio__static,Fall,6035,Lassen,9863.7,1266.3,-8597.4
genx__reedsco__prox__aratio__static,Fall,6037,Los Angeles,1219050.9,1038531.5,-180519.4
genx__reedsco__prox__aratio__static,Fall,6039,Madera,16609.5,23325.2,6715.7
genx__reedsco__prox__aratio__static,Fall,6041,Marin,37832.6,19029.1,-18803.5
genx__reedsco__prox__aratio__static,Fall,6043,Mariposa,1812.1,1744.0,-68.1
genx__reedsco__prox__aratio__static,Fall,6045,Mendocino,13740.1,5825.2,-7914.9
genx__reedsco__prox__aratio__static,Fall,6047,Merced,30256.7,44965.5,14708.8
genx__reedsco__prox__aratio__static,Fall,6049,Modoc,3285.1,4335.8,1050.7
genx__reedsco__prox__aratio__static,Fall,6051,Mono,2057.1,889.2,-1167.9
genx__reedsco__prox__aratio__static,Fall,6053,Monterey,46304.7,36061.2,-10243.5
genx__reedsco__prox__aratio__static,Fall,6055,Napa,21404.7,19951.5,-1453.2
genx__reedsco__prox__aratio__static,Fall,6057,Nevada,4727.9,10219.7,5491.8
genx__reedsco__prox__aratio__static,Fall,6059,Orange,328680.9,381462.0,52781.1
genx__reedsco__prox__aratio__static,Fall,6061,Placer,47789.3,54686.0,6896.7
genx__reedsco__prox__aratio__static,Fall,6063,Plumas,5119.6,2133.5,-2986.1
genx__reedsco__prox__aratio__static,Fall,6065,Riverside,183831.8,195589.9,11758.1
genx__reedsco__prox__aratio__static,Fall,6067,Sacramento,140049.0,146129.7,6080.7
genx__reedsco__prox__aratio__static,Fall,6069,San Benito,2982.4,6396.5,3414.1
genx__reedsco__prox__aratio__static,Fall,6071,San Bernardino,228541.3,454678.8,226137.5
genx__reedsco__prox__aratio__static,Fall,6073,San Diego,382531.6,637892.4,255360.8
genx__reedsco__prox__aratio__static,Fall,6075,San Francisco,85248.5,63454.2,-21794.3
genx__reedsco__prox__aratio__static,Fall,6077,San Joaquin,146467.5,95479.3,-50988.2
genx__reedsco__prox__aratio__static,Fall,6079,San Luis Obispo,35010.9,27792.6,-7218.3
genx__reedsco__prox__aratio__static,Fall,6081,San Mateo,111035.4,82349.7,-28685.7
genx__reedsco__prox__aratio__static,Fall,6083,Santa Barbara,58888.4,45604.8,-13283.6
genx__reedsco__prox__aratio__static,Fall,6085,Santa Clara,293558.1,247460.6,-46097.5
genx__reedsco__prox__aratio__static,Fall,6087,Santa Cruz,34621.8,15301.1,-19320.7
genx__reedsco__prox__aratio__static,Fall,6089,Shasta,15636.0,22310.0,6674.0
genx__reedsco__prox__aratio__static,Fall,6091,Sierra,1914.1,1243.2,-670.9
genx__reedsco__prox__aratio__static,Fall,6093,Siskiyou,11535.4,8892.1,-2643.3
genx__reedsco__prox__aratio__static,Fall,6095,Solano,68337.3,55256.4,-13080.9
genx__reedsco__prox__aratio__static,Fall,6097,Sonoma,61009.0,29039.1,-31969.9
genx__reedsco__prox__aratio__static,Fall,6099,Stanislaus,88857.9,75758.8,-13099.1
genx__reedsco__prox__aratio__static,Fall,6101,Sutter,16038.3,10900.6,-5137.7
genx__reedsco__prox__aratio__static,Fall,6103,Tehama,8644.9,5956.2,-2688.7
genx__reedsco__prox__aratio__static,Fall,6105,Trinity,3623.3,1479.0,-2144.3
genx__reedsco__prox__aratio__static,Fall,6107,Tulare,56367.6,85881.6,29514.0
genx__reedsco__prox__aratio__static,Fall,6109,Tuolumne,7893.7,6581.1,-1312.6
genx__reedsco__prox__aratio__static,Fall,6111,Ventura,114199.3,85561.0,-28638.3
genx__reedsco__prox__aratio__static,Fall,6113,Yolo,33734.9,25796.2,-7938.7
genx__reedsco__prox__aratio__static,Fall,6115,Yuba,11663.3,9028.3,-2635.0
genx__stoch__catch__w2-mean__monthhour,Fall,6001,Alameda,241447.5,222292.9,-19154.6
genx__stoch__catch__w2-mean__monthhour,Fall,6003,Alpine,3799.0,55.4,-3743.6
genx__stoch__catch__w2-mean__monthhour,Fall,6005,Amador,6407.0,6069.2,-337.8
genx__stoch__catch__w2-mean__monthhour,Fall,6007,Butte,29336.8,33146.1,3809.3
genx__stoch__catch__w2-mean__monthhour,Fall,6009,Calaveras,2297.4,4752.8,2455.4
genx__stoch__catch__w2-mean__monthhour,Fall,6011,Colusa,4970.0,7802.8,2832.8
genx__stoch__catch__w2-mean__monthhour,Fall,6013,Contra Costa,189490.4,140972.2,-48518.2
genx__stoch__catch__w2-mean__monthhour,Fall,6017,El Dorado,12689.5,14365.8,1676.3
genx__stoch__catch__w2-mean__monthhour,Fall,6019,Fresno,118180.1,198879.8,80699.7
genx__stoch__catch__w2-mean__monthhour,Fall,6021,Glenn,8204.0,7283.0,-921.0
genx__stoch__catch__w2-mean__monthhour,Fall,6023,Humboldt,13703.0,13986.4,283.4
genx__stoch__catch__w2-mean__monthhour,Fall,6025,Imperial,20657.3,2647.8,-18009.5
genx__stoch__catch__w2-mean__monthhour,Fall,6027,Inyo,20441.0,1644.7,-18796.3
genx__stoch__catch__w2-mean__monthhour,Fall,6029,Kern,153691.7,169206.0,15514.3
genx__stoch__catch__w2-mean__monthhour,Fall,6031,Kings,26360.3,26197.4,-162.9
genx__stoch__catch__w2-mean__monthhour,Fall,6033,Lake,10862.7,7577.6,-3285.1
genx__stoch__catch__w2-mean__monthhour,Fall,6035,Lassen,9863.7,728.9,-9134.8
genx__stoch__catch__w2-mean__monthhour,Fall,6037,Los Angeles,1219050.9,894395.0,-324655.9
genx__stoch__catch__w2-mean__monthhour,Fall,6039,Madera,16609.5,40318.5,23709.0
genx__stoch__catch__w2-mean__monthhour,Fall,6041,Marin,37832.6,28275.3,-9557.3
genx__stoch__catch__w2-mean__monthhour,Fall,6043,Mariposa,1812.1,2188.6,376.5
genx__stoch__catch__w2-mean__monthhour,Fall,6045,Mendocino,13740.1,9443.4,-4296.7
genx__stoch__catch__w2-mean__monthhour,Fall,6047,Merced,30256.7,33900.5,3643.8
genx__stoch__catch__w2-mean__monthhour,Fall,6049,Modoc,3285.1,283.0,-3002.1
genx__stoch__catch__w2-mean__monthhour,Fall,6051,Mono,2057.1,3897.2,1840.1
genx__stoch__catch__w2-mean__monthhour,Fall,6053,Monterey,46304.7,49446.7,3142.0
genx__stoch__catch__w2-mean__monthhour,Fall,6055,Napa,21404.7,24123.6,2718.9
genx__stoch__catch__w2-mean__monthhour,Fall,6057,Nevada,4727.9,8482.1,3754.2
genx__stoch__catch__w2-mean__monthhour,Fall,6059,Orange,328680.9,491451.5,162770.6
genx__stoch__catch__w2-mean__monthhour,Fall,6061,Placer,47789.3,27245.5,-20543.8
genx__stoch__catch__w2-mean__monthhour,Fall,6063,Plumas,5119.6,1448.9,-3670.7
genx__stoch__catch__w2-mean__monthhour,Fall,6065,Riverside,183831.8,376514.5,192682.7
genx__stoch__catch__w2-mean__monthhour,Fall,6067,Sacramento,140049.0,27911.9,-112137.1
genx__stoch__catch__w2-mean__monthhour,Fall,6069,San Benito,2982.4,8824.4,5842.0
genx__stoch__catch__w2-mean__monthhour,Fall,6071,San Bernardino,228541.3,427252.7,198711.4
genx__stoch__catch__w2-mean__monthhour,Fall,6073,San Diego,382531.6,518769.5,136237.9
genx__stoch__catch__w2-mean__monthhour,Fall,6075,San Francisco,85248.5,5244.4,-80004.1
genx__stoch__catch__w2-mean__monthhour,Fall,6077,San Joaquin,146467.5,96122.4,-50345.1
genx__stoch__catch__w2-mean__monthhour,Fall,6079,San Luis Obispo,35010.9,34357.0,-653.9
genx__stoch__catch__w2-mean__monthhour,Fall,6081,San Mateo,111035.4,96375.8,-14659.6
genx__stoch__catch__w2-mean__monthhour,Fall,6083,Santa Barbara,58888.4,60150.9,1262.5
genx__stoch__catch__w2-mean__monthhour,Fall,6085,Santa Clara,293558.1,258148.8,-35409.3
genx__stoch__catch__w2-mean__monthhour,Fall,6087,Santa Cruz,34621.8,23926.3,-10695.5
genx__stoch__catch__w2-mean__monthhour,Fall,6089,Shasta,15636.0,10066.1,-5569.9
genx__stoch__catch__w2-mean__monthhour,Fall,6091,Sierra,1914.1,184.2,-1729.9
genx__stoch__catch__w2-mean__monthhour,Fall,6093,Siskiyou,11535.4,8875.9,-2659.5
genx__stoch__catch__w2-mean__monthhour,Fall,6095,Solano,68337.3,50061.7,-18275.6
genx__stoch__catch__w2-mean__monthhour,Fall,6097,Sonoma,61009.0,62906.4,1897.4
genx__stoch__catch__w2-mean__monthhour,Fall,6099,Stanislaus,88857.9,20821.4,-68036.5
genx__stoch__catch__w2-mean__monthhour,Fall,6101,Sutter,16038.3,14242.4,-1795.9
genx__stoch__catch__w2-mean__monthhour,Fall,6103,Tehama,8644.9,10314.4,1669.5
genx__stoch__catch__w2-mean__monthhour,Fall,6105,Trinity,3623.3,410.8,-3212.5
genx__stoch__catch__w2-mean__monthhour,Fall,6107,Tulare,56367.6,98216.9,41849.3
genx__stoch__catch__w2-mean__monthhour,Fall,6109,Tuolumne,7893.7,9056.8,1163.1
genx__stoch__catch__w2-mean__monthhour,Fall,6111,Ventura,114199.3,123883.7,9684.4
genx__stoch__catch__w2-mean__monthhour,Fall,6113,Yolo,33734.9,25897.4,-7837.5
genx__stoch__catch__w2-mean__monthhour,Fall,6115,Yuba,11663.3,12249.0,585.7
genx__stoch__namecatch__w2-mean__monthhour,Fall,6001,Alameda,241447.5,186954.1,-54493.4
genx__stoch__namecatch__w2-mean__monthhour,Fall,6003,Alpine,3799.0,55.5,-3743.5
genx__stoch__namecatch__w2-mean__monthhour,Fall,6005,Amador,6407.0,6092.0,-315.0
genx__stoch__namecatch__w2-mean__monthhour,Fall,6007,Butte,29336.8,33124.9,3788.1
genx__stoch__namecatch__w2-mean__monthhour,Fall,6009,Calaveras,2297.4,4748.7,2451.3
genx__stoch__namecatch__w2-mean__monthhour,Fall,6011,Colusa,4970.0,7796.8,2826.8
genx__stoch__namecatch__w2-mean__monthhour,Fall,6013,Contra Costa,189490.4,141181.7,-48308.7
genx__stoch__namecatch__w2-mean__monthhour,Fall,6017,El Dorado,12689.5,14354.9,1665.4
genx__stoch__namecatch__w2-mean__monthhour,Fall,6019,Fresno,118180.1,198756.0,80575.9
genx__stoch__namecatch__w2-mean__monthhour,Fall,6021,Glenn,8204.0,7279.0,-925.0
genx__stoch__namecatch__w2-mean__monthhour,Fall,6023,Humboldt,13703.0,13976.0,273.0
genx__stoch__namecatch__w2-mean__monthhour,Fall,6025,Imperial,20657.3,2643.3,-18014.0
genx__stoch__namecatch__w2-mean__monthhour,Fall,6027,Inyo,20441.0,2493.0,-17948.0
genx__stoch__namecatch__w2-mean__monthhour,Fall,6029,Kern,153691.7,169094.3,15402.6
genx__stoch__namecatch__w2-mean__monthhour,Fall,6031,Kings,26360.3,26182.2,-178.1
genx__stoch__namecatch__w2-mean__monthhour,Fall,6033,Lake,10862.7,7573.3,-3289.4
genx__stoch__namecatch__w2-mean__monthhour,Fall,6035,Lassen,9863.7,728.7,-9135.0
genx__stoch__namecatch__w2-mean__monthhour,Fall,6037,Los Angeles,1219050.9,893855.1,-325195.8
genx__stoch__namecatch__w2-mean__monthhour,Fall,6039,Madera,16609.5,40288.9,23679.4
genx__stoch__namecatch__w2-mean__monthhour,Fall,6041,Marin,37832.6,27950.6,-9882.0
genx__stoch__namecatch__w2-mean__monthhour,Fall,6043,Mariposa,1812.1,2187.7,375.6
genx__stoch__namecatch__w2-mean__monthhour,Fall,6045,Mendocino,13740.1,9437.3,-4302.8
genx__stoch__namecatch__w2-mean__monthhour,Fall,6047,Merced,30256.7,33880.2,3623.5
genx__stoch__namecatch__w2-mean__monthhour,Fall,6049,Modoc,3285.1,282.0,-3003.1
genx__stoch__namecatch__w2-mean__monthhour,Fall,6051,Mono,2057.1,3894.8,1837.7
genx__stoch__namecatch__w2-mean__monthhour,Fall,6053,Monterey,46304.7,49412.3,3107.6
genx__stoch__namecatch__w2-mean__monthhour,Fall,6055,Napa,21404.7,23824.2,2419.5
genx__stoch__namecatch__w2-mean__monthhour,Fall,6057,Nevada,4727.9,8475.9,3748.0
genx__stoch__namecatch__w2-mean__monthhour,Fall,6059,Orange,328680.9,475312.6,146631.7
genx__stoch__namecatch__w2-mean__monthhour,Fall,6061,Placer,47789.3,27229.9,-20559.4
genx__stoch__namecatch__w2-mean__monthhour,Fall,6063,Plumas,5119.6,1446.8,-3672.8
genx__stoch__namecatch__w2-mean__monthhour,Fall,6065,Riverside,183831.8,383219.0,199387.2
genx__stoch__namecatch__w2-mean__monthhour,Fall,6067,Sacramento,140049.0,27859.5,-112189.5
genx__stoch__namecatch__w2-mean__monthhour,Fall,6069,San Benito,2982.4,8818.1,5835.7
genx__stoch__namecatch__w2-mean__monthhour,Fall,6071,San Bernardino,228541.3,429328.1,200786.8
genx__stoch__namecatch__w2-mean__monthhour,Fall,6073,San Diego,382531.6,527269.3,144737.7
genx__stoch__namecatch__w2-mean__monthhour,Fall,6075,San Francisco,85248.5,41029.7,-44218.8
genx__stoch__namecatch__w2-mean__monthhour,Fall,6077,San Joaquin,146467.5,96059.0,-50408.5
genx__stoch__namecatch__w2-mean__monthhour,Fall,6079,San Luis Obispo,35010.9,34331.7,-679.2
genx__stoch__namecatch__w2-mean__monthhour,Fall,6081,San Mateo,111035.4,95703.2,-15332.2
genx__stoch__namecatch__w2-mean__monthhour,Fall,6083,Santa Barbara,58888.4,60115.2,1226.8
genx__stoch__namecatch__w2-mean__monthhour,Fall,6085,Santa Clara,293558.1,257975.9,-35582.2
genx__stoch__namecatch__w2-mean__monthhour,Fall,6087,Santa Cruz,34621.8,23917.5,-10704.3
genx__stoch__namecatch__w2-mean__monthhour,Fall,6089,Shasta,15636.0,10057.5,-5578.5
genx__stoch__namecatch__w2-mean__monthhour,Fall,6091,Sierra,1914.1,184.2,-1729.9
genx__stoch__namecatch__w2-mean__monthhour,Fall,6093,Siskiyou,11535.4,8876.0,-2659.4
genx__stoch__namecatch__w2-mean__monthhour,Fall,6095,Solano,68337.3,50310.3,-18027.0
genx__stoch__namecatch__w2-mean__monthhour,Fall,6097,Sonoma,61009.0,62862.7,1853.7
genx__stoch__namecatch__w2-mean__monthhour,Fall,6099,Stanislaus,88857.9,20800.3,-68057.6
genx__stoch__namecatch__w2-mean__monthhour,Fall,6101,Sutter,16038.3,14233.4,-1804.9
genx__stoch__namecatch__w2-mean__monthhour,Fall,6103,Tehama,8644.9,10307.2,1662.3
genx__stoch__namecatch__w2-mean__monthhour,Fall,6105,Trinity,3623.3,410.7,-3212.6
genx__stoch__namecatch__w2-mean__monthhour,Fall,6107,Tulare,56367.6,98146.5,41778.9
genx__stoch__namecatch__w2-mean__monthhour,Fall,6109,Tuolumne,7893.7,9051.1,1157.4
genx__stoch__namecatch__w2-mean__monthhour,Fall,6111,Ventura,114199.3,123798.8,9599.5
genx__stoch__namecatch__w2-mean__monthhour,Fall,6113,Yolo,33734.9,25876.8,-7858.1
genx__stoch__namecatch__w2-mean__monthhour,Fall,6115,Yuba,11663.3,12239.9,576.6
genx__stoch__nameprox__w1g30top-mean__monthhour,Fall,6001,Alameda,241447.5,166369.0,-75078.5
genx__stoch__nameprox__w1g30top-mean__monthhour,Fall,6003,Alpine,3799.0,16.7,-3782.3
genx__stoch__nameprox__w1g30top-mean__monthhour,Fall,6005,Amador,6407.0,17797.8,11390.8
genx__stoch__nameprox__w1g30top-mean__monthhour,Fall,6007,Butte,29336.8,71049.0,41712.2
genx__stoch__nameprox__w1g30top-mean__monthhour,Fall,6009,Calaveras,2297.4,3527.5,1230.1
genx__stoch__nameprox__w1g30top-mean__monthhour,Fall,6011,Colusa,4970.0,13778.4,8808.4
genx__stoch__nameprox__w1g30top-mean__monthhour,Fall,6013,Contra Costa,189490.4,175478.8,-14011.6
genx__stoch__nameprox__w1g30top-mean__monthhour,Fall,6017,El Dorado,12689.5,14659.2,1969.7
genx__stoch__nameprox__w1g30top-mean__monthhour,Fall,6019,Fresno,118180.1,188715.9,70535.8
genx__stoch__nameprox__w1g30top-mean__monthhour,Fall,6021,Glenn,8204.0,13758.4,5554.4
genx__stoch__nameprox__w1g30top-mean__monthhour,Fall,6023,Humboldt,13703.0,25950.3,12247.3
genx__stoch__nameprox__w1g30top-mean__monthhour,Fall,6025,Imperial,20657.3,20657.3,0.0
genx__stoch__nameprox__w1g30top-mean__monthhour,Fall,6027,Inyo,20441.0,8526.9,-11914.1
genx__stoch__nameprox__w1g30top-mean__monthhour,Fall,6029,Kern,153691.7,335199.2,181507.5
genx__stoch__nameprox__w1g30top-mean__monthhour,Fall,6031,Kings,26360.3,44958.9,18598.6
genx__stoch__nameprox__w1g30top-mean__monthhour,Fall,6033,Lake,10862.7,18978.9,8116.2
genx__stoch__nameprox__w1g30top-mean__monthhour,Fall,6035,Lassen,9863.7,9863.7,0.0
genx__stoch__nameprox__w1g30top-mean__monthhour,Fall,6037,Los Angeles,1219050.9,829344.8,-389706.1
genx__stoch__nameprox__w1g30top-mean__monthhour,Fall,6039,Madera,16609.5,43477.8,26868.3
genx__stoch__nameprox__w1g30top-mean__monthhour,Fall,6041,Marin,37832.6,16341.4,-21491.2
genx__stoch__nameprox__w1g30top-mean__monthhour,Fall,6043,Mariposa,1812.1,3996.9,2184.8
genx__stoch__nameprox__w1g30top-mean__monthhour,Fall,6045,Mendocino,13740.1,20751.8,7011.7
genx__stoch__nameprox__w1g30top-mean__monthhour,Fall,6047,Merced,30256.7,67711.3,37454.6
genx__stoch__nameprox__w1g30top-mean__monthhour,Fall,6049,Modoc,3285.1,3285.1,0.0
genx__stoch__nameprox__w1g30top-mean__monthhour,Fall,6051,Mono,2057.1,8855.7,6798.6
genx__stoch__nameprox__w1g30top-mean__monthhour,Fall,6053,Monterey,46304.7,63536.7,17232.0
genx__stoch__nameprox__w1g30top-mean__monthhour,Fall,6055,Napa,21404.7,11235.2,-10169.5
genx__stoch__nameprox__w1g30top-mean__monthhour,Fall,6057,Nevada,4727.9,6423.8,1695.9
genx__stoch__nameprox__w1g30top-mean__monthhour,Fall,6059,Orange,328680.9,284697.5,-43983.4
genx__stoch__nameprox__w1g30top-mean__monthhour,Fall,6061,Placer,47789.3,47912.3,123.0
genx__stoch__nameprox__w1g30top-mean__monthhour,Fall,6063,Plumas,5119.6,4020.5,-1099.1
genx__stoch__nameprox__w1g30top-mean__monthhour,Fall,6065,Riverside,183831.8,319302.3,135470.5
genx__stoch__nameprox__w1g30top-mean__monthhour,Fall,6067,Sacramento,140049.0,142510.7,2461.7
genx__stoch__nameprox__w1g30top-mean__monthhour,Fall,6069,San Benito,2982.4,5705.3,2722.9
genx__stoch__nameprox__w1g30top-mean__monthhour,Fall,6071,San Bernardino,228541.3,393651.3,165110.0
genx__stoch__nameprox__w1g30top-mean__monthhour,Fall,6073,San Diego,382531.6,347958.3,-34573.3
genx__stoch__nameprox__w1g30top-mean__monthhour,Fall,6075,San Francisco,85248.5,24115.6,-61132.9
genx__stoch__nameprox__w1g30top-mean__monthhour,Fall,6077,San Joaquin,146467.5,131990.6,-14476.9
genx__stoch__nameprox__w1g30top-mean__monthhour,Fall,6079,San Luis Obispo,35010.9,26754.9,-8256.0
genx__stoch__nameprox__w1g30top-mean__monthhour,Fall,6081,San Mateo,111035.4,73723.0,-37312.4
genx__stoch__nameprox__w1g30top-mean__monthhour,Fall,6083,Santa Barbara,58888.4,53478.5,-5409.9
genx__stoch__nameprox__w1g30top-mean__monthhour,Fall,6085,Santa Clara,293558.1,205380.8,-88177.3
genx__stoch__nameprox__w1g30top-mean__monthhour,Fall,6087,Santa Cruz,34621.8,25381.6,-9240.2
genx__stoch__nameprox__w1g30top-mean__monthhour,Fall,6089,Shasta,15636.0,17932.4,2296.4
genx__stoch__nameprox__w1g30top-mean__monthhour,Fall,6091,Sierra,1914.1,1593.6,-320.5
genx__stoch__nameprox__w1g30top-mean__monthhour,Fall,6093,Siskiyou,11535.4,11535.4,0.0
genx__stoch__nameprox__w1g30top-mean__monthhour,Fall,6095,Solano,68337.3,77094.8,8757.5
genx__stoch__nameprox__w1g30top-mean__monthhour,Fall,6097,Sonoma,61009.0,66188.9,5179.9
genx__stoch__nameprox__w1g30top-mean__monthhour,Fall,6099,Stanislaus,88857.9,93055.0,4197.1
genx__stoch__nameprox__w1g30top-mean__monthhour,Fall,6101,Sutter,16038.3,24935.0,8896.7
genx__stoch__nameprox__w1g30top-mean__monthhour,Fall,6103,Tehama,8644.9,10291.2,1646.3
genx__stoch__nameprox__w1g30top-mean__monthhour,Fall,6105,Trinity,3623.3,3440.4,-182.9
genx__stoch__nameprox__w1g30top-mean__monthhour,Fall,6107,Tulare,56367.6,74275.2,17907.6
genx__stoch__nameprox__w1g30top-mean__monthhour,Fall,6109,Tuolumne,7893.7,10222.9,2329.2
genx__stoch__nameprox__w1g30top-mean__monthhour,Fall,6111,Ventura,114199.3,116437.6,2238.3
genx__stoch__nameprox__w1g30top-mean__monthhour,Fall,6113,Yolo,33734.9,28699.2,-5035.7
genx__stoch__nameprox__w1g30top-mean__monthhour,Fall,6115,Yuba,11663.3,26763.1,15099.8
genx__stoch__prox__w1g30-d0__monthhour,Fall,6001,Alameda,241447.5,164950.2,-76497.3
genx__stoch__prox__w1g30-d0__monthhour,Fall,6003,Alpine,3799.0,33.6,-3765.4
genx__stoch__prox__w1g30-d0__monthhour,Fall,6005,Amador,6407.0,5343.5,-1063.5
genx__stoch__prox__w1g30-d0__monthhour,Fall,6007,Butte,29336.8,47280.5,17943.7
genx__stoch__prox__w1g30-d0__monthhour,Fall,6009,Calaveras,2297.4,4057.0,1759.6
genx__stoch__prox__w1g30-d0__monthhour,Fall,6011,Colusa,4970.0,9423.3,4453.3
genx__stoch__prox__w1g30-d0__monthhour,Fall,6013,Contra Costa,189490.4,134979.7,-54510.7
genx__stoch__prox__w1g30-d0__monthhour,Fall,6017,El Dorado,12689.5,21557.3,8867.8
genx__stoch__prox__w1g30-d0__monthhour,Fall,6019,Fresno,118180.1,219395.4,101215.3
genx__stoch__prox__w1g30-d0__monthhour,Fall,6021,Glenn,8204.0,6616.2,-1587.8
genx__stoch__prox__w1g30-d0__monthhour,Fall,6023,Humboldt,13703.0,13054.2,-648.8
genx__stoch__prox__w1g30-d0__monthhour,Fall,6025,Imperial,20657.3,20657.3,0.0
genx__stoch__prox__w1g30-d0__monthhour,Fall,6027,Inyo,20441.0,8267.7,-12173.3
genx__stoch__prox__w1g30-d0__monthhour,Fall,6029,Kern,153691.7,218505.0,64813.3
genx__stoch__prox__w1g30-d0__monthhour,Fall,6031,Kings,26360.3,25411.2,-949.1
genx__stoch__prox__w1g30-d0__monthhour,Fall,6033,Lake,10862.7,15465.3,4602.6
genx__stoch__prox__w1g30-d0__monthhour,Fall,6035,Lassen,9863.7,10427.2,563.5
genx__stoch__prox__w1g30-d0__monthhour,Fall,6037,Los Angeles,1219050.9,716494.1,-502556.8
genx__stoch__prox__w1g30-d0__monthhour,Fall,6039,Madera,16609.5,71196.2,54586.7
genx__stoch__prox__w1g30-d0__monthhour,Fall,6041,Marin,37832.6,24820.6,-13012.0
genx__stoch__prox__w1g30-d0__monthhour,Fall,6043,Mariposa,1812.1,2108.3,296.2
genx__stoch__prox__w1g30-d0__monthhour,Fall,6045,Mendocino,13740.1,8554.1,-5186.0
genx__stoch__prox__w1g30-d0__monthhour,Fall,6047,Merced,30256.7,52985.6,22728.9
genx__stoch__prox__w1g30-d0__monthhour,Fall,6049,Modoc,3285.1,3285.1,0.0
genx__stoch__prox__w1g30-d0__monthhour,Fall,6051,Mono,2057.1,3298.8,1241.7
genx__stoch__prox__w1g30-d0__monthhour,Fall,6053,Monterey,46304.7,45719.5,-585.2
genx__stoch__prox__w1g30-d0__monthhour,Fall,6055,Napa,21404.7,24220.0,2815.3
genx__stoch__prox__w1g30-d0__monthhour,Fall,6057,Nevada,4727.9,9273.4,4545.5
genx__stoch__prox__w1g30-d0__monthhour,Fall,6059,Orange,328680.9,450465.7,121784.8
genx__stoch__prox__w1g30-d0__monthhour,Fall,6061,Placer,47789.3,63724.8,15935.5
genx__stoch__prox__w1g30-d0__monthhour,Fall,6063,Plumas,5119.6,4050.9,-1068.7
genx__stoch__prox__w1g30-d0__monthhour,Fall,6065,Riverside,183831.8,317579.7,133747.9
genx__stoch__prox__w1g30-d0__monthhour,Fall,6067,Sacramento,140049.0,145673.3,5624.3
genx__stoch__prox__w1g30-d0__monthhour,Fall,6069,San Benito,2982.4,10074.1,7091.7
genx__stoch__prox__w1g30-d0__monthhour,Fall,6071,San Bernardino,228541.3,404870.7,176329.4
genx__stoch__prox__w1g30-d0__monthhour,Fall,6073,San Diego,382531.6,464836.5,82304.9
genx__stoch__prox__w1g30-d0__monthhour,Fall,6075,San Francisco,85248.5,38383.8,-46864.7
genx__stoch__prox__w1g30-d0__monthhour,Fall,6077,San Joaquin,146467.5,93228.3,-53239.2
genx__stoch__prox__w1g30-d0__monthhour,Fall,6079,San Luis Obispo,35010.9,31426.2,-3584.7
genx__stoch__prox__w1g30-d0__monthhour,Fall,6081,San Mateo,111035.4,88584.5,-22450.9
genx__stoch__prox__w1g30-d0__monthhour,Fall,6083,Santa Barbara,58888.4,48119.0,-10769.4
genx__stoch__prox__w1g30-d0__monthhour,Fall,6085,Santa Clara,293558.1,228972.4,-64585.7
genx__stoch__prox__w1g30-d0__monthhour,Fall,6087,Santa Cruz,34621.8,21519.4,-13102.4
genx__stoch__prox__w1g30-d0__monthhour,Fall,6089,Shasta,15636.0,20483.3,4847.3
genx__stoch__prox__w1g30-d0__monthhour,Fall,6091,Sierra,1914.1,1691.8,-222.3
genx__stoch__prox__w1g30-d0__monthhour,Fall,6093,Siskiyou,11535.4,11535.4,0.0
genx__stoch__prox__w1g30-d0__monthhour,Fall,6095,Solano,68337.3,81101.7,12764.4
genx__stoch__prox__w1g30-d0__monthhour,Fall,6097,Sonoma,61009.0,53319.7,-7689.3
genx__stoch__prox__w1g30-d0__monthhour,Fall,6099,Stanislaus,88857.9,97273.4,8415.5
genx__stoch__prox__w1g30-d0__monthhour,Fall,6101,Sutter,16038.3,14101.8,-1936.5
genx__stoch__prox__w1g30-d0__monthhour,Fall,6103,Tehama,8644.9,9413.0,768.1
genx__stoch__prox__w1g30-d0__monthhour,Fall,6105,Trinity,3623.3,3610.1,-13.2
genx__stoch__prox__w1g30-d0__monthhour,Fall,6107,Tulare,56367.6,85332.4,28964.8
genx__stoch__prox__w1g30-d0__monthhour,Fall,6109,Tuolumne,7893.7,13093.1,5199.4
genx__stoch__prox__w1g30-d0__monthhour,Fall,6111,Ventura,114199.3,115217.4,1018.1
genx__stoch__prox__w1g30-d0__monthhour,Fall,6113,Yolo,33734.9,32214.4,-1520.5
genx__stoch__prox__w1g30-d0__monthhour,Fall,6115,Yuba,11663.3,16017.2,4353.9
genx__stoch__prox__w1g30-d1__monthhour,Fall,6001,Alameda,241447.5,162802.3,-78645.2
genx__stoch__prox__w1g30-d1__monthhour,Fall,6003,Alpine,3799.0,33.0,-3766.0
genx__stoch__prox__w1g30-d1__monthhour,Fall,6005,Amador,6407.0,5626.5,-780.5
genx__stoch__prox__w1g30-d1__monthhour,Fall,6007,Butte,29336.8,47789.1,18452.3
genx__stoch__prox__w1g30-d1__monthhour,Fall,6009,Calaveras,2297.4,4174.5,1877.1
genx__stoch__prox__w1g30-d1__monthhour,Fall,6011,Colusa,4970.0,8694.6,3724.6
genx__stoch__prox__w1g30-d1__monthhour,Fall,6013,Contra Costa,189490.4,130601.3,-58889.1
genx__stoch__prox__w1g30-d1__monthhour,Fall,6017,El Dorado,12689.5,20433.1,7743.6
genx__stoch__prox__w1g30-d1__monthhour,Fall,6019,Fresno,118180.1,216766.1,98586.0
genx__stoch__prox__w1g30-d1__monthhour,Fall,6021,Glenn,8204.0,6929.5,-1274.5
genx__stoch__prox__w1g30-d1__monthhour,Fall,6023,Humboldt,13703.0,13512.9,-190.1
genx__stoch__prox__w1g30-d1__monthhour,Fall,6025,Imperial,20657.3,20657.3,0.0
genx__stoch__prox__w1g30-d1__monthhour,Fall,6027,Inyo,20441.0,8287.5,-12153.5
genx__stoch__prox__w1g30-d1__monthhour,Fall,6029,Kern,153691.7,219731.3,66039.6
genx__stoch__prox__w1g30-d1__monthhour,Fall,6031,Kings,26360.3,25963.8,-396.5
genx__stoch__prox__w1g30-d1__monthhour,Fall,6033,Lake,10862.7,14769.5,3906.8
genx__stoch__prox__w1g30-d1__monthhour,Fall,6035,Lassen,9863.7,10424.1,560.4
genx__stoch__prox__w1g30-d1__monthhour,Fall,6037,Los Angeles,1219050.9,730758.7,-488292.2
genx__stoch__prox__w1g30-d1__monthhour,Fall,6039,Madera,16609.5,66557.6,49948.1
genx__stoch__prox__w1g30-d1__monthhour,Fall,6041,Marin,37832.6,24953.8,-12878.8
genx__stoch__prox__w1g30-d1__monthhour,Fall,6043,Mariposa,1812.1,2032.7,220.6
genx__stoch__prox__w1g30-d1__monthhour,Fall,6045,Mendocino,13740.1,8858.4,-4881.7
genx__stoch__prox__w1g30-d1__monthhour,Fall,6047,Merced,30256.7,52342.2,22085.5
genx__stoch__prox__w1g30-d1__monthhour,Fall,6049,Modoc,3285.1,3285.1,0.0
genx__stoch__prox__w1g30-d1__monthhour,Fall,6051,Mono,2057.1,3431.2,1374.1
genx__stoch__prox__w1g30-d1__monthhour,Fall,6053,Monterey,46304.7,45139.9,-1164.8
genx__stoch__prox__w1g30-d1__monthhour,Fall,6055,Napa,21404.7,24505.7,3101.0
genx__stoch__prox__w1g30-d1__monthhour,Fall,6057,Nevada,4727.9,8901.4,4173.5
genx__stoch__prox__w1g30-d1__monthhour,Fall,6059,Orange,328680.9,452481.1,123800.2
genx__stoch__prox__w1g30-d1__monthhour,Fall,6061,Placer,47789.3,64273.7,16484.4
genx__stoch__prox__w1g30-d1__monthhour,Fall,6063,Plumas,5119.6,4089.1,-1030.5
genx__stoch__prox__w1g30-d1__monthhour,Fall,6065,Riverside,183831.8,308633.3,124801.5
genx__stoch__prox__w1g30-d1__monthhour,Fall,6067,Sacramento,140049.0,148126.7,8077.7
genx__stoch__prox__w1g30-d1__monthhour,Fall,6069,San Benito,2982.4,10510.3,7527.9
genx__stoch__prox__w1g30-d1__monthhour,Fall,6071,San Bernardino,228541.3,399853.6,171312.3
genx__stoch__prox__w1g30-d1__monthhour,Fall,6073,San Diego,382531.6,466027.1,83495.5
genx__stoch__prox__w1g30-d1__monthhour,Fall,6075,San Francisco,85248.5,40455.5,-44793.0
genx__stoch__prox__w1g30-d1__monthhour,Fall,6077,San Joaquin,146467.5,93607.9,-52859.6
genx__stoch__prox__w1g30-d1__monthhour,Fall,6079,San Luis Obispo,35010.9,31382.3,-3628.6
genx__stoch__prox__w1g30-d1__monthhour,Fall,6081,San Mateo,111035.4,90461.4,-20574.0
genx__stoch__prox__w1g30-d1__monthhour,Fall,6083,Santa Barbara,58888.4,48528.6,-10359.8
genx__stoch__prox__w1g30-d1__monthhour,Fall,6085,Santa Clara,293558.1,228856.3,-64701.8
genx__stoch__prox__w1g30-d1__monthhour,Fall,6087,Santa Cruz,34621.8,20777.6,-13844.2
genx__stoch__prox__w1g30-d1__monthhour,Fall,6089,Shasta,15636.0,20636.0,5000.0
genx__stoch__prox__w1g30-d1__monthhour,Fall,6091,Sierra,1914.1,1691.8,-222.3
genx__stoch__prox__w1g30-d1__monthhour,Fall,6093,Siskiyou,11535.4,11535.4,0.0
genx__stoch__prox__w1g30-d1__monthhour,Fall,6095,Solano,68337.3,82828.7,14491.4
genx__stoch__prox__w1g30-d1__monthhour,Fall,6097,Sonoma,61009.0,54056.4,-6952.6
genx__stoch__prox__w1g30-d1__monthhour,Fall,6099,Stanislaus,88857.9,97315.0,8457.1
genx__stoch__prox__w1g30-d1__monthhour,Fall,6101,Sutter,16038.3,14095.8,-1942.5
genx__stoch__prox__w1g30-d1__monthhour,Fall,6103,Tehama,8644.9,8901.7,256.8
genx__stoch__prox__w1g30-d1__monthhour,Fall,6105,Trinity,3623.3,3622.1,-1.2
genx__stoch__prox__w1g30-d1__monthhour,Fall,6107,Tulare,56367.6,86212.6,29845.0
genx__stoch__prox__w1g30-d1__monthhour,Fall,6109,Tuolumne,7893.7,14303.0,6409.3
genx__stoch__prox__w1g30-d1__monthhour,Fall,6111,Ventura,114199.3,111939.9,-2259.4
genx__stoch__prox__w1g30-d1__monthhour,Fall,6113,Yolo,33734.9,32845.9,-889.0
genx__stoch__prox__w1g30-d1__monthhour,Fall,6115,Yuba,11663.3,17282.4,5619.1
genx__stoch__prox__w1g30-d2__monthhour,Fall,6001,Alameda,241447.5,162436.5,-79011.0
genx__stoch__prox__w1g30-d2__monthhour,Fall,6003,Alpine,3799.0,36.2,-3762.8
genx__stoch__prox__w1g30-d2__monthhour,Fall,6005,Amador,6407.0,5435.8,-971.2
genx__stoch__prox__w1g30-d2__monthhour,Fall,6007,Butte,29336.8,47755.7,18418.9
genx__stoch__prox__w1g30-d2__monthhour,Fall,6009,Calaveras,2297.4,4390.2,2092.8
genx__stoch__prox__w1g30-d2__monthhour,Fall,6011,Colusa,4970.0,8566.3,3596.3
genx__stoch__prox__w1g30-d2__monthhour,Fall,6013,Contra Costa,189490.4,133137.9,-56352.5
genx__stoch__prox__w1g30-d2__monthhour,Fall,6017,El Dorado,12689.5,21349.8,8660.3
genx__stoch__prox__w1g30-d2__monthhour,Fall,6019,Fresno,118180.1,211808.7,93628.6
genx__stoch__prox__w1g30-d2__monthhour,Fall,6021,Glenn,8204.0,6664.7,-1539.3
genx__stoch__prox__w1g30-d2__monthhour,Fall,6023,Humboldt,13703.0,13337.6,-365.4
genx__stoch__prox__w1g30-d2__monthhour,Fall,6025,Imperial,20657.3,20657.3,0.0
genx__stoch__prox__w1g30-d2__monthhour,Fall,6027,Inyo,20441.0,8138.5,-12302.5
genx__stoch__prox__w1g30-d2__monthhour,Fall,6029,Kern,153691.7,224363.6,70671.9
genx__stoch__prox__w1g30-d2__monthhour,Fall,6031,Kings,26360.3,24396.7,-1963.6
genx__stoch__prox__w1g30-d2__monthhour,Fall,6033,Lake,10862.7,15532.5,4669.8
genx__stoch__prox__w1g30-d2__monthhour,Fall,6035,Lassen,9863.7,10432.5,568.8
genx__stoch__prox__w1g30-d2__monthhour,Fall,6037,Los Angeles,1219050.9,715564.8,-503486.1
genx__stoch__prox__w1g30-d2__monthhour,Fall,6039,Madera,16609.5,63871.8,47262.3
genx__stoch__prox__w1g30-d2__monthhour,Fall,6041,Marin,37832.6,26017.0,-11815.6
genx__stoch__prox__w1g30-d2__monthhour,Fall,6043,Mariposa,1812.1,2006.9,194.8
genx__stoch__prox__w1g30-d2__monthhour,Fall,6045,Mendocino,13740.1,8462.9,-5277.2
genx__stoch__prox__w1g30-d2__monthhour,Fall,6047,Merced,30256.7,52444.0,22187.3
genx__stoch__prox__w1g30-d2__monthhour,Fall,6049,Modoc,3285.1,3285.1,0.0
genx__stoch__prox__w1g30-d2__monthhour,Fall,6051,Mono,2057.1,3387.7,1330.6
genx__stoch__prox__w1g30-d2__monthhour,Fall,6053,Monterey,46304.7,45654.3,-650.4
genx__stoch__prox__w1g30-d2__monthhour,Fall,6055,Napa,21404.7,23280.5,1875.8
genx__stoch__prox__w1g30-d2__monthhour,Fall,6057,Nevada,4727.9,8814.2,4086.3
genx__stoch__prox__w1g30-d2__monthhour,Fall,6059,Orange,328680.9,441032.3,112351.4
genx__stoch__prox__w1g30-d2__monthhour,Fall,6061,Placer,47789.3,63867.7,16078.4
genx__stoch__prox__w1g30-d2__monthhour,Fall,6063,Plumas,5119.6,4084.7,-1034.9
genx__stoch__prox__w1g30-d2__monthhour,Fall,6065,Riverside,183831.8,326133.2,142301.4
genx__stoch__prox__w1g30-d2__monthhour,Fall,6067,Sacramento,140049.0,147978.1,7929.1
genx__stoch__prox__w1g30-d2__monthhour,Fall,6069,San Benito,2982.4,10290.0,7307.6
genx__stoch__prox__w1g30-d2__monthhour,Fall,6071,San Bernardino,228541.3,396476.1,167934.8
genx__stoch__prox__w1g30-d2__monthhour,Fall,6073,San Diego,382531.6,477936.5,95404.9
genx__stoch__prox__w1g30-d2__monthhour,Fall,6075,San Francisco,85248.5,37853.3,-47395.2
genx__stoch__prox__w1g30-d2__monthhour,Fall,6077,San Joaquin,146467.5,96214.1,-50253.4
genx__stoch__prox__w1g30-d2__monthhour,Fall,6079,San Luis Obispo,35010.9,32008.8,-3002.1
genx__stoch__prox__w1g30-d2__monthhour,Fall,6081,San Mateo,111035.4,91869.8,-19165.6
genx__stoch__prox__w1g30-d2__monthhour,Fall,6083,Santa Barbara,58888.4,47997.5,-10890.9
genx__stoch__prox__w1g30-d2__monthhour,Fall,6085,Santa Clara,293558.1,226704.6,-66853.5
genx__stoch__prox__w1g30-d2__monthhour,Fall,6087,Santa Cruz,34621.8,22576.2,-12045.6
genx__stoch__prox__w1g30-d2__monthhour,Fall,6089,Shasta,15636.0,20582.8,4946.8
genx__stoch__prox__w1g30-d2__monthhour,Fall,6091,Sierra,1914.1,1699.7,-214.4
genx__stoch__prox__w1g30-d2__monthhour,Fall,6093,Siskiyou,11535.4,11535.4,0.0
genx__stoch__prox__w1g30-d2__monthhour,Fall,6095,Solano,68337.3,83789.2,15451.9
genx__stoch__prox__w1g30-d2__monthhour,Fall,6097,Sonoma,61009.0,55095.8,-5913.2
genx__stoch__prox__w1g30-d2__monthhour,Fall,6099,Stanislaus,88857.9,97835.0,8977.1
genx__stoch__prox__w1g30-d2__monthhour,Fall,6101,Sutter,16038.3,14983.7,-1054.6
genx__stoch__prox__w1g30-d2__monthhour,Fall,6103,Tehama,8644.9,8598.7,-46.2
genx__stoch__prox__w1g30-d2__monthhour,Fall,6105,Trinity,3623.3,3629.9,6.6
genx__stoch__prox__w1g30-d2__monthhour,Fall,6107,Tulare,56367.6,86050.7,29683.1
genx__stoch__prox__w1g30-d2__monthhour,Fall,6109,Tuolumne,7893.7,13275.7,5382.0
genx__stoch__prox__w1g30-d2__monthhour,Fall,6111,Ventura,114199.3,111219.6,-2979.7
genx__stoch__prox__w1g30-d2__monthhour,Fall,6113,Yolo,33734.9,33671.3,-63.6
genx__stoch__prox__w1g30-d2__monthhour,Fall,6115,Yuba,11663.3,17074.2,5410.9
genx__stoch__prox__w1g30-mean__monthhour,Fall,6001,Alameda,241447.5,164376.0,-77071.5
genx__stoch__prox__w1g30-mean__monthhour,Fall,6003,Alpine,3799.0,33.6,-3765.4
genx__stoch__prox__w1g30-mean__monthhour,Fall,6005,Amador,6407.0,5499.8,-907.2
genx__stoch__prox__w1g30-mean__monthhour,Fall,6007,Butte,29336.8,47700.3,18363.5
genx__stoch__prox__w1g30-mean__monthhour,Fall,6009,Calaveras,2297.4,4274.7,1977.3
genx__stoch__prox__w1g30-mean__monthhour,Fall,6011,Colusa,4970.0,8918.5,3948.5
genx__stoch__prox__w1g30-mean__monthhour,Fall,6013,Contra Costa,189490.4,131734.8,-57755.6
genx__stoch__prox__w1g30-mean__monthhour,Fall,6017,El Dorado,12689.5,21137.6,8448.1
genx__stoch__prox__w1g30-mean__monthhour,Fall,6019,Fresno,118180.1,213254.6,95074.5
genx__stoch__prox__w1g30-mean__monthhour,Fall,6021,Glenn,8204.0,6624.9,-1579.1
genx__stoch__prox__w1g30-mean__monthhour,Fall,6023,Humboldt,13703.0,13203.1,-499.9
genx__stoch__prox__w1g30-mean__monthhour,Fall,6025,Imperial,20657.3,20657.3,0.0
genx__stoch__prox__w1g30-mean__monthhour,Fall,6027,Inyo,20441.0,8206.5,-12234.5
genx__stoch__prox__w1g30-mean__monthhour,Fall,6029,Kern,153691.7,219755.4,66063.7
genx__stoch__prox__w1g30-mean__monthhour,Fall,6031,Kings,26360.3,24830.2,-1530.1
genx__stoch__prox__w1g30-mean__monthhour,Fall,6033,Lake,10862.7,15253.2,4390.5
genx__stoch__prox__w1g30-mean__monthhour,Fall,6035,Lassen,9863.7,10442.6,578.9
genx__stoch__prox__w1g30-mean__monthhour,Fall,6037,Los Angeles,1219050.9,722608.9,-496442.0
genx__stoch__prox__w1g30-mean__monthhour,Fall,6039,Madera,16609.5,67161.6,50552.1
genx__stoch__prox__w1g30-mean__monthhour,Fall,6041,Marin,37832.6,25318.7,-12513.9
genx__stoch__prox__w1g30-mean__monthhour,Fall,6043,Mariposa,1812.1,2047.8,235.7
genx__stoch__prox__w1g30-mean__monthhour,Fall,6045,Mendocino,13740.1,8597.4,-5142.7
genx__stoch__prox__w1g30-mean__monthhour,Fall,6047,Merced,30256.7,52262.4,22005.7
genx__stoch__prox__w1g30-mean__monthhour,Fall,6049,Modoc,3285.1,3285.1,0.0
genx__stoch__prox__w1g30-mean__monthhour,Fall,6051,Mono,2057.1,3380.3,1323.2
genx__stoch__prox__w1g30-mean__monthhour,Fall,6053,Monterey,46304.7,44995.9,-1308.8
genx__stoch__prox__w1g30-mean__monthhour,Fall,6055,Napa,21404.7,24149.1,2744.4
genx__stoch__prox__w1g30-mean__monthhour,Fall,6057,Nevada,4727.9,8877.9,4150.0
genx__stoch__prox__w1g30-mean__monthhour,Fall,6059,Orange,328680.9,448422.2,119741.3
genx__stoch__prox__w1g30-mean__monthhour,Fall,6061,Placer,47789.3,64351.9,16562.6
genx__stoch__prox__w1g30-mean__monthhour,Fall,6063,Plumas,5119.6,4069.3,-1050.3
genx__stoch__prox__w1g30-mean__monthhour,Fall,6065,Riverside,183831.8,319224.0,135392.2
genx__stoch__prox__w1g30-mean__monthhour,Fall,6067,Sacramento,140049.0,147508.1,7459.1
genx__stoch__prox__w1g30-mean__monthhour,Fall,6069,San Benito,2982.4,10000.2,7017.8
genx__stoch__prox__w1g30-mean__monthhour,Fall,6071,San Bernardino,228541.3,401489.2,172947.9
genx__stoch__prox__w1g30-mean__monthhour,Fall,6073,San Diego,382531.6,469814.6,87283.0
genx__stoch__prox__w1g30-mean__monthhour,Fall,6075,San Francisco,85248.5,38735.3,-46513.2
genx__stoch__prox__w1g30-mean__monthhour,Fall,6077,San Joaquin,146467.5,94512.8,-51954.7
genx__stoch__prox__w1g30-mean__monthhour,Fall,6079,San Luis Obispo,35010.9,31234.9,-3776.0
genx__stoch__prox__w1g30-mean__monthhour,Fall,6081,San Mateo,111035.4,89715.4,-21320.0
genx__stoch__prox__w1g30-mean__monthhour,Fall,6083,Santa Barbara,58888.4,48017.8,-10870.6
genx__stoch__prox__w1g30-mean__monthhour,Fall,6085,Santa Clara,293558.1,228583.1,-64975.0
genx__stoch__prox__w1g30-mean__monthhour,Fall,6087,Santa Cruz,34621.8,21774.2,-12847.6
genx__stoch__prox__w1g30-mean__monthhour,Fall,6089,Shasta,15636.0,20583.0,4947.0
genx__stoch__prox__w1g30-mean__monthhour,Fall,6091,Sierra,1914.1,1693.6,-220.5
genx__stoch__prox__w1g30-mean__monthhour,Fall,6093,Siskiyou,11535.4,11535.4,0.0
genx__stoch__prox__w1g30-mean__monthhour,Fall,6095,Solano,68337.3,82726.5,14389.2
genx__stoch__prox__w1g30-mean__monthhour,Fall,6097,Sonoma,61009.0,53877.3,-7131.7
genx__stoch__prox__w1g30-mean__monthhour,Fall,6099,Stanislaus,88857.9,97713.0,8855.1
genx__stoch__prox__w1g30-mean__monthhour,Fall,6101,Sutter,16038.3,14309.2,-1729.1
genx__stoch__prox__w1g30-mean__monthhour,Fall,6103,Tehama,8644.9,9009.4,364.5
genx__stoch__prox__w1g30-mean__monthhour,Fall,6105,Trinity,3623.3,3612.9,-10.4
genx__stoch__prox__w1g30-mean__monthhour,Fall,6107,Tulare,56367.6,85686.1,29318.5
genx__stoch__prox__w1g30-mean__monthhour,Fall,6109,Tuolumne,7893.7,13764.4,5870.7
genx__stoch__prox__w1g30-mean__monthhour,Fall,6111,Ventura,114199.3,112752.4,-1446.9
genx__stoch__prox__w1g30-mean__monthhour,Fall,6113,Yolo,33734.9,33109.4,-625.5
genx__stoch__prox__w1g30-mean__monthhour,Fall,6115,Yuba,11663.3,16880.5,5217.2
genx__stoch__prox__w1g30top-d0__monthhour,Fall,6001,Alameda,241447.5,178386.4,-63061.1
genx__stoch__prox__w1g30top-d0__monthhour,Fall,6003,Alpine,3799.0,16.3,-3782.7
genx__stoch__prox__w1g30top-d0__monthhour,Fall,6005,Amador,6407.0,25084.2,18677.2
genx__stoch__prox__w1g30top-d0__monthhour,Fall,6007,Butte,29336.8,31058.3,1721.5
genx__stoch__prox__w1g30top-d0__monthhour,Fall,6009,Calaveras,2297.4,2632.2,334.8
genx__stoch__prox__w1g30top-d0__monthhour,Fall,6011,Colusa,4970.0,5248.7,278.7
genx__stoch__prox__w1g30top-d0__monthhour,Fall,6013,Contra Costa,189490.4,209627.9,20137.5
genx__stoch__prox__w1g30top-d0__monthhour,Fall,6017,El Dorado,12689.5,14294.7,1605.2
genx__stoch__prox__w1g30top-d0__monthhour,Fall,6019,Fresno,118180.1,122222.9,4042.8
genx__stoch__prox__w1g30top-d0__monthhour,Fall,6021,Glenn,8204.0,20378.7,12174.7
genx__stoch__prox__w1g30top-d0__monthhour,Fall,6023,Humboldt,13703.0,42433.3,28730.3
genx__stoch__prox__w1g30top-d0__monthhour,Fall,6025,Imperial,20657.3,20657.3,0.0
genx__stoch__prox__w1g30top-d0__monthhour,Fall,6027,Inyo,20441.0,7385.5,-13055.5
genx__stoch__prox__w1g30top-d0__monthhour,Fall,6029,Kern,153691.7,130818.0,-22873.7
genx__stoch__prox__w1g30top-d0__monthhour,Fall,6031,Kings,26360.3,49379.6,23019.3
genx__stoch__prox__w1g30top-d0__monthhour,Fall,6033,Lake,10862.7,10669.8,-192.9
genx__stoch__prox__w1g30top-d0__monthhour,Fall,6035,Lassen,9863.7,9870.7,7.0
genx__stoch__prox__w1g30top-d0__monthhour,Fall,6037,Los Angeles,1219050.9,903842.2,-315208.7
genx__stoch__prox__w1g30top-d0__monthhour,Fall,6039,Madera,16609.5,35543.5,18934.0
genx__stoch__prox__w1g30top-d0__monthhour,Fall,6041,Marin,37832.6,22728.0,-15104.6
genx__stoch__prox__w1g30top-d0__monthhour,Fall,6043,Mariposa,1812.1,6159.6,4347.5
genx__stoch__prox__w1g30top-d0__monthhour,Fall,6045,Mendocino,13740.1,29968.4,16228.3
genx__stoch__prox__w1g30top-d0__monthhour,Fall,6047,Merced,30256.7,33873.3,3616.6
genx__stoch__prox__w1g30top-d0__monthhour,Fall,6049,Modoc,3285.1,3285.1,0.0
genx__stoch__prox__w1g30top-d0__monthhour,Fall,6051,Mono,2057.1,1930.3,-126.8
genx__stoch__prox__w1g30top-d0__monthhour,Fall,6053,Monterey,46304.7,82454.1,36149.4
genx__stoch__prox__w1g30top-d0__monthhour,Fall,6055,Napa,21404.7,15448.1,-5956.6
genx__stoch__prox__w1g30top-d0__monthhour,Fall,6057,Nevada,4727.9,6079.6,1351.7
genx__stoch__prox__w1g30top-d0__monthhour,Fall,6059,Orange,328680.9,287815.9,-40865.0
genx__stoch__prox__w1g30top-d0__monthhour,Fall,6061,Placer,47789.3,45207.9,-2581.4
genx__stoch__prox__w1g30top-d0__monthhour,Fall,6063,Plumas,5119.6,3518.5,-1601.1
genx__stoch__prox__w1g30top-d0__monthhour,Fall,6065,Riverside,183831.8,340947.8,157116.0
genx__stoch__prox__w1g30top-d0__monthhour,Fall,6067,Sacramento,140049.0,141322.2,1273.2
genx__stoch__prox__w1g30top-d0__monthhour,Fall,6069,San Benito,2982.4,5378.1,2395.7
genx__stoch__prox__w1g30top-d0__monthhour,Fall,6071,San Bernardino,228541.3,449697.0,221155.7
genx__stoch__prox__w1g30top-d0__monthhour,Fall,6073,San Diego,382531.6,367687.0,-14844.6
genx__stoch__prox__w1g30top-d0__monthhour,Fall,6075,San Francisco,85248.5,23179.0,-62069.5
genx__stoch__prox__w1g30top-d0__monthhour,Fall,6077,San Joaquin,146467.5,153585.1,7117.6
genx__stoch__prox__w1g30top-d0__monthhour,Fall,6079,San Luis Obispo,35010.9,37845.1,2834.2
genx__stoch__prox__w1g30top-d0__monthhour,Fall,6081,San Mateo,111035.4,82938.9,-28096.5
genx__stoch__prox__w1g30top-d0__monthhour,Fall,6083,Santa Barbara,58888.4,64200.9,5312.5
genx__stoch__prox__w1g30top-d0__monthhour,Fall,6085,Santa Clara,293558.1,217646.8,-75911.3
genx__stoch__prox__w1g30top-d0__monthhour,Fall,6087,Santa Cruz,34621.8,30158.4,-4463.4
genx__stoch__prox__w1g30top-d0__monthhour,Fall,6089,Shasta,15636.0,14726.9,-909.1
genx__stoch__prox__w1g30top-d0__monthhour,Fall,6091,Sierra,1914.1,1584.2,-329.9
genx__stoch__prox__w1g30top-d0__monthhour,Fall,6093,Siskiyou,11535.4,11535.4,0.0
genx__stoch__prox__w1g30top-d0__monthhour,Fall,6095,Solano,68337.3,52919.1,-15418.2
genx__stoch__prox__w1g30top-d0__monthhour,Fall,6097,Sonoma,61009.0,85714.0,24705.0
genx__stoch__prox__w1g30top-d0__monthhour,Fall,6099,Stanislaus,88857.9,89606.4,748.5
genx__stoch__prox__w1g30top-d0__monthhour,Fall,6101,Sutter,16038.3,30540.4,14502.1
genx__stoch__prox__w1g30top-d0__monthhour,Fall,6103,Tehama,8644.9,14525.9,5881.0
genx__stoch__prox__w1g30top-d0__monthhour,Fall,6105,Trinity,3623.3,3424.3,-199.0
genx__stoch__prox__w1g30top-d0__monthhour,Fall,6107,Tulare,56367.6,100981.3,44613.7
genx__stoch__prox__w1g30top-d0__monthhour,Fall,6109,Tuolumne,7893.7,8368.9,475.2
genx__stoch__prox__w1g30top-d0__monthhour,Fall,6111,Ventura,114199.3,122307.0,8107.7
genx__stoch__prox__w1g30top-d0__monthhour,Fall,6113,Yolo,33734.9,34652.3,917.4
genx__stoch__prox__w1g30top-d0__monthhour,Fall,6115,Yuba,11663.3,9802.9,-1860.4
genx__stoch__prox__w1g30top-d1__monthhour,Fall,6001,Alameda,241447.5,177415.2,-64032.3
genx__stoch__prox__w1g30top-d1__monthhour,Fall,6003,Alpine,3799.0,15.2,-3783.8
genx__stoch__prox__w1g30top-d1__monthhour,Fall,6005,Amador,6407.0,25203.1,18796.1
genx__stoch__prox__w1g30top-d1__monthhour,Fall,6007,Butte,29336.8,31256.9,1920.1
genx__stoch__prox__w1g30top-d1__monthhour,Fall,6009,Calaveras,2297.4,2681.2,383.8
genx__stoch__prox__w1g30top-d1__monthhour,Fall,6011,Colusa,4970.0,4939.0,-31.0
genx__stoch__prox__w1g30top-d1__monthhour,Fall,6013,Contra Costa,189490.4,207733.6,18243.2
genx__stoch__prox__w1g30top-d1__monthhour,Fall,6017,El Dorado,12689.5,13816.9,1127.4
genx__stoch__prox__w1g30top-d1__monthhour,Fall,6019,Fresno,118180.1,121044.4,2864.3
genx__stoch__prox__w1g30top-d1__monthhour,Fall,6021,Glenn,8204.0,20506.9,12302.9
genx__stoch__prox__w1g30top-d1__monthhour,Fall,6023,Humboldt,13703.0,42622.4,28919.4
genx__stoch__prox__w1g30top-d1__monthhour,Fall,6025,Imperial,20657.3,20657.3,0.0
genx__stoch__prox__w1g30top-d1__monthhour,Fall,6027,Inyo,20441.0,7393.3,-13047.7
genx__stoch__prox__w1g30top-d1__monthhour,Fall,6029,Kern,153691.7,131274.7,-22417.0
genx__stoch__prox__w1g30top-d1__monthhour,Fall,6031,Kings,26360.3,49599.8,23239.5
genx__stoch__prox__w1g30top-d1__monthhour,Fall,6033,Lake,10862.7,10374.2,-488.5
genx__stoch__prox__w1g30top-d1__monthhour,Fall,6035,Lassen,9863.7,9868.6,4.9
genx__stoch__prox__w1g30top-d1__monthhour,Fall,6037,Los Angeles,1219050.9,909545.3,-309505.6
genx__stoch__prox__w1g30top-d1__monthhour,Fall,6039,Madera,16609.5,33566.1,16956.6
genx__stoch__prox__w1g30top-d1__monthhour,Fall,6041,Marin,37832.6,22773.4,-15059.2
genx__stoch__prox__w1g30top-d1__monthhour,Fall,6043,Mariposa,1812.1,6126.8,4314.7
genx__stoch__prox__w1g30top-d1__monthhour,Fall,6045,Mendocino,13740.1,30096.1,16356.0
genx__stoch__prox__w1g30top-d1__monthhour,Fall,6047,Merced,30256.7,33588.0,3331.3
genx__stoch__prox__w1g30top-d1__monthhour,Fall,6049,Modoc,3285.1,3285.1,0.0
genx__stoch__prox__w1g30top-d1__monthhour,Fall,6051,Mono,2057.1,1984.7,-72.4
genx__stoch__prox__w1g30top-d1__monthhour,Fall,6053,Monterey,46304.7,82192.8,35888.1
genx__stoch__prox__w1g30top-d1__monthhour,Fall,6055,Napa,21404.7,15557.1,-5847.6
genx__stoch__prox__w1g30top-d1__monthhour,Fall,6057,Nevada,4727.9,5921.7,1193.8
genx__stoch__prox__w1g30top-d1__monthhour,Fall,6059,Orange,328680.9,288473.5,-40207.4
genx__stoch__prox__w1g30top-d1__monthhour,Fall,6061,Placer,47789.3,45424.2,-2365.1
genx__stoch__prox__w1g30top-d1__monthhour,Fall,6063,Plumas,5119.6,3535.0,-1584.6
genx__stoch__prox__w1g30top-d1__monthhour,Fall,6065,Riverside,183831.8,337060.6,153228.8
genx__stoch__prox__w1g30top-d1__monthhour,Fall,6067,Sacramento,140049.0,142350.8,2301.8
genx__stoch__prox__w1g30top-d1__monthhour,Fall,6069,San Benito,2982.4,5557.9,2575.5
genx__stoch__prox__w1g30top-d1__monthhour,Fall,6071,San Bernardino,228541.3,447425.5,218884.2
genx__stoch__prox__w1g30top-d1__monthhour,Fall,6073,San Diego,382531.6,367998.8,-14532.8
genx__stoch__prox__w1g30top-d1__monthhour,Fall,6075,San Francisco,85248.5,24034.1,-61214.4
genx__stoch__prox__w1g30top-d1__monthhour,Fall,6077,San Joaquin,146467.5,153705.3,7237.8
genx__stoch__prox__w1g30top-d1__monthhour,Fall,6079,San Luis Obispo,35010.9,37813.4,2802.5
genx__stoch__prox__w1g30top-d1__monthhour,Fall,6081,San Mateo,111035.4,83691.5,-27343.9
genx__stoch__prox__w1g30top-d1__monthhour,Fall,6083,Santa Barbara,58888.4,66110.2,7221.8
genx__stoch__prox__w1g30top-d1__monthhour,Fall,6085,Santa Clara,293558.1,217504.0,-76054.1
genx__stoch__prox__w1g30top-d1__monthhour,Fall,6087,Santa Cruz,34621.8,29839.8,-4782.0
genx__stoch__prox__w1g30top-d1__monthhour,Fall,6089,Shasta,15636.0,14787.1,-848.9
genx__stoch__prox__w1g30top-d1__monthhour,Fall,6091,Sierra,1914.1,1583.9,-330.2
genx__stoch__prox__w1g30top-d1__monthhour,Fall,6093,Siskiyou,11535.4,11535.4,0.0
genx__stoch__prox__w1g30top-d1__monthhour,Fall,6095,Solano,68337.3,53627.1,-14710.2
genx__stoch__prox__w1g30top-d1__monthhour,Fall,6097,Sonoma,61009.0,86002.6,24993.6
genx__stoch__prox__w1g30top-d1__monthhour,Fall,6099,Stanislaus,88857.9,89618.0,760.1
genx__stoch__prox__w1g30top-d1__monthhour,Fall,6101,Sutter,16038.3,30532.6,14494.3
genx__stoch__prox__w1g30top-d1__monthhour,Fall,6103,Tehama,8644.9,14306.4,5661.5
genx__stoch__prox__w1g30top-d1__monthhour,Fall,6105,Trinity,3623.3,3429.1,-194.2
genx__stoch__prox__w1g30top-d1__monthhour,Fall,6107,Tulare,56367.6,101317.9,44950.3
genx__stoch__prox__w1g30top-d1__monthhour,Fall,6109,Tuolumne,7893.7,8871.6,977.9
genx__stoch__prox__w1g30top-d1__monthhour,Fall,6111,Ventura,114199.3,120883.0,6683.7
genx__stoch__prox__w1g30top-d1__monthhour,Fall,6113,Yolo,33734.9,34905.7,1170.8
genx__stoch__prox__w1g30top-d1__monthhour,Fall,6115,Yuba,11663.3,10329.5,-1333.8
genx__stoch__prox__w1g30top-d2__monthhour,Fall,6001,Alameda,241447.5,177263.2,-64184.3
genx__stoch__prox__w1g30top-d2__monthhour,Fall,6003,Alpine,3799.0,16.6,-3782.4
genx__stoch__prox__w1g30top-d2__monthhour,Fall,6005,Amador,6407.0,25119.8,18712.8
genx__stoch__prox__w1g30top-d2__monthhour,Fall,6007,Butte,29336.8,31244.6,1907.8
genx__stoch__prox__w1g30top-d2__monthhour,Fall,6009,Calaveras,2297.4,2771.3,473.9
genx__stoch__prox__w1g30top-d2__monthhour,Fall,6011,Colusa,4970.0,4885.4,-84.6
genx__stoch__prox__w1g30top-d2__monthhour,Fall,6013,Contra Costa,189490.4,208803.7,19313.3
genx__stoch__prox__w1g30top-d2__monthhour,Fall,6017,El Dorado,12689.5,14202.9,1513.4
genx__stoch__prox__w1g30top-d2__monthhour,Fall,6019,Fresno,118180.1,118968.3,788.2
genx__stoch__prox__w1g30top-d2__monthhour,Fall,6021,Glenn,8204.0,20396.8,12192.8
genx__stoch__prox__w1g30top-d2__monthhour,Fall,6023,Humboldt,13703.0,42548.8,28845.8
genx__stoch__prox__w1g30top-d2__monthhour,Fall,6025,Imperial,20657.3,20657.3,0.0
genx__stoch__prox__w1g30top-d2__monthhour,Fall,6027,Inyo,20441.0,7331.2,-13109.8
genx__stoch__prox__w1g30top-d2__monthhour,Fall,6029,Kern,153691.7,133216.5,-20475.2
genx__stoch__prox__w1g30top-d2__monthhour,Fall,6031,Kings,26360.3,48943.0,22582.7
genx__stoch__prox__w1g30top-d2__monthhour,Fall,6033,Lake,10862.7,10694.9,-167.8
genx__stoch__prox__w1g30top-d2__monthhour,Fall,6035,Lassen,9863.7,9872.8,9.1
genx__stoch__prox__w1g30top-d2__monthhour,Fall,6037,Los Angeles,1219050.9,903153.4,-315897.5
genx__stoch__prox__w1g30top-d2__monthhour,Fall,6039,Madera,16609.5,32439.2,15829.7
genx__stoch__prox__w1g30top-d2__monthhour,Fall,6041,Marin,37832.6,23222.5,-14610.1
genx__stoch__prox__w1g30top-d2__monthhour,Fall,6043,Mariposa,1812.1,6114.8,4302.7
genx__stoch__prox__w1g30top-d2__monthhour,Fall,6045,Mendocino,13740.1,29928.0,16187.9
genx__stoch__prox__w1g30top-d2__monthhour,Fall,6047,Merced,30256.7,33633.6,3376.9
genx__stoch__prox__w1g30top-d2__monthhour,Fall,6049,Modoc,3285.1,3285.1,0.0
genx__stoch__prox__w1g30top-d2__monthhour,Fall,6051,Mono,2057.1,1967.7,-89.4
genx__stoch__prox__w1g30top-d2__monthhour,Fall,6053,Monterey,46304.7,82408.5,36103.8
genx__stoch__prox__w1g30top-d2__monthhour,Fall,6055,Napa,21404.7,15043.2,-6361.5
genx__stoch__prox__w1g30top-d2__monthhour,Fall,6057,Nevada,4727.9,5884.1,1156.2
genx__stoch__prox__w1g30top-d2__monthhour,Fall,6059,Orange,328680.9,283667.4,-45013.5
genx__stoch__prox__w1g30top-d2__monthhour,Fall,6061,Placer,47789.3,45253.2,-2536.1
genx__stoch__prox__w1g30top-d2__monthhour,Fall,6063,Plumas,5119.6,3533.0,-1586.6
genx__stoch__prox__w1g30top-d2__monthhour,Fall,6065,Riverside,183831.8,344408.6,160576.8
genx__stoch__prox__w1g30top-d2__monthhour,Fall,6067,Sacramento,140049.0,142288.9,2239.9
genx__stoch__prox__w1g30top-d2__monthhour,Fall,6069,San Benito,2982.4,5465.2,2482.8
genx__stoch__prox__w1g30top-d2__monthhour,Fall,6071,San Bernardino,228541.3,446000.2,217458.9
genx__stoch__prox__w1g30top-d2__monthhour,Fall,6073,San Diego,382531.6,373002.1,-9529.5
genx__stoch__prox__w1g30top-d2__monthhour,Fall,6075,San Francisco,85248.5,22942.0,-62306.5
genx__stoch__prox__w1g30top-d2__monthhour,Fall,6077,San Joaquin,146467.5,154800.5,8333.0
genx__stoch__prox__w1g30top-d2__monthhour,Fall,6079,San Luis Obispo,35010.9,38073.5,3062.6
genx__stoch__prox__w1g30top-d2__monthhour,Fall,6081,San Mateo,111035.4,84281.3,-26754.1
genx__stoch__prox__w1g30top-d2__monthhour,Fall,6083,Santa Barbara,58888.4,65885.5,6997.1
genx__stoch__prox__w1g30top-d2__monthhour,Fall,6085,Santa Clara,293558.1,216599.6,-76958.5
genx__stoch__prox__w1g30top-d2__monthhour,Fall,6087,Santa Cruz,34621.8,30596.3,-4025.5
genx__stoch__prox__w1g30top-d2__monthhour,Fall,6089,Shasta,15636.0,14763.5,-872.5
genx__stoch__prox__w1g30top-d2__monthhour,Fall,6091,Sierra,1914.1,1588.0,-326.1
genx__stoch__prox__w1g30top-d2__monthhour,Fall,6093,Siskiyou,11535.4,11535.4,0.0
genx__stoch__prox__w1g30top-d2__monthhour,Fall,6095,Solano,68337.3,54029.4,-14307.9
genx__stoch__prox__w1g30top-d2__monthhour,Fall,6097,Sonoma,61009.0,86441.2,25432.2
genx__stoch__prox__w1g30top-d2__monthhour,Fall,6099,Stanislaus,88857.9,89835.2,977.3
genx__stoch__prox__w1g30top-d2__monthhour,Fall,6101,Sutter,16038.3,30906.8,14868.5
genx__stoch__prox__w1g30top-d2__monthhour,Fall,6103,Tehama,8644.9,14180.2,5535.3
genx__stoch__prox__w1g30top-d2__monthhour,Fall,6105,Trinity,3623.3,3433.0,-190.3
genx__stoch__prox__w1g30top-d2__monthhour,Fall,6107,Tulare,56367.6,101246.6,44879.0
genx__stoch__prox__w1g30top-d2__monthhour,Fall,6109,Tuolumne,7893.7,8442.2,548.5
genx__stoch__prox__w1g30top-d2__monthhour,Fall,6111,Ventura,114199.3,120583.9,6384.6
genx__stoch__prox__w1g30top-d2__monthhour,Fall,6113,Yolo,33734.9,35252.5,1517.6
genx__stoch__prox__w1g30top-d2__monthhour,Fall,6115,Yuba,11663.3,10241.9,-1421.4
genx__stoch__prox__w1g30top-mean__monthhour,Fall,6001,Alameda,241447.5,178076.4,-63371.1
genx__stoch__prox__w1g30top-mean__monthhour,Fall,6003,Alpine,3799.0,16.2,-3782.8
genx__stoch__prox__w1g30top-mean__monthhour,Fall,6005,Amador,6407.0,25149.0,18742.0
genx__stoch__prox__w1g30top-mean__monthhour,Fall,6007,Butte,29336.8,31220.9,1884.1
genx__stoch__prox__w1g30top-mean__monthhour,Fall,6009,Calaveras,2297.4,2723.0,425.6
genx__stoch__prox__w1g30top-mean__monthhour,Fall,6011,Colusa,4970.0,5033.3,63.3
genx__stoch__prox__w1g30top-mean__monthhour,Fall,6013,Contra Costa,189490.4,208211.0,18720.6
genx__stoch__prox__w1g30top-mean__monthhour,Fall,6017,El Dorado,12689.5,14112.1,1422.6
genx__stoch__prox__w1g30top-mean__monthhour,Fall,6019,Fresno,118180.1,119574.8,1394.7
genx__stoch__prox__w1g30top-mean__monthhour,Fall,6021,Glenn,8204.0,20378.8,12174.8
genx__stoch__prox__w1g30top-mean__monthhour,Fall,6023,Humboldt,13703.0,42492.2,28789.2
genx__stoch__prox__w1g30top-mean__monthhour,Fall,6025,Imperial,20657.3,20657.3,0.0
genx__stoch__prox__w1g30top-mean__monthhour,Fall,6027,Inyo,20441.0,7360.1,-13080.9
genx__stoch__prox__w1g30top-mean__monthhour,Fall,6029,Kern,153691.7,131278.9,-22412.8
genx__stoch__prox__w1g30top-mean__monthhour,Fall,6031,Kings,26360.3,49125.7,22765.4
genx__stoch__prox__w1g30top-mean__monthhour,Fall,6033,Lake,10862.7,10576.0,-286.7
genx__stoch__prox__w1g30top-mean__monthhour,Fall,6035,Lassen,9863.7,9876.2,12.5
genx__stoch__prox__w1g30top-mean__monthhour,Fall,6037,Los Angeles,1219050.9,906118.1,-312932.8
genx__stoch__prox__w1g30top-mean__monthhour,Fall,6039,Madera,16609.5,33820.4,17210.9
genx__stoch__prox__w1g30top-mean__monthhour,Fall,6041,Marin,37832.6,22926.4,-14906.2
genx__stoch__prox__w1g30top-mean__monthhour,Fall,6043,Mariposa,1812.1,6131.8,4319.7
genx__stoch__prox__w1g30top-mean__monthhour,Fall,6045,Mendocino,13740.1,29984.0,16243.9
genx__stoch__prox__w1g30top-mean__monthhour,Fall,6047,Merced,30256.7,33556.0,3299.3
genx__stoch__prox__w1g30top-mean__monthhour,Fall,6049,Modoc,3285.1,3285.1,0.0
genx__stoch__prox__w1g30top-mean__monthhour,Fall,6051,Mono,2057.1,1964.7,-92.4
genx__stoch__prox__w1g30top-mean__monthhour,Fall,6053,Monterey,46304.7,82133.9,35829.2
genx__stoch__prox__w1g30top-mean__monthhour,Fall,6055,Napa,21404.7,15406.2,-5998.5
genx__stoch__prox__w1g30top-mean__monthhour,Fall,6057,Nevada,4727.9,5911.0,1183.1
genx__stoch__prox__w1g30top-mean__monthhour,Fall,6059,Orange,328680.9,286776.6,-41904.3
genx__stoch__prox__w1g30top-mean__monthhour,Fall,6061,Placer,47789.3,45461.3,-2328.0
genx__stoch__prox__w1g30top-mean__monthhour,Fall,6063,Plumas,5119.6,3527.6,-1592.0
genx__stoch__prox__w1g30top-mean__monthhour,Fall,6065,Riverside,183831.8,341514.4,157682.6
genx__stoch__prox__w1g30top-mean__monthhour,Fall,6067,Sacramento,140049.0,142091.1,2042.1
genx__stoch__prox__w1g30top-mean__monthhour,Fall,6069,San Benito,2982.4,5343.4,2361.0
genx__stoch__prox__w1g30top-mean__monthhour,Fall,6071,San Bernardino,228541.3,448105.8,219564.5
genx__stoch__prox__w1g30top-mean__monthhour,Fall,6073,San Diego,382531.6,369580.2,-12951.4
genx__stoch__prox__w1g30top-mean__monthhour,Fall,6075,San Francisco,85248.5,23312.7,-61935.8
genx__stoch__prox__w1g30top-mean__monthhour,Fall,6077,San Joaquin,146467.5,154085.2,7617.7
genx__stoch__prox__w1g30top-mean__monthhour,Fall,6079,San Luis Obispo,35010.9,37753.5,2742.6
genx__stoch__prox__w1g30top-mean__monthhour,Fall,6081,San Mateo,111035.4,83378.3,-27657.1
genx__stoch__prox__w1g30top-mean__monthhour,Fall,6083,Santa Barbara,58888.4,65896.3,7007.9
genx__stoch__prox__w1g30top-mean__monthhour,Fall,6085,Santa Clara,293558.1,217389.6,-76168.5
genx__stoch__prox__w1g30top-mean__monthhour,Fall,6087,Santa Cruz,34621.8,30259.4,-4362.4
genx__stoch__prox__w1g30top-mean__monthhour,Fall,6089,Shasta,15636.0,14762.6,-873.4
genx__stoch__prox__w1g30top-mean__monthhour,Fall,6091,Sierra,1914.1,1584.8,-329.3
genx__stoch__prox__w1g30top-mean__monthhour,Fall,6093,Siskiyou,11535.4,11535.4,0.0
genx__stoch__prox__w1g30top-mean__monthhour,Fall,6095,Solano,68337.3,53584.8,-14752.5
genx__stoch__prox__w1g30top-mean__monthhour,Fall,6097,Sonoma,61009.0,85928.4,24919.4
genx__stoch__prox__w1g30top-mean__monthhour,Fall,6099,Stanislaus,88857.9,89783.6,925.7
genx__stoch__prox__w1g30top-mean__monthhour,Fall,6101,Sutter,16038.3,30621.1,14582.8
genx__stoch__prox__w1g30top-mean__monthhour,Fall,6103,Tehama,8644.9,14351.0,5706.1
genx__stoch__prox__w1g30top-mean__monthhour,Fall,6105,Trinity,3623.3,3425.7,-197.6
genx__stoch__prox__w1g30top-mean__monthhour,Fall,6107,Tulare,56367.6,101092.9,44725.3
genx__stoch__prox__w1g30top-mean__monthhour,Fall,6109,Tuolumne,7893.7,8647.6,753.9
genx__stoch__prox__w1g30top-mean__monthhour,Fall,6111,Ventura,114199.3,121224.1,7024.8
genx__stoch__prox__w1g30top-mean__monthhour,Fall,6113,Yolo,33734.9,35016.8,1281.9
genx__stoch__prox__w1g30top-mean__monthhour,Fall,6115,Yuba,11663.3,10160.6,-1502.7
genx__stoch__prox__w2-d0__monthhour,Fall,6001,Alameda,241447.5,183654.4,-57793.1
genx__stoch__prox__w2-d0__monthhour,Fall,6003,Alpine,3799.0,16.9,-3782.1
genx__stoch__prox__w2-d0__monthhour,Fall,6005,Amador,6407.0,6307.7,-99.3
genx__stoch__prox__w2-d0__monthhour,Fall,6007,Butte,29336.8,36361.3,7024.5
genx__stoch__prox__w2-d0__monthhour,Fall,6009,Calaveras,2297.4,3098.4,801.0
genx__stoch__prox__w2-d0__monthhour,Fall,6011,Colusa,4970.0,6609.2,1639.2
genx__stoch__prox__w2-d0__monthhour,Fall,6013,Contra Costa,189490.4,171076.3,-18414.1
genx__stoch__prox__w2-d0__monthhour,Fall,6017,El Dorado,12689.5,16668.4,3978.9
genx__stoch__prox__w2-d0__monthhour,Fall,6019,Fresno,118180.1,153999.5,35819.4
genx__stoch__prox__w2-d0__monthhour,Fall,6021,Glenn,8204.0,6266.5,-1937.5
genx__stoch__prox__w2-d0__monthhour,Fall,6023,Humboldt,13703.0,12165.0,-1538.0
genx__stoch__prox__w2-d0__monthhour,Fall,6025,Imperial,20657.3,20657.3,0.0
genx__stoch__prox__w2-d0__monthhour,Fall,6027,Inyo,20441.0,7679.5,-12761.5
genx__stoch__prox__w2-d0__monthhour,Fall,6029,Kern,153691.7,159455.1,5763.4
genx__stoch__prox__w2-d0__monthhour,Fall,6031,Kings,26360.3,30584.6,4224.3
genx__stoch__prox__w2-d0__monthhour,Fall,6033,Lake,10862.7,12233.5,1370.8
genx__stoch__prox__w2-d0__monthhour,Fall,6035,Lassen,9863.7,10051.5,187.8
genx__stoch__prox__w2-d0__monthhour,Fall,6037,Los Angeles,1219050.9,1143471.5,-75579.4
genx__stoch__prox__w2-d0__monthhour,Fall,6039,Madera,16609.5,47162.0,30552.5
genx__stoch__prox__w2-d0__monthhour,Fall,6041,Marin,37832.6,19901.2,-17931.4
genx__stoch__prox__w2-d0__monthhour,Fall,6043,Mariposa,1812.1,2195.7,383.6
genx__stoch__prox__w2-d0__monthhour,Fall,6045,Mendocino,13740.1,13221.2,-518.9
genx__stoch__prox__w2-d0__monthhour,Fall,6047,Merced,30256.7,40124.9,9868.2
genx__stoch__prox__w2-d0__monthhour,Fall,6049,Modoc,3285.1,3285.1,0.0
genx__stoch__prox__w2-d0__monthhour,Fall,6051,Mono,2057.1,2375.1,318.0
genx__stoch__prox__w2-d0__monthhour,Fall,6053,Monterey,46304.7,41777.8,-4526.9
genx__stoch__prox__w2-d0__monthhour,Fall,6055,Napa,21404.7,14761.0,-6643.7
genx__stoch__prox__w2-d0__monthhour,Fall,6057,Nevada,4727.9,7120.4,2392.5
genx__stoch__prox__w2-d0__monthhour,Fall,6059,Orange,328680.9,380717.1,52036.2
genx__stoch__prox__w2-d0__monthhour,Fall,6061,Placer,47789.3,51277.7,3488.4
genx__stoch__prox__w2-d0__monthhour,Fall,6063,Plumas,5119.6,3693.0,-1426.6
genx__stoch__prox__w2-d0__monthhour,Fall,6065,Riverside,183831.8,278594.0,94762.2
genx__stoch__prox__w2-d0__monthhour,Fall,6067,Sacramento,140049.0,142752.5,2703.5
genx__stoch__prox__w2-d0__monthhour,Fall,6069,San Benito,2982.4,6908.1,3925.7
genx__stoch__prox__w2-d0__monthhour,Fall,6071,San Bernardino,228541.3,338926.8,110385.5
genx__stoch__prox__w2-d0__monthhour,Fall,6073,San Diego,382531.6,368960.3,-13571.3
genx__stoch__prox__w2-d0__monthhour,Fall,6075,San Francisco,85248.5,39725.7,-45522.8
genx__stoch__prox__w2-d0__monthhour,Fall,6077,San Joaquin,146467.5,130300.6,-16166.9
genx__stoch__prox__w2-d0__monthhour,Fall,6079,San Luis Obispo,35010.9,22309.1,-12701.8
genx__stoch__prox__w2-d0__monthhour,Fall,6081,San Mateo,111035.4,81102.9,-29932.5
genx__stoch__prox__w2-d0__monthhour,Fall,6083,Santa Barbara,58888.4,60532.4,1644.0
genx__stoch__prox__w2-d0__monthhour,Fall,6085,Santa Clara,293558.1,248532.5,-45025.6
genx__stoch__prox__w2-d0__monthhour,Fall,6087,Santa Cruz,34621.8,23896.9,-10724.9
genx__stoch__prox__w2-d0__monthhour,Fall,6089,Shasta,15636.0,16611.3,975.3
genx__stoch__prox__w2-d0__monthhour,Fall,6091,Sierra,1914.1,1618.3,-295.8
genx__stoch__prox__w2-d0__monthhour,Fall,6093,Siskiyou,11535.4,11535.4,0.0
genx__stoch__prox__w2-d0__monthhour,Fall,6095,Solano,68337.3,62123.2,-6214.1
genx__stoch__prox__w2-d0__monthhour,Fall,6097,Sonoma,61009.0,54593.2,-6415.8
genx__stoch__prox__w2-d0__monthhour,Fall,6099,Stanislaus,88857.9,92113.1,3255.2
genx__stoch__prox__w2-d0__monthhour,Fall,6101,Sutter,16038.3,17178.8,1140.5
genx__stoch__prox__w2-d0__monthhour,Fall,6103,Tehama,8644.9,6246.5,-2398.4
genx__stoch__prox__w2-d0__monthhour,Fall,6105,Trinity,3623.3,3484.3,-139.0
genx__stoch__prox__w2-d0__monthhour,Fall,6107,Tulare,56367.6,71737.7,15370.1
genx__stoch__prox__w2-d0__monthhour,Fall,6109,Tuolumne,7893.7,9909.3,2015.6
genx__stoch__prox__w2-d0__monthhour,Fall,6111,Ventura,114199.3,112007.3,-2192.0
genx__stoch__prox__w2-d0__monthhour,Fall,6113,Yolo,33734.9,31788.6,-1946.3
genx__stoch__prox__w2-d0__monthhour,Fall,6115,Yuba,11663.3,11836.7,173.4
genx__stoch__prox__w2-d1__monthhour,Fall,6001,Alameda,241447.5,182322.7,-59124.8
genx__stoch__prox__w2-d1__monthhour,Fall,6003,Alpine,3799.0,16.8,-3782.2
genx__stoch__prox__w2-d1__monthhour,Fall,6005,Amador,6407.0,6479.5,72.5
genx__stoch__prox__w2-d1__monthhour,Fall,6007,Butte,29336.8,36666.7,7329.9
genx__stoch__prox__w2-d1__monthhour,Fall,6009,Calaveras,2297.4,3168.6,871.2
genx__stoch__prox__w2-d1__monthhour,Fall,6011,Colusa,4970.0,6165.0,1195.0
genx__stoch__prox__w2-d1__monthhour,Fall,6013,Contra Costa,189490.4,168382.9,-21107.5
genx__stoch__prox__w2-d1__monthhour,Fall,6017,El Dorado,12689.5,15982.0,3292.5
genx__stoch__prox__w2-d1__monthhour,Fall,6019,Fresno,118180.1,152371.9,34191.8
genx__stoch__prox__w2-d1__monthhour,Fall,6021,Glenn,8204.0,6454.8,-1749.2
genx__stoch__prox__w2-d1__monthhour,Fall,6023,Humboldt,13703.0,12439.2,-1263.8
genx__stoch__prox__w2-d1__monthhour,Fall,6025,Imperial,20657.3,20657.3,0.0
genx__stoch__prox__w2-d1__monthhour,Fall,6027,Inyo,20441.0,7687.3,-12753.7
genx__stoch__prox__w2-d1__monthhour,Fall,6029,Kern,153691.7,160185.5,6493.8
genx__stoch__prox__w2-d1__monthhour,Fall,6031,Kings,26360.3,30914.7,4554.4
genx__stoch__prox__w2-d1__monthhour,Fall,6033,Lake,10862.7,11808.5,945.8
genx__stoch__prox__w2-d1__monthhour,Fall,6035,Lassen,9863.7,10050.4,186.7
genx__stoch__prox__w2-d1__monthhour,Fall,6037,Los Angeles,1219050.9,1152055.9,-66995.0
genx__stoch__prox__w2-d1__monthhour,Fall,6039,Madera,16609.5,44329.9,27720.4
genx__stoch__prox__w2-d1__monthhour,Fall,6041,Marin,37832.6,19978.0,-17854.6
genx__stoch__prox__w2-d1__monthhour,Fall,6043,Mariposa,1812.1,2148.1,336.0
genx__stoch__prox__w2-d1__monthhour,Fall,6045,Mendocino,13740.1,13406.9,-333.2
genx__stoch__prox__w2-d1__monthhour,Fall,6047,Merced,30256.7,39728.9,9472.2
genx__stoch__prox__w2-d1__monthhour,Fall,6049,Modoc,3285.1,3285.1,0.0
genx__stoch__prox__w2-d1__monthhour,Fall,6051,Mono,2057.1,2454.9,397.8
genx__stoch__prox__w2-d1__monthhour,Fall,6053,Monterey,46304.7,41418.6,-4886.1
genx__stoch__prox__w2-d1__monthhour,Fall,6055,Napa,21404.7,14931.1,-6473.6
genx__stoch__prox__w2-d1__monthhour,Fall,6057,Nevada,4727.9,6894.1,2166.2
genx__stoch__prox__w2-d1__monthhour,Fall,6059,Orange,328680.9,381878.1,53197.2
genx__stoch__prox__w2-d1__monthhour,Fall,6061,Placer,47789.3,51607.7,3818.4
genx__stoch__prox__w2-d1__monthhour,Fall,6063,Plumas,5119.6,3715.4,-1404.2
genx__stoch__prox__w2-d1__monthhour,Fall,6065,Riverside,183831.8,273086.2,89254.4
genx__stoch__prox__w2-d1__monthhour,Fall,6067,Sacramento,140049.0,144245.4,4196.4
genx__stoch__prox__w2-d1__monthhour,Fall,6069,San Benito,2982.4,7172.6,4190.2
genx__stoch__prox__w2-d1__monthhour,Fall,6071,San Bernardino,228541.3,335814.8,107273.5
genx__stoch__prox__w2-d1__monthhour,Fall,6073,San Diego,382531.6,369609.1,-12922.5
genx__stoch__prox__w2-d1__monthhour,Fall,6075,San Francisco,85248.5,40979.4,-44269.1
genx__stoch__prox__w2-d1__monthhour,Fall,6077,San Joaquin,146467.5,130523.8,-15943.7
genx__stoch__prox__w2-d1__monthhour,Fall,6079,San Luis Obispo,35010.9,22277.5,-12733.4
genx__stoch__prox__w2-d1__monthhour,Fall,6081,San Mateo,111035.4,82231.7,-28803.7
genx__stoch__prox__w2-d1__monthhour,Fall,6083,Santa Barbara,58888.4,61444.1,2555.7
genx__stoch__prox__w2-d1__monthhour,Fall,6085,Santa Clara,293558.1,248425.8,-45132.3
genx__stoch__prox__w2-d1__monthhour,Fall,6087,Santa Cruz,34621.8,23440.4,-11181.4
genx__stoch__prox__w2-d1__monthhour,Fall,6089,Shasta,15636.0,16700.3,1064.3
genx__stoch__prox__w2-d1__monthhour,Fall,6091,Sierra,1914.1,1618.4,-295.7
genx__stoch__prox__w2-d1__monthhour,Fall,6093,Siskiyou,11535.4,11535.4,0.0
genx__stoch__prox__w2-d1__monthhour,Fall,6095,Solano,68337.3,63169.7,-5167.6
genx__stoch__prox__w2-d1__monthhour,Fall,6097,Sonoma,61009.0,55033.3,-5975.7
genx__stoch__prox__w2-d1__monthhour,Fall,6099,Stanislaus,88857.9,92135.4,3277.5
genx__stoch__prox__w2-d1__monthhour,Fall,6101,Sutter,16038.3,17168.8,1130.5
genx__stoch__prox__w2-d1__monthhour,Fall,6103,Tehama,8644.9,5932.5,-2712.4
genx__stoch__prox__w2-d1__monthhour,Fall,6105,Trinity,3623.3,3492.9,-130.4
genx__stoch__prox__w2-d1__monthhour,Fall,6107,Tulare,56367.6,72254.0,15886.4
genx__stoch__prox__w2-d1__monthhour,Fall,6109,Tuolumne,7893.7,10646.4,2752.7
genx__stoch__prox__w2-d1__monthhour,Fall,6111,Ventura,114199.3,109996.3,-4203.0
genx__stoch__prox__w2-d1__monthhour,Fall,6113,Yolo,33734.9,32168.9,-1566.0
genx__stoch__prox__w2-d1__monthhour,Fall,6115,Yuba,11663.3,12604.7,941.4
genx__stoch__prox__w2-d2__monthhour,Fall,6001,Alameda,241447.5,182100.5,-59347.0
genx__stoch__prox__w2-d2__monthhour,Fall,6003,Alpine,3799.0,19.8,-3779.2
genx__stoch__prox__w2-d2__monthhour,Fall,6005,Amador,6407.0,6364.2,-42.8
genx__stoch__prox__w2-d2__monthhour,Fall,6007,Butte,29336.8,36647.7,7310.9
genx__stoch__prox__w2-d2__monthhour,Fall,6009,Calaveras,2297.4,3300.9,1003.5
genx__stoch__prox__w2-d2__monthhour,Fall,6011,Colusa,4970.0,6087.3,1117.3
genx__stoch__prox__w2-d2__monthhour,Fall,6013,Contra Costa,189490.4,169929.2,-19561.2
genx__stoch__prox__w2-d2__monthhour,Fall,6017,El Dorado,12689.5,16540.2,3850.7
genx__stoch__prox__w2-d2__monthhour,Fall,6019,Fresno,118180.1,149358.1,31178.0
genx__stoch__prox__w2-d2__monthhour,Fall,6021,Glenn,8204.0,6292.9,-1911.1
genx__stoch__prox__w2-d2__monthhour,Fall,6023,Humboldt,13703.0,12334.0,-1369.0
genx__stoch__prox__w2-d2__monthhour,Fall,6025,Imperial,20657.3,20657.3,0.0
genx__stoch__prox__w2-d2__monthhour,Fall,6027,Inyo,20441.0,7599.3,-12841.7
genx__stoch__prox__w2-d2__monthhour,Fall,6029,Kern,153691.7,163003.6,9311.9
genx__stoch__prox__w2-d2__monthhour,Fall,6031,Kings,26360.3,29961.8,3601.5
genx__stoch__prox__w2-d2__monthhour,Fall,6033,Lake,10862.7,12274.8,1412.1
genx__stoch__prox__w2-d2__monthhour,Fall,6035,Lassen,9863.7,10054.4,190.7
genx__stoch__prox__w2-d2__monthhour,Fall,6037,Los Angeles,1219050.9,1142787.1,-76263.8
genx__stoch__prox__w2-d2__monthhour,Fall,6039,Madera,16609.5,42695.3,26085.8
genx__stoch__prox__w2-d2__monthhour,Fall,6041,Marin,37832.6,20626.0,-17206.6
genx__stoch__prox__w2-d2__monthhour,Fall,6043,Mariposa,1812.1,2132.5,320.4
genx__stoch__prox__w2-d2__monthhour,Fall,6045,Mendocino,13740.1,13165.2,-574.9
genx__stoch__prox__w2-d2__monthhour,Fall,6047,Merced,30256.7,39788.9,9532.2
genx__stoch__prox__w2-d2__monthhour,Fall,6049,Modoc,3285.1,3285.1,0.0
genx__stoch__prox__w2-d2__monthhour,Fall,6051,Mono,2057.1,2428.7,371.6
genx__stoch__prox__w2-d2__monthhour,Fall,6053,Monterey,46304.7,41728.7,-4576.0
genx__stoch__prox__w2-d2__monthhour,Fall,6055,Napa,21404.7,14183.4,-7221.3
genx__stoch__prox__w2-d2__monthhour,Fall,6057,Nevada,4727.9,6840.9,2113.0
genx__stoch__prox__w2-d2__monthhour,Fall,6059,Orange,328680.9,374895.0,46214.1
genx__stoch__prox__w2-d2__monthhour,Fall,6061,Placer,47789.3,51362.8,3573.5
genx__stoch__prox__w2-d2__monthhour,Fall,6063,Plumas,5119.6,3712.2,-1407.4
genx__stoch__prox__w2-d2__monthhour,Fall,6065,Riverside,183831.8,283760.5,99928.7
genx__stoch__prox__w2-d2__monthhour,Fall,6067,Sacramento,140049.0,144155.2,4106.2
genx__stoch__prox__w2-d2__monthhour,Fall,6069,San Benito,2982.4,7038.1,4055.7
genx__stoch__prox__w2-d2__monthhour,Fall,6071,San Bernardino,228541.3,333760.2,105218.9
genx__stoch__prox__w2-d2__monthhour,Fall,6073,San Diego,382531.6,376867.1,-5664.5
genx__stoch__prox__w2-d2__monthhour,Fall,6075,San Francisco,85248.5,39397.6,-45850.9
genx__stoch__prox__w2-d2__monthhour,Fall,6077,San Joaquin,146467.5,132101.2,-14366.3
genx__stoch__prox__w2-d2__monthhour,Fall,6079,San Luis Obispo,35010.9,22658.9,-12352.0
genx__stoch__prox__w2-d2__monthhour,Fall,6081,San Mateo,111035.4,83085.3,-27950.1
genx__stoch__prox__w2-d2__monthhour,Fall,6083,Santa Barbara,58888.4,61119.6,2231.2
genx__stoch__prox__w2-d2__monthhour,Fall,6085,Santa Clara,293558.1,247116.2,-46441.9
genx__stoch__prox__w2-d2__monthhour,Fall,6087,Santa Cruz,34621.8,24533.2,-10088.6
genx__stoch__prox__w2-d2__monthhour,Fall,6089,Shasta,15636.0,16668.5,1032.5
genx__stoch__prox__w2-d2__monthhour,Fall,6091,Sierra,1914.1,1623.8,-290.3
genx__stoch__prox__w2-d2__monthhour,Fall,6093,Siskiyou,11535.4,11535.4,0.0
genx__stoch__prox__w2-d2__monthhour,Fall,6095,Solano,68337.3,63753.8,-4583.5
genx__stoch__prox__w2-d2__monthhour,Fall,6097,Sonoma,61009.0,55666.3,-5342.7
genx__stoch__prox__w2-d2__monthhour,Fall,6099,Stanislaus,88857.9,92451.3,3593.4
genx__stoch__prox__w2-d2__monthhour,Fall,6101,Sutter,16038.3,17711.9,1673.6
genx__stoch__prox__w2-d2__monthhour,Fall,6103,Tehama,8644.9,5749.0,-2895.9
genx__stoch__prox__w2-d2__monthhour,Fall,6105,Trinity,3623.3,3496.6,-126.7
genx__stoch__prox__w2-d2__monthhour,Fall,6107,Tulare,56367.6,72157.7,15790.1
genx__stoch__prox__w2-d2__monthhour,Fall,6109,Tuolumne,7893.7,10019.4,2125.7
genx__stoch__prox__w2-d2__monthhour,Fall,6111,Ventura,114199.3,109560.2,-4639.1
genx__stoch__prox__w2-d2__monthhour,Fall,6113,Yolo,33734.9,32671.6,-1063.3
genx__stoch__prox__w2-d2__monthhour,Fall,6115,Yuba,11663.3,12477.9,814.6
genx__stoch__prox__w2-mean__monthhour,Fall,6001,Alameda,241447.5,183274.9,-58172.6
genx__stoch__prox__w2-mean__monthhour,Fall,6003,Alpine,3799.0,17.0,-3782.0
genx__stoch__prox__w2-mean__monthhour,Fall,6005,Amador,6407.0,6403.1,-3.9
genx__stoch__prox__w2-mean__monthhour,Fall,6007,Butte,29336.8,36612.4,7275.6
genx__stoch__prox__w2-mean__monthhour,Fall,6009,Calaveras,2297.4,3228.8,931.4
genx__stoch__prox__w2-mean__monthhour,Fall,6011,Colusa,4970.0,6301.4,1331.4
genx__stoch__prox__w2-mean__monthhour,Fall,6013,Contra Costa,189490.4,169075.7,-20414.7
genx__stoch__prox__w2-mean__monthhour,Fall,6017,El Dorado,12689.5,16412.4,3722.9
genx__stoch__prox__w2-mean__monthhour,Fall,6019,Fresno,118180.1,150238.6,32058.5
genx__stoch__prox__w2-mean__monthhour,Fall,6021,Glenn,8204.0,6271.9,-1932.1
genx__stoch__prox__w2-mean__monthhour,Fall,6023,Humboldt,13703.0,12250.2,-1452.8
genx__stoch__prox__w2-mean__monthhour,Fall,6025,Imperial,20657.3,20657.3,0.0
genx__stoch__prox__w2-mean__monthhour,Fall,6027,Inyo,20441.0,7638.8,-12802.2
genx__stoch__prox__w2-mean__monthhour,Fall,6029,Kern,153691.7,160201.2,6509.5
genx__stoch__prox__w2-mean__monthhour,Fall,6031,Kings,26360.3,30225.9,3865.6
genx__stoch__prox__w2-mean__monthhour,Fall,6033,Lake,10862.7,12104.9,1242.2
genx__stoch__prox__w2-mean__monthhour,Fall,6035,Lassen,9863.7,10061.3,197.6
genx__stoch__prox__w2-mean__monthhour,Fall,6037,Los Angeles,1219050.9,1147074.7,-71976.2
genx__stoch__prox__w2-mean__monthhour,Fall,6039,Madera,16609.5,44696.8,28087.3
genx__stoch__prox__w2-mean__monthhour,Fall,6041,Marin,37832.6,20198.0,-17634.6
genx__stoch__prox__w2-mean__monthhour,Fall,6043,Mariposa,1812.1,2157.9,345.8
genx__stoch__prox__w2-mean__monthhour,Fall,6045,Mendocino,13740.1,13247.9,-492.2
genx__stoch__prox__w2-mean__monthhour,Fall,6047,Merced,30256.7,39681.5,9424.8
genx__stoch__prox__w2-mean__monthhour,Fall,6049,Modoc,3285.1,3285.1,0.0
genx__stoch__prox__w2-mean__monthhour,Fall,6051,Mono,2057.1,2424.6,367.5
genx__stoch__prox__w2-mean__monthhour,Fall,6053,Monterey,46304.7,41334.0,-4970.7
genx__stoch__prox__w2-mean__monthhour,Fall,6055,Napa,21404.7,14713.4,-6691.3
genx__stoch__prox__w2-mean__monthhour,Fall,6057,Nevada,4727.9,6879.5,2151.6
genx__stoch__prox__w2-mean__monthhour,Fall,6059,Orange,328680.9,379393.3,50712.4
genx__stoch__prox__w2-mean__monthhour,Fall,6061,Placer,47789.3,51658.3,3869.0
genx__stoch__prox__w2-mean__monthhour,Fall,6063,Plumas,5119.6,3703.6,-1416.0
genx__stoch__prox__w2-mean__monthhour,Fall,6065,Riverside,183831.8,279545.2,95713.4
genx__stoch__prox__w2-mean__monthhour,Fall,6067,Sacramento,140049.0,143869.1,3820.1
genx__stoch__prox__w2-mean__monthhour,Fall,6069,San Benito,2982.4,6861.4,3879.0
genx__stoch__prox__w2-mean__monthhour,Fall,6071,San Bernardino,228541.3,336807.0,108265.7
genx__stoch__prox__w2-mean__monthhour,Fall,6073,San Diego,382531.6,371921.8,-10609.8
genx__stoch__prox__w2-mean__monthhour,Fall,6075,San Francisco,85248.5,39933.5,-45315.0
genx__stoch__prox__w2-mean__monthhour,Fall,6077,San Joaquin,146467.5,131067.5,-15400.0
genx__stoch__prox__w2-mean__monthhour,Fall,6079,San Luis Obispo,35010.9,22189.4,-12821.5
genx__stoch__prox__w2-mean__monthhour,Fall,6081,San Mateo,111035.4,81776.5,-29258.9
genx__stoch__prox__w2-mean__monthhour,Fall,6083,Santa Barbara,58888.4,61130.9,2242.5
genx__stoch__prox__w2-mean__monthhour,Fall,6085,Santa Clara,293558.1,248258.0,-45300.1
genx__stoch__prox__w2-mean__monthhour,Fall,6087,Santa Cruz,34621.8,24048.7,-10573.1
genx__stoch__prox__w2-mean__monthhour,Fall,6089,Shasta,15636.0,16668.9,1032.9
genx__stoch__prox__w2-mean__monthhour,Fall,6091,Sierra,1914.1,1619.3,-294.8
genx__stoch__prox__w2-mean__monthhour,Fall,6093,Siskiyou,11535.4,11535.4,0.0
genx__stoch__prox__w2-mean__monthhour,Fall,6095,Solano,68337.3,63107.8,-5229.5
genx__stoch__prox__w2-mean__monthhour,Fall,6097,Sonoma,61009.0,54926.2,-6082.8
genx__stoch__prox__w2-mean__monthhour,Fall,6099,Stanislaus,88857.9,92376.9,3519.0
genx__stoch__prox__w2-mean__monthhour,Fall,6101,Sutter,16038.3,17300.7,1262.4
genx__stoch__prox__w2-mean__monthhour,Fall,6103,Tehama,8644.9,5999.9,-2645.0
genx__stoch__prox__w2-mean__monthhour,Fall,6105,Trinity,3623.3,3486.8,-136.5
genx__stoch__prox__w2-mean__monthhour,Fall,6107,Tulare,56367.6,71937.1,15569.5
genx__stoch__prox__w2-mean__monthhour,Fall,6109,Tuolumne,7893.7,10317.3,2423.6
genx__stoch__prox__w2-mean__monthhour,Fall,6111,Ventura,114199.3,110494.6,-3704.7
genx__stoch__prox__w2-mean__monthhour,Fall,6113,Yolo,33734.9,32329.4,-1405.5
genx__stoch__prox__w2-mean__monthhour,Fall,6115,Yuba,11663.3,12360.6,697.3
