osm_display_name,osm_original_name,osm_operator,match_type,match_source,match_util,matched_name,dist_km,osm_lat,osm_lon,osm_id,osm_type
21st Avenue Substation,21st Avenue Substation,,name,IOU,pge,21ST AVENUE,,37.7543759,-122.478269,4199809190,node
Airways Substation,Airways Substation,,name,IOU,pge,AIRWAYS,,36.7780639,-119.6742071,1244213586,way
Almaden Substation,Almaden Substation,,name,IOU,pge,ALMADEN,,37.2600109,-121.8900095,42330936,way
Alto Substation,Alto Substation,PACIFIC GAS AND ELECTRIC COMPANY,name,IOU,pge,ALTO,,37.8984659,-122.5247928,33046902,way
Ames Substation,Ames Substation,Pacific Gas and Electric Company,name,IOU,pge,AMES,,37.4178138,-122.0671333,4630372,way
Antelope Substation,Antelope Substation,Southern California Edison,name,IOU,pge,ANTELOPE,,34.6858079,-118.2981161,88776835,way
Apple Hill Substation,Apple Hill Substation,,name,IOU,pge,APPLE HILL,,38.7395774,-120.6771808,407071702,way
Arlington Substation,Arlington Substation,Pacific Gas and Electric,name,IOU,pge,ARLINGTON,,37.8889274,-122.2729527,203316814,way
Atascadero Substation,Atascadero Substation,Pacific Gas and Electric Company,name,IOU,pge,ATASCADERO,,35.4654985,-120.6714647,328033894,way
Atwater Substation,Atwater Substation,Pacific Gas and Electric Company,name,IOU,pge,ATWATER,,37.3599247,-120.6153156,79176968,way
Avena Substation,Avena Substation,Pacific Gas and Electric Company,name,IOU,pge,AVENA,,37.8422554,-121.0542003,152352986,way
Babel Substation,Babel Substation,Pacific Gas and Electric Company,name,IOU,pge,BABEL,,37.9632356,-122.00797,1180910602,way
Bahia Substation,Bahia Substation,,name,IOU,pge,BAHIA,,38.0808738,-122.1374133,33068219,way
Baywood,Baywood,Pacific Gas and Electric Company,name,IOU,pge,BAYWOOD,,35.361187,-120.8114355,328033895,way
Bell Substation,Bell Substation,Pacific Gas and Electric Company,name,IOU,pge,BELL,,38.9467901,-121.0916489,103099270,way
Bellevue Substation,Bellevue Substation,Pacific Gas and Electric Company,name,IOU,pge,BELLEVUE,,38.3788375,-122.7125989,532629908,way
Belmont Substation,Belmont Substation,,name,IOU,pge,BELMONT,0.059,37.5234406,-122.2653026,112285108,way
Belmont Substation,Belmont Substation,,name,IOU,pge,BELMONT,500.852,41.7730531,-124.2078825,1128122696,way
Berkeley F Substation,Berkeley F Substation,Pacific Gas and Electric,name,IOU,pge,BERKELEY F,,37.872389,-122.2783135,606154506,way
Berkeley T Substation,Berkeley T Substation,Pacific Gas and Electric,name,IOU,pge,BERKELEY T,,37.8645452,-122.2588201,1354978003,way
Big Basin Substation,Big Basin Substation,,name,IOU,pge,BIG BASIN,,37.1308309,-122.1721521,209242166,way
Big Bend Substation,Big Bend Substation,,name,IOU,pge,BIG BEND,,35.15819,-114.581651,81737508,way
Big Meadows Substation,Big Meadows Substation,,name,IOU,pge,BIG MEADOWS,,40.1713705,-121.085304,896330856,way
Blue Lake Substation,Blue Lake Substation,Pacific Gas and Electric Company,name,IOU,pge,BLUE LAKE,,40.8798024,-123.9805789,1188009742,way
Bogue Substation,Bogue Substation,Pacific Gas and Electric Company,name,IOU,pge,BOGUE,,39.0959089,-121.6239833,86573554,way
Bonnie Nook Substation,Bonnie Nook Substation,,name,IOU,pge,BONNIE NOOK,,39.214658,-120.8093116,104478837,way
Brentwood Substation,Brentwood Substation,Pacific Gas and Electric Company,name,IOU,pge,BRENTWOOD,,37.919021,-121.6767952,92633578,way
Brunswick,Brunswick,,name,IOU,pge,BRUNSWICK,,39.1889009,-119.6969991,170362835,way
Brunswick Substation,Brunswick Substation,Pacific Gas and Electric Company,name,IOU,pge,BRUNSWICK,,39.2309958,-121.0349806,85069428,way
Burney Substation,Burney Substation,,name,IOU,pge,BURNEY,,40.8879327,-121.6710537,1279994315,way
Burns Substation,Burns Substation,,name,IOU,pge,BURNS,,37.0952985,-122.1442443,266284681,way
Cabrillo Substation,Cabrillo Substation,,name,IOU,pge,CABRILLO,0.013,34.6432014,-120.4372204,508412939,way
Calistoga Substation,Calistoga Substation,Pacific Gas and Electric Company,name,IOU,pge,CALISTOGA,,38.592075,-122.5785818,746876905,way
Camp Evers Substation,Camp Evers Substation,,name,IOU,pge,CAMP EVERS,,37.0418309,-122.0252619,37723084,way
Caruthers Substation,Caruthers Substation,Pacific Gas and Electric Company,name,IOU,pge,CARUTHERS,,36.5321389,-119.8816492,1527996414,way
Castro Valley Substation,Castro Valley Substation,Pacific Gas and Electric Company,name,IOU,pge,CASTRO VALLEY,,37.6913316,-122.0611153,103260059,way
Cayetano Substation,Cayetano Substation,Pacific Gas and Electric Company,name,IOU,pge,CAYETANO,,37.7385208,-121.7712233,1006624965,way
Cayucos,Cayucos,Pacific Gas and Electric Company,name,IOU,pge,CAYUCOS,,35.448736,-120.8703178,328028425,way
Charca Substation,Charca Substation,Pacific Gas and Electric,name,IOU,pge,CHARCA,,35.6081967,-119.3252475,176726311,way
Chester Substation,Chester Substation,,name,IOU,pge,CHESTER,,40.3025291,-121.2270228,1421948088,way
Cholame,Cholame,Pacific Gas and Electric Company,name,IOU,pge,CHOLAME,,35.6865318,-120.3362128,328043953,way
Clarksville Substation,Clarksville Substation,Pacific Gas and Electric Company,name,IOU,pge,CLARKSVILLE,,38.655735,-121.0594484,32794290,way
Clayton Substation,Clayton Substation,Pacific Gas and Electric Company,name,IOU,pge,CLAYTON,,37.9443397,-121.969202,35763387,way
Clear Lake Substation,Clear Lake Substation,,name,IOU,pge,CLEAR LAKE,,41.7047565,-121.2766611,177409006,way
Contra Costa Substation,Contra Costa Substation,Pacific Gas and Electric Company,name,IOU,pge,CONTRA COSTA,,37.9993561,-121.7824183,35798740,way
Coppermine Substation,Coppermine Substation,Pacific Gas and Electric,name,IOU,pge,COPPERMINE,,36.8958053,-119.664547,169516713,way
Corcoran Substation,Corcoran Substation,Pacific Gas and Electric Company,name,IOU,pge,CORCORAN,,36.109471,-119.5576041,828024039,way
Cordelia Substation,Cordelia Substation,Pacific Gas and Electric Company,name,IOU,pge,CORDELIA,,38.2159051,-122.1123865,1278236495,way
Cortina Substation,Cortina Substation,,name,IOU,pge,CORTINA,,39.1206016,-122.2231973,24388861,way
Cotati Substation,Cotati Substation,Pacific Gas and Electric Company,name,IOU,pge,COTATI,,38.3095848,-122.7316423,253731890,way
Cottle Substation,Cottle Substation,Pacific Gas and Electric Company,name,IOU,pge,COTTLE,,37.7725291,-120.8264774,79249627,way
Cottonwood Substation,Cottonwood Substation,Pacific Gas and Electric Company,name,IOU,pge,COTTONWOOD,0.260,40.3979023,-122.2642981,93128755,way
Crows Landing Substation,Crows Landing Substation,TID,name,IOU,pge,CROWS LANDING,,37.6091235,-120.9928555,1484070421,way
Daly City Substation,Daly City Substation,Pacific Gas and Electric Company,name,IOU,pge,DALY CITY,,37.6917506,-122.4559637,30636431,way
Davis Substation,Davis Substation,Pacific Gas and Electric Company,name,IOU,pge,DAVIS,,38.5451944,-121.7340935,32547487,way
Davis Substation,Davis Substation,Port of Oakland Harbor Utilities,name,IOU,pge,DAVIS,,37.8090214,-122.3126984,280308288,way
Deepwater Substation,Deepwater Substation,Pacific Gas and Electric Company,name,IOU,pge,DEEPWATER,,38.5515846,-121.5598716,37003386,way
Del Mar Substation,Del Mar Substation,Pacific Gas and Electric,name,IOU,pge,DEL MAR,0.015,38.7987662,-121.221322,96637908,way
Diamond Springs Substation,Diamond Springs Substation,Pacific Gas and Electric,name,IOU,pge,DIAMOND SPRINGS,,38.6933241,-120.8258859,149817768,way
Dixon Substation,Dixon Substation,Pacific Gas and Electric Company,name,IOU,pge,DIXON,,38.4449851,-121.8262386,1094966789,way
Dumbarton Substation,Dumbarton Substation,Pacific Gas and Electric Company,name,IOU,pge,DUMBARTON,,37.5570702,-122.0578829,59470569,way
East Grand Substation,East Grand Substation,Pacific Gas and Electric Company,name,IOU,pge,EAST GRAND,,37.6533808,-122.4030565,25797771,way
East Marysville Substation,East Marysville Substation,Pacific Gas and Electric Company,name,IOU,pge,EAST MARYSVILLE,,39.1634541,-121.5611959,86803024,way
East Nicolaus Substation,East Nicolaus Substation,Pacific Gas and Electric Company,name,IOU,pge,EAST NICOLAUS,,38.9097437,-121.5424907,86463530,way
Edenvale,Edenvale,Pacific Gas and Electric Company,name,IOU,pge,EDENVALE,,37.2446077,-121.795775,23823577,way
Edes Substation,Edes Substation,Pacific Gas and Electric,name,IOU,pge,EDES,,37.738557,-122.1937797,181389084,way
Eight Mile Substation,Eight Mile Substation,Pacific Gas and Electric Company,name,IOU,pge,EIGHT MILE,,38.058747,-121.3768414,24064886,way
El Cerrito G Substation,El Cerrito G Substation,Pacific Gas and Electric Company,name,IOU,pge,EL CERRITO G,,37.9162218,-122.3025375,43951315,way
El Patio Substation,El Patio Substation,Pacific Gas and Electric Company,name,IOU,pge,EL PATIO,,37.2916636,-121.9356896,117401235,way
Electra Substation,Electra Substation,Pacific Gas and Electric Company,name,IOU,pge,ELECTRA,,38.3315645,-120.6697458,1059983334,way
Elk Substation,Elk Substation,Pacific Gas and Electric Company,name,IOU,pge,ELK,,39.1293206,-123.7117919,1426769638,way
Emerald Lake Substation,Emerald Lake Substation,Pacific Gas and Electric Company,name,IOU,pge,EMERALD LAKE,,37.4616278,-122.2773497,807379856,way
ERTA Substation,ERTA Substation,,name,IOU,pge,ERTA,,36.9304959,-121.7642412,177526173,way
Fairmount Substation,Fairmount Substation,Pacific Gas and Electric,name,IOU,pge,FAIRMOUNT,,37.9021481,-122.2966647,757812163,way
Florence Substation,Florence Substation,Pacific Gas and Electric Company,name,IOU,pge,FLORENCE,,37.8364445,-122.220185,986835505,way
FMC Substation,FMC Substation,Pacific Gas and Electric Company,name,IOU,pge,FMC,,37.3472911,-121.921986,120359075,way
Foothill,Foothill,Pacific Gas and Electric Company,name,IOU,pge,FOOTHILL,,35.2866839,-120.7058811,328033896,way
Foothill Substation,Foothill Substation,Sacramento Municipal Utility District,name,IOU,pge,FOOTHILL,,38.6933668,-121.3473318,37112796,way
Franklin Substation,Franklin Substation,Pacific Gas and Electric Company,name,IOU,pge,FRANKLIN,,38.0121178,-122.264314,106479491,way
Franklin Substation,Franklin Substation,Sacramento Municipal Utility District,name,IOU,pge,FRANKLIN,,38.3745453,-121.4527759,968247269,way
Fremont Substation,Fremont Substation,Pacific Gas and Electric Company,name,IOU,pge,FREMONT,0.050,37.5413724,-121.9619995,51710408,way
French Camp Substation,French Camp Substation,Pacific Gas and Electric Company,name,IOU,pge,FRENCH CAMP,,37.8820813,-121.2904274,1493622955,way
Fulton Substation,Fulton Substation,Pacific Gas and Electric Company,name,IOU,pge,FULTON,,38.4977484,-122.7605687,170490300,way
Gates Substation,Gates Substation,Pacific Gas and Electric Company,name,IOU,pge,GATES,,36.1413374,-120.1256622,93251033,way
Gill Substation,Gill Substation,Pacific Gas and Electric Company,name,IOU,pge,GILL,,37.986802,-122.0403362,1180910603,way
Glenn Substation,Glenn Substation,Pacific Gas and Electric Company,name,IOU,pge,GLENN,,39.7778665,-122.1426369,181693250,way
Glenwood Substation,Glenwood Substation,Pacific Gas and Electric Company,name,IOU,pge,GLENWOOD,,37.4571649,-122.1869329,114438565,way
Goldtree,Goldtree,Pacific Gas and Electric Company,name,IOU,pge,GOLDTREE,,35.3199933,-120.6930975,328033897,way
Goldtree,Goldtree,Pacific Gas and Electric Company,name,IOU,pge,GOLDTREE,,35.3205354,-120.6931062,328033898,way
Goose Lake Substation,Goose Lake Substation,Pacific Gas and Electric Company,name,IOU,pge,GOOSE LAKE,,35.6016192,-119.5799622,1193280942,way
Goose Lake Substation,Goose Lake Substation,,name,IOU,pge,GOOSE LAKE,,41.487951,-120.5859538,1239524760,way
Grand Island Substation,Grand Island Substation,Pacific Gas and Electric Company,name,IOU,pge,GRAND ISLAND,,38.2315267,-121.5903858,405561526,way
Grant Substation,Grant Substation,Pacific Gas and Electric Company,name,IOU,pge,GRANT,,37.671444,-122.1595919,33111585,way
Grass Valley Substation,Grass Valley Substation,NV Energy,name,IOU,pge,GRASS VALLEY,,40.9343009,-117.7464607,1131099802,way
Green Valley Substation,Green Valley Substation,Pacific Gas and Electric Company,name,IOU,pge,GREEN VALLEY,,36.9520512,-121.7604186,24397698,way
Gustine Substation,Gustine Substation,Pacific Gas and Electric Company,name,IOU,pge,GUSTINE,,37.2531976,-121.0129501,167405005,way
Half Moon Bay Substation,Half Moon Bay Substation,Pacific Gas and Electric Company,name,IOU,pge,HALF MOON BAY,,37.4689833,-122.4302864,1039239470,way
Hamilton Branch Substation,Hamilton Branch Substation,,name,IOU,pge,HAMILTON BRANCH,,40.2693221,-121.0881158,1058982567,way
Harris Substation,Harris Substation,,name,IOU,pge,HARRIS,,35.143955,-114.0868115,82005353,way
Henrietta Substation,Henrietta Substation,Pacific Gas and Electric Company,name,IOU,pge,HENRIETTA,,36.2421264,-119.9028971,182604562,way
Hicks Substation,Hicks Substation,Pacific Gas and Electric Company,name,IOU,pge,HICKS,,37.2336481,-121.9007517,112568707,way
Higgins Substation,Higgins Substation,Pacific Gas and Electric Company,name,IOU,pge,HIGGINS,,39.043888,-121.0906728,125280729,way
Hollywood Substation,Hollywood Substation,Pacific Gas and Electric Company,name,IOU,pge,HOLLYWOOD,,37.8129138,-122.2187712,476592707,way
Honcut Substation,Honcut Substation,Pacific Gas and Electric Company,name,IOU,pge,HONCUT,,39.3205795,-121.5953056,230129938,way
Horseshoe Substation,Horseshoe Substation,Pacific Gas and Electric Company,name,IOU,pge,HORSESHOE,,38.7443011,-121.1616444,30036269,way
Ignacio Substation,Ignacio Substation,Pacific Gas and Electric Company,name,IOU,pge,IGNACIO,,38.0767942,-122.5403588,33046461,way
Jameson Substation,Jameson Substation,Pacific Gas and Electric Company,name,IOU,pge,JAMESON,,38.2054582,-122.1479338,35921570,way
Judah Substation,Judah Substation,Pacific Gas and Electric Company,name,IOU,pge,JUDAH,,37.760724,-122.4935932,19772604,relation
Knights Landing Substation,Knights Landing Substation,,name,IOU,pge,KNIGHTS LANDING,,38.8093438,-121.7452013,480789960,way
Lakeville Substation,Lakeville Substation,Pacific Gas and Electric Company,name,IOU,pge,LAKEVILLE,,38.2508462,-122.5810974,29426718,way
Lakewood Substation,Lakewood Substation,Pacific Gas and Electric Company,name,IOU,pge,LAKEWOOD,0.021,37.9086401,-122.0573841,35763516,way
Lammers Substation,Lammers Substation,Pacific Gas and Electric Company,name,IOU,pge,LAMMERS,,37.713103,-121.4778009,152390122,way
Las Positas Substation,Las Positas Substation,Pacific Gas and Electric Company,name,IOU,pge,LAS POSITAS,,37.7005872,-121.7334824,865190320,way
Las Pulgas Substation,Las Pulgas Substation,Pacific Gas and Electric Company,name,IOU,pge,LAS PULGAS,0.033,37.462898,-122.2278663,240585981,way
Lawrence Substation,Lawrence Substation,Pacific Gas and Electric Company,name,IOU,pge,LAWRENCE,,37.3273332,-121.9961505,392311411,way
Livermore Substation,Livermore Substation,Western Area Power Administration,name,IOU,pge,LIVERMORE,,37.6934358,-121.6951878,24283011,way
Lockeford Substation,Lockeford Substation,Pacific Gas and Electric Company,name,IOU,pge,LOCKEFORD,,38.1177245,-121.160115,151287400,way
Logan Creek Substation,Logan Creek Substation,,name,IOU,pge,LOGAN CREEK,,39.5395079,-122.2630176,181693225,way
Logan Creek Substation,Logan Creek Substation,Pacific Gas and Electric Company,name,IOU,pge,LOGAN CREEK,,39.5395079,-122.2630176,964460924,way
Lone Tree Substation,Lone Tree Substation,,name,IOU,pge,LONE TREE,,40.8196411,-117.2309008,163037209,way
Lone Tree Substation,Lone Tree Substation,Pacific Gas and Electric Company,name,IOU,pge,LONE TREE,,37.9461825,-121.7597517,1155654407,way
Los Ositos Substation,Los Ositos Substation,,name,IOU,pge,LOS OSITOS,,36.2937295,-121.2001133,233151744,way
Magunden Substation,Magunden Substation,Southern California Edison,name,IOU,pge,MAGUNDEN,,35.3611831,-118.9227967,168525615,way
Magunden Substation,Magunden Substation,Pacific Gas and Electric Company,name,IOU,pge,MAGUNDEN,,35.3620874,-118.9232947,1164918125,way
Manteca Substation,Manteca Substation,Pacific Gas and Electric Company,name,IOU,pge,MANTECA,,37.8009471,-121.2242723,152353500,way
Martell Substation,Martell Substation,Pacific Gas and Electric Company,name,IOU,pge,MARTELL,,38.3691227,-120.7967676,1276250545,way
Meadow Lane Substation,Meadow Lane Substation,Pacific Gas and Electric Company,name,IOU,pge,MEADOW LANE,,37.963166,-122.0522357,65501703,way
Mesa Substation,Mesa Substation,Pacific Gas and Electric Company,name,IOU,pge,MESA,0.080,35.0083488,-120.4530998,182102249,way
Midway Substation,Midway Substation,Pacific Gas and Electric Company,name,IOU,pge,MIDWAY,,35.4029429,-119.4522985,24333232,way
Midway Substation,Midway Substation,Imperial Irrigation District,name,IOU,pge,MIDWAY,,33.1922938,-115.4345258,166649170,way
Millbrae Substation,Millbrae Substation,Pacific Gas and Electric Company,name,IOU,pge,MILLBRAE,,37.6056261,-122.3915473,24606412,way
Milpitas Substation,Milpitas Substation,,name,IOU,pge,MILPITAS,,37.45755,-121.921329,120342208,way
Monroe Substation,Monroe Substation,Pacific Gas and Electric Company,name,IOU,pge,MONROE,,38.453201,-122.7442881,740851418,way
Montague Substation,Montague Substation,,name,IOU,pge,MONTAGUE,,37.415405,-121.8884658,120347589,way
Moraga Substation,Moraga Substation,Pacific Gas and Electric Company,name,IOU,pge,MORAGA,0.101,37.8477991,-122.1611735,33108052,way
Morgan Hill Substation,Morgan Hill Substation,Pacific Gas and Electric Company,name,IOU,pge,MORGAN HILL,,37.1267953,-121.6593936,61558067,way
Morro Bay,Morro Bay,Pacific Gas and Electric Company,name,IOU,pge,MORRO BAY,,35.3738781,-120.8555879,93420676,way
Mountain Quarries Substation,Mountain Quarries Substation,,name,IOU,pge,MOUNTAIN QUARRIES,,38.9139964,-121.0189791,7221425253,node
Mountain View Substation,Mountain View Substation,,name,IOU,pge,MOUNTAIN VIEW,,33.9608985,-117.4274578,1282256525,way
Newman Substation,Newman Substation,Pacific Gas and Electric Company,name,IOU,pge,NEWMAN,,37.3155776,-121.0148952,1464397566,way
Noriega Substation,Noriega Substation,,name,IOU,pge,NORIEGA,,37.7527565,-122.504766,4214350591,node
Nortech Substation,Nortech Substation,Pacific Gas and Electric Company,name,IOU,pge,NORTECH,,37.4205581,-121.9599446,539148054,way
North Dublin Substation,North Dublin Substation,Pacific Gas and Electric Company,name,IOU,pge,NORTH DUBLIN,,37.7447316,-121.857841,1006618935,way
North Tower Substation,North Tower Substation,Pacific Gas and Electric Company,name,IOU,pge,NORTH TOWER,,38.0662071,-122.1963036,59450840,way
Notre Dame Substation,Notre Dame Substation,Pacific Gas and Electric Company,name,IOU,pge,NOTRE DAME,,39.7302615,-121.796306,873098676,way
Oakland C Substation,Oakland C Substation,Pacific Gas and Electric Company,name,IOU,pge,OAKLAND C,,37.7973777,-122.2807519,47386641,way
Oakland C Substation,Oakland C Substation,Pacific Gas and Electric Company,name,IOU,pge,OAKLAND C,,37.7979031,-122.282143,47386656,way
Oakland D Substation,Oakland D Substation,Pacific Gas and Electric Company,name,IOU,pge,OAKLAND D,,37.8374161,-122.2635201,125686119,way
Oakland J Substation,Oakland J Substation,Pacific Gas and Electric Company,name,IOU,pge,OAKLAND J,,37.7630288,-122.2144359,540298861,way
Oakland L Substation,Oakland L Substation,Pacific Gas and Electric Company,name,IOU,pge,OAKLAND L,,37.8103041,-122.2715752,91164872,way
Oakland X Substation,Oakland X Substation,Pacific Gas and Electric Company,name,IOU,pge,OAKLAND X,,37.8053861,-122.2312754,112306422,way
Oceano,Oceano,Pacific Gas and Electric Company,name,IOU,pge,OCEANO,,35.101535,-120.5810329,328033899,way
Pacifica Substation,Pacifica Substation,Pacific Gas and Electric Company,name,IOU,pge,PACIFICA,,37.5948646,-122.4888897,1280081494,way
Panoche Substation,Panoche Substation,Pacific Gas and Electric Company,name,IOU,pge,PANOCHE,,36.6523145,-120.5815969,93288988,way
Paradise Substation,Paradise Substation,Pacific Gas and Electric Company,name,IOU,pge,PARADISE,0.037,39.7606558,-121.61888,1256348450,way
Parkway Substation,Parkway Substation,Pacific Gas and Electric Company,name,IOU,pge,PARKWAY,,38.1381217,-122.2091136,33068400,way
Paso Robles,Paso Robles,Pacific Gas and Electric Company,name,IOU,pge,PASO ROBLES,,35.6156318,-120.6795071,170833620,way
Paul Sweet Substation,Paul Sweet Substation,,name,IOU,pge,PAUL SWEET,,36.9923448,-121.982231,42637019,way
Peabody Substation,Peabody Substation,Pacific Gas and Electric Company,name,IOU,pge,PEABODY,,38.2854584,-121.9705143,36250573,way
Pease Substation,Pease Substation,Pacific Gas and Electric Company,name,IOU,pge,PEASE,,39.1698803,-121.6610022,885906120,way
Penngrove Substation,Penngrove Substation,Pacific Gas and Electric,name,IOU,pge,PENNGROVE,,38.3155347,-122.6811305,1168128542,way
Perry,Perry,Pacific Gas and Electric Company,name,IOU,pge,PERRY,0.053,35.5709061,-121.0554628,194519256,way
Petaluma A Substation,Petaluma A Substation,Pacific Gas and Electric Company,name,IOU,pge,PETALUMA A,,38.2341942,-122.6362627,195463430,way
Petaluma C Substation,Petaluma C Substation,Pacific Gas and Electric Company,name,IOU,pge,PETALUMA C,,38.2391457,-122.6367512,282914601,way
Piercy Substation,Piercy Substation,,name,IOU,pge,PIERCY,,37.2689282,-121.7873391,119409662,way
Pittsburg Substation,Pittsburg Substation,Pacific Gas and Electric Company,name,IOU,pge,PITTSBURG,,38.0369134,-121.8959532,35732660,way
Placer Substation,Placer Substation,Pacific Gas and Electric Company,name,IOU,pge,PLACER,,38.9013375,-121.0878295,98111153,way
Placerville Substation,Placerville Substation,Pacific Gas and Electric,name,IOU,pge,PLACERVILLE,,38.7309319,-120.783622,149814841,way
Plainfield Substation,Plainfield Substation,Pacific Gas and Electric Company,name,IOU,pge,PLAINFIELD,,38.6191848,-121.7942781,394806112,way
Pleasant Grove Substation,Pleasant Grove Substation,Pacific Gas and Electric Company,name,IOU,pge,PLEASANT GROVE,,38.8221004,-121.3065142,37121892,way
Pleasant Grove Substation,Pleasant Grove Substation,,name,IOU,pge,PLEASANT GROVE,,38.8220962,-121.3064317,188161327,way
Plymouth Substation,Plymouth Substation,Pacific Gas and Electric Company,name,IOU,pge,PLYMOUTH,,38.4807756,-120.8450034,1154090289,way
Putah Creek Substation,Putah Creek Substation,Pacific Gas and Electric Company,name,IOU,pge,PUTAH CREEK,,38.5230579,-121.9944302,34229001,way
Ralston Substation,Ralston Substation,Pacific Gas and Electric Company,name,IOU,pge,RALSTON,,37.5113456,-122.3401624,24657439,way
Red Bluff Substation,Red Bluff Substation,Southern California Edison,name,IOU,pge,RED BLUFF,,33.6988312,-115.3128761,507591114,way
Red Bluff Substation,Red Bluff Substation,,name,IOU,pge,RED BLUFF,,40.1825409,-122.2447371,1091125495,way
Ridge Substation,Ridge Substation,Pacific Gas and Electric Company,name,IOU,pge,RIDGE,,37.8850157,-122.255079,1417656191,way
Rincon Substation,Rincon Substation,Pacific Gas and Electric Company,name,IOU,pge,RINCON,0.018,38.4900526,-122.6661381,746876900,way
Ripon Substation,Ripon Substation,Pacific Gas and Electric Company,name,IOU,pge,RIPON,,37.7555913,-121.146377,837863258,way
Rising River Substation,Rising River Substation,,name,IOU,pge,RISING RIVER,,40.9290335,-121.5444409,507821441,way
Riverbank Substation,Riverbank Substation,Pacific Gas and Electric Company,name,IOU,pge,RIVERBANK,,37.7691581,-120.9077251,1272854599,way
Rob Roy Substation,Rob Roy Substation,,name,IOU,pge,ROB ROY,,36.9791983,-121.8672269,55143820,way
Rocklin Substation,Rocklin Substation,Pacific Gas and Electric,name,IOU,pge,ROCKLIN,,38.7879615,-121.2316975,96341992,way
Rossmoor Substation,Rossmoor Substation,Pacific Gas and Electric,name,IOU,pge,ROSSMOOR,,37.8646646,-122.0804497,606129587,way
Russell Substation,Russell Substation,PGE,name,IOU,pge,RUSSELL,,37.8544962,-122.2795273,12790430622,node
Russell Substation,Russell Substation,NV Energy,name,IOU,pge,RUSSELL,,36.0850662,-115.0861424,27786664,way
Salinas Substation,Salinas Substation,,name,IOU,pge,SALINAS,,36.6820576,-121.6514791,24397013,way
San Bruno Substation,San Bruno Substation,Pacific Gas and Electric Company,name,IOU,pge,SAN BRUNO,,37.6209528,-122.4250671,607516379,way
San Jose Substation B,San Jose Substation B,Pacific Gas and Electric Company,name,IOU,pge,SAN JOSE B,,37.3409379,-121.9014665,24168995,way
San Leandro U Substation,San Leandro U Substation,Pacific Gas and Electric Company,name,IOU,pge,SAN LEANDRO U,,37.7105291,-122.1486694,35656716,way
San Mateo Substation,San Mateo Substation,Pacific Gas and Electric Company,name,IOU,pge,SAN MATEO,0.156,37.5830081,-122.3192431,24294714,way
San Ramon Substation,San Ramon Substation,Pacific Gas and Electric Company,name,IOU,pge,SAN RAMON,,37.744673,-121.9364756,66376512,way
Sanger Substation,Sanger Substation,Pacific Gas and Electric Company,name,IOU,pge,SANGER,,36.7083453,-119.6112851,182622208,way
Santa Teresa Substation,Santa Teresa Substation,Pacific Gas and Electric Company,name,IOU,pge,SANTA TERESA,,37.2386068,-121.7907606,1059210744,way
Saratoga Substation,Saratoga Substation,Pacific Gas and Electric Company,name,IOU,pge,SARATOGA,,37.2809465,-122.0153775,31369697,way
Semitropic Substation,Semitropic Substation,,name,IOU,pge,SEMITROPIC,,35.6008203,-119.437539,761043373,way
Serramonte Substation,Serramonte Substation,Pacific Gas and Electric Company,name,IOU,pge,SERRAMONTE,,37.6509286,-122.4541665,38159840,way
Shingle Springs Substation,Shingle Springs Substation,Pacific Gas and Electric,name,IOU,pge,SHINGLE SPRINGS,,38.6592948,-120.9472318,180839419,way
Sneath Lane Substation,Sneath Lane Substation,Pacific Gas and Electric Company,name,IOU,pge,SNEATH LANE,,37.6219397,-122.4467361,24314687,way
Sobrante Substation,Sobrante Substation,Pacific Gas and Electric Company,name,IOU,pge,SOBRANTE,,37.9054592,-122.2082408,33106247,way
Solano Substation,Solano Substation,Pacific Gas and Electric,name,IOU,pge,SOLANO,,37.8908861,-122.292225,30877246,way
Soledad Substation,Soledad Substation,,name,IOU,pge,SOLEDAD,,36.4301332,-121.3325147,1273559791,way
Stagg Substation,Stagg Substation,Pacific Gas and Electric Company,name,IOU,pge,STAGG,,37.9922986,-121.3485086,38311176,way
Stanislaus,Stanislaus,,name,IOU,pge,STANISLAUS,,38.1381557,-120.3702061,1485095202,way
Stelling Substation,Stelling Substation,Pacific Gas and Electric Company,name,IOU,pge,STELLING,,37.3360204,-122.0431687,396269147,way
Stuart Substation,Stuart Substation,Pacific Gas and Electric Company,name,IOU,pge,STUART,0.014,37.858023,-122.2685966,313027827,way
Suisun Substation,Suisun Substation,Pacific Gas and Electric Company,name,IOU,pge,SUISUN,,38.2451302,-122.0412616,106610038,way
Swift Substation,Swift Substation,Pacific Gas and Electric Company,name,IOU,pge,SWIFT,,37.3224752,-121.7970091,119408726,way
Sycamore Creek Substation,Sycamore Creek Substation,Pacific Gas and Electric Company,name,IOU,pge,SYCAMORE CREEK,,39.7686966,-121.8241031,132230747,way
Taraval Substation,Taraval Substation,Pacific Gas and Electric Company,name,IOU,pge,TARAVAL,,37.7420329,-122.4933572,19772624,relation
Tassajara Substation,Tassajara Substation,Pacific Gas and Electric Company,name,IOU,pge,TASSAJARA,,37.8000395,-121.9076359,66376509,way
Templeton,Templeton,Pacific Gas and Electric Company,name,IOU,pge,TEMPLETON,,35.5550486,-120.680366,93420666,way
Tracy Substation,Tracy Substation,Western Area Power Administration,name,IOU,pge,TRACY,,37.7979179,-121.5807052,24049455,way
Tracy Substation,Tracy Substation,Pacific Gas and Electric Company,name,IOU,pge,TRACY,,37.7488257,-121.4159518,613571074,way
Trimble Substation,Trimble Substation,Pacific Gas and Electric Company,name,IOU,pge,TRIMBLE,,37.3819522,-121.9271433,120353461,way
Tulucay Substation,Tulucay Substation,Pacific Gas and Electric Company,name,IOU,pge,TULUCAY,,38.2478308,-122.2679071,33292212,way
Vaca Dixon Substation,Vaca Dixon Substation,Pacific Gas and Electric Company,name,IOU,pge,VACA DIXON,,38.4034895,-121.9202262,12204895,relation
Vacaville Substation,Vacaville Substation,Pacific Gas and Electric Company,name,IOU,pge,VACAVILLE,,38.3564548,-121.9806245,59271566,way
Valley Home Substation,Valley Home Substation,Pacific Gas and Electric Company,name,IOU,pge,VALLEY HOME,,37.8563362,-120.9442136,152340796,way
Valley View Substation,Valley View Substation,NV Energy,name,IOU,pge,VALLEY VIEW,,36.1150212,-115.1894835,136372566,way
Valley View Substation,Valley View Substation,Pacific Gas and Electric Company,name,IOU,pge,VALLEY VIEW,,37.9660418,-122.2787115,608001029,way
Vasona Substation,Vasona Substation,Pacific Gas and Electric Company,name,IOU,pge,VASONA,,37.2538677,-121.9662167,114958126,way
Vierra Substation,Vierra Substation,Pacific Gas and Electric Company,name,IOU,pge,VIERRA,,37.7978669,-121.2741906,1024994836,way
Vineyard Substation,Vineyard Substation,Pacific Gas and Electric Company,name,IOU,pge,VINEYARD,,37.6697116,-121.8544544,66413933,way
Waldo Substation,Waldo Substation,Pacific Gas and Electric Company,name,IOU,pge,WALDO,,37.9094186,-122.3068847,1079363196,way
Walnut Creek Substation,Walnut Creek Substation,Pacific Gas and Electric Company,name,IOU,pge,WALNUT CREEK,,37.9047609,-122.0609909,681536623,way
Wasco Substation,Wasco Substation,Pacific Gas and Electric Company,name,IOU,pge,WASCO,,35.6019402,-119.3261876,175370658,way
Watershed Substation,Watershed Substation,,name,IOU,pge,WATERSHED,,37.4872473,-122.3111819,106137706,way
West Sacramento Substation,West Sacramento Substation,Pacific Gas and Electric Company,name,IOU,pge,WEST SACRAMENTO,,38.5894875,-121.5449731,199461285,way
Westley Substation,Westley Substation,Modesto Irrigation District;Turlock Irrigation District,name,IOU,pge,WESTLEY,,37.5160275,-121.2307996,32707508,way
Wheatland Substation,Wheatland Substation,Pacific Gas and Electric Company,name,IOU,pge,WHEATLAND,0.043,39.0129723,-121.418513,1302573502,way
Wheeler Ridge Substation,Wheeler Ridge Substation,Pacific Gas and Electric Company,name,IOU,pge,WHEELER RIDGE,,35.0890917,-118.975825,253747134,way
Willow Pass Substation,Willow Pass Substation,Pacific Gas and Electric Company,name,IOU,pge,WILLOW PASS,,38.0246497,-121.961193,1365274618,way
Wilson Substation,Wilson Substation,Pacific Gas and Electric Company,name,IOU,pge,WILSON,,37.2925967,-120.4075244,79176953,way
Winters,Winters,Pacific Gas and Electric Company,name,IOU,pge,WINTERS,,38.517593,-121.9511473,1208688071,way
Wolfe Substation,Wolfe Substation,Pacific Gas and Electric Company,name,IOU,pge,WOLFE,,37.3344053,-122.0205664,116534901,way
Wood Substation,Wood Substation,Pacific Gas and Electric Company,name,IOU,pge,WOOD,,37.8264986,-122.216434,10895335660,node
Woodland Substation,Woodland Substation,Pacific Gas and Electric Company,name,IOU,pge,WOODLAND,,38.6784701,-121.7600433,36730100,way
Woodside Substation,Woodside Substation,Pacific Gas and Electric Company,name,IOU,pge,WOODSIDE,,37.4370572,-122.2421566,27878203,way
Woodward Substation,Woodward Substation,Pacific Gas and Electric,name,IOU,pge,WOODWARD,,36.8962778,-119.751018,179415242,way
Wyandotte Substation,Wyandotte Substation,Pacific Gas and Electric Company,name,IOU,pge,WYANDOTTE,,39.4915666,-121.5409382,151116308,way
Zamora Substation,Zamora Substation,Pacific Gas and Electric Company,name,IOU,pge,ZAMORA,,38.7755142,-121.8581049,480794378,way
Amador Substation,Amador Substation,Southern California Edison,name,IOU,sce,Amador,,34.071417,-118.0265234,389263288,way
Anita Substation,Anita Substation,Southern California Edison,name,IOU,sce,Anita,0.068,34.1056769,-118.0385144,391279139,way
Arcadia Substation,Arcadia Substation,Southern California Edison,name,IOU,sce,Arcadia,,34.1439656,-118.0258066,391279140,way
Archibald Substation,Archibald Substation,Southern California Edison,name,IOU,sce,Archibald,,33.9977778,-117.5927224,395457789,way
Baker Substation,Baker Substation,Southern California Edison,name,IOU,sce,Baker,,35.2788987,-116.0744455,80105953,way
Bandini,Bandini,Southern California Edison,name,IOU,sce,Bandini,,33.9994777,-118.1709273,169674599,way
Barre Substation,Barre Substation,Southern California Edison,name,IOU,sce,Barre,,33.808726,-117.9827195,65596865,way
Beverly Substation,Beverly Substation,Southern California Edison,name,IOU,sce,Beverly,,34.0731087,-118.3973768,31503319,way
Bliss Substation,Bliss Substation,Southern California Edison,name,IOU,sce,Bliss,,36.1669553,-119.2068475,1164927154,way
Bolsa Substation,Bolsa Substation,Southern California Edison,name,IOU,sce,Bolsa,,33.7306095,-118.0333526,391757388,way
Borrego Substation,Borrego Substation,Southern California Edison,name,IOU,sce,Borrego,0.022,33.5976509,-117.7490005,30045395,way
Bovine Substation,Bovine Substation,Southern California Edison,name,IOU,sce,Bovine,,33.8507297,-118.0641095,389163905,way
Brighton Substation,Brighton Substation,Pacific Gas and Electric Company,name,IOU,sce,Brighton,,38.5482365,-121.4077518,32217118,way
Brighton Substation,Brighton Substation,Southern California Edison,name,IOU,sce,Brighton,,33.9024861,-118.3119293,393117862,way
Broadway Substation,Broadway Substation,,name,IOU,sce,Broadway,,33.766976,-118.1518894,477585764,way
Bryan Substation,Bryan Substation,Southern California Edison,name,IOU,sce,Bryan,,33.7345423,-117.8023175,66983703,way
Bullis Substation,Bullis Substation,Southern California Edison,name,IOU,sce,Bullis,,33.9001147,-118.206098,384405435,way
Cabrillo Substation,Cabrillo Substation,Southern California Edison,name,IOU,sce,Cabrillo,0.015,33.6718006,-117.8475997,61878181,way
Calectric Substation,Calectric Substation,,name,IOU,sce,Calectric,,34.0934496,-117.3171981,181492758,way
Camarillo Substation,Camarillo Substation,Southern California Edison,name,IOU,sce,Camarillo,,34.2207053,-119.0085188,647620531,way
Camden Substation,Camden Substation,Southern California Edison,name,IOU,sce,Camden,0.044,33.7131376,-117.8836985,384046583,way
Cardiff Substation,Cardiff Substation,Southern California Edison,name,IOU,sce,Cardiff,,34.1021892,-117.2778643,62206934,way
Casitas Substation,Casitas Substation,Southern California Edison,name,IOU,sce,Casitas,,34.3625169,-119.3092764,168216632,way
Center Substation,Center Substation,Southern California Edison,name,IOU,sce,Center,,33.9288306,-118.1057084,66158393,way
Channel Island Substation,Channel Island Substation,Southern California Edison,name,IOU,sce,Channel Island,,34.1817713,-119.2221444,43911451,way
Chatham Substation,Chatham Substation,Southern California Edison,name,IOU,sce,Chatham,,36.4146125,-119.2967048,1040353714,way
Chatsworth Substation,Chatsworth Substation,,name,IOU,sce,Chatsworth,,34.2368091,-118.702963,644411857,way
Chestnut Substation,Chestnut Substation,Southern California Edison,name,IOU,sce,Chestnut,,33.7331976,-117.8498738,61960833,way
Chino Substation,Chino Substation,Southern California Edison,name,IOU,sce,Chino,,33.998587,-117.6785183,33605206,way
Chiquita Substation,Chiquita Substation,Southern California Edison,name,IOU,sce,Chiquita,,33.6296313,-117.6317921,60118533,way
Cima Substation,Cima Substation,,name,IOU,sce,Cima,,35.2522438,-115.5155803,61417688,way
Citrus Substation,Citrus Substation,Southern California Edison,name,IOU,sce,Citrus,,34.1190343,-117.8720979,86198913,way
Coffee Substation,Coffee Substation,,name,IOU,sce,Coffee,,33.9325988,-116.5051681,329549577,way
Colonia Substation,Colonia Substation,Southern California Edison,name,IOU,sce,Colonia,,34.2046804,-119.0964405,647620530,way
Colorado Substation,Colorado Substation,,name,IOU,sce,Colorado,,34.0256002,-118.472212,309822803,way
Compton Substation,Compton Substation,Southern California Edison,name,IOU,sce,Compton,,33.8974149,-118.2247622,351905168,way
Cornuta Substation,Cornuta Substation,Southern California Edison,name,IOU,sce,Cornuta,,33.8837969,-118.1203843,391645214,way
Corona Substation,Corona Substation,Southern California Edison,name,IOU,sce,Corona,0.039,33.8842845,-117.5717159,283838367,way
Cortez Substation,Cortez Substation,Southern California Edison,name,IOU,sce,Cortez,,34.092515,-117.8796902,384972419,way
Crest Substation,Crest Substation,,name,IOU,sce,Crest,,33.7669022,-118.373161,389396026,way
Crown Substation,Crown Substation,Southern California Edison,name,IOU,sce,Crown,,33.6081674,-117.8651711,41939674,way
Cudahy Substation,Cudahy Substation,Southern California Edison,name,IOU,sce,Cudahy,,33.9635592,-118.1942818,383669451,way
Declez Substation,Declez Substation,Southern California Edison,name,IOU,sce,Declez,,34.0779082,-117.4881665,1221495142,way
Del Amo Substation,Del Amo Substation,Southern California Edison,name,IOU,sce,Del Amo,,33.8481378,-118.0974269,32223005,way
Devers Substation,Devers Substation,Southern California Edison,name,IOU,sce,Devers,,33.9379937,-116.5766239,61430467,way
Ditmar Substation,Ditmar Substation,Southern California Edison,name,IOU,sce,Ditmar,,33.8722945,-118.3780887,391620399,way
Eagle Mountain Substation,Eagle Mountain Substation,,name,IOU,sce,Eagle Mountain,,33.8104972,-115.4527258,12202188,relation
Eaton Substation,Eaton Substation,Southern California Edison,name,IOU,sce,Eaton,,34.162218,-118.0857912,169880227,way
Edinger Substation,Edinger Substation,Southern California Edison,name,IOU,sce,Edinger,,33.7268884,-117.8685656,1296517473,way
Eisenhower Substation,Eisenhower Substation,Southern California Edison,name,IOU,sce,Eisenhower,,33.8078794,-116.4939911,366759222,way
El Sobrante Substation,El Sobrante Substation,Southern California Edison,name,IOU,sce,El Sobrante,,33.8587402,-117.4407298,1151662292,way
Ellis Substation,Ellis Substation,Southern California Edison,name,IOU,sce,Ellis,,33.6852045,-117.9431126,62333225,way
Estero Substation,Estero Substation,Southern California Edison,name,IOU,sce,Estero,,34.1460247,-119.0956569,647620537,way
Estrella Substation,Estrella Substation,Southern California Edison,name,IOU,sce,Estrella,,33.6875019,-117.8285735,61961946,way
Fair Oaks Substation,Fair Oaks Substation,,name,IOU,sce,Fair Oaks,,37.3971817,-122.010252,38084005,way
Fairview Substation,Fairview Substation,Southern California Edison,name,IOU,sce,Fairview,0.065,33.6936306,-117.8675028,1149027270,way
Falcon Ridge Substation,Falcon Ridge Substation,Southern California Edison,name,IOU,sce,Falcon Ridge,,34.155542,-117.4325252,977743635,way
Farrell Substation,Farrell Substation,,name,IOU,sce,Farrell,,33.8461224,-116.505149,1284460715,way
Felton Substation,Felton Substation,Southern California Edison,name,IOU,sce,Felton,,33.9157911,-118.3620562,390473088,way
Fernwood Substation,Fernwood Substation,Southern California Edison,name,IOU,sce,Fernwood,,33.9282691,-118.2154348,384405441,way
Firehouse Substation,Firehouse Substation,Southern California Edison,name,IOU,sce,Firehouse,,34.0418564,-117.6234511,396930432,way
Floraday,Floraday,,name,IOU,sce,Floraday,,33.935521,-118.0943125,1492309642,way
Francis Substation,Francis Substation,Southern California Edison,name,IOU,sce,Francis,,34.0415943,-117.7233712,391929872,way
Fremont Substation,Fremont Substation,Southern California Edison,name,IOU,sce,Fremont,0.022,33.8945868,-118.2644665,393346754,way
Fremont Substation,Fremont Substation,Southern California Edison,name,IOU,sce,Fremont,29.287,34.1580226,-118.267115,722835502,way
Fruitland Substation,Fruitland Substation,Southern California Edison,name,IOU,sce,Fruitland,0.015,33.9960016,-118.2266831,383664684,way
Fullerton Substation,Fullerton Substation,Southern California Edison,name,IOU,sce,Fullerton,,33.8681007,-117.9212938,236659648,way
Gallatin Substation,Gallatin Substation,Southern California Edison,name,IOU,sce,Gallatin,,33.961513,-118.1114113,383740664,way
Garnet Substation,Garnet Substation,,name,IOU,sce,Garnet,,33.9010413,-116.5440926,99625445,way
Gisler Substation,Gisler Substation,Southern California Edison,name,IOU,sce,Gisler,,33.6873024,-117.9128855,78488984,way
Goleta Substation,Goleta Substation,Southern California Edison,name,IOU,sce,Goleta,,34.4686423,-119.8843266,133585863,way
Gonzales Substation,Gonzales Substation,Southern California Edison,name,IOU,sce,Gonzales,0.014,34.2261528,-119.1758689,647620546,way
Gorman Substation,Gorman Substation,,name,IOU,sce,Gorman,,34.7904804,-118.827152,63908845,way
Goshen Substation,Goshen Substation,Southern California Edison,name,IOU,sce,Goshen,,36.3267733,-119.4390715,916400626,way
Gould Substation,Gould Substation,Southern California Edison,name,IOU,sce,Gould,,34.2214825,-118.1871012,31173635,way
Hanford Substation,Hanford Substation,Southern California Edison,name,IOU,sce,Hanford,,36.3235784,-119.6488609,14217235,relation
Haskell Substation,Haskell Substation,Southern California Edison,name,IOU,sce,Haskell,,34.4386277,-118.5152155,770782288,way
Hathaway Substation,Hathaway Substation,Southern California Edison,name,IOU,sce,Hathaway,,33.7910335,-118.1421024,134636655,way
Hemet Substation,Hemet Substation,Southern California Edison,name,IOU,sce,Hemet,,33.7468698,-116.9757077,917508444,way
Hi Desert substation,Hi Desert substation,Southern California Edison,name,IOU,sce,Hi Desert,,34.1361743,-116.1802469,1160790993,way
Highland Substation,Highland Substation,,name,IOU,sce,Highland,,36.1429035,-115.1675068,150402955,way
Holiday Substation,Holiday Substation,,name,IOU,sce,Holiday,,33.8455754,-116.5459235,332728420,way
Hoyt Substation,Hoyt Substation,Southern California Edison,name,IOU,sce,Hoyt,,34.0521514,-118.0488591,389263289,way
Indian Wells Substation,Indian Wells Substation,,name,IOU,sce,Indian Wells,,33.7294799,-116.3464508,426408949,way
Industry Substation,Industry Substation,Southern California Edison,name,IOU,sce,Industry,,34.0505447,-117.990823,384972420,way
Inglewood Substation,Inglewood Substation,Southern California Edison,name,IOU,sce,Inglewood,,33.9656369,-118.3580466,390473089,way
Inyokern Substation,Inyokern Substation,,name,IOU,sce,Inyokern,,35.6526475,-117.7958919,164758876,way
Irvine Substation,Irvine Substation,Southern California Edison,name,IOU,sce,Irvine,,33.6830442,-117.7422782,66983705,way
Jefferson Substation,Jefferson Substation,Pacific Gas and Electric Company,name,IOU,sce,Jefferson,,37.4571123,-122.2861374,27672789,way
Jefferson Substation,Jefferson Substation,Southern California Edison,name,IOU,sce,Jefferson,,33.857814,-117.58835,104907571,way
Johanna Substation,Johanna Substation,Southern California Edison,name,IOU,sce,Johanna,,33.7132628,-117.8526051,61961948,way
Junction Substation,Junction Substation,Southern California Edison,name,IOU,sce,Junction,,36.3054107,-116.4146023,170816722,way
Kramer Substation,Kramer Substation,Southern California Edison,name,IOU,sce,Kramer,,34.9896952,-117.5421983,141726016,way
La Canada Substation,La Canada Substation,,name,IOU,sce,La Canada,,34.2051762,-118.2105809,31779344,way
La Fresa Substation,La Fresa Substation,,name,IOU,sce,La Fresa,,33.8688713,-118.3329363,74839063,way
La Veta Substation,La Veta Substation,Southern California Edison,name,IOU,sce,La Veta,,33.7667557,-117.8521372,383837313,way
Lafayette Substation,Lafayette Substation,Southern California Edison,name,IOU,sce,Lafayette,,33.6352866,-117.9356791,391711000,way
Laguna Bell Substation,Laguna Bell Substation,Southern California Edison,name,IOU,sce,Laguna Bell,,33.975758,-118.1478598,78797580,way
Lark Ellen Substation,Lark Ellen Substation,Southern California Edison,name,IOU,sce,Lark Ellen,,34.0870799,-117.9265034,393844013,way
Las Lomas Substation,Las Lomas Substation,Southern California Edison,name,IOU,sce,Las Lomas,,33.7183836,-117.7385539,344610837,way
Laurel Substation,Laurel Substation,Southern California Edison,name,IOU,sce,Laurel,,36.2397372,-119.4753163,1163383415,way
Lawndale Substation,Lawndale Substation,Southern California Edison,name,IOU,sce,Lawndale,0.027,33.8949224,-118.3578992,390473090,way
Lemon Cove Substation,Lemon Cove Substation,Southern California Edison,name,IOU,sce,Lemon Cove,,36.3867368,-119.0263549,1060166266,way
Levy Substation,Levy Substation,Southern California Edison,name,IOU,sce,Levy,,34.1738042,-119.1567982,647620539,way
Liberty Substation,Liberty Substation,Southern California Edison,name,IOU,sce,Liberty,,36.2829726,-119.3320361,1057780465,way
Lighthipe Substation,Lighthipe Substation,Southern California Edison,name,IOU,sce,Lighthipe,,33.8802903,-118.1751865,66157642,way
Limestone Substation,Limestone Substation,Southern California Edison,name,IOU,sce,Limestone,,33.6502255,-117.6886543,59585249,way
Linden,Linden,Southern California Edison,name,IOU,sce,Linden,0.006,33.8591337,-118.1856815,1485094997,way
Lindsay Substation,Lindsay Substation,Southern California Edison,name,IOU,sce,Lindsay,,36.2043193,-119.0920145,1164927155,way
Live Oak Substation,Live Oak Substation,Southern California Edison,name,IOU,sce,Live Oak,0.085,34.121121,-117.7319349,86292411,way
Lynwood Substation,Lynwood Substation,Southern California Edison,name,IOU,sce,Lynwood,,33.927136,-118.2127679,384405447,way
MacArthur Substation,MacArthur Substation,Southern California Edison,name,IOU,sce,Macarthur,,33.6385671,-117.8660306,384189534,way
Malibu Substation,Malibu Substation,Southern California Edison,name,IOU,sce,Malibu,,34.1474957,-118.7614511,167413795,way
Marine Substation,Marine Substation,,name,IOU,sce,Marine,,34.006908,-118.4656484,392312025,way
Marion Substation,Marion Substation,Southern California Edison,name,IOU,sce,Marion,,33.8176548,-118.0272289,389163911,way
Marymount Substation,Marymount Substation,,name,IOU,sce,Marymount,,33.7470529,-118.3889046,389396033,way
Mascot Substation,Mascot Substation,Southern California Edison,name,IOU,sce,Mascot,,36.3419044,-119.5928919,1066716356,way
Mentone Substation,Mentone Substation,,name,IOU,sce,Mentone,,34.0632768,-117.1207471,1249384509,way
Merced Substation,Merced Substation,Southern California Edison,name,IOU,sce,Merced,0.067,34.0497237,-117.90727,384972422,way
Mesa Substation,Mesa Substation,Southern California Edison,name,IOU,sce,Mesa,0.406,34.0365975,-118.1116208,66209607,way
Mira Loma Substation,Mira Loma Substation,Southern California Edison,name,IOU,sce,Mira Loma,,34.0080322,-117.5642244,77339440,way
Mira Loma Substation,Mira Loma Substation,,name,IOU,sce,Mira Loma,,39.4556305,-119.7173976,170295877,way
Modena Substation,Modena Substation,Southern California Edison,name,IOU,sce,Modena,,33.7882515,-117.802724,61960851,way
Moorpark Substation,Moorpark Substation,Southern California Edison,name,IOU,sce,Moorpark,,34.2811367,-118.9030822,27340751,way
Moulton Substation,Moulton Substation,Southern California Edison,name,IOU,sce,Moulton,,33.6091216,-117.6976435,61878182,way
Mt. Vernon Substation,Mt. Vernon Substation,,name,IOU,sce,Mt. Vernon,,34.1206866,-117.3103658,1295105128,way
Muscoy Substation,Muscoy Substation,Southern California Edison,name,IOU,sce,Muscoy,,34.1571863,-117.339027,1295105100,way
Narod Substation,Narod Substation,Southern California Edison,name,IOU,sce,Narod,,34.0468233,-117.6749191,389854923,way
Narrows Substation,Narrows Substation,,name,IOU,sce,Narrows,190.577,33.1371821,-116.2944821,1376883612,way
Nelson Substation,Nelson Substation,,name,IOU,sce,Nelson,,35.7077504,-114.8248585,82360297,way
Newbury Substation,Newbury Substation,,name,IOU,sce,Newbury,,34.1960531,-118.9309646,370765641,way
Newhall Substation,Newhall Substation,Southern California Edison,name,IOU,sce,Newhall,,34.3791522,-118.5590591,91530354,way
Niguel Substation,Niguel Substation,Southern California Edison,name,IOU,sce,Niguel,,33.5638693,-117.7148248,137932368,way
Nola Substation,Nola Substation,Southern California Edison,name,IOU,sce,Nola,,33.8594968,-118.2763481,393202198,way
Nugget Substation,Nugget Substation,Southern California Edison,name,IOU,sce,Nugget,,34.2073713,-116.3690148,863391527,way
O'Neill Substation,O'Neill Substation,Southern California Edison,name,IOU,sce,O'neill,,33.643124,-117.6056527,60118528,way
Oak Grove Substation,Oak Grove Substation,Southern California Edison,name,IOU,sce,Oak Grove,,36.3415654,-119.3671413,1068801785,way
Octol Substation,Octol Substation,Southern California Edison,name,IOU,sce,Octol,,36.1238926,-119.3944775,1164927161,way
Ojai Substation,Ojai Substation,Southern California Edison,name,IOU,sce,Ojai,,34.4455733,-119.2421031,647620543,way
Olinda Substation,Olinda Substation,Southern California Edison,name,IOU,sce,Olinda,,33.9462399,-117.9221717,79440943,way
Olinda Substation,Olinda Substation,Western Area Power Administration,name,IOU,sce,Olinda,,40.3829969,-122.3814249,93128776,way
Ontario Substation,Ontario Substation,Southern California Edison,name,IOU,sce,Ontario,,34.0565269,-117.6456789,396930433,way
Palmdale,Palmdale,,name,IOU,sce,Palmdale,,34.5661422,-118.0589613,1485094846,way
Parkwood Substation,Parkwood Substation,Southern California Edison,name,IOU,sce,Parkwood,,33.9154939,-117.9637412,297316324,way
Pedley Substation,Pedley Substation,Southern California Edison,name,IOU,sce,Pedley,,33.9588907,-117.5226797,395530792,way
Perez Substation,Perez Substation,,name,IOU,sce,Perez,,41.6331327,-121.2265312,174861684,way
Perez Substation,Perez Substation,Southern California Edison,name,IOU,sce,Perez,,33.8819423,-117.5884735,283838368,way
Perry Substation,Perry Substation,,name,IOU,sce,Perry,0.007,33.8659336,-118.3484581,1099466026,way
Pioneer Substation,Pioneer Substation,Southern California Edison,name,IOU,sce,Pioneer,,33.9155181,-118.0811949,392569282,way
Porterville Substation,Porterville Substation,Southern California Edison,name,IOU,sce,Porterville,,36.0671895,-119.0345727,955156230,way
Potrero Substation,Potrero Substation,Southern California Edison,name,IOU,sce,Potrero,,34.1616042,-118.8347698,167413792,way
Puente Substation,Puente Substation,Southern California Edison,name,IOU,sce,Puente,,34.0090097,-117.93028,384972423,way
Ramona Substation,Ramona Substation,Southern California Edison,name,IOU,sce,Ramona,,34.0699141,-118.1300839,395237747,way
Randall Substation,Randall Substation,Southern California Edison,name,IOU,sce,Randall,,34.1136574,-117.4541834,332222407,way
Randolph Substation,Randolph Substation,Southern California Edison,name,IOU,sce,Randolph,0.035,33.9826871,-118.2053899,169880229,way
Rector Substation,Rector Substation,Southern California Edison,name,IOU,sce,Rector,,36.3038123,-119.2451574,169402989,way
Redlands Substation,Redlands Substation,,name,IOU,sce,Redlands,,34.0601316,-117.176622,1249384490,way
Redondo Substation,Redondo Substation,,name,IOU,sce,Redondo,,32.6852624,-114.4950303,560590098,way
Rialto Substation,Rialto Substation,,name,IOU,sce,Rialto,,34.1013056,-117.3682977,1052321299,way
Rio Hondo Substation,Rio Hondo Substation,,name,IOU,sce,Rio Hondo,,34.1050306,-117.980363,86094474,way
Ripley,Ripley,,name,IOU,sce,Ripley,,33.5248433,-114.6559992,1485094830,way
Riverway Substation,Riverway Substation,Southern California Edison,name,IOU,sce,Riverway,,36.3574697,-119.3128,954128650,way
Rosemead Substation,Rosemead Substation,Southern California Edison,name,IOU,sce,Rosemead,,34.0921435,-118.0826651,38508396,way
Rush Substation,Rush Substation,Southern California Edison,name,IOU,sce,Rush,,34.0509111,-118.0812081,389263491,way
San Bernardino Substation,San Bernardino Substation,,name,IOU,sce,San Bernardino,,34.0799529,-117.2389874,181492780,way
San Dimas Substation,San Dimas Substation,Southern California Edison,name,IOU,sce,San Dimas,,34.1171656,-117.8078228,393844014,way
San Fernando Substation,San Fernando Substation,,name,IOU,sce,San Fernando,,34.2734732,-118.4586766,91530350,way
San Gabriel Substation,San Gabriel Substation,,name,IOU,sce,San Gabriel,,34.0986783,-118.1001355,391883458,way
San Marcos Substation,San Marcos Substation,,name,IOU,sce,San Marcos,0.074,34.4519857,-119.7614899,168216625,way
San Miguel Substation,San Miguel Substation,Southern California Edison,name,IOU,sce,San Miguel,0.009,34.255997,-119.2418562,647620541,way
Santa Fe Springs Substation,Santa Fe Springs Substation,Southern California Edison,name,IOU,sce,Santa Fe Springs,,33.9480245,-118.0586256,383740680,way
Santa Monica Substation,Santa Monica Substation,,name,IOU,sce,Santa Monica,,34.0172256,-118.488209,282777549,way
Santa Rosa Substation,Santa Rosa Substation,Southern California Edison,name,IOU,sce,Santa Rosa,,33.7477732,-116.3920226,344650882,way
Santiago Substation,Santiago Substation,Southern California Edison,name,IOU,sce,Santiago,,33.6649231,-117.7685585,29175070,way
Saticoy Substation,Saticoy Substation,Southern California Edison,name,IOU,sce,Saticoy,,34.30052,-119.1666627,168216627,way
Saugus Substation,Saugus Substation,Southern California Edison,name,IOU,sce,Saugus,,34.4221008,-118.5750053,33808384,way
Sawtelle Substation,Sawtelle Substation,Southern California Edison,name,IOU,sce,Sawtelle,,34.047445,-118.4521925,394710553,way
Second Avenue,Second Avenue,,name,IOU,sce,Second Avenue,,33.6909598,-114.5724651,1485094828,way
Sepulveda Substation,Sepulveda Substation,Southern California Edison,name,IOU,sce,Sepulveda,,33.9189919,-118.3968458,390483364,way
Sixteenth Street Substation,Sixteenth Street Substation,,name,IOU,sce,Sixteenth Street,,34.1289191,-117.3043189,548186660,way
Slater Substation,Slater Substation,Southern California Edison,name,IOU,sce,Slater,,33.6923242,-118.0171883,384713953,way
Somis Substation,Somis Substation,Southern California Edison,name,IOU,sce,Somis,,34.264221,-119.0108704,647620534,way
Stetson Substation,Stetson Substation,Southern California Edison,name,IOU,sce,Stetson,,33.7336277,-117.0074106,77338036,way
Stewart Substation,Stewart Substation,Southern California Edison,name,IOU,sce,Stewart,,33.9400434,-118.1405352,383773418,way
Strathmore Substation,Strathmore Substation,Southern California Edison,name,IOU,sce,Strathmore,,36.1460141,-119.0577663,1164927159,way
Sunnyside Substation,Sunnyside Substation,,name,IOU,sce,Sunnyside,0.054,33.8530413,-118.1666446,676714269,way
Tahiti Substation,Tahiti Substation,Southern California Edison,name,IOU,sce,Tahiti,,33.9776501,-118.4371616,390434487,way
Talbert Substation,Talbert Substation,Southern California Edison,name,IOU,sce,Talbert,,33.7145093,-117.9205547,1296517614,way
Telegraph Substation,Telegraph Substation,Southern California Edison,name,IOU,sce,Telegraph,,33.932265,-117.9920063,391347857,way
Tennessee Substation,Tennessee Substation,,name,IOU,sce,Tennessee,,34.027163,-117.1112756,1249384484,way
Thornhill Substation,Thornhill Substation,,name,IOU,sce,Thornhill,,33.8136675,-116.5320704,1435254655,way
Thousand Oaks Substation,Thousand Oaks Substation,Southern California Edison,name,IOU,sce,Thousand Oaks,,34.1874837,-118.8717342,167421253,way
Three Rivers Substation,Three Rivers Substation,Southern California Edison,name,IOU,sce,Three Rivers,,36.4534837,-118.8879297,1076393874,way
Timoteo Substation,Timoteo Substation,,name,IOU,sce,Timoteo,,34.0621171,-117.2442851,134477832,way
Tipton Substation,Tipton Substation,Southern California Edison,name,IOU,sce,Tipton,,36.0519261,-119.3043615,1164927149,way
Torrance Substation,Torrance Substation,Southern California Edison,name,IOU,sce,Torrance,,33.8298388,-118.3443558,393117870,way
Trask Substation,Trask Substation,Southern California Edison,name,IOU,sce,Trask,,33.7661247,-117.9795659,65801366,way
Triton Substation,Triton Substation,Southern California Edison,name,IOU,sce,Triton,,33.5420983,-117.1147711,172455386,way
Tulare Substation,Tulare Substation,Southern California Edison,name,IOU,sce,Tulare,,36.21337,-119.3303801,199049644,way
Upland Substation,Upland Substation,Southern California Edison,name,IOU,sce,Upland,,34.0936065,-117.6501014,1024712279,way
Valdez Substation,Valdez Substation,SoCal Edison,name,IOU,sce,Valdez,,34.1477338,-118.6318509,424858446,way
Valley Substation,Valley Substation,Southern California Edison,name,IOU,sce,Valley,,33.7395005,-117.1564367,61601149,way
Vegas Substation,Vegas Substation,Southern California Edison,name,IOU,sce,Vegas,,34.4491171,-119.8159165,544261596,way
Venice Hill Substation,Venice Hill Substation,Southern California Edison,name,IOU,sce,Venice Hill,,36.4143345,-119.1890423,1040139791,way
Venida Substation,Venida Substation,Southern California Edison,name,IOU,sce,Venida,,36.3255515,-119.1344127,130346335,way
Vestal Substation,Vestal Substation,Southern California Edison,name,IOU,sce,Vestal,,35.8412308,-119.0846351,169403015,way
Victoria Substation,Victoria Substation,Southern California Edison,name,IOU,sce,Victoria,,33.8588793,-118.3742788,391620400,way
Victorville Substation,Victorville Substation,,name,IOU,sce,Victorville,,34.5642973,-117.3198626,12204669,relation
Viejo Substation,Viejo Substation,Southern California Edison,name,IOU,sce,Viejo,0.095,33.666879,-117.6424464,59238979,way
Villa Park Substation,Villa Park Substation,Southern California Edison,name,IOU,sce,Villa Park,,33.8149647,-117.8341037,61960845,way
Visalia Substation,Visalia Substation,Southern California Edison,name,IOU,sce,Visalia,,36.3296996,-119.2790526,954456538,way
Wabash Substation,Wabash Substation,San Diego Gas & Electric,name,IOU,sce,Wabash,,32.7300976,-117.1108903,116427264,way
Walnut Substation,Walnut Substation,Turlock Irrigation District,name,IOU,sce,Walnut,,37.4899763,-120.9059194,153674102,way
Walnut Substation,Walnut Substation,Southern California Edison,name,IOU,sce,Walnut,,34.0081672,-117.9499642,384800363,way
Walteria Substation,Walteria Substation,,name,IOU,sce,Walteria,,33.7919495,-118.3234679,389396036,way
Wave Substation,Wave Substation,Southern California Edison,name,IOU,sce,Wave,,33.6654899,-117.9974921,384713954,way
Windsor Hills Substation,Windsor Hills Substation,Southern California Edison,name,IOU,sce,Windsor Hills,,33.9961547,-118.3590387,159759790,way
Woodville Substation,Woodville Substation,Southern California Edison,name,IOU,sce,Woodville,,36.0805531,-119.1791685,1164927150,way
Yucca Substation,Yucca Substation,,name,IOU,sce,Yucca,,32.7200573,-114.7096262,90961473,way
Yucca Substation,Yucca Substation,,name,IOU,sce,Yucca,,34.1108347,-116.4235078,95894421,way
Yukon Substation,Yukon Substation,Southern California Edison,name,IOU,sce,Yukon,,33.9189381,-118.3345331,394549586,way
Zack Substation,Zack Substation,Southern California Edison,name,IOU,sce,Zack,,37.6155148,-118.3973577,1304935570,way
Alpine Substation,Alpine Substation,,name,IOU,sdge,ALPINE,2.032,32.8277373,-116.7899038,245417237,way
Cabrillo Substation,Cabrillo Substation,San Diego Gas & Electric,name,IOU,sdge,CABRILLO,1.071,32.7073804,-117.2450554,248427043,way
Carlton Hills Substation,Carlton Hills Substation,San Diego Gas & Electric,name,IOU,sdge,CARLTON HILLS,,32.8549207,-117.0119855,167005125,way
Clairemont Substation,Clairemont Substation,San Diego Gas & Electric,name,IOU,sdge,CLAIREMONT,,32.8258058,-117.1836658,167029619,way
Creelman Substation,Creelman Substation,San Diego Gas & Electric,name,IOU,sdge,CREELMAN,,33.0180671,-116.8530464,245417242,way
Del Mar Substation,Del Mar Substation,San Diego Gas & Electric,name,IOU,sdge,DEL MAR,2.182,32.9805965,-117.2555556,733171758,way
Eastgate Substation,Eastgate Substation,San Diego Gas & Electric,name,IOU,sdge,EASTGATE,,32.8848282,-117.200837,119718456,way
El Cajon Substation,El Cajon Substation,San Diego Gas & Electric,name,IOU,sdge,EL CAJON,,32.795407,-116.9723728,245301741,way
Escondido Substation,Escondido Substation,San Diego Gas & Electric,name,IOU,sdge,ESCONDIDO,,33.1257327,-117.1167373,99650319,way
Friars Substation,Friars Substation,,name,IOU,sdge,FRIARS,,32.7717391,-117.1644077,119718926,way
Garfield Substation,Garfield Substation,San Diego Gas & Electric,name,IOU,sdge,GARFIELD,0.714,32.7952627,-116.9967857,242195551,way
Genesee Substation,Genesee Substation,San Diego Gas & Electric,name,IOU,sdge,GENESEE,,32.8795875,-117.2135966,167029631,way
Jamacha Substation,Jamacha Substation,San Diego Gas & Electric,name,IOU,sdge,JAMACHA,,32.7440926,-116.9573439,97576454,way
Kettner Substation,Kettner Substation,San Diego Gas & Electric,name,IOU,sdge,KETTNER,,32.7331113,-117.1737934,248650177,way
Kettner Substation,Kettner Substation,San Diego Gas & Electric,name,IOU,sdge,KETTNER,,32.714101,-117.1695797,248983078,way
La Jolla Substation,La Jolla Substation,San Diego Gas & Electric,name,IOU,sdge,LA JOLLA,,32.8401079,-117.2753524,935140048,way
Laguna Niguel Substation,Laguna Niguel Substation,,name,IOU,sdge,LAGUNA NIGUEL,,33.4949278,-117.7029399,501515906,way
Lilac Substation,Lilac Substation,San Diego Gas & Electric,name,IOU,sdge,LILAC,,33.2533269,-117.0858841,733742943,way
Los Coches Substation,Los Coches Substation,San Diego Gas & Electric,name,IOU,sdge,LOS COCHES,1.741,32.8597308,-116.8992272,167005126,way
Margarita Substation,Margarita Substation,,name,IOU,sdge,MARGARITA,,33.5497273,-117.6280692,30995423,way
Mesa Heights Substation,Mesa Heights Substation,San Diego Gas & Electric,name,IOU,sdge,MESA HEIGHTS,,32.8295316,-117.1573513,247795420,way
Mesa Rim Substation,Mesa Rim Substation,San Diego Gas & Electric,name,IOU,sdge,MESA RIM,,32.9049184,-117.1731632,771716879,way
Mission Substation,Mission Substation,Pacific Gas and Electric Company,name,IOU,sdge,MISSION,,37.7773801,-122.4138578,35115839,way
Mission Substation,Mission Substation,San Diego Gas & Electric,name,IOU,sdge,MISSION,,32.7838747,-117.137179,119718927,way
Mission Substation,Mission Substation,San Diego Gas & Electric,name,IOU,sdge,MISSION,,32.7861059,-117.1383642,167005130,way
Monserate,Monserate,San Deigo Gas and Electric,name,IOU,sdge,MONSERATE,,33.3559044,-117.1122858,1347239766,way
Murray Substation,Murray Substation,San Diego Gas & Electric,name,IOU,sdge,MURRAY,,32.7908216,-117.0231281,245778832,way
North City West Substation,North City West Substation,San Diego Gas & Electric,name,IOU,sdge,NORTH CITY WEST,,32.9587616,-117.2206664,26587310,way
Old Town Substation,Old Town Substation,San Diego Gas & Electric,name,IOU,sdge,OLD TOWN,,32.7660854,-117.1923901,119718455,way
Otay Substation,Otay Substation,San Diego Gas & Electric,name,IOU,sdge,OTAY,,32.5953414,-117.0577002,246538205,way
Pacific Beach Substation,Pacific Beach Substation,San Diego Gas & Electric,name,IOU,sdge,PACIFIC BEACH,,32.7992354,-117.240247,246532420,way
Palomar Airport Substation,Palomar Airport Substation,,name,IOU,sdge,PALOMAR AIRPORT,,33.1228402,-117.2879008,167143651,way
Paradise Substation,Paradise Substation,San Diego Gas & Electric,name,IOU,sdge,PARADISE,0.896,32.704356,-117.0500041,245946709,way
Pico Substation,Pico Substation,,name,IOU,sdge,PICO,1.958,33.4568298,-117.589184,167242261,way
Point Loma Substation,Point Loma Substation,San Diego Gas & Electric,name,IOU,sdge,POINT LOMA,,32.7414519,-117.2334812,85586689,way
Poway Substation,Poway Substation,San Diego Gas & Electric,name,IOU,sdge,POWAY,,32.978924,-117.0316446,242195549,way
Proctor Valley Substation,Proctor Valley Substation,,name,IOU,sdge,PROCTOR VALLEY,,32.6650617,-116.9867618,25720848,way
Rancho Carmel Substation,Rancho Carmel Substation,San Diego Gas & Electric,name,IOU,sdge,RANCHO CARMEL,,32.9937908,-117.0776605,31809170,way
Rancho Mission Viejo Substation,Rancho Mission Viejo Substation,,name,IOU,sdge,RANCHO MISSION VIEJO,,33.5263975,-117.598729,501515904,way
Rincon Substation,Rincon Substation,San Diego Gas & Electric,name,IOU,sdge,RINCON,5.073,33.2858815,-116.9586686,1070740656,way
Rose Canyon Substation,Rose Canyon Substation,San Diego Gas & Electric,name,IOU,sdge,ROSE CANYON,,32.8444239,-117.2370217,67264544,way
San Luis Rey Substation,San Luis Rey Substation,San Diego Gas & Electric,name,IOU,sdge,SAN LUIS REY,,33.2112992,-117.3345198,105825880,way
San Mateo Substation,San Mateo Substation,,name,IOU,sdge,SAN MATEO,4.984,33.4094774,-117.5906855,501515905,way
Scripps Substation,Scripps Substation,San Diego Gas & Electric,name,IOU,sdge,SCRIPPS,,32.9111127,-117.1126304,243125942,way
Shadowridge Substation,Shadowridge Substation,,name,IOU,sdge,SHADOWRIDGE,,33.1414668,-117.238851,167143659,way
Spring Valley Substation,Spring Valley Substation,San Diego Gas & Electric,name,IOU,sdge,SPRING VALLEY,,32.7390773,-117.0027506,245946710,way
Station B,Station B,Sacramento Municipal Utility District,name,IOU,sdge,STATION B,,38.5719479,-121.4829736,182084288,way
Streamview Substation,Streamview Substation,San Diego Gas & Electric,name,IOU,sdge,STREAMVIEW,,32.7456082,-117.0785884,245784881,way
Sweetwater Substation,Sweetwater Substation,San Diego Gas & Electric,name,IOU,sdge,SWEETWATER,,32.6583162,-117.0916893,247795421,way
Torrey Pines Substation,Torrey Pines Substation,San Diego Gas & Electric,name,IOU,sdge,TORREY PINES,,32.898679,-117.2400452,280922418,way
Trabuco Substation,Trabuco Substation,,name,IOU,sdge,TRABUCO,,33.5628795,-117.673544,455875595,way
Richmond Substation,Richmond Substation,Pacific Gas and Electric Company,distance_iou,IOU,pge,6TH AVENUE,0.226,37.7802003,-122.4665909,1243592491,way
7TH STANDARD (PGE),,,distance_iou,IOU,pge,7TH STANDARD,0.044,35.4399537,-119.1315376,178576323,way
8th Ave Substation,8th Ave Substation,Pacific Gas and Electric Company,distance_iou,IOU,pge,8TH AVENUE,0.023,37.8004402,-122.2419727,662572163,way
Martinez Substation,Martinez Substation,,distance_iou,IOU,pge,ALHAMBRA,0.036,37.993909,-122.1299929,35602439,way
ALLEGHANY (PGE),,,distance_iou,IOU,pge,ALLEGHANY,0.049,39.4654596,-120.8448286,1464197007,way
ALPAUGH (PGE),,,distance_iou,IOU,pge,ALPAUGH,0.049,35.9633071,-119.4568157,1026479617,way
AMES (PGE),,,distance_iou,IOU,pge,AMES,0.639,37.4188421,-122.0600562,923767038,way
AMES (PGE),,,distance_iou,IOU,pge,AMES,0.627,37.4164852,-122.0603969,1215763173,way
N-221C,N-221C,,distance_iou,IOU,pge,AMES,0.409,37.4155805,-122.0637752,842021525,way
N-225,N-225,,distance_iou,IOU,pge,AMES,0.386,37.4167683,-122.0631577,842021526,way
N-225B,N-225B,,distance_iou,IOU,pge,AMES,0.335,37.4181928,-122.0634407,181560370,way
ANDERSON (PGE),,,distance_iou,IOU,pge,ANDERSON,0.045,40.4497231,-122.3050612,1492309918,way
ANITA (PGE),,,distance_iou,IOU,pge,ANITA,0.018,39.8109559,-121.9197319,214696254,way
ANNAPOLIS (PGE),,,distance_iou,IOU,pge,ANNAPOLIS,0.110,38.6803197,-123.3118474,1452968174,way
ANTLER (PGE),,,distance_iou,IOU,pge,ANTLER,0.054,40.8945317,-122.3807803,709489976,way
ARANA (PGE),,,distance_iou,IOU,pge,ARANA,0.029,36.9842788,-121.9904264,224272659,way
ARBUCKLE (PGE),,Pacific Gas and Electric Company,distance_iou,IOU,pge,ARBUCKLE,0.040,39.0174762,-122.0614702,246099192,way
ARCATA (PGE),,,distance_iou,IOU,pge,ARCATA,0.030,40.8670432,-124.0882566,99446821,way
ARVIN (PGE),,,distance_iou,IOU,pge,ARVIN,0.267,35.1475011,-118.8786444,1485095067,way
ARVIN (PGE),,,distance_iou,IOU,pge,ARVIN,0.053,35.1503347,-118.8785277,1485095068,way
ASHLAN AVE (PGE),,,distance_iou,IOU,pge,ASHLAN AVE,0.027,36.7927984,-119.8276783,61473019,way
AUBERRY (PGE),,,distance_iou,IOU,pge,AUBERRY,0.056,37.0679551,-119.495641,1469474888,way
AUBURN (PGE),,,distance_iou,IOU,pge,AUBURN,0.020,38.9035056,-121.0698282,1485095250,way
AVENAL (PGE),,,distance_iou,IOU,pge,AVENAL,0.811,35.9831182,-120.110293,761054058,way
AVENAL (PGE),,,distance_iou,IOU,pge,AVENAL,0.004,35.9781505,-120.1169516,761054059,way
BAKERSFIELD (PGE),,,distance_iou,IOU,pge,BAKERSFIELD,0.135,35.387369,-119.0045113,168937713,way
BALCH NO 1 (PGE),,,distance_iou,IOU,pge,BALCH NO 1,0.188,36.9087428,-119.0882812,169507766,way
BALFOUR (PGE),,,distance_iou,IOU,pge,BALFOUR,0.043,37.9258499,-121.6782927,1392755464,way
BANCROFT (PGE),,,distance_iou,IOU,pge,BANCROFT,0.063,37.739987,-122.1554348,1485095152,way
BANGOR (PGE),,,distance_iou,IOU,pge,BANGOR,0.038,39.387641,-121.4031313,1413299131,way
BARTON (PGE),,,distance_iou,IOU,pge,BARTON,0.013,36.7642272,-119.7348875,231199184,way
BASALT (PGE),,,distance_iou,IOU,pge,BASALT,0.018,38.2631322,-122.2692531,33292238,way
BAY MEADOWS (PGE),,,distance_iou,IOU,pge,BAY MEADOWS,0.013,37.5516381,-122.2925879,30831608,way
Beach Street Substation,Beach Street Substation,Pacific Gas and Electric Company,distance_iou,IOU,pge,BEACH (Q),0.013,37.8076265,-122.4145321,1081720082,way
BEAR VALLEY (PGE),,,distance_iou,IOU,pge,BEAR VALLEY,0.077,37.5864768,-120.1256115,821245515,way
BELMONT (PGE),,,distance_iou,IOU,pge,BELMONT,0.739,37.5286166,-122.2596294,8639220347,node
BELMONT (PGE),,,distance_iou,IOU,pge,BELMONT,0.657,37.5218323,-122.2586034,8663833304,node
BELMONT (PGE),,,distance_iou,IOU,pge,BELMONT,0.973,37.5199691,-122.2557198,8665420823,node
BELMONT (PGE),,,distance_iou,IOU,pge,BELMONT,0.756,37.5306566,-122.2667397,392298381,way
BERESFORD (PGE),,,distance_iou,IOU,pge,BERESFORD,0.039,37.5648812,-122.3193117,1266010221,way
BIG BEND (PGE),,,distance_iou,IOU,pge,BIG BEND,0.020,39.6772035,-121.4916667,1492309900,way
BIG RIVER (PGE),,,distance_iou,IOU,pge,BIG RIVER,0.013,39.3112979,-123.7865257,1485094874,way
BIOLA (PGE),,,distance_iou,IOU,pge,BIOLA,0.025,36.7927429,-120.1142114,1201719629,way
BLACKWELL (PGE),,,distance_iou,IOU,pge,BLACKWELL,0.038,35.6146042,-119.8538238,1193280588,way
BLUE LAKE (PGE),,,distance_iou,IOU,pge,BLUE LAKE,0.973,40.8722653,-123.9752008,1188010439,way
Bolinas Sub,Bolinas Sub,Pacific Gas and Electric Company,distance_iou,IOU,pge,BOLINAS,0.049,37.9411985,-122.7062054,973121627,way
BONITA (PGE),,,distance_iou,IOU,pge,BONITA,0.042,36.9677271,-120.2026934,1275887236,way
BORDEN (PGE),,Pacific Gas and Electric Company,distance_iou,IOU,pge,BORDEN,0.019,36.9221719,-119.9845231,182627499,way
BORONDA (PGE),,,distance_iou,IOU,pge,BORONDA,0.042,36.6902752,-121.6793145,1273559839,way
BRIDGEVILLE (PGE),,Pacific Gas and Electric,distance_iou,IOU,pge,BRIDGEVILLE,0.020,40.4796261,-123.7802347,107669099,way
BRITTON (PGE),,,distance_iou,IOU,pge,BRITTON,0.051,37.3744687,-122.0163991,52098545,way
BRITTON (PGE),,,distance_iou,IOU,pge,BRITTON,0.931,37.3771474,-122.006367,188689669,way
BRITTON (PGE),,,distance_iou,IOU,pge,BRITTON,0.755,37.3800274,-122.0221481,367151071,way
BROWNS VALLEY (PGE),,,distance_iou,IOU,pge,BROWNS VALLEY,0.056,39.2258985,-121.4228155,1485095182,way
Bucks Creek Switchyard,Bucks Creek Switchyard,Pacific Gas and Electric Company,distance_iou,IOU,pge,BUCKS CREEK,0.087,39.9110606,-121.3275598,490201586,way
BUELLTON (PGE),,Pacific Gas and Electric Company,distance_iou,IOU,pge,BUELLTON,0.058,34.6247415,-120.1861721,1442944988,way
BUENA VISTA (PGE),,,distance_iou,IOU,pge,BUENA VISTA,0.007,36.6538788,-121.6292102,1485095123,way
BULLARD (PGE),,,distance_iou,IOU,pge,BULLARD,0.021,36.8238988,-119.7685346,171482968,way
BURLINGAME (PGE),,Pacific Gas and Electric Company,distance_iou,IOU,pge,BURLINGAME,0.044,37.5899874,-122.3633154,27058652,way
Paralleling Station 3,Paralleling Station 3,Caltrain,distance_iou,IOU,pge,BURLINGAME,0.438,37.589984,-122.367795,1028563552,way
BUTTE (PGE),,Pacific Gas and Electric Company,distance_iou,IOU,pge,BUTTE,0.018,39.7121594,-121.813293,1257235521,way
CABRILLO (PGE),,,distance_iou,IOU,pge,CABRILLO,0.980,34.6346216,-120.4350911,1450406542,way
CAL WATER (PGE),,,distance_iou,IOU,pge,CAL WATER,0.029,35.4220243,-118.9007934,1492309713,way
CALAVERAS CEMENT (PGE),,,distance_iou,IOU,pge,CALAVERAS CEMENT,0.129,38.1698976,-120.667216,965314498,way
CALFLAX (PGE),,,distance_iou,IOU,pge,CALFLAX,0.010,36.2839661,-120.1221125,1485095094,way
CALIFORNIA AVE (PGE),,,distance_iou,IOU,pge,CALIFORNIA AVE,0.023,36.7195706,-119.7643152,1275887173,way
CALPELLA (PGE),,,distance_iou,IOU,pge,CALPELLA,0.005,39.1972507,-123.1925887,1132447127,way
CANAL (PGE),,,distance_iou,IOU,pge,CANAL,0.023,37.066326,-120.8357143,305512593,way
CANTUA (PGE),,,distance_iou,IOU,pge,CANTUA,0.022,36.4293448,-120.3416959,1352358854,way
CAPAY (PGE),,,distance_iou,IOU,pge,CAPAY,0.070,39.7759451,-122.1038329,1118814938,way
CARLOTTA (PGE),,,distance_iou,IOU,pge,CARLOTTA,0.048,40.5410892,-124.0637722,1485094856,way
CARNERAS (PGE),,,distance_iou,IOU,pge,CARNERAS,0.065,35.5410385,-119.8052984,175771682,way
CAROLANDS (PGE),,,distance_iou,IOU,pge,CAROLANDS,0.034,37.5527967,-122.3763475,1411154912,way
778,778,,distance_iou,IOU,pge,CARQUINEZ,0.955,38.0854611,-122.2572823,59590898,way
CARQUINEZ (PGE),,Pacific Gas and Electric Company,distance_iou,IOU,pge,CARQUINEZ,0.023,38.0909449,-122.2485682,32895420,way
CARRIZO PLAINS (PGE),,,distance_iou,IOU,pge,CARRIZO PLAINS,0.040,35.3806626,-120.0402286,1485095032,way
CASSIDY (PGE),,,distance_iou,IOU,pge,CASSIDY,0.040,36.9240515,-119.8125727,1211004737,way
CATLETT (PGE),,Pacific Gas and Electric Company,distance_iou,IOU,pge,CATLETT,0.004,38.8087962,-121.5165493,109066389,way
CEDAR CREEK (PGE),,,distance_iou,IOU,pge,CEDAR CREEK,0.049,40.7911706,-121.9378294,682044161,way
CHALLENGE (PGE),,,distance_iou,IOU,pge,CHALLENGE,0.040,39.4853037,-121.2203309,965219477,way
CHICO A (PGE),,,distance_iou,IOU,pge,CHICO A,0.024,39.7187763,-121.8209811,880298168,way
CHICO B (PGE),,,distance_iou,IOU,pge,CHICO B,0.035,39.7255709,-121.8470471,480898024,way
CHOWCHILLA (PGE),,,distance_iou,IOU,pge,CHOWCHILLA,0.031,37.1207397,-120.2507683,1321429784,way
CLARK ROAD (PGE),,,distance_iou,IOU,pge,CLARK ROAD,0.032,39.6545457,-121.6355492,1448110611,way
CLAY (PGE),,,distance_iou,IOU,pge,CLAY,0.024,38.3420354,-120.9351075,821245497,way
CLEAR LAKE (PGE),,,distance_iou,IOU,pge,CLEAR LAKE,0.044,39.0077726,-122.8939644,838271995,way
CLOVERDALE (PGE),,,distance_iou,IOU,pge,CLOVERDALE,0.025,38.7971268,-123.0102816,837924688,way
CLOVIS (PGE),,,distance_iou,IOU,pge,CLOVIS,0.030,36.8262269,-119.6812324,61870709,way
COALINGA NO 2 (PGE),,,distance_iou,IOU,pge,COALINGA NO 2,0.069,36.2371245,-120.3147581,1485095100,way
COARSEGOLD (PGE),,,distance_iou,IOU,pge,COARSEGOLD,0.016,37.2274348,-119.6907348,1492309541,way
COLUMBIA HILL (PGE),,,distance_iou,IOU,pge,COLUMBIA HILL,0.031,39.3318242,-121.1013837,1485095180,way
COLUMBUS (PGE),,,distance_iou,IOU,pge,COLUMBUS,0.011,35.398424,-118.9397705,813036949,way
COLUSA (PGE),,,distance_iou,IOU,pge,COLUSA,0.040,39.2135267,-122.0026368,507853840,way
COLUSA JUNCTION (PGE),,,distance_iou,IOU,pge,COLUSA JUNCTION,0.060,39.1911044,-121.9904267,1485095268,way
CORDELIA (PGE),,Pacific Gas and Electric Company,distance_iou,IOU,pge,CORDELIA,0.080,38.2163273,-122.1115989,33068511,way
CORNING (PGE),,,distance_iou,IOU,pge,CORNING,0.034,39.9323417,-122.1876184,911415808,way
CORONA (PGE),,,distance_iou,IOU,pge,CORONA,0.022,38.2650323,-122.6573848,331353118,way
CORRAL (PGE),,,distance_iou,IOU,pge,CORRAL,0.079,38.1014664,-120.9261914,168493880,way
COUNTRY CLUB (PGE),,,distance_iou,IOU,pge,COUNTRY CLUB,0.412,37.9794869,-121.3110092,258216982,way
COUNTRY CLUB (PGE),,,distance_iou,IOU,pge,COUNTRY CLUB,0.028,37.9793614,-121.3156557,480985633,way
COUNTRY CLUB (PGE),,,distance_iou,IOU,pge,COUNTRY CLUB,0.076,37.9792055,-121.3164034,480985634,way
COVELO (PGE),,,distance_iou,IOU,pge,COVELO,0.015,39.7862467,-123.2486361,1485094872,way
CRESCENT MILLS (PGE),,,distance_iou,IOU,pge,CRESCENT MILLS,0.047,40.0938044,-120.9112305,1485095259,way
CRESTA PH (PGE),,,distance_iou,IOU,pge,CRESTA PH,0.007,39.8264384,-121.4096576,154936774,way
CURTIS (PGE),,,distance_iou,IOU,pge,CURTIS,0.362,37.9743799,-120.3156538,1297152437,way
CURTIS (PGE),,,distance_iou,IOU,pge,CURTIS,0.024,37.9744785,-120.3199464,1297152445,way
CUYAMA (PGE),,,distance_iou,IOU,pge,CUYAMA,0.121,34.9281474,-119.62145,1266670672,way
CUYAMA (PGE),,,distance_iou,IOU,pge,CUYAMA,0.099,34.9275058,-119.6213715,1266670673,way
DAIRYLAND (PGE),,,distance_iou,IOU,pge,DAIRYLAND,0.011,37.055147,-120.3169602,1275887338,way
DAIRYVILLE (PGE),,,distance_iou,IOU,pge,DAIRYVILLE,0.006,40.1280172,-122.0982923,909024308,way
DAYTON ROAD (PGE),,Pacific Gas and Electric Company,distance_iou,IOU,pge,DAYTON ROAD,0.057,39.7197062,-121.8393972,1296253858,way
DEL MONTE (PGE),,,distance_iou,IOU,pge,DEL MONTE,0.050,36.5988371,-121.8538123,151801691,way
PG & E Substation,PG & E Substation,Pacific Gas and Electric Company,distance_iou,IOU,pge,DEL MONTE,0.138,36.5982643,-121.8531289,151801695,way
DESCHUTES (PGE),,,distance_iou,IOU,pge,DESCHUTES,0.037,40.5553317,-122.2394864,159114425,way
DEVILS DEN (PGE),,,distance_iou,IOU,pge,DEVILS DEN,0.086,35.7750077,-119.9738414,1446976932,way
Missouri Flat Switching Station,Missouri Flat Switching Station,Pacific Gas and Electric,distance_iou,IOU,pge,DIAMOND SPRINGS,0.183,38.6946083,-120.8246788,407070542,way
DINUBA (PGE),,,distance_iou,IOU,pge,DINUBA,0.031,36.5200849,-119.3941784,1469474887,way
DIVIDE (PGE),,,distance_iou,IOU,pge,DIVIDE,0.089,34.8283424,-120.4484022,175152840,way
DOBBINS (PGE),,,distance_iou,IOU,pge,DOBBINS,0.045,39.3398639,-121.19497,1392180064,way
DOLAN ROAD (PGE),,,distance_iou,IOU,pge,DOLAN ROAD,0.018,36.8002613,-121.7690896,24396811,way
DOS PALOS (PGE),,,distance_iou,IOU,pge,DOS PALOS,0.053,36.9747867,-120.6352235,306152236,way
DOS PALOS (PGE),,,distance_iou,IOU,pge,DOS PALOS,0.057,36.9747829,-120.635285,1337799294,way
DUNBAR (PGE),,,distance_iou,IOU,pge,DUNBAR,0.040,38.383392,-122.5279367,1485094875,way
DUNLAP (PGE),,,distance_iou,IOU,pge,DUNLAP,0.036,36.7093731,-119.0291244,1469474886,way
DUNNIGAN (PGE),,,distance_iou,IOU,pge,DUNNIGAN,0.056,38.925022,-121.989474,1031880655,way
Traction Power Facility 1,Traction Power Facility 1,Caltrain,distance_iou,IOU,pge,EAST GRAND,0.292,37.6565442,-122.4048633,1028572730,way
EAST QUINCY (PGE),,,distance_iou,IOU,pge,EAST QUINCY,0.034,39.938535,-120.9107511,1360540106,way
EAST STOCKTON (PGE),,,distance_iou,IOU,pge,EAST STOCKTON,0.879,37.9681056,-121.2687157,1382013925,way
EEL RIVER (PGE),,,distance_iou,IOU,pge,EEL RIVER,0.023,40.6026511,-124.2101182,1469476408,way
EL CAPITAN (PGE),,,distance_iou,IOU,pge,EL CAPITAN,0.017,37.3358938,-120.5055814,79101181,way
EL PATIO (PGE),,,distance_iou,IOU,pge,EL PATIO,0.828,37.2982548,-121.9313384,431423358,way
EL PECO (PGE),,,distance_iou,IOU,pge,EL PECO,0.031,36.8807167,-120.164474,1485094897,way
ELECTRA (PGE),,,distance_iou,IOU,pge,ELECTRA,0.049,38.3313637,-120.6729723,1154148051,way
ELK CREEK (PGE),,,distance_iou,IOU,pge,ELK CREEK,0.067,39.5928742,-122.5429336,1485094871,way
ELK HILLS (PGE),,,distance_iou,IOU,pge,ELK HILLS,0.016,35.2260992,-119.37663,1469474882,way
ESQUON (PGE),,,distance_iou,IOU,pge,ESQUON,0.007,39.6076872,-121.7682914,877683794,way
EUREKA A (PGE),,,distance_iou,IOU,pge,EUREKA A,0.037,40.7937376,-124.1833028,1492309497,way
EUREKA E (PGE),,,distance_iou,IOU,pge,EUREKA E,0.070,40.7933625,-124.1802579,1485094860,way
Senter Substation,Senter Substation,Pacific Gas and Electric Company,distance_iou,IOU,pge,EVERGREEN,0.085,37.3031783,-121.8408334,38653255,way
FAIRHAVEN (PGE),,,distance_iou,IOU,pge,FAIRHAVEN,0.026,40.8003148,-124.1961206,854843618,way
FAIRHAVEN (PGE),,,distance_iou,IOU,pge,FAIRHAVEN,0.597,40.8059108,-124.1962008,939360905,way
FAIRVIEW (PGE),,,distance_iou,IOU,pge,FAIRVIEW,0.198,38.0141664,-122.1158343,92513856,way
Martinez Substation,Martinez Substation,,distance_iou,IOU,pge,FAIRVIEW,0.052,38.0154455,-122.1162144,92107752,way
FAIRWAY (PGE),,Pacific Gas and Electric Company,distance_iou,IOU,pge,FAIRWAY,0.034,34.9106222,-120.44646,729734042,way
FAMOSO (PGE),,,distance_iou,IOU,pge,FAMOSO,0.029,35.60522,-119.2031322,249678267,way
FELLOWS (PGE),,,distance_iou,IOU,pge,FELLOWS,0.369,35.1933062,-119.5824393,1485095052,way
FIGARDEN (PGE),,,distance_iou,IOU,pge,FIGARDEN,0.047,36.8217484,-119.8587765,61366384,way
FIGARDEN (PGE),,,distance_iou,IOU,pge,FIGARDEN,0.052,36.8218045,-119.8587757,121756553,way
FIREBAUGH (PGE),,,distance_iou,IOU,pge,FIREBAUGH,0.059,36.8505375,-120.466422,1275887243,way
Badger Substation,Badger Substation,City of Healdsburg,distance_iou,IOU,pge,FITCH MOUNTAIN,0.436,38.6098231,-122.856271,184864655,way
FITCH MOUNTAIN (PGE),,,distance_iou,IOU,pge,FITCH MOUNTAIN,0.032,38.6065725,-122.8528649,1451092399,way
Traction Power Facility 2,Traction Power Facility 2,Caltrain,distance_iou,IOU,pge,FMC,0.188,37.3460776,-121.9208217,1028522822,way
FORESTHILL (PGE),,Pacific Gas and Electric Company,distance_iou,IOU,pge,FORESTHILL,0.109,39.019325,-120.8302712,187597852,way
FORT BRAGG A (PGE),,,distance_iou,IOU,pge,FORT BRAGG A,0.060,39.4347807,-123.7994135,1006265842,way
FORT BRAGG A (PGE),,,distance_iou,IOU,pge,FORT BRAGG A,0.103,39.4343971,-123.7994161,1006265843,way
FORT ORD (PGE),,,distance_iou,IOU,pge,FORT ORD,0.020,36.6433258,-121.7926072,579423158,way
FORT ROSS (PGE),,,distance_iou,IOU,pge,FORT ROSS,0.058,38.5396109,-123.2237279,1452921049,way
FORT SEWARD (PGE),,,distance_iou,IOU,pge,FORT SEWARD,0.024,40.2138082,-123.5964237,1437029494,way
FRENCH GULCH (PGE),,,distance_iou,IOU,pge,FRENCH GULCH,0.062,40.6868975,-122.6412024,1485094868,way
FROGTOWN (PGE),,,distance_iou,IOU,pge,FROGTOWN,0.017,38.0571308,-120.5340167,181630664,way
FRUITLAND (PGE),,,distance_iou,IOU,pge,FRUITLAND,0.094,40.2858383,-123.8373219,1437029497,way
FRUITVALE (PGE),,,distance_iou,IOU,pge,FRUITVALE,0.057,35.3772722,-119.0927399,169286850,way
GABILAN (PGE),,,distance_iou,IOU,pge,GABILAN,0.007,36.731358,-121.6133282,1485095125,way
GANSNER (PGE),,,distance_iou,IOU,pge,GANSNER,0.049,39.9392417,-120.9482551,1360540103,way
GANSO (PGE),,,distance_iou,IOU,pge,GANSO,0.036,35.5010988,-119.4488587,761043376,way
GARBERVILLE (PGE),,,distance_iou,IOU,pge,GARBERVILLE,0.079,40.1027113,-123.7928586,829793684,way
GATES (PGE),,,distance_iou,IOU,pge,GATES,0.831,36.1456347,-120.1197732,1236749152,way
GERBER (PGE),,,distance_iou,IOU,pge,GERBER,0.022,40.0641188,-122.1560742,1115662513,way
GEYSERVILLE (PGE),,,distance_iou,IOU,pge,GEYSERVILLE,0.035,38.7098062,-122.9080453,457133621,way
GIFFEN (PGE),,,distance_iou,IOU,pge,GIFFEN,0.185,36.5474338,-120.3352359,1148985469,way
GIFFEN (PGE),,,distance_iou,IOU,pge,GIFFEN,0.025,36.5457837,-120.3351095,1148985470,way
GIRVAN (PGE),,,distance_iou,IOU,pge,GIRVAN,0.016,40.5133381,-122.3788144,759127762,way
SRI Substation,SRI Substation,Pacific Gas and Electric Company,distance_iou,IOU,pge,GLENWOOD,0.826,37.4553512,-122.1783056,110419842,way
GOOSE LAKE (PGE),,Pacific Gas and Electric,distance_iou,IOU,pge,GOOSE LAKE,0.088,35.6013123,-119.5806831,1307548005,way
GRASS VALLEY (PGE),,Pacific Gas and Electric Company,distance_iou,IOU,pge,GRASS VALLEY,0.017,39.2090689,-121.0613012,1115091885,way
GRAYS FLAT (PGE),,,distance_iou,IOU,pge,GRAYS FLAT,0.021,40.0222321,-121.0639477,1360540109,way
GREENBRAE (PGE),,,distance_iou,IOU,pge,GREENBRAE,0.026,37.9378486,-122.5142527,901455609,way
GUALALA (PGE),,,distance_iou,IOU,pge,GUALALA,0.048,38.7861605,-123.5221013,1348855040,way
GUERNSEY (PGE),,,distance_iou,IOU,pge,GUERNSEY,0.046,36.2264463,-119.655274,1485095088,way
HAAS (PGE),,,distance_iou,IOU,pge,HAAS,0.064,36.9273612,-119.020886,972168631,way
HALSEY (PGE),,,distance_iou,IOU,pge,HALSEY,0.036,38.9569119,-121.0432699,125096987,way
HAMILTON A (PGE),,,distance_iou,IOU,pge,HAMILTON A,0.013,39.7463728,-122.0114042,1485095275,way
HAMMER (PGE),,,distance_iou,IOU,pge,HAMMER,0.008,38.0215596,-121.3203995,1315247885,way
HAMMONDS (PGE),,,distance_iou,IOU,pge,HAMMONDS,0.071,36.7201404,-120.6033839,1485095113,way
HARRIS (PGE),,,distance_iou,IOU,pge,HARRIS,0.045,40.7809869,-124.1318171,877379148,way
HARTER (PGE),,,distance_iou,IOU,pge,HARTER,0.030,39.1433188,-121.6479656,688766512,way
HARTER (PGE),,,distance_iou,IOU,pge,HARTER,0.956,39.136878,-121.6401384,1071143531,way
HARTER (PGE),,,distance_iou,IOU,pge,HARTER,0.951,39.1384377,-121.6385483,1071143532,way
HARTER (PGE),,,distance_iou,IOU,pge,HARTER,0.926,39.1390885,-121.6383857,1071143533,way
HENRIETTA (PGE),,,distance_iou,IOU,pge,HENRIETTA,0.158,36.2404635,-119.9044299,182604564,way
HENRIETTA (PGE),,,distance_iou,IOU,pge,HENRIETTA,0.034,36.2421391,-119.9047128,761054053,way
HENRIETTA (PGE),,,distance_iou,IOU,pge,HENRIETTA,0.350,36.2448252,-119.9035667,1176786335,way
HERDLYN (PGE),,,distance_iou,IOU,pge,HERDLYN,0.095,37.8166867,-121.5861569,94571465,way
HIGHLANDS (PGE),,Pacific Gas and Electric Company,distance_iou,IOU,pge,HIGHLANDS,0.012,38.9370341,-122.6089565,458205239,way
American Canyon Substation,American Canyon Substation,Pacific Gas and Electric Company,distance_iou,IOU,pge,HIGHWAY,0.031,38.1661376,-122.2535959,259248810,way
HILLSDALE (PGE),,,distance_iou,IOU,pge,HILLSDALE,0.048,37.5366763,-122.3220449,98341414,way
HOLLISTER (PGE),,,distance_iou,IOU,pge,HOLLISTER,0.025,36.8627977,-121.4062132,91534418,way
HOOPA (PGE),,,distance_iou,IOU,pge,HOOPA,0.026,41.0564461,-123.6822543,543735419,way
HOPLAND (PGE),,,distance_iou,IOU,pge,HOPLAND,0.013,38.9728319,-123.0813064,837934479,way
HUMBOLDT BAY PP (PGE),,,distance_iou,IOU,pge,HUMBOLDT BAY PP,0.068,40.7403757,-124.2097312,1485094858,way
HURON (PGE),,,distance_iou,IOU,pge,HURON,0.007,36.1860139,-120.1039046,61206794,way
INDIAN FLAT (PGE),,,distance_iou,IOU,pge,INDIAN FLAT,0.075,37.6648583,-119.8412082,1275887344,way
INDUSTRIAL ACRES (PGE),,,distance_iou,IOU,pge,INDUSTRIAL ACRES,0.041,36.6638212,-121.6286067,1485095124,way
IONE (PGE),,,distance_iou,IOU,pge,IONE,0.039,38.3739117,-120.9575363,1154069984,way
IONE (PGE),,,distance_iou,IOU,pge,IONE,0.834,38.3696923,-120.9490854,1154069985,way
IONE (PGE),,,distance_iou,IOU,pge,IONE,0.576,38.3737677,-120.9505591,1492309835,way
JACINTO (PGE),,,distance_iou,IOU,pge,JACINTO,0.015,39.5827884,-122.010506,1113622748,way
JACOBS CORNER (PGE),,,distance_iou,IOU,pge,JACOBS CORNER,0.040,36.2224301,-119.7799485,1485095092,way
JANES CREEK (PGE),,,distance_iou,IOU,pge,JANES CREEK,0.021,40.9051138,-124.072412,845944182,way
JANES CREEK (PGE),,,distance_iou,IOU,pge,JANES CREEK,0.713,40.8988165,-124.0731522,1256390167,way
Decoto Substation,Decoto Substation,Pacific Gas and Electric Company,distance_iou,IOU,pge,JARVIS,0.009,37.59529,-122.0176363,112452159,way
JESSUP (PGE),,,distance_iou,IOU,pge,JESSUP,0.007,40.4617564,-122.327792,176723931,way
JOLON (PGE),,,distance_iou,IOU,pge,JOLON,0.060,36.0132699,-121.1679722,205002377,way
KANAKA (PGE),,,distance_iou,IOU,pge,KANAKA,0.011,39.5751656,-121.3056727,1485095175,way
KEARNEY (PGE),,,distance_iou,IOU,pge,KEARNEY,0.014,36.7068038,-119.880005,61811029,way
KEARNEY (PGE),,,distance_iou,IOU,pge,KEARNEY,0.298,36.7056156,-119.8831488,1275887188,way
KEARNEY (PGE),,,distance_iou,IOU,pge,KEARNEY,0.349,36.7036657,-119.8810969,1275887189,way
KERMAN (PGE),,,distance_iou,IOU,pge,KERMAN,0.008,36.6916115,-120.0601051,61150381,way
KERN OIL (PGE),,,distance_iou,IOU,pge,KERN OIL,0.013,35.4406836,-119.0205335,168937758,way
KERN OIL (PGE),,,distance_iou,IOU,pge,KERN OIL,0.644,35.4403961,-119.013298,1485095078,way
KERN POWER (PGE),,,distance_iou,IOU,pge,KERN POWER,0.150,35.3797211,-119.0973892,169286802,way
KING CITY (PGE),,,distance_iou,IOU,pge,KING CITY,0.847,36.2245713,-121.1252743,1370432147,way
KINGSBURG (PGE),,,distance_iou,IOU,pge,KINGSBURG,0.021,36.4884613,-119.5826136,1492309547,way
KIRKER (PGE),,,distance_iou,IOU,pge,KIRKER,0.022,38.0208157,-121.9059353,35735111,way
KIRKER (PGE),,,distance_iou,IOU,pge,KIRKER,0.931,38.0288885,-121.9026341,1259168924,way
KONOCTI (PGE),,,distance_iou,IOU,pge,KONOCTI,0.028,38.9323611,-122.741061,837581542,way
LAKEVIEW (PGE),,,distance_iou,IOU,pge,LAKEVIEW,0.045,35.094042,-119.1011218,1304317016,way
LAMONT (PGE),,,distance_iou,IOU,pge,LAMONT,0.068,35.2970776,-118.8625149,168525664,way
LAMONT (PGE),,,distance_iou,IOU,pge,LAMONT,0.341,35.2953714,-118.8587156,1485095070,way
LAS GALLINAS A (PGE),,Pacific Gas and Electric Company,distance_iou,IOU,pge,LAS GALLINAS A,0.024,38.0223677,-122.5380414,35022268,way
LAWNDALE (PGE),,Pacific Gas and Electric Company,distance_iou,IOU,pge,LAWNDALE,0.055,37.662521,-122.4426035,388633763,way
LAYTONVILLE (PGE),,,distance_iou,IOU,pge,LAYTONVILLE,0.038,39.6845972,-123.4770832,1227483357,way
LE GRAND (PGE),,,distance_iou,IOU,pge,LE GRAND,0.042,37.185,-120.2739435,1266317162,way
LEMOORE (PGE),,,distance_iou,IOU,pge,LEMOORE,0.901,36.3040061,-119.7911106,827925181,way
LEMOORE (PGE),,,distance_iou,IOU,pge,LEMOORE,0.681,36.3052299,-119.793084,1427763303,way
Lerdo Sub,Lerdo Sub,Pacific Gas and Electric Company,distance_iou,IOU,pge,LERDO,0.024,35.5002365,-119.1519574,1295086785,way
LINCOLN (PGE),,,distance_iou,IOU,pge,LINCOLN,0.847,38.9027883,-121.3035701,228164567,way
PG&E Lincoln Substation,PG&E Lincoln Substation,Pacific Gas and Electric Company,distance_iou,IOU,pge,LINCOLN,0.013,38.9005734,-121.2941808,91333377,way
LIVE OAK (PGE),,Pacific Gas and Electric Company,distance_iou,IOU,pge,LIVE OAK,0.014,39.2763765,-121.6603486,1271262189,way
LIVERMORE (PGE),,,distance_iou,IOU,pge,LIVERMORE,0.030,37.6799788,-121.7805146,224999450,way
LLAGAS (PGE),,,distance_iou,IOU,pge,LLAGAS,0.034,37.0072605,-121.5573635,109355539,way
LOCKHEED NO 1 (PGE),,,distance_iou,IOU,pge,LOCKHEED NO 1,0.040,37.4096963,-122.0315528,503304011,way
LOCKHEED NO 2 (PGE),,,distance_iou,IOU,pge,LOCKHEED NO 2,0.716,37.4186596,-122.0394125,805637707,way
LOCKHEED NO 2 (PGE),,,distance_iou,IOU,pge,LOCKHEED NO 2,0.091,37.4160857,-122.0308803,805637708,way
LOS ALTOS (PGE),,,distance_iou,IOU,pge,LOS ALTOS,0.040,37.3938331,-122.1147241,258564462,way
LOS COCHES (PGE),,,distance_iou,IOU,pge,LOS COCHES,0.041,36.3664298,-121.2800596,1485094854,way
LOS GATOS (PGE),,Pacific Gas and Electric Company,distance_iou,IOU,pge,LOS GATOS,0.018,37.2264142,-121.9773801,207285497,way
LOS MOLINOS (PGE),,,distance_iou,IOU,pge,LOS MOLINOS,0.024,40.0342234,-122.096131,909228688,way
LOW GAP (PGE),,,distance_iou,IOU,pge,LOW GAP,0.063,40.4332769,-123.4726799,1132445598,way
LOYOLA (PGE),,,distance_iou,IOU,pge,LOYOLA,0.045,37.3611319,-122.0997665,929397167,way
LUCERNE (PGE),,,distance_iou,IOU,pge,LUCERNE,0.018,39.1103309,-122.8128996,1211363027,way
MABURY (PGE),,,distance_iou,IOU,pge,MABURY,0.038,37.3608675,-121.8641462,924671890,way
MADERA (PGE),,,distance_iou,IOU,pge,MADERA,0.034,36.9233726,-120.0554417,1223615969,way
MADISON (PGE),,,distance_iou,IOU,pge,MADISON,0.113,38.6706883,-121.9693895,756293871,way
MAGUNDEN (PGE),,,distance_iou,IOU,pge,MAGUNDEN,0.433,35.3581055,-118.9249195,879315985,way
MAGUNDEN (PGE),,,distance_iou,IOU,pge,MAGUNDEN,0.400,35.358575,-118.9255267,1485095073,way
MAGUNDEN (PGE),,,distance_iou,IOU,pge,MAGUNDEN,0.365,35.3588605,-118.9253604,1485095074,way
MALAGA (PGE),,,distance_iou,IOU,pge,MALAGA,0.052,36.6932731,-119.7265169,61800699,way
MALAGA (PGE),,,distance_iou,IOU,pge,MALAGA,0.535,36.6888622,-119.7237454,1485094907,way
MALAGA (PGE),,,distance_iou,IOU,pge,MALAGA,0.736,36.6875378,-119.7219872,1485094908,way
MANCHESTER (PGE),,,distance_iou,IOU,pge,MANCHESTER,0.018,36.7880975,-119.787752,61531590,way
PG&E Boston Substation,PG&E Boston Substation,Pacific Gas and Electric Company,distance_iou,IOU,pge,MAPLE,0.822,37.7997374,-122.2145371,1246640082,way
MAPLE CREEK (PGE),,,distance_iou,IOU,pge,MAPLE CREEK,0.053,40.7679265,-123.873758,711543443,way
MARICOPA (PGE),,,distance_iou,IOU,pge,MARICOPA,0.089,35.1078088,-119.3982033,1500765939,way
MARIPOSA (PGE),,,distance_iou,IOU,pge,MARIPOSA,0.033,37.5044464,-120.0079315,1485094902,way
MARTELL (PGE),,,distance_iou,IOU,pge,MARTELL,0.787,38.3686467,-120.8054998,1485095200,way
MARYSVILLE (PGE),,Pacific Gas and Electric Company,distance_iou,IOU,pge,MARYSVILLE,0.016,39.1401011,-121.5834806,86819754,way
MARYSVILLE (PGE),,Pacific Gas and Electric Company,distance_iou,IOU,pge,MARYSVILLE,0.071,39.1393812,-121.5834156,86819759,way
MAXWELL (PGE),,,distance_iou,IOU,pge,MAXWELL,0.039,39.2769531,-122.1533507,1485095272,way
McArthur Substation,McArthur Substation,,distance_iou,IOU,pge,MC ARTHUR,0.008,41.0513959,-121.408282,17022834,relation
McCall Substation,McCall Substation,Pacific Gas and Electric Company,distance_iou,IOU,pge,MC CALL,0.125,36.6108289,-119.6395996,182604563,way
MC FARLAND (PGE),,,distance_iou,IOU,pge,MC FARLAND,0.018,35.688421,-119.2768706,1469474884,way
McKee Substation,McKee Substation,,distance_iou,IOU,pge,MC KEE,0.028,37.3661783,-121.843497,95912441,way
MC MULLIN (PGE),,,distance_iou,IOU,pge,MC MULLIN,0.022,36.5934207,-119.9886782,182604630,way
MCKITTRICK (PGE),,,distance_iou,IOU,pge,MCKITTRICK,0.025,35.2968953,-119.6263923,1455900048,way
MENDOCINO (PGE),,,distance_iou,IOU,pge,MENDOCINO,0.086,39.2505486,-123.1966341,92966586,way
MENDOTA (PGE),,,distance_iou,IOU,pge,MENDOTA,0.091,36.7206484,-120.4577892,1275887293,way
MENLO (PGE),,,distance_iou,IOU,pge,MENLO,0.055,37.4328124,-122.2027904,584286402,way
Pacific Gas & Electric,Pacific Gas & Electric,Pacific Gas and Electric Company,distance_iou,IOU,pge,MERCED,0.021,37.2732862,-120.4871838,297694815,way
MERIDIAN (PGE),,,distance_iou,IOU,pge,MERIDIAN,0.045,39.1448059,-121.9105762,1210795165,way
MESA (PGE),,,distance_iou,IOU,pge,MESA,0.152,35.0071188,-120.4551533,1450144827,way
METTLER (PGE),,,distance_iou,IOU,pge,METTLER,0.032,38.0779766,-121.2868175,1485095231,way
MIDDLE RIVER (PGE),,,distance_iou,IOU,pge,MIDDLE RIVER,0.031,37.9369748,-121.529172,35832917,way
MIDDLETOWN (PGE),,,distance_iou,IOU,pge,MIDDLETOWN,0.071,38.7528261,-122.6087319,164658059,way
MILLBRAE (PGE),,,distance_iou,IOU,pge,MILLBRAE,0.055,37.6057508,-122.3924732,1155684919,way
Santa Paula Substation,Santa Paula Substation,,distance_iou,IOU,pge,MILLBRAE,0.306,37.6080787,-122.3910969,135234565,way
MIRABEL (PGE),,,distance_iou,IOU,pge,MIRABEL,0.013,38.4895178,-122.8941848,756283959,way
MOLINO (PGE),,,distance_iou,IOU,pge,MOLINO,0.065,38.4252983,-122.8323486,744743215,way
MONROE (PGE),,Pacific Gas and Electric Company,distance_iou,IOU,pge,MONROE,0.938,38.4448407,-122.7435329,1301018412,way
MONTAGUE (PGE),,Pacific Gas and Electric Company,distance_iou,IOU,pge,MONTAGUE,0.045,37.4033888,-121.9059343,688096231,way
MONTE RIO (PGE),,,distance_iou,IOU,pge,MONTE RIO,0.069,38.4714131,-123.0122754,1452750760,way
MONTICELLO (PGE),,Pacific Gas and Electric Company,distance_iou,IOU,pge,MONTICELLO,0.056,38.508645,-122.2144254,33833507,way
MORRO BAY (PGE),,,distance_iou,IOU,pge,MORRO BAY,0.118,35.3752988,-120.8550446,93420667,way
MOSHER (PGE),,,distance_iou,IOU,pge,MOSHER,0.012,38.0218851,-121.2808763,1021504655,way
MOUNTAIN VIEW (PGE),,,distance_iou,IOU,pge,MOUNTAIN VIEW,0.028,37.3825121,-122.0698964,367132254,way
Cerberus Substation,Cerberus Substation,Amazon,distance_iou,IOU,pge,MT EDEN,0.848,37.6270637,-122.109719,606222639,way
Mount Eden Substation,Mount Eden Substation,Pacific Gas and Electric Company,distance_iou,IOU,pge,MT EDEN,0.045,37.6321853,-122.1019142,33111645,way
NAPA (PGE),,Pacific Gas and Electric Company,distance_iou,IOU,pge,NAPA,0.045,38.2954984,-122.2788605,466844612,way
NARROWS (PGE),,Pacific Gas and Electric Company,distance_iou,IOU,pge,NARROWS,0.040,39.235145,-121.2686849,136061117,way
Newark Substation,Newark Substation,Pacific Gas and Electric Company,distance_iou,IOU,pge,NEWARK 12KV,0.225,37.5008218,-121.9865669,28875096,way
Newark Distribution Substation,Newark Distribution Substation,Pacific Gas and Electric Company,distance_iou,IOU,pge,NEWARK 21KV,0.020,37.5027226,-121.9816204,28875097,way
Newberg Substation,Newberg Substation,Pacific Gas and Electric Company,distance_iou,IOU,pge,NEWBURG,0.033,40.5945569,-124.1352176,1492309495,way
NORCO (PGE),,,distance_iou,IOU,pge,NORCO,0.343,35.2825561,-119.3098511,1469474881,way
NORCO (PGE),,,distance_iou,IOU,pge,NORCO,0.052,35.2859804,-119.3091134,1485094920,way
NORD (PGE),,Pacific Gas and Electric Company,distance_iou,IOU,pge,NORD,0.005,39.7602677,-121.9070253,1485095274,way
NOVATO (PGE),,,distance_iou,IOU,pge,NOVATO,0.033,38.1086033,-122.5682795,1258418366,way
OAKHURST (PGE),,,distance_iou,IOU,pge,OAKHURST,0.019,37.3219028,-119.6343461,1469469697,way
OAKHURST (PGE),,,distance_iou,IOU,pge,OAKHURST,0.018,37.3218921,-119.6343488,1469474889,way
OAKLAND C (PGE),,,distance_iou,IOU,pge,OAKLAND C,0.666,37.7985148,-122.2884736,646103743,way
OAKLAND C (PGE),,,distance_iou,IOU,pge,OAKLAND C,0.726,37.7912137,-122.2788061,1291512647,way
OAKLAND C (PGE),,,distance_iou,IOU,pge,OAKLAND C,0.118,37.7964458,-122.2809367,1485095157,way
OAKLAND L (PGE),,,distance_iou,IOU,pge,OAKLAND L,0.373,37.8135537,-122.2703581,1094649565,way
OAKLAND X (PGE),,,distance_iou,IOU,pge,OAKLAND X,0.058,37.8055733,-122.2309582,1276842136,node
Olema Sub,Olema Sub,Pacific Gas and Electric Company,distance_iou,IOU,pge,OLEMA,0.028,38.0420939,-122.7866533,973117167,way
Oliverhurt Substation,Oliverhurt Substation,Pacific Gas and Electric Company,distance_iou,IOU,pge,OLIVEHURST,0.023,39.0920158,-121.5430625,86491045,way
College View Substation,College View Substation,,distance_iou,IOU,pge,OREGON TRAIL,0.144,40.6185315,-122.3237395,176723932,way
OREGON TRAIL (PGE),,,distance_iou,IOU,pge,OREGON TRAIL,0.007,40.6190152,-122.3220722,176723930,way
ORICK (PGE),,,distance_iou,IOU,pge,ORICK,0.021,41.2942936,-124.0568373,844912610,way
ORLAND B (PGE),,,distance_iou,IOU,pge,ORLAND B,0.007,39.7251759,-122.178732,923191249,way
ORO FINO (PGE),,,distance_iou,IOU,pge,ORO FINO,0.021,39.8715857,-121.6107995,1413158867,way
OROSI (PGE),,,distance_iou,IOU,pge,OROSI,0.023,36.5448304,-119.2514734,1485094915,way
OROVILLE (PGE),,,distance_iou,IOU,pge,OROVILLE,0.022,39.504013,-121.5601736,475911247,way
ORTIGA (PGE),,,distance_iou,IOU,pge,ORTIGA,0.020,36.9835434,-120.8196472,1484119695,way
PACIFIC GROVE (PGE),,,distance_iou,IOU,pge,PACIFIC GROVE,0.026,36.6173667,-121.9190312,1492294248,way
PALMER (PGE),,Pacific Gas and Electric Company,distance_iou,IOU,pge,PALMER,0.042,34.8253103,-120.2987574,1442947376,way
PANAMA (PGE),,,distance_iou,IOU,pge,PANAMA,0.012,35.2955029,-119.0216915,171335846,way
PANOCHE (PGE),,,distance_iou,IOU,pge,PANOCHE,0.356,36.6517108,-120.5841451,181864309,way
PANORAMA (PGE),,,distance_iou,IOU,pge,PANORAMA,0.229,40.4327531,-122.2690365,622698793,way
PANORAMA (PGE),,,distance_iou,IOU,pge,PANORAMA,0.046,40.4342753,-122.2679693,622701030,way
PARLIER (PGE),,,distance_iou,IOU,pge,PARLIER,0.015,36.6075208,-119.5213153,61165896,way
PARSONS (PGE),,,distance_iou,IOU,pge,PARSONS,0.041,37.701886,-122.0828083,1485095150,way
PEACHTON (PGE),,,distance_iou,IOU,pge,PEACHTON,0.056,39.378298,-121.6850357,1485095266,way
PENRYN (PGE),,Pacific Gas and Electric Company,distance_iou,IOU,pge,PENRYN,0.046,38.8444689,-121.1666147,31539339,way
PEORIA (PGE),,,distance_iou,IOU,pge,PEORIA,0.068,37.9037244,-120.4977411,1485095206,way
PIKE CITY (PGE),,,distance_iou,IOU,pge,PIKE CITY,0.025,39.4380383,-120.9961284,1485095179,way
PINE GROVE (PGE),,,distance_iou,IOU,pge,PINE GROVE,0.044,38.4128312,-120.6602199,1469474896,way
PINEDALE (PGE),,,distance_iou,IOU,pge,PINEDALE,0.023,36.8498858,-119.8033443,61261912,way
PIT NO 1 (PGE),,,distance_iou,IOU,pge,PIT NO 1,0.003,40.9905203,-121.4975121,12203300,relation
PIT NO 3 (PGE),,,distance_iou,IOU,pge,PIT NO 3,0.050,40.9976743,-121.7476627,961723093,way
PIT NO 5 (PGE),,,distance_iou,IOU,pge,PIT NO 5,0.666,40.9925724,-121.9746972,961723072,way
PIT NO 5 (PGE),,,distance_iou,IOU,pge,PIT NO 5,0.034,40.9867777,-121.9767011,961723080,way
PITTSBURG (PGE),,,distance_iou,IOU,pge,PITTSBURG,0.420,38.0302459,-121.8740192,36140354,way
PITTSBURG (PGE),,,distance_iou,IOU,pge,PITTSBURG,0.573,38.0258505,-121.8670823,1155646024,way
PITTSBURG (PGE),,,distance_iou,IOU,pge,PITTSBURG,0.970,38.0277879,-121.8588182,1155646025,way
PITTSBURG (PGE),,,distance_iou,IOU,pge,PITTSBURG,0.784,38.0280582,-121.8775528,1240704364,way
PITTSBURG (PGE),,Pacific Gas and Electric Company,distance_iou,IOU,pge,PITTSBURG,0.036,38.030387,-121.869333,1240704365,way
PITTSBURG (PGE),,,distance_iou,IOU,pge,PITTSBURG,0.840,38.0231586,-121.8690179,1240704366,way
PITTSBURG (PGE),,,distance_iou,IOU,pge,PITTSBURG,0.765,38.0258318,-121.8630941,1485095168,way
PLEASANT GROVE (PGE),,,distance_iou,IOU,pge,PLEASANT GROVE,0.186,38.8227266,-121.3082446,83802823,way
PLUMAS (PGE),,,distance_iou,IOU,pge,PLUMAS,0.022,39.0262082,-121.5432119,1485095184,way
POINT ARENA (PGE),,,distance_iou,IOU,pge,POINT ARENA,0.110,38.912288,-123.6799231,1188948638,way
Port Moretti Substation,Port Moretti Substation,,distance_iou,IOU,pge,POINT MORETTI,0.050,37.0310725,-122.1881401,479815613,way
POINT PINOLE (PGE),,Pacific Gas and Electric Company,distance_iou,IOU,pge,POINT PINOLE,0.024,37.9959146,-122.3481789,1453968156,way
POINT PINOLE (PGE),,,distance_iou,IOU,pge,POINT PINOLE,0.240,37.9956708,-122.3506285,1485095160,way
POSO MOUNTAIN (PGE),,,distance_iou,IOU,pge,POSO MOUNTAIN,0.019,35.5592787,-118.9576411,1307365715,way
PRUNEDALE (PGE),,,distance_iou,IOU,pge,PRUNEDALE,0.050,36.7853409,-121.6710891,93638875,way
PUEBLO (PGE),,,distance_iou,IOU,pge,PUEBLO,0.056,38.3450443,-122.2995893,484848370,way
PURISIMA (PGE),,,distance_iou,IOU,pge,PURISIMA,0.009,34.7008473,-120.435566,1450291616,way
RACETRACK (PGE),,,distance_iou,IOU,pge,RACETRACK,0.051,37.9798179,-120.4140855,1431536289,way
Radium Substation,Radium Substation,Pacific Gas and Electric Company,distance_iou,IOU,pge,RADUM,0.027,37.6725183,-121.859523,1155671644,way
RANCHERS COTTON (PGE),,,distance_iou,IOU,pge,RANCHERS COTTON,0.046,36.7005743,-119.7544794,1020593711,way
RAWSON (PGE),,,distance_iou,IOU,pge,RAWSON,0.934,40.1532745,-122.2098867,644887810,way
RAWSON (PGE),,,distance_iou,IOU,pge,RAWSON,0.068,40.144617,-122.2117204,899112214,way
RAWSON (PGE),,,distance_iou,IOU,pge,RAWSON,0.550,40.1499842,-122.2129799,899112221,way
REDBUD (PGE),,,distance_iou,IOU,pge,REDBUD,0.013,39.0274759,-122.6625408,92966589,way
REDWOOD CITY (PGE),,,distance_iou,IOU,pge,REDWOOD CITY,0.055,37.4903537,-122.2131107,30637312,way
REDWOOD CITY (PGE),,Pacific Gas and Electric Company,distance_iou,IOU,pge,REDWOOD CITY,0.770,37.4976451,-122.2141085,30637327,way
REEDLEY (PGE),,,distance_iou,IOU,pge,REEDLEY,0.040,36.6045778,-119.3761559,1275887089,way
RENFRO (PGE),,,distance_iou,IOU,pge,RENFRO,0.064,35.3876859,-119.1640527,169886042,way
RESEARCH (PGE),,Pacific Gas and Electric Company,distance_iou,IOU,pge,RESEARCH,0.036,37.7821163,-121.9675678,231407862,way
RESERVATION ROAD (PGE),,,distance_iou,IOU,pge,RESERVATION ROAD,0.045,36.6241021,-121.688135,172886085,way
RESERVE OIL (PGE),,,distance_iou,IOU,pge,RESERVE OIL,0.042,36.2763738,-119.6536285,827923498,way
RESERVE OIL (PGE),,,distance_iou,IOU,pge,RESERVE OIL,0.882,36.2697699,-119.6473739,827923500,way
RESERVE OIL (PGE),,,distance_iou,IOU,pge,RESERVE OIL,0.785,36.2690368,-119.6545471,1448206090,way
RICE (PGE),,,distance_iou,IOU,pge,RICE,0.066,39.4026845,-122.013334,1226367838,way
RICHMOND R (PGE),,,distance_iou,IOU,pge,RICHMOND R,0.030,37.9259849,-122.3695955,37623989,way
RIO BRAVO (PGE),,,distance_iou,IOU,pge,RIO BRAVO,0.022,35.4422309,-119.2607424,1190227915,way
RIO DELL (PGE),,,distance_iou,IOU,pge,RIO DELL,0.006,40.4953943,-124.0993079,1018830725,way
RIVER OAKS (PGE),,,distance_iou,IOU,pge,RIVER OAKS,0.056,37.4112742,-121.9277039,1485095132,way
ROSEDALE (PGE),,,distance_iou,IOU,pge,ROSEDALE,0.054,35.3770785,-119.0772946,169286852,way
ROSEDALE (PGE),,,distance_iou,IOU,pge,ROSEDALE,0.065,35.3770747,-119.0780832,169286864,way
ROUGH AND READY ISLA (PGE),,,distance_iou,IOU,pge,ROUGH AND READY ISLA,0.058,37.9499964,-121.3463572,884225150,way
SALMON CREEK (PGE),,,distance_iou,IOU,pge,SALMON CREEK,0.009,38.3434486,-123.044765,462197232,way
SALT SPRINGS (PGE),,,distance_iou,IOU,pge,SALT SPRINGS,0.049,38.4984209,-120.2184494,896316080,way
SAN ARDO (PGE),,,distance_iou,IOU,pge,SAN ARDO,0.053,36.0737829,-120.9368657,206187668,way
SAN CARLOS (PGE),,,distance_iou,IOU,pge,SAN CARLOS,0.078,37.4997108,-122.244046,38151873,way
SAN JOAQUIN (PGE),,,distance_iou,IOU,pge,SAN JOAQUIN,0.031,36.6209415,-120.1783458,1441506885,way
SAN JOAQUIN #2 (PGE),,,distance_iou,IOU,pge,SAN JOAQUIN #2,0.064,37.203441,-119.4974717,1275887096,way
SAN JOAQUIN #2 (PGE),,,distance_iou,IOU,pge,SAN JOAQUIN #2,0.019,37.2035721,-119.4968664,1275887100,way
SAN JOAQUIN #3 (PGE),,,distance_iou,IOU,pge,SAN JOAQUIN #3,0.010,37.2538537,-119.5192056,1275887092,way
SAN JOSE A (PGE),,,distance_iou,IOU,pge,SAN JOSE A,0.020,37.3282172,-121.902316,351439556,way
SAN JOSE B (PGE),,,distance_iou,IOU,pge,SAN JOSE B,0.164,37.3419429,-121.9033597,160564126,way
SAN JUSTO (PGE),,,distance_iou,IOU,pge,SAN JUSTO,0.068,36.8568723,-121.5120512,1485095127,way
PG&E Substation,PG&E Substation,Pacific Gas and Electric Company,distance_iou,IOU,pge,SAN LUIS OBISPO,0.020,35.2617226,-120.6347848,159088979,way
PG&E - San Miguel Substation,PG&E - San Miguel Substation,Pacific Gas and Electric Company,distance_iou,IOU,pge,SAN MIGUEL,0.025,35.7523623,-120.6840377,328033900,way
SAN PABLO (PGE),,Pacific Gas and Electric,distance_iou,IOU,pge,SAN PABLO,0.079,37.985254,-122.3368553,1247496976,way
SAN RAFAEL (PGE),,,distance_iou,IOU,pge,SAN RAFAEL,0.037,37.9706265,-122.5270601,229585884,way
SANTA MARIA (PGE),,,distance_iou,IOU,pge,SANTA MARIA,0.024,34.9504422,-120.4442451,1055268667,way
SANTA NELLA (PGE),,,distance_iou,IOU,pge,SANTA NELLA,0.358,37.0869114,-121.0169125,1484120091,way
SANTA NELLA (PGE),,,distance_iou,IOU,pge,SANTA NELLA,0.017,37.0858252,-121.0132308,1485095117,way
SANTA ROSA A (PGE),,,distance_iou,IOU,pge,SANTA ROSA A,0.534,38.440261,-122.7089676,7706614950,node
SANTA ROSA A (PGE),,,distance_iou,IOU,pge,SANTA ROSA A,0.018,38.4367787,-122.713475,116265018,way
SANTA YNEZ (PGE),,,distance_iou,IOU,pge,SANTA YNEZ,0.035,34.6252096,-120.1193394,1442944987,way
SARANAP (PGE),,Pacific Gas and Electric Company,distance_iou,IOU,pge,SARANAP,0.081,37.8950737,-122.0737831,1050178087,way
SAUSALITO (PGE),,Pacific Gas and Electric Company,distance_iou,IOU,pge,SAUSALITO,0.023,37.8635125,-122.4988268,229583115,way
SCHINDLER (PGE),,,distance_iou,IOU,pge,SCHINDLER,0.002,36.4019303,-120.1384258,181914725,way
Highway 46 Substation,Highway 46 Substation,Pacific Gas and Electric Company,distance_iou,IOU,pge,SEMITROPIC,0.170,35.6017701,-119.4387454,1083296845,way
Potrero Converter Station,Potrero Converter Station,,distance_iou,IOU,pge,SF A (POTRERO),0.128,37.7548687,-122.3859286,469210393,way
Potrero Switchyard,Potrero Switchyard,Pacific Gas and Electric,distance_iou,IOU,pge,SF A (POTRERO),0.096,37.7568233,-122.3860796,14391219,relation
SF A (POTRERO) (PGE),,,distance_iou,IOU,pge,SF A (POTRERO),0.594,37.7605417,-122.3898326,11558076477,node
SF E (PGE),,,distance_iou,IOU,pge,SF E,0.779,37.7641586,-122.4131936,11556204909,node
Station E,Station E,Pacific Gas and Electric Company,distance_iou,IOU,pge,SF E,0.001,37.7599745,-122.4203108,260130000,way
Martin Substation,Martin Substation,Pacific Gas and Electric Company,distance_iou,IOU,pge,SF H (MARTIN),0.058,37.7037524,-122.4094087,29399992,way
Paralleling Station 2,Paralleling Station 2,Caltrain,distance_iou,IOU,pge,SF H (MARTIN),0.885,37.7094241,-122.4015557,1028573276,way
Substation M,Substation M,Pacific Gas and Electric Company,distance_iou,IOU,pge,SF M,0.005,37.7334623,-122.4305302,1060956895,way
Station N,Station N,Pacific Gas and Electric Company,distance_iou,IOU,pge,SF N,0.007,37.761336,-122.4664798,1060958057,way
Hunters Point Substation,Hunters Point Substation,Pacific Gas and Electric Company,distance_iou,IOU,pge,SF P (HUNTERS POINT),0.049,37.73689,-122.3769706,1081705952,way
SF P (HUNTERS POINT) (PGE),,Pacific Gas and Electric Company,distance_iou,IOU,pge,SF P (HUNTERS POINT),0.346,37.734021,-122.3765914,1151374875,way
SF P (HUNTERS POINT) (PGE),,Pacific Gas and Electric Company,distance_iou,IOU,pge,SF P (HUNTERS POINT),0.218,37.7375239,-122.3798919,1151374889,way
Larkin Substation,Larkin Substation,Pacific Gas and Electric Company,distance_iou,IOU,pge,SF X (MISSION),0.723,37.7836728,-122.4170502,71209428,way
SF X (MISSION) (PGE),,,distance_iou,IOU,pge,SF X (MISSION),0.440,37.7735809,-122.4140407,12648695220,node
Station I,Station I,Pacific Gas and Electric Company,distance_iou,IOU,pge,SF X (MISSION),0.143,37.7774077,-122.4127449,580855917,way
SHADY GLEN (PGE),,Pacific Gas and Electric Company,distance_iou,IOU,pge,SHADY GLEN,0.074,39.1153654,-120.9529707,112113904,way
SHAFTER (PGE),,Pacific Gas and Electric Company,distance_iou,IOU,pge,SHAFTER,0.024,35.513853,-119.3175451,1266861389,way
SHEPHERD (PGE),,,distance_iou,IOU,pge,SHEPHERD,0.065,36.8730913,-119.6940145,1187863003,way
Saint Helena Substation,Saint Helena Substation,Pacific Gas and Electric Company,distance_iou,IOU,pge,SILVERADO,0.028,38.4998097,-122.4591906,1357563547,way
SISQUOC (PGE),,,distance_iou,IOU,pge,SISQUOC,0.033,34.8786007,-120.3306535,1055268668,way
Smartsville Substation,Smartsville Substation,Pacific Gas and Electric,distance_iou,IOU,pge,SMARTVILLE,0.039,39.2086928,-121.3030354,727674147,way
SMYRNA (PGE),,,distance_iou,IOU,pge,SMYRNA,0.106,35.7170455,-119.4556444,761043369,way
SMYRNA (PGE),,,distance_iou,IOU,pge,SMYRNA,0.008,35.7179061,-119.4553576,761043370,way
SPENCE (PGE),,,distance_iou,IOU,pge,SPENCE,0.035,36.6138688,-121.5670339,1485095122,way
SPRING GAP (PGE),,,distance_iou,IOU,pge,SPRING GAP,0.066,38.1865762,-120.1121235,94735758,node
STAFFORD (PGE),,Pacific Gas and Electric Company,distance_iou,IOU,pge,STAFFORD,0.014,38.1199491,-122.6140482,655475551,way
STILLWATER (PGE),,,distance_iou,IOU,pge,STILLWATER,0.293,40.6802038,-122.3504015,6444250068,node
STILLWATER (PGE),,,distance_iou,IOU,pge,STILLWATER,0.016,40.6777475,-122.3498458,446979266,way
STOCKDALE (PGE),,,distance_iou,IOU,pge,STOCKDALE,0.075,35.3170932,-119.0677089,168525616,way
STOCKTON A (PGE),,Pacific Gas and Electric Company,distance_iou,IOU,pge,STOCKTON A,0.020,37.9471337,-121.28894,1271285444,way
STOCKTON ACRES (PGE),,,distance_iou,IOU,pge,STOCKTON ACRES,0.028,37.9632791,-121.3234847,1485095223,way
STONE (PGE),,,distance_iou,IOU,pge,STONE,0.063,37.3042054,-121.8674805,885674733,way
STONE CORRAL (PGE),,,distance_iou,IOU,pge,STONE CORRAL,0.051,36.4721467,-119.1881371,1485094916,way
STOREY (PGE),,Pacific Gas and Electric Company,distance_iou,IOU,pge,STOREY,0.012,36.9831109,-120.0334175,182627500,way
STROUD (PGE),,,distance_iou,IOU,pge,STROUD,0.019,36.5310961,-120.1045189,1441506890,way
SUMMIT (PGE),,Pacific Gas and Electric,distance_iou,IOU,pge,SUMMIT,0.035,39.3192863,-120.378842,1307164084,way
SUNOL (PGE),,Pacific Gas and Electric Company,distance_iou,IOU,pge,SUNOL,0.012,37.5868947,-121.8697598,1250036872,way
TAFT (PGE),,,distance_iou,IOU,pge,TAFT,0.040,35.1360304,-119.4819164,174574972,way
TAMARACK (PGE),,,distance_iou,IOU,pge,TAMARACK,0.062,39.3138778,-120.4969157,170053622,way
TEJON (PGE),,,distance_iou,IOU,pge,TEJON,0.044,35.0194902,-118.9549466,1352468564,way
TEMBLOR (PGE),,,distance_iou,IOU,pge,TEMBLOR,0.050,35.3827737,-119.6962548,93521008,way
TERMINOUS (PGE),,,distance_iou,IOU,pge,TERMINOUS,0.101,38.1164692,-121.4222074,1485391941,way
TIDEWATER (PGE),,Pacific Gas and Electric Company,distance_iou,IOU,pge,TIDEWATER,0.088,38.0197579,-122.0618121,35640786,way
TIDEWATER (PGE),,Pacific Gas and Electric Company,distance_iou,IOU,pge,TIDEWATER,0.270,38.0181619,-122.061375,403208540,way
TIVY VALLEY (PGE),,,distance_iou,IOU,pge,TIVY VALLEY,0.061,36.7706027,-119.3933425,1275887109,way
Ladrino Foods,Ladrino Foods,,distance_iou,IOU,pge,TRACY,0.893,37.7561118,-121.4168439,713948718,way
TRES VIAS (PGE),,,distance_iou,IOU,pge,TRES VIAS,0.052,39.4867693,-121.6881014,1492309903,way
TRINIDAD (PGE),,Pacific Gas and Electric,distance_iou,IOU,pge,TRINIDAD,0.039,41.0647039,-124.1284562,1249189061,way
TUDOR (PGE),,,distance_iou,IOU,pge,TUDOR,0.017,38.9816588,-121.6351845,1485095185,way
TULARE LAKE (PGE),,,distance_iou,IOU,pge,TULARE LAKE,0.030,36.0035132,-119.9493997,1485095034,way
TUPMAN (PGE),,,distance_iou,IOU,pge,TUPMAN,0.084,35.35389,-119.2709034,1307274531,way
TYLER (PGE),,,distance_iou,IOU,pge,TYLER,0.036,40.1383072,-122.2087707,899108228,way
UKIAH (PGE),,,distance_iou,IOU,pge,UKIAH,0.022,39.1431634,-123.1918286,461069558,way
UKIAH (PGE),,,distance_iou,IOU,pge,UKIAH,0.623,39.1437436,-123.1989008,461624185,way
UKIAH (PGE),,,distance_iou,IOU,pge,UKIAH,0.558,39.1442399,-123.1980033,461624187,way
UKIAH (PGE),,,distance_iou,IOU,pge,UKIAH,0.623,39.1437445,-123.1989033,1435784767,way
UPPER LAKE (PGE),,,distance_iou,IOU,pge,UPPER LAKE,0.051,39.1457165,-122.9166979,838867895,way
VALLEJO B (PGE),,,distance_iou,IOU,pge,VALLEJO B,0.035,38.1064744,-122.2411716,1485095163,way
VALLEJO C (PGE),,,distance_iou,IOU,pge,VALLEJO C,0.031,38.0983921,-122.2531397,403511877,way
VASCO (PGE),,,distance_iou,IOU,pge,VASCO,0.030,37.7111379,-121.7159456,1305401004,way
VICTOR (PGE),,,distance_iou,IOU,pge,VICTOR,0.052,38.145518,-121.1775264,1524702629,way
VIEJO (PGE),,,distance_iou,IOU,pge,VIEJO,0.030,36.5783359,-121.9084592,156763797,way
VINA (PGE),,,distance_iou,IOU,pge,VINA,0.036,39.9416557,-122.0417048,915755348,way
VOLTA (PGE),,,distance_iou,IOU,pge,VOLTA,0.112,40.4595446,-121.8664397,710467872,way
WAHTOKE (PGE),,,distance_iou,IOU,pge,WAHTOKE,0.035,36.6153748,-119.4525939,1275887055,way
WATSONVILLE (PGE),,,distance_iou,IOU,pge,WATSONVILLE,0.069,36.9026924,-121.7559426,1485095129,way
WATSONVILLE (PGE),,,distance_iou,IOU,pge,WATSONVILLE,0.674,36.9027847,-121.7639087,1485095130,way
WEBER (PGE),,,distance_iou,IOU,pge,WEBER,0.037,37.9200059,-121.2403295,151393781,way
WEEDPATCH (PGE),,,distance_iou,IOU,pge,WEEDPATCH,0.018,35.2240527,-118.8800753,1485095069,way
WEIMAR (PGE),,,distance_iou,IOU,pge,WEIMAR,0.028,39.0359567,-120.9879909,112548854,way
WELLFIELD (PGE),,,distance_iou,IOU,pge,WELLFIELD,0.094,35.2243036,-118.7789782,1469474880,way
WEST FRESNO (PGE),,,distance_iou,IOU,pge,WEST FRESNO,0.042,36.7182857,-119.8187688,1029122075,way
WEST POINT (PGE),,,distance_iou,IOU,pge,WEST POINT,0.060,38.4209936,-120.5495158,1469474894,way
WESTLEY (PGE),,,distance_iou,IOU,pge,WESTLEY,0.052,37.579608,-121.2059379,1451420726,way
WESTPARK (PGE),,,distance_iou,IOU,pge,WESTPARK,0.010,35.3740787,-119.0402314,169286846,way
WHISMAN (PGE),,,distance_iou,IOU,pge,WHISMAN,0.043,37.404997,-122.0685428,42391155,way
WHITMORE (PGE),,,distance_iou,IOU,pge,WHITMORE,0.061,40.6290792,-121.9158767,1049171990,way
WILKINS SLOUGH (PGE),,,distance_iou,IOU,pge,WILKINS SLOUGH,0.074,39.005817,-121.8671255,1241528654,way
WILLIAMS (PGE),,,distance_iou,IOU,pge,WILLIAMS,0.004,39.1575088,-122.1477824,1492309909,way
WILLITS (PGE),,,distance_iou,IOU,pge,WILLITS,0.013,39.4055686,-123.3270867,1485094873,way
WILLOW CREEK (PGE),,,distance_iou,IOU,pge,WILLOW CREEK,0.022,40.9478377,-123.6400589,1201559841,way
WILLOWS A (PGE),,,distance_iou,IOU,pge,WILLOWS A,0.023,39.5316877,-122.1860942,1104892917,way
WINDSOR (PGE),,,distance_iou,IOU,pge,WINDSOR,0.001,38.5659208,-122.8323955,1471848144,way
WOODACRE (PGE),,,distance_iou,IOU,pge,WOODACRE,0.053,38.0120942,-122.65368,1225793762,way
WRIGHT (PGE),,,distance_iou,IOU,pge,WRIGHT,0.052,37.0135164,-120.9450637,1176969043,way
ZACA (PGE),,Pacific Gas and Electric Company,distance_iou,IOU,pge,ZACA,0.022,34.6967035,-120.1514848,1442946082,way
Acton (SCE),,,distance_iou,IOU,sce,Acton,0.200,34.5102056,-118.1993978,1450139149,way
Alder (SCE),,,distance_iou,IOU,sce,Alder,0.022,34.1354129,-117.4091949,1023480895,way
Alder (SCE),,,distance_iou,IOU,sce,Alder,0.684,34.1376252,-117.4158806,1436623111,way
Alessandro (SCE),,,distance_iou,IOU,sce,Alessandro,0.180,33.9015345,-117.2198637,1113503924,way
Alhambra (SCE),,,distance_iou,IOU,sce,Alhambra,0.039,34.0911856,-118.1492356,900633889,way
Alhambra (SCE),,,distance_iou,IOU,sce,Alhambra,0.857,34.0845363,-118.1444479,900633890,way
Alon (SCE),,,distance_iou,IOU,sce,Alon,0.025,33.8349104,-118.2473987,605263053,way
Alon (SCE),,,distance_iou,IOU,sce,Alon,0.615,33.8396262,-118.2443478,682586346,way
Amalia (SCE),,,distance_iou,IOU,sce,Amalia,0.013,34.0243952,-118.1546344,1485094982,way
Amboy (SCE),,,distance_iou,IOU,sce,Amboy,0.245,34.5510359,-115.7453536,1124338253,way
Anaverde (SCE),,,distance_iou,IOU,sce,Anaverde,0.129,34.5674352,-118.1476316,1306912017,way
Aqueduct (SCE),,,distance_iou,IOU,sce,Aqueduct,0.045,34.4152431,-117.3558723,19690691,relation
Archline (SCE),,,distance_iou,IOU,sce,Archline,0.013,34.1209735,-117.5841561,1024712990,way
Arro (SCE),,,distance_iou,IOU,sce,Arro,0.035,34.1422624,-117.2901179,1282256645,way
Arrowhead (SCE),,,distance_iou,IOU,sce,Arrowhead,0.137,34.2834116,-117.2163279,766590837,way
Arroyo (SCE),,,distance_iou,IOU,sce,Arroyo,0.207,34.1996412,-118.1705011,233472857,way
Athens (SCE),,,distance_iou,IOU,sce,Athens,0.035,33.9165275,-118.2385709,682327468,way
Atwood (SCE),,Southern California Edison,distance_iou,IOU,sce,Atwood,0.025,33.8802647,-117.8320748,383857700,way
Auld (SCE),,Southern California Edison,distance_iou,IOU,sce,Auld,0.165,33.5972617,-117.1375011,165502975,way
Bain (SCE),,,distance_iou,IOU,sce,Bain,0.133,34.0112567,-117.506197,85900473,way
Banning (SCE),,,distance_iou,IOU,sce,Banning,0.011,33.9225392,-116.8728829,385487194,way
Banning (SCE),,,distance_iou,IOU,sce,Banning,0.324,33.9212445,-116.876041,859725888,way
Barre (SCE),,,distance_iou,IOU,sce,Barre,0.429,33.8067681,-117.9866609,1072883368,way
Barstow (SCE),,,distance_iou,IOU,sce,Barstow,0.002,34.9010585,-117.022138,459420209,way
Bassett (SCE),,Southern California Edison,distance_iou,IOU,sce,Bassett,0.053,34.0474818,-117.9557109,384972401,way
Basta (SCE),,,distance_iou,IOU,sce,Basta,0.053,33.8694292,-117.9597064,599601951,way
Bayside (SCE),,Southern California Edison,distance_iou,IOU,sce,Bayside,0.024,33.6568241,-117.9070255,384189505,way
Beaumont (SCE),,,distance_iou,IOU,sce,Beaumont,0.022,33.9337913,-116.9837428,1485094965,way
Belding (SCE),,,distance_iou,IOU,sce,Belding,0.091,33.8301495,-116.514876,1485094957,way
Belmont (SCE),,,distance_iou,IOU,sce,Belmont,0.015,33.7813232,-118.1499251,1485094975,way
Belvedere (SCE),,,distance_iou,IOU,sce,Belvedere,0.009,34.0365329,-118.1789751,1424260384,way
Big Bend Bia (SCE),,,distance_iou,IOU,sce,Big Bend Bia,0.161,34.2606664,-114.1681421,1485095292,way
Bloomington (SCE),,,distance_iou,IOU,sce,Bloomington,0.149,34.0492321,-117.4001511,819500191,way
Bluff Cove (SCE),,,distance_iou,IOU,sce,Bluff Cove,0.038,33.7796245,-118.3873924,1485094990,way
Blythe Substation,Blythe Substation,,distance_iou,IOU,sce,Blythe (Walc),0.050,33.6112925,-114.6802861,166649166,way
Buck Substation,Buck Substation,,distance_iou,IOU,sce,Blythe (Walc),0.630,33.6162055,-114.6846393,166649172,way
Blythe City (SCE),,,distance_iou,IOU,sce,Blythe City,0.030,33.6059811,-114.5998604,103497525,way
Bowl (SCE),,,distance_iou,IOU,sce,Bowl,0.034,33.793221,-118.1723288,160066107,way
Boxwood (SCE),,Southern California Edison,distance_iou,IOU,sce,Boxwood,0.059,36.1266341,-118.8214516,1227920065,way
Bradbury (SCE),,Southern California Edison,distance_iou,IOU,sce,Bradbury,0.041,34.1337444,-117.9873108,384972411,way
Brea (SCE),,,distance_iou,IOU,sce,Brea,0.125,33.9200607,-117.8480421,978035670,way
Brea (SCE),,,distance_iou,IOU,sce,Brea,0.426,33.9228276,-117.8472544,1294893541,way
Brewster (SCE),,,distance_iou,IOU,sce,Brewster,0.042,33.9207076,-118.1880326,1011137127,way
Bridge (SCE),,,distance_iou,IOU,sce,Bridge,0.024,33.8804212,-118.3259029,1463227365,way
Bridgeport (SCE),,,distance_iou,IOU,sce,Bridgeport,0.336,38.2183239,-119.2301178,1421424208,way
Brookhurst (SCE),,Southern California Edison,distance_iou,IOU,sce,Brookhurst,0.123,33.737053,-117.957124,391717047,way
Browning (SCE),,,distance_iou,IOU,sce,Browning,0.129,35.7037006,-119.204502,1469474885,way
Bryman (SCE),,,distance_iou,IOU,sce,Bryman,0.432,34.6820985,-117.3389224,1017858363,way
Bunker (SCE),,,distance_iou,IOU,sce,Bunker,0.104,33.8291508,-117.2123562,1283495855,way
Burnt Mill (SCE),,,distance_iou,IOU,sce,Burnt Mill,0.033,34.2344119,-117.2014566,1280463764,way
Cabazon (SCE),,,distance_iou,IOU,sce,Cabazon,0.059,33.9139658,-116.7838512,1485094964,way
Cabrillo (SCE),,,distance_iou,IOU,sce,Cabrillo,0.722,33.6779827,-117.8494704,184093235,way
Cabrillo (SCE),,,distance_iou,IOU,sce,Cabrillo,0.629,33.6767917,-117.8504611,184094642,way
Cabrillo (SCE),,,distance_iou,IOU,sce,Cabrillo,0.622,33.6766585,-117.8505981,184094643,way
Cabrillo (SCE),,,distance_iou,IOU,sce,Cabrillo,0.636,33.6768176,-117.8505703,184094644,way
Cady (SCE),,,distance_iou,IOU,sce,Cady,0.251,34.8367646,-116.6626697,1448445903,way
Cajalco (SCE),,,distance_iou,IOU,sce,Cajalco,0.077,33.8589102,-117.3263206,1295566690,way
Cal City 'A' (SCE),,,distance_iou,IOU,sce,Cal City 'A',0.117,35.142601,-117.9687303,471492134,way
Calden (SCE),,Southern California Edison,distance_iou,IOU,sce,Calden,0.017,33.9565367,-118.2323328,383664679,way
Cameron (SCE),,,distance_iou,IOU,sce,Cameron,0.015,33.819366,-118.2171518,74839034,way
Hinson Substation,Hinson Substation,Southern California Edison,distance_iou,IOU,sce,Cameron,0.483,33.8190324,-118.2223341,65411731,way
Cantil (SCE),,,distance_iou,IOU,sce,Cantil,0.348,35.3082132,-117.9502272,1485094931,way
Canyon (SCE),,,distance_iou,IOU,sce,Canyon,0.100,33.8714235,-117.7469959,1245960929,way
Park Substation,Park Substation,Anaheim Public Utilities,distance_iou,IOU,sce,Canyon,0.801,33.8644368,-117.7466407,646210785,way
Capitan (SCE),,,distance_iou,IOU,sce,Capitan,0.495,34.4774058,-120.0419735,133439972,way
Capitan (SCE),,,distance_iou,IOU,sce,Capitan,0.560,34.4766846,-120.0423098,133439974,way
Carmenita (SCE),,,distance_iou,IOU,sce,Carmenita,0.009,33.9031696,-118.0472113,1485095002,way
Carodean (SCE),,,distance_iou,IOU,sce,Carodean,0.134,34.1490445,-116.1238066,1223375856,way
Carolina (SCE),,Southern California Edison,distance_iou,IOU,sce,Carolina,0.017,33.910112,-117.879551,200209234,way
Carpinteria (SCE),,Southern California Edison,distance_iou,IOU,sce,Carpinteria,0.072,34.4093022,-119.5151221,168216618,way
Carson (SCE),,,distance_iou,IOU,sce,Carson,0.011,33.8638238,-118.2170896,816993058,way
Carson (SCE),,,distance_iou,IOU,sce,Carson,0.573,33.862483,-118.2230336,1459549090,way
Casa Diablo (SCE),,,distance_iou,IOU,sce,Casa Diablo,0.585,37.6489969,-118.9167053,608967856,way
Casa Diablo (SCE),,,distance_iou,IOU,sce,Casa Diablo,0.372,37.6455272,-118.9146611,1485094891,way
Cedarwood (SCE),,,distance_iou,IOU,sce,Cedarwood,0.045,33.7534974,-117.9938024,1485094976,way
Channel Island (SCE),,,distance_iou,IOU,sce,Channel Island,0.787,34.1885529,-119.2246028,61014380,way
Chase (SCE),,Southern California Edison,distance_iou,IOU,sce,Chase,0.034,33.8450188,-117.5377709,395530785,way
Chatsworth (SCE),,,distance_iou,IOU,sce,Chatsworth,0.856,34.2283491,-118.704395,1485095021,way
Chatsworth (SCE),,,distance_iou,IOU,sce,Chatsworth,0.884,34.231848,-118.7104176,1485095022,way
Cherry (SCE),,,distance_iou,IOU,sce,Cherry,0.032,33.7786069,-118.1833324,134659111,way
Clark (SCE),,Southern California Edison,distance_iou,IOU,sce,Clark,0.033,33.7957894,-118.1070993,80361728,way
Aventura Substation,Aventura Substation,,distance_iou,IOU,sce,Coffee,0.075,33.9326134,-116.5043748,1284485105,way
Century Substation,Century Substation,City of Colton Electric Utility,distance_iou,IOU,sce,Colton,0.791,34.0600782,-117.3066348,1072883354,way
Colton (SCE),,,distance_iou,IOU,sce,Colton,0.073,34.058907,-117.3145089,1280463868,way
Colton (SCE),,City of Colton Electric Utility,distance_iou,IOU,sce,Colton,0.829,34.0636889,-117.3224167,1294858783,way
Columbine (SCE),,,distance_iou,IOU,sce,Columbine,0.255,35.8344378,-119.2097694,1081216293,way
Concho (SCE),,,distance_iou,IOU,sce,Concho,0.105,33.7574829,-116.3350735,1284460709,way
Converse Flats (SCE),,,distance_iou,IOU,sce,Converse Flats,0.232,34.195733,-116.9123491,1485094962,way
Corona (SCE),,,distance_iou,IOU,sce,Corona,0.663,33.8870688,-117.5776791,1295566673,way
Corum (SCE),,,distance_iou,IOU,sce,Corum,0.510,34.9406175,-117.9529632,460489457,way
Coso (SCE),,,distance_iou,IOU,sce,Coso,0.138,36.0827243,-117.9493424,308154686,way
Cottonwood (SCE),,,distance_iou,IOU,sce,Cottonwood,0.113,34.3725077,-116.8612117,1449655082,way
Crater (SCE),,Southern California Edison,distance_iou,IOU,sce,Crater,0.130,34.1069588,-118.7149187,167413781,way
Cucamonga (SCE),,,distance_iou,IOU,sce,Cucamonga,0.035,34.0842635,-117.5927641,1164332325,way
Sony Substation,Sony Substation,Southern California Edison,distance_iou,IOU,sce,Culver,0.031,34.0147142,-118.4023617,393484026,way
Cypress (SCE),,Southern California Edison,distance_iou,IOU,sce,Cypress,0.042,33.8095612,-118.0725383,384722368,way
Daisy (SCE),,,distance_iou,IOU,sce,Daisy,0.069,33.7881619,-118.2006464,697678938,way
Dalton (SCE),,Southern California Edison,distance_iou,IOU,sce,Dalton,0.017,34.1137735,-117.9330978,384972418,way
Dalton (SCE),,,distance_iou,IOU,sce,Dalton,0.904,34.1139303,-117.9234647,923601234,way
Dalton (SCE),,,distance_iou,IOU,sce,Dalton,0.252,34.1118165,-117.931908,1296518251,way
Declez (SCE),,,distance_iou,IOU,sce,Declez,0.652,34.0799209,-117.4934746,1295105201,way
Declez (SCE),,,distance_iou,IOU,sce,Declez,0.828,34.083858,-117.4927433,1295105207,way
Deep Springs (SCE),,,distance_iou,IOU,sce,Deep Springs,0.193,37.3743777,-117.9796028,1485094894,way
Defrain (SCE),,,distance_iou,IOU,sce,Defrain,0.112,33.6604101,-114.6237462,1492309467,way
Del Rosa (SCE),,,distance_iou,IOU,sce,Del Rosa,0.060,34.1499526,-117.2515759,124693313,way
Del Sur (SCE),,Southern California Edison,distance_iou,IOU,sce,Del Sur,0.078,34.7180347,-118.2888624,88777861,way
Del Sur (SCE),,,distance_iou,IOU,sce,Del Sur,0.592,34.7187482,-118.2944332,597452237,way
Del Sur (SCE),,,distance_iou,IOU,sce,Del Sur,0.218,34.7161545,-118.288816,877363973,way
Delano (SCE),,,distance_iou,IOU,sce,Delano,0.029,35.7753889,-119.2424371,175370656,way
Desert Outpost (SCE),,,distance_iou,IOU,sce,Desert Outpost,0.001,33.8084106,-116.4726434,1252946317,way
Devers (SCE),,,distance_iou,IOU,sce,Devers,0.678,33.9310897,-116.5719138,1270541455,way
Diamond Bar (SCE),,Southern California Edison,distance_iou,IOU,sce,Diamond Bar,0.128,34.0029189,-117.8112342,461747107,way
Dike (SCE),,Southern California Edison,distance_iou,IOU,sce,Dike,0.443,33.7655334,-118.225105,389174031,way
Dike (SCE),,,distance_iou,IOU,sce,Dike,0.078,33.762246,-118.2230036,1059438605,way
Dike (SCE),,,distance_iou,IOU,sce,Dike,0.642,33.756808,-118.2203557,1296516941,way
Downey (SCE),,,distance_iou,IOU,sce,Downey,0.021,33.9373114,-118.1298989,1041825015,way
Downs Substation+,Downs Substation+,Southern California Edison,distance_iou,IOU,sce,Downs,0.162,35.6218268,-117.6889085,174012681,way
Duarte (SCE),,,distance_iou,IOU,sce,Duarte,0.016,34.1386457,-117.9657713,1047533879,way
Dunn Siding (SCE),,,distance_iou,IOU,sce,Dunn Siding,0.252,35.0494486,-116.4400806,81232912,way
Earlimart (SCE),,,distance_iou,IOU,sce,Earlimart,0.171,35.8922373,-119.2508258,1485095085,way
East Barstow (SCE),,,distance_iou,IOU,sce,East Barstow,0.043,34.8900911,-117.0019032,1224935019,way
Edwards (SCE),,,distance_iou,IOU,sce,Edwards,0.818,34.9846746,-117.8909666,164863244,way
Edwards (SCE),,,distance_iou,IOU,sce,Edwards,0.732,34.983909,-117.8911526,164863246,way
El Casco (SCE),,,distance_iou,IOU,sce,El Casco,0.088,33.9664915,-117.0769316,587541956,way
El Nido (SCE),,Southern California Edison,distance_iou,IOU,sce,El Nido,0.016,33.8961005,-118.3727161,75206072,way
El Nido (SCE),,,distance_iou,IOU,sce,El Nido,0.561,33.891435,-118.3751221,1461849022,way
Elizabeth Lake (SCE),,,distance_iou,IOU,sce,Elizabeth Lake,0.128,34.491093,-118.6164345,168229990,way
Ellis (SCE),,,distance_iou,IOU,sce,Ellis,0.210,33.6872014,-117.942602,1296517408,way
Ellis (SCE),,,distance_iou,IOU,sce,Ellis,0.492,33.6897008,-117.9448804,1296517409,way
Elsinore (SCE),,,distance_iou,IOU,sce,Elsinore,0.040,33.6743352,-117.3262596,1485094943,way
Ely (SCE),,,distance_iou,IOU,sce,Ely,0.040,33.8509975,-118.0278375,935669323,way
Eric (SCE),,,distance_iou,IOU,sce,Eric,0.008,33.879882,-118.0905546,1292124657,way
Etiwanda (SCE),,,distance_iou,IOU,sce,Etiwanda,0.185,34.0884983,-117.527171,77452154,way
Etiwanda (SCE),,,distance_iou,IOU,sce,Etiwanda,0.808,34.0929332,-117.5313494,1294858617,way
Etiwanda (SCE),,,distance_iou,IOU,sce,Etiwanda,0.781,34.0904483,-117.5333086,1294858621,way
Etiwanda (SCE),,,distance_iou,IOU,sce,Etiwanda,0.944,34.0929913,-117.5333852,1492294238,way
Rancho Vista Substation,Rancho Vista Substation,Southern California Edison,distance_iou,IOU,sce,Etiwanda,0.743,34.087978,-117.5337016,77452171,way
Euclid (SCE),,,distance_iou,IOU,sce,Euclid,0.056,34.0819318,-117.6323247,1302111187,way
Fogarty (SCE),,,distance_iou,IOU,sce,Fogarty,0.180,33.7019629,-117.3752297,417968939,way
Fogarty (SCE),,Southern California Edison,distance_iou,IOU,sce,Fogarty,0.093,33.7015988,-117.3742021,417968940,way
Fruitland (SCE),,,distance_iou,IOU,sce,Fruitland,0.816,33.9976492,-118.2179551,393312264,way
Fruitland (SCE),,,distance_iou,IOU,sce,Fruitland,0.623,33.9985074,-118.2204971,718232058,way
Fruitland (SCE),,,distance_iou,IOU,sce,Fruitland,0.967,34.0032645,-118.2326019,1450700178,way
Gale (SCE),,,distance_iou,IOU,sce,Gale,0.004,34.8589869,-116.8664567,81540064,way
Ganesha (SCE),,,distance_iou,IOU,sce,Ganesha,0.103,34.0574845,-117.7754386,717018856,way
Ganesha (SCE),,,distance_iou,IOU,sce,Ganesha,0.339,34.05949,-117.7738854,1294893482,way
Garfield (SCE),,,distance_iou,IOU,sce,Garfield,0.276,34.1286176,-118.1491701,458801027,way
Garfield (SCE),,,distance_iou,IOU,sce,Garfield,0.180,34.1277254,-118.1489398,460122549,way
Garfield (SCE),,,distance_iou,IOU,sce,Garfield,0.179,34.1277308,-118.1490082,460122550,way
Garfield (SCE),,,distance_iou,IOU,sce,Garfield,0.235,34.1282437,-118.149179,460122551,way
Garfield (SCE),,,distance_iou,IOU,sce,Garfield,0.115,34.125128,-118.1495772,686377343,way
Gavilan (SCE),,,distance_iou,IOU,sce,Gavilan,0.010,33.7844451,-117.2444489,1295566579,way
Gaviota (SCE),,,distance_iou,IOU,sce,Gaviota,0.034,34.4760497,-120.1993047,691769588,way
Genamic (SCE),,,distance_iou,IOU,sce,Genamic,0.105,34.0913161,-117.5666398,1294858626,way
George A.f.b. (SCE),,,distance_iou,IOU,sce,George A.f.b.,0.021,34.5800086,-117.3694372,1485094941,way
Gilbert (SCE),,,distance_iou,IOU,sce,Gilbert,0.121,33.8776041,-117.971871,693993426,way
Glen Avon (SCE),,,distance_iou,IOU,sce,Glen Avon,0.105,34.0050235,-117.4574339,1163784631,way
Goldhill (SCE),,,distance_iou,IOU,sce,Goldhill,0.215,34.3037366,-116.8200982,443155333,way
Goldtown (SCE),,,distance_iou,IOU,sce,Goldtown,0.048,35.0541379,-118.1861905,1431683528,way
Graham (SCE),,,distance_iou,IOU,sce,Graham,0.067,33.9587413,-118.2370898,1492309625,way
Great Lakes (SCE),,,distance_iou,IOU,sce,Great Lakes,0.157,34.8373512,-118.1554639,1492309485,way
Greening (SCE),,,distance_iou,IOU,sce,Greening,0.059,33.8810128,-118.0474848,1485095003,way
Hamilton (SCE),,Southern California Edison,distance_iou,IOU,sce,Hamilton,0.060,33.6545245,-117.9527068,62333226,way
Harper Lake (SCE),,,distance_iou,IOU,sce,Harper Lake,0.730,35.0268214,-117.3482994,165359319,way
Harper Lake (SCE),,,distance_iou,IOU,sce,Harper Lake,0.619,35.0332748,-117.3381256,1489633418,way
Haskell (SCE),,,distance_iou,IOU,sce,Haskell,0.098,34.4383164,-118.5152382,388624142,way
Havasu (SCE),,,distance_iou,IOU,sce,Havasu,0.003,34.3545657,-114.2612655,1492294236,way
Haveda (SCE),,,distance_iou,IOU,sce,Haveda,0.013,33.8247146,-118.3444999,1485094991,way
Havilah (SCE),,,distance_iou,IOU,sce,Havilah,0.100,35.4840073,-118.527558,1485094926,way
Helendale (SCE),,,distance_iou,IOU,sce,Helendale,0.116,34.7405396,-117.3239279,1017858370,way
Hesperia (SCE),,,distance_iou,IOU,sce,Hesperia,0.024,34.4127577,-117.2898843,1422623947,way
Highland (SCE),,,distance_iou,IOU,sce,Highland,0.072,34.1078568,-117.1868247,124955100,way
Hinkley (SCE),,,distance_iou,IOU,sce,Hinkley,0.160,34.9072492,-117.1540223,164878786,way
Holgate (SCE),,,distance_iou,IOU,sce,Holgate,0.153,35.0143153,-117.704077,757393063,way
Homart (SCE),,,distance_iou,IOU,sce,Homart,0.055,34.0747564,-117.2919134,773685595,way
Howard (SCE),,Southern California Edison,distance_iou,IOU,sce,Howard,0.012,33.9225985,-118.3072583,393117834,way
Howard (SCE),,,distance_iou,IOU,sce,Howard,0.480,33.926307,-118.309692,1458489448,way
Huston (SCE),,,distance_iou,IOU,sce,Huston,0.033,34.242766,-117.2854789,1249793977,way
Imperial (SCE),,Southern California Edison,distance_iou,IOU,sce,Imperial,0.040,33.9118567,-118.1482462,209302397,way
Inyokern (SCE),,,distance_iou,IOU,sce,Inyokern,0.164,35.6544271,-117.7953327,1452692248,way
Inyokern Town (SCE),,,distance_iou,IOU,sce,Inyokern Town,0.098,35.6485141,-117.8165788,1485094930,way
Iron Mt. (Sce) (SCE),,,distance_iou,IOU,sce,Iron Mt. (Sce),0.224,34.149181,-115.1219114,93581423,way
Iron Mt. (Sce) (SCE),,,distance_iou,IOU,sce,Iron Mt. (Sce),0.327,34.1503742,-115.1214945,93581443,way
Isabella (SCE),,,distance_iou,IOU,sce,Isabella,0.152,35.6324011,-118.4784272,176160370,way
Isla Vista (SCE),,,distance_iou,IOU,sce,Isla Vista,0.119,34.4330299,-119.8712403,168222306,way
Ivyglen (SCE),,,distance_iou,IOU,sce,Ivyglen,0.047,33.7601832,-117.4772339,1214083024,way
Ivyglen (SCE),,,distance_iou,IOU,sce,Ivyglen,0.429,33.7602292,-117.481365,1485094942,way
Edison Jersey Substation,Edison Jersey Substation,Southern California Edison,distance_iou,IOU,sce,Jersey,0.027,33.8794982,-118.2481835,1019311460,way
Jersey (SCE),,,distance_iou,IOU,sce,Jersey,0.450,33.8757502,-118.2491634,1492361837,way
Joshua Tree (SCE),,Southern California Edison,distance_iou,IOU,sce,Joshua Tree,0.040,34.1359852,-116.3156793,1451635961,way
Joshua Tree (SCE),,Southern California Edison,distance_iou,IOU,sce,Joshua Tree,0.718,34.1387947,-116.3082129,1531752873,way
June Lake (SCE),,,distance_iou,IOU,sce,June Lake,0.093,37.7670594,-119.1233853,1485094889,way
Kernville (SCE),,,distance_iou,IOU,sce,Kernville,0.077,35.7725221,-118.4323697,1485094927,way
Kimball (SCE),,Southern California Edison,distance_iou,IOU,sce,Kimball,0.059,33.9701286,-117.6185766,1215479747,way
La Habra (SCE),,Southern California Edison,distance_iou,IOU,sce,La Habra,0.039,33.925162,-117.9337487,391394495,way
La Mirada (SCE),,,distance_iou,IOU,sce,La Mirada,0.007,33.8886774,-118.0145,913700442,way
La Palma (SCE),,,distance_iou,IOU,sce,La Palma,0.015,33.8462907,-117.9800101,915704590,way
Lakeview (SCE),,,distance_iou,IOU,sce,Lakeview,0.014,33.8256852,-117.1340139,1283495818,way
Lakewood (SCE),,,distance_iou,IOU,sce,Lakewood,0.026,33.8302186,-118.1247987,297133283,way
Lampson (SCE),,,distance_iou,IOU,sce,Lampson,0.070,33.7782048,-117.8990968,920574351,way
Lancaster (SCE),,Southern California Edison,distance_iou,IOU,sce,Lancaster,0.021,34.7005572,-118.1456973,209270565,way
Latigo (SCE),,,distance_iou,IOU,sce,Latigo,0.090,34.0447549,-118.7761091,149304418,way
Layfair (SCE),,Southern California Edison,distance_iou,IOU,sce,Layfair,0.238,34.0899261,-117.7697237,389746091,way
Lennox (SCE),,Southern California Edison,distance_iou,IOU,sce,Lennox,0.073,33.9422893,-118.3473748,257181124,way
Little Rock (SCE),,,distance_iou,IOU,sce,Little Rock,0.098,34.6163051,-117.9689394,797577180,way
Lockheed (SCE),,,distance_iou,IOU,sce,Lockheed,0.155,34.4577705,-118.5804049,168229988,way
Longdon (SCE),,Southern California Edison,distance_iou,IOU,sce,Longdon,0.010,33.8817527,-118.1956315,78797598,way
Loraine (SCE),,,distance_iou,IOU,sce,Loraine,0.324,35.306895,-118.4233201,1431587253,way
Los Cerritos (SCE),,,distance_iou,IOU,sce,Los Cerritos,0.023,33.8112064,-118.1904555,677561935,way
Lucas Substation (electricity),Lucas Substation (electricity),Southern California Edison,distance_iou,IOU,sce,Lucas,0.032,33.8423262,-118.1204944,27593176,way
Lucerne (SCE),,,distance_iou,IOU,sce,Lucerne,0.082,34.4450295,-116.9465941,1102244284,way
Edison Dylan Substation,Edison Dylan Substation,Southern California Edison,distance_iou,IOU,sce,Maraschino,0.013,33.9256409,-116.9876261,859725891,way
Mariposa (SCE),,,distance_iou,IOU,sce,Mariposa,0.056,35.8055003,-119.1606144,1485095084,way
Maxwell (SCE),,,distance_iou,IOU,sce,Maxwell,0.075,33.9472219,-117.2433712,1282256589,way
Mayberry (SCE),,Southern California Edison,distance_iou,IOU,sce,Mayberry,0.054,33.7363055,-116.920081,880487334,way
Mayflower (SCE),,,distance_iou,IOU,sce,Mayflower,0.033,34.1184271,-118.0080122,686238034,way
Milliken (SCE),,,distance_iou,IOU,sce,Milliken,0.033,34.0440861,-117.5683345,1295105244,way
Minaret (SCE),,,distance_iou,IOU,sce,Minaret,0.023,37.6515594,-119.0107036,1485094890,way
Minneola (SCE),,,distance_iou,IOU,sce,Minneola,0.745,34.8658842,-116.8252689,1453747816,way
Monolith (SCE),,,distance_iou,IOU,sce,Monolith,0.335,35.1236814,-118.379745,478730533,way
Monolith (SCE),,,distance_iou,IOU,sce,Monolith,0.780,35.123896,-118.3741472,1437127291,way
Moraga (SCE),,,distance_iou,IOU,sce,Moraga,0.051,33.5037193,-117.1404573,109609240,way
Moreno (SCE),,,distance_iou,IOU,sce,Moreno,0.107,33.9469872,-117.1725134,395206271,way
Morro (SCE),,,distance_iou,IOU,sce,Morro,0.059,33.5518108,-117.7788764,665178980,way
Mountain Pass A (SCE),,,distance_iou,IOU,sce,Mountain Pass A,0.203,35.5015735,-115.5521851,80177263,way
Movie (SCE),,Southern California Edison,distance_iou,IOU,sce,Movie,0.023,33.9903075,-118.3940718,48802108,way
Mt. Tom (SCE),,,distance_iou,IOU,sce,Mt. Tom,0.044,37.3497347,-118.4654173,89637077,way
Mt. Tom (SCE),,,distance_iou,IOU,sce,Mt. Tom,0.210,37.3500834,-118.463068,89637090,way
Murphy (SCE),,,distance_iou,IOU,sce,Murphy,0.042,33.9544205,-118.0431126,681033327,way
Murrieta No. 2,Murrieta No. 2,Southern California Edison,distance_iou,IOU,sce,Murrietta 2,0.034,33.5399118,-117.1876217,421505143,way
Naomi (SCE),,,distance_iou,IOU,sce,Naomi,0.021,33.975586,-118.2480738,1485094986,way
Narrows (SCE),,,distance_iou,IOU,sce,Narrows,0.134,34.0049524,-118.0667378,86092401,way
Navy Mole (SCE),,,distance_iou,IOU,sce,Navy Mole,0.087,33.7422753,-118.2285787,1296516933,way
Neenach (SCE),,,distance_iou,IOU,sce,Neenach,0.017,34.7751199,-118.5014607,597421154,way
Nelson (SCE),,,distance_iou,IOU,sce,Nelson,0.021,33.7723219,-116.988349,395019806,way
Neptune (SCE),,,distance_iou,IOU,sce,Neptune,0.002,33.8273488,-118.2684996,1027234674,way
Newcomb (SCE),,,distance_iou,IOU,sce,Newcomb,0.031,33.6873269,-117.207199,1104824498,way
Newmark (SCE),,Southern California Edison,distance_iou,IOU,sce,Newmark,0.035,34.0456954,-118.129092,169880246,way
Nogales (SCE),,,distance_iou,IOU,sce,Nogales,0.022,34.0067881,-117.8551765,990616337,way
North Intake (SCE),,,distance_iou,IOU,sce,North Intake,0.103,33.7293544,-114.5171807,1485095291,way
North Oaks (SCE),,,distance_iou,IOU,sce,North Oaks,0.067,34.4155236,-118.4527384,1492309483,way
Northwind (SCE),,,distance_iou,IOU,sce,Northwind,0.074,35.0759069,-118.3726171,478730524,way
Northwind (SCE),,,distance_iou,IOU,sce,Northwind,0.029,35.0753779,-118.3724942,1121132892,way
Northwind (SCE),,,distance_iou,IOU,sce,Northwind,0.048,35.0756529,-118.3725907,1121132893,way
Oak Park (SCE),,Southern California Edison,distance_iou,IOU,sce,Oak Park,0.091,34.1861817,-118.7846778,167413743,way
Oasis (SCE),,,distance_iou,IOU,sce,Oasis,0.074,34.6467343,-118.0950153,463127907,way
Oasis (SCE),,,distance_iou,IOU,sce,Oasis,0.681,34.6516587,-118.0900841,1431722703,way
Oceanview (SCE),,Southern California Edison,distance_iou,IOU,sce,Oceanview,0.017,33.7163677,-117.9875512,78488978,way
Oldfield (SCE),,,distance_iou,IOU,sce,Oldfield,0.019,33.8461531,-118.1771248,676714266,way
Olive Lake (SCE),,,distance_iou,IOU,sce,Olive Lake,0.092,33.6113178,-114.551063,1531507744,way
Orange (SCE),,Southern California Edison,distance_iou,IOU,sce,Orange,0.025,33.7902923,-117.8614948,626103620,way
Ordway (SCE),,,distance_iou,IOU,sce,Ordway,0.216,34.8647513,-117.1177621,1485095290,way
Oro Grande (SCE),,,distance_iou,IOU,sce,Oro Grande,0.107,34.6014397,-117.3350554,205000596,way
Oro Grande (SCE),,,distance_iou,IOU,sce,Oro Grande,0.425,34.6061063,-117.3350823,849942151,way
Oro Grande (SCE),,,distance_iou,IOU,sce,Oro Grande,0.579,34.6039363,-117.3405569,1017858359,way
Ortega (SCE),,,distance_iou,IOU,sce,Ortega,0.376,34.4184253,-119.5868287,349858416,way
Padua (SCE),,Southern California Edison,distance_iou,IOU,sce,Padua,0.061,34.1202242,-117.6394233,86294229,way
Palm Canyon (SCE),,,distance_iou,IOU,sce,Palm Canyon,0.012,33.7989039,-116.5432675,1265015465,way
Passons (SCE),,Southern California Edison,distance_iou,IOU,sce,Passons,0.003,33.9642519,-118.0821967,383740652,way
Pearl (SCE),,,distance_iou,IOU,sce,Pearl,0.025,34.0217502,-118.458658,1492294239,way
Pechanga (SCE),,,distance_iou,IOU,sce,Pechanga,0.706,33.4909698,-117.0638792,1485094945,way
Peerless (SCE),,,distance_iou,IOU,sce,Peerless,0.454,35.0974382,-117.8003159,1485094932,way
Pepper (SCE),,,distance_iou,IOU,sce,Pepper,0.104,34.1020368,-117.3535308,14046352,relation
Perez (SCE),,,distance_iou,IOU,sce,Perez,0.982,33.8907008,-117.5900869,445337105,way
Peyton (SCE),,Southern California Edison,distance_iou,IOU,sce,Peyton,0.211,33.9963055,-117.7332827,79440937,way
Phelan (SCE),,Southern California Edison,distance_iou,IOU,sce,Phelan,0.137,34.4241254,-117.555775,120259296,way
Pico (SCE),,,distance_iou,IOU,sce,Pico,0.648,33.7689049,-118.212275,132107032,way
Pico (SCE),,,distance_iou,IOU,sce,Pico,0.024,33.7654697,-118.2067529,385078303,way
Pico (SCE),,,distance_iou,IOU,sce,Pico,0.524,33.7681734,-118.2112545,843310766,way
Pico (SCE),,,distance_iou,IOU,sce,Pico,0.151,33.7648182,-118.2078816,1485094994,way
Pitman (SCE),,,distance_iou,IOU,sce,Pitman,0.329,37.2039923,-119.2429743,169326813,way
Pitman (SCE),,,distance_iou,IOU,sce,Pitman,0.111,37.2054687,-119.240796,1251198631,way
Piute (SCE),,,distance_iou,IOU,sce,Piute,0.066,34.6907535,-117.969303,1533136998,way
Pixley (SCE),,,distance_iou,IOU,sce,Pixley,0.051,35.9648971,-119.3033798,1164967802,way
Placentia (SCE),,,distance_iou,IOU,sce,Placentia,0.048,33.8716139,-117.8787284,920574352,way
Pomona (SCE),,,distance_iou,IOU,sce,Pomona,0.006,34.0583206,-117.755302,438371323,way
Poplar (SCE),,,distance_iou,IOU,sce,Poplar,0.033,35.9938632,-119.1442642,1485094918,way
Southern California Edison Thousand Oaks,Southern California Edison Thousand Oaks,Southern California Edison,distance_iou,IOU,sce,Potrero,0.429,34.1629986,-118.836881,1358123438,way
Proctor (SCE),,,distance_iou,IOU,sce,Proctor,0.012,34.0218133,-117.9689046,1021540115,way
Quartz Hill (SCE),,,distance_iou,IOU,sce,Quartz Hill,0.050,34.6597462,-118.2281289,992557729,way
Queen Mary U.g.s. (SCE),,,distance_iou,IOU,sce,Queen Mary U.g.s.,0.827,33.7428428,-118.1894501,1167881419,way
Queen Mary U.g.s. (SCE),,,distance_iou,IOU,sce,Queen Mary U.g.s.,0.449,33.7461481,-118.1904514,1296516909,way
Queen Mary U.g.s. (SCE),,,distance_iou,IOU,sce,Queen Mary U.g.s.,0.995,33.7412148,-118.1902253,1296516920,way
Railroad (SCE),,Southern California Edison,distance_iou,IOU,sce,Railroad,0.023,33.9970938,-117.8877101,395352116,way
Rancho (SCE),,,distance_iou,IOU,sce,Rancho,0.138,34.5175743,-117.2157285,1485094940,way
Ravendale (SCE),,,distance_iou,IOU,sce,Ravendale,0.083,34.1217783,-118.0811942,604773381,way
Redman (SCE),,,distance_iou,IOU,sce,Redman,0.111,34.7633299,-117.9692993,1220401339,way
230kV Switching Station,230kV Switching Station,Southern California Edison,distance_iou,IOU,sce,Redondo,0.751,33.8525365,-118.3937996,75206115,way
66kV Switching Station,66kV Switching Station,Southern California Edison,distance_iou,IOU,sce,Redondo,0.795,33.8516645,-118.395105,75206069,way
Repetto (SCE),,,distance_iou,IOU,sce,Repetto,0.070,34.0477809,-118.1620343,692658265,way
Ridgecrest (SCE),,,distance_iou,IOU,sce,Ridgecrest,0.053,35.6263534,-117.6729211,1485094929,way
Rio Hondo (SCE),,,distance_iou,IOU,sce,Rio Hondo,0.829,34.0995372,-117.979947,86094411,way
Rio Hondo (SCE),,,distance_iou,IOU,sce,Rio Hondo,0.059,34.1067568,-117.9774977,590193216,way
Ritter Ranch (SCE),,,distance_iou,IOU,sce,Ritter Ranch,0.071,34.5791606,-118.2030299,496313045,way
Rivera (SCE),,,distance_iou,IOU,sce,Rivera,0.005,33.9695549,-118.1013861,914528908,way
Roadway (SCE),,,distance_iou,IOU,sce,Roadway,0.088,34.5761985,-117.4131719,762370931,way
Rolling Hills (SCE),,,distance_iou,IOU,sce,Rolling Hills,0.012,33.8083631,-118.3550389,391540192,way
Rosamond (SCE),,Southern California Edison,distance_iou,IOU,sce,Rosamond,0.019,34.8643016,-118.2373425,179886362,way
Royal (SCE),,,distance_iou,IOU,sce,Royal,0.099,34.2784682,-118.7795245,379534577,way
Rubidoux (SCE),,,distance_iou,IOU,sce,Rubidoux,0.043,33.9992568,-117.4155994,1160961868,way
Running Springs (SCE),,,distance_iou,IOU,sce,Running Springs,0.026,34.2080561,-117.1040771,514658722,way
San Antonio (SCE),,,distance_iou,IOU,sce,San Antonio,0.021,34.093184,-117.6978469,1024402205,way
San Bernardino (SCE),,,distance_iou,IOU,sce,San Bernardino,0.284,34.0822599,-117.238988,181492749,way
San Marino (SCE),,,distance_iou,IOU,sce,San Marino,0.092,34.128132,-118.0993208,1222384138,way
Santa Barbara (SCE),,,distance_iou,IOU,sce,Santa Barbara,0.020,34.4230644,-119.6853935,168216614,way
Santa Monica (SCE),,Southern California Edison,distance_iou,IOU,sce,Santa Monica,0.052,34.0175251,-118.4878124,1464138767,way
Santa Susana (SCE),,,distance_iou,IOU,sce,Santa Susana,0.114,34.2795374,-118.7171181,179988922,way
Saugus (SCE),,Pacific Gas and Electric Company,distance_iou,IOU,sce,Saugus,0.445,34.4231807,-118.5816499,77857453,way
Savage (SCE),,Southern California Edison,distance_iou,IOU,sce,Savage,0.148,34.4740368,-117.2941019,120878575,way
Distributing Station 28,Distributing Station 28,Los Angeles Department of Water and Power,distance_iou,IOU,sce,Sawtelle,0.839,34.0449222,-118.4437557,422504305,way
Seabright (SCE),,,distance_iou,IOU,sce,Seabright,0.367,33.7742947,-118.2084147,132119247,way
Seabright (SCE),,,distance_iou,IOU,sce,Seabright,0.139,33.7724403,-118.2035197,1059438606,way
Searles (SCE),,,distance_iou,IOU,sce,Searles,0.078,35.7000399,-117.3987838,164758880,way
Searles (SCE),,,distance_iou,IOU,sce,Searles,0.726,35.7041215,-117.3933208,1485094928,way
Sepulveda (SCE),,,distance_iou,IOU,sce,Sepulveda,0.909,33.9117326,-118.3917945,1461361567,way
Shandin (SCE),,Southern California Edison,distance_iou,IOU,sce,Shandin,0.083,34.1698864,-117.3301979,936569225,way
Shawnee (SCE),,Southern California Edison,distance_iou,IOU,sce,Shawnee,0.151,33.7722358,-118.0121848,384143472,way
Shuttle (SCE),,,distance_iou,IOU,sce,Shuttle,0.119,34.6426466,-118.1648742,196813668,way
Sierra Madre (SCE),,,distance_iou,IOU,sce,Sierra Madre,0.008,34.1582487,-118.0545987,1485095012,way
Edison,Edison,,distance_iou,IOU,sce,Signal Hill,0.004,33.8113592,-118.168207,160842897,way
Signal Hill (SCE),,Southern California Edison,distance_iou,IOU,sce,Signal Hill,0.943,33.8192146,-118.1643766,389174028,way
Signal Hill (SCE),,,distance_iou,IOU,sce,Signal Hill,0.673,33.8166205,-118.1717141,1457773032,way
Skiland (SCE),,,distance_iou,IOU,sce,Skiland,0.052,37.6366223,-118.9644032,1104820127,way
Skylark (SCE),,Southern California Edison,distance_iou,IOU,sce,Skylark,0.076,33.6309003,-117.2918361,1355269493,way
Smiley (SCE),,,distance_iou,IOU,sce,Smiley,0.102,34.0277535,-117.1653532,1485094968,way
Somerset (SCE),,Southern California Edison,distance_iou,IOU,sce,Somerset,0.013,33.8742273,-118.1429922,383644496,way
Somis (SCE),,,distance_iou,IOU,sce,Somis,0.242,34.2634265,-119.0118862,1492294235,way
Soquel (SCE),,,distance_iou,IOU,sce,Soquel,0.112,33.9639864,-117.6954104,77593908,way
South Gate (SCE),,,distance_iou,IOU,sce,South Gate,0.052,33.9470853,-118.2131153,1485094988,way
Southwind (SCE),,,distance_iou,IOU,sce,Southwind,0.471,35.0352327,-118.3524346,99599988,way
Southwind (SCE),,,distance_iou,IOU,sce,Southwind,0.139,35.0316318,-118.3515222,1485094851,way
Stadium (SCE),,Southern California Edison,distance_iou,IOU,sce,Stadium,0.029,33.7719723,-118.1003958,27186604,way
Stadium (SCE),,,distance_iou,IOU,sce,Stadium,0.992,33.7635343,-118.0963798,675049851,way
Stadium (SCE),,,distance_iou,IOU,sce,Stadium,0.604,33.7674462,-118.0963657,675049852,way
Stadium (SCE),,,distance_iou,IOU,sce,Stadium,0.165,33.7705034,-118.100667,1467180896,way
Stadler (SCE),,,distance_iou,IOU,sce,Stadler,0.024,33.557875,-117.2034045,110573544,way
State Street (SCE),,,distance_iou,IOU,sce,State Street,0.008,33.7902189,-118.1986948,843310749,way
Stoddard (SCE),,,distance_iou,IOU,sce,Stoddard,0.085,34.1004441,-117.2927221,936564982,way
Sullivan (SCE),,,distance_iou,IOU,sce,Sullivan,0.004,33.7447881,-117.9019753,929401643,way
SCE Suncity Substation,SCE Suncity Substation,Southern California Edison,distance_iou,IOU,sce,Sun City,0.136,33.6875325,-117.1459177,165502301,way
Sunny Dunes (SCE),,,distance_iou,IOU,sce,Sunny Dunes,0.004,33.8129783,-116.5435968,1252942880,way
Tamarisk (SCE),,,distance_iou,IOU,sce,Tamarisk,0.005,33.7919455,-116.4499157,1284460749,way
Tapia (SCE),,Southern California Edison,distance_iou,IOU,sce,Tapia,0.037,34.0363494,-118.685048,1285941800,way
Team (SCE),,Southern California Edison,distance_iou,IOU,sce,Team,0.011,33.7449693,-117.9999541,391757384,way
Temple (SCE),,,distance_iou,IOU,sce,Temple,0.005,34.1061276,-118.0683334,1199651904,way
Tenaja (SCE),,,distance_iou,IOU,sce,Tenaja,0.128,33.584546,-117.2553905,1283857383,way
Terra Bella (SCE),,,distance_iou,IOU,sce,Terra Bella,0.081,35.9638996,-119.0185269,1485094917,way
Terrace (SCE),,,distance_iou,IOU,sce,Terrace,0.026,34.0574866,-118.1822682,1126593009,way
Tippecanoe (SCE),,,distance_iou,IOU,sce,Tippecanoe,0.007,34.1209293,-117.2584272,819500175,way
Topaz (SCE),,Southern California Edison,distance_iou,IOU,sce,Topaz,0.060,33.8277966,-118.3765996,391540189,way
Tortilla (SCE),,Southern California Edison,distance_iou,IOU,sce,Tortilla,0.163,34.8631924,-117.0308909,81605627,way
Trona (SCE),,,distance_iou,IOU,sce,Trona,0.854,35.7804712,-117.3686644,1452894460,way
Trona (SCE),,,distance_iou,IOU,sce,Trona,0.079,35.7735675,-117.3704041,1452894462,way
Trophy (SCE),,,distance_iou,IOU,sce,Trophy,0.273,34.0413322,-117.8182456,928746140,way
Twentynine Palms (SCE),,Southern California Edison,distance_iou,IOU,sce,Twentynine Palms,0.050,34.1378308,-116.0537137,1531752874,way
Southern Califorina Edison Power Substation: Studio Master Substation,Southern Califorina Edison Power Substation: Studio Master Substation,,distance_iou,IOU,sce,Universal,0.107,34.1429562,-118.3574404,94064537,way
Southern California Edison Electrical Substation: Edison Universal Substation,Southern California Edison Electrical Substation: Edison Universal Substation,Southern California Edison,distance_iou,IOU,sce,Universal,0.258,34.1429667,-118.3591279,94066289,way
Universal (SCE),,,distance_iou,IOU,sce,Universal,0.689,34.1400351,-118.3499773,909824311,way
Universal (SCE),,,distance_iou,IOU,sce,Universal,0.053,34.1429463,-118.356767,909824333,way
Vail (SCE),,Southern California Edison,distance_iou,IOU,sce,Vail,0.062,34.0067343,-118.1276597,79649407,way
Valdez (SCE),,,distance_iou,IOU,sce,Valdez,0.023,34.1477307,-118.6318504,426254441,way
Vera (SCE),,,distance_iou,IOU,sce,Vera,0.022,33.7654199,-117.9284802,932730267,way
Verdant (SCE),,,distance_iou,IOU,sce,Verdant,0.124,33.4185761,-114.7251981,1492309469,way
Victor (SCE),,Southern California Edison,distance_iou,IOU,sce,Victor,0.167,34.5049596,-117.3883217,30733362,way
Victorville (SCE),,,distance_iou,IOU,sce,Victorville,0.045,34.5353371,-117.2951485,1004654179,way
Wabash (SCE),,,distance_iou,IOU,sce,Wabash,0.012,34.0449502,-118.1864735,678813325,way
Washington (SCE),,,distance_iou,IOU,sce,Washington,0.083,33.7560739,-117.8594219,921918603,way
Washington (SCE),,,distance_iou,IOU,sce,Washington,0.327,33.7587205,-117.8565354,1451858892,way
Watson (SCE),,,distance_iou,IOU,sce,Watson,0.022,33.8079023,-118.2618207,643584280,way
West Barstow (SCE),,,distance_iou,IOU,sce,West Barstow,0.068,34.8915952,-117.0493225,1492309927,way
Wheatland (SCE),,,distance_iou,IOU,sce,Wheatland,0.231,35.9109436,-119.144287,169403016,way
Gene Substation,Gene Substation,,distance_iou,IOU,sce,Whipple,0.391,34.2911053,-114.1712775,77275131,way
Whipple (SCE),,,distance_iou,IOU,sce,Whipple,0.208,34.2926245,-114.1720716,77275161,way
Whipple (SCE),,,distance_iou,IOU,sce,Whipple,0.087,34.2937382,-114.1724867,77275215,way
Whipple (SCE),,,distance_iou,IOU,sce,Whipple,0.293,34.2921214,-114.1713069,77275237,way
Whipple (SCE),,,distance_iou,IOU,sce,Whipple,0.557,34.289537,-114.1711322,77275240,way
Whipple (SCE),,,distance_iou,IOU,sce,Whipple,0.602,34.2901685,-114.1688962,1253434712,way
Whitewater (SCE),,,distance_iou,IOU,sce,Whitewater,0.811,33.9177501,-116.6428329,353468604,way
Whitewater (SCE),,,distance_iou,IOU,sce,Whitewater,0.376,33.9215976,-116.650206,1249384423,way
Wilsona (SCE),,,distance_iou,IOU,sce,Wilsona,0.199,34.5792735,-117.7197221,851411394,way
Wimbledon (SCE),,,distance_iou,IOU,sce,Wimbledon,0.101,34.0484965,-117.5249724,1295105227,way
Windsor Hills (SCE),,Los Angeles Department of Water and Power,distance_iou,IOU,sce,Windsor Hills,0.801,33.9891465,-118.3593136,159759778,way
Woodruff (SCE),,,distance_iou,IOU,sce,Woodruff,0.035,33.8999243,-118.1184698,912208396,way
Wrightwood (SCE),,,distance_iou,IOU,sce,Wrightwood,0.057,34.3584344,-117.6240969,876408580,way
Yermo (SCE),,Southern California Edison,distance_iou,IOU,sce,Yermo,0.131,34.9030536,-116.8293762,1170877873,way
Yorba Linda (SCE),,,distance_iou,IOU,sce,Yorba Linda,0.170,33.8888222,-117.7880964,1296518111,way
Yucaipa (SCE),,,distance_iou,IOU,sce,Yucaipa,0.123,34.0105747,-117.0514196,1485094967,way
Yukon (SCE),,,distance_iou,IOU,sce,Yukon,0.263,33.9205835,-118.3355002,849783215,way
Zanja (SCE),,,distance_iou,IOU,sce,Zanja,0.310,34.0743852,-117.0475084,1249384523,way
BARRETT (SDGE),,,distance_iou,IOU,sdge,BARRETT,0.837,32.6671446,-116.7002077,633755405,way
BORDER (SDGE),,,distance_iou,IOU,sdge,BORDER,0.356,32.5667881,-116.9438971,4173398686,node
BORDER (SDGE),,,distance_iou,IOU,sdge,BORDER,0.404,32.5667994,-116.9445154,4173398687,node
BORDER (SDGE),,,distance_iou,IOU,sdge,BORDER,0.431,32.5662368,-116.9444108,416590477,way
BOULEVARD EAST (SDGE),,,distance_iou,IOU,sdge,BOULEVARD EAST,0.548,32.6621978,-116.2723271,1454379548,way
Azuaga Street Substation,Azuaga Street Substation,,distance_iou,IOU,sdge,CHICARITA,0.339,32.9582981,-117.1088663,26254174,way
EL CAJON (SDGE),,,distance_iou,IOU,sdge,EL CAJON,0.326,32.7968833,-116.9717467,1485094949,way
ESCO (SDGE),,San Diego Gas & Electric,distance_iou,IOU,sdge,ESCO,0.600,33.1156579,-117.089273,104056366,way
FRIARS (SDGE),,,distance_iou,IOU,sdge,FRIARS,0.596,32.7790239,-117.1568252,167029616,way
GENESEE (SDGE),,San Diego Gas & Electric,distance_iou,IOU,sdge,GENESEE,0.646,32.8711785,-117.22372,8692039105,node
GENESEE (SDGE),,San Diego Gas & Electric,distance_iou,IOU,sdge,GENESEE,0.648,32.8711619,-117.223679,8692039106,node
GENESEE (SDGE),,,distance_iou,IOU,sdge,GENESEE,0.752,32.8836062,-117.2225083,31841298,way
GENESEE (SDGE),,,distance_iou,IOU,sdge,GENESEE,0.701,32.8736147,-117.2304639,957661236,way
GENESEE (SDGE),,,distance_iou,IOU,sdge,GENESEE,0.606,32.8815608,-117.2276221,1076434105,way
I-5 Switch Station,I-5 Switch Station,,distance_iou,IOU,sdge,GENESEE,0.754,32.8817496,-117.2298523,913007447,way
GRANT HILL (SDGE),,,distance_iou,IOU,sdge,GRANT HILL,0.764,32.712627,-117.130889,247982505,way
IMPERIAL BEACH (SDGE),,,distance_iou,IOU,sdge,IMPERIAL BEACH,0.401,32.5833132,-117.0972566,218922138,way
Kearny Substation,Kearny Substation,San Diego Gas & Electric,distance_iou,IOU,sdge,KEARNY WEST,0.590,32.8330901,-117.134041,13791347,relation
OLD TOWN (SDGE),,,distance_iou,IOU,sdge,OLD TOWN,0.850,32.770912,-117.2053212,1078311419,way
POMERADO (SDGE),,,distance_iou,IOU,sdge,POMERADO,0.300,32.9413597,-117.0327973,882886529,way
POMERADO (SDGE),,,distance_iou,IOU,sdge,POMERADO,0.229,32.9405703,-117.0319735,1467179079,way
POWAY (SDGE),,,distance_iou,IOU,sdge,POWAY,0.929,33.0153697,-117.0020613,1485094953,way
SALT CREEK (SDGE),,SDG&E,distance_iou,IOU,sdge,SALT CREEK,0.582,32.6193517,-116.9494001,1209456095,way
Capistrano Substation,Capistrano Substation,San Diego Gas & Electric,distance_iou,IOU,sdge,SAN JUAN CAPISTRANO,0.949,33.5126117,-117.66628,30050587,way
SANTEE (SDGE),,,distance_iou,IOU,sdge,SANTEE,0.593,32.8544552,-116.9684077,1479953404,way
SDG&E 4th and Ash Sub Station,SDG&E 4th and Ash Sub Station,San Diego Gas & Electric,distance_iou,IOU,sdge,STATION B,0.633,32.7197071,-117.1614202,184696201,way
STATION B (SDGE),,,distance_iou,IOU,sdge,STATION B,0.516,32.7188236,-117.1696798,1078585680,way
STATION F (SDGE),,San Diego Gas & Electric,distance_iou,IOU,sdge,STATION F,0.148,32.7549329,-117.1259419,116428566,way
TORREY PINES (SDGE),,,distance_iou,IOU,sdge,TORREY PINES,0.773,32.9015437,-117.2299896,31807059,way
TORREY PINES (SDGE),,,distance_iou,IOU,sdge,TORREY PINES,0.659,32.9029403,-117.228672,971813149,way
TORREY PINES (SDGE),,San Diego Gas & Electric,distance_iou,IOU,sdge,TORREY PINES,0.823,32.9019493,-117.2271095,971813152,way
URBAN (SDGE),,,distance_iou,IOU,sdge,URBAN,0.753,32.7132695,-117.1514722,458937631,way
URBAN (SDGE),,,distance_iou,IOU,sdge,URBAN,0.737,32.7133974,-117.1516253,458937632,way
VINE (SDGE),,,distance_iou,IOU,sdge,VINE,0.165,32.7387391,-117.178914,547362531,way
A.P.T. Oro (basin),,,distance_basin,basin,pge,A.P.T. Oro,0.006,39.4812115,-121.5655556,1485095263,way
Adobe (basin),,,distance_basin,basin,pge,Adobe,0.004,35.1072981,-118.9578688,1485095066,way
Altamont (basin),,,distance_basin,basin,pge,Altamont,0.002,37.7483796,-121.6772365,1420865740,way
Angels (basin),,,distance_basin,basin,pge,Angels,0.001,38.0718318,-120.5393509,1485095205,way
Angiola (basin),,,distance_basin,basin,pge,Angiola,0.007,35.9919752,-119.5717286,1485095086,way
Arco (basin),,,distance_basin,basin,pge,Arco,0.014,35.7755843,-119.9137391,94670675,way
Arkansas (basin),,,distance_basin,basin,pge,Arkansas,0.406,39.3625196,-122.2607475,942796932,way
Delevan Substation,Delevan Substation,Pacific Gas and Electric,distance_basin,basin,pge,Arkansas,0.583,39.3682089,-122.2694681,1359675934,way
Atlantic Substation,Atlantic Substation,Pacific Gas and Electric Company,distance_basin,basin,pge,Atlantic,0.006,38.7635707,-121.264042,30410527,way
Berry Street Receiving Station,Berry Street Receiving Station,Roseville Electric,distance_basin,basin,pge,Atlantic,0.225,38.7616011,-121.264054,29989554,way
Badger Hill Pumps (basin),,,distance_basin,basin,pge,Badger Hill Pumps,0.008,35.8349288,-119.94266,1485095036,way
Banta (basin),,,distance_basin,basin,pge,Banta,0.009,37.7528456,-121.3505833,884225131,way
Barker Slough Pumping Station (basin),,,distance_basin,basin,pge,Barker Slough Pumping Station,0.002,38.2764915,-121.7967977,36966082,way
Batavia (basin),,,distance_basin,basin,pge,Batavia,0.003,38.3870606,-121.7758384,402283101,way
Bayshore Substation,Bayshore Substation,Pacific Gas and Electric Company,distance_basin,basin,pge,Bayshore ,0.005,37.7460031,-122.403333,258866768,way
Bear Canyon (basin),,,distance_basin,basin,pge,Bear Canyon,0.006,38.7625869,-122.6924958,399274135,way
Beardsley (basin),,,distance_basin,basin,pge,Beardsley,0.004,38.2029042,-120.076883,94633368,node
Belden Switchyard,Belden Switchyard,Pacific Gas and Electric Company,distance_basin,basin,pge,Belden,0.109,40.0074283,-121.2507035,1509131618,way
Belle Haven Substation,Belle Haven Substation,Pacific Gas and Electric Company,distance_basin,basin,pge,Belle Haven,0.006,37.477635,-122.1685678,48205182,way
Tyco Electronics,Tyco Electronics,,distance_basin,basin,pge,Belle Haven,0.307,37.4803496,-122.1677347,123020119,way
Bellota (basin),,Pacific Gas and Electric Company,distance_basin,basin,pge,Bellota,0.472,38.0149284,-121.0190242,1273931762,way
Bellota Substation,Bellota Substation,Pacific Gas and Electric Company,distance_basin,basin,pge,Bellota,0.031,38.0157488,-121.0138807,884225176,way
Belridge 1A (basin),,,distance_basin,basin,pge,Belridge 1A,0.008,35.4562329,-119.6320074,1437132024,way
Belridge 1B (basin),,,distance_basin,basin,pge,Belridge 1B,0.003,35.4439639,-119.6610226,1437132022,way
Benton (basin),,,distance_basin,basin,pge,Benton,0.003,40.5623981,-122.3953336,622695728,way
Berrenda C (basin),,,distance_basin,basin,pge,Berrenda C,0.005,35.6584911,-120.0424784,1485095033,way
Berry (basin),,,distance_basin,basin,pge,Berry,0.007,35.0898228,-119.4413014,1485095057,way
Berry Petroleum (basin),,,distance_basin,basin,pge,Berry Petroleum,0.006,35.0932701,-119.443879,1485095056,way
Big Geysers (basin),,,distance_basin,basin,pge,Big Geysers,0.008,38.7732616,-122.7292236,1492309518,way
Black Butte (basin),,,distance_basin,basin,pge,Black Butte,0.003,39.8151255,-122.3325114,939407469,way
Blaine Street Substation,Blaine Street Substation,,distance_basin,basin,pge,Blaine Street,0.006,36.9814272,-122.0250659,139636821,way
Bogard Substation,Bogard Substation,,distance_basin,basin,pge,Bogard,0.003,40.5880405,-121.0915911,1280084966,way
Bonita (basin),,,distance_basin,basin,pge,Bonita,0.006,36.9239313,-120.2016422,1256684363,way
Boswell (basin),,,distance_basin,basin,pge,Boswell,0.008,36.0851108,-119.553686,827923494,way
Buena Vista Pumps (basin),,,distance_basin,basin,pge,Buena Vista Pumps,0.007,35.1580228,-119.3489748,422132995,way
Cal Mat (basin),,,distance_basin,basin,pge,Cal Mat,0.001,37.6739053,-121.8356316,1485095148,way
Calistoga 19 (basin),,,distance_basin,basin,pge,Calistoga 19,0.021,38.7896604,-122.7444452,1485094879,way
Callendar Switching Station,Callendar Switching Station,Pacific Gas and Electric Company,distance_basin,basin,pge,Callendar,0.003,35.0469576,-120.5861366,328043907,way
Union Oil,Union Oil,Pacific Gas and Electric Company,distance_basin,basin,pge,Callendar,0.807,35.0408506,-120.5909176,328845104,way
Calvo (basin),,,distance_basin,basin,pge,Calvo,0.018,37.7474278,-121.3265397,884225133,way
Cambria (basin),,Pacific Gas and Electric Company,distance_basin,basin,pge,Cambria,0.007,35.600433,-121.1154609,294546403,way
Camp Far West (basin),,,distance_basin,basin,pge,Camp Far West,0.003,39.0488785,-121.316924,1485095181,way
Capco Madera (basin),,,distance_basin,basin,pge,Capco Madera,0.004,36.8360745,-120.4495974,1485095110,way
Capitola Substation,Capitola Substation,Pacific Gas and Electric Company,distance_basin,basin,pge,Capitola,0.005,36.9763915,-121.9801133,256935297,way
Carberry Switching Station,Carberry Switching Station,Pacific Gas and Electric Company,distance_basin,basin,pge,Carberry,0.016,40.8592127,-121.7529606,689408573,way
Carbona (basin),,,distance_basin,basin,pge,Carbona,0.004,37.6922225,-121.4166364,1485095138,way
Carmel (basin),,Pacific Gas and Electric Company,distance_basin,basin,pge,Carmel,0.005,36.5607888,-121.919681,681320702,way
Cascade (basin),,,distance_basin,basin,pge,Cascade,0.008,40.6522564,-122.3341481,588694952,way
Castroville (basin),,,distance_basin,basin,pge,Castroville,0.001,36.7631266,-121.7347465,24396970,way
Cawelo B (basin),,,distance_basin,basin,pge,Cawelo B,0.002,35.4707642,-119.1183441,1485094923,way
Centerville (basin),,,distance_basin,basin,pge,Centerville,0.007,39.7884627,-121.6574227,699841925,way
Chalk (basin),,,distance_basin,basin,pge,Chalk,0.006,35.0971304,-119.4294823,1485095058,way
Chevron Kettleman (basin),,,distance_basin,basin,pge,Chevron Kettleman,0.005,35.9969176,-119.9614139,1485095035,way
Chinese Station (basin),,,distance_basin,basin,pge,Chinese Station,0.003,37.8747247,-120.4785268,821245503,way
Christie Substation,Christie Substation,Pacific Gas and Electric Company,distance_basin,basin,pge,Christie,0.015,38.0027466,-122.2082843,35479377,way
Cisco Grove (basin),,,distance_basin,basin,pge,Cisco Grove,0.004,39.3096314,-120.5483896,170053621,way
Oakland K (Claremont) Substation,Oakland K (Claremont) Substation,Pacific Gas and Electric Company,distance_basin,basin,pge,Claremont,0.019,37.8474129,-122.2287922,112445764,way
Cliff Drive Substation,Cliff Drive Substation,,distance_basin,basin,pge,Cliff Drive,0.007,36.960124,-122.0525657,592205775,way
Coalinga Cogen (basin),,,distance_basin,basin,pge,Coalinga Cogen,0.002,36.1809276,-120.3879151,1270464989,way
Coburn (basin),,,distance_basin,basin,pge,Coburn,0.005,36.2651832,-121.1458174,182108228,way
Coleman Hatchery (basin),,,distance_basin,basin,pge,Coleman Hatchery,0.001,40.4009548,-122.1410724,901086839,way
Colgate (basin),,,distance_basin,basin,pge,Colgate,0.156,39.3310975,-121.1896943,136055465,way
Colgate (basin),,,distance_basin,basin,pge,Colgate,0.009,39.330924,-121.1915928,1464198782,way
Contra Costa Power Plant Substation,Contra Costa Power Plant Substation,Pacific Gas and Electric Company,distance_basin,basin,pge,Contra Costa Power,0.013,38.015231,-121.7621701,35799514,way
Cooley Landing Substation,Cooley Landing Substation,Pacific Gas and Electric Company,distance_basin,basin,pge,Cooley Landing,0.017,37.4737395,-122.1279853,48203963,way
Cove Road (basin),,,distance_basin,basin,pge,Cove Road,0.002,40.8776733,-121.9287198,809422546,way
Cow Creek (basin),,,distance_basin,basin,pge,Cow Creek,0.004,40.5718559,-122.0204332,1395777444,way
Cow Creek (basin),,,distance_basin,basin,pge,Cow Creek,0.111,40.570929,-122.0208378,1395777445,way
Creed Energy (basin),,,distance_basin,basin,pge,Creed Energy,0.003,38.2411958,-121.8557402,436955532,way
Crockett (basin),,,distance_basin,basin,pge,Crockett,0.001,38.0485943,-122.2217149,1485095164,way
Crusher Substation,Crusher Substation,,distance_basin,basin,pge,Crusher,0.003,37.0257164,-122.1548163,170980215,way
Crystal Springs (basin),,,distance_basin,basin,pge,Crystal Springs,0.082,37.5305757,-122.3611656,884994716,way
De Francesco (basin),,,distance_basin,basin,pge,De Francesco,0.002,36.8360509,-120.6203321,1485095112,way
Delta Energy Center,Delta Energy Center,,distance_basin,basin,pge,Delta Energy,0.019,38.017313,-121.8466103,1155632040,way
Diablo Canyon,Diablo Canyon,Pacific Gas and Electric Company,distance_basin,basin,pge,Diablo Canyon,0.015,35.2161759,-120.8472939,24400937,way
Diablo Canyon,Diablo Canyon,,distance_basin,basin,pge,Diablo Canyon,0.340,35.2160115,-120.8511175,24401024,way
Dinosaur Point (basin),,Pacific Gas and Electric Company,distance_basin,basin,pge,Dinosaur Point,0.005,37.0635662,-121.2083205,1516695076,way
Eagle Rock Substation,Eagle Rock Substation,Pacific Gas and Electric Company,distance_basin,basin,pge,Eagle Rock,0.011,38.8289511,-122.8101652,183206679,way
Bryant Substation,Bryant Substation,Pacific Gas and Electric Company,distance_basin,basin,pge,East Portal,0.647,37.876473,-122.1796979,606138004,way
East Portal Substation,East Portal Substation,,distance_basin,basin,pge,East Portal,0.002,37.8759452,-122.1870674,35660929,way
Eastshore (basin),,Amazon,distance_basin,basin,pge,Eastshore,0.794,37.632108,-122.1150027,1504909696,way
Eastshore Substation,Eastshore Substation,Pacific Gas and Electric Company,distance_basin,basin,pge,Eastshore,0.050,37.6248148,-122.1170695,33111643,way
Hyatt Switchyard,Hyatt Switchyard,California Department of Water Resources,distance_basin,basin,pge,Edward C Hyatt,0.001,39.532679,-121.4862404,92832902,way
Edward Pike (basin),,,distance_basin,basin,pge,Edward Pike,0.001,36.6262433,-121.5876492,1460096462,way
Eisen (basin),,,distance_basin,basin,pge,Eisen,0.002,35.3557624,-118.9717653,1485095071,way
Elk Hills Cogen 1 (basin),,,distance_basin,basin,pge,Elk Hills Cogen 1,0.006,35.281341,-119.4699874,1188271716,way
Elk Hills Cogen 2 (basin),,,distance_basin,basin,pge,Elk Hills Cogen 2,0.337,35.2841993,-119.4732016,686463959,way
Elk Hills Cogen 2 (basin),,,distance_basin,basin,pge,Elk Hills Cogen 2,0.002,35.281161,-119.4728882,1188271702,way
Elk Hills Cogen 2 (basin),,,distance_basin,basin,pge,Elk Hills Cogen 2,0.996,35.2722754,-119.4741239,1188271712,way
Elk Hills Cogen 2 (basin),,,distance_basin,basin,pge,Elk Hills Cogen 2,0.600,35.2784752,-119.4785921,1455899614,way
Elk Hills Cogen 2 (basin),,,distance_basin,basin,pge,Elk Hills Cogen 2,0.491,35.2768925,-119.4741653,16068561,relation
Elk Hills Cogen 3 (basin),,,distance_basin,basin,pge,Elk Hills Cogen 3,0.022,35.2786214,-119.4644234,686463958,way
Caltrans Sterling Sub Station,Caltrans Sterling Sub Station,,distance_basin,basin,pge,Embarcadero,0.311,37.7847491,-122.393748,103383868,way
Embarcadero (basin),,,distance_basin,basin,pge,Embarcadero,0.564,37.7839841,-122.3980366,1105933670,way
Embarcadero Substation,Embarcadero Substation,Pacific Gas and Electric Company,distance_basin,basin,pge,Embarcadero,0.002,37.787518,-122.3934622,192883977,way
Embarcadero Substation,Embarcadero Substation,Pacific Gas and Electric Company,distance_basin,basin,pge,Embarcadero,0.036,37.787391,-122.3938177,1154710859,way
Encinal (basin),,,distance_basin,basin,pge,Encinal,0.004,39.2475575,-121.6371814,1485095174,way
Exchequer (basin),,,distance_basin,basin,pge,Exchequer,0.014,37.5841138,-120.2723946,821245514,way
Fayette (basin),,,distance_basin,basin,pge,Fayette,0.009,37.720235,-121.5953755,182228748,way
Flint (basin),,,distance_basin,basin,pge,Flint,0.007,38.8849679,-121.0671935,1485095249,way
Frankenheimer (basin),,,distance_basin,basin,pge,Frankenheimer,0.002,37.83028,-120.8070883,1485095208,way
Frick Green Ridge Power (basin),,,distance_basin,basin,pge,Frick Green Ridge Power,0.002,37.7297635,-121.6877514,1167439765,way
Fumarole,Fumarole,,distance_basin,basin,pge,Fumarole,0.017,38.7960904,-122.7671457,1485094877,way
Schulte Switching Station,Schulte Switching Station,Pacific Gas and Electric Company,distance_basin,basin,pge,GWF Tracy,0.009,37.710439,-121.4899411,1266650815,way
Gallo (basin),,,distance_basin,basin,pge,Gallo,0.020,37.3792817,-120.8096812,305946193,way
Garcia (basin),,,distance_basin,basin,pge,Garcia,0.005,38.8892337,-123.5508808,1492294250,way
EBMUD,EBMUD,East Bay Municipal Utility District,distance_basin,basin,pge,Geary,0.319,37.9259073,-122.0714228,1462370333,way
Geysers Unit 3 (basin),,,distance_basin,basin,pge,Geysers Unit 3,0.001,38.8057014,-122.8149685,183206629,way
Gish (basin),,,distance_basin,basin,pge,Gish,0.002,37.3541099,-121.9126605,1169278170,way
Gold Hill Substation,Gold Hill Substation,Pacific Gas and Electric Company,distance_basin,basin,pge,Gold Hill,0.011,38.6575814,-121.1368126,32050965,way
Lake Substation,Lake Substation,Sacramento Municipal Utility District,distance_basin,basin,pge,Gold Hill,0.406,38.6571279,-121.1321019,518059531,way
Goose Haven (basin),,Pacific Gas and Electric,distance_basin,basin,pge,Goose Haven,0.004,38.2265645,-121.8441476,436955531,way
Grant 20 (basin),,,distance_basin,basin,pge,Grant 20,0.003,38.7787483,-122.7552076,599653559,way
Green Ridge Services (basin),,,distance_basin,basin,pge,Green Ridge Services,0.001,37.7612455,-121.6907466,1120231025,way
Gregg (basin),,Pacific Gas and Electric Company,distance_basin,basin,pge,Gregg,0.070,36.8534263,-119.9169505,182619786,way
Halls Flat Substation,Halls Flat Substation,Pacific Gas and Electric,distance_basin,basin,pge,Halls Flat,0.004,40.7448686,-121.2779711,1280084969,way
Hardwick (basin),,,distance_basin,basin,pge,Hardwick,0.006,36.4041349,-119.68591,609632008,way
Harrington (basin),,,distance_basin,basin,pge,Harrington,0.003,38.9692086,-122.0704986,1485095269,way
Hat Creek 2 Substation,Hat Creek 2 Substation,,distance_basin,basin,pge,Hat Creek 2,0.014,40.9611119,-121.5486115,177592879,way
Hatchet Ridge Collector Substation,Hatchet Ridge Collector Substation,,distance_basin,basin,pge,Hatchet Ridge Wind,0.002,40.8902602,-121.7969002,689414801,way
Haypress Middle (basin),,,distance_basin,basin,pge,Haypress Middle,0.004,39.5655321,-120.581654,1485095255,way
Headgate (basin),,,distance_basin,basin,pge,Headgate,0.006,39.7892919,-122.0513825,1485095276,way
Helm (basin),,,distance_basin,basin,pge,Helm,0.024,36.5916257,-120.1762873,182604620,way
Helm's Pumped Storage (basin),,Pacific Gas and Electric Company,distance_basin,basin,pge,Helm's Pumped Storage,0.007,37.0391384,-118.9637673,169507755,way
Henning (basin),,,distance_basin,basin,pge,Henning,0.007,38.115956,-121.2903936,1485392019,way
Herndon Substation,Herndon Substation,Pacific Gas and Electric Company,distance_basin,basin,pge,Herndon,0.039,36.8446681,-119.922563,164289720,way
Hershey (basin),,,distance_basin,basin,pge,Hershey,0.009,37.750878,-120.8453748,821248690,way
Hershey (basin),,,distance_basin,basin,pge,Hershey,0.590,37.7559735,-120.8473817,1321436669,way
High Line (basin),,,distance_basin,basin,pge,High Line,0.005,39.7619348,-122.197599,1485095277,way
Hillsdale Junction,Hillsdale Junction,,distance_basin,basin,pge,Hillsdale Junction,0.001,37.5250772,-122.3563049,737372047,way
Howland Road Substation,Howland Road Substation,Pacific Gas and Electric Company,distance_basin,basin,pge,Howland Road,0.003,37.8087838,-121.2765337,1271276985,way
Humboldt (basin),,,distance_basin,basin,pge,Humboldt,0.006,40.7825352,-124.11242,199477629,way
Industrial (basin),,,distance_basin,basin,pge,Industrial,0.005,38.1298857,-121.2515699,621953170,way
Inskip (basin),,,distance_basin,basin,pge,Inskip,0.004,40.401302,-121.9651415,1485094870,way
International Turbine Research (basin),,,distance_basin,basin,pge,International Turbine Research,0.008,37.0472346,-121.1949879,1044623846,way
Ione Energy (basin),,,distance_basin,basin,pge,Ione Energy,0.003,38.2771889,-120.9139234,1485095198,way
Kasson Substation,Kasson Substation,Pacific Gas and Electric Company,distance_basin,basin,pge,Kasson,0.021,37.7457866,-121.3413843,152357677,way
Kekawaka (basin),,,distance_basin,basin,pge,Kekawaka,0.002,40.0940112,-123.5091799,1437029485,way
Kelso (basin),,Pacific Gas and Electric Company,distance_basin,basin,pge,Kelso,0.960,37.7888937,-121.6023,1278621770,way
Kelso Substation,Kelso Substation,Pacific Gas and Electric Company,distance_basin,basin,pge,Kelso,0.012,37.7974253,-121.6032072,15617525,relation
Kent (basin),,,distance_basin,basin,pge,Kent,0.126,36.2207326,-119.9064522,1063443337,way
Kent (basin),,,distance_basin,basin,pge,Kent,0.006,36.2217861,-119.9060498,1063443338,way
Kent (basin),,,distance_basin,basin,pge,Kent,0.721,36.2153176,-119.9059036,1266355597,way
Kerchoff 2 (basin),,,distance_basin,basin,pge,Kerchoff 2,0.006,37.0718252,-119.5580221,169674293,way
Kern Canyon (basin),,,distance_basin,basin,pge,Kern Canyon,0.014,35.4406256,-118.7968914,1485094924,way
Kern Front (basin),,,distance_basin,basin,pge,Kern Front,0.003,35.5094421,-119.0305487,1485095080,way
Kernridge (basin),,,distance_basin,basin,pge,Kernridge,0.005,35.4424655,-119.7396475,1193280589,way
Kernwater (basin),,,distance_basin,basin,pge,Kernwater,0.265,35.3994266,-119.0332684,1492309715,way
Keswick (basin),,,distance_basin,basin,pge,Keswick,0.005,40.623846,-122.4620564,1116550043,way
Kilarc (basin),,,distance_basin,basin,pge,Kilarc,0.001,40.6781666,-121.873104,449286650,way
King Ellis (basin),,,distance_basin,basin,pge,King Ellis,0.008,35.4701583,-119.75112,1485095047,way
Kings River (basin),,,distance_basin,basin,pge,Kings River,0.009,36.8882055,-119.159536,169507757,way
Kings River Consrv. (basin),,,distance_basin,basin,pge,Kings River Consrv.,0.007,36.6904723,-119.7403389,1467181671,way
Lagunitas (basin),,,distance_basin,basin,pge,Lagunitas,0.003,36.7487671,-121.6060219,1485095126,way
Lake View (basin),,,distance_basin,basin,pge,Lake View,0.003,38.8238662,-122.781341,1485094876,way
Lambie Substation,Lambie Substation,Pacific Gas and Electric,distance_basin,basin,pge,Lambie Energy,0.004,38.2214947,-121.8669216,35912596,way
Las Perillas Pumps (basin),,,distance_basin,basin,pge,Las Perillas Pumps,0.005,35.8430848,-119.9083893,1485095037,way
Lawrence Livermore Laboratory (basin),,,distance_basin,basin,pge,Lawrence Livermore Laboratory,0.013,37.6823486,-121.7052331,884225121,way
Learner (basin),,,distance_basin,basin,pge,Learner,0.118,37.9376278,-121.3284923,1492309862,way
Lee (basin),,,distance_basin,basin,pge,Lee,0.408,37.7332013,-121.1205843,761089735,way
Lee (basin),,,distance_basin,basin,pge,Lee,0.002,37.731924,-121.1162344,1485095220,way
Ripon Cogen,Ripon Cogen,,distance_basin,basin,pge,Lee,0.084,37.7315501,-121.1154004,1272055892,way
Lemoore N.A.S. (basin),,,distance_basin,basin,pge,Lemoore N.A.S.,0.023,36.264308,-119.9063331,1427763309,way
Lime Saddle (basin),,,distance_basin,basin,pge,Lime Saddle,0.003,39.6986268,-121.5714294,1492294251,way
Limestone (basin),,,distance_basin,basin,pge,Limestone,0.001,38.6349227,-120.9801827,1485095196,way
Live Oak (basin),,,distance_basin,basin,pge,Live Oak,0.006,35.495902,-119.009441,1485095079,way
Lompoc - Control Building (basin),,,distance_basin,basin,pge,Lompoc - Control Building,0.002,34.6427629,-120.4548378,1492294242,way
Lompoc - Control Center,Lompoc - Control Center,,distance_basin,basin,pge,Lompoc - Control Building,0.026,34.6429083,-120.4546146,1468141250,way
Los Banos Substation,Los Banos Substation,Pacific Gas and Electric Company,distance_basin,basin,pge,Los Banos,0.077,37.0530047,-121.0205078,23988495,way
Los Esteros (basin),,,distance_basin,basin,pge,Los Esteros,0.986,37.4326889,-121.9419553,1274482083,way
Los Esteros (basin),,,distance_basin,basin,pge,Los Esteros,0.209,37.4256683,-121.9336105,1274695685,way
Los Esteros Substation,Los Esteros Substation,Pacific Gas and Electric Company,distance_basin,basin,pge,Los Esteros,0.027,37.4272373,-121.9328297,39017429,way
Lost Hills (basin),,,distance_basin,basin,pge,Lost Hills,0.008,35.7857631,-119.8663679,1485095038,way
Lower Lake (basin),,,distance_basin,basin,pge,Lower Lake,0.004,38.9106696,-122.6173847,458205234,way
Magnesium (basin),,,distance_basin,basin,pge,Magnesium,0.405,37.3178555,-122.0933086,1273559624,way
Magnesium (basin),,,distance_basin,basin,pge,Magnesium,0.297,37.3163744,-122.091628,1273559628,way
Magnesium (basin),,,distance_basin,basin,pge,Magnesium,0.452,37.3152089,-122.0927438,1273559631,way
Maine Prairie (basin),,Pacific Gas and Electric Company,distance_basin,basin,pge,Maine Prairie,0.006,38.3847208,-121.7586446,402283144,way
Malin Substation,Malin Substation,PacifiCorp,distance_basin,basin,pge,Malin,0.078,42.0059168,-121.316707,12204687,relation
Markham Substation,Markham Substation,Pacific Gas and Electric Company,distance_basin,basin,pge,Markham,0.001,37.3362735,-121.8781896,1430102610,way
Meder (basin),,,distance_basin,basin,pge,Meder,0.006,36.9746242,-122.0570264,749656672,way
Mercy Springs (basin),,,distance_basin,basin,pge,Mercy Springs,0.004,36.9367767,-120.8194797,1484119693,way
Metcalf Substation,Metcalf Substation,Pacific Gas and Electric Company,distance_basin,basin,pge,Metcalf 2,0.220,37.2255899,-121.7439528,23805620,way
Metcalf Energy Center (basin),,,distance_basin,basin,pge,Metcalf Energy Center,0.003,37.2214424,-121.7466027,93678748,way
Midway-Sunset Cogen 2 (basin),,,distance_basin,basin,pge,Midway-Sunset Cogen 2,0.005,35.2264875,-119.6309063,1073105582,way
Midway-Sunset Cogen 3 (basin),,,distance_basin,basin,pge,Midway-Sunset Cogen 3,0.007,35.2255877,-119.6298351,1251831043,way
Midway-Sunset Cogen 3 (basin),,,distance_basin,basin,pge,Midway-Sunset Cogen 3,0.190,35.2257853,-119.6276916,1251831047,way
Midway-Sunset Cogeneration (basin),,,distance_basin,basin,pge,Midway-Sunset Cogeneration,0.007,35.2273503,-119.6310805,1251831054,way
Monta Vista Substation (lower yard),Monta Vista Substation (lower yard),Pacific Gas and Electric Company,distance_basin,basin,pge,Monta Vista,0.014,37.3240031,-122.0732623,27925549,way
Monta Vista Substation,Monta Vista Substation,Pacific Gas and Electric Company,distance_basin,basin,pge,Monta Vista (Upper),0.031,37.3261316,-122.0754437,27925546,way
PG&E Power Distribution Sub-Station,PG&E Power Distribution Sub-Station,Pacific Gas and Electric Company,distance_basin,basin,pge,Monterey,0.006,36.5998457,-121.8905459,516299798,way
Moss Landing (basin),,,distance_basin,basin,pge,Moss Landing,0.300,36.8062063,-121.7790954,642798856,way
Moss Landing (basin),,,distance_basin,basin,pge,Moss Landing,0.128,36.8065099,-121.777081,750928934,way
Moss Landing (basin),,,distance_basin,basin,pge,Moss Landing,0.487,36.8053485,-121.7811087,1273559911,way
Mt. Gate (basin),,,distance_basin,basin,pge,Mt. Gate,0.005,40.7372114,-122.3225484,1485095282,way
Mt. Gate Junction (basin),,,distance_basin,basin,pge,Mt. Gate Junction,0.002,40.74436,-122.308329,683840784,way
Mt. House (basin),,,distance_basin,basin,pge,Mt. House,0.048,37.7937916,-121.5596346,383726258,way
Mt. House (basin),,Modesto Irrigation District,distance_basin,basin,pge,Mt. House,0.001,37.7942094,-121.5595811,1271016774,way
Murphy (basin),,,distance_basin,basin,pge,Murphy,0.007,38.146948,-120.4464808,4216517005,node
Murphy (basin),,,distance_basin,basin,pge,Murphy,0.008,38.1469523,-120.4464988,1485095203,way
NCPA 1&2 (basin),,,distance_basin,basin,pge,NCPA 1&2,0.011,38.7522383,-122.7196701,599653291,way
NCPA 3&4 (basin),,,distance_basin,basin,pge,NCPA 3&4,0.011,38.7488279,-122.7116769,183206715,way
Newark-Sierra-Paperbroad (basin),,,distance_basin,basin,pge,Newark-Sierra-Paperbroad,0.843,37.944813,-121.3105705,1485095227,way
Newby Island I (basin),,,distance_basin,basin,pge,Newby Island I,0.043,37.4551103,-121.9357645,1485095133,way
Newcastle Switchyard,Newcastle Switchyard,Pacific Gas and Electric,distance_basin,basin,pge,Newcastle,0.021,38.8347041,-121.0946845,30979896,way
Newhall (basin),,,distance_basin,basin,pge,Newhall,0.006,36.8670051,-120.3280841,1275887326,way
North Branch (basin),,,distance_basin,basin,pge,North Branch,0.004,38.1997088,-120.7193425,751747180,way
North Generator (basin),,,distance_basin,basin,pge,North Generator,0.003,35.5782042,-119.5442934,1450874719,way
North Midway (basin),,,distance_basin,basin,pge,North Midway,0.013,35.276353,-119.5987439,1450146341,way
Oakland P (basin),,,distance_basin,basin,pge,Oakland P,0.810,37.8218652,-122.3195654,11549305080,node
Oakmont North (basin),,,distance_basin,basin,pge,Oakmont North,0.003,38.4428002,-122.5838033,33297798,way
Oakmont South (basin),,,distance_basin,basin,pge,Oakmont South,0.001,38.428859,-122.5933335,183206719,way
Oleum Substation,Oleum Substation,Pacific Gas and Electric Company,distance_basin,basin,pge,Oleum,0.008,38.0444117,-122.2570319,92513782,way
Oleum Substation,Oleum Substation,Pacific Gas and Electric Company,distance_basin,basin,pge,Oleum,0.063,38.0446379,-122.2577096,1420630278,way
Opal Cliffs Substation,Opal Cliffs Substation,,distance_basin,basin,pge,Opal Cliffs,0.004,36.976296,-121.9646623,155248358,way
Orinda Substation,Orinda Substation,Pacific Gas and Electric Company,distance_basin,basin,pge,Orinda,0.003,37.8835931,-122.1935046,606138003,way
Oxford (basin),,,distance_basin,basin,pge,Oxford,0.006,36.7150544,-120.7018719,1485095115,way
Pacheco Wind Power (basin),,,distance_basin,basin,pge,Pacheco Wind Power,0.002,37.0414644,-121.0108335,1264204618,way
Palermo Substation,Palermo Substation,Pacific Gas and Electric Company,distance_basin,basin,pge,Palermo,0.017,39.4542547,-121.5178277,150562248,way
Pardee (basin),,,distance_basin,basin,pge,Pardee,0.029,38.2569054,-120.85063,1485095199,way
Park Substation,Park Substation,Roseville Electric,distance_basin,basin,pge,Park,0.001,38.7794877,-121.282752,76146548,way
Parks (basin),,,distance_basin,basin,pge,Parks,0.508,37.7161691,-121.8930601,1485095149,way
Petrol (basin),,,distance_basin,basin,pge,Petrol,0.017,35.4547003,-118.9920249,168937760,way
Petrol (basin),,,distance_basin,basin,pge,Petrol,0.952,35.4541003,-119.0026828,896530960,way
Pine Flat (basin),,,distance_basin,basin,pge,Pine Flat,0.031,36.8325796,-119.3270722,1485094914,way
Pit 4 (basin),,,distance_basin,basin,pge,Pit 4,0.007,40.9870531,-121.8493675,961723087,way
Pit 7 (basin),,,distance_basin,basin,pge,Pit 7,0.013,40.8467333,-121.9910861,176723936,way
Pittsburg (basin),,,distance_basin,basin,pge,Pittsburg,0.671,38.0320138,-121.8921674,1240697974,way
Pittsburg Converter Station,Pittsburg Converter Station,,distance_basin,basin,pge,Pittsburg,0.704,38.0304941,-121.896552,292295991,way
Poe (basin),,,distance_basin,basin,pge,Poe,0.003,39.7235134,-121.4699674,154936769,way
Potter Valley (basin),,,distance_basin,basin,pge,Potter Valley,0.041,39.36166,-123.1275807,848078605,way
Quicksilver (basin),,,distance_basin,basin,pge,Quicksilver,0.004,38.7661929,-122.7074358,183206718,way
Rainbow (basin),,,distance_basin,basin,pge,Rainbow,0.022,36.7100231,-119.5381523,1485094913,way
Delta Switching Station,Delta Switching Station,,distance_basin,basin,pge,Ralph,0.030,37.7988385,-121.6201356,36322454,way
Ralph (basin),,,distance_basin,basin,pge,Ralph,0.198,37.8006337,-121.6210011,36322264,way
Ravenswood Substation,Ravenswood Substation,Pacific Gas and Electric Company,distance_basin,basin,pge,Ravenswood,0.012,37.4928765,-122.137873,25793704,way
Red Bank (basin),,,distance_basin,basin,pge,Red Bank,0.002,40.1457378,-122.1994934,1485095278,way
Reta (basin),,,distance_basin,basin,pge,Reta,0.001,37.4543819,-120.4900519,1485094900,way
Ridge Line (basin),,,distance_basin,basin,pge,Ridge Line,0.001,38.8147221,-122.8020484,1445431442,way
Rio Bravo (basin),,,distance_basin,basin,pge,Rio Bravo,0.004,35.4298057,-118.822593,1465132445,way
Rio Bravo Poso (basin),,,distance_basin,basin,pge,Rio Bravo Poso,0.004,35.5765026,-119.0064959,1485095082,way
Rio Oso Substation,Rio Oso Substation,Pacific Gas and Electric Company,distance_basin,basin,pge,Rio Oso,0.005,38.9351998,-121.4667925,86463615,way
Rio Vista (basin),,,distance_basin,basin,pge,Rio Vista,0.003,38.1600681,-121.696481,1190233115,way
River Rock (basin),,,distance_basin,basin,pge,River Rock,0.000,36.9028571,-119.7738444,1485094905,way
Robertson (basin),,,distance_basin,basin,pge,Robertson,0.707,37.9421292,-121.3377433,938303837,way
Robertson (basin),,,distance_basin,basin,pge,Robertson,0.004,37.943372,-121.3298777,1485095225,way
Robertson (basin),,,distance_basin,basin,pge,Robertson,0.344,37.9462963,-121.3284963,1485095226,way
Roland (basin),,,distance_basin,basin,pge,Roland,0.004,36.9647021,-121.9738035,281225042,way
Round Mountain Substation,Round Mountain Substation,,distance_basin,basin,pge,Round Mt.,0.058,40.8079932,-121.935934,93128718,way
Russ Ranch (basin),,,distance_basin,basin,pge,Russ Ranch,0.004,40.8205237,-123.8282071,13191841218,node
Russ Ranch (basin),,,distance_basin,basin,pge,Russ Ranch,0.003,40.8205013,-123.8282052,1485094861,way
Louise Substation,Louise Substation,Pacific Gas and Electric Company,distance_basin,basin,pge,S.J. Power,0.317,37.8082866,-121.288073,1024994823,way
S.J. Power (basin),,,distance_basin,basin,pge,S.J. Power,0.785,37.7999334,-121.2941501,1024396311,way
S.J. Power (basin),,,distance_basin,basin,pge,S.J. Power,0.004,37.8065354,-121.2908786,1271262083,way
Salado Substation,Salado Substation,Pacific Gas and Electric Company,distance_basin,basin,pge,Salado,0.025,37.4217214,-121.1474784,94600663,way
San Andreas (basin),,,distance_basin,basin,pge,San Andreas,0.003,37.6040042,-122.4231775,867815718,way
San Bernard (basin),,,distance_basin,basin,pge,San Bernard,0.007,35.0924551,-118.8781441,168525662,way
San Francisco Airport (basin),,,distance_basin,basin,pge,San Francisco Airport,0.005,37.626276,-122.403481,26787794,way
San Joaquin 1A (basin),,,distance_basin,basin,pge,San Joaquin 1A,0.002,37.1588008,-119.4944682,1097738472,way
Gianelli Switchyard,Gianelli Switchyard,Western Area Power Administration,distance_basin,basin,pge,San Luis,0.010,37.0666583,-121.0753351,181864356,way
San Luis 3 (basin),,,distance_basin,basin,pge,San Luis 3,0.003,36.8620771,-120.7773181,94658507,way
San Luis 5 (basin),,,distance_basin,basin,pge,San Luis 5,0.003,36.780022,-120.7297777,1485095116,way
Santa Maria Cogen (basin),,,distance_basin,basin,pge,Santa Maria Cogen,0.002,34.9447703,-120.4577668,735384277,way
Santa Ynez Switch (basin),,,distance_basin,basin,pge,Santa Ynez Switch,0.004,34.6479446,-120.1848514,1060647385,way
Sausalito Meter (basin),,,distance_basin,basin,pge,Sausalito Meter,0.102,37.8402168,-122.4775233,669137776,node
Seacliff Substation,Seacliff Substation,,distance_basin,basin,pge,Seacliff,0.004,36.9842885,-121.9153739,41382042,way
Shady Glen (basin),,,distance_basin,basin,pge,Shady Glen,0.965,39.1199362,-120.9434552,1492309890,way
Shell Chemical (basin),,,distance_basin,basin,pge,Shell Chemical,0.012,38.0309181,-121.9459282,1274779096,way
Shiloh II (basin),,,distance_basin,basin,pge,Shiloh II,0.002,38.1713032,-121.8464209,92633626,way
Shiloh III (basin),,,distance_basin,basin,pge,Shiloh III,0.007,38.1695895,-121.8469135,360443543,way
Shredder (basin),,,distance_basin,basin,pge,Shredder,0.000,37.5114178,-122.2075817,30637353,way
Shredder (basin),,,distance_basin,basin,pge,Shredder,0.229,37.513182,-122.2062503,763129562,way
Shredder (basin),,,distance_basin,basin,pge,Shredder,0.348,37.5142663,-122.205949,763130469,way
Sierra (basin),,,distance_basin,basin,pge,Sierra,0.010,35.5156771,-119.0405687,1485095081,way
Signetics (basin),,,distance_basin,basin,pge,Signetics,0.006,37.3849831,-122.0130071,1309467397,way
Skaggs Island,Skaggs Island,Pacific Gas and Electric Company,distance_basin,basin,pge,Skaggs Island,0.007,38.1613083,-122.3809863,33059334,way
Sly Creek (basin),,,distance_basin,basin,pge,Sly Creek,0.002,39.5804169,-121.119679,1485095177,way
Sonoma 3 (basin),,,distance_basin,basin,pge,Sonoma 3,0.015,38.7900671,-122.7566432,1485094878,way
Soquel (basin),,,distance_basin,basin,pge,Soquel,0.000,36.9867792,-121.9510424,1485095131,way
South Bay 1 (basin),,,distance_basin,basin,pge,South Bay 1,0.008,37.778421,-121.625906,599654460,way
South Bay 1 (basin),,,distance_basin,basin,pge,South Bay 1,0.706,37.7828768,-121.6317469,1485095142,way
South Bay 1 (basin),,,distance_basin,basin,pge,South Bay 1,0.099,37.7778939,-121.6251004,1485095143,way
South Belridge Cogen (basin),,,distance_basin,basin,pge,South Belridge Cogen,0.008,35.4486311,-119.7340743,1485095048,way
Spanish Creek (basin),,,distance_basin,basin,pge,Spanish Creek,0.007,40.0269512,-120.9631973,175991765,way
Stockton Cogen (basin),,,distance_basin,basin,pge,Stockton Cogen,0.882,37.904885,-121.2607936,722122973,way
Stockton Cogen (basin),,,distance_basin,basin,pge,Stockton Cogen,0.674,37.9111419,-121.2558983,1485095221,way
Stockton Cogen (basin),,,distance_basin,basin,pge,Stockton Cogen,0.840,37.9081798,-121.2711795,1485095222,way
Stony Gorge (basin),,,distance_basin,basin,pge,Stony Gorge,0.007,39.5870058,-122.5330984,939412066,way
Stroud Switching Station (basin),,,distance_basin,basin,pge,Stroud Switching Station,0.310,36.5306929,-120.1671622,1441506895,way
Sunrise Power (basin),,,distance_basin,basin,pge,Sunrise Power,0.007,35.2103076,-119.5827169,996239789,way
Greenleaf Substation,Greenleaf Substation,Pacific Gas and Electric Company,distance_basin,basin,pge,Sutter Power,0.005,39.0524925,-121.6919536,86576021,way
Sutter Substation,Sutter Substation,Western Area Power Administration,distance_basin,basin,pge,Sutter Power,0.380,39.0517758,-121.6961989,1247729969,way
Sysquoc (basin),,,distance_basin,basin,pge,Sysquoc,0.004,35.3198174,-119.6623664,1455900374,way
TRACY DEFENSE DEPOT (basin),,,distance_basin,basin,pge,TRACY DEFENSE DEPOT,0.004,37.7216996,-121.3919829,613571137,way
Table Mountain Substation,Table Mountain Substation,Pacific Gas and Electric Company,distance_basin,basin,pge,Table Mt.,0.037,39.5551324,-121.6451687,30755899,way
Tecuya (basin),,,distance_basin,basin,pge,Tecuya,0.006,35.0196481,-118.9797072,1037282353,way
Wind Gap Substation,Wind Gap Substation,,distance_basin,basin,pge,Tecuya,0.635,35.0142018,-118.9775577,1037240847,way
Tesla (basin),,Pacific Gas and Electric Company,distance_basin,basin,pge,Tesla,0.923,37.7084933,-121.5555974,1516457048,way
Tesla Substation,Tesla Substation,Pacific Gas and Electric Company,distance_basin,basin,pge,Tesla,0.040,37.7120521,-121.5647373,23837624,way
Tesla Substation,Tesla Substation,Pacific Gas and Electric Company,distance_basin,basin,pge,Tesla,0.391,37.7155046,-121.5669346,23837627,way
Texaco,Texaco,,distance_basin,basin,pge,Texaco,0.003,35.9585659,-120.8635455,1485094853,way
Texaco (basin),,,distance_basin,basin,pge,Texaco,0.851,35.9519932,-120.8684231,1485094852,way
Thermalito (basin),,,distance_basin,basin,pge,Thermalito,0.007,39.5141471,-121.6325102,971988805,way
Tiger Creek (basin),,,distance_basin,basin,pge,Tiger Creek,0.005,38.4491891,-120.4923257,1485095201,way
Tocaloma Sub,Tocaloma Sub,Pacific Gas and Electric Company,distance_basin,basin,pge,Tocaloma,0.003,38.0548563,-122.7598921,973123697,way
Trans Bay Cable (basin),,,distance_basin,basin,pge,Trans Bay Cable,0.966,38.0166206,-121.8616081,1485095170,way
Trinity (basin),,,distance_basin,basin,pge,Trinity,0.670,40.7231898,-122.9385298,711541432,way
Trinity Substation,Trinity Substation,Pacific Gas and Electric Company,distance_basin,basin,pge,Trinity,0.005,40.7180012,-122.9343909,711541435,way
Tulloch (basin),,,distance_basin,basin,pge,Tulloch,0.002,37.8766642,-120.6056052,1187724085,way
UC Davis Substation,UC Davis Substation,Pacific Gas and Electric Company,distance_basin,basin,pge,UC Davis,0.002,38.529095,-121.7513821,59171712,way
UC Davis Substation,UC Davis Substation,Pacific Gas and Electric Company,distance_basin,basin,pge,UC Davis,0.091,38.5286079,-121.7522215,1279207485,way
Jackson Ranch Substation,Jackson Ranch Substation,,distance_basin,basin,pge,US Wind Power,0.016,37.7915109,-121.7276325,66418181,way
Ultra Power Substation,Ultra Power Substation,PG&E,distance_basin,basin,pge,Ultra Power,0.004,40.8779124,-123.9945999,1188009740,way
Unknown (basin),,Pacific Gas and Electric Company,distance_basin,basin,pge,Unknown,0.002,37.7424902,-121.7333194,55518900,way
Unknown (basin),,,distance_basin,basin,pge,Unknown,0.121,38.766202,-122.713252,399274133,way
Unknown (basin),,,distance_basin,basin,pge,Unknown,0.010,38.7657814,-122.7119578,399274134,way
Unknown (basin),,Pacific Gas and Electric Company,distance_basin,basin,pge,Unknown,0.009,37.7520705,-121.8043423,1006618933,way
Unknown (basin),,,distance_basin,basin,pge,Unknown,0.004,35.2099534,-119.5812631,1251831004,way
Unknown (basin),,,distance_basin,basin,pge,Unknown,0.012,35.4406622,-118.9606758,1270464990,way
Unknown (basin),,,distance_basin,basin,pge,Unknown,0.006,38.1380376,-121.3862503,1485094883,way
Unknown (basin),,,distance_basin,basin,pge,Unknown,0.010,35.517547,-119.7614332,1485095044,way
Unknown (basin),,,distance_basin,basin,pge,Unknown,0.159,35.5176436,-119.7595898,1485095045,way
Unocal (basin),,Pacific Gas and Electric Company,distance_basin,basin,pge,Unocal,0.003,38.0533834,-122.2345354,33103081,way
Vallecitos (basin),,,distance_basin,basin,pge,Vallecitos,0.001,37.6092409,-121.8426772,405724122,way
Valley Springs (basin),,,distance_basin,basin,pge,Valley Springs,0.076,38.2167423,-120.7648526,182791482,way
Wasco Prison (basin),,,distance_basin,basin,pge,Wasco Prison,0.002,35.6009077,-119.4030546,1410393986,way
Waukena Substation,Waukena Substation,,distance_basin,basin,pge,Waukena,0.071,36.1386226,-119.5764766,828024040,way
Welport (basin),,,distance_basin,basin,pge,Welport,0.005,35.3634726,-119.6755579,1485095051,way
West Ford Flat (basin),,,distance_basin,basin,pge,West Ford Flat,0.006,38.7878632,-122.7224131,399274137,way
Westside (basin),,,distance_basin,basin,pge,Westside,0.003,37.7768053,-121.5176296,1485095140,way
Wildwood (basin),,,distance_basin,basin,pge,Wildwood,0.009,40.3871088,-123.0441673,1132445611,way
Wind Driven (basin),,,distance_basin,basin,pge,Wind Driven,0.003,37.8212101,-121.6609353,24263002,way
Sulphur Creek Substation,Sulphur Creek Substation,,distance_basin,basin,pge,Wintun,0.032,40.5930211,-122.3698649,469325765,way
Wintun (basin),,,distance_basin,basin,pge,Wintun,0.948,40.5912097,-122.3586175,8810953934,node
Wise (basin),,,distance_basin,basin,pge,Wise,0.019,38.8900219,-121.0983084,1485095248,way
Wohler (basin),,,distance_basin,basin,pge,Wohler,0.007,38.5105955,-122.8811125,1485094881,way
Wolfsen Bypass (basin),,,distance_basin,basin,pge,Wolfsen Bypass,0.082,37.0984023,-121.0483718,1485095118,way
Wolfsen Bypass (basin),,,distance_basin,basin,pge,Wolfsen Bypass,0.000,37.0983002,-121.0474564,1510338143,way
Woodchuck (basin),,,distance_basin,basin,pge,Woodchuck,0.007,37.008591,-118.9816543,1096800410,way
Zond Wind (basin),,,distance_basin,basin,pge,Zond Wind,0.003,37.7430916,-121.6587495,1305335435,way
Aerojet (basin),,,distance_basin,basin,sce,Aerojet,0.004,34.1251678,-117.9250058,1485095010,way
Agua Mansa (basin),,,distance_basin,basin,sce,Agua Mansa,0.155,34.0411476,-117.3593671,1015732926,way
Agua Mansa (basin),,,distance_basin,basin,sce,Agua Mansa,0.023,34.0419963,-117.3607833,1280463882,way
Air Products (basin),,,distance_basin,basin,sce,Air Products,0.001,33.8125213,-118.2320738,1485094995,way
Airchem (basin),,Southern California Edison,distance_basin,basin,sce,Airchem,0.003,33.9016321,-118.391612,394895298,way
Alamo (basin),,,distance_basin,basin,sce,Alamo,0.002,34.8155209,-118.6861286,1088863760,way
Altwind (basin),,,distance_basin,basin,sce,Altwind,0.004,33.9073035,-116.5798714,102118056,way
Amco (basin),,,distance_basin,basin,sce,Amco,0.008,33.8613789,-118.3217729,1485094992,way
Big Sky Substation,Big Sky Substation,AES Corporation,distance_basin,basin,sce,Antelope,0.402,34.6857691,-118.3043874,597452232,way
Apollo (basin),,Southern California Edison,distance_basin,basin,sce,Apollo,0.008,33.7524658,-118.0372187,384143471,way
Appgen (basin),,Southern California Edison,distance_basin,basin,sce,Appgen,0.005,34.3818202,-118.5013239,1020413322,way
Arbwind (basin),,,distance_basin,basin,sce,Arbwind,0.005,35.1081597,-118.3138098,478729047,way
Arco (basin),,,distance_basin,basin,sce,Arco,0.002,33.7773684,-118.2153261,1296516999,way
Arcogen (basin),,,distance_basin,basin,sce,Arcogen,0.042,33.8174681,-118.2439274,65481169,way
Azusa Substation,Azusa Substation,Southern California Edison,distance_basin,basin,sce,Azusa,0.008,34.1359782,-117.9109732,393503326,way
Bailey Substation,Bailey Substation,,distance_basin,basin,sce,Bailey,0.012,34.7766122,-118.7746647,64130145,way
Banwind (basin),,,distance_basin,basin,sce,Banwind,0.002,33.9171376,-116.73463,55616710,way
Beejay (basin),,,distance_basin,basin,sce,Beejay,0.841,34.0030135,-118.2342785,1450700181,way
Beejay (basin),,,distance_basin,basin,sce,Beejay,0.012,34.0082157,-118.227508,1485094985,way
Big Creek 2A (basin),,,distance_basin,basin,sce,Big Creek 2A,0.006,37.200127,-119.3069309,169674289,way
Big Creek 2A (basin),,,distance_basin,basin,sce,Big Creek 2A,0.244,37.1993512,-119.3094499,1200045474,way
Big Creek 3 (basin),,,distance_basin,basin,sce,Big Creek 3,0.004,37.1482471,-119.3885579,169674290,way
Big Creek 4 (basin),,,distance_basin,basin,sce,Big Creek 4,0.008,37.1389192,-119.4886719,169674285,way
Big Pine (basin),,,distance_basin,basin,sce,Big Pine,0.002,37.1420896,-118.3241739,987724298,way
Bishop Creek 2 (basin),,,distance_basin,basin,sce,Bishop Creek 2,0.002,37.273889,-118.5736258,1005017053,way
Bishop Creek 3 (basin),,,distance_basin,basin,sce,Bishop Creek 3,0.001,37.302259,-118.5317604,1005017027,way
Bishop Creek 5 (basin),,,distance_basin,basin,sce,Bishop Creek 5,0.001,37.3346691,-118.4795894,1005017065,way
Black Mt. (basin),,,distance_basin,basin,sce,Black Mt.,0.008,34.6227745,-117.1016762,1485094938,way
Boost (basin),,,distance_basin,basin,sce,Boost,0.004,33.8303815,-118.1406061,1296517141,way
Borel (basin),,,distance_basin,basin,sce,Borel,0.003,35.5881019,-118.5248045,1431587254,way
Bryman (basin),,,distance_basin,basin,sce,Bryman,0.759,34.6752996,-117.3390143,1017858361,way
Buckwind (basin),,,distance_basin,basin,sce,Buckwind,0.002,33.9217472,-116.5797208,1248907994,way
Buckwind (basin),,,distance_basin,basin,sce,Buckwind,0.639,33.9251987,-116.5741587,1248908009,way
Burris Pit (basin),,Southern California Edison,distance_basin,basin,sce,Burris Pit,0.003,33.8196526,-117.8714468,733442221,way
Cain Ranch P.T. (basin),,,distance_basin,basin,sce,Cain Ranch P.T.,0.016,37.9522444,-119.1169289,991958835,way
Cal Cement (basin),,,distance_basin,basin,sce,Cal Cement,0.017,35.0301168,-118.3108127,1067037663,way
Canwind (basin),,,distance_basin,basin,sce,Canwind,0.011,35.0791463,-118.3049786,99599973,way
Capacitor (basin),,Southern California Edison,distance_basin,basin,sce,Capacitor,0.027,33.671401,-115.5591773,105199139,way
Capsule (basin),,,distance_basin,basin,sce,Capsule,0.205,34.091427,-117.2612267,1485094969,way
Captive (basin),,,distance_basin,basin,sce,Captive,0.003,35.778774,-119.3050589,761043377,way
Capwind (basin),,,distance_basin,basin,sce,Capwind,0.003,33.8776275,-116.4643722,1120403641,way
Carbogen (basin),,,distance_basin,basin,sce,Carbogen,0.002,33.7748688,-118.2298031,1296516806,way
Carbogen (basin),,,distance_basin,basin,sce,Carbogen,0.977,33.7729548,-118.2400943,1296516964,way
Cement (basin),,,distance_basin,basin,sce,Cement,0.942,34.5951029,-117.3629107,492717054,way
Chevcentral (basin),,,distance_basin,basin,sce,Chevcentral,0.014,33.9092504,-118.4115376,705873448,way
Chevgen (basin),,,distance_basin,basin,sce,Chevgen,0.015,33.9126992,-118.4142655,1462903372,way
Chevmain (basin),,,distance_basin,basin,sce,Chevmain,0.097,33.902715,-118.4018734,394895302,way
Chevmain (basin),,,distance_basin,basin,sce,Chevmain,0.015,33.9023972,-118.4030024,683824132,way
Chip Substation,Chip Substation,Southern California Edison,distance_basin,basin,sce,Chip,0.001,33.6605972,-117.8606227,60494304,way
Claremont (basin),,So Cal Edison,distance_basin,basin,sce,Claremont,0.009,34.0993458,-117.7074765,829906802,way
College Substation,College Substation,,distance_basin,basin,sce,College,0.010,33.7840931,-118.1086247,391325059,way
Colorado River (basin),,,distance_basin,basin,sce,Colorado River,0.638,33.5733482,-114.814623,1234169373,way
Colorado River Substation,Colorado River Substation,Southern California Edison,distance_basin,basin,sce,Colorado River,0.218,33.5806241,-114.8172191,402225518,way
Colossus (basin),,,distance_basin,basin,sce,Colossus,0.007,34.4310299,-118.5987988,94788738,way
Control (basin),,,distance_basin,basin,sce,Control,0.067,37.3360126,-118.4815393,12202159,relation
Cool Water (basin),,,distance_basin,basin,sce,Cool Water,0.011,34.8631915,-116.8541398,81232560,way
Cool Water (basin),,,distance_basin,basin,sce,Cool Water,0.306,34.8604205,-116.8548872,81232561,way
Corners (basin),,,distance_basin,basin,sce,Corners,0.005,33.863372,-118.1653486,1457490124,way
Cosmic (basin),,,distance_basin,basin,sce,Cosmic,0.003,33.9240635,-118.3187946,1463257282,way
Coso 1-3 (basin),,,distance_basin,basin,sce,Coso 1-3,0.011,36.036782,-117.7978563,1249793654,way
Coso 4-6 (basin),,,distance_basin,basin,sce,Coso 4-6,0.003,36.0185787,-117.7915009,896259999,way
Coso 7 (basin),,,distance_basin,basin,sce,Coso 7,0.024,36.0059604,-117.8101871,896260002,way
Coso 8-9 (basin),,,distance_basin,basin,sce,Coso 8-9,0.005,36.0014811,-117.7902335,896260000,way
Costa Mesa (basin),,,distance_basin,basin,sce,Costa Mesa,0.003,33.6295402,-117.9250339,1485094978,way
Crafton Hills (basin),,,distance_basin,basin,sce,Crafton Hills,0.001,34.0742045,-117.0774775,1249384513,way
Dairymans Substation,Dairymans Substation,Southern California Edison,distance_basin,basin,sce,Dairymans,0.003,36.2049934,-119.3410468,1164927152,way
Databank (basin),,,distance_basin,basin,sce,Databank,0.007,33.8554218,-117.5393665,707960044,way
Delgen (basin),,,distance_basin,basin,sce,Delgen,0.289,33.8935755,-117.5773098,1518524141,way
Devil Canyon (basin),,,distance_basin,basin,sce,Devil Canyon,0.052,34.2058447,-117.3346036,1059932981,way
Division Creek (basin),,,distance_basin,basin,sce,Division Creek,0.002,36.9400561,-118.2569714,1485094893,way
Dock (basin),,,distance_basin,basin,sce,Dock,0.005,33.7594583,-118.2378379,83394044,way
Douglas (basin),,,distance_basin,basin,sce,Douglas,0.015,33.9221564,-118.3827154,594584355,way
Dougoil (basin),,,distance_basin,basin,sce,Dougoil,0.625,33.8984771,-118.1510114,1485095000,way
Dougoil (basin),,,distance_basin,basin,sce,Dougoil,0.014,33.8988813,-118.1443622,1485095001,way
Downey Med Substation,Downey Med Substation,Southern California Edison,distance_basin,basin,sce,Downey Med,0.002,33.920792,-118.1274135,456601026,way
Dutchwind (basin),,,distance_basin,basin,sce,Dutchwind,0.754,35.0552255,-118.320678,1019228509,way
Dutchwind (basin),,,distance_basin,basin,sce,Dutchwind,0.006,35.0620006,-118.3206524,1121010951,way
Dwp (basin),,,distance_basin,basin,sce,Dwp,0.006,37.3601611,-118.3985718,1333781176,way
Eagle Rock (basin),,,distance_basin,basin,sce,Eagle Rock,0.230,34.1488975,-118.1835025,39515679,way
Eagle Rock (basin),,,distance_basin,basin,sce,Eagle Rock,0.093,34.150247,-118.1836294,1454179222,way
Eagle Rock Switchyard,Eagle Rock Switchyard,,distance_basin,basin,sce,Eagle Rock,0.003,34.1508286,-118.1843149,39515681,way
Eastwind (basin),,,distance_basin,basin,sce,Eastwind,0.002,35.0446725,-118.2762877,99599991,way
Eastwind (basin),,,distance_basin,basin,sce,Eastwind,0.565,35.0497368,-118.2757174,1061930512,way
Eastwood (basin),,,distance_basin,basin,sce,Eastwood,0.005,37.1480437,-119.2566423,169674286,way
Outlaw P.T.,Outlaw P.T.,,distance_basin,basin,sce,Edgemont,0.008,33.9235344,-117.2847057,1295566516,way
El Segundo (basin),,,distance_basin,basin,sce,El Segundo,0.002,33.9084277,-118.4230825,49715848,way
Elcans Substation,Elcans Substation,Southern California Edison,distance_basin,basin,sce,Elcans,0.003,36.3427378,-119.3920883,1164927151,way
Enwind (basin),,,distance_basin,basin,sce,Enwind,0.014,35.0787655,-118.3092111,99600008,way
Fair Oaks (basin),,,distance_basin,basin,sce,Fair Oaks,0.007,34.1914143,-118.1484107,1492294240,way
Federalgen (basin),,,distance_basin,basin,sce,Federalgen,0.000,33.9820051,-118.1674485,817018404,way
Fibre (basin),,,distance_basin,basin,sce,Fibre,0.009,34.0230541,-117.3767335,1294858826,way
Flowind (basin),,,distance_basin,basin,sce,Flowind,0.002,35.0730779,-118.3203877,99599967,way
Foil (basin),,,distance_basin,basin,sce,Foil,0.005,33.9266831,-116.9287371,180763882,way
Arbors Substation,Arbors Substation,,distance_basin,basin,sce,Forge,0.568,34.1024764,-117.545135,972388469,way
Forge (basin),,,distance_basin,basin,sce,Forge,0.004,34.0973975,-117.546124,767639517,way
Friendly Hills Substation,Friendly Hills Substation,Southern California Edison,distance_basin,basin,sce,Friendly Hills,0.002,33.9480041,-118.0066722,383742474,way
Galaxy (basin),,,distance_basin,basin,sce,Galaxy,0.005,33.8992754,-118.3829375,1462897169,way
Getty (basin),,,distance_basin,basin,sce,Getty,0.001,34.3205548,-119.263133,1485095026,way
Goldstone (basin),,,distance_basin,basin,sce,Goldstone,0.006,35.2741196,-116.7808344,87098579,way
Goodrich (basin),,,distance_basin,basin,sce,Goodrich,0.966,34.1486404,-118.0978944,473918745,way
T. M. Goodrich Substation,T. M. Goodrich Substation,Southern California Edison,distance_basin,basin,sce,Goodrich,0.028,34.1511141,-118.0880101,169880237,way
Greenspot (basin),,,distance_basin,basin,sce,Greenspot,0.000,34.0985262,-117.1057435,1282342981,way
Haiwee (basin),,,distance_basin,basin,sce,Haiwee,0.043,36.1098121,-117.9569275,1025950715,way
Haiwee (basin),,,distance_basin,basin,sce,Haiwee,0.006,36.1099017,-117.9565226,1025950716,way
Hanford (basin),,,distance_basin,basin,sce,Hanford,0.004,36.3129288,-119.6543621,1485095090,way
Hanjin (basin),,,distance_basin,basin,sce,Hanjin,0.002,33.7751458,-118.2278946,696976509,way
HarborGen Substation,HarborGen Substation,,distance_basin,basin,sce,Harborgen,0.012,33.778822,-118.2273435,389174036,way
Helijet (basin),,,distance_basin,basin,sce,Helijet,0.006,34.6119841,-118.113858,463036884,way
Highgrove (basin),,,distance_basin,basin,sce,Highgrove,0.021,34.0221379,-117.3329273,819500187,way
Highwind (basin),,,distance_basin,basin,sce,Highwind,0.006,35.0994493,-118.3781916,99599957,way
Highwind (basin),,,distance_basin,basin,sce,Highwind,0.187,35.0980236,-118.3792003,478731331,way
Hillgen (basin),,,distance_basin,basin,sce,Hillgen,0.003,34.0242651,-118.0250454,1485095007,way
Hopeful (basin),,,distance_basin,basin,sce,Hopeful,0.001,34.1258672,-117.9731184,1047533880,way
Hugo (basin),,,distance_basin,basin,sce,Hugo,0.008,33.9020035,-116.5557261,353468611,way
Huntington Beach (basin),,Southern California Edison,distance_basin,basin,sce,Huntington Beach,0.016,33.646109,-117.9777885,45074901,way
Hygen (basin),,,distance_basin,basin,sce,Hygen,0.002,34.062981,-117.5290332,1294858671,way
Idyllwild Substation,Idyllwild Substation,Southern California Edison,distance_basin,basin,sce,Idyllwild,0.008,33.7463798,-116.7154536,365017628,way
Indigo (basin),,,distance_basin,basin,sce,Indigo,0.004,33.9106022,-116.5529138,353468602,way
Indigo (basin),,,distance_basin,basin,sce,Indigo,0.926,33.9134018,-116.5623539,353468603,way
Indigo (basin),,,distance_basin,basin,sce,Indigo,0.967,33.9093005,-116.5632449,1249384425,way
Injection (basin),,,distance_basin,basin,sce,Injection,0.005,33.8013762,-118.1594315,1485094974,way
Inland Empire (basin),,,distance_basin,basin,sce,Inland Empire,0.149,33.7390671,-117.1684516,19894448,relation
Inyo (basin),,,distance_basin,basin,sce,Inyo,0.011,37.3420421,-118.4410433,89637089,way
Ivanpah Substation,Ivanpah Substation,,distance_basin,basin,sce,Ivanpah,0.016,35.5444422,-115.4687507,233812416,way
Jet (basin),,,distance_basin,basin,sce,Jet,0.002,34.2135242,-118.1679878,1485095013,way
Jose (basin),,,distance_basin,basin,sce,Jose,0.004,34.0370994,-118.0255859,1485095008,way
Julian Hinds Substation,Julian Hinds Substation,,distance_basin,basin,sce,Julian Hinds,0.036,33.7050285,-115.6266673,12202178,relation
Kaweah 1 Substation,Kaweah 1 Substation,Southern California Edison,distance_basin,basin,sce,Kaweah 1,0.004,36.4650781,-118.8620255,1076393877,way
Kaweah 2 Substation,Kaweah 2 Substation,Southern California Edison,distance_basin,basin,sce,Kaweah 2,0.030,36.4613805,-118.8798834,1027073986,way
Kaweah 3 Substation,Kaweah 3 Substation,Southern California Edison,distance_basin,basin,sce,Kaweah 3,0.001,36.486075,-118.8356538,1016483141,way
Kawgen (basin),,Kaweah River Power Authority,distance_basin,basin,sce,Kawgen,0.008,36.415403,-119.0076493,1076370446,way
Kem (basin),,,distance_basin,basin,sce,Kem,0.002,33.8611695,-115.4886736,1531564080,way
Kern River 1 (basin),,,distance_basin,basin,sce,Kern River 1,0.022,35.4601995,-118.7798451,1492349914,way
Kinder (basin),,Southern California Edison,distance_basin,basin,sce,Kinder,0.002,33.8126597,-117.8696994,383837116,way
Receiving Station F,Receiving Station F,Los Angeles Department of Water and Power,distance_basin,basin,sce,Kinetic,0.038,34.0150843,-118.2039727,169880238,way
La Cienega Substation,La Cienega Substation,Southern California Edison,distance_basin,basin,sce,La Cienega,0.015,34.0006667,-118.3784687,11351566,relation
Leatherneck (basin),,,distance_basin,basin,sce,Leatherneck,0.011,34.2449312,-116.0977073,1211966969,way
Leatherneck (basin),,,distance_basin,basin,sce,Leatherneck,0.441,34.2449594,-116.0929474,1222697462,way
Leatherneck (basin),,,distance_basin,basin,sce,Leatherneck,0.463,34.2447504,-116.0927071,1222697463,way
Lebec (basin),,,distance_basin,basin,sce,Lebec,0.017,34.9549755,-118.8440815,896491987,way
Lee Vining (basin),,,distance_basin,basin,sce,Lee Vining,0.005,37.9520625,-119.1164913,991958834,way
Lee Vining (basin),,,distance_basin,basin,sce,Lee Vining,0.127,37.9517659,-119.115067,1296679008,way
Lehman (basin),,,distance_basin,basin,sce,Lehman,0.002,34.1566701,-119.2092233,1485095024,way
Linde (basin),,,distance_basin,basin,sce,Linde,0.026,34.066659,-117.5218436,1294858680,way
Distribution Station 154,Distribution Station 154,,distance_basin,basin,sce,Lone Pine,0.007,36.6006752,-118.0725652,997557146,way
Distributing Station 139,Distributing Station 139,Los Angeles Department of Water and Power,distance_basin,basin,sce,Losulfur,0.005,33.9317874,-118.4045499,265730084,way
Lourich Substation,Lourich Substation,Southern California Edison,distance_basin,basin,sce,Lourich,0.005,36.1313703,-119.3292546,1164927160,way
Lugo Substation,Lugo Substation,Southern California Edison,distance_basin,basin,sce,Lugo,0.114,34.3658218,-117.3693963,86369466,way
MWD Etiwanda (basin),,,distance_basin,basin,sce,MWD Etiwanda,0.002,34.10372,-117.5264393,1294858608,way
MWD Lake Mathews (basin),,,distance_basin,basin,sce,MWD Lake Mathews,0.004,33.8548237,-117.4538748,1154163764,way
MWD Lake Mathews (basin),,,distance_basin,basin,sce,MWD Lake Mathews,0.409,33.8584711,-117.4541505,1456771791,way
Distributing Station No. 59,Distributing Station No. 59,Los Angeles Department of Water and Power,distance_basin,basin,sce,MWD Venice,0.867,34.0088366,-118.4252792,422262654,way
MWD Venice (basin),,,distance_basin,basin,sce,MWD Venice,0.007,34.0114287,-118.4164837,1485095018,way
McNeil Substation,McNeil Substation,Southern California Edison,distance_basin,basin,sce,Macneil,0.011,34.1721407,-118.3472687,395945866,way
Mandalay (basin),,,distance_basin,basin,sce,Mandalay,0.016,34.2073313,-119.2490824,37692543,way
Matherson Trigas (basin),,,distance_basin,basin,sce,Matherson Trigas,0.052,33.9890258,-118.1775947,817018401,way
Matherson Trigas (basin),,,distance_basin,basin,sce,Matherson Trigas,0.069,33.9886978,-118.1772555,817018402,way
Midwind (basin),,,distance_basin,basin,sce,Midwind,0.000,35.0539015,-118.3466703,1431587249,way
Mirage Substation,Mirage Substation,,distance_basin,basin,sce,Mirage,0.053,33.8183451,-116.3695726,61430458,way
Ramon Substation,Ramon Substation,Imperial Irrigation District,distance_basin,basin,sce,Mirage,0.262,33.8178295,-116.3673893,61430457,way
Missile (basin),,,distance_basin,basin,sce,Missile,0.007,34.1286931,-119.0956451,1485095023,way
Mobil Oil (basin),,,distance_basin,basin,sce,Mobil Oil,0.012,33.8571762,-118.3329261,74839036,way
Mogen (basin),,,distance_basin,basin,sce,Mogen,0.122,35.0326324,-117.7003114,1489634229,way
Mojave 17 (basin),,,distance_basin,basin,sce,Mojave 17,0.001,35.046037,-118.2808696,99600003,way
Moog (basin),,,distance_basin,basin,sce,Moog,0.855,33.8471055,-118.3018746,74839040,way
Moog (basin),,Los Angeles Department of Water and Power,distance_basin,basin,sce,Moog,0.709,33.8477342,-118.3034491,74839059,way
Moog (basin),,,distance_basin,basin,sce,Moog,0.001,33.8475105,-118.3111282,846156259,way
Morgan (basin),,,distance_basin,basin,sce,Morgan,0.007,37.3598181,-118.701921,1485094896,way
Morwind (basin),,,distance_basin,basin,sce,Morwind,0.003,35.0587653,-118.2698884,99599999,way
Morwind (basin),,,distance_basin,basin,sce,Morwind,0.563,35.0537049,-118.2704413,99600011,way
Mountwind (basin),,,distance_basin,basin,sce,Mountwind,0.001,33.9072131,-116.5793173,102118057,way
Nietos (basin),,,distance_basin,basin,sce,Nietos,0.018,33.9387682,-118.0609034,837612933,way
Norseal (basin),,,distance_basin,basin,sce,Norseal,0.005,33.7571184,-118.0891345,675053427,way
Oakwind (basin),,,distance_basin,basin,sce,Oakwind,0.982,35.0390299,-118.3621796,628420031,way
Omar (basin),,,distance_basin,basin,sce,Omar,0.008,35.4514275,-118.9839789,168937751,way
Onshore (basin),,,distance_basin,basin,sce,Onshore,0.001,34.431593,-119.9114652,1485095029,way
Orcogen (basin),,,distance_basin,basin,sce,Orcogen,0.005,33.6440264,-117.9556078,1485094977,way
Ormond Beach (basin),,Southern California Edison,distance_basin,basin,sce,Ormond Beach,0.028,34.1310311,-119.1669579,37692647,way
Oso (basin),,,distance_basin,basin,sce,Oso,0.001,34.8084468,-118.7193041,494876565,way
Oso (basin),,,distance_basin,basin,sce,Oso,0.213,34.810173,-118.7202952,734117831,way
Plaza Substation,Plaza Substation,,distance_basin,basin,sce,Owill,0.997,34.0570537,-118.2379952,429324506,way
Palm Springs Substation,Palm Springs Substation,Southern California Edison,distance_basin,basin,sce,Palm Springs,0.004,33.8251161,-116.5461256,480765123,way
Pan Aero (basin),,,distance_basin,basin,sce,Pan Aero,0.021,33.951285,-116.6656064,101677519,way
Pan Aero (basin),,,distance_basin,basin,sce,Pan Aero,0.014,33.9514395,-116.6652816,353468609,way
Pandol (basin),,,distance_basin,basin,sce,Pandol,0.004,35.7189243,-119.2333967,1485094919,way
Receiving Station K - Olympic,Receiving Station K - Olympic,Los Angeles Department of Water and Power,distance_basin,basin,sce,Papermate,0.671,34.0331936,-118.4599949,267159397,way
Pardee Substation,Pardee Substation,Southern California Edison,distance_basin,basin,sce,Pardee,0.061,34.4397943,-118.5826225,91834998,way
Pastoria Substation,Pastoria Substation,,distance_basin,basin,sce,Pastoria,0.018,34.9351833,-118.8429736,168525650,way
Pearblossom (basin),,,distance_basin,basin,sce,Pearblossom,0.007,34.5090168,-117.9196429,30371205,way
Perris (basin),,,distance_basin,basin,sce,Perris,0.002,33.8356683,-117.1830652,1295566618,way
Perris (basin),,,distance_basin,basin,sce,Perris,0.039,33.8355253,-117.1834666,1456951683,way
Pharmacy Substation,Pharmacy Substation,Amgen,distance_basin,basin,sce,Pharmacy,0.007,34.1928918,-118.9195159,734084456,way
Pisgah Switchyard,Pisgah Switchyard,,distance_basin,basin,sce,Pisgah,0.010,34.7816651,-116.3846841,62235860,way
Pitchgen (basin),,,distance_basin,basin,sce,Pitchgen,0.010,34.4636768,-118.5941526,859766590,way
Mesa-Mira Loma eastern transition station,Mesa-Mira Loma eastern transition station,Southern California Edison,distance_basin,basin,sce,Plastic,0.942,33.9867187,-117.7143574,734085313,way
Plastic (basin),,,distance_basin,basin,sce,Plastic,0.001,33.9937537,-117.7086951,1485094970,way
Polaris (basin),,,distance_basin,basin,sce,Polaris,0.001,33.9286976,-118.3897293,1461366618,way
Polypro (basin),,,distance_basin,basin,sce,Polypro,0.007,33.8213787,-118.2333431,389174034,way
Procal (basin),,,distance_basin,basin,sce,Procal,0.006,33.9585122,-118.0656008,819544699,way
Procgen (basin),,,distance_basin,basin,sce,Procgen,0.016,34.211361,-119.1401308,1333609700,way
Protein (basin),,Southern California Edison,distance_basin,basin,sce,Protein,0.111,36.1861792,-119.3333556,1509722407,way
Protein Substation,Protein Substation,Southern California Edison,distance_basin,basin,sce,Protein,0.002,36.1854317,-119.334169,1164927153,way
Puente Hills (basin),,,distance_basin,basin,sce,Puente Hills,0.003,34.0240711,-118.0242267,1485095006,way
Purewater (basin),,,distance_basin,basin,sce,Purewater,0.005,34.0780257,-117.1889117,1282342992,way
Randsburg (basin),,,distance_basin,basin,sce,Randsburg,0.017,35.36529,-117.6472764,164758882,way
Randsburg (basin),,,distance_basin,basin,sce,Randsburg,0.056,35.364769,-117.6471908,1249793666,way
Reclaim (basin),,,distance_basin,basin,sce,Reclaim,0.009,34.0827178,-118.7095251,1485095020,way
Recovery  (basin),,,distance_basin,basin,sce,Recovery ,0.006,33.6735349,-118.0212617,1296517300,way
Red Bluff (basin),,,distance_basin,basin,sce,Red Bluff,0.754,33.7047417,-115.314804,1464477998,way
Reduction (basin),,,distance_basin,basin,sce,Reduction,0.013,34.1010361,-117.5305732,1294858614,way
Reno (basin),,,distance_basin,basin,sce,Reno,0.003,34.0344682,-118.0242133,1485095009,way
Revital (basin),,,distance_basin,basin,sce,Revital,0.004,33.8630249,-118.1619772,1457490121,way
Rindge (basin),,Southern California Edison,distance_basin,basin,sce,Rindge,0.006,34.0395578,-118.6980204,1292792074,way
Ringmill (basin),,,distance_basin,basin,sce,Ringmill,0.002,33.8931984,-118.1638854,1485094999,way
Riteaid (basin),,,distance_basin,basin,sce,Riteaid,0.004,34.7209452,-118.1788693,884736196,way
Rocket Test (basin),,,distance_basin,basin,sce,Rocket Test,0.055,34.9300955,-117.6977277,164767008,way
Rocket Test (basin),,,distance_basin,basin,sce,Rocket Test,0.001,34.9304895,-117.698082,164767010,way
Rolling (basin),,,distance_basin,basin,sce,Rolling,0.018,34.0827757,-117.5059232,1294858709,way
Chevmain Substation,Chevmain Substation,Southern California Edison,distance_basin,basin,sce,Rosecrans,0.041,33.9035195,-118.3978913,394895304,way
SEGS 2 (basin),,,distance_basin,basin,sce,SEGS 2,0.964,34.8700914,-116.8301647,1453748898,way
SEGS 2 (basin),,,distance_basin,basin,sce,SEGS 2,0.028,34.8618464,-116.8280932,1465117382,way
SEGS 3 (basin),,,distance_basin,basin,sce,SEGS 3,0.010,35.0072699,-117.5557307,1485094937,way
SEGS 4 (basin),,,distance_basin,basin,sce,SEGS 4,0.005,35.0118928,-117.5556857,1485094936,way
SEGS 5 (basin),,,distance_basin,basin,sce,SEGS 5,0.015,35.0191716,-117.555555,1485094935,way
SEGS 6 (basin),,,distance_basin,basin,sce,SEGS 6,0.012,35.0204011,-117.5662396,1485094933,way
SEGS 7 (basin),,,distance_basin,basin,sce,SEGS 7,0.009,35.0154334,-117.5657319,1485094934,way
San Dimas Power (basin),,,distance_basin,basin,sce,San Dimas Power,0.003,34.1275036,-117.7954994,1485094971,way
San Onofre (basin),,,distance_basin,basin,sce,San Onofre,0.002,33.3696964,-117.5542219,24400771,way
Sandlot (basin),,,distance_basin,basin,sce,Sandlot,0.117,34.9970854,-117.3032094,423625219,way
Sandlot (basin),,,distance_basin,basin,sce,Sandlot,0.698,35.0023143,-117.3048405,1252216461,way
Santa Ana 1 (basin),,,distance_basin,basin,sce,Santa Ana 1,0.003,34.1456137,-117.0591037,1208787092,way
Santa Ana 3 (basin),,,distance_basin,basin,sce,Santa Ana 3,0.001,34.1072413,-117.0990957,767714898,way
Santa Clara Substation,Santa Clara Substation,Southern California Edison,distance_basin,basin,sce,Santa Clara,0.047,34.3021917,-119.1854388,40309253,way
Santee (basin),,,distance_basin,basin,sce,Santee,0.003,33.9970666,-117.9143253,1485094973,way
Sanwind (basin),,,distance_basin,basin,sce,Sanwind,0.007,33.9262497,-116.6148772,353468608,way
Sanwind (basin),,,distance_basin,basin,sce,Sanwind,0.045,33.9266543,-116.6147797,353468613,way
Schultz (basin),,,distance_basin,basin,sce,Schultz,0.005,33.9534815,-118.1774942,1485094984,way
Seawind (basin),,,distance_basin,basin,sce,Seawind,0.004,33.9500207,-116.6668838,101677534,way
Seawind (basin),,,distance_basin,basin,sce,Seawind,0.535,33.9461842,-116.6633063,101677540,way
Serfgen (basin),,,distance_basin,basin,sce,Serfgen,0.004,33.7593805,-118.2411872,843310759,way
Serrano Substation,Serrano Substation,Southern California Edison,distance_basin,basin,sce,Serrano,0.008,33.8289323,-117.7897166,64161681,way
Shell Los Angeles (basin),,,distance_basin,basin,sce,Shell Los Angeles,0.799,33.7889539,-118.2292628,696976511,way
Shell Los Angeles (basin),,,distance_basin,basin,sce,Shell Los Angeles,0.020,33.794087,-118.2351349,1296516893,way
Shell Los Angeles (basin),,,distance_basin,basin,sce,Shell Los Angeles,0.731,33.7891599,-118.2300755,1296516898,way
Shelline (basin),,,distance_basin,basin,sce,Shelline,0.009,34.1493053,-118.6644854,167413782,way
Shellwatt (basin),,,distance_basin,basin,sce,Shellwatt,0.010,33.8074938,-118.2440361,817256051,way
Shred (basin),,,distance_basin,basin,sce,Shred,0.003,33.9453409,-118.1750353,1485094983,way
Sky River North (basin),,,distance_basin,basin,sce,Sky River North,0.020,35.3449095,-118.1859319,896500662,way
Smithtool (basin),,,distance_basin,basin,sce,Smithtool,0.004,33.6878666,-117.8490845,1485094979,way
Soco (basin),,,distance_basin,basin,sce,Soco,0.011,33.6736956,-118.0216286,1296517299,way
Sopipe (basin),,Southern California Edison,distance_basin,basin,sce,Sopipe,0.172,34.0222301,-117.8352122,395352114,way
Sopipe (basin),,,distance_basin,basin,sce,Sopipe,0.060,34.0217839,-117.8374235,1378458783,way
Sopipe (basin),,,distance_basin,basin,sce,Sopipe,0.004,34.0222094,-117.8370916,1485094972,way
Soport (basin),,,distance_basin,basin,sce,Soport,0.005,34.5659622,-117.3125179,81605626,way
Southbase (basin),,,distance_basin,basin,sce,Southbase,0.001,34.8799618,-117.896295,453332983,way
Southbase (basin),,,distance_basin,basin,sce,Southbase,0.080,34.8792406,-117.8963701,453332984,way
Southcap (basin),,,distance_basin,basin,sce,Southcap,0.004,34.6212824,-117.102222,1485094939,way
Sponge (basin),,,distance_basin,basin,sce,Sponge,0.005,33.9808258,-118.111302,1485095005,way
Springville Substation,Springville Substation,Southern California Edison,distance_basin,basin,sce,Springville,0.009,36.1079723,-118.9381572,169514309,way
Stanhill (basin),,,distance_basin,basin,sce,Stanhill,0.001,34.0004717,-118.3737129,691693677,way
LADWP Distribution Station 54,LADWP Distribution Station 54,Los Angeles Department of Water and Power,distance_basin,basin,sce,Station 54 ,0.005,34.1014022,-118.287798,297444869,way
Stent (basin),,,distance_basin,basin,sce,Stent,0.154,33.5178825,-117.1574101,187579783,way
Stent (basin),,,distance_basin,basin,sce,Stent,0.169,33.5177015,-117.1572492,187579785,way
Stent (basin),,,distance_basin,basin,sce,Stent,0.184,33.5178483,-117.1570804,187579786,way
Stent (basin),,,distance_basin,basin,sce,Stent,0.192,33.517583,-117.1570208,187579788,way
Stent (basin),,,distance_basin,basin,sce,Stent,0.106,33.5169785,-117.1585612,187582590,way
Stent (basin),,,distance_basin,basin,sce,Stent,0.027,33.517678,-117.1588373,187582591,way
Stent (basin),,,distance_basin,basin,sce,Stent,0.006,33.5177935,-117.1590247,187582592,way
Stent (basin),,,distance_basin,basin,sce,Stent,0.052,33.5174721,-117.1587163,187582593,way
Stent (basin),,,distance_basin,basin,sce,Stent,0.090,33.5174721,-117.1581983,187582594,way
Strip Substation,Strip Substation,Southern California Edison,distance_basin,basin,sce,Strip,0.006,34.0769776,-117.500801,1294858690,way
Sunnyhills (basin),,Southern California Edison,distance_basin,basin,sce,Sunnyhills,0.003,33.8828726,-117.9573969,846190663,way
Sycamore (basin),,,distance_basin,basin,sce,Sycamore,0.003,35.4522413,-118.9904179,182050413,way
LADWP Distributing Station No. 86,LADWP Distributing Station No. 86,Los Angeles Department of Water and Power,distance_basin,basin,sce,Sylmar-Pac Intertie,0.008,34.3053289,-118.5005617,479169462,way
Tanker (basin),,,distance_basin,basin,sce,Tanker,0.003,33.9087628,-117.259812,116790727,way
Tayshell (basin),,,distance_basin,basin,sce,Tayshell,0.010,34.3169788,-119.3105142,1485095027,way
Tengen (basin),,,distance_basin,basin,sce,Tengen,0.015,34.3841575,-118.4956893,1485094844,way
Thermal (basin),,,distance_basin,basin,sce,Thermal,0.009,33.9160137,-118.4097015,1462903368,way
Thrive Fontana Substation,Thrive Fontana Substation,Southern California Edison,distance_basin,basin,sce,Thrive Fontana,0.002,34.0735394,-117.4293156,1105679305,way
Thums A (basin),,,distance_basin,basin,sce,Thums A,0.050,33.7591909,-118.182073,1296517160,way
Thums B (basin),,,distance_basin,basin,sce,Thums B,0.044,33.7524107,-118.1593035,1296517161,way
Thums C (basin),,,distance_basin,basin,sce,Thums C,0.056,33.7402727,-118.138897,1296517163,way
Thums D (basin),,,distance_basin,basin,sce,Thums D,0.053,33.7410473,-118.1621141,1296517162,way
Tiefort (basin),,,distance_basin,basin,sce,Tiefort,0.008,35.2228952,-116.7332627,87098556,way
Tiffanywind (basin),,,distance_basin,basin,sce,Tiffanywind,0.004,33.9206524,-116.5811089,353468612,way
Titans (basin),,,distance_basin,basin,sce,Titans,0.007,33.8789763,-117.887298,1296517580,way
Torrey (basin),,,distance_basin,basin,sce,Torrey,0.004,34.3878704,-118.7963227,691643525,way
Tortoise (basin),,,distance_basin,basin,sce,Tortoise,0.059,34.6412185,-118.0658452,884826807,way
Tortoise (basin),,,distance_basin,basin,sce,Tortoise,0.010,34.6407506,-118.0659639,884826808,way
Toyota (basin),,,distance_basin,basin,sce,Toyota,0.000,33.8728035,-118.1603328,1485094998,way
Transwind (basin),,,distance_basin,basin,sce,Transwind,0.003,33.913741,-116.7196612,400849054,way
Trisonic (basin),,,distance_basin,basin,sce,Trisonic,0.082,33.9207755,-118.3849714,594584349,way
Trisonic (basin),,,distance_basin,basin,sce,Trisonic,0.005,33.9213278,-118.3856305,734110282,way
Trona (basin),,,distance_basin,basin,sce,Trona,0.006,35.7648297,-117.3754574,1452894466,way
Tule (basin),,,distance_basin,basin,sce,Tule,0.003,36.1358049,-118.7890057,1007932630,way
Mandalay Switchyard,Mandalay Switchyard,Southern California Edison,distance_basin,basin,sce,Unioil,0.013,34.2077559,-119.2468823,37692542,way
Unioil (basin),,,distance_basin,basin,sce,Unioil,0.284,34.2052297,-119.2470854,1485095025,way
University (basin),,,distance_basin,basin,sce,University,0.009,33.6403394,-117.8498515,184993874,way
DISTRIBUTING STATION 123,DISTRIBUTING STATION 123,Los Angeles Department of Water and Power,distance_basin,basin,sce,Unknown,0.005,33.7878506,-118.3002889,652570166,way
Distributing Station 2,Distributing Station 2,Los Angeles Department of Water and Power,distance_basin,basin,sce,Unknown,0.007,34.1139151,-118.1894541,655287791,way
Distributing Station 25,Distributing Station 25,Los Angeles Department of Water and Power,distance_basin,basin,sce,Unknown,0.007,34.1130837,-118.2677964,295762352,way
Distributing Station 36,Distributing Station 36,Los Angeles Department of Water and Power,distance_basin,basin,sce,Unknown,0.010,34.0867042,-118.2145252,655450950,way
Distributing Station 93,Distributing Station 93,Los Angeles Department of Water and Power,distance_basin,basin,sce,Unknown,0.003,34.1206811,-118.2262082,655821595,way
Hollywood Way Distributing Station,Hollywood Way Distributing Station,City of Burbank,distance_basin,basin,sce,Unknown,0.014,34.1541085,-118.3395745,32012723,way
Unknown (basin),,,distance_basin,basin,sce,Unknown,0.002,35.0881639,-118.3670013,99599945,way
Unknown (basin),,,distance_basin,basin,sce,Unknown,0.005,35.098241,-118.3378003,99599948,way
Unknown (basin),,,distance_basin,basin,sce,Unknown,0.003,35.0990635,-118.3345494,99599982,way
Unknown (basin),,,distance_basin,basin,sce,Unknown,0.009,33.9477209,-116.923265,181546687,way
Unknown (basin),,Southern California Edison,distance_basin,basin,sce,Unknown,0.017,33.8992493,-118.384631,383664682,way
Unknown (basin),,,distance_basin,basin,sce,Unknown,0.990,34.1585332,-118.3301861,471963649,way
Unknown (basin),,,distance_basin,basin,sce,Unknown,0.031,35.207254,-118.2476286,896500666,way
Unknown (basin),,,distance_basin,basin,sce,Unknown,0.006,34.1918821,-118.3232168,916542296,way
Unknown (basin),,,distance_basin,basin,sce,Unknown,0.981,34.18811,-118.3455548,1038599609,way
Unknown (basin),,,distance_basin,basin,sce,Unknown,0.028,34.1886773,-118.3351217,1224665560,way
Unknown (basin),,,distance_basin,basin,sce,Unknown,0.004,33.9159944,-116.7183908,1448327922,way
Unknown (basin),,,distance_basin,basin,sce,Unknown,0.002,36.8054621,-118.1868605,1485094892,way
Vapor (basin),,,distance_basin,basin,sce,Vapor,0.001,33.8481685,-118.3300604,846156261,way
Varwind (basin),,,distance_basin,basin,sce,Varwind,0.003,35.078079,-118.3111318,99599994,way
Distributing Station 95,Distributing Station 95,Los Angeles Department of Water and Power,distance_basin,basin,sce,Venice,0.004,33.9903143,-118.4209727,393475141,way
Venwind (basin),,,distance_basin,basin,sce,Venwind,0.006,33.9371425,-116.6157148,400849584,way
Venwind (basin),,,distance_basin,basin,sce,Venwind,0.033,33.9370598,-116.6160479,1496754532,way
Vincent Substation,Vincent Substation,Southern California Edison,distance_basin,basin,sce,Vincent,0.110,34.4859441,-118.1196772,30567721,way
Vista Substation,Vista Substation,Southern California Edison,distance_basin,basin,sce,Vista,0.150,34.0406913,-117.3206273,33604800,way
Warne (basin),,,distance_basin,basin,sce,Warne,0.018,34.6851994,-118.7886869,94788736,way
Wesbasin (basin),,,distance_basin,basin,sce,Wesbasin,0.005,33.9095141,-118.3909184,1461361564,way
West Riverside (basin),,,distance_basin,basin,sce,West Riverside,0.003,34.0057511,-117.3924756,1161246628,way
Westend (basin),,,distance_basin,basin,sce,Westend,0.348,35.7056086,-117.3899532,685754658,way
Westhill (basin),,,distance_basin,basin,sce,Westhill,0.005,33.9092753,-118.4204003,1462903363,way
Westwind (basin),,,distance_basin,basin,sce,Westwind,0.006,35.0437771,-118.2763356,99599975,way
Whirlwind Substation,Whirlwind Substation,Southern California Edison,distance_basin,basin,sce,Whirlwind,0.250,34.8578451,-118.4373291,386364447,way
White Mt. Radio (basin),,,distance_basin,basin,sce,White Mt. Radio,0.002,37.4169442,-118.4028733,1485094895,way
Wilde (basin),,,distance_basin,basin,sce,Wilde,0.007,34.7859277,-117.2480537,1017858373,way
Winderness (basin),,,distance_basin,basin,sce,Winderness,0.004,35.0386336,-118.2929223,1485094850,way
Windhub Substation,Windhub Substation,Southern California Edison,distance_basin,basin,sce,Windhub,0.022,35.0349893,-118.2808562,99599964,way
Artesian (basin),,,distance_basin,basin,sdge,Artesian,0.007,33.0211211,-117.1341732,167143653,way
Artesian (basin),,,distance_basin,basin,sdge,Artesian,0.124,33.0211073,-117.1328861,1200849938,way
Ash (basin),,San Diego Gas & Electric,distance_basin,basin,sdge,Ash,0.005,33.1367122,-117.0703778,97903711,way
Avocado (basin),,,distance_basin,basin,sdge,Avocado,0.013,33.3845762,-117.2369944,1485094947,way
Batiquitos (basin),,San Diego Gas & Electric,distance_basin,basin,sdge,Batiquitos,0.002,33.1011253,-117.2504357,99497746,way
Rancho Bernardo Substation,Rancho Bernardo Substation,San Diego Gas & Electric,distance_basin,basin,sdge,Bernardo,0.007,33.0214645,-117.0963425,246576846,way
Borrego (basin),,,distance_basin,basin,sdge,Borrego,0.043,33.2708019,-116.3477609,1136328799,way
Boulder Creek (basin),,,distance_basin,basin,sdge,Boulder Creek,0.004,33.0060228,-116.5862355,1485094954,way
Calpeak Power Enterprise 7 (basin),,,distance_basin,basin,sdge,Calpeak Power Enterprise 7,0.008,33.1209876,-117.117335,817016281,way
Cameron (basin),,,distance_basin,basin,sdge,Cameron,0.002,32.653244,-116.4881395,1476178378,way
Cannon (basin),,,distance_basin,basin,sdge,Cannon,0.019,33.1372649,-117.3325682,26587777,way
Chollas Substation,Chollas Substation,,distance_basin,basin,sdge,Chollas,0.020,32.7438777,-117.0466129,245946705,way
Coronado (basin),,San Diego Gas & Electric,distance_basin,basin,sdge,Coronado,0.008,32.6987795,-117.1733615,1172880609,way
Crestwood (basin),,,distance_basin,basin,sdge,Crestwood,0.004,32.6990117,-116.3537671,375700360,way
Descanso (basin),,,distance_basin,basin,sdge,Descanso,0.005,32.8652218,-116.6337219,878947242,way
Division (basin),,,distance_basin,basin,sdge,Division,0.494,32.6833056,-117.1249641,477192840,way
Division (basin),,San Diego Gas & Electric,distance_basin,basin,sdge,Division,0.007,32.6815147,-117.1200536,7011704,relation
East County (basin),,,distance_basin,basin,sdge,East County,0.459,32.6241602,-116.1272793,878412002,way
Jacumba Substation,Jacumba Substation,,distance_basin,basin,sdge,East County,0.464,32.627451,-116.119175,12333299,relation
Eastgate (basin),,,distance_basin,basin,sdge,Eastgate,0.542,32.8987864,-117.2226471,1053149996,way
Encina (basin),,,distance_basin,basin,sdge,Encina,0.032,33.1367631,-117.3352772,934860492,way
Fenton Substation,Fenton Substation,,distance_basin,basin,sdge,Fenton,0.004,32.8949446,-117.1563539,167143660,way
Genesee (basin),,,distance_basin,basin,sdge,Genesee,0.056,32.8793768,-117.2130898,1078939339,way
Glencliff (basin),,,distance_basin,basin,sdge,Glencliff,0.004,32.7983244,-116.498294,91193822,way
Goal Line (basin),,,distance_basin,basin,sdge,Goal Line,0.008,33.1183682,-117.0985511,1485094952,way
Granite Hills Substation,Granite Hills Substation,San Diego Gas & Electric,distance_basin,basin,sdge,Granite Hills,0.006,32.8043708,-116.9209295,245320960,way
Imperial Valley Substation,Imperial Valley Substation,,distance_basin,basin,sdge,Imperial Valley,0.011,32.7179069,-115.7155553,52183964,way
Japanese Mesa Substation,Japanese Mesa Substation,,distance_basin,basin,sdge,Japanese Mesa,0.005,33.374287,-117.5548397,934956976,way
Kyocera (basin),,,distance_basin,basin,sdge,Kyocera,0.001,32.8197854,-117.1403433,668461893,way
Lake Hodges (basin),,,distance_basin,basin,sdge,Lake Hodges,0.008,33.058627,-117.1191992,1073692881,way
Las Pulgas (basin),,,distance_basin,basin,sdge,Las Pulgas,0.002,33.3128345,-117.466928,452491453,way
Los Coches (basin),,,distance_basin,basin,sdge,Los Coches,0.131,32.8589637,-116.8980378,913958762,way
Loveland Substation,Loveland Substation,San Diego Gas & Electric,distance_basin,basin,sdge,Loveland,0.005,32.7969521,-116.7922452,245778829,way
Melrose (basin),,,distance_basin,basin,sdge,Melrose,0.007,33.2064734,-117.2529663,1454377815,way
Miguel Substation,Miguel Substation,San Diego Gas & Electric,distance_basin,basin,sdge,Miguel,0.114,32.6790263,-116.9838422,12331797,relation
Miramar Substation,Miramar Substation,San Diego Gas & Electric,distance_basin,basin,sdge,Miramar,0.019,32.8940473,-117.1355952,105232646,way
Miramar Gt (basin),,,distance_basin,basin,sdge,Miramar Gt,0.038,32.8758817,-117.1662209,1485094951,way
Mission (basin),,San Diego Gas & Electric,distance_basin,basin,sdge,Mission,0.122,32.7848113,-117.1383422,119718924,way
Mission (basin),,San Diego Gas & Electric,distance_basin,basin,sdge,Mission,0.114,32.7849919,-117.137832,167005121,way
Monserate (basin),,,distance_basin,basin,sdge,Monserate,0.019,33.3290743,-117.2354476,126265491,way
Montgomery (basin),,,distance_basin,basin,sdge,Montgomery,0.002,32.6316517,-117.0996802,1252216788,way
Morro Hill (basin),,,distance_basin,basin,sdge,Morro Hill,0.005,33.2522084,-117.3003509,1485094948,way
National City Substation,National City Substation,San Diego Gas & Electric,distance_basin,basin,sdge,National City,0.003,32.6730729,-117.1073613,247807059,way
Naval Station (basin),,,distance_basin,basin,sdge,Naval Station,0.003,32.6707928,-117.1147418,477055231,way
North Island (basin),,,distance_basin,basin,sdge,North Island,0.544,32.7099321,-117.1902004,1172637265,way
North Island QF (basin),,,distance_basin,basin,sdge,North Island QF,0.005,32.7023531,-117.182426,1188553485,way
Ntcq (basin),,San Diego Harbor Excursion,distance_basin,basin,sdge,Ntcq,0.002,32.7461444,-117.1925442,248650182,way
Oceanside (basin),,,distance_basin,basin,sdge,Oceanside,0.003,33.1967972,-117.3818614,1417461328,way
Ocotillo Express (basin),,,distance_basin,basin,sdge,Ocotillo Express,0.091,32.7434079,-116.0425565,414876259,way
Otay Lake (basin),,,distance_basin,basin,sdge,Otay Lake,0.002,32.5970899,-116.9277145,1492294237,way
Otay Mesa (basin),,,distance_basin,basin,sdge,Otay Mesa,0.035,32.5738186,-116.9113718,316993631,way
Otay Mesa (basin),,,distance_basin,basin,sdge,Otay Mesa,0.276,32.5716702,-116.9109909,885845173,way
Peñasquitos Substation,Peñasquitos Substation,San Diego Gas & Electric,distance_basin,basin,sdge,Penasquitos,0.081,32.9179868,-117.2190783,25453503,way
Pendleton (basin),,,distance_basin,basin,sdge,Pendleton,0.011,33.3091432,-117.335154,105828292,way
Rancho Santa Fe (basin),,San Diego Gas & Electric,distance_basin,basin,sdge,Rancho Santa Fe,0.009,33.014257,-117.1986182,105230909,way
Red Mt. (basin),,,distance_basin,basin,sdge,Red Mt.,0.000,33.3946708,-117.189294,1485094946,way
Rose Canyon (basin),,,distance_basin,basin,sdge,Rose Canyon,0.480,32.8483687,-117.2346637,923149606,way
Sampson (basin),,,distance_basin,basin,sdge,Sampson,0.602,32.6923666,-117.1364283,1467179323,way
San Marcos (basin),,,distance_basin,basin,sdge,San Marcos,0.008,33.1287424,-117.1972907,955935746,way
Electric Substation,Electric Substation,,distance_basin,basin,sdge,San Ysidro,0.007,32.5621903,-117.0266922,940918950,way
SDGE Electric Power Substation,SDGE Electric Power Substation,San Diego Gas & Electric,distance_basin,basin,sdge,Silvergate,0.041,32.6947441,-117.1436743,67487406,way
Bay Boulevard Substation,Bay Boulevard Substation,San Diego Gas & Electric,distance_basin,basin,sdge,South Bay,0.778,32.6081616,-117.0945795,935670738,way
Suncrest Substation,Suncrest Substation,San Diego Gas & Electric,distance_basin,basin,sdge,Suncrest,0.041,32.8087648,-116.68306,407016872,way
Sunnyside (basin),,,distance_basin,basin,sdge,Sunnyside,0.017,32.6580971,-117.0304697,1485094950,way
Sycamore Canyon Substation,Sycamore Canyon Substation,San Diego Gas & Electric,distance_basin,basin,sdge,Sycamore Canyon,0.023,32.9172568,-117.0309422,99645329,way
Talega Substation,Talega Substation,San Diego Gas & Electric,distance_basin,basin,sdge,Talega,0.011,33.4532061,-117.5714849,116440984,way
Telegraph Canyon (basin),,,distance_basin,basin,sdge,Telegraph Canyon,0.013,32.6378496,-117.0161974,25720675,way
Valley Center (basin),,,distance_basin,basin,sdge,Valley Center,0.002,33.2306807,-117.0184371,1395515433,way
Warner Substation,Warner Substation,San Diego Gas & Electric,distance_basin,basin,sdge,Warner,0.006,33.2472601,-116.6759808,1022984358,way
Battery Substation,Battery Substation,,near,,pge,6TH AVENUE,2.258,37.8019613,-122.4651758,10839031950,node
Station K,Station K,Pacific Gas and Electric Company,near,,pge,6TH AVENUE,1.753,37.7765945,-122.4836815,278422085,way
UNNAMED_955,,,near,,pge,6TH AVENUE,1.568,37.7931076,-122.4752071,288314118,way
UNNAMED_3353,,,near,,pge,A.P.T. Oro,1.104,39.4743937,-121.5748244,1485095264,way
UNNAMED_2733,,Pacific Gas & Electric,near,,pge,ARLINGTON,1.774,37.9039589,-122.2660221,1369403533,way
UNNAMED_3444,,,near,,pge,ATWATER,4.580,37.3613225,-120.5627909,1493649557,way
UNNAMED_2823,,,near,,pge,AVENAL,1.661,35.9921812,-120.1104804,1441507761,way
UNNAMED_2389,,,near,,pge,Airways,2.150,36.758866,-119.6772587,1275887138,way
UNNAMED_3070,,,near,,pge,Airways,3.051,36.7577109,-119.6968495,1485094906,way
UNNAMED_3292,,,near,,pge,Amerigas,2.749,38.4079557,-121.953623,1485095172,way
Central Utility Plant,Central Utility Plant,,near,,pge,Ames Distribution,1.078,37.4229452,-122.0784848,741753437,way
UNNAMED_1512,,,near,,pge,Ames Distribution,3.638,37.4310407,-122.1056771,733504424,way
Central Utilities Plant,Central Utilities Plant,,near,,pge,Atlantic,2.206,38.7474344,-121.249325,1515105640,node
Cirby Substation,Cirby Substation,Roseville Electric,near,,pge,Atlantic,3.951,38.7283921,-121.2698939,86093899,way
Hardrock Substation,Hardrock Substation,Roseville Electric,near,,pge,Atlantic,1.666,38.7525965,-121.2510276,32719874,way
Southeast Substation,Southeast Substation,Roseville Electric,near,,pge,Atlantic,3.801,38.7382451,-121.2346733,86145651,way
UNNAMED_362,,Roseville Electric,near,,pge,Atlantic,2.053,38.7454309,-121.268064,31779596,way
Vernon Street Substation,Vernon Street Substation,Roseville Electric,near,,pge,Atlantic,3.873,38.7394634,-121.2961961,86150201,way
UNNAMED_2854,,,near,,pge,Atwater,1.556,37.3635268,-120.6317523,1450793211,way
Marina Substation,Marina Substation,Pacific Gas and Electric Company,near,,pge,BEACH (Q),1.695,37.8035663,-122.4329689,1081724559,way
UNNAMED_285,,,near,,pge,BEACH (Q),3.772,37.8225696,-122.3758176,11545854463,node
UNNAMED_286,,,near,,pge,BEACH (Q),3.769,37.8225606,-122.375851,11545854464,node
UNNAMED_287,,,near,,pge,BEACH (Q),3.812,37.8213133,-122.3745776,11545854524,node
UNNAMED_290,,,near,,pge,BEACH (Q),3.764,37.825146,-122.3776897,11548952668,node
UNNAMED_306,,,near,,pge,BEACH (Q),3.906,37.8262026,-122.3766087,11626113564,node
UNNAMED_307,,,near,,pge,BEACH (Q),3.950,37.8260982,-122.3759488,11626113565,node
UNNAMED_308,,,near,,pge,BEACH (Q),3.778,37.8233075,-122.3762099,11629097444,node
UNNAMED_309,,,near,,pge,BEACH (Q),3.757,37.8245071,-122.3773123,11629097445,node
UNNAMED_310,,,near,,pge,BEACH (Q),3.895,37.8243091,-122.3753702,11629097446,node
UNNAMED_311,,,near,,pge,BEACH (Q),3.979,37.8251735,-122.3748809,11629097447,node
UNNAMED_312,,,near,,pge,BEACH (Q),3.987,37.8245131,-122.3743144,11629097448,node
UNNAMED_313,,,near,,pge,BEACH (Q),3.987,37.8243432,-122.3742069,11629097449,node
UNNAMED_315,,,near,,pge,BEACH (Q),3.826,37.8246408,-122.3764957,11629097451,node
UNNAMED_316,,,near,,pge,BEACH (Q),3.842,37.8246757,-122.3763202,11629097452,node
UNNAMED_317,,,near,,pge,BEACH (Q),3.829,37.8242232,-122.3761646,11629097453,node
UNNAMED_318,,,near,,pge,BEACH (Q),3.881,37.8256414,-122.3765074,11629097454,node
UNNAMED_319,,,near,,pge,BEACH (Q),3.882,37.8256643,-122.376523,11629097455,node
UNNAMED_320,,,near,,pge,BEACH (Q),3.893,37.8264067,-122.3769558,11629097456,node
UNNAMED_321,,,near,,pge,BEACH (Q),3.986,37.8268048,-122.3760135,11629097457,node
UNNAMED_322,,,near,,pge,BEACH (Q),4.036,37.8264968,-122.3751094,11629097458,node
UNNAMED_323,,,near,,pge,BEACH (Q),3.753,37.8236327,-122.376748,11629097459,node
UNNAMED_324,,,near,,pge,BEACH (Q),3.821,37.8261417,-122.3777056,11629097460,node
UNNAMED_2076,,,near,,pge,BELLEVUE,4.582,38.3700243,-122.7641225,1168342903,way
UNNAMED_185,,,near,,pge,BELMONT,3.406,37.5465735,-122.2395556,8616725549,node
UNNAMED_186,,,near,,pge,BELMONT,3.166,37.5444082,-122.2406243,8616725553,node
UNNAMED_187,,,near,,pge,BELMONT,2.917,37.5436072,-122.2436985,8616725555,node
UNNAMED_188,,,near,,pge,BELMONT,2.960,37.5449764,-122.2450246,8616725556,node
UNNAMED_189,,,near,,pge,BELMONT,3.014,37.5449978,-122.2440582,8616725557,node
UNNAMED_190,,,near,,pge,BELMONT,2.755,37.5428108,-122.2453433,8616725560,node
UNNAMED_191,,,near,,pge,BELMONT,1.056,37.5311139,-122.2577481,8617955560,node
UNNAMED_192,,,near,,pge,BELMONT,1.083,37.5310442,-122.2571786,8617955561,node
UNNAMED_193,,,near,,pge,BELMONT,1.088,37.5313879,-122.2575906,8619299346,node
UNNAMED_194,,,near,,pge,BELMONT,2.940,37.5439971,-122.2438698,8622682227,node
UNNAMED_195,,,near,,pge,BELMONT,1.730,37.5359951,-122.253183,8633692826,node
UNNAMED_196,,,near,,pge,BELMONT,2.914,37.5441413,-122.2445364,8636616443,node
UNNAMED_197,,,near,,pge,BELMONT,3.129,37.5413593,-122.237717,8636637762,node
UNNAMED_8,,,near,,pge,BELMONT,3.385,37.5467053,-122.2400995,1743314005,node
UNNAMED_1378,,,near,,pge,BEN LOMOND,3.185,37.0669258,-122.0797748,661050771,way
UNNAMED_395,,,near,,pge,BEN LOMOND,1.724,37.0923959,-122.0770114,40783973,way
UNNAMED_1942,,,near,,pge,BORDEN,2.179,36.9397587,-119.9735965,1073230926,way
Paralleling Station 6,Paralleling Station 6,Caltrain,near,,pge,BRITTON,1.403,37.3787202,-122.0316538,1028556921,way
Ultra Power Substation,Ultra Power Substation,,near,,pge,BURNEY,3.473,40.9097063,-121.640854,177592874,way
UNNAMED_2381,,,near,,pge,Badger Creek,1.739,35.4695227,-119.0370859,1274976852,way
Paralleling Station 4,Paralleling Station 4,Caltrain,near,,pge,Bay Meadows,1.660,37.5369788,-122.2968015,1028562072,way
UNNAMED_1923,,San Francisco Public Utilities Commission,near,,pge,Bayshore ,1.143,37.7448209,-122.3904658,1067083284,way
UNNAMED_198,,,near,,pge,Belmont,2.938,37.5363529,-122.2361413,8636676770,node
UNNAMED_200,,,near,,pge,Belmont,2.287,37.5334083,-122.2425278,8639220404,node
UNNAMED_201,,,near,,pge,Belmont,1.331,37.5264513,-122.2506177,8639220413,node
UNNAMED_202,,,near,,pge,Belmont,1.219,37.5278296,-122.2525528,8639220416,node
UNNAMED_203,,,near,,pge,Belmont,1.160,37.5287559,-122.2538898,8639242720,node
UNNAMED_204,,,near,,pge,Belmont,1.196,37.525331,-122.2518722,8639242723,node
UNNAMED_205,,,near,,pge,Belmont,1.115,37.5246699,-122.2526843,8639242725,node
UNNAMED_207,,,near,,pge,Belmont,1.106,37.5211684,-122.2530267,8665326300,node
UNNAMED_2814,,,near,,pge,Belridge 1B,3.857,35.4128891,-119.6420439,1437132019,way
UNNAMED_2817,,,near,,pge,Belridge 1B,4.290,35.412858,-119.6329656,1437132029,way
UNNAMED_2818,,,near,,pge,Belridge 1B,3.672,35.4199988,-119.6330856,1437132031,way
UNNAMED_3194,,,near,,pge,Belridge 1B,3.215,35.4249518,-119.6877442,1485095049,way
Eureka Way Substation,Eureka Way Substation,,near,,pge,Benton,4.301,40.583884,-122.4377157,525114347,way
UNNAMED_113,,,near,,pge,Benton,1.616,40.5731229,-122.3824171,7071826249,node
UNNAMED_114,,,near,,pge,Benton,1.834,40.5736689,-122.379476,7071826254,node
UNNAMED_115,,,near,,pge,Benton,2.677,40.5860761,-122.401259,7079012203,node
UNNAMED_121,,,near,,pge,Benton,2.732,40.5864296,-122.402229,7142093786,node
UNNAMED_122,,,near,,pge,Benton,2.435,40.5777875,-122.4158837,7144159921,node
UNNAMED_123,,,near,,pge,Benton,2.493,40.5775644,-122.4171128,7144159922,node
UNNAMED_124,,,near,,pge,Benton,2.629,40.5803936,-122.4155696,7144159942,node
UNNAMED_125,,,near,,pge,Benton,2.796,40.5829859,-122.4143895,7144159943,node
UNNAMED_126,,,near,,pge,Benton,2.172,40.5818485,-122.392717,7144496079,node
UNNAMED_177,,,near,,pge,Benton,2.549,40.5852264,-122.3983822,8322689929,node
UNNAMED_178,,Redding Electric Utility,near,,pge,Benton,2.400,40.5839896,-122.3963882,8322843872,node
UNNAMED_214,,,near,,pge,Benton,1.465,40.5739553,-122.3869722,8790892681,node
UNNAMED_225,,,near,,pge,Benton,1.503,40.5725104,-122.3835128,8820484248,node
UNNAMED_226,,,near,,pge,Benton,1.875,40.5750062,-122.3805917,8826227040,node
UNNAMED_227,,,near,,pge,Benton,1.890,40.5749083,-122.3801784,8826227042,node
UNNAMED_228,,,near,,pge,Benton,1.797,40.5742893,-122.3809191,8826227046,node
UNNAMED_229,,,near,,pge,Benton,1.774,40.5744984,-122.3816403,8826227047,node
UNNAMED_230,,,near,,pge,Benton,2.026,40.576249,-122.379748,8826227048,node
UNNAMED_231,,,near,,pge,Benton,1.757,40.5764464,-122.385785,8826274907,node
UNNAMED_232,,,near,,pge,Benton,1.766,40.5760608,-122.3846422,8826274910,node
UNNAMED_233,,,near,,pge,Benton,1.809,40.5759654,-122.3835021,8826274911,node
UNNAMED_246,,,near,,pge,Benton,1.885,40.5733534,-122.3783,8848120474,node
UNNAMED_249,,,near,,pge,Benton,1.953,40.5741164,-122.3781068,8848120513,node
UNNAMED_250,,,near,,pge,Benton,1.387,40.573082,-122.3868417,8848138918,node
UNNAMED_269,,,near,,pge,Benton,1.982,40.5790785,-122.3870008,10297384376,node
UNNAMED_270,,,near,,pge,Benton,2.474,40.569925,-122.367787,10300042735,node
UNNAMED_73,,,near,,pge,Benton,1.883,40.5777829,-122.3859909,6700528717,node
UNNAMED_77,,,near,,pge,Benton,2.662,40.5684237,-122.364852,6848968689,node
Waldon Street Substation,Waldon Street Substation,,near,,pge,Benton,1.452,40.5746895,-122.3894801,622694658,way
UNNAMED_3037,,,near,,pge,Big Creek,1.279,40.6373652,-123.4892978,1485094862,way
UNNAMED_3185,,,near,,pge,Blackwell,1.022,35.6231059,-119.8580631,1485095040,way
UNNAMED_396,,,near,,pge,Blaine Street,2.441,37.0028181,-122.018662,42107955,way
UNNAMED_631,,,near,,pge,Blaine Street,1.523,36.9878567,-122.0402702,139320389,way
UNNAMED_2364,,Western Area Power Administration,near,,pge,Brentwood,4.419,37.9178374,-121.6264122,1271013994,way
East City Substation,East City Substation,Sacramento Municipal Utility District,near,,pge,Brighton,2.089,38.5538028,-121.4306469,148273199,way
Hurley Substation,Hurley Substation,Sacramento Municipal Utility District,near,,pge,Brighton,4.442,38.587283,-121.4179873,28566617,way
Procter Substation,Procter Substation,Sacramento Municipal Utility District,near,,pge,Brighton,1.949,38.5316862,-121.4000291,148269720,way
UNNAMED_1252,,,near,,pge,Brighton,1.611,38.5358859,-121.3978681,549030029,way
UNNAMED_1328,,,near,,pge,Brighton,3.658,38.5664397,-121.3727867,600286117,way
UNNAMED_1715,,Sacramento Municipal Utility District,near,,pge,Brighton,4.039,38.5194197,-121.3793111,889524231,way
UNNAMED_2415,,Sacramento Municipal Utility District,near,,pge,Brighton,4.197,38.5846073,-121.4201883,1280599853,way
UNNAMED_2419,,Sacramento Municipal Utility District,near,,pge,Brighton,1.552,38.5542054,-121.423817,1280926618,way
UNNAMED_2420,,Sacramento Municipal Utility District,near,,pge,Brighton,1.538,38.5540846,-121.4237108,1280926619,way
UNNAMED_2421,,Sacramento Municipal Utility District,near,,pge,Brighton,2.666,38.572108,-121.4084993,1280928954,way
UNNAMED_2463,,Sacramento Municipal Utility District,near,,pge,Brighton,4.371,38.508862,-121.4097335,1283026831,way
UNNAMED_2478,,Sacramento Municipal Utility District,near,,pge,Brighton,3.707,38.5811962,-121.4022257,1283695289,way
UNNAMED_2532,,Sacramento Municipal Utility District,near,,pge,Brighton,2.317,38.5468049,-121.3811517,1285764093,way
UNNAMED_2533,,Sacramento Municipal Utility District,near,,pge,Brighton,3.026,38.5543593,-121.3738628,1285764768,way
UNNAMED_2534,,Sacramento Municipal Utility District,near,,pge,Brighton,1.242,38.5370978,-121.4098899,1285767987,way
UNNAMED_2542,,Sacramento Municipal Utility District,near,,pge,Brighton,4.973,38.5244215,-121.4562101,1286358749,way
UNNAMED_2543,,Sacramento Municipal Utility District,near,,pge,Brighton,3.099,38.5255782,-121.4286513,1286368671,way
UNNAMED_2544,,Sacramento Municipal Utility District,near,,pge,Brighton,2.163,38.5299926,-121.3987923,1287444892,way
UNNAMED_2551,,Sacramento Municipal Utility District,near,,pge,Brighton,5.000,38.5774428,-121.3641238,1289170351,way
UNNAMED_2628,,Sacramento Municipal Utility District,near,,pge,Brighton,1.581,38.5539079,-121.391126,1295826213,way
UNNAMED_3340,,,near,,pge,Brighton,1.880,38.5564347,-121.4265874,1485095240,way
UNNAMED_3341,,,near,,pge,Brighton,1.922,38.5328258,-121.3974922,1485095244,way
UNNAMED_386,,Sacramento Municipal Utility District,near,,pge,Brighton,3.404,38.5389856,-121.4450935,37571296,way
UNNAMED_1010,,,near,,pge,Britton,3.564,37.370953,-121.9762962,359267178,way
Burney Forest Products,Burney Forest Products,Pacific Gas and Electric Company,near,,pge,Burney,2.772,40.8829514,-121.7034941,1275427493,way
UNNAMED_1681,,,near,,pge,CAL WATER,2.413,35.4188956,-118.9269118,878754672,way
UNNAMED_1538,,,near,,pge,CAMP EVERS,2.136,37.0443805,-122.0493361,749958007,way
A912,A912,,near,,pge,CARQUINEZ,1.054,38.0845559,-122.2578038,1189816829,way
UNNAMED_1094,,,near,,pge,CARRIZO PLAINS,1.858,35.3837446,-120.0603794,413445218,way
UNNAMED_1294,,,near,,pge,CASSERLY,3.658,36.9773518,-121.7269914,592205788,way
Portola Substation,Portola Substation,Pacific Gas and Electric Company,near,,pge,CASTRO,1.712,37.7451592,-122.4528854,1387033933,way
CPM Substation,CPM Substation,Pacific Gas and Electric Company,near,,pge,CLARKSVILLE,1.347,38.6467946,-121.0705723,180836063,way
UNNAMED_1118,,,near,,pge,CORDELIA,3.442,38.2279322,-122.0757062,436904724,way
UNNAMED_1918,,,near,,pge,CROWS LANDING,4.914,37.3697505,-121.1410217,1063713410,way
UNNAMED_2911,,,near,,pge,CROWS LANDING,4.423,37.3739994,-121.1361538,1454142741,way
UNNAMED_2666,,,near,,pge,CURTIS,1.217,37.9641312,-120.3146966,1297152441,way
UNNAMED_2667,,,near,,pge,CURTIS,1.259,37.9637723,-120.31452,1297152442,way
UNNAMED_2353,,,near,,pge,CUYAMA,3.354,34.9049263,-119.5960522,1266670675,way
UNNAMED_3204,,,near,,pge,Cadet,1.804,35.0908187,-119.4070912,1485095059,way
UNNAMED_1524,,,near,,pge,Capco,2.442,37.0932078,-120.2286693,736983163,way
Burney Forest Products,Burney Forest Products,Pacific Gas and Electric Company,near,,pge,Carberry,3.622,40.879925,-121.7196168,896565296,way
UNNAMED_540,,,near,,pge,Carberry,3.798,40.8779668,-121.7150839,93828921,way
UNNAMED_1093,,,near,,pge,Carrizo Plains,1.844,35.3821701,-120.0604472,413445217,way
UNNAMED_1127,,,near,,pge,Cascade,2.192,40.6556781,-122.3597822,442001683,way
UNNAMED_174,,,near,,pge,Cascade,2.518,40.6567326,-122.363444,8307673544,node
UNNAMED_216,,,near,,pge,Cascade,2.647,40.6560421,-122.365166,8811022606,node
UNNAMED_217,,,near,,pge,Cascade,2.734,40.6557627,-122.366264,8811022607,node
UNNAMED_25,,,near,,pge,Cascade,2.307,40.6554243,-122.3612144,6401838688,node
UNNAMED_26,,,near,,pge,Cascade,2.186,40.6556003,-122.3597235,6401838704,node
UNNAMED_27,,,near,,pge,Cascade,2.401,40.6554845,-122.362328,6401838706,node
UNNAMED_28,,,near,,pge,Cascade,2.499,40.6558105,-122.363438,6401838708,node
UNNAMED_29,,,near,,pge,Cascade,2.625,40.655318,-122.36504,6401838717,node
UNNAMED_30,,,near,,pge,Cascade,2.626,40.6568052,-122.364732,6401882568,node
UNNAMED_55,,,near,,pge,Cascade,2.823,40.6551692,-122.36743,6594065589,node
Collins Pine Company Substation,Collins Pine Company Substation,,near,,pge,Chester,1.546,40.2996733,-121.2448879,1421948086,way
UNNAMED_2853,,,near,,pge,Clear Lake,3.787,38.991742,-122.9326732,1450793098,way
UNNAMED_3238,,,near,,pge,Coalinga 2,4.746,36.2378985,-120.3676272,1485095098,way
UNNAMED_3239,,,near,,pge,Coalinga 2,2.400,36.2264187,-120.3379016,1485095099,way
UNNAMED_2723,,,near,,pge,Coalinga Cogen,3.082,36.1907799,-120.3558239,1352359621,way
UNNAMED_1746,,,near,,pge,Coleman Hatchery,1.694,40.4049663,-122.121762,901076504,way
Palo Alto Switching Station,Palo Alto Switching Station,,near,,pge,Cooley Landing,3.933,37.4397244,-122.1151239,112297069,way
UNNAMED_436,,,near,,pge,Cooley Landing,3.427,37.4443112,-122.1401257,74951883,way
UNNAMED_597,,,near,,pge,Cooley Landing,4.028,37.439013,-122.1143688,112297084,way
UNNAMED_3205,,,near,,pge,Copus,1.999,35.0831917,-119.2970294,1485095060,way
Hale Substation,Hale Substation,Pacific Gas and Electric Company,near,,pge,Cordelia,2.644,38.2363184,-122.0968041,33068597,way
UNNAMED_1943,,,near,,pge,Cotati,1.626,38.301426,-122.7471408,1073230934,way
UNNAMED_1717,,Pacific Gas and Electric Company,near,,pge,Crockett,1.126,38.0569138,-122.2143832,890859131,way
UNNAMED_2410,,Pacific Gas and Electric Company,near,,pge,DAVIS,4.009,38.5813633,-121.7309525,1280381470,way
UNNAMED_571,,,near,,pge,DIXON,4.294,38.4769165,-121.7976713,99817563,way
UNNAMED_339,,,near,,pge,DOLAN ROAD,3.109,36.7979548,-121.7341614,24396883,way
UNNAMED_702,,,near,,pge,Dai/Oildale Cogen,2.655,35.4170468,-119.0073079,168937765,way
UNNAMED_3250,,,near,,pge,De Francesco,2.709,36.8480141,-120.6468257,1485095111,way
Post Substation,Post Substation,Pacific Gas and Electric Company,near,,pge,Deepwater,1.933,38.5675117,-121.5688827,1247827172,way
UNNAMED_2265,,,near,,pge,Dome Project,1.720,35.2286572,-119.5779782,1251831000,way
UNNAMED_2709,,,near,,pge,EAST QUINCY,2.251,39.9347851,-120.8845666,1337767715,way
UNNAMED_2715,,,near,,pge,EAST QUINCY,1.944,39.9343607,-120.888351,1340644692,way
UNNAMED_1455,,,near,,pge,Eastshore,1.912,37.6355708,-122.1338061,697411777,way
Lodi Energy Center,Lodi Energy Center,Northern California Power Agency,near,,pge,Eight Mile,3.372,38.0878168,-121.3883545,36285890,way
UNNAMED_753,,,near,,pge,El Capitan,1.950,37.3190924,-120.5119552,170557993,way
Station J,Station J,Pacific Gas and Electric Company,near,,pge,Embarcadero,1.054,37.7941304,-122.4020636,165480949,way
UNNAMED_278,,,near,,pge,Embarcadero,3.452,37.8111878,-122.3679989,11545612407,node
UNNAMED_279,,,near,,pge,Embarcadero,3.415,37.8117849,-122.3695972,11545612408,node
UNNAMED_288,,,near,,pge,Embarcadero,3.362,37.8099251,-122.3677277,11545903478,node
UNNAMED_616,,,near,,pge,Erta,3.108,36.914831,-121.7932936,127122193,way
UNNAMED_2390,,,near,,pge,FIGARDEN,1.326,36.8119717,-119.8681905,1275887163,way
UNNAMED_419,,,near,,pge,FIGARDEN,1.322,36.8120489,-119.8682391,61342716,way
Brokaw Substation,Brokaw Substation,Silicon Valley Power,near,,pge,FMC,1.846,37.3562294,-121.9398956,349473821,way
UNNAMED_2948,,,near,,pge,FMC,2.974,37.3605346,-121.9515302,1460855149,way
UNNAMED_972,,,near,,pge,FREMONT,1.996,37.5563374,-121.9752668,324097501,way
Carr Substation,Carr Substation,Western Area Power Administration,near,,pge,FRENCH GULCH,4.724,40.6459538,-122.6253737,186041109,way
UNNAMED_598,,,near,,pge,Fayette,2.759,37.6985768,-121.6106836,112452156,way
UNNAMED_3402,,,near,,pge,Fellows,1.276,35.1943622,-119.5712904,1492294241,way
UNNAMED_1072,,,near,,pge,Fibreboard,1.494,38.0144586,-121.7908645,396992712,way
UNNAMED_2380,,,near,,pge,Fibreboard,1.142,38.0128481,-121.7863315,1274779114,way
UNNAMED_1657,,,near,,pge,Franklin,2.647,38.0189947,-122.2354126,851301445,way
UNNAMED_2857,,,near,,pge,GANSO,3.984,35.5013183,-119.4931366,1450874722,way
Moore Road Substation,Moore Road Substation,,near,,pge,GIRVAN,2.401,40.5350285,-122.3776793,616051165,way
Texas Springs Substation,Texas Springs Substation,,near,,pge,GIRVAN,4.379,40.5257728,-122.4281415,605835953,way
UNNAMED_3440,,,near,,pge,GIRVAN,3.911,40.5100062,-122.4249646,1492309919,way
Mustang Substation (75),Mustang Substation (75),Cal Poly SLO,near,,pge,GOLDTREE,3.652,35.3040221,-120.6580681,159761230,way
UNNAMED_1552,,,near,,pge,GOOSE LAKE,2.199,35.6160464,-119.563069,761043889,way
UNNAMED_1558,,,near,,pge,GOOSE LAKE,2.509,35.6233338,-119.5717858,761054061,way
UNNAMED_1087,,,near,,pge,GWF 4,3.906,37.9833709,-121.7279466,405714077,way
UNNAMED_1088,,,near,,pge,GWF 4,3.165,37.9825522,-121.7494079,405714083,way
UNNAMED_2855,,,near,,pge,Gallo,4.687,37.41792,-120.831092,1450794199,way
UNNAMED_1533,,,near,,pge,Gates,1.014,36.1372012,-120.1361077,747450609,way
UNNAMED_3235,,,near,,pge,Gates,1.591,36.1301894,-120.1380616,1485095095,way
UNNAMED_266,,,near,,pge,Girvan,4.554,40.5366735,-122.334509,10005478561,node
UNNAMED_267,,,near,,pge,Girvan,4.601,40.5374211,-122.334514,10005478564,node
UNNAMED_268,,,near,,pge,Girvan,4.581,40.5380769,-122.335442,10005478568,node
UNNAMED_1628,,Sacramento Municipal Utility District,near,,pge,Gold Hill,1.667,38.6448381,-121.147069,838135106,way
UNNAMED_2517,,Sacramento Municipal Utility District,near,,pge,Gold Hill,3.546,38.6871444,-121.151782,1285264024,way
UNNAMED_2518,,Sacramento Municipal Utility District,near,,pge,Gold Hill,4.714,38.6960316,-121.1593556,1285265682,way
UNNAMED_2519,,Sacramento Municipal Utility District,near,,pge,Gold Hill,1.011,38.6658254,-121.1321248,1285278067,way
UNNAMED_2520,,Sacramento Municipal Utility District,near,,pge,Gold Hill,2.022,38.6723677,-121.1501477,1285291156,way
UNNAMED_2521,,Sacramento Municipal Utility District,near,,pge,Gold Hill,2.635,38.643034,-121.160808,1285297335,way
UNNAMED_2522,,Sacramento Municipal Utility District,near,,pge,Gold Hill,2.574,38.6593045,-121.1072037,1285332859,way
UNNAMED_2523,,Sacramento Municipal Utility District,near,,pge,Gold Hill,4.036,38.6344998,-121.1007927,1285354426,way
UNNAMED_2527,,Sacramento Municipal Utility District,near,,pge,Gold Hill,3.720,38.6898276,-121.1257705,1285367945,way
UNNAMED_2747,,Sacramento Municipal Utility District,near,,pge,Gold Hill,4.162,38.6801626,-121.1749032,1388418540,way
UNNAMED_3309,,,near,,pge,Gold Hill,3.487,38.630078,-121.1562576,1485095195,way
UNNAMED_394,,Sacramento Municipal Utility District,near,,pge,Gold Hill,4.085,38.6823624,-121.1713778,40118731,way
UNNAMED_495,,Sacramento Municipal Utility District,near,,pge,Gold Hill,3.848,38.6531341,-121.1807214,85633575,way
UNNAMED_600,,Sacramento Municipal Utility District,near,,pge,Gold Hill,1.713,38.6522217,-121.1182195,114734031,way
UNNAMED_606,,,near,,pge,Gold Hill,1.608,38.6447091,-121.145433,118722571,way
UNNAMED_645,,Sacramento Municipal Utility District,near,,pge,Gold Hill,2.745,38.6555352,-121.1682694,160401010,way
UNNAMED_799,,Western Area Power Administration,near,,pge,Gold Hill,4.609,38.6563154,-121.1898196,180842528,way
UNNAMED_2905,,,near,,pge,Greenbrae,2.184,37.9216338,-122.5281985,1453509976,way
Rock Creek Switchyard,Rock Creek Switchyard,,near,,pge,Grizzly,1.657,39.9053718,-121.3455863,490201999,way
UNNAMED_2925,,,near,,pge,HALF MOON BAY,4.277,37.5028381,-122.4063011,1456204837,way
UNNAMED_1554,,,near,,pge,HENRIETTA,1.424,36.2335254,-119.9168983,761054052,way
UNNAMED_2681,,,near,,pge,HERDLYN,1.199,37.8080892,-121.5948744,1305576678,way
Pacific Gas & Electric,Pacific Gas & Electric,Pacific Gas and Electric Company,near,,pge,HIGHLANDS,3.684,38.9625137,-122.6362147,459028307,way
Folsom Substation,Folsom Substation,Western Area Power Administration,near,,pge,HORSESHOE,4.092,38.7074224,-121.1610611,28517608,way
UNNAMED_3253,,,near,,pge,Hammonds,3.709,36.7356481,-120.6402227,1485095114,way
Oakdale Substation,Oakdale Substation,Turlock Irrigation District,near,,pge,Hershey,1.779,37.7349425,-120.8448982,153623686,way
Warnerville Substation,Warnerville Substation,San Francisco Public Utilities Commission,near,,pge,Hershey,3.912,37.7417051,-120.8023645,79248632,way
UNNAMED_406,,,near,,pge,Howland Road,2.696,37.8308119,-121.2637444,53828091,way
UNNAMED_3289,,,near,,pge,Imhoff,1.118,38.0042805,-122.0549492,1485095166,way
UNNAMED_3019,,,near,,pge,International Turbine Research,2.127,37.0623091,-121.1801715,1484070085,way
UNNAMED_413,,,near,,pge,JAMESON,1.031,38.1980625,-122.155128,59447679,way
Essex Substation,Essex Substation,PG&E,near,,pge,JANES CREEK,3.174,40.9057399,-124.0344206,1188009744,way
UNNAMED_3233,,,near,,pge,Jacobs Corner,4.798,36.2256792,-119.8332446,1485095093,way
UNNAMED_3502,,,near,,pge,Jacobs Corner,2.496,36.2291185,-119.8064668,15521438,relation
UNNAMED_2735,,,near,,pge,KING CITY,1.001,36.2259773,-121.1283026,1370432143,way
UNNAMED_2736,,,near,,pge,KING CITY,1.282,36.2283357,-121.1297556,1370432145,way
UNNAMED_1553,,,near,,pge,Kent,1.662,36.2322862,-119.9191856,761054051,way
UNNAMED_1947,,,near,,pge,Kent,1.212,36.2269537,-119.8940791,1073230968,way
UNNAMED_1948,,,near,,pge,Kent,1.110,36.2249988,-119.8942615,1073230969,way
UNNAMED_698,,,near,,pge,Kernwater,2.676,35.4156685,-119.0119355,168937752,way
Keswick Substation,Keswick Substation,Western Area Power Administration,near,,pge,Keswick,2.165,40.6098526,-122.4441817,150420531,way
UNNAMED_224,,,near,,pge,Keswick,4.714,40.626268,-122.4062271,8811132666,node
UNNAMED_3191,,,near,,pge,King Ellis,1.949,35.4865774,-119.7434157,1485095046,way
UNNAMED_1970,,,near,,pge,LAMONT,4.702,35.3263872,-118.8243344,1088863765,way
UNNAMED_527,,,near,,pge,LINCOLN,1.345,38.9033163,-121.3093576,91322084,way
Merced Irrigation District Substation,Merced Irrigation District Substation,,near,,pge,LIVINGSTON,4.796,37.3974594,-120.7270145,311711379,way
UNNAMED_1811,,,near,,pge,LLAGAS,2.057,36.9985814,-121.5364962,965549921,way
UNNAMED_3258,,,near,,pge,LLAGAS,1.829,36.9983333,-121.5396352,1485095119,way
UNNAMED_1154,,,near,,pge,LODI,3.414,38.1462445,-121.299499,459890899,way
UNNAMED_1930,,,near,,pge,LODI,3.486,38.1465056,-121.3002561,1071143517,way
UNNAMED_1514,,,near,,pge,LOS ALTOS,3.353,37.4094918,-122.1473355,733504430,way
UNNAMED_1293,,,near,,pge,Lagunitas,3.560,36.7802581,-121.5988343,592205749,way
UNNAMED_826,,,near,,pge,Lake View,1.638,38.8349884,-122.7688845,183206633,way
UNNAMED_2731,,,near,,pge,Lakeview,1.916,35.1100051,-119.0928867,1365590499,way
Del Paso Substation,Del Paso Substation,,near,,pge,Lambie Energy,2.322,38.2019842,-121.8765218,460689984,way
Station G,Station G,Pacific Gas and Electric Company,near,,pge,Larkin,2.088,37.7815865,-122.4406198,274459406,way
Station G,Station G,Pacific Gas and Electric Company,near,,pge,Larkin,2.077,37.7818256,-122.4405347,274459420,way
UNNAMED_3231,,,near,,pge,Lemoore,1.602,36.3003786,-119.8122999,1485095091,way
UNNAMED_2114,,,near,,pge,Llagas,4.559,37.0414413,-121.585606,1192230944,way
Lompoc Substation,Lompoc Substation,,near,,pge,Lompoc - Control Building,1.534,34.6564195,-120.45237,1450291623,way
Manville Substation,Manville Substation,Pacific Gas and Electric Company,near,,pge,Lompoc - Control Building,4.363,34.6035761,-120.4569457,1450406546,way
Paralleling Station 5,Paralleling Station 5,Caltrain,near,,pge,Los Altos,4.211,37.4267967,-122.1382112,1028561169,way
UNNAMED_1513,,,near,,pge,Los Altos,3.781,37.4240681,-122.1343304,733504426,way
UNNAMED_1785,,,near,,pge,Los Altos,3.536,37.4177438,-122.1411348,935821342,way
UNNAMED_2378,,,near,,pge,Los Altos,2.057,37.4104772,-122.124929,1274695690,way
UNNAMED_898,,,near,,pge,Los Altos,3.293,37.4234564,-122.1145152,231507000,way
UNNAMED_2394,,,near,,pge,MADERA,4.318,36.9279958,-120.1032898,1275887234,way
UNNAMED_337,,,near,,pge,MCKITTRICK,2.519,35.3148304,-119.6094732,24333027,way
UNNAMED_1945,,,near,,pge,MENDOTA,4.870,36.7132917,-120.404737,1073230957,way
UNNAMED_2397,,,near,,pge,MENDOTA,3.267,36.721055,-120.422037,1275887285,way
UNNAMED_2398,,,near,,pge,MENDOTA,3.287,36.7192747,-120.4218195,1275887287,way
UNNAMED_3246,,,near,,pge,MENDOTA,2.545,36.7202591,-120.4301233,1485095107,way
UNNAMED_1718,,,near,,pge,MENLO,1.546,37.4281383,-122.1858722,891687196,way
UNNAMED_3405,,,near,,pge,MERCED FALLS,1.779,37.5219729,-120.3101224,1492294244,way
UNNAMED_1429,,,near,,pge,MIDWAY,3.649,35.3929617,-119.4097767,687350509,way
UNNAMED_3395,,,near,,pge,MIRABEL,1.303,38.5012723,-122.8958141,1492053946,way
UNNAMED_1292,,,near,,pge,Manzanita,1.060,36.6133053,-121.8217733,591295575,way
UC/Meder Substation,UC/Meder Substation,,near,,pge,Meder,1.262,36.9836818,-122.0483563,39923534,way
UNNAMED_762,,,near,,pge,Meder,3.377,36.9626937,-122.0919043,170984296,way
UNNAMED_9,,,near,,pge,Meder,2.604,36.9980188,-122.055005,2079483484,node
S. L. A. C. Substation,S. L. A. C. Substation,,near,,pge,Menlo,1.914,37.4157602,-122.205755,166728685,way
Dos Amigos Substation,Dos Amigos Substation,,near,,pge,Mercy Springs,1.582,36.9252276,-120.8298244,93238392,way
UNNAMED_1610,,,near,,pge,Mercy Springs,1.396,36.9242795,-120.8186393,824227963,way
UNNAMED_1611,,,near,,pge,Mercy Springs,1.283,36.9252816,-120.8190909,824227964,way
UNNAMED_535,,,near,,pge,Metcalf Energy Center,2.477,37.1992288,-121.7490959,93544130,way
Ralph Substation,Ralph Substation,Pacific Gas and Electric Company,near,,pge,Midway Green Ridge Services,2.514,37.7473765,-121.5983262,24049372,way
UNNAMED_303,,,near,,pge,Mission,1.294,37.7672564,-122.4064984,11556204946,node
UNNAMED_325,,,near,,pge,Mission,1.221,37.7671058,-122.4088173,11709407137,node
UNNAMED_326,,,near,,pge,Mission,1.223,37.7671094,-122.408754,11709407138,node
UNNAMED_331,,,near,,pge,Mission,1.059,37.7689133,-122.408243,12648957404,node
UNNAMED_3335,,,near,,pge,Monarch,1.038,37.9785141,-121.2778207,1485095230,way
Geocache in Electrical Box,Geocache in Electrical Box,,near,,pge,Morgan Hill,3.694,37.1391711,-121.6202781,4675367242,node
UNNAMED_1579,,,near,,pge,Morgan Hill,3.970,37.1581094,-121.6376023,776656791,way
UNNAMED_1333,,San Francisco Bay Area Rapid Transit District,near,,pge,Mt. Eden,3.894,37.6353725,-122.0578297,608820923,way
UNNAMED_1077,,Pacific Gas and Electric Company,near,,pge,NEWARK 21KV,3.448,37.51244,-121.944436,400340186,way
UNNAMED_1078,,Pacific Gas and Electric Company,near,,pge,NEWARK 21KV,3.860,37.4936806,-121.9394459,400341157,way
UNNAMED_1664,,,near,,pge,NEWARK 21KV,3.940,37.4985813,-121.9372984,861173735,way
UNNAMED_1221,,,near,,pge,Newby Island I,3.588,37.4857953,-121.9466562,525643961,way
UNNAMED_1222,,,near,,pge,Newby Island I,3.429,37.4843827,-121.946354,525643963,way
UNNAMED_1223,,,near,,pge,Newby Island I,3.441,37.4845928,-121.9459176,525643965,way
UNNAMED_2401,,,near,,pge,Newhall,3.501,36.8362283,-120.3195256,1275887313,way
UNNAMED_2402,,,near,,pge,Newhall,1.172,36.8608064,-120.33873,1275887322,way
UNNAMED_2675,,,near,,pge,Newhall,3.507,36.8361641,-120.3195478,1302591169,way
Northern Receiving Station,Northern Receiving Station,Silicon Valley Power,near,,pge,Nortech,2.150,37.4020399,-121.9662358,52612640,way
UNNAMED_1002,,,near,,pge,Nortech,2.917,37.3945337,-121.9575617,356886950,way
UNNAMED_1399,,,near,,pge,Nortech,3.334,37.3913679,-121.9676676,677526238,way
UNNAMED_1525,,,near,,pge,Nortech,1.276,37.4300375,-121.9514652,737024086,way
UNNAMED_1938,,,near,,pge,Nortech,2.289,37.4013928,-121.9688374,1073230921,way
UNNAMED_2944,,,near,,pge,Nortech,3.349,37.3910457,-121.9665032,1460846254,way
UNNAMED_1424,,,near,,pge,North Midway,2.265,35.296053,-119.5925213,686463956,way
UNNAMED_2672,,,near,,pge,OAKLAND J,1.737,37.7545244,-122.1978498,1301184665,way
UNNAMED_3284,,,near,,pge,OAKLAND J,1.236,37.7706686,-122.2247169,1485095153,way
UNNAMED_300,,,near,,pge,OAKLAND L,2.597,37.820402,-122.2982761,11549403701,node
Station L,Station L,Pacific Gas and Electric Company,near,,pge,OCEAN,1.623,37.7304133,-122.4710037,424466579,way
UNNAMED_3404,,,near,,pge,OILFIELDS,2.490,35.9354678,-120.8407035,1492294243,way
Cartwright Substation,Cartwright Substation,Alameda Municipal Power,near,,pge,Oakland C,2.266,37.779333,-122.2927222,488956745,way
UNNAMED_1939,,,near,,pge,Oakland C,1.233,37.7886831,-122.2898692,1073230922,way
UNNAMED_2154,,,near,,pge,Oakland C,1.822,37.7876054,-122.2981693,1222224752,way
Jenney Substation,Jenney Substation,Alameda Municipal Power,near,,pge,Oakland J,2.711,37.7724034,-122.2429471,415137339,way
Treasure Island Switchyard,Treasure Island Switchyard,San Francisco Public Utilities Commission,near,,pge,Oakland P,3.517,37.8275395,-122.3679053,1242725090,way
UNNAMED_2203,,,near,,pge,Oakland P,3.116,37.8137501,-122.3629841,1242484837,way
UNNAMED_2204,,,near,,pge,Oakland P,2.329,37.8207014,-122.3022177,1242780524,way
UNNAMED_277,,,near,,pge,Oakland P,3.438,37.8114674,-122.3659484,11545612406,node
UNNAMED_280,,,near,,pge,Oakland P,3.055,37.8136793,-122.3622382,11545612409,node
UNNAMED_281,,,near,,pge,Oakland P,3.620,37.8167884,-122.3695948,11545612410,node
UNNAMED_282,,,near,,pge,Oakland P,3.779,37.8288328,-122.3706011,11545780147,node
UNNAMED_283,,,near,,pge,Oakland P,3.050,37.8231528,-122.3633452,11545794505,node
UNNAMED_284,,,near,,pge,Oakland P,3.042,37.823034,-122.3632636,11545794506,node
UNNAMED_289,,,near,,pge,Oakland P,4.239,37.8311948,-122.3752457,11548859860,node
UNNAMED_291,,,near,,pge,Oakland P,3.749,37.8197592,-122.3713743,11548963469,node
UNNAMED_292,,,near,,pge,Oakland P,3.746,37.819708,-122.3713398,11548963470,node
UNNAMED_293,,,near,,pge,Oakland P,3.743,37.8196579,-122.3713074,11548963471,node
UNNAMED_294,,,near,,pge,Oakland P,3.548,37.8271529,-122.3683713,11548963521,node
UNNAMED_296,,,near,,pge,Oakland P,1.687,37.8239767,-122.3098912,11549305100,node
UNNAMED_297,,,near,,pge,Oakland P,1.994,37.8237187,-122.3062818,11549403677,node
UNNAMED_298,,,near,,pge,Oakland P,2.048,37.8239488,-122.3057075,11549403678,node
UNNAMED_299,,,near,,pge,Oakland P,1.756,37.8232784,-122.3089378,11549403679,node
UNNAMED_314,,,near,,pge,Oakland P,3.928,37.824615,-122.3732163,11629097450,node
UNNAMED_957,,,near,,pge,Oakland P,3.297,37.8115635,-122.3642985,291189050,way
UNNAMED_2083,,,near,,pge,Old River,1.865,35.2213482,-119.087598,1176088932,way
UNNAMED_3016,,,near,,pge,Orchard Street,2.019,39.1589542,-123.2117651,1480363115,way
Las Aromas Substation,Las Aromas Substation,Pacific Gas and Electric Company,near,,pge,Orinda,1.738,37.8940427,-122.1787224,973124783,way
UNNAMED_2151,,,near,,pge,Orosi,3.045,36.5443966,-119.2854954,1220145086,way
UNNAMED_1243,,,near,,pge,PEABODY,3.936,38.3209708,-121.9715667,533930034,way
UNNAMED_2407,,,near,,pge,PINEDALE,3.784,36.8795649,-119.8246807,1275887399,way
UNNAMED_3425,,,near,,pge,PLACERVILLE,3.806,38.7651025,-120.7869141,1492309522,way
Lone Star Substation,Lone Star Substation,,near,,pge,POINT MORETTI,1.830,37.0172602,-122.1997399,287802957,way
UNNAMED_3365,,,near,,pge,Panorama,1.101,40.4287329,-122.2786238,1485095279,way
Baseline Substation,Baseline Substation,Roseville Electric,near,,pge,Park,4.080,38.7521015,-121.3140503,76147358,way
Foothills Substation,Foothills Substation,Roseville Electric,near,,pge,Park,3.202,38.7813457,-121.3196083,76146600,way
Industrial Substation,Industrial Substation,Roseville Electric,near,,pge,Park,2.181,38.7815856,-121.3077577,37208979,way
UNNAMED_385,,,near,,pge,Park,2.279,38.7789156,-121.3090173,37208918,way
UNNAMED_490,,,near,,pge,Park,2.252,38.775749,-121.3082733,82370906,way
UNNAMED_874,,,near,,pge,Park,2.283,38.7757736,-121.3086423,202056823,way
UNNAMED_2052,,,near,,pge,Parks,3.113,37.6994038,-121.9256782,1151895185,way
UNNAMED_431,,,near,,pge,Parks,1.037,37.7040912,-121.900758,66413929,way
UNNAMED_1344,,Pacific Gas and Electric Company,near,,pge,Peabody,3.607,38.2714956,-121.933408,616418442,way
UNNAMED_1345,,,near,,pge,Peabody,2.072,38.2741131,-121.9518862,616836631,way
UNNAMED_2748,,Pacific Gas and Electric Company,near,,pge,Peabody,2.705,38.2649372,-121.9540724,1388829922,way
UNNAMED_3355,,,near,,pge,Peachton,1.510,39.3646669,-121.6857236,1485095267,way
Dave Bakkie Substation,Dave Bakkie Substation,Roseville Electric,near,,pge,Pleasant Grove,2.993,38.8013986,-121.3286366,76146823,way
UNNAMED_3344,,,near,,pge,Pleasant Grove,2.007,38.8102759,-121.3240499,1485095247,way
UNNAMED_3408,,,near,,pge,Plumas,3.653,39.0590698,-121.5449445,1492294247,way
UNNAMED_2993,,,near,,pge,Poso Mt.,3.722,35.5926886,-118.9590181,1469474883,way
UNNAMED_3229,,,near,,pge,RESERVE OIL,2.354,36.2551637,-119.6490419,1485095089,way
Standard Oil 5 Substation,Standard Oil 5 Substation,,near,,pge,RICHMOND R,2.361,37.9454586,-122.3811407,35407649,way
UNNAMED_376,,,near,,pge,RICHMOND R,3.494,37.9503958,-122.3951565,35408335,way
UNNAMED_377,,,near,,pge,RICHMOND R,2.277,37.9432805,-122.3840883,35451639,way
Grizzly Substation,Grizzly Substation,,near,,pge,RIDGE,1.259,37.876107,-122.2457737,731998899,way
UNNAMED_1506,,,near,,pge,RIDGE,1.302,37.8758634,-122.2453923,731998900,way
UNNAMED_1621,,,near,,pge,RIDGE,1.300,37.8761153,-122.2450557,834050575,way
UNNAMED_3032,,,near,,pge,RIO DELL,1.653,40.4809083,-124.104006,1485094855,way
UNNAMED_548,,,near,,pge,ROCKLIN,1.520,38.7801456,-121.2461902,96648942,way
UNNAMED_3075,,,near,,pge,Rainbow,3.180,36.6844818,-119.5536471,1485094912,way
UNNAMED_410,,,near,,pge,Ralph,1.920,37.8011232,-121.64164,56128283,way
Switching Station 1,Switching Station 1,Caltrain,near,,pge,Redwood City,1.419,37.4787801,-122.2195323,13764643,relation
UNNAMED_1530,,,near,,pge,Rincon,2.758,38.4965491,-122.6966647,740853148,way
Robles Substation,Robles Substation,Pacific Gas and Electric Company,near,,pge,Rossmoor,3.091,37.8712199,-122.0461114,1150854111,way
UNNAMED_2349,,Pacific Gas and Electric Company,near,,pge,S.J. Power,3.195,37.7793901,-121.302909,1266584371,way
UNNAMED_2350,,,near,,pge,S.J. Power,3.234,37.7862164,-121.3172695,1266586949,way
UNNAMED_1730,,,near,,pge,SALT SPRINGS,2.022,38.516898,-120.2200648,896316078,way
UNNAMED_1965,,,near,,pge,SAN JOAQUIN #3,4.284,37.2915379,-119.5296802,1084463728,way
Humminbird Substation,Humminbird Substation,,near,,pge,SANTA TERESA,1.001,37.2393777,-121.7792913,1474290842,way
UNNAMED_999,,,near,,pge,SANTA TERESA,2.880,37.215089,-121.8044559,354003894,way
UNNAMED_1937,,,near,,pge,SCHINDLER,2.692,36.3777271,-120.1384062,1073230920,way
UNNAMED_2720,,,near,,pge,SCHINDLER,2.765,36.37708,-120.1375296,1352358840,way
UNNAMED_2721,,,near,,pge,SCHINDLER,1.843,36.3853613,-120.1383841,1352358843,way
Paralleling Station 1,Paralleling Station 1,Caltrain,near,,pge,SF A (POTRERO),1.132,37.7644433,-122.3934747,1028573893,way
UNNAMED_328,,,near,,pge,SF A (POTRERO),1.219,37.7669408,-122.3864761,12336533508,node
UNNAMED_301,,,near,,pge,SF E,1.248,37.7656363,-122.4080419,11556092716,node
UNNAMED_304,,,near,,pge,SF E,1.012,37.7629946,-122.4094448,11558070143,node
UNNAMED_327,,,near,,pge,SF E,1.152,37.7668029,-122.4104466,11810968817,node
UNNAMED_723,,,near,,pge,SPAULDING,1.294,39.3155909,-120.6509065,170053623,way
UNNAMED_800,,,near,,pge,STANISLAUS,1.137,38.1445493,-120.3814049,181457829,way
UNNAMED_1203,,,near,,pge,STILLWATER,4.192,40.6548401,-122.3894641,496419215,way
UNNAMED_14,,,near,,pge,STILLWATER,1.618,40.6644992,-122.3581774,5839180485,node
UNNAMED_15,,,near,,pge,STILLWATER,1.309,40.6806955,-122.3648136,5839390517,node
UNNAMED_16,,,near,,pge,STILLWATER,1.202,40.6803742,-122.363615,5840857659,node
UNNAMED_172,,,near,,pge,STILLWATER,2.776,40.6568142,-122.36806,8307509300,node
UNNAMED_173,,,near,,pge,STILLWATER,2.615,40.6576253,-122.366199,8307509305,node
UNNAMED_175,,,near,,pge,STILLWATER,2.414,40.6592338,-122.365085,8307673548,node
UNNAMED_176,,,near,,pge,STILLWATER,2.465,40.6576631,-122.362618,8307888222,node
UNNAMED_18,,,near,,pge,STILLWATER,1.810,40.6814882,-122.3706781,5980508109,node
UNNAMED_1889,,,near,,pge,STILLWATER,1.679,40.6732281,-122.3688918,1050667674,way
UNNAMED_218,,,near,,pge,STILLWATER,2.751,40.6564449,-122.366753,8811022610,node
UNNAMED_219,,,near,,pge,STILLWATER,2.670,40.657293,-122.366729,8811022611,node
UNNAMED_220,,,near,,pge,STILLWATER,2.423,40.6602779,-122.367269,8811022613,node
UNNAMED_221,,,near,,pge,STILLWATER,2.538,40.6585088,-122.366336,8811132632,node
UNNAMED_222,,,near,,pge,STILLWATER,1.641,40.6647522,-122.3593965,8811132634,node
UNNAMED_223,,,near,,pge,STILLWATER,1.781,40.6643365,-122.3616756,8811132649,node
UNNAMED_31,,,near,,pge,STILLWATER,2.551,40.657301,-122.363915,6401882573,node
UNNAMED_32,,,near,,pge,STILLWATER,2.454,40.6584042,-122.364198,6401882581,node
UNNAMED_33,,,near,,pge,STILLWATER,2.476,40.6607788,-122.369063,6401882664,node
UNNAMED_34,,,near,,pge,STILLWATER,2.516,40.6607367,-122.3697185,6401882671,node
UNNAMED_35,,,near,,pge,STILLWATER,2.580,40.6610664,-122.3712965,6401882696,node
UNNAMED_36,,,near,,pge,STILLWATER,2.476,40.6616477,-122.3703122,6401882713,node
UNNAMED_37,,,near,,pge,STILLWATER,2.627,40.6613336,-122.3724265,6401887764,node
UNNAMED_38,,,near,,pge,STILLWATER,2.624,40.6613633,-122.3724132,6401887766,node
UNNAMED_39,,,near,,pge,STILLWATER,2.761,40.6605504,-122.3736425,6401902916,node
UNNAMED_40,,,near,,pge,STILLWATER,2.825,40.6598765,-122.373839,6401929310,node
UNNAMED_41,,,near,,pge,STILLWATER,2.767,40.6597552,-122.3726945,6401929381,node
UNNAMED_42,,,near,,pge,STILLWATER,2.698,40.6593265,-122.3708763,6401930888,node
UNNAMED_43,,,near,,pge,STILLWATER,2.631,40.6594157,-122.369789,6401930890,node
UNNAMED_44,,,near,,pge,STILLWATER,2.522,40.6597686,-122.368314,6401930904,node
UNNAMED_45,,,near,,pge,STILLWATER,2.649,40.6584847,-122.368579,6401930917,node
UNNAMED_46,,,near,,pge,STILLWATER,2.685,40.6577649,-122.367991,6401946112,node
UNNAMED_48,,,near,,pge,STILLWATER,1.715,40.6645763,-122.3607341,6444430699,node
UNNAMED_49,,,near,,pge,STILLWATER,1.753,40.6641747,-122.3607319,6444430731,node
UNNAMED_50,,,near,,pge,STILLWATER,2.846,40.6570527,-122.3699569,6444462456,node
UNNAMED_51,,,near,,pge,STILLWATER,2.981,40.655703,-122.3702245,6456955561,node
UNNAMED_54,,,near,,pge,STILLWATER,2.879,40.6560619,-122.368787,6594065587,node
Paralleling Station 7,Paralleling Station 7,Caltrain,near,,pge,STONE,1.136,37.3076199,-121.8803304,1028521626,way
Valley Nitrogen,Valley Nitrogen,,near,,pge,STROUD,2.145,36.549599,-120.1113287,1492309742,way
UNNAMED_1117,,,near,,pge,SUISUN,3.371,38.2312984,-122.0762041,436903528,way
Calaveras Substation,Calaveras Substation,San Francisco Public Utilities Commission,near,,pge,SUNOL,1.394,37.5746906,-121.865999,888505628,way
Fink Switching Station,Fink Switching Station,Pacific Gas and Electric Company,near,,pge,Salado,2.556,37.4104545,-121.1725447,1465315898,way
Marshall Substation,Marshall Substation,Turlock Irrigation District,near,,pge,Salado,2.095,37.4363029,-121.1321119,1450794174,way
UNNAMED_2964,,,near,,pge,Salado,4.047,37.3859554,-121.1406517,1463840814,way
UNNAMED_2975,,,near,,pge,Salado,2.423,37.4099789,-121.1704089,1465315897,way
UNNAMED_913,,,near,,pge,Salmon Creek,1.481,38.3301525,-123.0457753,256221308,way
UNNAMED_2762,,,near,,pge,San Francisco Airport,1.021,37.6351072,-122.4065394,1411463988,way
UNNAMED_2387,,,near,,pge,San Joaquin 1A,1.222,37.1512879,-119.5045166,1275887102,way
UNNAMED_1542,,,near,,pge,Santa Rosa A,1.606,38.4237321,-122.705518,756283951,way
UNNAMED_3051,,,near,,pge,Santa Rosa A,3.592,38.4186705,-122.7475766,1485094882,way
UNNAMED_1011,,,near,,pge,Shiloh III,4.810,38.1278485,-121.832161,360443541,way
UNNAMED_335,,,near,,pge,Shiloh III,4.890,38.1274258,-121.830747,24064451,way
UNNAMED_1491,,Pacific Gas and Electric Company,near,,pge,Shingle Springs,1.719,38.6532993,-120.9654886,720713583,way
UNNAMED_1159,,,near,,pge,Signetics,3.651,37.3740121,-121.9740162,460159948,way
UNNAMED_1453,,,near,,pge,Signetics,3.687,37.3750469,-121.9731511,697217127,way
UNNAMED_550,,,near,,pge,Signetics,1.600,37.3769953,-121.9978726,97234188,way
UNNAMED_855,,,near,,pge,Signetics,3.080,37.3816943,-121.9783587,189168387,way
Yuba Co Water Agency,Yuba Co Water Agency,,near,,pge,Sly Creek,1.158,39.5722361,-121.1280785,1485095178,way
UNNAMED_1027,,,near,,pge,Soto,2.499,37.6588481,-122.0593679,381168854,way
JRWG Substation,JRWG Substation,Pacific Gas and Electric Company,near,,pge,South Bay 2,1.701,37.7643129,-121.614474,36343040,way
UNNAMED_333,,Pacific Gas and Electric Company,near,,pge,South Bay 2,1.327,37.7672618,-121.6165591,24049353,way
UNNAMED_617,,,near,,pge,Sri,1.744,37.4411599,-122.1699559,129559299,way
UNNAMED_2821,,,near,,pge,Stroud Switching Station,2.038,36.5237884,-120.1498014,1441506893,way
O'Banion Substation,O'Banion Substation,Western Area Power Administration,near,,pge,Sutter Power,4.167,39.0239342,-121.7231221,32943573,way
UNNAMED_3198,,,near,,pge,TAFT,2.143,35.145729,-119.5027837,1485095053,way
UNNAMED_3199,,,near,,pge,TAFT,2.435,35.1151624,-119.4749867,1485095054,way
UNNAMED_3200,,,near,,pge,TAFT,2.736,35.1136348,-119.4703799,1485095055,way
UNNAMED_1215,,,near,,pge,TIDEWATER,1.728,38.0327118,-122.0743183,520683877,way
UNNAMED_1565,,,near,,pge,TYLER,1.827,40.1239232,-122.1983592,765171936,way
Wheeler substation,Wheeler substation,,near,,pge,Tecuya,2.511,35.0296325,-119.0043697,422132997,way
UNNAMED_3195,,,near,,pge,Temblor,1.085,35.3773747,-119.6861995,1485095050,way
UNNAMED_3276,,,near,,pge,Tesla,1.754,37.7217267,-121.5487748,1485095141,way
UNNAMED_1875,,,near,,pge,Tidewater,1.850,38.0125495,-122.0427547,1033404276,way
Kenneth Substation,Kenneth Substation,,near,,pge,Trimble,2.493,37.3758043,-121.9543324,371055268,way
Kifer Receiving Station,Kifer Receiving Station,Silicon Valley Power,near,,pge,Trimble,2.191,37.3763503,-121.9509727,1272201645,way
Scott Receiving Station,Scott Receiving Station,,near,,pge,Trimble,2.483,37.3770777,-121.9546358,120346267,way
UNNAMED_1006,,,near,,pge,Trimble,2.562,37.3630345,-121.9435961,358455180,way
UNNAMED_1155,,,near,,pge,Trimble,2.678,37.3630553,-121.9458494,460076758,way
UNNAMED_1454,,,near,,pge,Trimble,2.071,37.3694303,-121.9444595,697224334,way
UNNAMED_1482,,,near,,pge,Trimble,2.940,37.3693318,-121.9564048,713538613,way
UNNAMED_1483,,,near,,pge,Trimble,2.359,37.3719584,-121.9507171,713645970,way
UNNAMED_1484,,,near,,pge,Trimble,3.594,37.3865904,-121.9675161,713652632,way
UNNAMED_1687,,,near,,pge,Trimble,2.615,37.385171,-121.9565778,879148252,way
UNNAMED_2376,,,near,,pge,Trimble,2.675,37.3852797,-121.9572498,1274520172,way
UNNAMED_2945,,,near,,pge,Trimble,3.483,37.383572,-121.9666216,1460847457,way
UNNAMED_2946,,,near,,pge,Trimble,2.110,37.3691992,-121.9447947,1460850087,way
UNNAMED_2947,,,near,,pge,Trimble,2.741,37.3634393,-121.9475601,1460853729,way
Weaverville Substation,Weaverville Substation,Western Area Power Administration,near,,pge,Trinity,1.928,40.7022808,-122.9248609,1275346020,way
UNNAMED_3184,,,near,,pge,Twisselman,3.338,35.7300815,-119.8950689,1485095039,way
UNNAMED_2103,,,near,,pge,Ultra Power,2.394,40.8969926,-124.0078917,1188010441,way
UNNAMED_699,,,near,,pge,Unknown,2.441,35.4624039,-118.95691,168937756,way
Riverbank Switching Station,Riverbank Switching Station,Pacific Gas and Electric Company,near,,pge,VALLEY HOME,2.824,37.8564378,-120.9122468,1272093749,way
UNNAMED_1701,,,near,,pge,VASCO,1.613,37.7000817,-121.7035643,884225124,way
493,493,,near,,pge,Vallejo C,1.508,38.1007112,-122.2701689,1195224316,way
783,783,,near,,pge,Vallejo C,2.257,38.1068656,-122.2766572,1195224306,way
UNNAMED_1084,,,near,,pge,Vallejo C,3.649,38.1144532,-122.2895992,403497346,way
UNNAMED_2117,,,near,,pge,Vallejo C,1.477,38.100961,-122.2697513,1195224309,way
UNNAMED_1691,,,near,,pge,WEEDPATCH,3.129,35.2473269,-118.8609173,879315989,way
UNNAMED_3227,,,near,,pge,Waukena,1.832,36.1519156,-119.5888672,1485095087,way
UNNAMED_424,,,near,,pge,West Fresno,2.514,36.7263699,-119.7927205,61707109,way
Station D,Station D,Sacramento Municipal Utility District,near,,pge,West Sacramento,4.323,38.5719998,-121.500502,438074694,way
Station G,Station G,Sacramento Municipal Utility District,near,,pge,West Sacramento,4.213,38.584505,-121.4968511,1220576033,way
UNNAMED_1016,,Sacramento Municipal Utility District,near,,pge,West Sacramento,2.668,38.6071859,-121.5241366,367918879,way
UNNAMED_1122,,,near,,pge,West Sacramento,4.188,38.5840957,-121.4972151,437920998,way
UNNAMED_3434,,,near,,pge,West Sacramento,3.404,38.6135586,-121.5206551,1492309875,way
UNNAMED_1310,,,near,,pge,Westlands,4.391,36.6174881,-120.3878694,597046167,way
UNNAMED_2976,,,near,,pge,Westlands,3.105,36.605361,-120.3509022,1465326957,way
UNNAMED_3245,,,near,,pge,Westlands,3.264,36.6610801,-120.334396,1485095106,way
Beltline Substation,Beltline Substation,,near,,pge,Wintun,4.906,40.6335498,-122.391895,538426965,way
Canby Substation,Canby Substation,,near,,pge,Wintun,2.323,40.5757488,-122.3537433,460186024,way
Oregon Street Substation,Oregon Street Substation,,near,,pge,Wintun,2.273,40.5864304,-122.3952371,488176002,way
Sulphur Creek Substation,Sulphur Creek Substation,,near,,pge,Wintun,1.500,40.6018648,-122.3827991,501037230,way
T2933L,T2933L,,near,,pge,Wintun,2.439,40.5712025,-122.364499,6894320584,node
UNNAMED_100,,,near,,pge,Wintun,1.619,40.5782942,-122.3715379,6986210184,node
UNNAMED_101,,,near,,pge,Wintun,2.805,40.5965097,-122.4025103,6986316438,node
UNNAMED_102,,,near,,pge,Wintun,2.903,40.5979295,-122.4033685,6986316440,node
UNNAMED_103,,,near,,pge,Wintun,3.462,40.596571,-122.4103537,6986324505,node
UNNAMED_104,,,near,,pge,Wintun,2.900,40.5972097,-122.4035075,6988493635,node
UNNAMED_105,,,near,,pge,Wintun,3.106,40.5965506,-122.406112,6988493637,node
UNNAMED_106,,,near,,pge,Wintun,2.991,40.5965441,-122.4047321,6988493638,node
UNNAMED_107,,,near,,pge,Wintun,2.676,40.5969187,-122.4008727,6988493643,node
UNNAMED_108,,,near,,pge,Wintun,2.674,40.5969153,-122.4008598,6988493644,node
UNNAMED_109,,,near,,pge,Wintun,1.275,40.5991815,-122.35713,6994279560,node
UNNAMED_110,,,near,,pge,Wintun,1.475,40.6000096,-122.3550101,6994279564,node
UNNAMED_111,,,near,,pge,Wintun,2.647,40.5716018,-122.3553622,7003626976,node
UNNAMED_112,,,near,,pge,Wintun,2.192,40.586759,-122.3449428,7022924908,node
UNNAMED_127,,,near,,pge,Wintun,3.508,40.5947624,-122.4111216,7144626168,node
UNNAMED_128,,,near,,pge,Wintun,1.791,40.5956644,-122.3487814,7157553649,node
UNNAMED_129,,,near,,pge,Wintun,1.839,40.5931432,-122.3478858,7157586632,node
UNNAMED_13,,,near,,pge,Wintun,1.825,40.6078953,-122.3780869,5405428826,node
UNNAMED_130,,,near,,pge,Wintun,1.929,40.5926257,-122.3468159,7157586645,node
UNNAMED_131,,,near,,pge,Wintun,2.000,40.5922994,-122.3459757,7157586646,node
UNNAMED_132,,,near,,pge,Wintun,2.062,40.5918447,-122.3452693,7157586647,node
UNNAMED_142,,,near,,pge,Wintun,4.936,40.5584394,-122.332632,7244282913,node
UNNAMED_143,,,near,,pge,Wintun,1.927,40.5789228,-122.3559683,7244403809,node
UNNAMED_144,,,near,,pge,Wintun,1.495,40.5894798,-122.3524962,7281738516,node
UNNAMED_145,,,near,,pge,Wintun,1.523,40.5856467,-122.354259,7290057531,node
UNNAMED_146,,,near,,pge,Wintun,2.423,40.5755598,-122.3520886,7311201687,node
UNNAMED_147,,,near,,pge,Wintun,2.411,40.5757522,-122.3519964,7311201688,node
UNNAMED_148,,,near,,pge,Wintun,1.722,40.58025,-122.3576716,7321426889,node
UNNAMED_149,,,near,,pge,Wintun,2.068,40.5929027,-122.3451691,7342373018,node
UNNAMED_150,,,near,,pge,Wintun,2.258,40.5926564,-122.3429088,7342373019,node
UNNAMED_151,,,near,,pge,Wintun,2.292,40.5920662,-122.3425248,7342373020,node
UNNAMED_152,,,near,,pge,Wintun,1.974,40.5931716,-122.3462858,7342384662,node
UNNAMED_153,,,near,,pge,Wintun,1.903,40.5936265,-122.3471421,7342384664,node
UNNAMED_154,,,near,,pge,Wintun,1.848,40.5941377,-122.3478453,7342384666,node
UNNAMED_155,,,near,,pge,Wintun,1.765,40.5939351,-122.3488041,7342384675,node
UNNAMED_156,,,near,,pge,Wintun,1.767,40.5945644,-122.3488601,7342384679,node
UNNAMED_157,,,near,,pge,Wintun,1.877,40.5953119,-122.3476816,7342384680,node
UNNAMED_158,,,near,,pge,Wintun,2.022,40.5938949,-122.3457491,7342384681,node
UNNAMED_159,,,near,,pge,Wintun,2.869,40.571391,-122.3506649,7356800936,node
UNNAMED_160,,,near,,pge,Wintun,2.677,40.5732061,-122.3512096,7359976775,node
UNNAMED_161,,,near,,pge,Wintun,2.674,40.5731954,-122.3512847,7359976776,node
UNNAMED_162,,,near,,pge,Wintun,2.915,40.5713448,-122.3497872,7359984991,node
UNNAMED_163,,,near,,pge,Wintun,2.059,40.5778873,-122.3551784,7360022232,node
UNNAMED_164,,,near,,pge,Wintun,1.941,40.5783305,-122.356773,7360022233,node
UNNAMED_166,,,near,,pge,Wintun,1.665,40.5972736,-122.3508426,8089877500,node
UNNAMED_167,,,near,,pge,Wintun,1.262,40.5928463,-122.35471,8100434043,node
UNNAMED_168,,,near,,pge,Wintun,1.317,40.5929114,-122.3540644,8100434044,node
UNNAMED_169,,,near,,pge,Wintun,1.466,40.5927079,-122.3522904,8100434046,node
UNNAMED_17,,,near,,pge,Wintun,2.034,40.6093546,-122.3798643,5844917854,node
UNNAMED_170,,,near,,pge,Wintun,2.342,40.5920747,-122.3419373,8262595311,node
UNNAMED_171,,,near,,pge,Wintun,1.848,40.5761853,-122.370667,8280201515,node
UNNAMED_179,,,near,,pge,Wintun,2.512,40.5867525,-122.3983215,8322906641,node
UNNAMED_180,,,near,,pge,Wintun,2.484,40.5865151,-122.3978945,8322906642,node
UNNAMED_181,,,near,,pge,Wintun,2.981,40.5690363,-122.353278,8356227776,node
UNNAMED_182,,,near,,pge,Wintun,1.914,40.5859324,-122.3488678,8359188329,node
UNNAMED_183,,Redding Electric Utility,near,,pge,Wintun,2.139,40.5737022,-122.372827,8401328780,node
UNNAMED_184,,,near,,pge,Wintun,1.786,40.5771135,-122.3743085,8401375687,node
UNNAMED_19,,,near,,pge,Wintun,4.525,40.6242603,-122.4036381,6050249353,node
UNNAMED_20,,,near,,pge,Wintun,2.120,40.5941285,-122.3947015,6125077916,node
UNNAMED_21,,,near,,pge,Wintun,4.463,40.6242431,-122.4024836,6222881956,node
UNNAMED_211,,,near,,pge,Wintun,1.482,40.5899356,-122.3525162,8770725770,node
UNNAMED_212,,,near,,pge,Wintun,1.544,40.5894196,-122.3519136,8770725772,node
UNNAMED_213,,,near,,pge,Wintun,1.291,40.5985688,-122.3564008,8770726658,node
UNNAMED_22,,,near,,pge,Wintun,3.969,40.6228469,-122.3950031,6340802588,node
UNNAMED_23,,,near,,pge,Wintun,4.132,40.6234433,-122.3973098,6340806376,node
UNNAMED_234,,,near,,pge,Wintun,1.505,40.5997032,-122.384972,8826384762,node
UNNAMED_235,,,near,,pge,Wintun,2.678,40.5948964,-122.4012564,8826402158,node
UNNAMED_236,,,near,,pge,Wintun,2.558,40.5716387,-122.3577369,8844901261,node
UNNAMED_237,,,near,,pge,Wintun,1.998,40.5777889,-122.3566276,8844901299,node
UNNAMED_238,,Redding Electric Utility,near,,pge,Wintun,1.707,40.5825394,-122.3545952,8844901301,node
UNNAMED_239,,Redding Electric Utility,near,,pge,Wintun,1.706,40.5825633,-122.3545963,8844901302,node
UNNAMED_24,,,near,,pge,Wintun,4.246,40.6236663,-122.3992456,6340806377,node
UNNAMED_240,,,near,,pge,Wintun,2.092,40.5780023,-122.3543225,8848120463,node
UNNAMED_241,,,near,,pge,Wintun,2.049,40.5783122,-122.3546411,8848120464,node
UNNAMED_242,,,near,,pge,Wintun,1.796,40.579731,-122.3571258,8848120466,node
UNNAMED_243,,,near,,pge,Wintun,2.425,40.5709896,-122.368609,8848120468,node
UNNAMED_244,,,near,,pge,Wintun,2.078,40.5741747,-122.3718599,8848120469,node
UNNAMED_245,,,near,,pge,Wintun,2.064,40.574391,-122.3729461,8848120470,node
UNNAMED_247,,,near,,pge,Wintun,2.028,40.5753856,-122.3768384,8848120475,node
UNNAMED_248,,,near,,pge,Wintun,1.607,40.6000282,-122.3861254,8848120491,node
UNNAMED_251,,,near,,pge,Wintun,2.234,40.5761326,-122.3548637,8863778780,node
UNNAMED_252,,,near,,pge,Wintun,2.069,40.5886426,-122.3457709,8863778785,node
UNNAMED_253,,,near,,pge,Wintun,1.979,40.6091702,-122.3788104,8863828379,node
UNNAMED_254,,,near,,pge,Wintun,1.602,40.5841851,-122.3848775,8863862600,node
UNNAMED_255,,,near,,pge,Wintun,1.756,40.586661,-122.3888185,8863968445,node
UNNAMED_271,,Redding Electric Utility,near,,pge,Wintun,3.027,40.593068,-122.3338125,10573462285,node
UNNAMED_272,,Redding Electric Utility,near,,pge,Wintun,2.944,40.5942373,-122.3348466,10573462296,node
UNNAMED_273,,Redding Electric Utility,near,,pge,Wintun,2.958,40.5930822,-122.3346316,10573462304,node
UNNAMED_274,,,near,,pge,Wintun,2.520,40.5877563,-122.34056,10573462305,node
UNNAMED_275,,Redding Electric Utility,near,,pge,Wintun,3.087,40.5893113,-122.3333835,10573999402,node
UNNAMED_276,,Redding Electric Utility,near,,pge,Wintun,1.814,40.5877683,-122.3900984,10585539826,node
UNNAMED_52,,,near,,pge,Wintun,2.087,40.6097235,-122.3802995,6568793265,node
UNNAMED_53,,,near,,pge,Wintun,2.031,40.6090821,-122.3805116,6568830130,node
UNNAMED_56,,,near,,pge,Wintun,1.991,40.5962601,-122.392786,6694493444,node
UNNAMED_57,,,near,,pge,Wintun,2.011,40.5962899,-122.393026,6694493445,node
UNNAMED_58,,,near,,pge,Wintun,2.074,40.5964986,-122.393724,6694493447,node
UNNAMED_59,,,near,,pge,Wintun,2.127,40.5966571,-122.394331,6694493448,node
UNNAMED_60,,,near,,pge,Wintun,2.138,40.5966859,-122.394446,6694493449,node
UNNAMED_61,,,near,,pge,Wintun,2.185,40.5968339,-122.394981,6694493452,node
UNNAMED_62,,,near,,pge,Wintun,2.211,40.5968995,-122.3952708,6694493453,node
UNNAMED_63,,,near,,pge,Wintun,2.270,40.5969387,-122.3959821,6694493455,node
UNNAMED_64,,,near,,pge,Wintun,2.605,40.5966711,-122.4000812,6694594683,node
UNNAMED_65,,,near,,pge,Wintun,1.988,40.5944741,-122.3930964,6697234654,node
UNNAMED_66,,,near,,pge,Wintun,3.096,40.5943909,-122.4062593,6698150691,node
UNNAMED_67,,,near,,pge,Wintun,3.379,40.5945863,-122.4096039,6698150702,node
UNNAMED_68,,,near,,pge,Wintun,3.390,40.5961671,-122.4095628,6698164000,node
UNNAMED_69,,,near,,pge,Wintun,3.304,40.5963849,-122.4084947,6698164018,node
UNNAMED_70,,,near,,pge,Wintun,3.127,40.5952621,-122.4065471,6698164034,node
UNNAMED_71,,,near,,pge,Wintun,3.014,40.5978867,-122.404709,6698164037,node
UNNAMED_72,,,near,,pge,Wintun,3.187,40.5967611,-122.4070422,6698164038,node
UNNAMED_74,,,near,,pge,Wintun,2.893,40.5966094,-122.4035505,6821741633,node
UNNAMED_75,,,near,,pge,Wintun,2.929,40.5959228,-122.4040986,6821741635,node
UNNAMED_76,,,near,,pge,Wintun,2.585,40.5699714,-122.363756,6848950762,node
UNNAMED_78,,,near,,pge,Wintun,1.633,40.5881383,-122.387999,6872661099,node
UNNAMED_79,,,near,,pge,Wintun,2.344,40.5719871,-122.365151,6894364003,node
UNNAMED_80,,,near,,pge,Wintun,1.161,40.5995076,-122.3591313,6894396420,node
UNNAMED_81,,,near,,pge,Wintun,1.239,40.600526,-122.3590938,6894396422,node
UNNAMED_82,,,near,,pge,Wintun,1.279,40.6000113,-122.3578782,6894396426,node
UNNAMED_83,,,near,,pge,Wintun,1.349,40.5993362,-122.3562078,6894396430,node
UNNAMED_84,,,near,,pge,Wintun,1.387,40.5999443,-122.3562032,6894396433,node
UNNAMED_85,,,near,,pge,Wintun,1.515,40.5996992,-122.3542001,6894396446,node
UNNAMED_86,,,near,,pge,Wintun,1.285,40.5978911,-122.3560046,6894656413,node
UNNAMED_87,,,near,,pge,Wintun,1.218,40.597921,-122.3569083,6894656417,node
UNNAMED_88,,,near,,pge,Wintun,1.167,40.5979449,-122.3576272,6894656418,node
UNNAMED_89,,,near,,pge,Wintun,1.083,40.5973131,-122.3582996,6894656421,node
UNNAMED_90,,,near,,pge,Wintun,1.930,40.5779663,-122.3577465,6894847491,node
UNNAMED_91,,,near,,pge,Wintun,1.672,40.5808361,-122.3576375,6894847493,node
UNNAMED_92,,,near,,pge,Wintun,1.689,40.5807551,-122.3574474,6894847494,node
UNNAMED_93,,,near,,pge,Wintun,3.426,40.6218875,-122.3829835,6894931719,node
UNNAMED_94,,,near,,pge,Wintun,3.753,40.6243078,-122.385549,6894931725,node
UNNAMED_95,,,near,,pge,Wintun,3.729,40.6244817,-122.3840698,6894931727,node
UNNAMED_96,,,near,,pge,Wintun,1.813,40.5765797,-122.3720172,6913884260,node
UNNAMED_97,,,near,,pge,Wintun,1.946,40.5754398,-122.3726964,6913884262,node
UNNAMED_98,,Redding Electric Utility,near,,pge,Wintun,2.070,40.574511,-122.3743356,6913884266,node
UNNAMED_99,,,near,,pge,Wintun,2.122,40.5738887,-122.3731889,6913884267,node
UNNAMED_3217,,,near,,pge,Witco,1.479,35.4207615,-118.9637724,1485095076,way
UNNAMED_2758,,,near,,pge,Wolfe,3.764,37.3390905,-121.9784342,1408922585,way
Quinto Substation,Quinto Substation,Pacific Gas and Electric Company,near,,pge,Wolfsen Bypass,3.074,37.119984,-121.0689671,552653455,way
UNNAMED_1257,,,near,,pge,Wolfsen Bypass,2.940,37.1190031,-121.0680817,552653456,way
Padre Flat Substation,Padre Flat Substation,,near,,pge,Wright,2.786,37.0186152,-120.975924,1058324264,way
UNNAMED_1897,,,near,,pge,Wright,1.594,37.0105592,-120.9628268,1058324270,way
UNNAMED_3407,,,near,,pge,Yuba Gold Fields,2.540,39.1944318,-121.4421969,1492294246,way
UNNAMED_2605,,,near,,sce,Alder,1.088,34.1266576,-117.4143868,1295105181,way
UNNAMED_1578,,,near,,sce,Alessandro,3.327,33.8721453,-117.218128,776326094,way
DISTRIBUTING STATION 50,DISTRIBUTING STATION 50,Los Angeles Department of Water and Power,near,,sce,Alhambra,2.792,34.0830925,-118.1783651,655483684,way
UNNAMED_3459,,,near,,sce,Alola,1.599,33.9713127,-116.8984399,1518742674,way
UNNAMED_3460,,,near,,sce,Alola,1.947,33.952027,-116.8788169,1518744515,way
Plainview,Plainview,,near,,sce,Antelope,1.285,34.6884003,-118.3145591,597452230,way
UNNAMED_1318,,,near,,sce,Antelope,2.258,34.6884892,-118.325206,597452231,way
UNNAMED_1320,,,near,,sce,Antelope,1.172,34.6978733,-118.3028792,597452244,way
Yorba Substation,Yorba Substation,Anaheim Public Utilities,near,,sce,Atwood,3.350,33.8581387,-117.8074703,383837070,way
UNNAMED_2316,,,near,,sce,Bandini,1.727,34.0150594,-118.1731549,1254224963,way
UNNAMED_2485,,,near,,sce,Banducci,3.111,35.1087993,-118.5670095,1284233125,way
UNNAMED_2019,,,near,,sce,Banwind,1.712,33.9121001,-116.7521459,1120409135,way
Clair Substation,Clair Substation,Anaheim Public Utilities,near,,sce,Barre,1.024,33.8169959,-117.9764883,646210780,way
Southwest Substation,Southwest Substation,Anaheim Public Utilities,near,,sce,Barre,4.495,33.8082791,-117.9331457,384671108,way
DWP Sub 7,DWP Sub 7,,near,,sce,Bedford,1.887,34.0528949,-118.4158692,574510301,way
DWP Sub B,DWP Sub B,,near,,sce,Bedford,1.835,34.0497894,-118.4114306,912590236,way
Distributing Station 46,Distributing Station 46,Los Angeles Department of Water and Power,near,,sce,Bedford,2.484,34.0683997,-118.4254328,422524271,way
DISTRIBUTING STATION 5,DISTRIBUTING STATION 5,Los Angeles Department of Water and Power,near,,sce,Beejay,2.142,34.0270368,-118.231825,413749451,way
Distributing Station 19,Distributing Station 19,Los Angeles Department of Water and Power,near,,sce,Beejay,3.665,34.0189575,-118.2650762,407078429,way
UNNAMED_2779,,Los Angeles Department of Water and Power,near,,sce,Belvedere,1.997,34.0185479,-118.1786429,1421930601,way
UNNAMED_2150,,,near,,sce,Big Creek 4,3.389,37.1462542,-119.4516484,1218631270,way
UNNAMED_2940,,,near,,sce,Black Meadows,3.662,34.361655,-114.1592384,1460196150,way
UNNAMED_2661,,,near,,sce,Brea,2.792,33.9104917,-117.8201017,1296518122,way
UNNAMED_2662,,,near,,sce,Brea,2.269,33.9145368,-117.8243868,1296518130,way
UNNAMED_2617,,,near,,sce,Bunker,3.386,33.855872,-117.2294778,1295566625,way
UNNAMED_2618,,,near,,sce,Bunker,3.467,33.855883,-117.2312644,1295566626,way
UNNAMED_2659,,,near,,sce,Burris Pit,3.726,33.8475637,-117.8490701,1296518070,way
Vermont Substation,Vermont Substation,Anaheim Public Utilities,near,,sce,Burris Pit,2.974,33.826726,-117.9024826,384671109,way
UNNAMED_1577,,,near,,sce,Cajalco,4.956,33.8369048,-117.3730077,776326084,way
UNNAMED_2144,,,near,,sce,Cajalco,2.718,33.8602505,-117.2960982,1214588719,way
UNNAMED_2613,,,near,,sce,Cajalco,3.734,33.8799093,-117.2938091,1295566533,way
UNNAMED_1194,,,near,,sce,Cal Cement,1.578,35.0213735,-118.2973104,483277839,way
UNNAMED_2023,,,near,,sce,Cal Cement,3.678,35.0011875,-118.2915634,1120873226,way
UNNAMED_903,,,near,,sce,Cal Cement,1.568,35.0231581,-118.2959499,243644655,way
UNNAMED_1600,,,near,,sce,Calectric,1.114,34.0865816,-117.3264252,819500183,way
UNNAMED_2796,,,near,,sce,Canwind,4.079,35.0972754,-118.2658733,1431725319,way
Fairmont Substation,Fairmont Substation,Anaheim Public Utilities,near,,sce,Canyon,2.516,33.8563931,-117.7683182,646210784,way
Fighter P.T.,Fighter P.T.,,near,,sce,Chase,3.446,33.8184501,-117.5178733,1295566781,way
Stroh P.T.,Stroh P.T.,,near,,sce,Chase,1.554,33.8400679,-117.5217114,1295566787,way
Temescal P.T.,Temescal P.T.,,near,,sce,Chase,2.719,33.8289034,-117.5151551,1295566782,way
UNNAMED_2622,,,near,,sce,Chase,3.666,33.8207671,-117.5103606,1295566721,way
UNNAMED_2623,,,near,,sce,Chase,3.839,33.8215013,-117.5068555,1295566726,way
UNNAMED_2624,,,near,,sce,Chase,3.918,33.8339106,-117.497197,1295566728,way
UNNAMED_2625,,,near,,sce,Chase,2.540,33.8490023,-117.5105297,1295566778,way
UNNAMED_3505,,,near,,sce,Chase,4.793,33.819533,-117.4954958,17757011,relation
UNNAMED_1441,,,near,,sce,Colton Cement,1.326,34.060589,-117.3536395,692141842,way
UNNAMED_668,,,near,,sce,Concho,4.951,33.7734734,-116.2844874,166510328,way
Village Substation,Village Substation,Bear Valley Electric Service Company,near,,sce,Converse Flats,4.961,34.2403082,-116.9103781,1105686723,way
Edgewater Substation,Edgewater Substation,Southern California Edison,near,,sce,Crown,1.827,33.6076934,-117.8848796,61878191,way
San Manuel Substation,San Manuel Substation,,near,,sce,Del Rosa,1.874,34.1525818,-117.2314919,1169210365,way
UNNAMED_1913,,,near,,sce,Del Sur,1.595,34.721872,-118.3057662,1063443335,way
UNNAMED_2171,,,near,,sce,Delano,1.704,35.7726537,-119.2612702,1229984363,way
Distributing Station 103 and Franklin Power Plant,Distributing Station 103 and Franklin Power Plant,Los Angeles Department of Water and Power,near,,sce,Doheny,2.504,34.1038981,-118.4133333,649385739,way
DISTRIBUTING STATION 47,DISTRIBUTING STATION 47,Los Angeles Department of Water and Power,near,,sce,Douglas,1.160,33.9312451,-118.3762291,655482902,way
UNNAMED_1639,,,near,,sce,Eagle Mountain,4.742,33.8072786,-115.4024701,845128897,way
UNNAMED_1698,,,near,,sce,Eagle Mt.,4.998,33.8006434,-115.4009703,882367100,way
UNNAMED_1910,,,near,,sce,Eastwind,2.474,35.0431019,-118.2492071,1061930508,way
UNNAMED_2441,,,near,,sce,Edgemont,4.453,33.9016283,-117.3251467,1282256491,way
UNNAMED_2610,,,near,,sce,Edgemont,1.151,33.9307314,-117.2935712,1295566505,way
UNNAMED_657,,,near,,sce,Edwards,1.812,34.9614278,-117.8959179,164863245,way
UNNAMED_2928,,,near,,sce,El Sobrante,4.560,33.8195648,-117.4252953,1456779526,way
UNNAMED_1178,,Southern California Edison,near,,sce,Elizabeth Lake,2.575,34.4723889,-118.6328927,472549966,way
DISTRIBUTING STATION 10,DISTRIBUTING STATION 10,Los Angeles Department of Water and Power,near,,sce,Fairfax,2.404,34.1003195,-118.3379631,423448385,way
DISTRIBUTING STATION 94,DISTRIBUTING STATION 94,Los Angeles Department of Water and Power,near,,sce,Fairfax,1.685,34.0757908,-118.3684844,391073776,way
Distributing Station 55,Distributing Station 55,Los Angeles Department of Water and Power,near,,sce,Fairfax,2.622,34.0693021,-118.3465832,655486159,way
Distributing Station 6,Distributing Station 6,Los Angeles Department of Water and Power,near,,sce,Fairfax,3.121,34.0891499,-118.3269911,423021853,way
Nichols Canyon,Nichols Canyon,Los Angeles Department of Water and Power,near,,sce,Fairfax,1.749,34.1055821,-118.3587663,785309456,way
Receiving Station H - Hollywood,Receiving Station H - Hollywood,Los Angeles Department and Power,near,,sce,Fairfax,1.250,34.0881671,-118.3474675,394710539,way
UNNAMED_1995,,,near,,sce,Fairfax,2.519,34.0905674,-118.3335268,1110140749,way
UNNAMED_3166,,,near,,sce,Fairfax,1.793,34.105988,-118.3588088,1485095017,way
Distributing Station 143,Distributing Station 143,Los Angeles Department of Water and Power,near,,sce,Fremont,1.858,33.8949233,-118.2848307,457315602,way
UNNAMED_2615,,,near,,sce,Gavilan,2.067,33.7716952,-117.2280383,1295566584,way
UNNAMED_2170,,,near,,sce,Glen Avon,4.790,33.9621332,-117.4527267,1229806597,way
UNNAMED_2919,,,near,,sce,Goldhill,4.276,34.2663691,-116.8310182,1454457996,way
UNNAMED_1457,,,near,,sce,Goldtown,4.108,35.0171832,-118.1848714,699502104,way
UNNAMED_1458,,,near,,sce,Goldtown,4.585,35.0936574,-118.2022889,699505294,way
UNNAMED_1972,,,near,,sce,Goldtown,4.456,35.026335,-118.1508807,1088863777,way
UNNAMED_904,,,near,,sce,Goldtown,4.089,35.0300617,-118.2201395,243644657,way
UNNAMED_2703,,,near,,sce,Gonzales,3.737,34.2555595,-119.1559403,1333368140,way
Receiving Station B,Receiving Station B,Los Angeles Department of Water and Power,near,,sce,Graham,2.071,33.9479894,-118.2553146,49048130,way
UNNAMED_1440,,,near,,sce,Harper Lake,1.916,35.0130814,-117.3299507,691840213,way
UNNAMED_1845,,Southern California Edison,near,,sce,Haskell,1.393,34.4305704,-118.5019703,1012221850,way
Hunter Substation,Hunter Substation,Riverside Public Utilities,near,,sce,Highgrove,2.995,33.9988922,-117.3488828,995970501,way
UNNAMED_2027,,,near,,sce,Highwind,1.021,35.1076267,-118.3832508,1121135930,way
UNNAMED_1879,,,near,,sce,Hugo,1.081,33.9022999,-116.5675014,1038805414,way
Mountain Center Substation,Mountain Center Substation,,near,,sce,Idyllwild,4.855,33.704794,-116.7312286,378176557,way
Taquitz Substation,Taquitz Substation,Southern California Edison,near,,sce,Idyllwild,4.748,33.7059338,-116.73169,369749220,way
Distributing Station 58,Distributing Station 58,Los Angeles Department of Water and Power,near,,sce,Inglewood,2.486,33.9660562,-118.3850507,165256674,way
Receiving Station N - Airport,Receiving Station N - Airport,Los Angeles Department of Water and Power,near,,sce,Inglewood,1.731,33.9616755,-118.3762536,338062751,way
UNNAMED_3490,,L.A. Metro,near,,sce,Inglewood,2.415,33.9521085,-118.3785796,1534472267,way
UNNAMED_3491,,L.A. Metro,near,,sce,Inglewood,2.426,33.9519448,-118.3785744,1534472268,way
UNNAMED_398,,,near,,sce,Isla Vista,2.281,34.4194577,-119.8513928,42968434,way
UNNAMED_1198,,,near,,sce,Ivanpah,4.375,35.5733296,-115.4361358,492490058,way
UNNAMED_2143,,,near,,sce,Ivyglen,1.193,33.7625599,-117.464129,1214083030,way
UNNAMED_2148,,,near,,sce,Ivyglen Meter,3.173,33.7756445,-117.5102538,1217658538,way
Lewis Substation,Lewis Substation,Anaheim Public Utilities,near,,sce,Kinder,2.725,33.8094615,-117.898929,126153864,way
UNNAMED_1486,,,near,,sce,Kinetic,1.234,34.004162,-118.2066015,718232056,way
UNNAMED_2862,,,near,,sce,Kinetic,1.113,34.0053051,-118.2066792,1451632251,way
UNNAMED_1244,,,near,,sce,La Canada,1.224,34.2031548,-118.2236887,540098280,way
Hannum Substation,Hannum Substation,Anaheim Public Utilities,near,,sce,La Palma,1.444,33.8374704,-117.9683395,646210781,way
Edison substation,Edison substation,,near,,sce,Lampson,1.142,33.7841928,-117.8885727,184314047,way
Harbor Substation,Harbor Substation,,near,,sce,Lampson,2.954,33.8037966,-117.9077378,597082183,way
Katella Substation,Katella Substation,Anaheim Public Utilities,near,,sce,Lampson,2.914,33.8043908,-117.9007216,177490615,way
UNNAMED_1129,,,near,,sce,Lampson,4.264,33.810653,-117.9237209,444853840,way
UNNAMED_1722,,,near,,sce,Lennox,1.020,33.9510617,-118.3435157,893989475,way
UNNAMED_2760,,,near,,sce,Limestone,4.216,33.6361206,-117.730845,1410822180,way
UNNAMED_1586,,,near,,sce,Little Rock,2.346,34.616115,-117.9423015,797577181,way
UNNAMED_1871,,,near,,sce,Lone Pine,4.121,36.5648326,-118.0840498,1028161102,way
DISTRIBUTING STATION 111,DISTRIBUTING STATION 111,Los Angeles Department of Water and Power,near,,sce,Losulfur,2.082,33.948203,-118.3936038,652587979,way
UNNAMED_1053,,Southern California Edison,near,,sce,Losulfur,1.978,33.9316207,-118.4259382,390483362,way
UNNAMED_1881,,,near,,sce,Losulfur,2.161,33.9306562,-118.4278773,1040107232,way
UNNAMED_2766,,,near,,sce,Losulfur,2.541,33.9534148,-118.4134614,1416023852,way
UNNAMED_1372,,Los Angeles Department of Water and Power,near,,sce,MWD Venice,2.126,34.0279308,-118.4280865,653689709,way
DISTRIBUTING STATION 100,DISTRIBUTING STATION 100,Los Angeles Department of Water and Power,near,,sce,Macneil,4.531,34.1942035,-118.388623,655825776,way
DISTRIBUTING STATION 57,DISTRIBUTING STATION 57,Los Angeles Department of Water and Power,near,,sce,Macneil,4.489,34.1706697,-118.3959259,652998332,way
DISTRIBUTING STATION 85,DISTRIBUTING STATION 85,Los Angeles Department of Water and Power,near,,sce,Macneil,3.662,34.1912401,-118.379642,77003956,way
Receiving Station E - Toluca,Receiving Station E - Toluca,Los Angeles Department of Water and Power,near,,sce,Macneil,1.229,34.1756538,-118.3598529,71817088,way
UNNAMED_1819,,Los Angeles Department of Water and Power,near,,sce,Macneil,4.725,34.1944876,-118.3908938,978610417,way
Distributing Station 44,Distributing Station 44,Los Angeles Department of Water and Power,near,,sce,Marine,1.029,33.9981882,-118.4622105,414684225,way
UNNAMED_2446,,,near,,sce,Mentone,2.176,34.0797987,-117.1334846,1282342984,way
UNNAMED_1856,,,near,,sce,Midwind,1.211,35.0531013,-118.3599393,1019228474,way
UNNAMED_2906,,,near,,sce,Minneola,3.035,34.8664575,-116.7840817,1453747229,way
Edom Substation,Edom Substation,,near,,sce,Mirage,1.985,33.8094303,-116.3886191,362636658,way
UNNAMED_1323,,,near,,sce,Missile,3.690,34.1126854,-119.0606044,599604092,way
UNNAMED_1324,,,near,,sce,Missile,3.692,34.1126994,-119.0605678,599604094,way
LADWP Distributing Station No. 105,LADWP Distributing Station No. 105,Los Angeles Department of Water and Power,near,,sce,Moog,1.817,33.8471682,-118.2914464,655826994,way
UNNAMED_1066,,,near,,sce,Moreno,2.661,33.9232035,-117.1750466,395205416,way
DISTRIBUTING STATION 14,DISTRIBUTING STATION 14,Los Angeles Department of Water and Power,near,,sce,Morningside,3.736,33.9538987,-118.2907714,407207526,way
DISTRIBUTING STATION 45,DISTRIBUTING STATION 45,Los Angeles Department of Water and Power,near,,sce,Morningside,3.941,33.9917542,-118.30865,410966019,way
Distributing Station 18,Distributing Station 18,Los Angeles Department of Water and Power,near,,sce,Morningside,2.665,33.9851677,-118.3299465,407354969,way
Gramercy Switching Station,Gramercy Switching Station,Los Angeles Department of Water and Power,near,,sce,Morningside,2.296,33.9464846,-118.3128464,394549585,way
UNNAMED_3011,,,near,,sce,Morningside,3.737,33.953935,-118.2907568,1474521619,way
UNNAMED_1911,,,near,,sce,Morwind,1.819,35.0632417,-118.250697,1061930510,way
UNNAMED_2604,,,near,,sce,Muscoy,2.678,34.1365128,-117.3539276,1295105094,way
DISTRIBUTING STATION 32,DISTRIBUTING STATION 32,Los Angeles Department of Water and Power,near,,sce,Naomi,3.934,34.0047135,-118.2724709,407607023,way
Distributing Station 4,Distributing Station 4,,near,,sce,Naomi,3.516,33.9899794,-118.2822397,409420874,way
Distributing Station 41,Distributing Station 41,Los Angeles Department of Water and Power,near,,sce,Naomi,3.295,33.9686748,-118.2830526,411194423,way
UNNAMED_1313,,,near,,sce,Neenach,1.649,34.7895732,-118.5054233,597419584,way
UNNAMED_1179,,Southern California Edison,near,,sce,Newhall,2.277,34.3976574,-118.5705847,472573043,way
UNNAMED_2864,,,near,,sce,Norseal,1.440,33.7441965,-118.0880229,1451636375,way
UNNAMED_1007,,,near,,sce,North Intake,4.554,33.7320166,-114.4680309,358560771,way
UNNAMED_1909,,,near,,sce,Northwind,1.756,35.066073,-118.3884767,1061930503,way
Ehrenberg Substation,Ehrenberg Substation,Arizona Public Service,near,,sce,Olive Lake,2.371,33.6028701,-114.5271774,358560769,way
UNNAMED_3487,,,near,,sce,Olive Lake,2.708,33.5956693,-114.5285665,1532815885,way
DISTRIBUTING STATION 43,DISTRIBUTING STATION 43,Los Angeles Department of Water and Power,near,,sce,Olympic,2.557,34.0512765,-118.3638792,428614580,way
Distributing Station 8,Distributing Station 8,Los Angeles Department of Water and Power,near,,sce,Olympic,4.524,34.0490412,-118.3422719,428622633,way
Receiving Station D - Fairfax,Receiving Station D - Fairfax,Los Angeles Department of Water and Power,near,,sce,Olympic,2.951,34.0381864,-118.3712512,393475144,way
UNNAMED_1581,,,near,,sce,Ortega,1.578,34.4204594,-119.6037525,784390369,way
UNNAMED_1582,,,near,,sce,Ortega,1.677,34.4202244,-119.6048849,784390370,way
Distributing Station 26,Distributing Station 26,Los Angeles Department of Water and Power,near,,sce,Owill,3.587,34.0691715,-118.2626166,426245932,way
LADWP Distributing Station No. 144,LADWP Distributing Station No. 144,Los Angeles Department of Water and Power,near,,sce,Owill,1.243,34.0397793,-118.2366813,207068105,way
Receiving Station A,Receiving Station A,Los Angeles Department of Water and Power,near,,sce,Owill,1.955,34.0670879,-118.2261612,86454167,way
River Switching Station,River Switching Station,Los Angeles Department of Water and Power,near,,sce,Owill,1.384,34.0376263,-118.2298849,169880235,way
UNNAMED_1103,,Los Angeles Department of Water and Power,near,,sce,Owill,2.439,34.0591871,-118.2553259,426251795,way
UNNAMED_1105,,Los Angeles Department of Water and Power,near,,sce,Owill,1.461,34.0473951,-118.2468109,428015174,way
UNNAMED_1106,,Los Angeles Department of Water and Power,near,,sce,Owill,3.125,34.0462463,-118.2648863,428021775,way
UNNAMED_1107,,Los Angeles Department of Water and Power,near,,sce,Owill,2.619,34.0384446,-118.2560238,428128062,way
UNNAMED_1377,,Los Angeles Department of Water and Power,near,,sce,Owill,3.933,34.0528058,-118.2738291,655815683,way
UNNAMED_1745,,,near,,sce,Owill,1.577,34.0434014,-118.2464123,900920910,way
UNNAMED_623,,Los Angeles Department of Water and Power,near,,sce,Owill,1.380,34.0388744,-118.2378552,131472567,way
UNNAMED_884,,,near,,sce,Owill,1.662,34.0364483,-118.2388337,210678353,way
UNNAMED_970,,,near,,sce,Owill,1.741,34.0502482,-118.2501683,323131254,way
UNNAMED_971,,,near,,sce,Owill,1.894,34.0485529,-118.2517532,323131255,way
Anaheim Substation,Anaheim Substation,Anaheim Public Utilities,near,,sce,Paper,3.745,33.8310548,-117.911435,646210782,way
Sharp Substation,Sharp Substation,Anaheim Public Utilities,near,,sce,Paper,2.187,33.8481125,-117.9106852,384671107,way
UNNAMED_3137,,,near,,sce,Parkwood,1.326,33.9250797,-117.95518,1485094981,way
Edmonston Substation,Edmonston Substation,,near,,sce,Pastoria,1.685,34.9412983,-118.826163,182050458,way
UNNAMED_1131,,,near,,sce,Pebbly Beach,2.182,33.3462923,-118.3274685,445436902,way
UNNAMED_2619,,,near,,sce,Perez,1.292,33.8873886,-117.6010097,1295566672,way
Mesa-Mira Loma western transition station,Mesa-Mira Loma western transition station,Southern California Edison,near,,sce,Peyton,4.574,33.9699978,-117.7742754,734085311,way
Dowling Substation,Dowling Substation,Anaheim Public Utilities,near,,sce,Placentia,2.813,33.8534206,-117.8569314,646210783,way
UNNAMED_2658,,,near,,sce,Placentia,2.127,33.8577667,-117.8622015,1296517588,way
UNNAMED_3136,,,near,,sce,Placentia,2.031,33.8593609,-117.8618565,1485094980,way
UNNAMED_1419,,,near,,sce,Porterville,2.673,36.0800535,-119.0084662,684801889,way
UNNAMED_1800,,,near,,sce,Potrero,2.645,34.1393858,-118.8232285,957104558,way
UNNAMED_1634,,,near,,sce,Queen Mary U.g.s.,1.226,33.7470941,-118.2040987,843310753,way
UNNAMED_718,,,near,,sce,Randolph,1.700,33.9979877,-118.2061537,169880228,way
UNNAMED_2087,,,near,,sce,Red Bluff,2.013,33.7153559,-115.3197387,1176915951,way
UNNAMED_2970,,,near,,sce,Red Bluff,3.026,33.7130196,-115.2858375,1464477995,way
UNNAMED_2878,,,near,,sce,Ridgecrest,3.260,35.6522445,-117.6548007,1452640116,way
UNNAMED_2891,,,near,,sce,Ridgecrest,2.998,35.6525086,-117.6627021,1452772104,way
UNNAMED_2053,,,near,,sce,Rivertex,3.485,34.6230803,-117.3670529,1153479299,way
Adelanto Converter Station,Adelanto Converter Station,Intermountain Power Agency,near,,sce,Roadway,3.535,34.5512641,-117.4372077,30620967,way
Hamlin Substation,Hamlin Substation,AES,near,,sce,Roadway,4.627,34.6048033,-117.4498054,1223950431,way
UNNAMED_3026,,,near,,sce,Rosamond,4.079,34.9011438,-118.2386619,1485094848,way
UNNAMED_3027,,,near,,sce,Rosamond,4.311,34.9013452,-118.2519228,1485094849,way
UNNAMED_3453,,,near,,sce,Rubidoux,2.388,33.9789405,-117.4251788,1512746738,way
UNNAMED_2909,,,near,,sce,SEGS 2,1.139,34.856328,-116.8387451,1453749087,way
Distributing Station 107,Distributing Station 107,Los Angeles Department of Water and Power,near,,sce,San Fernando,3.753,34.3078152,-118.4505674,655139036,way
Distributing Station 133,Distributing Station 133,Los Angeles Department of Water and Power,near,,sce,San Fernando,4.345,34.2349933,-118.4512208,652995460,way
LADWP Distributing Station No. 101,LADWP Distributing Station No. 101,Los Angeles Department of Water and Power,near,,sce,San Fernando,3.131,34.2628084,-118.4272821,655826291,way
LADWP Distributing Station No. 142,LADWP Distributing Station No. 142,Los Angeles Department of Water and Power,near,,sce,San Fernando,2.438,34.2716136,-118.4852011,32844093,way
LADWP Distributing Station No. 69,LADWP Distributing Station No. 69,Los Angeles Department of Water and Power,near,,sce,San Fernando,1.057,34.26407,-118.459209,655488317,way
LADWP Distributing Station No. 92,LADWP Distributing Station No. 92,Los Angeles Department of Water and Power,near,,sce,San Fernando,3.605,34.2579771,-118.493173,32728060,way
Rinaldi Receiving Station,Rinaldi Receiving Station,Los Angeles Department of Water and Power,near,,sce,San Fernando,1.903,34.2808564,-118.4783097,7042144,relation
Distributing Station 29,Distributing Station 29,Los Angeles Department of Water and Power,near,,sce,San Vicente,3.366,34.048245,-118.5264917,9113560,relation
Distributing Station 66,Distributing Station 66,Los Angeles Department of Water and Power,near,,sce,Sawtelle,2.237,34.0510307,-118.4761587,243678721,way
Kenter Canyon,Kenter Canyon,Los Angeles Department of Water and Power,near,,sce,Sawtelle,4.032,34.0681773,-118.4883582,184909077,way
LADWP Distributing Station No. 135,LADWP Distributing Station No. 135,Los Angeles Department of Water and Power,near,,sce,Sawtelle,3.023,34.0718795,-118.4673192,253537982,way
DISTRIBUTING STATION 121,DISTRIBUTING STATION 121,Los Angeles Department of Water and Power,near,,sce,Serfgen,3.332,33.7401095,-118.268759,655822102,way
DISTRIBUTING STATION 51,DISTRIBUTING STATION 51,Los Angeles Department of Water and Power,near,,sce,Serfgen,3.088,33.7780939,-118.2658275,655484265,way
Distributing Station 3,Distributing Station 3,Los Angeles Department of Water and Power,near,,sce,Serfgen,3.700,33.7495422,-118.2793847,655440407,way
UNNAMED_2639,,,near,,sce,Serfgen,2.357,33.7603071,-118.2666223,1296516854,way
UNNAMED_469,,Los Angeles Department of Water and Power,near,,sce,Serfgen,2.514,33.7702772,-118.2649665,80213754,way
Distributing Station 20,Distributing Station 20,Los Angeles Department of Water and Power,near,,sce,Sony,2.219,34.0335944,-118.3933169,424941113,way
UNNAMED_1721,,,near,,sce,Sony,1.587,34.0290291,-118.4056526,892430375,way
UNNAMED_1140,,,near,,sce,Southbase,3.717,34.9082126,-117.9180612,453337789,way
Distributing Station 56,Distributing Station 56,Los Angeles Department of Water and Power,near,,sce,Stanhill,2.871,34.0254517,-118.3658536,165771650,way
DISTRIBUTING STATION 87,DISTRIBUTING STATION 87,Los Angeles Department of Water and Power,near,,sce,Station 54 ,3.138,34.0800096,-118.309973,655818854,way
Distributing Station 15,Distributing Station 15,Los Angeles Department of Water and Power,near,,sce,Station 54 ,2.168,34.0820007,-118.2853746,420136848,way
Distributing Station 52,Distributing Station 52,Los Angeles Department of Water and Power,near,,sce,Station 54 ,3.511,34.1042301,-118.3257258,422141187,way
Distributing Station 61,Distributing Station 61,Los Angeles Department of Water and Power,near,,sce,Station 54 ,4.329,34.063817,-118.2999966,655487219,way
Gower Substation,Gower Substation,,near,,sce,Station 54 ,3.459,34.0864261,-118.3206753,910086725,way
UNNAMED_1993,,,near,,sce,Station 54 ,3.214,34.0853639,-118.3167802,1107455167,way
UNNAMED_1994,,,near,,sce,Station 54 ,3.215,34.0854764,-118.3168888,1107645318,way
Sylmar Converter Station,Sylmar Converter Station,Los Angeles Department of Water and Power,near,,sce,Sylmar-Pac Intertie,1.558,34.3112933,-118.4851294,12333319,relation
UNNAMED_1258,,,near,,sce,Sylmar-Pac Intertie,3.697,34.3351527,-118.5182646,554267367,way
UNNAMED_1569,,,near,,sce,Sylmar-Pac Intertie,1.171,34.299822,-118.489611,767650531,way
UNNAMED_2801,,,near,,sce,Sylmar-Pac Intertie,1.169,34.3138132,-118.4929738,1435238820,way
Distributing Station 137,Distributing Station 137,Los Angeles Department of Water and Power,near,,sce,Tahiti,2.103,33.9585397,-118.4337207,655514990,way
UNNAMED_1052,,,near,,sce,Tahiti,2.966,33.9507486,-118.4382713,390434483,way
UNNAMED_2965,,,near,,sce,Tahiti,2.884,33.9514676,-118.4380077,1463930554,way
UNNAMED_2966,,,near,,sce,Tahiti,2.878,33.9514714,-118.4365511,1463930555,way
UNNAMED_2611,,,near,,sce,Tanker,2.586,33.8923991,-117.2796693,1295566528,way
UNNAMED_2612,,,near,,sce,Tanker,2.717,33.889585,-117.2780097,1295566529,way
UNNAMED_2205,,,near,,sce,Terrace,1.941,34.0688142,-118.1982611,1243071985,way
UNNAMED_2020,,,near,,sce,Tiffanywind,1.495,33.9203703,-116.5973507,1120421896,way
UNNAMED_2894,,,near,,sce,Trona,3.146,35.8001777,-117.3585557,1452891645,way
UNNAMED_641,,,near,,sce,Universal,2.725,34.1241694,-118.3378199,158586539,way
DISTRIBUTING STATION 98,DISTRIBUTING STATION 98,Los Angeles Department of Water and Power,near,,sce,Universal Studios A,1.301,34.1420095,-118.3732184,444348841,way
LADWP Distributing Station No. 115,LADWP Distributing Station No. 115,Los Angeles Department of Water and Power,near,,sce,Universal Studios A,2.582,34.1240406,-118.3753331,652988948,way
LADWP Distributing Station No. 35,LADWP Distributing Station No. 35,Los Angeles Department of Water and Power,near,,sce,Universal Studios A,1.594,34.1571483,-118.3619619,429850577,way
Distributing Station 30,Distributing Station 30,Los Angeles Department of Water and Power,near,,sce,Unknown,2.077,34.1347321,-118.2113453,428623467,way
Receiving Station G - Atwater,Receiving Station G - Atwater,Los Angeles Department of Water and Power,near,,sce,Unknown,1.296,34.1095081,-118.2543462,160544538,way
UNNAMED_1071,,City of Burbank,near,,sce,Unknown,1.179,34.1859601,-118.3473335,395965144,way
UNNAMED_1432,,,near,,sce,Unknown,2.764,34.1343066,-118.2513693,689816015,way
UNNAMED_1473,,,near,,sce,Unknown,2.374,34.1338463,-118.2615391,710577547,way
UNNAMED_1496,,,near,,sce,Unknown,4.679,34.1580115,-118.2497412,722834678,way
UNNAMED_1504,,,near,,sce,Unknown,3.586,34.1477755,-118.2474005,729762849,way
UNNAMED_1756,,,near,,sce,Unknown,1.441,34.1990123,-118.3440791,912547121,way
UNNAMED_2191,,,near,,sce,Unknown,1.018,34.1851345,-118.3451801,1238983163,way
UNNAMED_3163,,,near,,sce,Unknown,3.759,34.1464624,-118.2609571,1485095014,way
UNNAMED_3164,,,near,,sce,Unknown,1.790,34.1794393,-118.3109083,1485095015,way
UNNAMED_3165,,,near,,sce,Unknown,2.876,34.1716135,-118.3038376,1485095016,way
UNNAMED_3466,,,near,,sce,Unknown,2.340,33.9230735,-116.9012711,1526555958,way
UNNAMED_365,,,near,,sce,Unknown,1.929,34.1763142,-118.3140565,31958095,way
UNNAMED_366,,,near,,sce,Unknown,1.695,34.1778294,-118.3161702,31958115,way
UNNAMED_367,,,near,,sce,Unknown,3.815,34.165948,-118.2960936,31987249,way
UNNAMED_368,,,near,,sce,Unknown,4.860,34.1560386,-118.2777507,32008433,way
UNNAMED_572,,,near,,sce,Unknown,3.248,34.2066845,-118.3625538,99870791,way
DISTRIBUTING STATION 129,DISTRIBUTING STATION 129,,near,,sce,Valdez,2.222,34.1665332,-118.6229606,652988454,way
Distributing Station 136,Distributing Station 136,Los Angeles Department of Water and Power,near,,sce,Valdez,4.722,34.1867938,-118.6110657,652987577,way
Distributing Station 77,Distributing Station 77,Los Angeles Department of Water and Power,near,,sce,Valdez,4.579,34.1879727,-118.643349,652989655,way
LADWP Distributing Station No. 792,LADWP Distributing Station No. 792,Los Angeles Department of Water and Power,near,,sce,Valdez,4.513,34.167311,-118.5886539,652987427,way
UNNAMED_2745,,,near,,sce,Valdez,4.644,34.1686433,-118.5879308,1385196148,way
UNNAMED_2048,,,near,,sce,Vestal,3.093,35.8335824,-119.0522447,1150059552,way
UNNAMED_3223,,,near,,sce,Vestal,1.316,35.8478784,-119.0709366,1485095083,way
DISTRIBUTING STATION 23,DISTRIBUTING STATION 23,Los Angeles Department of Water and Power,near,,sce,Wabash,1.205,34.0353223,-118.1927312,429315627,way
Receiving Station C,Receiving Station C,Los Angeles Department of Water and Power,near,,sce,Watson,1.188,33.7978192,-118.2580886,80213764,way
Riverside Electrical Substation,Riverside Electrical Substation,Riverside Public Utilities,near,,sce,West Riverside,3.705,33.9779973,-117.3701875,937497089,way
UNNAMED_2626,,,near,,sce,West Riverside,1.351,34.0177745,-117.3944858,1295566800,way
Scattergood Substation,Scattergood Substation,,near,,sce,Westhill,1.169,33.918964,-118.4253357,49715851,way
Havasu Tap,Havasu Tap,,near,,sce,Whipple,2.871,34.2909308,-114.1414137,77275243,way
UNNAMED_2941,,,near,,sce,Whipple,3.343,34.2927503,-114.1360983,1460196153,way
UNNAMED_3504,,,near,,sce,Whipple,2.798,34.2943963,-114.1420234,17250230,relation
UNNAMED_446,,,near,,sce,Whipple,2.723,34.3151478,-114.1577818,77275238,way
UNNAMED_1303,,,near,,sce,Whirlwind,3.417,34.8890058,-118.444722,596972639,way
UNNAMED_1307,,,near,,sce,Whirlwind,4.003,34.8233267,-118.4329177,597034646,way
UNNAMED_1308,,,near,,sce,Whirlwind,4.355,34.8378706,-118.4751768,597034678,way
UNNAMED_1309,,,near,,sce,Whirlwind,4.454,34.837598,-118.4762592,597034682,way
UNNAMED_1312,,,near,,sce,Whirlwind,1.388,34.8472724,-118.431062,597052620,way
UNNAMED_1517,,,near,,sce,Whirlwind,3.867,34.8470938,-118.3955282,734117835,way
UNNAMED_2693,,,near,,sce,White Mt. Radio,2.302,37.3972793,-118.3946959,1315813313,way
UNNAMED_3474,,,near,,sce,Whitewater,1.722,33.9348778,-116.6406059,1531572253,way
UNNAMED_1459,,,near,,sce,Windhub,1.331,35.0229476,-118.282212,699505646,way
UNNAMED_902,,,near,,sce,Windhub,4.661,35.0082631,-118.2411236,243644653,way
DISTRIBUTING STATION 39,DISTRIBUTING STATION 39,Los Angeles Department of Water and Power,near,,sce,Windsor Hills,3.916,34.0220112,-118.3304465,428600657,way
DISTRIBUTING STATION 53,DISTRIBUTING STATION 53,Los Angeles Department of Water and Power,near,,sce,Windsor Hills,2.853,34.0116316,-118.3346454,409391757,way
UNNAMED_1649,,,near,,sdge,BATIQUITOS,3.695,33.089585,-117.2032368,849739528,way
UNNAMED_2036,,,near,,sdge,BORREGO,3.459,33.2117862,-116.3468023,1136239942,way
UNNAMED_2037,,,near,,sdge,BORREGO,4.425,33.2096984,-116.3201469,1136268513,way
UNNAMED_1397,,,near,,sdge,Border,3.514,32.5359033,-116.9230994,677412086,way
UNNAMED_1505,,CFE,near,,sdge,Border,4.584,32.5217707,-116.9499016,731736771,way
UNNAMED_1693,,,near,,sdge,Border,3.823,32.5379943,-116.9146823,879412759,way
UNNAMED_1694,,,near,,sdge,Border,4.542,32.5254756,-116.9633579,879445164,way
UNNAMED_3116,,,near,,sdge,Borrego,1.809,33.2870897,-116.3495768,1485094955,way
UNNAMED_887,,,near,,sdge,Crestwood,1.304,32.7055621,-116.3421793,218921799,way
Mira Sorrento Substation,Mira Sorrento Substation,San Diego Gas & Electric,near,,sdge,Eastgate,1.002,32.8927483,-117.2060045,230740532,way
UNNAMED_611,,,near,,sdge,Felicita,3.561,33.0614334,-117.0693729,124476233,way
UNNAMED_1587,,,near,,sdge,Fenton,1.386,32.8896949,-117.1697748,804858893,way
UNNAMED_1807,,,near,,sdge,Genesee,1.309,32.8678351,-117.2135553,962407829,way
UNNAMED_2213,,,near,,sdge,Imperial Valley,1.845,32.7344753,-115.717409,1248907704,way
UNNAMED_2915,,,near,,sdge,Imperial Valley,1.361,32.7299637,-115.7184228,1454378583,way
UNNAMED_2916,,,near,,sdge,Imperial Valley,1.429,32.7299456,-115.7211487,1454378584,way
UNNAMED_2917,,,near,,sdge,Imperial Valley,1.454,32.7298982,-115.7219821,1454378585,way
UNNAMED_2986,,,near,,sdge,Imperial Valley,1.790,32.7339097,-115.7131545,1467182584,way
UNNAMED_1880,,San Diego Gas & Electric,near,,sdge,Old Town,1.316,32.7624797,-117.2057985,1040083682,way
UNNAMED_1282,,,near,,sdge,Otay Mesa,2.802,32.5492793,-116.9162664,581370939,way
UNNAMED_1692,,,near,,sdge,Otay Mesa,2.810,32.5488949,-116.9097474,879412756,way
UNNAMED_493,,San Diego Gas & Electric,near,,sdge,POINT LOMA,1.811,32.7598414,-117.2282561,85586683,way
UNNAMED_1772,,,near,,sdge,ROSE CANYON,1.610,32.8238632,-117.229184,923149600,way
UNNAMED_2734,,,near,,sdge,Rancho Mission Viejo,1.506,33.517145,-117.5867822,1369410947,way
UNNAMED_1113,,,near,,sdge,STREAMVIEW,1.391,32.7620757,-117.0638406,434965970,way
UNNAMED_351,,,near,,sdge,STREAMVIEW,1.774,32.7630789,-117.0966838,27769782,way
Basilone Substation,Basilone Substation,,near,,sdge,San Mateo,2.561,33.3874614,-117.5824449,844837079,way
CFE Tijuana I,CFE Tijuana I,Comisión Federal de Electricidad,near,,sdge,San Ysidro,3.936,32.528478,-117.0138789,969872104,way
Seaward Substation,Seaward Substation,,near,,sdge,San Ysidro,1.836,32.5568277,-117.0453025,1532865714,way
UNNAMED_1465,,,near,,sdge,San Ysidro,3.000,32.5364291,-117.0363648,707049804,way
UNNAMED_1925,,,near,,sdge,WARNERS,1.909,33.28698,-116.6945961,1070740651,way
UNNAMED_1926,,,near,,sdge,WARNERS,2.261,33.2861513,-116.698301,1070740652,way
UNNAMED_1927,,,near,,sdge,WARNERS,2.706,33.2868536,-116.7031867,1070740654,way
UNNAMED_1928,,,near,,sdge,WARNERS,3.063,33.2836626,-116.7065815,1070740655,way
UNNAMED_1929,,,near,,sdge,Warner,3.731,33.2519991,-116.7156572,1070740659,way
Arcade Creek substation,Arcade Creek substation,Sacramento Municipal Utility District,none,,,Atlantic,13.502,38.6560394,-121.3361806,786268795,way
Orangevale Substation,Orangevale Substation,Sacramento Municipal Utility District,none,,,Atlantic,8.758,38.6848895,-121.2663347,37121428,way
Herradura,Herradura,,none,,,BARRETT,15.752,32.5239429,-116.7493654,612239240,way
Black Mesa Substation,Black Mesa Substation,,none,,,Black Meadows,7.728,34.4171185,-114.2113887,75776205,way
Blue Mountain Substation,Blue Mountain Substation,,none,,,Bogard,252.239,40.9946029,-118.1436809,1122160434,way
Davey Town Substation,Davey Town Substation,,none,,,Bogard,271.470,41.3823797,-118.0331578,530977942,way
Getchell Substation,Getchell Substation,,none,,,Bogard,330.634,41.2152582,-117.2457041,1133259828,way
Madeline Substation,Madeline Substation,,none,,,Bogard,64.582,40.9608721,-120.5034728,1239737160,way
Rabbit Creek Substation,Rabbit Creek Substation,,none,,,Bogard,335.965,41.2166519,-117.1811742,1059572038,way
CFE,CFE,Comisión Federal de Electricidad,none,,,Border,7.856,32.4919645,-116.9447665,677345394,way
Metropoli,Metropoli,,none,,,Border,14.424,32.4450304,-116.87817,612239235,way
Campbell Substation,Campbell Substation,Sacramento Municipal Utility District,none,,,Brighton,7.161,38.5110705,-121.4750576,167884129,way
Carmichael Substation,Carmichael Substation,Sacramento Municipal Utility District,none,,,Brighton,12.616,38.6435071,-121.3290918,553900343,way
Carson Ice,Carson Ice,Sacramento Municipal Utility District,none,,,Brighton,12.354,38.4454052,-121.4617855,1159284789,way
Hedge Substation,Hedge Substation,Sacramento Municipal Utility District,none,,,Brighton,6.311,38.5089935,-121.3552093,518058316,way
Mid City Substation,Mid City Substation,Sacramento Municipal Utility District,none,,,Brighton,5.226,38.563467,-121.4645646,1220577827,way
Pocket Substation,Pocket Substation,Sacramento Municipal Utility District,none,,,Brighton,8.473,38.4895694,-121.4700404,32719176,way
S-142,S-142,SASD,none,,,Brighton,18.401,38.3840599,-121.3803156,826588505,way
South City Substation,South City Substation,Sacramento Municipal Utility District,none,,,Brighton,6.577,38.5085711,-121.4639428,37691256,way
Waterman-Grant Line Substation,Waterman-Grant Line Substation,Sacramento Municipal Utility District,none,,,Brighton,18.195,38.3901781,-121.3532196,1210796733,way
Elverta Substation,Elverta Substation,Western Area Power Administration,none,,,CATLETT,11.049,38.7137793,-121.4792194,32547223,way
Elverta Substation,Elverta Substation,Sacramento Municipal Utility District,none,,,CATLETT,11.131,38.7134296,-121.4774711,93950956,way
Amdee,Amdee,,none,,,CRESCENT MILLS,65.041,40.300383,-120.1941989,1485095257,way
Edgemont Substation,Edgemont Substation,,none,,,CRESCENT MILLS,43.082,40.3128313,-120.4921391,1421928013,way
Herlong Substation,Herlong Substation,,none,,,CRESCENT MILLS,47.997,40.1552473,-120.3519267,1421928017,way
Honey Lake Substation,Honey Lake Substation,,none,,,CRESCENT MILLS,62.742,40.3682671,-120.2648492,1296448097,way
Johnstonville Substation,Johnstonville Substation,Lassen Municipal Utility District,none,,,CRESCENT MILLS,42.889,40.3819162,-120.57458,1296448102,way
Lambert Lane Substation,Lambert Lane Substation,Lassen Municipal Utility District,none,,,CRESCENT MILLS,52.666,40.3625562,-120.39977,1296448099,way
Patton Substation,Patton Substation,,none,,,CRESCENT MILLS,63.206,40.1445097,-120.1703256,1421928018,way
Winnemucca Substation,Winnemucca Substation,NV Energy,none,,,CRESCENT MILLS,286.190,40.9454002,-117.7153547,1215491987,way
Hawkins Substation,Hawkins Substation,Turlock Irrigation District,none,,,CRESSEY,16.831,37.5798637,-120.6453437,1485095210,way
Barren Ridge Switching Station,Barren Ridge Switching Station,Los Angeles Department of Water and Power,none,,,Cantil,12.340,35.2371362,-118.0545653,691497714,way
Elverta - Cherry Brook Substation,Elverta - Cherry Brook Substation,Sacramento Municipal Utility District,none,,,Catlett,13.450,38.7140548,-121.4200508,86383141,way
Retreat P.T.,Retreat P.T.,,none,,,Chase,5.173,33.8042966,-117.5099655,1295566780,way
Moccasin Creek Power House,Moccasin Creek Power House,,none,,,Chinese Station,17.315,37.8092396,-120.299624,368173858,node
Anaconda Moly Substation,Anaconda Moly Substation,,none,,,Deep Springs,119.624,38.3238793,-117.3358048,166273599,way
Gonder Substation,Gonder Substation,,none,,,Deep Springs,352.082,39.336524,-114.80733,163043221,way
Robinson Summit Substation,Robinson Summit Substation,,none,,,Deep Springs,329.466,39.3577887,-115.1690063,374247112,way
Tonopah,Tonopah,,none,,,Deep Springs,100.691,38.0692617,-117.2426835,170816713,way
DISTRIBUTING STATION 124,DISTRIBUTING STATION 124,Los Angeles Department of Water and Power,none,,,Doheny,6.409,34.1318467,-118.4399443,652996554,way
DISTRIBUTING STATION 83,DISTRIBUTING STATION 83,Los Angeles Department of Water and Power,none,,,Doheny,10.947,34.1554922,-118.4807909,651607143,way
LADWP Distributing Station No. 122,LADWP Distributing Station No. 122,Los Angeles Department of Water and Power,none,,,Doheny,9.201,34.1297418,-118.4794883,241517982,way
Buckeye Substation,Buckeye Substation,Sierra Pacific Power Company,none,,,ECHO SUMMIT,31.570,38.9633874,-119.7104334,170362865,way
Hazen,Hazen,,none,,,ECHO SUMMIT,114.476,39.541225,-119.0751839,523536902,way
Lahontan,Lahontan,,none,,,ECHO SUMMIT,109.842,39.468469,-119.0627294,1378308338,way
Meyers Substation,Meyers Substation,,none,,,ECHO SUMMIT,6.927,38.877185,-119.9860639,37025505,way
Union Valley Substation,Union Valley Substation,,none,,,EL DORADO PH,17.154,38.863492,-120.4428086,149760444,way
Rumurosa,Rumurosa,,none,,,East County,18.504,32.5684261,-115.9393802,345602377,way
Kaiser Substation,Kaiser Substation,,none,,,El Sobrante,5.623,33.9045635,-117.4666325,1283857401,way
F Street Substation,F Street Substation,Turlock Irrigation District,none,,,Gallo,12.496,37.4894735,-120.8380846,1427875340,way
Geer Substation,Geer Substation,Turlock Irrigation District,none,,,Gallo,16.201,37.5225602,-120.843708,1392439443,way
Hilmar Substation,Hilmar Substation,Turlock Irrigation District,none,,,Gallo,5.616,37.418956,-120.849074,850515578,way
Airport Substation,Airport Substation,Redding Electric Utility,none,,,Girvan,5.360,40.5193398,-122.3158655,150583901,way
Airport Substation,Airport Substation,Redding Electric Utility,none,,,Girvan,5.360,40.5193398,-122.3158655,1274243304,way
Cordova Substation,Cordova Substation,Sacramento Municipal Utility District,none,,,Gold Hill,13.135,38.5532905,-121.2079639,148224069,way
Bear City Substation,Bear City Substation,Bear Valley Electric Service Company,none,,,Goldhill,5.034,34.2653898,-116.8495881,1105687109,way
Chestnut 1 Substation,Chestnut 1 Substation,Lassen Municipal Utility District,none,,,HAMILTON BRANCH,40.551,40.4237056,-120.6545373,1169508739,way
Coppervale Substation,Coppervale Substation,,none,,,HAMILTON BRANCH,17.788,40.3469369,-120.9046164,1421948095,way
Five Mile Substation,Five Mile Substation,Lassen Municipal Utility District,none,,,HAMILTON BRANCH,33.753,40.4144977,-120.738296,1296437632,way
Milwood Substation,Milwood Substation,Lassen Municipal Utility District,none,,,HAMILTON BRANCH,40.918,40.4099581,-120.6419115,897214643,way
Mount Lassen Substation,Mount Lassen Substation,,none,,,HAMILTON BRANCH,6.722,40.2976012,-121.0180072,1421948093,way
Richmond Substation,Richmond Substation,Lassen Municipal Utility District,none,,,HAMILTON BRANCH,39.542,40.4123756,-120.6609139,1296437629,way
Westwood Substation,Westwood Substation,,none,,,HAMILTON BRANCH,8.089,40.2998877,-121.0015104,1421948094,way
Lost Creek 2 Substation,Lost Creek 2 Substation,,none,,,Halls Flat,15.662,40.8014354,-121.4483431,1280011755,way
Haskell Canyon Switching Station,Haskell Canyon Switching Station,Los Angeles Department of Water and Power,none,,,Haskell,5.328,34.4866088,-118.5139284,1149477447,way
Greagle Substation,Greagle Substation,Plumas-Sierra Rural Electric Cooperative,none,,,Haypress Lower,22.911,39.7711429,-120.6177229,1394089883,way
Mohawk Substation,Mohawk Substation,Plumas-Sierra Rural Electric Cooperative,none,,,Haypress Lower,26.507,39.8012393,-120.6448314,1360386256,way
Beckworth Substation,Beckworth Substation,Plumas-Sierra Rural Electric Cooperative,none,,,Haypress Middle,33.327,39.8196978,-120.3751382,1360820376,way
Cemetery Substation,Cemetery Substation,,none,,,Haypress Middle,30.876,39.6707122,-120.2479947,1257085914,way
Chilcoot Substation,Chilcoot Substation,Plumas-Sierra Rural Electric Cooperative,none,,,Haypress Middle,44.458,39.7988732,-120.1597325,1361074779,way
Fort Sage Substation,Fort Sage Substation,,none,,,Haypress Middle,76.805,40.0748874,-119.9741456,163145501,way
Loyalton Substation,Loyalton Substation,,none,,,Haypress Middle,31.164,39.668079,-120.2430013,1361619040,way
Marble Substation,Marble Substation,Plumas-Sierra Rural Electric Cooperative,none,,,Haypress Middle,27.878,39.7567211,-120.3709017,1360820378,way
Portola Substation,Portola Substation,Plumas-Sierra Rural Electric Cooperative,none,,,Haypress Middle,28.332,39.8038669,-120.4644735,577517040,way
Sierra Brooks Substation,Sierra Brooks Substation,,none,,,Haypress Middle,32.418,39.6461337,-120.2179443,1379614767,way
Sierraville Substation,Sierraville Substation,Plumas-Sierra Rural Electric Cooperative,none,,,Haypress Middle,17.458,39.5935121,-120.3811605,1361888244,way
Thunder Mountain Substation,Thunder Mountain Substation,,none,,,Haypress Middle,224.873,40.5412112,-118.267234,1178707684,way
Claus Station,Claus Station,Modesto Irrigation District,none,,,Hershey,14.028,37.639382,-120.9197458,32707873,way
Hughson Substation,Hughson Substation,Turlock Irrigation District,none,,,Hershey,17.322,37.5951588,-120.8468097,850492495,way
Mariposa Station,Mariposa Station,Modesto Irrigation District,none,,,Hershey,15.858,37.6272067,-120.9349217,821247255,way
Parker Substation,Parker Substation,Modesto Irrigation District,none,,,Hershey,11.165,37.6682334,-120.9172755,32707934,way
Reinway Substation,Reinway Substation,Modesto Irrigation District,none,,,Hershey,13.223,37.646579,-120.7732187,1485095209,way
Roeding Substation,Roeding Substation,TID,none,,,Hershey,19.883,37.5870351,-120.9356111,1493638470,way
Tuolumne Substation,Tuolumne Substation,Turlock Irrigation District,none,,,Hershey,15.707,37.6096867,-120.8467609,821245520,way
Early Intake Switchyard,Early Intake Switchyard,San Francisco Public Utilities Commission,none,,,INDIAN FLAT,25.736,37.8750831,-119.9655637,181675123,way
Rancho Seco Substation,Rancho Seco Substation,Sacramento Municipal Utility District,none,,,IONE,14.901,38.3442084,-121.1238678,32943234,way
Lake Hemet Substation,Lake Hemet Substation,Anza Electric Cooperative,none,,,Idyllwild,9.418,33.6686746,-116.6751593,374370487,way
Tony Lappos Substation,Tony Lappos Substation,Anza Electric Cooperative,none,,,Idyllwild,22.079,33.5581488,-116.6397669,849561013,way
Aeropuerto Dos,Aeropuerto Dos,,none,,,Imperial Valley,27.566,32.6624578,-115.4285718,194026764,way
Alamorio,Alamorio,,none,,,Imperial Valley,37.820,32.9531633,-115.4232712,1485094839,way
Baja Substation,Baja Substation,,none,,,Imperial Valley,96.750,32.4954326,-114.7171173,605638002,way
CFE Subestación Eléctrica Parque Industrial,CFE Subestación Eléctrica Parque Industrial,,none,,,Imperial Valley,99.175,32.4360595,-114.7114835,52472710,way
Calexico Substation,Calexico Substation,,none,,,Imperial Valley,20.870,32.6690461,-115.5003476,192435055,way
Centro,Centro,,none,,,Imperial Valley,23.737,32.6449466,-115.4773336,193808882,way
Cerro Prieto 3,Cerro Prieto 3,Comisión Federal de Electricidad,none,,,Imperial Valley,55.713,32.4115863,-115.2452424,52175527,way
Cerro Prieto 4,Cerro Prieto 4,Comisión Federal de Electricidad,none,,,Imperial Valley,58.673,32.4053162,-115.2113158,612239245,way
Cetys,Cetys,,none,,,Imperial Valley,30.972,32.6393445,-115.3981884,52174020,way
Drop 4,Drop 4,,none,,,Imperial Valley,46.589,32.7060708,-115.2178956,90915165,way
El Centro Substation,El Centro Substation,Imperial Irrigation District,none,,,Imperial Valley,19.116,32.8023286,-115.537548,90915109,way
Gonzáles Ortega,Gonzáles Ortega,,none,,,Imperial Valley,38.967,32.5797156,-115.333212,52174018,way
La Rosita,La Rosita,,none,,,Imperial Valley,13.952,32.5968844,-115.6764876,52173997,way
Mexicali 2,Mexicali 2,,none,,,Imperial Valley,27.086,32.6050066,-115.4592927,52174012,way
Mexicali Oriente,Mexicali Oriente,Comisión Federal de Electricidad,none,,,Imperial Valley,34.287,32.6542058,-115.3572084,54846182,way
Nacozari,Nacozari,,none,,,Imperial Valley,25.944,32.6400813,-115.4543607,1119377107,way
Pruett Substation,Pruett Substation,,none,,,Imperial Valley,19.702,32.6859748,-115.5085571,192543558,way
Ruiz Cortinez,Ruiz Cortinez,Comisión Federal de Electricidad,none,,,Imperial Valley,85.715,32.5009947,-114.8375446,60919770,way
Río Nuevo,Río Nuevo,,none,,,Imperial Valley,21.519,32.6610518,-115.4958779,1119377093,way
San Luis Substation,San Luis Substation,,none,,,Imperial Valley,92.777,32.4974465,-114.7603884,559656173,way
Santa Isabel,Santa Isabel,,none,,,Imperial Valley,16.720,32.6320561,-115.5690323,52301113,way
Skyworks,Skyworks,,none,,,Imperial Valley,29.333,32.6345826,-115.4183257,1119377109,way
Subestacion CFE Cuahutemoc Sur,Subestacion CFE Cuahutemoc Sur,,none,,,Imperial Valley,26.864,32.6595065,-115.4371267,558306842,way
Subestación Cucapáh,Subestación Cucapáh,Comisión Federal de Electricidad,none,,,Imperial Valley,28.045,32.5335193,-115.5113809,1377035989,way
Subestación Hidalgo,Subestación Hidalgo,Comisión Federal de Electricidad,none,,,Imperial Valley,91.752,32.4791392,-114.7781307,60947497,way
Subestación Siderúrgica,Subestación Siderúrgica,,none,,,Imperial Valley,41.225,32.5142557,-115.3478821,52131031,way
Subestación maniobras combustión interna,Subestación maniobras combustión interna,Comisión Federal de Electricidad,none,,,Imperial Valley,99.420,32.4185551,-114.715966,1378700010,way
Substacion Orizaba,Substacion Orizaba,,none,,,Imperial Valley,20.721,32.629641,-115.5207204,54354749,way
Verde,Verde,,none,,,Imperial Valley,35.376,32.7229766,-115.3375586,1485094838,way
Verde Substation,Verde Substation,,none,,,Imperial Valley,40.512,32.6994119,-115.2832264,1485094837,way
Wisteria,Wisteria,,none,,,Imperial Valley,22.219,32.6029413,-115.5215692,52302686,way
Xochimilco,Xochimilco,,none,,,Imperial Valley,25.180,32.601421,-115.485025,328327399,way
52nd Avenue Substation,52nd Avenue Substation,Imperial Irrigation District,none,,,Indian Wells,18.436,33.6699393,-116.1571981,2901502,relation
Avenue #48 Substation,Avenue #48 Substation,Imperial Irrigation District,none,,,Indian Wells,9.854,33.6995717,-116.2429051,1248907781,way
Coachella City Substation,Coachella City Substation,Imperial Irrigation District,none,,,Indian Wells,16.871,33.6764853,-116.1723056,2901498,relation
Coachella Valley Substation,Coachella Valley Substation,Imperial Irrigation District,none,,,Indian Wells,21.980,33.6729069,-116.1155404,2901499,relation
Thermal Substation,Thermal Substation,Imperial Irrigation District,none,,,Indian Wells,21.642,33.6386812,-116.1362957,2901500,relation
Anthem Substation,Anthem Substation,NV Energy,none,,,Ivanpah,59.792,35.9822455,-115.0842148,166551144,way
Arden Substation,Arden Substation,,none,,,Ivanpah,56.490,36.0082529,-115.2134852,166551121,way
Artesian Substation,Artesian Substation,,none,,,Ivanpah,76.963,36.1744348,-115.1153053,567612415,way
Bicentennial Substation,Bicentennial Substation,NV Energy,none,,,Ivanpah,54.205,35.9404041,-115.1186457,674705026,way
Cactus Substation,Cactus Substation,,none,,,Ivanpah,57.566,36.0023334,-115.1712587,82362023,way
Chuck Lenzie Substation,Chuck Lenzie Substation,,none,,,Ivanpah,105.350,36.3819461,-114.9217078,87806732,way
Claymont Substation,Claymont Substation,NV Energy,none,,,Ivanpah,69.931,36.1151358,-115.143074,314681113,way
Copper Mountain Substation,Copper Mountain Substation,Western Area Power Administration,none,,,Ivanpah,59.649,35.8847198,-114.9582033,542998185,way
Crystal Substation,Crystal Substation,,none,,,Ivanpah,119.051,36.4822263,-114.8303447,71834330,way
Decatur substation,Decatur substation,,none,,,Ivanpah,67.393,36.1139936,-115.2134403,27503684,way
Eldorado Substation,Eldorado Substation,Southern California Edison,none,,,Ivanpah,50.209,35.7973353,-115.0084794,62315137,way
Elkhorn Substation,Elkhorn Substation,,none,,,Ivanpah,84.716,36.2932074,-115.2954036,935151028,way
Faulkner Substation,Faulkner Substation,,none,,,Ivanpah,67.378,36.0354204,-115.0311886,82362021,way
Flamingo Substation,Flamingo Substation,,none,,,Ivanpah,69.177,36.1148817,-115.1627838,113779862,way
Goodsprings Substation,Goodsprings Substation,,none,,,Ivanpah,33.079,35.8404697,-115.4330604,1415297056,way
Google Data Center,Google Data Center,,none,,,Ivanpah,70.619,36.0578081,-115.0079737,1253848635,way
Harry Allen Substation,Harry Allen Substation,,none,,,Ivanpah,110.439,36.4274003,-114.9069319,71837876,way
Hualapai Substation,Hualapai Substation,,none,,,Ivanpah,69.663,36.1584103,-115.3153321,620791965,way
Iron Mountain Substation,Iron Mountain Substation,,none,,,Ivanpah,89.654,36.3225741,-115.2082305,166551122,way
Keehn Substation,Keehn Substation,NV Energy,none,,,Ivanpah,54.488,35.9686432,-115.1666938,746982434,way
Larson Substation,Larson Substation,NV Energy,none,,,Ivanpah,53.552,35.9567425,-115.1622941,1086573549,way
Lindell Substation,Lindell Substation,NV Energy,none,,,Ivanpah,70.482,36.1440258,-115.2153786,1238714293,way
Lone Mountain Substation,Lone Mountain Substation,,none,,,Ivanpah,76.512,36.2202313,-115.3092754,377658096,way
Magnolia Substation,Magnolia Substation,NV Energy,none,,,Ivanpah,50.145,35.9270203,-115.1748593,188303133,way
Marketplace Substation,Marketplace Substation,,none,,,Ivanpah,51.398,35.8192314,-115.0113645,79671026,way
McCullough Substation,McCullough Substation,Los Angeles Department of Water and Power,none,,,Ivanpah,50.283,35.8038852,-115.0130133,79671032,way
Mead Substation,Mead Substation,Western Area Power Administration,none,,,Ivanpah,71.411,35.9273963,-114.8338237,79734755,way
Merchant Substation,Merchant Substation,,none,,,Ivanpah,50.839,35.7900276,-114.9942489,79671040,way
Northwest Substation,Northwest Substation,,none,,,Ivanpah,88.715,36.3343036,-115.3302075,166551123,way
Pecos Substation,Pecos Substation,,none,,,Ivanpah,87.863,36.2746771,-115.0962861,130771397,way
Polaris Substation,Polaris Substation,Nevada Power Company,none,,,Ivanpah,67.772,36.1087346,-115.1849496,495721241,way
Primm Substation,Primm Substation,,none,,,Ivanpah,15.240,35.6409768,-115.349316,551396627,way
Rainbow,Rainbow,NV Energy,none,,,Ivanpah,73.066,36.174306,-115.238048,131068922,way
Rosanna Substation,Rosanna Substation,Nevada Power Company,none,,,Ivanpah,69.540,36.1430603,-115.2457433,19927324,relation
"Ryze Renewables Las Vegas, LLC","Ryze Renewables Las Vegas, LLC",,none,,,Ivanpah,88.153,36.2651899,-115.0613649,1181455934,way
Sandy Valley Substation,Sandy Valley Substation,Valley Electric Association,none,,,Ivanpah,53.663,36.00873,-115.631119,918508128,way
Sinatra Substation,Sinatra Substation,,none,,,Ivanpah,67.319,36.1026079,-115.179829,532400091,way
Sloan Canyon Switchyard,Sloan Canyon Switchyard,,none,,,Ivanpah,52.349,35.8336156,-115.0115455,893296457,way
Warm Springs Substation,Warm Springs Substation,NV Energy,none,,,Ivanpah,68.412,36.0532812,-115.0425772,27710070,way
Westside Substation,Westside Substation,,none,,,Ivanpah,70.369,36.1582135,-115.2788339,463011258,way
Winterwood Substation,Winterwood Substation,Nevada Power Company,none,,,Ivanpah,76.645,36.1435685,-115.0485279,201812720,way
Charleston Park Substation,Charleston Park Substation,,none,,,Junction,28.940,36.2044947,-116.1136254,830711016,way
Gamebird Switchard,Gamebird Switchard,,none,,,Junction,48.569,36.161969,-115.8994445,439012890,way
Innovation Substation,Innovation Substation,,none,,,Junction,51.443,36.5822326,-115.9473218,606500067,way
Nevada Power Substation,Nevada Power Substation,,none,,,Junction,71.782,36.5797649,-115.6824199,362670969,way
Pahrump Substation,Pahrump Substation,,none,,,Junction,41.414,36.197074,-115.9689413,188301755,way
Thousandaire Substation,Thousandaire Substation,,none,,,Junction,45.632,36.132452,-115.9499389,830711017,way
Vista Substation,Vista Substation,,none,,,Junction,35.788,36.3172993,-116.010797,302045339,way
Whiskeytown Switchyard,Whiskeytown Switchyard,,none,,,Keswick,6.948,40.5982603,-122.5370778,186041114,way
Bill Yoney Substation,Bill Yoney Substation,Needles Public Utilites Authority,none,,,Landing,45.285,34.8505524,-114.6196901,1105973965,way
Cheyenne Substation,Cheyenne Substation,,none,,,Landing,87.313,35.1777775,-113.9802052,82008875,way
Grey Hawk Solar Substation,Grey Hawk Solar Substation,,none,,,Landing,106.906,35.3445281,-113.9060769,1196886988,way
Kiowa Substation,Kiowa Substation,UniSource Energy Services,none,,,Landing,7.303,34.5041302,-114.3430678,1460196120,way
McConnico Substation,McConnico Substation,,none,,,Landing,79.273,35.1383613,-114.086301,82005359,way
Mohave Substation,Mohave Substation,Southern California Edison,none,,,Landing,76.082,35.1470784,-114.597151,12201885,relation
Mulberry Substation,Mulberry Substation,UniSource Energy Services,none,,,Landing,7.617,34.4626797,-114.3360468,263882452,way
Murl L. Shaver Substation,Murl L. Shaver Substation,Needles Public Utilites Authority,none,,,Landing,46.170,34.8569106,-114.6260832,1105169016,way
Needles Substation,Needles Substation,Needles Public Utility Authority,none,,,Landing,44.529,34.8435196,-114.6185198,1163941020,way
Unisource Coyote Breaker Substation,Unisource Coyote Breaker Substation,,none,,,Landing,85.976,35.2081296,-114.1029283,1465393858,way
Enslen Station,Enslen Station,Modesto Irrigation District,none,,,Lee,13.455,37.6521582,-121.0012411,1489036365,way
Finney Substation,Finney Substation,Modesto Irrigation District,none,,,Lee,6.119,37.6824215,-121.0858207,1485095219,way
Prescott Station,Prescott Station,Modesto Irrigation District,none,,,Lee,10.292,37.6716898,-121.0274125,429816503,way
Rosemore Substation,Rosemore Substation,Modesto Irrigation District,none,,,Lee,11.863,37.6423274,-121.0430316,1265261716,way
Woodrow Station,Woodrow Station,Modesto Irrigation District,none,,,Lee,11.130,37.6858561,-121.0039123,1392456526,way
Surf Substation,Surf Substation,Pacific Gas and Electric Company,none,,,Lompoc - Control Building,14.408,34.6847822,-120.6038779,1468138878,way
Adin Substation,Adin Substation,,none,,,MC ARTHUR,42.438,41.2007875,-120.9419404,17022835,relation
Big Valley Lumber Company Substation,Big Valley Lumber Company Substation,,none,,,MC ARTHUR,24.414,41.1328138,-121.1376206,1239557255,way
Canby 1 Substation,Canby 1 Substation,,none,,,MC ARTHUR,62.094,41.4448012,-120.8810534,177706578,way
Canby 2 Substation,Canby 2 Substation,,none,,,MC ARTHUR,62.086,41.4440267,-120.8801638,177706579,way
Eagleville Substation,Eagleville Substation,,none,,,MC ARTHUR,112.391,41.3335776,-120.1183754,1000692522,way
Likely Substation,Likely Substation,,none,,,MC ARTHUR,80.830,41.3699128,-120.5395976,1239737164,way
Lookout Substation,Lookout Substation,,none,,,MC ARTHUR,28.518,41.2076111,-121.1381252,177409007,way
Muck Valley Substation,Muck Valley Substation,,none,,,MC ARTHUR,19.733,41.0913415,-121.1788353,1239557254,way
Steamboat Substation,Steamboat Substation,,none,,,MC ARTHUR,113.925,41.4418853,-120.1483653,1000692526,way
DISTRIBUTING STATION 140,DISTRIBUTING STATION 140,Los Angeles Department of Water and Power,none,,,Macneil,8.841,34.1944645,-118.4394308,652994774,way
DISTRIBUTING STATION 62,DISTRIBUTING STATION 62,Los Angeles Department of Water and Power,none,,,Macneil,7.911,34.2060356,-118.4228177,655487442,way
Captain Jack Substation,Captain Jack Substation,,none,,,Malin,10.129,42.0796144,-121.3899577,93984357,way
Cedarville Junction Substation,Cedarville Junction Substation,,none,,,Malin,89.568,41.564214,-120.4138182,756396718,way
Cedarville Substation,Cedarville Substation,,none,,,Malin,107.906,41.5315452,-120.1820345,756396726,way
Davis Creek Substation,Davis Creek Substation,,none,,,Malin,84.313,41.7331395,-120.366889,756109651,way
Fall Creek Powerhouse,Fall Creek Powerhouse,,none,,,Malin,86.282,41.985419,-122.3602971,368174426,node
Fort Bidwell Substation,Fort Bidwell Substation,,none,,,Malin,96.706,41.8458254,-120.1678032,1001275284,way
Hilltop Substation,Hilltop Substation,,none,,,Malin,78.831,41.5127574,-120.6347232,163145502,way
John C. Boyle Substation,John C. Boyle Substation,PacifiCorp,none,,,Malin,63.089,42.0937389,-122.0716142,181548170,way
Kings River Substation,Kings River Substation,,none,,,Malin,259.133,41.7442676,-118.2065163,1225317177,way
Lake City Substation,Lake City Substation,,none,,,Malin,103.701,41.613529,-120.1819395,1001275289,way
Newell Substation,Newell Substation,,none,,,Malin,14.131,41.8881237,-121.3783633,177409008,way
Orovada Substation,Orovada Substation,,none,,,Malin,291.242,41.5850267,-117.8489182,710704326,way
Tule Lake Substation,Tule Lake Substation,,none,,,Malin,14.101,41.9533514,-121.4714162,1002115072,way
Warner Substation,Warner Substation,,none,,,Malin,85.971,41.5002978,-120.5333491,17022833,relation
Maxwell Capacitor Station,Maxwell Capacitor Station,Western Area Power Administration,none,,,Maxwell,11.469,39.237361,-122.2762888,92966624,way
Elk Grove Substation,Elk Grove Substation,Sacramento Municipal Utility District,none,,,NEW HOPE,19.389,38.3730069,-121.3534169,32710411,way
Quartzsite Substation,Quartzsite Substation,,none,,,North Intake,28.209,33.6820167,-114.2175748,229580528,way
Gasquet Substation,Gasquet Substation,,none,,,ORICK,62.043,41.8482112,-123.9667356,1281073798,way
Miller Redwood Substation,Miller Redwood Substation,,none,,,ORICK,48.888,41.7329039,-124.0974379,1281063689,way
O'Brien Substation,O'Brien Substation,,none,,,ORICK,94.503,42.0966771,-123.6813278,170152151,way
Patrick's Creek Substation,Patrick's Creek Substation,,none,,,ORICK,67.206,41.8814137,-123.8646538,876403378,way
Yurok Substation,Yurok Substation,,none,,,ORICK,27.699,41.5433718,-124.0504528,253116587,way
Del Norte Substation,Del Norte Substation,,none,,,Orick,64.118,41.8676139,-124.1391841,322058879,way
Lake Earl Substation,Lake Earl Substation,,none,,,Orick,62.452,41.8517797,-124.1479949,1157350994,way
Morrison Creek Substation,Morrison Creek Substation,,none,,,Orick,70.491,41.9252197,-124.1394248,746635519,way
North Crest Substation,North Crest Substation,,none,,,Orick,53.778,41.7660471,-124.1991484,1280784117,way
Redwood Substation,Redwood Substation,,none,,,Orick,52.629,41.760812,-124.1634678,1280784113,way
Smith River Substation,Smith River Substation,,none,,,Orick,66.098,41.8854131,-124.1405932,1280784119,way
Tijuana 1,Tijuana 1,Comisión Federal de Electricidad,none,,,Otay Mesa,7.026,32.515445,-116.8835335,50834713,way
Distributing Station 31,Distributing Station 31,Los Angeles Department of Water and Power,none,,,Owill,5.084,34.0341613,-118.283028,9345288210,node
Black Eagle Crystal Ridge Substation,Black Eagle Crystal Ridge Substation,Sacramento Municipal Utility District,none,,,Park,10.688,38.7234982,-121.3829095,86435413,way
Fiddyment Receiving Station,Fiddyment Receiving Station,Roseville Electric,none,,,Park,6.710,38.7628012,-121.3571208,37093076,way
Walerga PFE Substation,Walerga PFE Substation,Sacramento Municipal Utility District,none,,,Park,8.970,38.7308716,-121.3652745,987276818,way
Black Peak Substation,Black Peak Substation,Arizona Public Service,none,,,Parker Strip,25.784,33.9977868,-114.2170639,173109930,way
Bouse Switchyard,Bouse Switchyard,Western Area Power Administration,none,,,Parker Strip,25.688,33.9986135,-114.2165277,634026481,way
Headgate Rock Substation,Headgate Rock Substation,,none,,,Parker Strip,10.702,34.1613635,-114.2777094,77275282,way
Castaic,Castaic,,none,,,Pastoria,8.054,34.8805612,-118.9009979,1485095062,way
Lake Riverside Substation,Lake Riverside Substation,,none,,,Pauba,23.851,33.5151775,-116.788533,986830922,way
Harvey Lynn Substation,Harvey Lynn Substation,,none,,,Pedley,5.910,33.9147099,-117.4866367,199582149,way
Melones Substation,Melones Substation,Pacific Gas and Electric Company,none,,,Peoria,5.407,37.9462693,-120.5276918,181630666,way
REP 60 kV Switchyard,REP 60 kV Switchyard,Roseville Electric,none,,,Pleasant Grove,7.450,38.7921659,-121.3834721,108064166,way
Westplan Substation,Westplan Substation,Roseville Electric,none,,,Pleasant Grove,5.864,38.792238,-121.362333,76147170,way
Ceres Substatioon,Ceres Substatioon,TID,none,,,RIVERBANK,18.291,37.6089086,-120.9562175,469515160,way
Lapham Station,Lapham Station,Modesto Irrigation District,none,,,RIVERBANK,15.162,37.6375258,-120.9540579,507836289,way
Santa Cruz Station,Santa Cruz Station,Modesto Irrigation District,none,,,RIVERBANK,16.794,37.6275639,-120.9751483,507843487,way
Sierra Substation,Sierra Substation,Modesto Irrigation District,none,,,RIVERBANK,16.332,37.6317461,-120.9742934,1377601421,way
Polaris Substation,Polaris Substation,AES,none,,,Rosamond,10.285,34.8060904,-118.32492,1223943572,way
Brigatano Substation,Brigatano Substation,,none,,,SAN BENITO,5.005,36.8817124,-121.6032588,592205752,way
Flanagan Substation,Flanagan Substation,Redding Electric Utility,none,,,STILLWATER,6.349,40.6789737,-122.4251015,150412593,way
Rogers Substation,Rogers Substation,Turlock Irrigation District,none,,,Salado,6.486,37.4749,-121.1782869,1235732695,way
DISTRIBUTING STATION 81,DISTRIBUTING STATION 81,Los Angeles Department of Water and Power,none,,,San Fernando,7.980,34.2018045,-118.4591518,652990445,way
DISTRIBUTING STATION 96,DISTRIBUTING STATION 96,Los Angeles Department of Water and Power,none,,,San Fernando,5.235,34.3121338,-118.4242614,655138860,way
LADWP DIstributing Station No. 24,LADWP DIstributing Station No. 24,Los Angeles Department of Water and Power,none,,,San Fernando,10.643,34.200081,-118.5329529,448959190,way
LADWP Distributing Station No. 127,LADWP Distributing Station No. 127,Los Angeles Department of Water and Power,none,,,San Fernando,10.488,34.1934604,-118.5189904,32693136,way
LADWP Distributing Station No. 131,LADWP Distributing Station No. 131,Los Angeles Department of Water and Power,none,,,San Fernando,5.690,34.2362502,-118.5011257,655516229,way
LADWP Distributing Station No. 60,LADWP Distributing Station No. 60,Los Angeles Department of Water and Power,none,,,San Fernando,9.193,34.1935935,-118.4841197,32818047,way
LADWP Distributing Station No. 80,LADWP Distributing Station No. 80,Los Angeles Department of Water and Power,none,,,San Fernando,5.178,34.2793784,-118.4028582,377128954,way
LADWP Receiving Station J - Northridge,LADWP Receiving Station J - Northridge,Los Angeles Department of Water and Power,none,,,San Fernando,9.201,34.2294469,-118.5434568,76344891,way
Substation D;Cooling Tower,Substation D;Cooling Tower,,none,,,San Fernando,7.426,34.2420136,-118.5299882,432157605,way
Ridgeview Substation,Ridgeview Substation,,none,,,San Jacinto,7.733,33.8444507,-116.9993511,366751290,way
DISTRIBUTING STATION 99,DISTRIBUTING STATION 99,Los Angeles Department of Water and Power,none,,,San Vicente,7.560,34.0761262,-118.5573942,414613890,way
El Rubi,El Rubi,,none,,,San Ysidro,10.491,32.4759526,-117.0722038,612239233,way
Subestacion 20 de Noviembre,Subestacion 20 de Noviembre,Comisión Federal de Electricidad,none,,,San Ysidro,6.079,32.5150224,-116.9939281,1416227982,way
DISTRIBUTING STATION 89,DISTRIBUTING STATION 89,Los Angeles Department of Water and Power,none,,,Serfgen,5.952,33.7276321,-118.2929906,655818899,way
Birds Landing Substation,Birds Landing Substation,Pacific Gas and Electric Company,none,,,Shiloh III,5.196,38.1247013,-121.8301278,24064448,way
DISTRIBUTING STATION 17,DISTRIBUTING STATION 17,Los Angeles Department of Water and Power,none,,,Station 54 ,5.772,34.0506282,-118.3007727,428579897,way
DISTRIBUTING STATION 38,DISTRIBUTING STATION 38,Los Angeles Department of Water and Power,none,,,Station 54 ,5.623,34.053044,-118.3055937,402282244,way
Shasta Substation,Shasta Substation,Western Area Power Administration,none,,,Stillwater,7.316,40.7151239,-122.4212108,1274244401,way
Apple Data Center,Apple Data Center,NV Energy,none,,,Summit,77.215,39.5697283,-119.5401518,700974840,way
Battle Mountain Substation,Battle Mountain Substation,,none,,,Summit,327.701,40.6480024,-116.9452682,483456583,way
California,California,NV Energy,none,,,Summit,38.930,39.5212615,-120.0086698,170288297,way
Chukar,Chukar,,none,,,Summit,85.175,39.5559229,-119.4355401,1073712188,way
Comstock Meadows,Comstock Meadows,,none,,,Summit,83.162,39.4951059,-119.4380139,1217911215,way
Coyote Creek Substation,Coyote Creek Substation,,none,,,Summit,389.556,41.0946735,-116.4234401,162931413,way
Dove,Dove,NV Energy,none,,,Summit,78.996,39.5599877,-119.5133634,90091928,way
Eagle,Eagle,,none,,,Summit,105.910,39.6213748,-119.2086935,90085569,way
Falcon Substation,Falcon Substation,,none,,,Summit,369.971,40.8156886,-116.4950334,844590130,way
Fernley,Fernley,,none,,,Summit,101.577,39.590753,-119.2491795,419596590,way
Fleish,Fleish,NV Energy,none,,,Summit,37.724,39.4807365,-119.9927125,1360059154,way
Google Data Center,Google Data Center,,none,,,Summit,83.661,39.4979417,-119.4329116,1217914905,way
Humboldt,Humboldt,,none,,,Summit,432.156,41.2272733,-115.9399678,162934426,way
Incline Substation,Incline Substation,NV Energy,none,,,Summit,40.129,39.2394478,-119.9241742,170362863,way
Independence,Independence,,none,,,Summit,444.500,41.4076115,-115.9040274,170401695,way
La Posada Meter Station,La Posada Meter Station,,none,,,Summit,70.542,39.635991,-119.6666901,615560851,way
Lonely Substation,Lonely Substation,,none,,,Summit,105.073,39.5969216,-119.208977,180970701,way
Mount Rose Substation,Mount Rose Substation,,none,,,Summit,48.178,39.4783587,-119.8573116,170362839,way
Newton Substation,Newton Substation,NV Energy,none,,,Summit,78.214,39.5751281,-119.5303433,700974838,way
Oreana Substation,Oreana Substation,,none,,,Summit,212.299,40.3354209,-118.273986,1181446578,way
Patua,Patua,,none,,,Summit,115.560,39.5836407,-119.0772039,1527947280,way
Stampede Dam substation,Stampede Dam substation,,none,,,Summit,28.939,39.4703996,-120.1046587,1379614769,way
Tesla Gigafactory,Tesla Gigafactory,,none,,,Summit,84.523,39.539851,-119.4370699,423863049,way
Valmy Substation,Valmy Substation,,none,,,Summit,324.546,40.8785498,-117.1528576,941197139,way
Washoe,Washoe,NV Energy,none,,,Summit,43.568,39.5064462,-119.9333056,361344056,way
West 7th Street Substation,West 7th Street Substation,NV Energy,none,,,Summit,51.496,39.5305906,-119.8453622,455841624,way
West Tracy Substation,West Tracy Substation,,none,,,Summit,77.776,39.5614509,-119.5291634,392184987,way
Wildhorse,Wildhorse,,none,,,Summit,80.650,39.5194348,-119.476417,1170451500,way
DISTRIBUTING STATION 68,DISTRIBUTING STATION 68,Los Angeles Department of Water and Power,none,,,Sylmar-Pac Intertie,5.995,34.2567431,-118.528765,655488279,way
Distributing Station No. 138,Distributing Station No. 138,Los Angeles Department of Water and Power,none,,,Sylmar-Pac Intertie,9.418,34.2419899,-118.5685251,533316822,way
Distributing Station No. 82,Distributing Station No. 82,Los Angeles Department of Water and Power,none,,,Sylmar-Pac Intertie,6.364,34.271287,-118.5561619,122211839,way
Distributing Station No. 88,Distributing Station No. 88,Los Angeles Department of Water and Power,none,,,Sylmar-Pac Intertie,9.707,34.2563176,-118.5879118,650910489,way
DISTRIBUTING STATION 49,DISTRIBUTING STATION 49,Los Angeles Department of Water and Power,none,,,Universal Studios A,5.013,34.147437,-118.4133463,432083273,way
DISTRIBUTING STATION 71,DISTRIBUTING STATION 71,Los Angeles Department of Water and Power,none,,,Universal Studios A,6.694,34.1716085,-118.4231488,253174644,way
DISTRIBUTING STATION 73,DISTRIBUTING STATION 73,Los Angeles Department of Water and Power,none,,,Universal Studios A,7.596,34.1579784,-118.43967,655488562,way
Distributing Station 64,Distributing Station 64,Los Angeles Department of Water and Power,none,,,Universal Studios A,9.094,34.1519587,-118.4573591,339856293,way
LADWP Receiving Station S / Distributing Station 21,LADWP Receiving Station S / Distributing Station 21,Los Angeles Department of Water and Power,none,,,Universal Studios A,8.943,34.1798089,-118.4455526,253557544,way
Airway Substation,Airway Substation,Glendale Water and Power,none,,,Unknown,5.107,34.1578695,-118.2802232,32008208,way
DISTRIBUTING STATION 102,DISTRIBUTING STATION 102,Los Angeles Department of Water and Power,none,,,Unknown,5.862,34.2330139,-118.3690881,542978042,way
DISTRIBUTING STATION 48,DISTRIBUTING STATION 48,Los Angeles Department of Water and Power,none,,,Unknown,7.329,34.251843,-118.2899716,616351541,way
DISTRIBUTING STATION 67,DISTRIBUTING STATION 67,Los Angeles Department of Water and Power,none,,,Unknown,6.232,34.2227253,-118.3885787,655830785,way
Distributing Station 72,Distributing Station 72,Los Angeles Department of Water and Power,none,,,Unknown,7.492,34.259283,-118.3213128,32020824,way
DISTRIBUTING STATION 65,DISTRIBUTING STATION 65,Los Angeles Department of Water and Power,none,,,Valdez,7.747,34.1723551,-118.5528987,655138771,way
DISTRIBUTING STATION 74,DISTRIBUTING STATION 74,Los Angeles Department of Water and Power,none,,,Valdez,9.519,34.2290209,-118.5985869,655831419,way
DISTRIBUTING STATION 78,DISTRIBUTING STATION 78,Los Angeles Department of Water and Power,none,,,Valdez,9.956,34.165427,-118.5256303,32695399,way
Distributing Station No. 22,Distributing Station No. 22,Los Angeles Department of Water and Power,none,,,Valdez,6.791,34.2014878,-118.5962809,253258676,way
LADWP Distributing Station No. 130,LADWP Distributing Station No. 130,Los Angeles Department of Water and Power,none,,,Valdez,12.141,34.1603234,-118.5006624,651565677,way
LADWP Distributing Station No. 90,LADWP Distributing Station No. 90,Los Angeles Department of Water and Power,none,,,Valdez,9.177,34.2016722,-118.5560536,593523181,way
LADWP Distributing Station No. 91,LADWP Distributing Station No. 91,Los Angeles Department of Water and Power,none,,,Valdez,7.415,34.1601231,-118.5525282,655138668,way
Receiving Station T,Receiving Station T,Los Angeles Department of Water and Power,none,,,Valdez,5.901,34.1893908,-118.591713,253258678,way
Receiving Station U - Tarzana,Receiving Station U - Tarzana,Los Angeles Department of Water and Power,none,,,Valdez,8.818,34.1793184,-118.5437398,32663174,way
32nd Street Substation,32nd Street Substation,,none,,,Verdant,83.709,32.6689623,-114.6325128,475411879,way
Araby Substation,Araby Substation,,none,,,Verdant,86.045,32.6680192,-114.4960762,476479137,way
Bard Substation,Bard Substation,,none,,,Verdant,72.119,32.7814962,-114.5745317,1485094834,way
Barret Substation,Barret Substation,,none,,,Verdant,65.084,32.8663184,-114.4901182,1485094833,way
Cocopah Substation,Cocopah Substation,,none,,,Verdant,79.419,32.7052724,-114.6660477,1210134387,way
Desert Sands Substation,Desert Sands Substation,,none,,,Verdant,89.960,32.6479874,-114.4275379,543902240,way
Dome Tap Substation,Dome Tap Substation,,none,,,Verdant,78.379,32.7685005,-114.3968497,91020505,way
Foothills Substation,Foothills Substation,,none,,,Verdant,87.657,32.6689068,-114.4306641,543902233,way
Gila Substation,Gila Substation,,none,,,Verdant,84.875,32.6848773,-114.4700165,91042866,way
Imperial Dam Substation,Imperial Dam Substation,,none,,,Verdant,64.118,32.8807863,-114.4734462,1485094832,way
Ivalon Substation,Ivalon Substation,,none,,,Verdant,82.631,32.6837818,-114.5861639,475563848,way
Knob Substation,Knob Substation,,none,,,Verdant,73.137,32.7604299,-114.7486409,90961067,way
Laguna Dredge Substation,Laguna Dredge Substation,,none,,,Verdant,66.466,32.8554562,-114.4823146,1532581824,way
Laguna Substation,Laguna Substation,,none,,,Verdant,90.888,32.6005269,-114.7360511,689360657,way
Marine Air Base Substation,Marine Air Base Substation,,none,,,Verdant,85.216,32.6609857,-114.5805967,475566827,way
Mesquite,Mesquite,,none,,,Verdant,49.813,33.027399,-114.9867323,1485094836,way
Mittry Substation,Mittry Substation,,none,,,Verdant,78.216,32.7370556,-114.5130013,1234483709,way
North Gila Substation,North Gila Substation,Arizona Public Service,none,,,Verdant,77.826,32.7456924,-114.4912811,90966380,way
Orchard Substation,Orchard Substation,,none,,,Verdant,89.621,32.6275061,-114.5357074,1194038329,way
Pilot Knob Substation,Pilot Knob Substation,,none,,,Verdant,75.773,32.7364696,-114.7126545,90961069,way
Quechan Substation,Quechan Substation,,none,,,Verdant,80.116,32.7025685,-114.6208247,1234453889,way
Riverside Substation,Riverside Substation,,none,,,Verdant,77.167,32.7264274,-114.6530272,355939502,way
Sanguinetti Substation,Sanguinetti Substation,,none,,,Verdant,82.656,32.6924003,-114.5307255,1234453878,way
Senator Wash Substation,Senator Wash Substation,,none,,,Verdant,61.642,32.9025366,-114.4800364,1442517879,way
Siphon Drop,Siphon Drop,,none,,,Verdant,71.505,32.7791963,-114.6343983,1485094835,way
South O'Neill Substation,South O'Neill Substation,,none,,,Verdant,87.158,32.641574,-114.5946532,478212302,way
Tacna Substation,Tacna Substation,Wellton-Mohawk Irrigation and Drainage District,none,,,Verdant,105.775,32.7083933,-113.9680326,1465393870,way
Tenth Street Substation,Tenth Street Substation,,none,,,Verdant,79.278,32.7090002,-114.6328763,355939499,way
Waldrip Substation,Waldrip Substation,,none,,,Verdant,89.516,32.6176927,-114.6186118,1234169495,way
Wellton-Mohawk #3 Substation,Wellton-Mohawk #3 Substation,Wellton-Mohawk Irrigation and Drainage District,none,,,Verdant,98.584,32.6407483,-114.2151006,1479106626,way
Wellton-Mohawk Ligurta Substation,Wellton-Mohawk Ligurta Substation,Wellton-Mohawk Irrigation and Drainage District,none,,,Verdant,93.867,32.666552,-114.264977,91042863,way
Wellton-Mohawk Pumping Plant #1,Wellton-Mohawk Pumping Plant #1,Wellton-Mohawk Irrigation and Drainage District,none,,,Verdant,86.887,32.7108526,-114.3271131,91042835,way
Winterhaven Substation,Winterhaven Substation,,none,,,Verdant,75.969,32.7388794,-114.6334795,1219765681,way
Yuma Palms Temp Substation,Yuma Palms Temp Substation,,none,,,Verdant,80.892,32.6982861,-114.5964395,1234453887,way
Grayson Substation,Grayson Substation,Turlock Irrigation District,none,,,WESTLEY,19.396,37.5720606,-120.9857548,258650890,way
Ingram Creeek Substation,Ingram Creeek Substation,Pacific Gas and Electric Company,none,,,WESTLEY,7.040,37.532311,-121.2593418,1266298474,way
Natomas Substation,Natomas Substation,Sacramento Municipal Utility District,none,,,West Sacramento,8.459,38.6503056,-121.4863559,32526610,way
Station E,Station E,Sacramento Municipal Utility District,none,,,West Sacramento,6.241,38.5862246,-121.473219,1119290406,way
DISTRIBUTING STATION 13,DISTRIBUTING STATION 13,Los Angeles Department of Water and Power,none,,,Windsor Hills,6.285,34.0239471,-118.2999243,407257256,way
East Redding Substation,East Redding Substation,,none,,,Wintun,5.326,40.5699979,-122.3141796,622689811,way
Candelaria,Candelaria,,none,,,Zack,81.138,38.2834889,-118.0195419,723912823,way
Frontier Substation,Frontier Substation,,none,,,Zack,248.975,39.5059909,-116.8591415,825203501,way
UNNAMED_1469,,,unnamed,,,ANTLER,28.389,41.1461181,-122.3196759,709516450,way
UNNAMED_1470,,,unnamed,,,ANTLER,33.194,41.1848353,-122.2858948,709516451,way
UNNAMED_1471,,,unnamed,,,ANTLER,6.580,40.9401701,-122.4310646,709516453,way
UNNAMED_1477,,,unnamed,,,ANTLER,95.020,41.7285683,-122.6308505,710720036,way
UNNAMED_1622,,,unnamed,,,ANTLER,88.215,41.605395,-122.8501811,836027796,way
UNNAMED_1840,,,unnamed,,,ANTLER,93.509,41.7113704,-122.6490053,1009052793,way
UNNAMED_1900,,,unnamed,,,ANTLER,59.647,41.4313505,-122.389743,1058353342,way
UNNAMED_1901,,,unnamed,,,ANTLER,79.711,41.6038194,-122.5226905,1058358450,way
UNNAMED_1902,,,unnamed,,,ANTLER,93.433,41.7270379,-122.5364017,1058381982,way
UNNAMED_2798,,,unnamed,,,ANTLER,79.713,41.4931137,-122.9056396,1434526715,way
UNNAMED_2799,,,unnamed,,,ANTLER,79.712,41.4931169,-122.9056147,1434526765,way
UNNAMED_3002,,,unnamed,,,ANTLER,65.265,41.3728677,-122.832942,1469474892,way
UNNAMED_3367,,,unnamed,,,ANTLER,11.149,40.9772287,-122.4563994,1485095283,way
UNNAMED_3368,,,unnamed,,,ANTLER,32.387,41.1782537,-122.2907556,1485095284,way
UNNAMED_3413,,,unnamed,,,ANTLER,17.681,41.0539831,-122.3818028,1492294252,way
UNNAMED_2141,,,unnamed,,,Alberhill,6.313,33.7838951,-117.3787959,1213916184,way
UNNAMED_3120,,,unnamed,,,Alola,7.137,34.0304083,-116.8571379,1485094963,way
UNNAMED_1489,,,unnamed,,,Alpaugh,9.581,35.8772127,-119.4552177,719912880,way
UNNAMED_1490,,,unnamed,,,Alpaugh,9.597,35.8770857,-119.4541795,719912881,way
UNNAMED_1618,,,unnamed,,,Alpaugh,7.254,35.8981384,-119.4551949,828024037,way
UNNAMED_2838,,,unnamed,,,Alpaugh,7.341,35.898011,-119.4452958,1448203244,way
UNNAMED_2416,,Sacramento Municipal Utility District,unnamed,,,Atlantic,12.150,38.6682658,-121.3324096,1280646381,way
UNNAMED_2448,,Sacramento Municipal Utility District,unnamed,,,Atlantic,11.286,38.6796351,-121.3370647,1282514024,way
UNNAMED_2449,,Sacramento Municipal Utility District,unnamed,,,Atlantic,11.237,38.6709128,-121.3155735,1282522429,way
UNNAMED_2450,,Sacramento Municipal Utility District,unnamed,,,Atlantic,9.190,38.682064,-121.2811638,1282522437,way
UNNAMED_2460,,Sacramento Municipal Utility District,unnamed,,,Atlantic,8.597,38.7036524,-121.326582,1283015559,way
UNNAMED_2461,,Sacramento Municipal Utility District,unnamed,,,Atlantic,9.005,38.7145766,-121.3466433,1283016870,way
UNNAMED_2464,,Sacramento Municipal Utility District,unnamed,,,Atlantic,14.294,38.6782719,-121.3872288,1283338618,way
UNNAMED_2466,,Sacramento Municipal Utility District,unnamed,,,Atlantic,11.400,38.6971903,-121.3641324,1283344565,way
UNNAMED_2469,,Sacramento Municipal Utility District,unnamed,,,Atlantic,13.187,38.6500783,-121.3078643,1283408341,way
UNNAMED_2470,,Sacramento Municipal Utility District,unnamed,,,Atlantic,8.218,38.6927354,-121.2908077,1283418729,way
UNNAMED_2473,,Sacramento Municipal Utility District,unnamed,,,Atlantic,9.221,38.6881549,-121.3080656,1283660496,way
UNNAMED_2474,,Sacramento Municipal Utility District,unnamed,,,Atlantic,6.187,38.7082379,-121.2708108,1283665557,way
UNNAMED_2475,,Sacramento Municipal Utility District,unnamed,,,Atlantic,7.157,38.7054947,-121.2994435,1283667122,way
UNNAMED_2479,,Sacramento Municipal Utility District,unnamed,,,Atlantic,11.167,38.6654126,-121.2908864,1283705811,way
UNNAMED_2481,,Sacramento Municipal Utility District,unnamed,,,Atlantic,6.388,38.7083112,-121.2441747,1283738055,way
UNNAMED_2509,,Sacramento Municipal Utility District,unnamed,,,Atlantic,8.085,38.6935446,-121.2392032,1284960571,way
UNNAMED_2512,,Sacramento Municipal Utility District,unnamed,,,Atlantic,10.708,38.7058839,-121.3628224,1285229466,way
UNNAMED_2514,,Sacramento Municipal Utility District,unnamed,,,Atlantic,9.404,38.6790534,-121.2633163,1285245562,way
UNNAMED_2515,,Sacramento Municipal Utility District,unnamed,,,Atlantic,10.251,38.6714369,-121.2648911,1285245564,way
UNNAMED_573,,Sacramento Municipal Utility District,unnamed,,,Atlantic,12.953,38.6771966,-121.3641314,100762186,way
UNNAMED_576,,Sacramento Municipal Utility District,unnamed,,,Atlantic,5.991,38.7225954,-121.3088027,100987890,way
UNNAMED_1499,,,unnamed,,,BARRETT,14.064,32.5443402,-116.7628519,728870045,way
UNNAMED_467,,,unnamed,,,Baker,12.837,35.3897105,-116.1141712,79885277,way
UNNAMED_1404,,,unnamed,,,Barrett Lake,17.056,32.5032308,-116.7165224,677812521,way
UNNAMED_1678,,,unnamed,,,Barrett Lake,14.729,32.5214839,-116.6930826,878412012,way
UNNAMED_1684,,,unnamed,,,Barrett Lake,24.453,32.433616,-116.6743209,879053482,way
UNNAMED_2010,,Comisión Federal de Electricidad,unnamed,,,Barrett Lake,10.061,32.5710369,-116.6356248,1119230654,way
UNNAMED_405,,,unnamed,,,Barrett Lake,13.341,32.5418452,-116.6277183,52477200,way
UNNAMED_6,,,unnamed,,,Barrett Lake,9.376,32.5749586,-116.643398,1641497721,node
UNNAMED_139,,,unnamed,,,Benton,5.204,40.5537061,-122.334832,7189203102,node
UNNAMED_2938,,,unnamed,,,Big Bend Bia,14.556,34.2537935,-114.0092915,1460171956,way
UNNAMED_3423,,,unnamed,,,Big Creek,7.808,40.7126404,-123.5302064,1492309502,way
UNNAMED_3186,,,unnamed,,,Blackwell,9.656,35.6658323,-119.7674131,1485095041,way
UNNAMED_3187,,,unnamed,,,Blackwell,9.767,35.6449618,-119.7522948,1485095042,way
UNNAMED_1671,,,unnamed,,,Blythe-Bucks,10.804,33.6917719,-114.7578469,869738681,way
UNNAMED_1987,,,unnamed,,,Blythe-Bucks,9.184,33.6746085,-114.7546537,1104360195,way
UNNAMED_2044,,,unnamed,,,Blythe-Bucks,11.716,33.6910194,-114.7736327,1145143793,way
UNNAMED_2181,,,unnamed,,,Blythe-Bucks,5.679,33.5871081,-114.7350586,1234169372,way
UNNAMED_1240,,,unnamed,,,Bogard,277.721,41.2064721,-117.8900217,529927081,way
UNNAMED_1242,,,unnamed,,,Bogard,282.893,41.3821711,-117.8894712,530977944,way
UNNAMED_1501,,,unnamed,,,Bogard,328.942,41.1343963,-117.2470194,728946293,way
UNNAMED_1794,,,unnamed,,,Bogard,253.551,41.3798811,-118.2587367,946177648,way
UNNAMED_1795,,,unnamed,,,Bogard,351.449,41.1573133,-116.9796497,946203790,way
UNNAMED_2810,,,unnamed,,,Bogard,330.062,41.2013964,-117.2491593,1437115546,way
UNNAMED_2826,,,unnamed,,,Bogard,330.257,41.1645425,-117.2378973,1442248887,way
UNNAMED_2827,,,unnamed,,,Bogard,332.087,41.2281196,-117.2313301,1442903974,way
UNNAMED_3450,,,unnamed,,,Bogard,425.825,41.4665813,-116.1498488,1509369892,way
UNNAMED_749,,,unnamed,,,Bogard,449.532,41.5729684,-115.8889533,170401702,way
UNNAMED_1260,,CFE,unnamed,,,Border,15.072,32.4270689,-116.9411358,555020054,way
UNNAMED_1398,,,unnamed,,,Border,6.715,32.5037969,-116.9268834,677412088,way
UNNAMED_1401,,,unnamed,,,Border,14.918,32.4453156,-116.8659195,677555678,way
UNNAMED_1572,,,unnamed,,,Border,12.298,32.455776,-116.9771406,769991382,way
UNNAMED_1573,,,unnamed,,,Border,13.168,32.4488478,-116.9822083,769992219,way
UNNAMED_1685,,,unnamed,,,Border,13.499,32.4451238,-116.9068694,879060424,way
UNNAMED_1688,,,unnamed,,,Border,16.155,32.4234614,-116.8935916,879249598,way
UNNAMED_1695,,,unnamed,,,Border,6.656,32.5040734,-116.9282742,879445173,way
UNNAMED_2008,,,unnamed,,,Border,13.661,32.4446761,-116.9840245,1119209683,way
UNNAMED_2009,,,unnamed,,,Border,12.422,32.4549966,-116.9787725,1119209697,way
UNNAMED_2029,,,unnamed,,,Borrego,31.769,33.4118278,-116.0507465,1122502636,way
UNNAMED_1783,,,unnamed,,,Boulevard,6.719,32.7214328,-116.2621165,934897453,way
UNNAMED_1195,,,unnamed,,,Bridgeport,62.382,38.5178714,-118.6250453,483756794,way
UNNAMED_1497,,,unnamed,,,Bridgeport,100.081,38.5357259,-118.1557082,724195901,way
UNNAMED_1498,,,unnamed,,,Bridgeport,74.502,38.6204197,-118.5460074,724847688,way
UNNAMED_1502,,,unnamed,,,Bridgeport,386.765,40.7847647,-116.1865248,729235507,way
UNNAMED_1648,,,unnamed,,,Bridgeport,80.956,38.5366378,-118.394802,849602985,way
UNNAMED_1716,,,unnamed,,,Bridgeport,98.457,38.5420485,-118.1787302,889978037,way
UNNAMED_1796,,,unnamed,,,Bridgeport,251.947,39.5912619,-116.9135768,954082291,way
UNNAMED_1797,,,unnamed,,,Bridgeport,251.722,39.5876595,-116.9133895,954082316,way
UNNAMED_1908,,,unnamed,,,Bridgeport,251.810,39.5858603,-116.910382,1061886223,way
UNNAMED_1984,,,unnamed,,,Bridgeport,300.360,40.3215014,-117.0401483,1098877200,way
UNNAMED_1985,,,unnamed,,,Bridgeport,32.786,38.3567522,-118.8983865,1099405740,way
UNNAMED_2149,,,unnamed,,,Bridgeport,361.431,40.7106076,-116.5265493,1218265545,way
UNNAMED_2669,,,unnamed,,,Bridgeport,251.834,39.5854686,-116.9096663,1299417615,way
UNNAMED_2707,,,unnamed,,,Bridgeport,331.581,40.4056292,-116.6098968,1333782559,way
UNNAMED_2708,,,unnamed,,,Bridgeport,331.645,40.4060274,-116.6093458,1333782560,way
UNNAMED_2824,,,unnamed,,,Bridgeport,265.572,40.1818092,-117.4751287,1442247160,way
UNNAMED_3387,,,unnamed,,,Bridgeport,65.959,38.5594718,-118.6109445,1485100448,way
UNNAMED_3389,,,unnamed,,,Bridgeport,305.275,40.2685871,-116.8720631,1485100450,way
UNNAMED_3454,,,unnamed,,,Bridgeport,311.762,40.2369032,-116.7176587,1515027443,way
UNNAMED_3455,,,unnamed,,,Bridgeport,311.770,40.23752,-116.7183391,1515027444,way
UNNAMED_665,,,unnamed,,,Bridgeport,235.553,39.5269614,-117.0901963,166195682,way
UNNAMED_666,,,unnamed,,,Bridgeport,132.632,39.294809,-118.5712223,166195684,way
UNNAMED_743,,,unnamed,,,Bridgeport,385.670,40.7946185,-116.2193688,170401690,way
UNNAMED_745,,,unnamed,,,Bridgeport,413.789,40.878154,-115.8537527,170401692,way
UNNAMED_746,,,unnamed,,,Bridgeport,387.929,40.7878577,-116.1707485,170401693,way
UNNAMED_747,,,unnamed,,,Bridgeport,415.144,40.8533828,-115.7994997,170401696,way
UNNAMED_748,,,unnamed,,,Bridgeport,386.234,40.7266122,-116.1163902,170401697,way
UNNAMED_751,,,unnamed,,,Bridgeport,313.476,40.1764636,-116.6125437,170402291,way
UNNAMED_752,,,unnamed,,,Bridgeport,313.559,40.2614406,-116.7201198,170402292,way
UNNAMED_776,,,unnamed,,,Bridgeport,485.783,41.1130645,-114.9776287,174197058,way
UNNAMED_777,,,unnamed,,,Bridgeport,417.950,40.840381,-115.7372821,174197059,way
UNNAMED_778,,,unnamed,,,Bridgeport,485.699,41.1119719,-114.9777099,174197061,way
UNNAMED_779,,,unnamed,,,Bridgeport,485.642,41.1120914,-114.9787333,174197062,way
UNNAMED_1175,,Sacramento Municipal Utility District,unnamed,,,Brighton,14.549,38.5458807,-121.2404729,468578941,way
UNNAMED_1183,,Sacramento Municipal Utility District,unnamed,,,Brighton,12.604,38.4376331,-121.375524,476447380,way
UNNAMED_1250,,Sacramento Municipal Utility District,unnamed,,,Brighton,7.716,38.577437,-121.3272898,548902173,way
UNNAMED_1251,,Sacramento Municipal Utility District,unnamed,,,Brighton,12.990,38.5892312,-121.2678751,548920886,way
UNNAMED_1279,,Sacramento Municipal Utility District,unnamed,,,Brighton,17.428,38.4020929,-121.3350895,571870293,way
UNNAMED_1358,,Sacramento Municipal Utility District,unnamed,,,Brighton,9.956,38.5736074,-121.2979625,636493000,way
UNNAMED_1427,,,unnamed,,,Brighton,14.342,38.4194953,-121.3959126,686494021,way
UNNAMED_1428,,,unnamed,,,Brighton,10.535,38.4534065,-121.4066277,687161806,way
UNNAMED_1528,,Sacramento Municipal Utility District,unnamed,,,Brighton,10.064,38.4630602,-121.4472001,738704988,way
UNNAMED_1613,,Sacramento Municipal Utility District,unnamed,,,Brighton,18.172,38.3869003,-121.3737583,826561761,way
UNNAMED_1627,,Sacramento Municipal Utility District,unnamed,,,Brighton,14.995,38.5066874,-121.2437147,838135103,way
UNNAMED_1838,,Sacramento Municipal Utility District,unnamed,,,Brighton,10.825,38.6049377,-121.3066002,1007840512,way
UNNAMED_1884,,Sacramento Municipal Utility District,unnamed,,,Brighton,17.044,38.3951773,-121.3952646,1046390550,way
UNNAMED_1924,,Sacramento Municipal Utility District,unnamed,,,Brighton,8.867,38.6275884,-121.3990071,1070719390,way
UNNAMED_1949,,Sacramento Municipal Utility District,unnamed,,,Brighton,7.204,38.6087433,-121.3784488,1073467473,way
UNNAMED_1956,,Sacramento Municipal Utility District,unnamed,,,Brighton,5.946,38.595342,-121.375597,1073724537,way
UNNAMED_1964,,Sacramento Municipal Utility District,unnamed,,,Brighton,12.495,38.6327894,-121.3131985,1083847007,way
UNNAMED_2098,,,unnamed,,,Brighton,14.550,38.6784484,-121.3924367,1183387426,way
UNNAMED_2414,,Sacramento Municipal Utility District,unnamed,,,Brighton,7.291,38.61273,-121.4221993,1280599842,way
UNNAMED_2417,,Sacramento Municipal Utility District,unnamed,,,Brighton,7.495,38.5553288,-121.32205,1280690099,way
UNNAMED_2418,,Sacramento Municipal Utility District,unnamed,,,Brighton,10.800,38.5780658,-121.2895654,1280692438,way
UNNAMED_2422,,Sacramento Municipal Utility District,unnamed,,,Brighton,6.075,38.6012886,-121.423947,1280942145,way
UNNAMED_2423,,Sacramento Municipal Utility District,unnamed,,,Brighton,6.636,38.6057944,-121.4274732,1280942147,way
UNNAMED_2424,,Sacramento Municipal Utility District,unnamed,,,Brighton,7.915,38.6083535,-121.4563049,1280950395,way
UNNAMED_2425,,Sacramento Municipal Utility District,unnamed,,,Brighton,8.388,38.6193479,-121.4395869,1280957547,way
UNNAMED_2426,,Sacramento Municipal Utility District,unnamed,,,Brighton,8.407,38.6223534,-121.4262431,1280957555,way
UNNAMED_2430,,Sacramento Municipal Utility District,unnamed,,,Brighton,7.206,38.6126481,-121.3997445,1281248325,way
UNNAMED_2431,,Sacramento Municipal Utility District,unnamed,,,Brighton,6.980,38.6108464,-121.4039016,1281248326,way
UNNAMED_2432,,Sacramento Municipal Utility District,unnamed,,,Brighton,6.569,38.6047337,-121.3860528,1281248331,way
UNNAMED_2434,,Sacramento Municipal Utility District,unnamed,,,Brighton,10.038,38.6314374,-121.3632212,1281781825,way
UNNAMED_2435,,Sacramento Municipal Utility District,unnamed,,,Brighton,8.691,38.6184707,-121.364109,1281786847,way
UNNAMED_2436,,Sacramento Municipal Utility District,unnamed,,,Brighton,7.548,38.6068036,-121.3640644,1281786850,way
UNNAMED_2437,,Sacramento Municipal Utility District,unnamed,,,Brighton,7.516,38.5915876,-121.3415161,1281794962,way
UNNAMED_2438,,Sacramento Municipal Utility District,unnamed,,,Brighton,8.063,38.6206413,-121.4057761,1281821863,way
UNNAMED_2439,,Sacramento Municipal Utility District,unnamed,,,Brighton,7.929,38.6162021,-121.3805421,1281825698,way
UNNAMED_2440,,Sacramento Municipal Utility District,unnamed,,,Brighton,7.612,38.6132716,-121.3807784,1281825701,way
UNNAMED_2451,,Sacramento Municipal Utility District,unnamed,,,Brighton,11.046,38.6459274,-121.3853541,1282626305,way
UNNAMED_2452,,Sacramento Municipal Utility District,unnamed,,,Brighton,8.370,38.6063119,-121.3466293,1282628355,way
UNNAMED_2457,,Sacramento Municipal Utility District,unnamed,,,Brighton,11.044,38.6474201,-121.4113977,1282955141,way
UNNAMED_2458,,Sacramento Municipal Utility District,unnamed,,,Brighton,10.992,38.6469593,-121.4109963,1282955142,way
UNNAMED_2459,,Sacramento Municipal Utility District,unnamed,,,Brighton,10.495,38.6425262,-121.4076824,1282955149,way
UNNAMED_2462,,Sacramento Municipal Utility District,unnamed,,,Brighton,5.132,38.5083895,-121.4377204,1283021111,way
UNNAMED_2465,,Sacramento Municipal Utility District,unnamed,,,Brighton,14.550,38.6784484,-121.3924367,1283338622,way
UNNAMED_2467,,Sacramento Municipal Utility District,unnamed,,,Brighton,10.592,38.6210547,-121.3293222,1283397354,way
UNNAMED_2468,,Sacramento Municipal Utility District,unnamed,,,Brighton,12.245,38.6393746,-121.3288357,1283401139,way
UNNAMED_2480,,Sacramento Municipal Utility District,unnamed,,,Brighton,5.919,38.6013373,-121.4102531,1283705812,way
UNNAMED_2505,,Sacramento Municipal Utility District,unnamed,,,Brighton,9.560,38.6134211,-121.3361672,1284912051,way
UNNAMED_2530,,Sacramento Municipal Utility District,unnamed,,,Brighton,12.742,38.5766572,-121.2658055,1285712993,way
UNNAMED_2531,,Sacramento Municipal Utility District,unnamed,,,Brighton,6.581,38.5437809,-121.3322721,1285755046,way
UNNAMED_2537,,Sacramento Municipal Utility District,unnamed,,,Brighton,6.544,38.5246027,-121.4767059,1285786149,way
UNNAMED_2540,,Sacramento Municipal Utility District,unnamed,,,Brighton,9.664,38.5861089,-121.3077525,1286098127,way
UNNAMED_2546,,Sacramento Municipal Utility District,unnamed,,,Brighton,9.571,38.5009743,-121.3157108,1287514041,way
UNNAMED_2547,,Sacramento Municipal Utility District,unnamed,,,Brighton,7.620,38.4807928,-121.3915588,1287824302,way
UNNAMED_2548,,Sacramento Municipal Utility District,unnamed,,,Brighton,8.395,38.4781802,-121.3714724,1287824304,way
UNNAMED_2549,,Sacramento Municipal Utility District,unnamed,,,Brighton,6.340,38.4920818,-121.3944446,1288121022,way
UNNAMED_2550,,Sacramento Municipal Utility District,unnamed,,,Brighton,9.383,38.4856387,-121.335281,1288127994,way
UNNAMED_2553,,Sacramento Municipal Utility District,unnamed,,,Brighton,10.065,38.4630585,-121.4472001,1290055831,way
UNNAMED_2555,,Sacramento Municipal Utility District,unnamed,,,Brighton,12.008,38.4481816,-121.4599468,1291127187,way
UNNAMED_2556,,Sacramento Municipal Utility District,unnamed,,,Brighton,12.005,38.4483681,-121.4604383,1291127481,way
UNNAMED_2557,,Sacramento Municipal Utility District,unnamed,,,Brighton,14.506,38.4216932,-121.4487537,1291136483,way
UNNAMED_2558,,Sacramento Municipal Utility District,unnamed,,,Brighton,13.826,38.4301627,-121.457912,1291144870,way
UNNAMED_2568,,Sacramento Municipal Utility District,unnamed,,,Brighton,20.890,38.4019676,-121.2569993,1293099409,way
UNNAMED_2571,,Sacramento Municipal Utility District,unnamed,,,Brighton,11.685,38.4530842,-121.3504928,1293278932,way
UNNAMED_2572,,Sacramento Municipal Utility District,unnamed,,,Brighton,9.972,38.4604296,-121.3838919,1293285553,way
UNNAMED_2573,,Sacramento Municipal Utility District,unnamed,,,Brighton,11.987,38.4403687,-121.4045026,1293285555,way
UNNAMED_2574,,Sacramento Municipal Utility District,unnamed,,,Brighton,6.345,38.4940339,-121.4309084,1293290135,way
UNNAMED_2575,,Sacramento Municipal Utility District,unnamed,,,Brighton,14.323,38.4227783,-121.3699464,1293292516,way
UNNAMED_2576,,Sacramento Municipal Utility District,unnamed,,,Brighton,12.776,38.4353945,-121.4360009,1293300583,way
UNNAMED_2577,,Sacramento Municipal Utility District,unnamed,,,Brighton,17.041,38.3951101,-121.4183114,1293302854,way
UNNAMED_2589,,Sacramento Municipal Utility District,unnamed,,,Brighton,10.680,38.6308871,-121.3453468,1293954629,way
UNNAMED_2590,,Sacramento Municipal Utility District,unnamed,,,Brighton,5.481,38.5549954,-121.3453296,1293960716,way
UNNAMED_2591,,Sacramento Municipal Utility District,unnamed,,,Brighton,8.083,38.4754542,-121.4091136,1293968785,way
UNNAMED_2629,,Sacramento Municipal Utility District,unnamed,,,Brighton,9.188,38.6248232,-121.4471119,1295827127,way
UNNAMED_2630,,Sacramento Municipal Utility District,unnamed,,,Brighton,15.908,38.4339749,-121.2975928,1295833885,way
UNNAMED_2631,,Sacramento Municipal Utility District,unnamed,,,Brighton,14.368,38.4191935,-121.418335,1295836063,way
UNNAMED_2632,,Sacramento Municipal Utility District,unnamed,,,Brighton,16.117,38.4069589,-121.4496273,1295836064,way
UNNAMED_2633,,Sacramento Municipal Utility District,unnamed,,,Brighton,8.637,38.4754245,-121.442631,1295838432,way
UNNAMED_2634,,Sacramento Municipal Utility District,unnamed,,,Brighton,7.194,38.4937846,-121.452588,1295838434,way
UNNAMED_2635,,Sacramento Municipal Utility District,unnamed,,,Brighton,8.863,38.4830829,-121.4665986,1295839843,way
UNNAMED_2636,,Sacramento Municipal Utility District,unnamed,,,Brighton,8.920,38.4910764,-121.4798111,1295840608,way
UNNAMED_2690,,Sacramento Municipal Utility District,unnamed,,,Brighton,12.615,38.6545366,-121.3573602,1315188290,way
UNNAMED_2988,,,unnamed,,,Brighton,15.466,38.5258111,-121.2322331,1467491565,way
UNNAMED_3305,,,unnamed,,,Brighton,12.711,38.5911833,-121.2723007,1485095191,way
UNNAMED_3306,,,unnamed,,,Brighton,12.267,38.6037632,-121.2858747,1485095192,way
UNNAMED_3339,,,unnamed,,,Brighton,16.069,38.4158764,-121.4821292,1485095234,way
UNNAMED_3342,,,unnamed,,,Brighton,5.677,38.5350346,-121.3446553,1485095245,way
UNNAMED_3343,,,unnamed,,,Brighton,5.791,38.5633806,-121.3440552,1485095246,way
UNNAMED_551,,Sacramento Municipal Utility District,unnamed,,,Brighton,10.133,38.6372887,-121.3835829,97513161,way
UNNAMED_552,,Sacramento Municipal Utility District,unnamed,,,Brighton,12.357,38.6576627,-121.3836702,97535591,way
UNNAMED_575,,Sacramento Municipal Utility District,unnamed,,,Brighton,12.406,38.6582592,-121.3847885,100928566,way
UNNAMED_856,,Sacramento Municipal Utility District,unnamed,,,Brighton,6.444,38.6023199,-121.4340616,190162603,way
UNNAMED_857,,Sacramento Municipal Utility District,unnamed,,,Brighton,7.251,38.6056485,-121.447082,190561359,way
UNNAMED_875,,Sacramento Municipal Utility District,unnamed,,,Brighton,8.728,38.4702044,-121.419645,204323050,way
UNNAMED_1679,,,unnamed,,,CAMERON,10.155,32.5568958,-116.5438364,878445490,way
UNNAMED_3243,,,unnamed,,,CANTUA,6.488,36.3991707,-120.2793456,1485095103,way
UNNAMED_3188,,,unnamed,,,CARNERAS,9.797,35.6015494,-119.7261017,1485095043,way
UNNAMED_1190,,,unnamed,,,CARRIZO PLAINS,11.183,35.3791029,-119.9168309,480697705,way
UNNAMED_2476,,Sacramento Municipal Utility District,unnamed,,,CATLETT,11.913,38.7101809,-121.4628025,1283685612,way
UNNAMED_2627,,Sacramento Municipal Utility District,unnamed,,,CATLETT,11.982,38.704869,-121.4799816,1295750024,way
UNNAMED_3303,,,unnamed,,,CATLETT,7.332,38.7902277,-121.5976845,1485095187,way
UNNAMED_2835,,,unnamed,,,CLARK ROAD,7.931,39.6785647,-121.7228597,1448110609,way
UNNAMED_1848,,Sacramento Municipal Utility District,unnamed,,,CLARKSVILLE,18.260,38.4947464,-121.1019875,1015117686,way
UNNAMED_3236,,,unnamed,,,COALINGA NO 1,8.911,36.1309175,-120.245142,1485095096,way
UNNAMED_3237,,,unnamed,,,COALINGA NO 1,8.107,36.1369487,-120.2538821,1485095097,way
UNNAMED_3241,,,unnamed,,,COALINGA NO 2,9.594,36.3075091,-120.2516437,1485095101,way
UNNAMED_2554,,Sacramento Municipal Utility District,unnamed,,,COLONY,18.976,38.3541994,-121.2424652,1291010261,way
UNNAMED_2580,,Sacramento Municipal Utility District,unnamed,,,COLONY,16.127,38.3352277,-121.1689809,1293468965,way
UNNAMED_2588,,Sacramento Municipal Utility District,unnamed,,,COLONY,13.498,38.311887,-121.1824482,1293519401,way
UNNAMED_3068,,,unnamed,,,COPPERMINE,11.785,36.9977148,-119.7033003,1485094904,way
UNNAMED_1225,,,unnamed,,,CRESCENT MILLS,271.721,40.8874354,-117.8714461,527232373,way
UNNAMED_1230,,,unnamed,,,CRESCENT MILLS,247.400,40.7807857,-118.1300837,527787097,way
UNNAMED_1231,,,unnamed,,,CRESCENT MILLS,139.723,40.462421,-119.3360435,528056804,way
UNNAMED_1232,,,unnamed,,,CRESCENT MILLS,141.532,40.5189091,-119.3373813,528056807,way
UNNAMED_1233,,,unnamed,,,CRESCENT MILLS,143.586,40.5795437,-119.3409667,528056809,way
UNNAMED_1236,,,unnamed,,,CRESCENT MILLS,138.574,40.4208905,-119.3348721,528226490,way
UNNAMED_1237,,,unnamed,,,CRESCENT MILLS,132.312,40.3829281,-119.3985759,528370243,way
UNNAMED_1238,,,unnamed,,,CRESCENT MILLS,136.276,40.3481509,-119.3405261,528370260,way
UNNAMED_1239,,,unnamed,,,CRESCENT MILLS,133.532,40.4169161,-119.3951158,528370263,way
UNNAMED_2032,,,unnamed,,,CRESCENT MILLS,277.426,40.9113593,-117.8103646,1131222574,way
UNNAMED_2153,,,unnamed,,,CRESCENT MILLS,306.302,40.9813758,-117.4790065,1222118305,way
UNNAMED_2778,,,unnamed,,,CRESCENT MILLS,62.811,40.0898152,-120.1723406,1421928021,way
UNNAMED_2784,,,unnamed,,,CRESCENT MILLS,48.270,40.4044287,-120.5132193,1427394672,way
UNNAMED_2785,,,unnamed,,,CRESCENT MILLS,46.953,40.3977769,-120.5265438,1427394674,way
UNNAMED_3023,,NV Energy,unnamed,,,CRESCENT MILLS,286.148,40.9627814,-117.7235841,1484695779,way
UNNAMED_3350,,,unnamed,,,CRESCENT MILLS,64.666,40.275278,-120.1874363,1485095256,way
UNNAMED_3388,,,unnamed,,,CRESCENT MILLS,132.159,40.380883,-119.3997949,1485100449,way
UNNAMED_3406,,,unnamed,,,CRESCENT MILLS,63.063,40.3513096,-120.2488201,1492294245,way
UNNAMED_792,,,unnamed,,,CRESCENT MILLS,66.523,40.1902824,-120.1383195,178219564,way
UNNAMED_956,,,unnamed,,,CRESCENT MILLS,143.240,40.5814759,-119.3463929,289300565,way
UNNAMED_2697,,,unnamed,,,CRESSEY,18.016,37.551499,-120.7715106,1321435355,way
UNNAMED_1435,,,unnamed,,,Cal City 'A',12.015,35.2114804,-118.0722258,691494481,way
UNNAMED_2790,,,unnamed,,,Cal City 'A',7.100,35.2000751,-118.0051337,1431583462,way
UNNAMED_2484,,,unnamed,,,Camp Far West,5.714,39.0977832,-121.3373333,1283902360,way
UNNAMED_2700,,,unnamed,,,Camp Far West,7.333,39.1136477,-121.3330696,1328841831,way
UNNAMED_974,,,unnamed,,,Camp Far West,9.783,39.1129378,-121.3946392,324329521,way
UNNAMED_1371,,,unnamed,,,Cantil,8.836,35.256011,-118.0235641,652919367,way
UNNAMED_1436,,,unnamed,,,Cantil,5.959,35.2565969,-117.9679195,691497710,way
UNNAMED_1764,,,unnamed,,,Capacitor,47.162,33.2498548,-115.5009156,917201157,way
UNNAMED_1765,,,unnamed,,,Capacitor,47.905,33.2430852,-115.5013532,917201158,way
UNNAMED_2211,,,unnamed,,,Capacitor,51.864,33.2049371,-115.5731235,1248907680,way
UNNAMED_2216,,,unnamed,,,Capacitor,54.359,33.1934554,-115.4348704,1248907780,way
UNNAMED_2493,,,unnamed,,,Capacitor,34.028,33.3849564,-115.6887628,1284506461,way
UNNAMED_674,,,unnamed,,,Capacitor,47.907,33.2431815,-115.5001812,166649174,way
UNNAMED_675,,,unnamed,,,Capacitor,47.998,33.2422601,-115.5011502,166649175,way
UNNAMED_3272,,,unnamed,,,Carbona,10.107,37.613142,-121.3601202,1485095136,way
UNNAMED_3273,,,unnamed,,,Carbona,9.893,37.6172314,-121.3562491,1485095137,way
UNNAMED_1095,,,unnamed,,,Carrizo Plains,11.809,35.331179,-119.924987,413449177,way
UNNAMED_3429,,,unnamed,,,Casitas,10.235,34.3545487,-119.4218422,1492309666,way
UNNAMED_545,,,unnamed,,,Cheney,12.353,36.5280147,-120.4859058,94670680,way
UNNAMED_805,,,unnamed,,,Chinese Station,17.369,37.8094554,-120.2988282,181658825,way
UNNAMED_2405,,,unnamed,,,Chowchilla,5.447,37.1202254,-120.3120213,1275887341,way
UNNAMED_2307,,,unnamed,,,Cima,61.847,35.2949127,-114.8364426,1253848937,way
UNNAMED_2765,,,unnamed,,,Clark Road,6.274,39.6050361,-121.6003059,1413371564,way
UNNAMED_2005,,Sacramento Municipal Utility District,unnamed,,,Colony,15.999,38.3024809,-121.2964841,1118797824,way
UNNAMED_2113,,,unnamed,,,Colony,13.995,38.2658881,-121.3099141,1191516674,way
UNNAMED_2578,,Sacramento Municipal Utility District,unnamed,,,Colony,12.915,38.274942,-121.2830443,1293458270,way
UNNAMED_2581,,Sacramento Municipal Utility District,unnamed,,,Colony,13.510,38.2640255,-121.3047467,1293479793,way
UNNAMED_2582,,Sacramento Municipal Utility District,unnamed,,,Colony,12.674,38.2545602,-121.3016524,1293479795,way
UNNAMED_2583,,Sacramento Municipal Utility District,unnamed,,,Colony,14.568,38.2714485,-121.3127459,1293482947,way
UNNAMED_3337,,,unnamed,,,Colony,12.870,38.2946395,-121.2454766,1485095232,way
UNNAMED_3338,,,unnamed,,,Colony,14.811,38.2738151,-121.3139065,1485095233,way
UNNAMED_1669,,,unnamed,,,Colorado River,17.844,33.6593621,-114.9827212,868988507,way
UNNAMED_1670,,,unnamed,,,Colorado River,20.422,33.6689006,-115.0082477,868998925,way
UNNAMED_1988,,,unnamed,,,Colorado River,17.881,33.6600397,-114.9827104,1104360199,way
UNNAMED_3470,,,unnamed,,,Colorado River,5.693,33.5729077,-114.7549113,1531507809,way
UNNAMED_2139,,,unnamed,,,Concho,13.231,33.7187532,-116.198651,1211516751,way
UNNAMED_2218,,,unnamed,,,Concho,9.673,33.7314151,-116.2341608,1248907832,way
UNNAMED_2492,,,unnamed,,,Concho,15.852,33.7443173,-116.1634075,1284485132,way
UNNAMED_669,,,unnamed,,,Concho,12.817,33.7429006,-116.1965834,166510331,way
UNNAMED_670,,,unnamed,,,Concho,7.490,33.7428509,-116.2549639,166510336,way
UNNAMED_671,,,unnamed,,,Concho,6.277,33.7975596,-116.2871019,166549841,way
UNNAMED_797,,,unnamed,,,Concho,8.156,33.7258792,-116.2542524,180762505,way
UNNAMED_3118,,,unnamed,,,Converse Flats,6.223,34.2470497,-116.8854037,1485094960,way
UNNAMED_1689,,,unnamed,,,Copus,5.084,35.1093675,-119.3312946,879310917,way
UNNAMED_1968,,,unnamed,,,Coso 1-3,32.380,36.2791681,-117.598156,1088743628,way
UNNAMED_2893,,,unnamed,,,Coso 1-3,38.114,36.1612598,-117.402734,1452784708,way
UNNAMED_2682,,,unnamed,,,Coso 8-9,20.148,35.8986915,-117.6058366,1306297709,way
UNNAMED_2868,,,unnamed,,,Coso 8-9,16.627,35.8579589,-117.7382177,1452386951,way
UNNAMED_2877,,,unnamed,,,Coso 8-9,20.145,35.8987103,-117.6058616,1452549945,way
UNNAMED_3320,,,unnamed,,,Cressey,9.758,37.4626433,-120.7403402,1485095211,way
UNNAMED_2535,,Sacramento Municipal Utility District,unnamed,,,DEEPWATER,5.125,38.5228879,-121.5135304,1285786142,way
UNNAMED_2536,,Sacramento Municipal Utility District,unnamed,,,DEEPWATER,5.312,38.519404,-121.5144705,1285786144,way
UNNAMED_2538,,Sacramento Municipal Utility District,unnamed,,,DEEPWATER,6.501,38.5032561,-121.5174297,1285792929,way
UNNAMED_2545,,Sacramento Municipal Utility District,unnamed,,,DEEPWATER,10.568,38.468161,-121.5012095,1287470276,way
UNNAMED_680,,Sacramento Municipal Utility District,unnamed,,,DEEPWATER,9.063,38.4816067,-121.5060361,167143570,way
UNNAMED_910,,,unnamed,,,DEEPWATER,6.733,38.4940184,-121.5351327,249257036,way
UNNAMED_1205,,,unnamed,,,Deep Springs,505.059,40.7401928,-114.047107,497807050,way
UNNAMED_1387,,,unnamed,,,Deep Springs,506.237,41.0336031,-114.4790765,671919075,way
UNNAMED_1406,,,unnamed,,,Deep Springs,505.657,40.9433125,-114.3401655,680242675,way
UNNAMED_1659,,,unnamed,,,Deep Springs,16.046,37.4895781,-117.8672378,853044521,way
UNNAMED_1660,,,unnamed,,,Deep Springs,16.867,37.49469,-117.8603695,853044522,way
UNNAMED_1843,,,unnamed,,,Deep Springs,339.737,39.2373268,-114.8904334,1011010852,way
UNNAMED_2045,,,unnamed,,,Deep Springs,148.853,38.1455786,-116.5929735,1148297519,way
UNNAMED_2208,,,unnamed,,,Deep Springs,119.956,37.8858727,-116.7778261,1247638931,way
UNNAMED_2209,,,unnamed,,,Deep Springs,119.900,37.8862336,-116.77879,1247638933,way
UNNAMED_2673,,,unnamed,,,Deep Springs,341.217,39.2489567,-114.8801802,1301571787,way
UNNAMED_2771,,,unnamed,,,Deep Springs,336.907,39.2801567,-114.973892,1418344344,way
UNNAMED_2772,,,unnamed,,,Deep Springs,336.929,39.2806267,-114.9740446,1418344352,way
UNNAMED_2775,,,unnamed,,,Deep Springs,116.401,37.7946161,-116.7673477,1421128501,way
UNNAMED_2858,,,unnamed,,,Deep Springs,110.973,38.2511614,-117.3729221,1450977892,way
UNNAMED_2902,,,unnamed,,,Deep Springs,70.604,37.0596109,-117.2853836,1452946146,way
UNNAMED_2904,,,unnamed,,,Deep Springs,77.487,37.7262214,-117.2184294,1453372770,way
UNNAMED_2942,,,unnamed,,,Deep Springs,127.783,38.1221628,-116.873378,1460346328,way
UNNAMED_3392,,,unnamed,,,Deep Springs,200.983,38.4643418,-116.1491785,1486824995,way
UNNAMED_663,,,unnamed,,,Deep Springs,297.746,39.5449464,-115.9737933,166020017,way
UNNAMED_664,,,unnamed,,,Deep Springs,333.336,39.2651871,-115.0114539,166020018,way
UNNAMED_758,,,unnamed,,,Deep Springs,52.018,37.7543678,-117.6324033,170816715,way
UNNAMED_759,,,unnamed,,,Deep Springs,75.335,37.8240892,-117.3373869,170816717,way
UNNAMED_760,,,unnamed,,,Deep Springs,120.691,38.3236189,-117.3097884,170816718,way
UNNAMED_761,,,unnamed,,,Deep Springs,95.647,38.1312348,-117.4593859,170816719,way
UNNAMED_772,,,unnamed,,,Deep Springs,555.200,41.3345397,-114.0412208,174019121,way
UNNAMED_773,,,unnamed,,,Deep Springs,588.777,41.6376156,-113.9032851,174019123,way
UNNAMED_774,,,unnamed,,,Deep Springs,503.175,40.7372613,-114.0755813,174019125,way
UNNAMED_775,,,unnamed,,,Deep Springs,503.652,40.8386773,-114.21436,174197057,way
UNNAMED_951,,,unnamed,,,Deep Springs,119.862,37.8860661,-116.7791782,284272125,way
UNNAMED_952,,,unnamed,,,Deep Springs,119.862,37.8860661,-116.7791782,284272126,way
UNNAMED_953,,,unnamed,,,Deep Springs,120.869,37.8858715,-116.766076,284315800,way
UNNAMED_977,,,unnamed,,,Deep Springs,339.299,39.2386593,-114.8980428,329887690,way
UNNAMED_2049,,,unnamed,,,Divide,8.932,34.8018615,-120.5408383,1150699353,way
UNNAMED_1224,,,unnamed,,,Dixon Landing,5.203,37.5036366,-121.9110529,526361284,way
UNNAMED_2887,,,unnamed,,,Downs,5.525,35.6587817,-117.7294498,1452692258,way
UNNAMED_3348,,,unnamed,,,Drum 2,8.061,39.2982044,-120.8440827,1485095254,way
UNNAMED_1218,,,unnamed,,,Dunlap,8.189,36.6369254,-119.0123216,523517068,way
UNNAMED_1000,,,unnamed,,,ECHO SUMMIT,43.683,39.1518134,-119.7492407,354759306,way
UNNAMED_1112,,,unnamed,,,ECHO SUMMIT,128.500,39.4601533,-118.7842108,433202204,way
UNNAMED_1114,,,unnamed,,,ECHO SUMMIT,109.741,39.467509,-119.0632166,435152382,way
UNNAMED_1115,,,unnamed,,,ECHO SUMMIT,95.851,39.4182501,-119.2231406,435154722,way
UNNAMED_1171,,,unnamed,,,ECHO SUMMIT,60.335,39.2294763,-119.5638146,464307692,way
UNNAMED_1212,,,unnamed,,,ECHO SUMMIT,26.383,38.976602,-119.7946456,510082138,way
UNNAMED_1216,,,unnamed,,,ECHO SUMMIT,139.080,39.6335184,-118.7971529,523257466,way
UNNAMED_1434,,,unnamed,,,ECHO SUMMIT,41.222,39.1279363,-119.7547637,691145363,way
UNNAMED_1443,,,unnamed,,,ECHO SUMMIT,45.171,39.1726646,-119.7594392,693668338,way
UNNAMED_1444,,,unnamed,,,ECHO SUMMIT,43.419,39.1584223,-119.7683351,693668339,way
UNNAMED_1450,,,unnamed,,,ECHO SUMMIT,225.783,39.9662657,-117.8556551,696267206,way
UNNAMED_1580,,,unnamed,,,ECHO SUMMIT,67.591,39.3030586,-119.5459793,781002180,way
UNNAMED_1651,,,unnamed,,,ECHO SUMMIT,73.108,38.9675659,-119.2039989,849897448,way
UNNAMED_1763,,,unnamed,,,ECHO SUMMIT,121.643,39.5125209,-118.9315809,917162710,way
UNNAMED_1906,,,unnamed,,,ECHO SUMMIT,149.184,39.5407325,-118.5649897,1060006664,way
UNNAMED_2552,,,unnamed,,,ECHO SUMMIT,27.159,38.955106,-119.7634313,1289548788,way
UNNAMED_2670,,,unnamed,,,ECHO SUMMIT,84.034,39.12715,-119.1378061,1299428585,way
UNNAMED_3009,,,unnamed,,,ECHO SUMMIT,109.430,39.464244,-119.0643874,1474190284,way
UNNAMED_3495,,,unnamed,,,ECHO SUMMIT,123.671,39.4866783,-118.8762177,7529943,relation
UNNAMED_3496,,,unnamed,,,ECHO SUMMIT,84.688,39.130583,-119.1314588,10078057,relation
UNNAMED_737,,,unnamed,,,ECHO SUMMIT,37.613,39.04256,-119.6961967,170362858,way
UNNAMED_738,,,unnamed,,,ECHO SUMMIT,40.991,39.0868371,-119.6956043,170362859,way
UNNAMED_739,,,unnamed,,,ECHO SUMMIT,47.049,39.1918743,-119.7586167,170362860,way
UNNAMED_740,,,unnamed,,,ECHO SUMMIT,84.445,39.1282045,-119.133196,170397799,way
UNNAMED_836,,,unnamed,,,ECHO SUMMIT,19.290,38.9580897,-119.8864926,185914044,way
UNNAMED_890,,,unnamed,,,ECHO SUMMIT,16.088,38.9523906,-119.9418853,222646432,way
UNNAMED_899,,,unnamed,,,ECHO SUMMIT,19.333,38.9803143,-119.9296883,232046410,way
UNNAMED_3064,,,unnamed,,,EL NIDO,7.439,37.1863558,-120.4902028,1485094898,way
UNNAMED_1362,,,unnamed,,,East County,5.546,32.5989519,-116.0754235,645735726,way
UNNAMED_2003,,,unnamed,,,East County,20.537,32.5714507,-115.9151715,1116145961,way
UNNAMED_2716,,,unnamed,,,East County,17.076,32.5953183,-115.9458215,1343901010,way
UNNAMED_2717,,,unnamed,,,East County,11.864,32.5919331,-116.0046393,1343901016,way
UNNAMED_2718,,,unnamed,,,East County,11.216,32.5852268,-116.0153152,1343901017,way
UNNAMED_1017,,,unnamed,,,Edgemont,5.039,33.9552163,-117.323665,368408174,way
UNNAMED_2442,,,unnamed,,,El Sobrante,6.332,33.915579,-117.4353977,1282256500,way
UNNAMED_1433,,,unnamed,,,Elk Hills Cogen 3,5.363,35.235122,-119.4387145,690695632,way
UNNAMED_1739,,,unnamed,,,Exchequer,18.030,37.6965506,-120.4201288,898200092,way
UNNAMED_3065,,,unnamed,,,Exchequer,17.817,37.6696662,-120.4436362,1485094899,way
UNNAMED_3039,,,unnamed,,,French Gulch,15.969,40.7972881,-122.7623811,1485094867,way
UNNAMED_837,,Western Area Power Administration,unnamed,,,French Gulch,15.815,40.7921039,-122.7674513,186041113,way
UNNAMED_1092,,,unnamed,,,French Meadows,24.603,39.165929,-120.144554,412835705,way
UNNAMED_634,,,unnamed,,,French Meadows,20.261,38.8970315,-120.3783977,149799502,way
UNNAMED_1768,,,unnamed,,,GIFFEN,5.531,36.5820083,-120.3778264,919203396,way
UNNAMED_2201,,,unnamed,,,GUSTINE,9.295,37.2531756,-121.1181156,1241934307,way
UNNAMED_2202,,,unnamed,,,GUSTINE,9.206,37.2527937,-121.1171111,1241934309,way
UNNAMED_1086,,,unnamed,,,GWF 4,5.057,37.9953004,-121.7018744,405714076,way
UNNAMED_3270,,,unnamed,,,GWF Tracy,7.112,37.6534166,-121.5267659,1485095134,way
UNNAMED_1420,,,unnamed,,,Gallo,12.001,37.4832866,-120.8463971,685589107,way
UNNAMED_1917,,,unnamed,,,Gallo,14.297,37.4876706,-120.8968763,1063443352,way
UNNAMED_2222,,Turlock Irrigation District,unnamed,,,Gallo,17.577,37.5374819,-120.8088817,1248953357,way
UNNAMED_3321,,,unnamed,,,Gallo,12.133,37.4786087,-120.866744,1485095212,way
UNNAMED_3322,,,unnamed,,,Gallo,14.413,37.5007657,-120.8668821,1485095213,way
UNNAMED_3323,,,unnamed,,,Gallo,16.319,37.5007157,-120.9135499,1485095214,way
UNNAMED_116,,,unnamed,,,Girvan,5.953,40.5364831,-122.315276,7083325273,node
UNNAMED_117,,,unnamed,,,Girvan,5.934,40.5397482,-122.317775,7083511981,node
UNNAMED_118,,,unnamed,,,Girvan,6.011,40.5404639,-122.31727,7083578443,node
UNNAMED_119,,,unnamed,,,Girvan,6.094,40.5428993,-122.318073,7085522219,node
UNNAMED_120,,,unnamed,,,Girvan,6.365,40.5443276,-122.315458,7085593136,node
UNNAMED_256,,,unnamed,,,Girvan,6.337,40.5451785,-122.316604,9753245230,node
UNNAMED_258,,,unnamed,,,Girvan,6.380,40.5487521,-122.319385,9797238832,node
UNNAMED_259,,,unnamed,,,Girvan,6.480,40.5476804,-122.316843,10005458412,node
UNNAMED_260,,,unnamed,,,Girvan,6.436,40.5481953,-122.317993,10005458413,node
UNNAMED_264,,,unnamed,,,Girvan,6.147,40.5489266,-122.323127,10005461819,node
UNNAMED_265,,,unnamed,,,Girvan,5.998,40.5489423,-122.325478,10005461820,node
UNNAMED_789,,Redding Electric Utility,unnamed,,,Girvan,5.383,40.5180606,-122.3154009,176723934,way
UNNAMED_1174,,,unnamed,,,Gold Hill,15.439,38.5368596,-121.2247344,468578940,way
UNNAMED_1522,,Sacramento Municipal Utility District,unnamed,,,Gold Hill,7.078,38.6264297,-121.2078968,734722206,way
UNNAMED_1826,,Sacramento Municipal Utility District,unnamed,,,Gold Hill,12.109,38.6178462,-121.2666054,992031560,way
UNNAMED_1827,,,unnamed,,,Gold Hill,8.715,38.6274494,-121.229438,992045133,way
UNNAMED_2482,,Sacramento Municipal Utility District,unnamed,,,Gold Hill,7.777,38.6520499,-121.226049,1283743885,way
UNNAMED_2506,,Sacramento Municipal Utility District,unnamed,,,Gold Hill,5.886,38.6682512,-121.2031311,1284953760,way
UNNAMED_2508,,Sacramento Municipal Utility District,unnamed,,,Gold Hill,8.583,38.6797428,-121.2314268,1284958075,way
UNNAMED_2510,,Sacramento Municipal Utility District,unnamed,,,Gold Hill,9.133,38.6639526,-121.2416121,1284997772,way
UNNAMED_2511,,Sacramento Municipal Utility District,unnamed,,,Gold Hill,10.703,38.6526222,-121.2598612,1285001312,way
UNNAMED_2516,,Sacramento Municipal Utility District,unnamed,,,Gold Hill,12.187,38.6451974,-121.2762152,1285254839,way
UNNAMED_2524,,Sacramento Municipal Utility District,unnamed,,,Gold Hill,9.350,38.5829114,-121.186469,1285357829,way
UNNAMED_2525,,Sacramento Municipal Utility District,unnamed,,,Gold Hill,8.731,38.6054228,-121.2119933,1285361102,way
UNNAMED_2526,,Sacramento Municipal Utility District,unnamed,,,Gold Hill,10.315,38.5860632,-121.2125185,1285361103,way
UNNAMED_2541,,Sacramento Municipal Utility District,unnamed,,,Gold Hill,18.019,38.4962055,-121.156904,1286118996,way
UNNAMED_2569,,Sacramento Municipal Utility District,unnamed,,,Gold Hill,21.460,38.4669894,-121.1763126,1293120042,way
UNNAMED_3304,,,unnamed,,,Gold Hill,12.658,38.6018986,-121.263927,1485095190,way
UNNAMED_3307,,,unnamed,,,Gold Hill,13.368,38.6191742,-121.2826439,1485095193,way
UNNAMED_3308,,,unnamed,,,Gold Hill,7.599,38.6376422,-121.2204932,1485095194,way
UNNAMED_3448,,Sacramento Municipal Utility District,unnamed,,,Gold Hill,12.382,38.5861922,-121.246241,1503430351,way
UNNAMED_494,,Sacramento Municipal Utility District,unnamed,,,Gold Hill,5.110,38.6424731,-121.1923687,85631842,way
UNNAMED_1971,,,unnamed,,,Goldtown,12.877,34.9578865,-118.1074919,1088863770,way
UNNAMED_1973,,,unnamed,,,Goldtown,5.278,35.0246354,-118.1407071,1088863779,way
UNNAMED_2744,,,unnamed,,,Goldtown,9.412,35.0579835,-118.0828599,1384756589,way
UNNAMED_1967,,,unnamed,,,Haiwee,28.995,36.3662949,-117.8976006,1088731012,way
UNNAMED_2409,,,unnamed,,,Halls Flat,14.897,40.845918,-121.3942231,1280011744,way
UNNAMED_1220,,,unnamed,,,Haypress Middle,303.590,40.9365653,-117.487682,524898975,way
UNNAMED_1226,,,unnamed,,,Haypress Middle,248.525,40.7231716,-118.0803097,527408819,way
UNNAMED_1228,,,unnamed,,,Haypress Middle,237.682,40.6635823,-118.1833575,527787091,way
UNNAMED_1229,,,unnamed,,,Haypress Middle,237.652,40.6637912,-118.1839273,527787092,way
UNNAMED_1500,,,unnamed,,,Haypress Middle,325.204,40.989829,-117.2329711,728942438,way
UNNAMED_1798,,,unnamed,,,Haypress Middle,227.894,40.5842911,-118.2573911,954813444,way
UNNAMED_2090,,,unnamed,,,Haypress Middle,224.734,40.534783,-118.2646003,1178707655,way
UNNAMED_2091,,,unnamed,,,Haypress Middle,224.089,40.5328479,-118.2718833,1178707656,way
UNNAMED_2356,,,unnamed,,,Haypress Middle,76.951,40.0774445,-119.9752535,1270251064,way
UNNAMED_2770,,,unnamed,,,Haypress Middle,237.725,40.6640398,-118.1831141,1417949125,way
UNNAMED_1705,,,unnamed,,,Hershey,18.611,37.6518939,-120.6747666,884225142,way
UNNAMED_2743,,,unnamed,,,Hershey,15.013,37.6261183,-120.9103373,1383012400,way
UNNAMED_2263,,,unnamed,,,Highgrove,5.604,33.9718998,-117.3322934,1250117745,way
UNNAMED_2676,,,unnamed,,,Highlands,9.387,39.0039113,-122.5425987,1302788813,way
UNNAMED_1546,,,unnamed,,,Hoopa,95.246,41.7802332,-123.0711932,757436698,way
UNNAMED_3038,,,unnamed,,,Hoopa,95.165,41.7422813,-122.9995696,1485094865,way
UNNAMED_2773,,,unnamed,,,Horno,5.598,33.344449,-117.4128726,1420097988,way
UNNAMED_2507,,Sacramento Municipal Utility District,unnamed,,,Horseshoe,6.946,38.693016,-121.2073233,1284958073,way
UNNAMED_2528,,Sacramento Municipal Utility District,unnamed,,,Horseshoe,5.524,38.7014041,-121.1937322,1285371660,way
UNNAMED_1392,,,unnamed,,,IMPERIAL BEACH,11.648,32.477678,-117.1091449,675931013,way
UNNAMED_1400,,,unnamed,,,IMPERIAL BEACH,7.776,32.5116877,-117.0956037,677547258,way
UNNAMED_2355,,,unnamed,,,INDIAN FLAT,13.679,37.7216439,-119.7028936,1267280545,way
UNNAMED_2929,,San Francisco Public Utilities Commission,unnamed,,,INDIAN FLAT,24.045,37.8813527,-119.8583272,1456794148,way
UNNAMED_2062,,,unnamed,,,IONE,14.893,38.3430159,-121.1234231,1156202140,way
UNNAMED_2570,,Sacramento Municipal Utility District,unnamed,,,IONE,21.562,38.442751,-121.1884096,1293121997,way
UNNAMED_1121,,,unnamed,,,Imperial Valley,54.271,33.168667,-115.4925227,437894401,way
UNNAMED_1141,,,unnamed,,,Imperial Valley,14.902,32.7907975,-115.8494223,453550602,way
UNNAMED_1142,,,unnamed,,,Imperial Valley,15.625,32.7917864,-115.8578155,453551434,way
UNNAMED_1143,,,unnamed,,,Imperial Valley,15.231,32.7904615,-115.8538336,453551435,way
UNNAMED_1261,,,unnamed,,,Imperial Valley,31.748,32.6205355,-115.3968351,555566788,way
UNNAMED_1262,,,unnamed,,,Imperial Valley,31.630,32.6198908,-115.3984571,555566789,way
UNNAMED_1263,,,unnamed,,,Imperial Valley,31.798,32.6197641,-115.3966108,555566790,way
UNNAMED_1264,,,unnamed,,,Imperial Valley,31.575,32.6209355,-115.3986289,555566791,way
UNNAMED_1265,,,unnamed,,,Imperial Valley,31.801,32.621302,-115.3959036,555571742,way
UNNAMED_1266,,,unnamed,,,Imperial Valley,31.813,32.621299,-115.3957757,555571744,way
UNNAMED_1267,,,unnamed,,,Imperial Valley,31.722,32.6214519,-115.3967342,555571748,way
UNNAMED_1268,,,unnamed,,,Imperial Valley,31.873,32.6207883,-115.3953046,555573766,way
UNNAMED_1270,,,unnamed,,,Imperial Valley,27.089,32.5694113,-115.4863475,558135665,way
UNNAMED_1338,,,unnamed,,,Imperial Valley,91.790,32.4141212,-114.8049242,612239218,way
UNNAMED_1366,,,unnamed,,,Imperial Valley,7.698,32.6786102,-115.6479666,651168031,way
UNNAMED_1367,,,unnamed,,,Imperial Valley,6.088,32.6779283,-115.6712596,651168033,way
UNNAMED_1414,,,unnamed,,,Imperial Valley,56.133,33.1702646,-115.4485355,682796147,way
UNNAMED_1415,,,unnamed,,,Imperial Valley,51.724,33.1340559,-115.4679361,682796150,way
UNNAMED_1416,,,unnamed,,,Imperial Valley,36.258,32.9990367,-115.5189096,682796152,way
UNNAMED_1445,,,unnamed,,,Imperial Valley,7.828,32.6637073,-115.6623426,693842295,way
UNNAMED_1446,,,unnamed,,,Imperial Valley,30.501,32.5961234,-115.4237454,693842297,way
UNNAMED_1447,,,unnamed,,,Imperial Valley,31.985,32.5897774,-115.4098077,693843191,way
UNNAMED_1448,,,unnamed,,,Imperial Valley,31.720,32.5904934,-115.4125477,693843194,way
UNNAMED_1644,,,unnamed,,,Imperial Valley,20.921,32.856155,-115.5637993,846270151,way
UNNAMED_1732,,,unnamed,,,Imperial Valley,8.890,32.6724443,-115.637543,896354047,way
UNNAMED_1733,,,unnamed,,,Imperial Valley,10.314,32.6725064,-115.6195704,896355479,way
UNNAMED_1734,,,unnamed,,,Imperial Valley,13.140,32.6712534,-115.5866685,896355485,way
UNNAMED_1808,,,unnamed,,,Imperial Valley,42.629,32.7744952,-115.264833,964187521,way
UNNAMED_1951,,,unnamed,,,Imperial Valley,31.315,32.9556306,-115.5358725,1073692882,way
UNNAMED_1952,,,unnamed,,,Imperial Valley,52.856,33.1686659,-115.5356927,1073692893,way
UNNAMED_1953,,,unnamed,,,Imperial Valley,52.809,33.1686249,-115.5371363,1073692894,way
UNNAMED_1954,,,unnamed,,,Imperial Valley,52.770,33.168525,-115.5381207,1073692895,way
UNNAMED_1955,,,unnamed,,,Imperial Valley,52.070,33.1615855,-115.5370416,1073692896,way
UNNAMED_1978,,,unnamed,,,Imperial Valley,17.600,32.7593099,-115.5340327,1095052153,way
UNNAMED_2011,,,unnamed,,,Imperial Valley,18.125,32.6473065,-115.541124,1119250340,way
UNNAMED_2012,,,unnamed,,,Imperial Valley,34.863,32.5978571,-115.3716581,1119355450,way
UNNAMED_2013,,,unnamed,,,Imperial Valley,43.343,32.5656937,-115.28953,1119443033,way
UNNAMED_2014,,,unnamed,,,Imperial Valley,43.256,32.5707127,-115.2880459,1119443035,way
UNNAMED_2015,,,unnamed,,,Imperial Valley,32.693,32.5686943,-115.414828,1119459977,way
UNNAMED_2016,,,unnamed,,,Imperial Valley,32.274,32.5846291,-115.4094578,1119459983,way
UNNAMED_2042,,,unnamed,,,Imperial Valley,18.769,32.8033029,-115.5424995,1144460029,way
UNNAMED_2043,,,unnamed,,,Imperial Valley,18.565,32.8027886,-115.5446623,1144460035,way
UNNAMED_2135,,,unnamed,,,Imperial Valley,43.589,32.5651349,-115.2869638,1210893913,way
UNNAMED_2136,,,unnamed,,,Imperial Valley,34.384,32.6483977,-115.3576778,1210893917,way
UNNAMED_2177,,,unnamed,,,Imperial Valley,17.463,32.7672087,-115.5383641,1234169205,way
UNNAMED_2178,,,unnamed,,,Imperial Valley,17.785,32.7956641,-115.549439,1234169237,way
UNNAMED_2179,,,unnamed,,,Imperial Valley,64.058,32.7062066,-115.0311248,1234169326,way
UNNAMED_2180,,,unnamed,,,Imperial Valley,55.155,32.7060539,-115.1263108,1234169329,way
UNNAMED_2183,,,unnamed,,,Imperial Valley,72.332,32.7111728,-114.9425667,1234453778,way
UNNAMED_2210,,,unnamed,,,Imperial Valley,53.072,33.1783856,-115.565883,1248907665,way
UNNAMED_2212,,,unnamed,,,Imperial Valley,46.813,33.0832512,-115.4664216,1248907698,way
UNNAMED_2214,,,unnamed,,,Imperial Valley,8.504,32.7717477,-115.7802887,1248907713,way
UNNAMED_2215,,,unnamed,,,Imperial Valley,8.572,32.7716227,-115.7814487,1248907714,way
UNNAMED_2223,,,unnamed,,,Imperial Valley,13.899,32.8266926,-115.7889668,1248985420,way
UNNAMED_2224,,,unnamed,,,Imperial Valley,32.404,32.6754209,-115.37308,1248985456,way
UNNAMED_2225,,,unnamed,,,Imperial Valley,30.681,32.6735281,-115.392062,1248985464,way
UNNAMED_2226,,,unnamed,,,Imperial Valley,26.680,32.6701006,-115.4362792,1248985498,way
UNNAMED_2227,,,unnamed,,,Imperial Valley,16.950,32.7134078,-115.5345682,1248985512,way
UNNAMED_2228,,,unnamed,,,Imperial Valley,16.574,32.7152616,-115.5385281,1248985517,way
UNNAMED_2229,,,unnamed,,,Imperial Valley,16.945,32.7147786,-115.5345804,1248985522,way
UNNAMED_2230,,,unnamed,,,Imperial Valley,16.937,32.7143501,-115.5346734,1248985524,way
UNNAMED_2231,,,unnamed,,,Imperial Valley,49.317,33.1265421,-115.5101504,1248985545,way
UNNAMED_2232,,,unnamed,,,Imperial Valley,36.733,33.0381625,-115.6189662,1248985553,way
UNNAMED_2233,,,unnamed,,,Imperial Valley,33.988,32.9869745,-115.5429349,1248985563,way
UNNAMED_2234,,,unnamed,,,Imperial Valley,36.658,33.0139539,-115.5428598,1248985569,way
UNNAMED_2235,,,unnamed,,,Imperial Valley,33.970,32.9798673,-115.5284748,1248985572,way
UNNAMED_2236,,,unnamed,,,Imperial Valley,32.787,32.9702984,-115.5341155,1248985582,way
UNNAMED_2237,,,unnamed,,,Imperial Valley,32.584,32.9684209,-115.5346325,1248985590,way
UNNAMED_2238,,,unnamed,,,Imperial Valley,30.854,32.9629859,-115.5607009,1248985615,way
UNNAMED_2239,,,unnamed,,,Imperial Valley,28.164,32.9061003,-115.5139111,1248985632,way
UNNAMED_2240,,,unnamed,,,Imperial Valley,28.001,32.9033094,-115.512857,1248985633,way
UNNAMED_2241,,,unnamed,,,Imperial Valley,22.316,32.8201733,-115.5102649,1248985641,way
UNNAMED_2242,,,unnamed,,,Imperial Valley,32.369,32.8123184,-115.3881748,1248985661,way
UNNAMED_2243,,,unnamed,,,Imperial Valley,18.541,32.7144619,-115.5175238,1248985692,way
UNNAMED_2244,,,unnamed,,,Imperial Valley,14.947,32.7636296,-115.5653669,1248985701,way
UNNAMED_2245,,,unnamed,,,Imperial Valley,15.665,32.7996225,-115.5791667,1248985710,way
UNNAMED_2246,,,unnamed,,,Imperial Valley,18.273,32.8806137,-115.7434634,1248985723,way
UNNAMED_2250,,,unnamed,,,Imperial Valley,42.781,32.7752273,-115.2633227,1249384420,way
UNNAMED_2255,,,unnamed,,,Imperial Valley,44.232,32.8165046,-115.2573431,1249384688,way
UNNAMED_2256,,,unnamed,,,Imperial Valley,44.278,32.816505,-115.2568429,1249384689,way
UNNAMED_2257,,,unnamed,,,Imperial Valley,44.325,32.7866026,-115.2487631,1249384698,way
UNNAMED_2258,,,unnamed,,,Imperial Valley,44.357,32.7865743,-115.248407,1249384699,way
UNNAMED_2497,,,unnamed,,,Imperial Valley,50.513,33.1643537,-115.6153771,1284506483,way
UNNAMED_2498,,,unnamed,,,Imperial Valley,50.255,33.1623593,-115.6177045,1284506485,way
UNNAMED_2499,,,unnamed,,,Imperial Valley,52.206,33.178057,-115.6043073,1284506487,way
UNNAMED_2500,,,unnamed,,,Imperial Valley,49.257,33.1571395,-115.6468008,1284506490,way
UNNAMED_2501,,,unnamed,,,Imperial Valley,49.409,33.157731,-115.639983,1284506495,way
UNNAMED_2502,,,unnamed,,,Imperial Valley,48.971,33.1537062,-115.6396149,1284506496,way
UNNAMED_2503,,,unnamed,,,Imperial Valley,51.125,33.1407865,-115.5005403,1284506509,way
UNNAMED_2955,,,unnamed,,,Imperial Valley,6.114,32.6784095,-115.6702632,1462827080,way
UNNAMED_2956,,,unnamed,,,Imperial Valley,5.909,32.6801538,-115.6712743,1462827081,way
UNNAMED_3415,,,unnamed,,,Imperial Valley,49.312,33.1568308,-115.6398126,1492309464,way
UNNAMED_3416,,,unnamed,,,Imperial Valley,48.636,33.1482964,-115.6224802,1492309465,way
UNNAMED_4,,,unnamed,,,Imperial Valley,29.574,32.6556153,-115.4084507,1227434285,node
UNNAMED_403,,,unnamed,,,Imperial Valley,8.704,32.6510182,-115.6674225,52174006,way
UNNAMED_404,,,unnamed,,,Imperial Valley,31.079,32.5882455,-115.4216084,52301827,way
UNNAMED_407,,,unnamed,,,Imperial Valley,27.198,32.6251003,-115.4468386,54845889,way
UNNAMED_518,,,unnamed,,,Imperial Valley,21.320,32.6870632,-115.4907845,90744992,way
UNNAMED_519,,,unnamed,,,Imperial Valley,10.269,32.793734,-115.7784191,90745011,way
UNNAMED_520,,,unnamed,,,Imperial Valley,17.004,32.8178626,-115.5779831,90745030,way
UNNAMED_521,,,unnamed,,,Imperial Valley,10.903,32.8114114,-115.6804109,90745032,way
UNNAMED_632,,,unnamed,,,Imperial Valley,14.677,32.7810808,-115.5778413,147193868,way
UNNAMED_858,,,unnamed,,,Imperial Valley,17.937,32.7290841,-115.524377,192653254,way
UNNAMED_885,,,unnamed,,,Imperial Valley,41.741,32.7703443,-115.2737275,211265340,way
UNNAMED_981,,,unnamed,,,Imperial Valley,15.277,32.6013578,-115.6293222,345602357,way
UNNAMED_982,,,unnamed,,,Imperial Valley,19.487,32.614578,-115.8837763,345602370,way
UNNAMED_983,,,unnamed,,,Imperial Valley,15.649,32.5970593,-115.6300762,345602372,way
UNNAMED_984,,,unnamed,,,Imperial Valley,20.022,32.6291384,-115.5295797,345602378,way
UNNAMED_985,,,unnamed,,,Imperial Valley,8.050,32.6483935,-115.6917971,345602387,way
UNNAMED_986,,,unnamed,,,Imperial Valley,13.999,32.600215,-115.6626759,345602389,way
UNNAMED_2132,,,unnamed,,,Indian Wells,7.562,33.6991913,-116.2699904,1209455960,way
UNNAMED_2217,,,unnamed,,,Indian Wells,10.505,33.7092818,-116.2322443,1248907820,way
UNNAMED_2248,,,unnamed,,,Indian Wells,31.153,33.5249612,-116.1132023,1248985753,way
UNNAMED_2489,,,unnamed,,,Indian Wells,5.492,33.7141327,-116.2867538,1284460823,way
UNNAMED_2490,,,unnamed,,,Indian Wells,6.952,33.6819638,-116.2943196,1284460829,way
UNNAMED_2491,,,unnamed,,,Indian Wells,9.668,33.6717327,-116.2650362,1284460830,way
UNNAMED_2496,,,unnamed,,,Indian Wells,32.512,33.555656,-116.060772,1284506472,way
UNNAMED_3471,,,unnamed,,,Indian Wells,28.424,33.5868439,-116.0883363,1531564021,way
UNNAMED_3492,,Imperial Irrigation District,unnamed,,,Indian Wells,14.622,33.6304071,-116.2392514,2646186,relation
UNNAMED_3493,,Imperial Irrigation District,unnamed,,,Indian Wells,12.675,33.6845905,-116.2172365,2864017,relation
UNNAMED_2866,,,unnamed,,,Inyokern,14.190,35.7775592,-117.7592907,1452006209,way
UNNAMED_2867,,,unnamed,,,Inyokern,5.744,35.6961982,-117.7591903,1452006855,way
UNNAMED_2890,,,unnamed,,,Inyokern,5.915,35.7053956,-117.8068233,1452767368,way
UNNAMED_1090,,,unnamed,,,Ione Energy,11.164,38.2268734,-121.0245437,407058988,way
UNNAMED_824,,,unnamed,,,Ione Energy,11.967,38.2135851,-121.0244569,182796585,way
UNNAMED_1018,,,unnamed,,,Ivanpah,71.865,36.1166939,-115.0984935,371296023,way
UNNAMED_1019,,,unnamed,,,Ivanpah,91.559,36.2209087,-114.8895308,374224080,way
UNNAMED_1044,,,unnamed,,,Ivanpah,86.786,36.2457734,-115.0462297,388593837,way
UNNAMED_1045,,,unnamed,,,Ivanpah,86.800,36.2452902,-115.0446647,388593841,way
UNNAMED_1102,,,unnamed,,,Ivanpah,73.530,36.1451988,-115.1280728,425896159,way
UNNAMED_1146,,,unnamed,,,Ivanpah,66.346,36.1314681,-115.3373559,457838993,way
UNNAMED_1172,,,unnamed,,,Ivanpah,76.975,36.2191377,-115.2778758,464768313,way
UNNAMED_1197,,,unnamed,,,Ivanpah,90.657,36.2773364,-115.0279866,485562212,way
UNNAMED_1201,,,unnamed,,,Ivanpah,82.077,36.2045316,-115.061325,495015847,way
UNNAMED_1234,,NV Energy,unnamed,,,Ivanpah,78.915,36.2035919,-115.144369,528065323,way
UNNAMED_1235,,,unnamed,,,Ivanpah,82.463,36.2171537,-115.0837327,528065329,way
UNNAMED_1247,,NV Energy,unnamed,,,Ivanpah,86.057,36.2683364,-115.1310397,545591371,way
UNNAMED_1248,,NV Energy,unnamed,,,Ivanpah,85.211,36.2756056,-115.1857538,547269824,way
UNNAMED_1259,,,unnamed,,,Ivanpah,62.243,36.027159,-115.1196283,555004737,way
UNNAMED_1271,,,unnamed,,,Ivanpah,68.984,35.9973085,-114.946355,566854785,way
UNNAMED_1275,,,unnamed,,,Ivanpah,97.303,35.7207907,-114.414371,569126509,way
UNNAMED_1276,,,unnamed,,,Ivanpah,118.860,35.7063164,-114.1690362,569149510,way
UNNAMED_1277,,NV Energy,unnamed,,,Ivanpah,81.680,36.2290857,-115.1404651,570063253,way
UNNAMED_1284,,,unnamed,,,Ivanpah,55.312,36.0072781,-115.2443423,584045508,way
UNNAMED_1288,,,unnamed,,,Ivanpah,80.972,36.1857499,-115.0433178,587849467,way
UNNAMED_1289,,NV Energy,unnamed,,,Ivanpah,83.954,36.2436853,-115.1174578,588458034,way
UNNAMED_1295,,,unnamed,,,Ivanpah,52.886,35.7921334,-114.9691561,592549456,way
UNNAMED_1296,,,unnamed,,,Ivanpah,51.362,35.792308,-114.989173,592549458,way
UNNAMED_1297,,,unnamed,,,Ivanpah,91.791,36.3657832,-115.3670526,592901916,way
UNNAMED_1298,,,unnamed,,,Ivanpah,91.145,36.3588367,-115.3543405,592903625,way
UNNAMED_1299,,,unnamed,,,Ivanpah,126.462,36.5340976,-114.7759498,593121335,way
UNNAMED_1335,,,unnamed,,,Ivanpah,74.639,36.1641621,-115.1507953,609019395,way
UNNAMED_1341,,,unnamed,,,Ivanpah,187.656,36.8029376,-114.07597,614319621,way
UNNAMED_1342,,,unnamed,,,Ivanpah,185.304,36.806923,-114.1212961,614326455,way
UNNAMED_1343,,,unnamed,,,Ivanpah,186.106,36.8004886,-114.0985929,614326457,way
UNNAMED_1352,,,unnamed,,,Ivanpah,66.823,36.1160296,-115.2401481,626418186,way
UNNAMED_1354,,,unnamed,,,Ivanpah,59.462,36.0026099,-115.1290889,631695259,way
UNNAMED_1356,,,unnamed,,,Ivanpah,69.077,36.0423119,-115.0109193,635854972,way
UNNAMED_1357,,,unnamed,,,Ivanpah,72.476,36.0695954,-114.9929279,636220508,way
UNNAMED_1373,,,unnamed,,,Ivanpah,65.105,36.0820169,-115.1829167,655270664,way
UNNAMED_1375,,,unnamed,,,Ivanpah,79.617,36.2363503,-115.2416753,655507532,way
UNNAMED_1379,,,unnamed,,,Ivanpah,56.227,36.0269994,-115.2827865,661387044,way
UNNAMED_1381,,,unnamed,,,Ivanpah,65.509,36.0874237,-115.1871061,664543577,way
UNNAMED_1385,,NV Energy,unnamed,,,Ivanpah,83.720,36.2707362,-115.224068,671181874,way
UNNAMED_1386,,NV Energy,unnamed,,,Ivanpah,82.675,36.2528526,-115.1903411,671181924,way
UNNAMED_1393,,,unnamed,,,Ivanpah,79.773,36.2026205,-115.1167316,676146360,way
UNNAMED_1462,,,unnamed,,,Ivanpah,61.273,36.0561961,-115.217069,700964338,way
UNNAMED_1463,,,unnamed,,,Ivanpah,84.809,36.2409277,-115.085299,704711905,way
UNNAMED_1509,,,unnamed,,,Ivanpah,58.634,35.8717433,-114.9597909,733028083,way
UNNAMED_1510,,,unnamed,,,Ivanpah,54.180,35.8307287,-114.9835114,733033482,way
UNNAMED_1536,,,unnamed,,,Ivanpah,83.531,36.2753565,-115.2549305,749585291,way
UNNAMED_1637,,,unnamed,,,Ivanpah,70.531,36.0555279,-115.0057922,844359208,way
UNNAMED_1645,,,unnamed,,,Ivanpah,85.771,35.8655252,-114.605231,848021013,way
UNNAMED_1647,,,unnamed,,,Ivanpah,64.654,36.0528481,-115.1211354,848515607,way
UNNAMED_1719,,,unnamed,,,Ivanpah,74.746,36.110226,-115.0213013,891694615,way
UNNAMED_1720,,,unnamed,,,Ivanpah,71.498,36.0885578,-115.0464668,891694617,way
UNNAMED_1723,,,unnamed,,,Ivanpah,15.114,35.6334463,-115.3426357,896244483,way
UNNAMED_1724,,,unnamed,,,Ivanpah,13.172,35.6198052,-115.3565742,896244485,way
UNNAMED_1728,,,unnamed,,,Ivanpah,109.542,36.4184086,-114.9071847,896290978,way
UNNAMED_1749,,,unnamed,,,Ivanpah,79.352,36.1692503,-115.0435653,907944239,way
UNNAMED_1816,,,unnamed,,,Ivanpah,194.503,36.8926289,-114.0874419,973177189,way
UNNAMED_1821,,,unnamed,,,Ivanpah,56.152,36.0018548,-115.2052639,987085766,way
UNNAMED_1876,,,unnamed,,,Ivanpah,77.244,36.2033441,-115.1974749,1034862190,way
UNNAMED_1916,,,unnamed,,,Ivanpah,52.026,35.778042,-114.9699863,1063443350,way
UNNAMED_1934,,,unnamed,,,Ivanpah,110.307,36.4283523,-114.9124521,1071378086,way
UNNAMED_1996,,,unnamed,,,Ivanpah,104.903,35.8647413,-114.3761546,1113194296,way
UNNAMED_2022,,,unnamed,,,Ivanpah,126.160,36.5409996,-114.798218,1120726656,way
UNNAMED_2069,,,unnamed,,,Ivanpah,98.694,35.8200747,-114.4302329,1164902443,way
UNNAMED_2070,,,unnamed,,,Ivanpah,98.860,35.8193588,-114.4280201,1164902445,way
UNNAMED_2111,,,unnamed,,,Ivanpah,63.487,36.0230734,-115.0852678,1190526097,way
UNNAMED_2130,,,unnamed,,,Ivanpah,69.383,35.9357517,-114.8701607,1203381426,way
UNNAMED_2172,,,unnamed,,,Ivanpah,93.048,36.232133,-114.8804713,1230230423,way
UNNAMED_2173,,,unnamed,,,Ivanpah,92.460,36.2250417,-114.8793564,1230230426,way
UNNAMED_2284,,,unnamed,,,Ivanpah,76.112,35.9758483,-114.8140468,1253848223,way
UNNAMED_2285,,,unnamed,,,Ivanpah,90.201,36.2927069,-115.0821777,1253848242,way
UNNAMED_2286,,,unnamed,,,Ivanpah,71.961,36.1293989,-115.1275087,1253848383,way
UNNAMED_2287,,,unnamed,,,Ivanpah,71.137,36.085799,-115.0485834,1253848570,way
UNNAMED_2288,,,unnamed,,,Ivanpah,70.154,36.0410793,-114.9892741,1253848703,way
UNNAMED_2289,,,unnamed,,,Ivanpah,72.146,36.0321715,-114.9414757,1253848709,way
UNNAMED_2290,,,unnamed,,,Ivanpah,72.486,36.0238494,-114.924448,1253848717,way
UNNAMED_2291,,,unnamed,,,Ivanpah,79.502,36.0218979,-114.8129301,1253848768,way
UNNAMED_2292,,,unnamed,,,Ivanpah,82.997,36.068663,-114.8137945,1253848776,way
UNNAMED_2293,,,unnamed,,,Ivanpah,80.791,36.0353732,-114.8086342,1253848785,way
UNNAMED_2294,,,unnamed,,,Ivanpah,81.745,36.0666866,-114.8309816,1253848811,way
UNNAMED_2295,,,unnamed,,,Ivanpah,76.850,36.0014313,-114.8299185,1253848812,way
UNNAMED_2296,,,unnamed,,,Ivanpah,83.915,36.0170522,-114.7437137,1253848822,way
UNNAMED_2297,,,unnamed,,,Ivanpah,84.140,36.0193271,-114.7427636,1253848823,way
UNNAMED_2302,,,unnamed,,,Ivanpah,84.169,36.0122533,-114.7354376,1253848880,way
UNNAMED_2303,,,unnamed,,,Ivanpah,81.541,36.020355,-114.7812294,1253848906,way
UNNAMED_2304,,,unnamed,,,Ivanpah,48.768,35.4841127,-114.9352301,1253848928,way
UNNAMED_2305,,,unnamed,,,Ivanpah,48.783,35.4829036,-114.9352704,1253848930,way
UNNAMED_2306,,,unnamed,,,Ivanpah,49.202,35.4595864,-114.9354786,1253848935,way
UNNAMED_2315,,,unnamed,,,Ivanpah,72.261,36.1142813,-115.0836542,1254209373,way
UNNAMED_2317,,,unnamed,,,Ivanpah,82.589,36.2318129,-115.1216845,1254435973,way
UNNAMED_2318,,,unnamed,,,Ivanpah,74.760,36.1595947,-115.1342374,1254436062,way
UNNAMED_2319,,,unnamed,,,Ivanpah,101.635,36.3435302,-114.9208867,1254436100,way
UNNAMED_2320,,,unnamed,,,Ivanpah,103.575,36.359136,-114.9111429,1254436103,way
UNNAMED_2321,,,unnamed,,,Ivanpah,101.620,36.3471005,-114.9292341,1254436130,way
UNNAMED_2322,,,unnamed,,,Ivanpah,107.573,36.4202254,-114.961079,1254436201,way
UNNAMED_2323,,,unnamed,,,Ivanpah,104.074,36.3881584,-114.9683756,1254436203,way
UNNAMED_2324,,,unnamed,,,Ivanpah,104.099,36.3879233,-114.9671354,1254436204,way
UNNAMED_2325,,,unnamed,,,Ivanpah,100.670,36.3554549,-114.9719349,1254436205,way
UNNAMED_2326,,,unnamed,,,Ivanpah,95.886,36.3137392,-114.9878575,1254436207,way
UNNAMED_2327,,,unnamed,,,Ivanpah,72.003,36.1435033,-115.1657566,1254436294,way
UNNAMED_2328,,,unnamed,,,Ivanpah,72.299,36.1407175,-115.1491909,1254436301,way
UNNAMED_2329,,,unnamed,,,Ivanpah,71.255,36.1429046,-115.1863899,1255471970,way
UNNAMED_2330,,,unnamed,,,Ivanpah,70.984,36.1576361,-115.2500218,1255472012,way
UNNAMED_2331,,,unnamed,,,Ivanpah,63.378,36.083822,-115.2418447,1255472243,way
UNNAMED_2332,,,unnamed,,,Ivanpah,74.114,35.9690966,-114.8358854,1255876875,way
UNNAMED_2333,,,unnamed,,,Ivanpah,75.828,36.0670001,-114.9287185,1255876923,way
UNNAMED_2334,,,unnamed,,,Ivanpah,74.815,36.0735181,-114.9564259,1255876942,way
UNNAMED_2335,,,unnamed,,,Ivanpah,65.384,36.0275118,-115.0556854,1255876990,way
UNNAMED_2357,,,unnamed,,,Ivanpah,120.311,36.4640461,-114.7642357,1270284471,way
UNNAMED_2358,,,unnamed,,,Ivanpah,118.813,36.4913568,-114.8569349,1270284473,way
UNNAMED_2359,,,unnamed,,,Ivanpah,110.147,36.4203738,-114.8973276,1270284476,way
UNNAMED_2529,,,unnamed,,,Ivanpah,74.288,35.9780437,-114.8426022,1285632844,way
UNNAMED_2712,,,unnamed,,,Ivanpah,123.189,36.4929489,-114.7612065,1337873344,way
UNNAMED_2713,,,unnamed,,,Ivanpah,173.486,36.7399593,-114.2275344,1337873428,way
UNNAMED_2714,,,unnamed,,,Ivanpah,149.002,36.7653727,-114.7850393,1337873454,way
UNNAMED_2800,,NV Energy,unnamed,,,Ivanpah,69.302,36.1086762,-115.1425026,1434909474,way
UNNAMED_2802,,,unnamed,,,Ivanpah,70.026,36.0924243,-115.086259,1435652214,way
UNNAMED_2912,,,unnamed,,,Ivanpah,53.525,35.8315207,-114.9932286,1454143614,way
UNNAMED_2939,,,unnamed,,,Ivanpah,130.959,35.902339,-114.0868277,1460196081,way
UNNAMED_2953,,,unnamed,,,Ivanpah,71.257,36.1291402,-115.1454633,1462321071,way
UNNAMED_3017,,NV Energy,unnamed,,,Ivanpah,73.655,36.2031465,-115.3830771,1481637138,way
UNNAMED_329,,,unnamed,,,Ivanpah,57.342,35.9442817,-115.067713,12485176239,node
UNNAMED_3375,,,unnamed,,,Ivanpah,83.123,36.0590766,-114.8004469,1485100436,way
UNNAMED_3376,,,unnamed,,,Ivanpah,83.806,36.0702075,-114.8030828,1485100437,way
UNNAMED_3377,,,unnamed,,,Ivanpah,83.406,36.0806067,-114.8221017,1485100438,way
UNNAMED_3378,,,unnamed,,,Ivanpah,75.971,36.0686296,-114.9286336,1485100439,way
UNNAMED_3379,,,unnamed,,,Ivanpah,72.504,36.0701728,-114.9933788,1485100440,way
UNNAMED_3380,,,unnamed,,,Ivanpah,73.749,36.1106306,-115.0429306,1485100441,way
UNNAMED_3381,,,unnamed,,,Ivanpah,88.294,36.2658291,-115.0593159,1485100442,way
UNNAMED_3382,,,unnamed,,,Ivanpah,82.512,36.2046223,-115.0508405,1485100443,way
UNNAMED_3383,,,unnamed,,,Ivanpah,75.361,36.1557082,-115.1078602,1485100444,way
UNNAMED_3384,,,unnamed,,,Ivanpah,56.843,36.0510756,-115.3851583,1485100445,way
UNNAMED_3385,,,unnamed,,,Ivanpah,57.248,36.0547095,-115.3847447,1485100446,way
UNNAMED_347,,,unnamed,,,Ivanpah,65.820,36.1153571,-115.2762352,27500831,way
UNNAMED_348,,,unnamed,,,Ivanpah,73.425,36.186597,-115.2792454,27620991,way
UNNAMED_349,,,unnamed,,,Ivanpah,75.400,36.199308,-115.2519317,27631478,way
UNNAMED_350,,,unnamed,,,Ivanpah,67.985,36.0689317,-115.0815518,27738392,way
UNNAMED_3501,,Overton Power District Number 5,unnamed,,,Ivanpah,186.720,36.8209803,-114.1172394,15326442,relation
UNNAMED_3506,,,unnamed,,,Ivanpah,71.501,36.1303429,-115.1421637,19463620,relation
UNNAMED_352,,,unnamed,,,Ivanpah,64.960,36.090642,-115.213428,27831034,way
UNNAMED_353,,,unnamed,,,Ivanpah,61.892,36.086459,-115.3129354,27886952,way
UNNAMED_354,,,unnamed,,,Ivanpah,66.443,36.093956,-115.1795618,29767264,way
UNNAMED_391,,Nevada Power,unnamed,,,Ivanpah,63.154,36.0574378,-115.168472,38618732,way
UNNAMED_392,,,unnamed,,,Ivanpah,67.677,36.0830776,-115.1195331,39241828,way
UNNAMED_458,,,unnamed,,,Ivanpah,72.725,36.022264,-114.9184573,79792334,way
UNNAMED_459,,,unnamed,,,Ivanpah,69.689,36.0222847,-114.9690734,79792336,way
UNNAMED_460,,Western Area Power Administration,unnamed,,,Ivanpah,77.622,35.9792986,-114.79598,79792338,way
UNNAMED_461,,,unnamed,,,Ivanpah,71.619,36.0385813,-114.9596495,79792356,way
UNNAMED_462,,,unnamed,,,Ivanpah,83.873,36.0159988,-114.7432805,79792360,way
UNNAMED_463,,,unnamed,,,Ivanpah,72.915,36.0257846,-114.920015,79792364,way
UNNAMED_464,,,unnamed,,,Ivanpah,84.051,36.0183065,-114.7430152,79792367,way
UNNAMED_465,,,unnamed,,,Ivanpah,66.315,35.9866746,-114.9758402,79801819,way
UNNAMED_466,,,unnamed,,,Ivanpah,12.811,35.6149096,-115.3568826,79875883,way
UNNAMED_474,,,unnamed,,,Ivanpah,29.322,35.7845061,-115.3346915,81288294,way
UNNAMED_475,,,unnamed,,,Ivanpah,17.183,35.6783957,-115.3742146,81288298,way
UNNAMED_485,,,unnamed,,,Ivanpah,100.693,35.5320899,-114.3561811,82254669,way
UNNAMED_486,,,unnamed,,,Ivanpah,90.838,35.7219069,-114.4878165,82360286,way
UNNAMED_487,,,unnamed,,,Ivanpah,78.906,36.0085312,-114.8072751,82360302,way
UNNAMED_488,,,unnamed,,,Ivanpah,76.455,35.9946987,-114.8284964,82360305,way
UNNAMED_489,,,unnamed,,,Ivanpah,74.008,35.9780618,-114.8467023,82360317,way
UNNAMED_504,,,unnamed,,,Ivanpah,76.736,36.0846619,-114.939402,87762418,way
UNNAMED_505,,,unnamed,,,Ivanpah,147.958,36.6640212,-114.5789271,87886519,way
UNNAMED_506,,,unnamed,,,Ivanpah,147.997,36.680404,-114.6103976,87886522,way
UNNAMED_507,,,unnamed,,,Ivanpah,148.187,36.6812399,-114.6080281,87886532,way
UNNAMED_508,,,unnamed,,,Ivanpah,144.621,36.6571689,-114.6355542,87886534,way
UNNAMED_574,,,unnamed,,,Ivanpah,84.144,36.0202389,-114.7436019,100902295,way
UNNAMED_587,,,unnamed,,,Ivanpah,69.368,36.0382681,-114.9990272,106522436,way
UNNAMED_588,,,unnamed,,,Ivanpah,106.722,36.4117558,-114.9610803,106529346,way
UNNAMED_589,,,unnamed,,,Ivanpah,107.218,36.4159001,-114.9590184,106529349,way
UNNAMED_595,,,unnamed,,,Ivanpah,69.910,36.1227774,-115.1648367,111367863,way
UNNAMED_604,,,unnamed,,,Ivanpah,67.852,36.1045309,-115.1703028,116873549,way
UNNAMED_618,,,unnamed,,,Ivanpah,70.527,36.1161324,-115.130178,129860660,way
UNNAMED_619,,,unnamed,,,Ivanpah,69.012,36.1560152,-115.3387101,129960563,way
UNNAMED_620,,,unnamed,,,Ivanpah,73.594,36.1670009,-115.1918669,130585551,way
UNNAMED_621,,,unnamed,,,Ivanpah,73.206,36.1912251,-115.3174695,131041953,way
UNNAMED_622,,,unnamed,,,Ivanpah,74.792,36.1849598,-115.2156897,131068913,way
UNNAMED_647,,,unnamed,,,Ivanpah,52.172,35.7967505,-114.9820103,160599813,way
UNNAMED_648,,,unnamed,,,Ivanpah,61.341,36.0029688,-115.0909331,162938642,way
UNNAMED_672,,,unnamed,,,Ivanpah,88.506,36.3071216,-115.1878128,166551124,way
UNNAMED_673,,,unnamed,,,Ivanpah,102.220,36.3475166,-114.9163495,166551145,way
UNNAMED_765,,NV Energy,unnamed,,,Ivanpah,72.083,35.9487467,-114.8445914,172856552,way
UNNAMED_817,,,unnamed,,,Ivanpah,59.496,36.0561542,-115.2763076,182648956,way
UNNAMED_818,,,unnamed,,,Ivanpah,71.851,36.1826951,-115.344677,182648957,way
UNNAMED_819,,,unnamed,,,Ivanpah,64.431,36.1101381,-115.3143641,182648990,way
UNNAMED_820,,,unnamed,,,Ivanpah,62.544,36.0862166,-115.2826185,182649012,way
UNNAMED_821,,,unnamed,,,Ivanpah,59.983,36.0516175,-115.2424708,182649013,way
UNNAMED_849,,,unnamed,,,Ivanpah,79.071,36.2404236,-115.2890298,188301764,way
UNNAMED_850,,,unnamed,,,Ivanpah,61.500,36.0564085,-115.2110024,188301767,way
UNNAMED_851,,,unnamed,,,Ivanpah,69.795,36.0410822,-114.9957528,188303069,way
UNNAMED_852,,,unnamed,,,Ivanpah,69.289,36.0401135,-115.0034117,188303070,way
UNNAMED_853,,,unnamed,,,Ivanpah,69.613,36.0404453,-114.9980488,188303072,way
UNNAMED_859,,,unnamed,,,Ivanpah,193.383,36.8272081,-114.0138506,193460759,way
UNNAMED_860,,,unnamed,,,Ivanpah,203.822,36.8952516,-113.9330022,193691510,way
UNNAMED_861,,,unnamed,,,Ivanpah,189.804,36.8319697,-114.0803036,193767527,way
UNNAMED_862,,,unnamed,,,Ivanpah,189.135,36.8213461,-114.0766759,193839484,way
UNNAMED_863,,,unnamed,,,Ivanpah,189.039,36.825229,-114.0837634,193839485,way
UNNAMED_864,,,unnamed,,,Ivanpah,181.075,36.7644914,-114.1330847,195718036,way
UNNAMED_865,,,unnamed,,,Ivanpah,150.087,36.6155535,-114.4526723,196065294,way
UNNAMED_866,,,unnamed,,,Ivanpah,148.725,36.6077764,-114.4650859,196078329,way
UNNAMED_867,,,unnamed,,,Ivanpah,138.248,36.4811284,-114.4582197,196330111,way
UNNAMED_868,,,unnamed,,,Ivanpah,144.260,36.5484035,-114.4526379,196333961,way
UNNAMED_869,,,unnamed,,,Ivanpah,60.318,36.0378022,-115.1909956,196508108,way
UNNAMED_871,,,unnamed,,,Ivanpah,132.469,36.3868304,-114.4281254,196822288,way
UNNAMED_880,,,unnamed,,,Ivanpah,75.171,36.1684236,-115.1480665,207630737,way
UNNAMED_889,,,unnamed,,,Ivanpah,64.362,36.0330164,-115.0863578,219052405,way
UNNAMED_901,,,unnamed,,,Ivanpah,73.950,36.108571,-115.034578,234856354,way
UNNAMED_906,,,unnamed,,,Ivanpah,81.546,36.0644295,-114.8313107,244578657,way
UNNAMED_912,,,unnamed,,,Ivanpah,75.131,36.1437124,-115.0839768,254442471,way
UNNAMED_918,,,unnamed,,,Ivanpah,60.359,36.0305172,-115.1711133,262066765,way
UNNAMED_919,,,unnamed,,,Ivanpah,74.745,36.1701355,-115.1658769,262513827,way
UNNAMED_923,,,unnamed,,,Ivanpah,50.581,35.7897927,-114.9974613,263818689,way
UNNAMED_954,,,unnamed,,,Ivanpah,72.620,36.0719752,-114.9942312,285335062,way
UNNAMED_960,,,unnamed,,,Ivanpah,76.732,36.1400265,-115.0390461,295149090,way
UNNAMED_962,,NV Energy,unnamed,,,Ivanpah,79.527,36.2144766,-115.1602843,301446203,way
UNNAMED_967,,,unnamed,,,Ivanpah,73.464,36.1143338,-115.0567211,308315661,way
UNNAMED_987,,,unnamed,,,Ivanpah,79.859,36.1821952,-115.0614831,345691706,way
UNNAMED_1583,,,unnamed,,,Jacobs Corner,5.169,36.2399014,-119.8333046,786357147,way
UNNAMED_1160,,,unnamed,,,James B. Black,45.281,41.3046887,-122.3219021,460215107,way
UNNAMED_1219,,,unnamed,,,James B. Black,60.473,41.4517228,-122.362016,523521749,way
UNNAMED_1253,,,unnamed,,,James B. Black,35.816,41.2206549,-122.2763952,549689787,way
UNNAMED_1468,,,unnamed,,,James B. Black,59.665,41.4325252,-122.3828673,709516446,way
UNNAMED_1476,,,unnamed,,,James B. Black,69.885,41.548636,-122.3642078,710720033,way
UNNAMED_1841,,,unnamed,,,James B. Black,38.943,41.2626987,-122.2704739,1009059179,way
UNNAMED_1842,,,unnamed,,,James B. Black,37.794,41.2680112,-122.2389228,1009060757,way
UNNAMED_1899,,,unnamed,,,James B. Black,59.639,41.432033,-122.3832614,1058353340,way
UNNAMED_2809,,,unnamed,,,James B. Black,86.191,41.7116008,-122.3601942,1437040519,way
UNNAMED_3003,,,unnamed,,,James B. Black,32.980,41.2663148,-122.1260472,1469474893,way
UNNAMED_3369,,,unnamed,,,James B. Black,34.326,41.2012519,-122.2764205,1485095285,way
UNNAMED_3370,,,unnamed,,,James B. Black,77.952,41.6167683,-122.3993073,1485095287,way
UNNAMED_3371,,,unnamed,,,James B. Black,85.477,41.701728,-122.369687,1485095288,way
UNNAMED_958,,,unnamed,,,Jet,7.953,34.2605267,-118.1027739,293713581,way
UNNAMED_1966,,,unnamed,,,Julian Hinds,9.432,33.662024,-115.714697,1088042659,way
UNNAMED_2494,,,unnamed,,,Julian Hinds,33.965,33.5232209,-115.9216262,1284506464,way
UNNAMED_2495,,,unnamed,,,Julian Hinds,36.519,33.5507152,-115.9749845,1284506467,way
UNNAMED_1020,,,unnamed,,,Junction,213.291,37.6920099,-114.7476065,374247115,way
UNNAMED_1021,,,unnamed,,,Junction,194.652,37.5208827,-114.8318029,374247116,way
UNNAMED_1022,,,unnamed,,,Junction,141.519,36.7732451,-114.935811,374247153,way
UNNAMED_1124,,,unnamed,,,Junction,80.272,36.5204095,-115.5528781,439432192,way
UNNAMED_1126,,,unnamed,,,Junction,79.136,36.5314357,-115.5705419,439432197,way
UNNAMED_1144,,,unnamed,,,Junction,116.623,37.2434392,-115.8191475,456296101,way
UNNAMED_1152,,,unnamed,,,Junction,54.126,36.6637316,-115.997466,458949512,way
UNNAMED_1254,,,unnamed,,,Junction,149.409,37.58976,-115.907612,551884564,way
UNNAMED_1255,,,unnamed,,,Junction,71.360,36.5850703,-115.6907298,552258953,way
UNNAMED_1256,,,unnamed,,,Junction,60.478,36.8511989,-116.427338,552550129,way
UNNAMED_1269,,,unnamed,,,Junction,40.511,36.6700809,-116.3659479,557017406,way
UNNAMED_1281,,,unnamed,,,Junction,98.913,37.1638267,-116.1096,580150687,way
UNNAMED_1300,,,unnamed,,,Junction,88.745,36.4253777,-115.4297624,593545028,way
UNNAMED_1337,,,unnamed,,,Junction,73.493,36.9027357,-116.767854,610073545,way
UNNAMED_1364,,,unnamed,,,Junction,70.578,36.8499622,-115.999673,649100215,way
UNNAMED_1365,,,unnamed,,,Junction,58.587,36.828093,-116.309063,649423285,way
UNNAMED_1368,,,unnamed,,,Junction,81.149,36.9774942,-116.0495018,651375216,way
UNNAMED_1369,,,unnamed,,,Junction,86.041,37.0258276,-116.0514512,651452152,way
UNNAMED_1376,,,unnamed,,,Junction,116.623,37.2434392,-115.8191475,655665566,way
UNNAMED_1631,,,unnamed,,,Junction,352.955,39.0990815,-114.4999331,840572426,way
UNNAMED_1632,,,unnamed,,,Junction,352.851,39.0977977,-114.4994523,840572428,way
UNNAMED_1653,,,unnamed,,,Junction,224.042,37.7843424,-114.6926637,849942809,way
UNNAMED_1683,,,unnamed,,,Junction,70.952,36.2621999,-115.6204354,879049696,way
UNNAMED_1820,,,unnamed,,,Junction,26.727,36.5394625,-116.4882341,985165806,way
UNNAMED_1873,,,unnamed,,,Junction,73.885,36.903409,-116.0439059,1030689103,way
UNNAMED_1898,,,unnamed,,,Junction,25.985,36.5319227,-116.4909319,1058331223,way
UNNAMED_2072,,,unnamed,,,Junction,42.064,36.4567886,-116.8451883,1165981527,way
UNNAMED_2073,,,unnamed,,,Junction,42.089,36.4568264,-116.8454683,1165981528,way
UNNAMED_2166,,,unnamed,,,Junction,62.667,36.0676817,-115.7781093,1227863687,way
UNNAMED_2310,,,unnamed,,,Junction,107.094,37.2694392,-116.3509528,1254209068,way
UNNAMED_2311,,,unnamed,,,Junction,96.658,37.1684501,-116.2605161,1254209072,way
UNNAMED_2312,,,unnamed,,,Junction,57.260,36.8206284,-116.356386,1254209080,way
UNNAMED_2313,,,unnamed,,,Junction,25.569,36.537286,-116.4001025,1254209099,way
UNNAMED_2314,,,unnamed,,,Junction,98.602,37.1594957,-116.1033775,1254209114,way
UNNAMED_2701,,,unnamed,,,Junction,164.826,37.6530563,-115.6315428,1329838840,way
UNNAMED_2783,,,unnamed,,,Junction,171.728,37.5287258,-115.2275294,1425161366,way
UNNAMED_2900,,,unnamed,,,Junction,73.099,36.6020691,-117.1439404,1452909782,way
UNNAMED_2926,,,unnamed,,,Junction,142.506,36.8235589,-114.9494504,1456216442,way
UNNAMED_2963,,,unnamed,,,Junction,223.149,37.6195774,-114.5094641,1463678754,way
UNNAMED_3386,,,unnamed,,,Junction,74.470,36.3187358,-115.5790108,1485100447,way
UNNAMED_3489,,,unnamed,,,Junction,243.301,37.7970759,-114.4016447,1533243880,way
UNNAMED_933,,,unnamed,,,Junction,141.519,36.773235,-114.9358125,272578287,way
UNNAMED_935,,,unnamed,,,Junction,52.339,36.6468078,-116.0043524,282975971,way
UNNAMED_936,,,unnamed,,,Junction,54.130,36.6635771,-115.9971968,282976036,way
UNNAMED_937,,,unnamed,,,Junction,96.111,37.1636309,-116.2618312,283044086,way
UNNAMED_938,,,unnamed,,,Junction,59.164,36.8288282,-116.2776669,283116060,way
UNNAMED_939,,,unnamed,,,Junction,59.009,36.8272919,-116.2769648,283116063,way
UNNAMED_940,,,unnamed,,,Junction,59.020,36.8273778,-116.2768945,283116070,way
UNNAMED_941,,,unnamed,,,Junction,56.410,36.8030212,-116.2747858,283116071,way
UNNAMED_942,,,unnamed,,,Junction,56.661,36.8048743,-116.2721859,283118950,way
UNNAMED_943,,,unnamed,,,Junction,56.258,36.8061416,-116.3035947,283140430,way
UNNAMED_944,,,unnamed,,,Junction,52.536,36.7624213,-116.2513353,283140434,way
UNNAMED_945,,,unnamed,,,Junction,109.118,37.2850478,-116.5171187,283981697,way
UNNAMED_946,,,unnamed,,,Junction,109.118,37.2850511,-116.5171156,283981699,way
UNNAMED_947,,,unnamed,,,Junction,95.083,37.1519239,-116.2421224,284008005,way
UNNAMED_948,,,unnamed,,,Junction,100.380,37.1894909,-116.1699933,284008033,way
UNNAMED_949,,,unnamed,,,Junction,100.640,37.1917935,-116.1694519,284015431,way
UNNAMED_950,,,unnamed,,,Junction,104.897,37.2475831,-116.312183,284029800,way
UNNAMED_3073,,,unnamed,,,KINGSBURG,5.552,36.5385315,-119.5807454,1485094910,way
UNNAMED_3074,,,unnamed,,,KINGSBURG,5.651,36.5394226,-119.5806858,1485094911,way
UNNAMED_2112,,Pacific Gas and Electric Company,unnamed,,,Kearney (New),5.402,36.7462585,-119.9160768,1191307321,way
UNNAMED_423,,Pacific Gas and Electric Company,unnamed,,,Kearney (New),5.430,36.7463368,-119.9165146,61667014,way
UNNAMED_2805,,,unnamed,,,Kekawaka,11.788,40.0593655,-123.6401116,1437029482,way
UNNAMED_1946,,,unnamed,,,Kent,5.153,36.1754839,-119.9040028,1073230962,way
UNNAMED_2084,,,unnamed,,,Kent,7.594,36.1535498,-119.9029075,1176757771,way
UNNAMED_2347,,,unnamed,,,Kent,5.244,36.17467,-119.9038953,1266355581,way
UNNAMED_1590,,,unnamed,,,Kilarc,9.019,40.7083298,-121.9724043,809387478,way
UNNAMED_3302,,,unnamed,,,Knights Landing,8.252,38.784829,-121.6551934,1485095186,way
UNNAMED_1001,,UniSource Energy,unnamed,,,Landing,49.489,34.866361,-114.1500649,356412420,way
UNNAMED_1003,,,unnamed,,,Landing,79.974,35.1389828,-114.0683528,357304145,way
UNNAMED_1004,,,unnamed,,,Landing,66.363,35.0392,-114.1659346,357502342,way
UNNAMED_1005,,,unnamed,,,Landing,85.407,35.1890203,-114.0595725,358295822,way
UNNAMED_1009,,,unnamed,,,Landing,96.537,35.2622659,-113.9600899,359017899,way
UNNAMED_1023,,,unnamed,,,Landing,95.531,35.271125,-114.0110444,374522424,way
UNNAMED_1272,,,unnamed,,,Landing,80.889,35.1911637,-114.2354919,569126451,way
UNNAMED_1273,,,unnamed,,,Landing,99.918,35.3551762,-114.1730785,569126456,way
UNNAMED_1274,,,unnamed,,,Landing,96.219,35.3260934,-114.2008537,569126457,way
UNNAMED_1321,,,unnamed,,,Landing,90.585,35.2159454,-113.9934098,598355875,way
UNNAMED_1380,,,unnamed,,,Landing,79.900,35.1384466,-114.0688994,664016530,way
UNNAMED_1388,,,unnamed,,,Landing,59.356,35.0092264,-114.492565,672580341,way
UNNAMED_1493,,,unnamed,,,Landing,95.685,35.2562966,-113.96655,722095446,way
UNNAMED_1494,,,unnamed,,,Landing,98.236,35.273963,-113.9467539,722095448,way
UNNAMED_1675,,,unnamed,,,Landing,7.918,34.5107577,-114.33935,877379931,way
UNNAMED_1729,,,unnamed,,,Landing,44.592,34.8686429,-114.5324769,896305607,way
UNNAMED_2119,,,unnamed,,,Landing,98.479,35.2776542,-113.9499267,1196627857,way
UNNAMED_2120,,,unnamed,,,Landing,103.981,35.3561147,-114.0210338,1196831754,way
UNNAMED_2121,,,unnamed,,,Landing,80.308,35.1917793,-114.5591903,1197598519,way
UNNAMED_2122,,,unnamed,,,Landing,85.288,35.2211023,-114.1800721,1197598520,way
UNNAMED_2123,,,unnamed,,,Landing,90.088,35.2233393,-114.0266477,1197598522,way
UNNAMED_2124,,,unnamed,,,Landing,88.787,35.2166033,-114.0438575,1197598525,way
UNNAMED_2164,,,unnamed,,,Landing,68.058,35.0693428,-114.2196388,1227043194,way
UNNAMED_2167,,,unnamed,,,Landing,34.581,34.784132,-114.4902462,1227896544,way
UNNAMED_2174,,,unnamed,,,Landing,61.529,35.0191776,-114.5632043,1233858034,way
UNNAMED_2175,,,unnamed,,,Landing,79.301,35.1331218,-114.0704504,1233858056,way
UNNAMED_2176,,,unnamed,,,Landing,85.975,35.2081164,-114.1029089,1233858087,way
UNNAMED_2276,,,unnamed,,,Landing,45.292,34.8511586,-114.6182182,1253434575,way
UNNAMED_2277,,,unnamed,,,Landing,47.029,34.8802553,-114.5796052,1253434588,way
UNNAMED_2278,,,unnamed,,,Landing,45.194,34.8675245,-114.5621624,1253434599,way
UNNAMED_2279,,,unnamed,,,Landing,52.206,34.9247126,-114.5964746,1253434600,way
UNNAMED_2280,,,unnamed,,,Landing,72.224,35.1073947,-114.6171983,1253434612,way
UNNAMED_2281,,,unnamed,,,Landing,70.717,35.0981893,-114.5938547,1253434615,way
UNNAMED_2282,,,unnamed,,,Landing,31.411,34.7260424,-114.2501051,1253434693,way
UNNAMED_2298,,,unnamed,,,Landing,67.656,35.0541301,-114.1747216,1253848835,way
UNNAMED_2299,,,unnamed,,,Landing,101.058,35.3609364,-114.1486359,1253848848,way
UNNAMED_2300,,,unnamed,,,Landing,101.943,35.3696759,-114.1512989,1253848852,way
UNNAMED_2301,,,unnamed,,,Landing,104.391,35.4101557,-114.2699767,1253848857,way
UNNAMED_2308,,,unnamed,,,Landing,76.238,35.1517842,-114.5781071,1253848939,way
UNNAMED_2309,,,unnamed,,,Landing,66.016,35.0327964,-114.6774042,1253848964,way
UNNAMED_2797,,,unnamed,,,Landing,11.423,34.4560159,-114.2953062,1433191499,way
UNNAMED_2935,,,unnamed,,,Landing,66.197,35.0353521,-114.1586087,1458525137,way
UNNAMED_2977,,,unnamed,,,Landing,97.499,35.2657874,-113.9447752,1465393859,way
UNNAMED_429,,,unnamed,,,Landing,64.690,34.8449565,-114.9666496,64083268,way
UNNAMED_438,,,unnamed,,,Landing,74.747,35.1266854,-114.6361944,75355423,way
UNNAMED_439,,,unnamed,,,Landing,80.721,35.1946849,-114.5654631,75355478,way
UNNAMED_440,,,unnamed,,,Landing,75.961,35.1536468,-114.5480589,75490150,way
UNNAMED_441,,,unnamed,,,Landing,47.848,34.9082301,-114.4549981,75776191,way
UNNAMED_442,,,unnamed,,,Landing,11.266,34.5618575,-114.3458183,75776195,way
UNNAMED_479,,,unnamed,,,Landing,57.504,34.9961382,-114.4282113,81757616,way
UNNAMED_480,,,unnamed,,,Landing,55.823,34.9681821,-114.5544177,81757624,way
UNNAMED_481,,,unnamed,,,Landing,63.146,35.0460024,-114.3765673,81945604,way
UNNAMED_482,,,unnamed,,,Landing,71.408,35.0922892,-114.1845004,82005360,way
UNNAMED_483,,,unnamed,,,Landing,95.377,35.3189558,-114.2043848,82254663,way
UNNAMED_484,,,unnamed,,,Landing,88.401,35.2431332,-114.1489739,82254665,way
UNNAMED_768,,,unnamed,,,Landing,84.973,35.1999023,-114.1075575,172983657,way
UNNAMED_769,,,unnamed,,,Landing,80.131,35.1949518,-114.5174918,172983658,way
UNNAMED_770,,,unnamed,,,Landing,69.112,35.0555076,-114.1337332,172983659,way
UNNAMED_920,,,unnamed,,,Landing,69.920,35.09655,-114.5614365,263217007,way
UNNAMED_921,,,unnamed,,,Landing,71.887,35.1128544,-114.5721057,263217008,way
UNNAMED_922,,,unnamed,,,Landing,62.394,35.0109274,-114.6344059,263263885,way
UNNAMED_924,,,unnamed,,,Landing,10.219,34.5620091,-114.368646,263938940,way
UNNAMED_925,,,unnamed,,,Landing,6.297,34.4781281,-114.3480355,263999824,way
UNNAMED_926,,,unnamed,,,Landing,13.382,34.4754286,-114.2708068,264072796,way
UNNAMED_927,,,unnamed,,,Landing,11.250,34.5070614,-114.2987624,264072797,way
UNNAMED_1209,,,unnamed,,,Lee,16.162,37.6349088,-120.9794726,507843485,way
UNNAMED_1608,,,unnamed,,,Lee,15.107,37.6371482,-120.9932239,821247238,way
UNNAMED_1655,,,unnamed,,,Lee,9.792,37.6646178,-121.0444595,850492504,way
UNNAMED_1656,,,unnamed,,,Lee,5.201,37.7041016,-121.068698,850492516,way
UNNAMED_2726,,,unnamed,,,Lee,7.715,37.684778,-121.05189,1359347624,way
UNNAMED_2749,,,unnamed,,,Lee,14.874,37.6217636,-121.0203426,1390875060,way
UNNAMED_3325,,,unnamed,,,Lee,13.930,37.6419369,-121.0060981,1485095216,way
UNNAMED_3326,,,unnamed,,,Lee,12.209,37.6530147,-121.0197486,1485095217,way
UNNAMED_3327,,,unnamed,,,Lee,7.209,37.7047503,-121.0418286,1485095218,way
UNNAMED_455,,Modesto Irrigation District,unnamed,,,Lee,9.539,37.6904891,-121.0212888,79264971,way
UNNAMED_2118,,,unnamed,,,Livermore,7.371,37.6185215,-121.7492943,1195647748,way
UNNAMED_2943,,,unnamed,,,Lompoc - Control Building,9.330,34.5766546,-120.5176109,1460374877,way
UNNAMED_3013,,,unnamed,,,Lompoc - Control Building,10.906,34.6417426,-120.5740569,1478964676,way
UNNAMED_1370,,,unnamed,,,Lone Pine,17.600,36.443974,-118.0450682,651865193,way
UNNAMED_1975,,,unnamed,,,Lone Pine,17.682,36.443366,-118.0438583,1092793694,way
UNNAMED_2678,,,unnamed,,,Lone Pine,24.489,36.4687394,-117.8530718,1304933048,way
UNNAMED_3500,,,unnamed,,,Lone Pine,20.863,36.4966603,-117.8781573,14496559,relation
UNNAMED_1278,,,unnamed,,,Low Gap,12.867,40.3783515,-123.338916,571682559,way
UNNAMED_605,,,unnamed,,,Lugo,7.776,34.3074444,-117.3235224,118400846,way
UNNAMED_2192,,,unnamed,,,MC ARTHUR,26.220,41.1323368,-121.1143192,1239557256,way
UNNAMED_2193,,,unnamed,,,MC ARTHUR,78.183,41.2304448,-120.5053188,1239737162,way
UNNAMED_2194,,,unnamed,,,MC ARTHUR,72.192,41.4218767,-120.6991844,1239737165,way
UNNAMED_3247,,,unnamed,,,MENDOTA,9.426,36.7575196,-120.3636722,1485095108,way
UNNAMED_3248,,,unnamed,,,MENDOTA,9.225,36.7562223,-120.3653982,1485095109,way
UNNAMED_454,,,unnamed,,,MWD Foothill,9.272,34.5874916,-118.6573924,79123590,way
UNNAMED_690,,,unnamed,,,MWD Foothill,9.392,34.5882168,-118.6584954,168229991,way
UNNAMED_3214,,,unnamed,,,Magunden,5.013,35.317026,-118.9331844,1485095072,way
UNNAMED_1529,,,unnamed,,,Maine Prairie,14.496,38.3931727,-121.5927171,739710159,way
UNNAMED_1241,,,unnamed,,,Malin,243.545,41.5947156,-118.4307771,530977941,way
UNNAMED_1245,,,unnamed,,,Malin,49.543,41.9668406,-121.9136329,542850616,way
UNNAMED_1474,,,unnamed,,,Malin,289.368,41.6932063,-117.8481965,710704329,way
UNNAMED_1478,,,unnamed,,,Malin,96.170,41.8674981,-122.4641314,710720038,way
UNNAMED_1479,,,unnamed,,,Malin,86.194,41.9750336,-122.3586728,710720048,way
UNNAMED_1508,,,unnamed,,,Malin,493.371,42.0126799,-115.3439278,732182501,way
UNNAMED_1541,,,unnamed,,,Malin,85.871,41.5002697,-120.5349839,756061417,way
UNNAMED_1846,,,unnamed,,,Malin,444.250,41.8163257,-115.9531565,1013224500,way
UNNAMED_2021,,,unnamed,,,Malin,23.667,42.0264448,-121.601839,1120601658,way
UNNAMED_2065,,,unnamed,,,Malin,290.639,41.9989094,-117.7990294,1161136602,way
UNNAMED_2843,,,unnamed,,,Malin,14.102,42.0629982,-121.4695483,1449947164,way
UNNAMED_2844,,,unnamed,,,Malin,14.236,42.0636284,-121.4709377,1449947165,way
UNNAMED_3001,,,unnamed,,,Malin,101.893,41.8979578,-122.5400568,1469474891,way
UNNAMED_3006,,,unnamed,,,Malin,60.163,41.8318287,-122.004767,1469476407,way
UNNAMED_3414,,,unnamed,,,Malin,84.302,41.9798581,-122.3360501,1492294253,way
UNNAMED_541,,,unnamed,,,Malin,39.785,41.6488167,-121.3178369,93984444,way
UNNAMED_771,,,unnamed,,,Malin,548.625,42.0165377,-114.6745137,173871304,way
UNNAMED_780,,,unnamed,,,Malin,22.548,41.9252992,-121.5664398,174391563,way
UNNAMED_803,,,unnamed,,,Malin,86.410,41.9768536,-122.3614036,181548182,way
UNNAMED_883,,,unnamed,,,Malin,290.667,41.9993565,-117.7986727,209746407,way
UNNAMED_979,,,unnamed,,,Malin,8.386,42.0133816,-121.4176934,335779227,way
UNNAMED_791,,,unnamed,,,Mc Arthur,15.776,40.9725897,-121.2517727,177599003,way
UNNAMED_2683,,,unnamed,,,Mcgen,19.037,35.8018964,-117.5925505,1306302667,way
UNNAMED_3279,,,unnamed,,,Middle River,6.956,37.8870046,-121.5769454,1485095145,way
UNNAMED_2973,,,unnamed,,,Minneola,5.981,34.8665423,-116.7517535,1465117384,way
UNNAMED_2190,,,unnamed,,,Mirage,7.831,33.8878457,-116.3553014,1237566553,way
UNNAMED_1830,,,unnamed,,,Mt. Tom,8.779,37.4140943,-118.5236878,1003348555,way
UNNAMED_2272,,,unnamed,,,Mt. Tom,12.715,37.4377992,-118.5578469,1252216481,way
UNNAMED_511,,,unnamed,,,Mt. Tom,12.687,37.4378234,-118.5573159,89637083,way
UNNAMED_1531,,,unnamed,,,NEW HOPE,17.144,38.3795075,-121.4534413,741410784,way
UNNAMED_2559,,Sacramento Municipal Utility District,unnamed,,,NEW HOPE,6.801,38.2771991,-121.5159043,1291162379,way
UNNAMED_2560,,Sacramento Municipal Utility District,unnamed,,,NEW HOPE,9.041,38.2995207,-121.5176086,1291508265,way
UNNAMED_2561,,Sacramento Municipal Utility District,unnamed,,,NEW HOPE,16.100,38.3679163,-121.5103422,1291508267,way
UNNAMED_2563,,Sacramento Municipal Utility District,unnamed,,,NEW HOPE,10.874,38.3214354,-121.445349,1291516413,way
UNNAMED_2579,,Sacramento Municipal Utility District,unnamed,,,NEW HOPE,15.619,38.2912331,-121.3146062,1293462809,way
UNNAMED_2584,,Sacramento Municipal Utility District,unnamed,,,NEW HOPE,17.410,38.3650209,-121.3810898,1293508457,way
UNNAMED_2585,,Sacramento Municipal Utility District,unnamed,,,NEW HOPE,14.892,38.3501641,-121.4088354,1293510352,way
UNNAMED_2586,,Sacramento Municipal Utility District,unnamed,,,NEW HOPE,14.906,38.3501874,-121.4084665,1293510353,way
UNNAMED_2587,,Sacramento Municipal Utility District,unnamed,,,NEW HOPE,10.483,38.3109079,-121.420663,1293517291,way
UNNAMED_1383,,,unnamed,,,Narrows,29.443,33.1253273,-115.9786016,665751101,way
UNNAMED_2039,,,unnamed,,,Narrows,26.302,33.1186283,-116.0129056,1136588657,way
UNNAMED_2040,,,unnamed,,,Narrows,26.520,33.1191842,-116.0105005,1136588658,way
UNNAMED_2247,,,unnamed,,,Narrows,34.394,33.2852907,-115.9698755,1248985741,way
UNNAMED_2954,,,unnamed,,,Narrows,20.585,33.0878831,-116.0814518,1462827075,way
UNNAMED_975,,,unnamed,,,Narrows,17.178,33.1005022,-116.1153175,324429901,way
UNNAMED_1207,,,unnamed,,,Neenach,6.464,34.7871643,-118.4321974,499178659,way
UNNAMED_1315,,,unnamed,,,Neenach,5.988,34.8282992,-118.5116722,597421156,way
UNNAMED_1316,,,unnamed,,,Neenach,6.059,34.828978,-118.5113779,597421158,way
UNNAMED_1317,,,unnamed,,,Neenach,6.042,34.828958,-118.5102507,597421160,way
UNNAMED_2739,,,unnamed,,,Neenach,7.692,34.8335674,-118.5464666,1379453674,way
UNNAMED_7,,,unnamed,,,Neenach,12.476,34.6748642,-118.4397801,1742528740,node
UNNAMED_2400,,,unnamed,,,Newhall,10.567,36.7928017,-120.2538052,1275887311,way
UNNAMED_1008,,,unnamed,,,North Intake,25.342,33.9276882,-114.3820384,358560772,way
UNNAMED_2980,,,unnamed,,,North Intake,30.252,33.984371,-114.4030374,1465393873,way
UNNAMED_2981,,,unnamed,,,North Intake,25.329,33.8663422,-114.298171,1465393874,way
UNNAMED_3468,,,unnamed,,,North Intake,15.106,33.8647853,-114.529981,1531507743,way
UNNAMED_1286,,,unnamed,,,ORICK,94.138,41.8404964,-123.1920003,585049762,way
UNNAMED_1475,,,unnamed,,,ORICK,80.289,41.8035413,-123.3725649,710709906,way
UNNAMED_1534,,,unnamed,,,Orick,86.925,42.0586,-124.2766309,749082126,way
UNNAMED_1535,,,unnamed,,,Orick,90.129,42.0820291,-124.312522,749085576,way
UNNAMED_1817,,,unnamed,,,Orick,87.977,42.0647722,-124.2976668,973901814,way
UNNAMED_2788,,,unnamed,,,Orick,84.930,42.0446348,-124.2479025,1430168741,way
UNNAMED_1339,,,unnamed,,,Otay Mesa,16.451,32.4725682,-116.7837332,612239238,way
UNNAMED_1403,,,unnamed,,,Otay Mesa,15.030,32.477954,-116.7986728,677563201,way
UNNAMED_1680,,,unnamed,,,Otay Mesa,11.683,32.4873058,-116.8411502,878596430,way
UNNAMED_1686,,,unnamed,,,Otay Mesa,14.446,32.4506562,-116.8634357,879061494,way
UNNAMED_1847,,Comisión Federal de Electricidad,unnamed,,,Otay Mesa,14.409,32.4528432,-116.8572251,1013619336,way
UNNAMED_2007,,,unnamed,,,Otay Mesa,12.240,32.473414,-116.8586576,1119209644,way
UNNAMED_2028,,,unnamed,,,Otay Mesa,12.241,32.4734121,-116.8586313,1121459275,way
UNNAMED_2082,,,unnamed,,,Otay Mesa,24.111,32.4112107,-116.7416773,1174316504,way
UNNAMED_1895,,,unnamed,,,Oxford,18.098,36.6342619,-120.8779684,1058284416,way
UNNAMED_1896,,,unnamed,,,Oxford,18.281,36.6319342,-120.8786523,1058284417,way
UNNAMED_2504,,,unnamed,,,PITTSBURG,5.052,38.0746131,-121.8544246,1284650674,way
UNNAMED_1133,,,unnamed,,,PURISIMA,9.788,34.7191038,-120.5404097,447075936,way
UNNAMED_1492,,,unnamed,,,PURISIMA,9.150,34.748555,-120.5172193,721682019,way
UNNAMED_1584,,Roseville Electric,unnamed,,,Park,8.982,38.764709,-121.3846016,792043230,way
UNNAMED_3410,,,unnamed,,,Park,12.692,38.6971558,-121.3840751,1492294249,way
UNNAMED_1976,,,unnamed,,,Parker Strip,49.730,33.8509867,-113.9063089,1093291425,way
UNNAMED_2169,,,unnamed,,,Parker Strip,12.707,34.1472339,-114.2914512,1229445747,way
UNNAMED_2221,,,unnamed,,,Parker Strip,39.025,33.9620301,-113.919653,1248908255,way
UNNAMED_676,,,unnamed,,,Parker Strip,19.628,34.130973,-114.3723524,166649176,way
UNNAMED_928,,,unnamed,,,Parker Strip,16.731,34.1084354,-114.3037606,264504112,way
UNNAMED_929,,,unnamed,,,Parker Strip,13.279,34.1495721,-114.3027363,264504113,way
UNNAMED_930,,,unnamed,,,Parker Strip,10.235,34.1675477,-114.2777723,264504114,way
UNNAMED_2987,,,unnamed,,,Pastoria,7.804,34.9183582,-118.9262015,1467185702,way
UNNAMED_3206,,,unnamed,,,Pastoria,8.991,34.8605995,-118.8809256,1485095061,way
UNNAMED_3207,,,unnamed,,,Pastoria,7.556,34.926409,-118.9253001,1485095064,way
UNNAMED_3024,,,unnamed,,,Pebbly Beach,20.476,33.4366455,-118.4924667,1485094842,way
UNNAMED_3318,,,unnamed,,,Peoria,5.540,37.9465855,-120.5300362,1485095207,way
UNNAMED_822,,,unnamed,,,Peoria,5.680,37.9446696,-120.5365618,182788208,way
UNNAMED_1227,,,unnamed,,,Polonio Pass,18.700,35.8715434,-120.321544,527745295,way
UNNAMED_1283,,,unnamed,,,Polonio Pass,18.603,35.8699688,-120.3225226,581954623,way
UNNAMED_1944,,,unnamed,,,Polonio Pass,15.101,35.8383986,-120.3101615,1073230949,way
UNNAMED_2081,,,unnamed,,,Polonio Pass,18.686,35.8717692,-120.3208259,1173746622,way
UNNAMED_1163,,,unnamed,,,RIVERBANK,12.108,37.66756,-120.9582393,461261676,way
UNNAMED_1560,,,unnamed,,,RIVERBANK,8.423,37.7362876,-120.994273,761089738,way
UNNAMED_1561,,,unnamed,,,RIVERBANK,8.448,37.7103702,-120.9690787,761089740,way
UNNAMED_1654,,,unnamed,,,RIVERBANK,6.310,37.7131013,-120.9210332,850492502,way
UNNAMED_1704,,,unnamed,,,RIVERBANK,6.794,37.7128647,-120.9386466,884225140,way
UNNAMED_1974,,,unnamed,,,RIVERBANK,10.804,37.6884476,-120.9767032,1090658255,way
UNNAMED_2752,,,unnamed,,,RIVERBANK,12.889,37.6667238,-120.9770304,1392450178,way
UNNAMED_1894,,,unnamed,,,Red Bluff,8.513,33.6906401,-115.2216059,1058276492,way
UNNAMED_2086,,,unnamed,,,Red Bluff,6.747,33.7544896,-115.3400951,1176915941,way
UNNAMED_2088,,,unnamed,,,Red Bluff,5.585,33.7411683,-115.3442456,1176915957,way
UNNAMED_3472,,,unnamed,,,Red Bluff,7.047,33.7452591,-115.3640759,1531564063,way
UNNAMED_1792,,,unnamed,,,Redbud,12.346,39.0790647,-122.5357358,939413518,way
UNNAMED_3467,,Modesto Irrigation District,unnamed,,,Reta,23.568,37.6450605,-120.6068115,1526557424,way
UNNAMED_2869,,,unnamed,,,Ridgecrest,14.233,35.7545872,-117.6820909,1452441366,way
UNNAMED_2870,,,unnamed,,,Ridgecrest,7.252,35.6848875,-117.6362348,1452443528,way
UNNAMED_2871,,,unnamed,,,Ridgecrest,7.111,35.6906236,-117.6779737,1452444708,way
UNNAMED_2872,,,unnamed,,,Ridgecrest,7.036,35.6892948,-117.6604775,1452445112,way
UNNAMED_2873,,,unnamed,,,Ridgecrest,7.182,35.6905948,-117.6602551,1452445127,way
UNNAMED_2874,,,unnamed,,,Ridgecrest,9.102,35.6980052,-117.6230276,1452455491,way
UNNAMED_2875,,,unnamed,,,Ridgecrest,8.506,35.6917871,-117.6230638,1452457503,way
UNNAMED_2876,,,unnamed,,,Ridgecrest,9.644,35.6984945,-117.6126622,1452460219,way
UNNAMED_2879,,,unnamed,,,Ridgecrest,6.556,35.6445686,-117.6035709,1452662140,way
UNNAMED_2880,,,unnamed,,,Ridgecrest,6.508,35.6420738,-117.6032327,1452662142,way
UNNAMED_2881,,,unnamed,,,Ridgecrest,10.700,35.6511237,-117.5581925,1452669319,way
UNNAMED_2885,,,unnamed,,,Ridgecrest,12.934,35.7293024,-117.6050412,1452684010,way
UNNAMED_2889,,,unnamed,,,Ridgecrest,5.331,35.6721431,-117.6919709,1452758666,way
UNNAMED_3084,,,unnamed,,,Rio Bravo,7.991,35.405937,-119.3369722,1485094921,way
UNNAMED_2861,,,unnamed,,,Riverbank,8.293,37.7798369,-121.0012397,1451420730,way
UNNAMED_1612,,,unnamed,,,Rosamond,8.489,34.848015,-118.3282283,824750192,way
UNNAMED_2063,,,unnamed,,,Rubidoux,7.539,33.931836,-117.404947,1160609824,way
UNNAMED_2486,,,unnamed,,,Rubidoux,5.104,33.9575435,-117.3922439,1284298191,way
UNNAMED_3244,,,unnamed,,,SAN JOAQUIN,6.991,36.6176501,-120.0998904,1485095105,way
UNNAMED_1488,,,unnamed,,,SMYRNA,10.502,35.8123903,-119.4546426,719907432,way
UNNAMED_2837,,,unnamed,,,SMYRNA,10.470,35.8121046,-119.454718,1448202145,way
UNNAMED_2695,,,unnamed,,,SPAULDING,13.667,39.4485094,-120.6536613,1320827393,way
UNNAMED_1110,,,unnamed,,,San Fernando,7.225,34.2424904,-118.5278172,432157722,way
UNNAMED_1111,,,unnamed,,,San Fernando,7.203,34.2394502,-118.5253978,432157734,way
UNNAMED_1346,,,unnamed,,,San Fernando,6.274,34.2188158,-118.4752374,621810143,way
UNNAMED_3419,,,unnamed,,,San Fernando,7.016,34.2430969,-118.3919228,1492309481,way
UNNAMED_1395,,,unnamed,,,San Ysidro,13.338,32.4458747,-116.9919202,676952765,way
UNNAMED_1396,,CFE,unnamed,,,San Ysidro,13.393,32.4470771,-116.9846495,676954208,way
UNNAMED_1571,,,unnamed,,,San Ysidro,11.701,32.4628986,-116.985371,769991381,way
UNNAMED_1574,,,unnamed,,,San Ysidro,12.555,32.4541724,-116.9876819,769997336,way
UNNAMED_1575,,,unnamed,,,San Ysidro,12.231,32.4570305,-116.988418,769997339,way
UNNAMED_1108,,Los Angeles Department of Water and Power,unnamed,,,Sawtelle,10.320,34.1336206,-118.494719,429878789,way
UNNAMED_1940,,,unnamed,,,Schindler,8.436,36.3991568,-120.232915,1073230924,way
UNNAMED_1941,,,unnamed,,,Schindler,8.298,36.399282,-120.2313817,1073230925,way
UNNAMED_3242,,,unnamed,,,Schindler,11.255,36.3566911,-120.2511723,1485095102,way
UNNAMED_1091,,,unnamed,,,Searles,21.010,35.5204617,-117.323943,407452927,way
UNNAMED_2147,,,unnamed,,,Searles,27.530,35.5199807,-117.1888737,1217453571,way
UNNAMED_2882,,,unnamed,,,Searles,8.478,35.6857355,-117.4911709,1452673378,way
UNNAMED_2883,,,unnamed,,,Searles,9.109,35.7010086,-117.4996542,1452673391,way
UNNAMED_2884,,,unnamed,,,Searles,11.948,35.6885538,-117.5304296,1452678110,way
UNNAMED_2271,,,unnamed,,,Sherwin,7.637,37.5458192,-118.5899737,1252216478,way
UNNAMED_1013,,,unnamed,,,Shiloh III,5.140,38.1248279,-121.8318967,360443548,way
UNNAMED_334,,,unnamed,,,Shiloh III,5.349,38.123489,-121.8291623,24064449,way
UNNAMED_381,,,unnamed,,,Shiloh III,5.082,38.1252791,-121.8323428,35912398,way
UNNAMED_2832,,,unnamed,,,Sisquoc,6.529,34.8893868,-120.260312,1442948425,way
UNNAMED_973,,,unnamed,,,Smartsville Ss,8.963,39.1368176,-121.3501543,324271403,way
UNNAMED_2920,,,unnamed,,,Southcap,6.382,34.6149282,-117.1714969,1455197307,way
UNNAMED_905,,,unnamed,,,Southwind,10.140,34.9407242,-118.3393216,243645519,way
UNNAMED_635,,,unnamed,,,Stillwater,7.316,40.7151239,-122.4212108,150412591,way
UNNAMED_1025,,,unnamed,,,Summit,52.321,39.5194649,-119.82763,376553131,way
UNNAMED_1062,,,unnamed,,,Summit,71.362,39.464452,-119.5699434,394317689,way
UNNAMED_1116,,,unnamed,,,Summit,97.325,39.6520678,-119.3299267,435723595,way
UNNAMED_1125,,,unnamed,,,Summit,197.453,40.2309918,-118.3960469,439432195,way
UNNAMED_1135,,,unnamed,,,Summit,37.726,39.4808008,-119.9927359,451476463,way
UNNAMED_1137,,,unnamed,,,Summit,54.508,39.537917,-119.8108273,453123172,way
UNNAMED_1170,,,unnamed,,,Summit,54.295,39.3913343,-119.754266,464305188,way
UNNAMED_1206,,,unnamed,,,Summit,53.719,39.5116008,-119.8052014,498688625,way
UNNAMED_1211,,,unnamed,,,Summit,101.541,39.6203919,-119.2620541,509022773,way
UNNAMED_1214,,,unnamed,,,Summit,53.091,39.5604216,-119.8452555,519133812,way
UNNAMED_1217,,,unnamed,,,Summit,140.039,39.7895568,-118.8635429,523257468,way
UNNAMED_1408,,,unnamed,,,Summit,388.810,40.9722487,-116.3471269,681291276,way
UNNAMED_1409,,,unnamed,,,Summit,388.558,40.9765414,-116.3533812,681291279,way
UNNAMED_1461,,,unnamed,,,Summit,80.094,39.513446,-119.4809827,700963232,way
UNNAMED_1507,,,unnamed,,,Summit,364.143,40.748112,-116.5297286,732171001,way
UNNAMED_1870,,,unnamed,,,Summit,220.051,40.4567627,-118.2681819,1027593904,way
UNNAMED_1890,,,unnamed,,,Summit,19.848,39.205557,-120.2011677,1051897231,way
UNNAMED_1919,,,unnamed,,,Summit,78.700,39.5846624,-119.5291076,1063713415,way
UNNAMED_1920,,,unnamed,,,Summit,58.004,39.4089908,-119.7141905,1064631371,way
UNNAMED_1957,,,unnamed,,,Summit,17.013,39.3311674,-120.1816589,1075814743,way
UNNAMED_1981,,,unnamed,,,Summit,321.704,40.7142736,-117.0688636,1097883111,way
UNNAMED_1982,,,unnamed,,,Summit,321.674,40.7139311,-117.069039,1097883112,way
UNNAMED_1983,,,unnamed,,,Summit,321.481,40.7138461,-117.0715613,1097883113,way
UNNAMED_2001,,,unnamed,,,Summit,95.038,39.673228,-119.3706781,1116071699,way
UNNAMED_2002,,,unnamed,,,Summit,95.344,39.6754959,-119.3680791,1116071702,way
UNNAMED_2092,,,unnamed,,,Summit,217.795,40.3108042,-118.1796004,1179651433,way
UNNAMED_2093,,,unnamed,,,Summit,218.171,40.3127671,-118.1759519,1179651435,way
UNNAMED_2094,,,unnamed,,,Summit,214.037,40.2849679,-118.2113316,1179651441,way
UNNAMED_2095,,,unnamed,,,Summit,131.355,39.753076,-118.9541037,1180245800,way
UNNAMED_2096,,,unnamed,,,Summit,220.072,40.3005982,-118.141262,1181064809,way
UNNAMED_2097,,,unnamed,,,Summit,219.306,40.2892797,-118.1433945,1181250297,way
UNNAMED_2099,,,unnamed,,,Summit,301.379,40.4607458,-117.1746057,1184585743,way
UNNAMED_2199,,,unnamed,,,Summit,80.122,39.5144388,-119.4809994,1241192123,way
UNNAMED_2344,,,unnamed,,,Summit,58.756,39.5648039,-119.7729645,1265700390,way
UNNAMED_2360,,,unnamed,,,Summit,387.291,40.9925308,-116.3812336,1270448921,way
UNNAMED_2566,,,unnamed,,,Summit,79.917,39.5233337,-119.48675,1292773720,way
UNNAMED_2692,,,unnamed,,,Summit,54.843,39.6375121,-119.8906534,1315645313,way
UNNAMED_2694,,,unnamed,,,Summit,56.248,39.6526638,-119.8858931,1315980233,way
UNNAMED_2702,,,unnamed,,,Summit,51.088,39.5085689,-119.8369692,1333286590,way
UNNAMED_2704,,,unnamed,,,Summit,55.572,39.5192557,-119.7859583,1333593782,way
UNNAMED_2711,,,unnamed,,,Summit,69.805,39.6813463,-119.7142075,1337827170,way
UNNAMED_2730,,,unnamed,,,Summit,58.890,39.7019974,-119.9043354,1364380518,way
UNNAMED_2732,,,unnamed,,,Summit,54.313,39.4960407,-119.7895226,1366725861,way
UNNAMED_2740,,,unnamed,,,Summit,28.713,39.4674896,-120.1052217,1379614771,way
UNNAMED_2741,,,unnamed,,,Summit,188.052,40.1750799,-118.4815986,1381007918,way
UNNAMED_2768,,,unnamed,,,Summit,186.943,40.2031348,-118.5183273,1417949020,way
UNNAMED_2769,,,unnamed,,,Summit,212.487,40.3363445,-118.2721207,1417949022,way
UNNAMED_2780,,,unnamed,,,Summit,329.602,40.5810559,-116.8795721,1422200194,way
UNNAMED_2811,,,unnamed,,,Summit,388.017,40.9686149,-116.3552745,1437117660,way
UNNAMED_2812,,,unnamed,,,Summit,387.998,40.9689067,-116.3557167,1437117661,way
UNNAMED_2825,,,unnamed,,,Summit,306.526,40.5136918,-117.1392154,1442247656,way
UNNAMED_3010,,NV Energy,unnamed,,,Summit,54.186,39.5229205,-119.8057495,1474238247,way
UNNAMED_3018,,,unnamed,,,Summit,219.471,40.3091576,-118.1556568,1482596813,way
UNNAMED_3053,,,unnamed,,,Summit,8.393,39.3274001,-120.281842,1485094887,way
UNNAMED_3054,,,unnamed,,,Summit,31.304,39.245357,-120.0279066,1485094888,way
UNNAMED_3462,,,unnamed,,,Summit,79.535,39.511583,-119.4870814,1524720007,way
UNNAMED_3463,,,unnamed,,,Summit,79.518,39.5098383,-119.4866753,1524720008,way
UNNAMED_3464,,,unnamed,,,Summit,79.477,39.508217,-119.486606,1524720009,way
UNNAMED_3465,,,unnamed,,,Summit,79.412,39.508906,-119.4876297,1524720020,way
UNNAMED_411,,,unnamed,,,Summit,55.604,39.5539076,-119.8070631,58756169,way
UNNAMED_412,,NV Energy,unnamed,,,Summit,55.874,39.5582842,-119.8065208,58756194,way
UNNAMED_514,,NV Energy,unnamed,,,Summit,78.661,39.5630829,-119.5189467,90091915,way
UNNAMED_515,,,unnamed,,,Summit,78.739,39.557419,-119.5153581,90091940,way
UNNAMED_516,,,unnamed,,,Summit,76.721,39.5568321,-119.5400751,90091941,way
UNNAMED_517,,NV Energy,unnamed,,,Summit,78.416,39.5640923,-119.5224693,90091942,way
UNNAMED_649,,,unnamed,,,Summit,316.387,40.8280461,-117.2258623,163037208,way
UNNAMED_650,,,unnamed,,,Summit,49.355,39.6560549,-120.0042037,163145505,way
UNNAMED_662,,NV Energy,unnamed,,,Summit,61.793,39.5716123,-119.7376824,165916097,way
UNNAMED_691,,,unnamed,,,Summit,16.879,39.3357266,-120.1837699,168476324,way
UNNAMED_724,,,unnamed,,,Summit,13.675,39.3374004,-120.2216007,170288291,way
UNNAMED_725,,,unnamed,,,Summit,25.429,39.3522642,-120.0862655,170288293,way
UNNAMED_726,,,unnamed,,,Summit,21.633,39.4000584,-120.1499402,170288294,way
UNNAMED_727,,,unnamed,,,Summit,57.032,39.5226679,-119.769331,170292916,way
UNNAMED_728,,,unnamed,,,Summit,41.066,39.5236561,-119.980644,170292920,way
UNNAMED_729,,NV Energy,unnamed,,,Summit,50.534,39.5415805,-119.8656602,170292922,way
UNNAMED_730,,,unnamed,,,Summit,60.559,39.5197134,-119.7233241,170295867,way
UNNAMED_731,,,unnamed,,,Summit,52.962,39.3701844,-119.7664772,170295868,way
UNNAMED_732,,,unnamed,,,Summit,54.604,39.3883324,-119.7500912,170295869,way
UNNAMED_733,,,unnamed,,,Summit,57.346,39.4979256,-119.7526849,170295870,way
UNNAMED_734,,,unnamed,,,Summit,57.017,39.4943793,-119.7551019,170295872,way
UNNAMED_735,,,unnamed,,,Summit,54.420,39.3956972,-119.7536459,170295873,way
UNNAMED_736,,,unnamed,,,Summit,55.787,39.4761044,-119.7621408,170295878,way
UNNAMED_741,,,unnamed,,,Summit,387.947,40.9335415,-116.3329849,170401688,way
UNNAMED_742,,,unnamed,,,Summit,389.490,40.9681515,-116.3353013,170401689,way
UNNAMED_744,,,unnamed,,,Summit,445.102,41.3846874,-115.8782108,170401691,way
UNNAMED_750,,,unnamed,,,Summit,383.174,40.9906662,-116.4352849,170402289,way
UNNAMED_754,,,unnamed,,,Summit,387.570,41.0036581,-116.3851599,170766967,way
UNNAMED_755,,,unnamed,,,Summit,385.417,40.9821711,-116.399275,170766968,way
UNNAMED_756,,,unnamed,,,Summit,387.661,40.9965661,-116.3790394,170766969,way
UNNAMED_838,,,unnamed,,,Summit,23.310,39.2807187,-120.1125763,186972883,way
UNNAMED_931,,,unnamed,,,Summit,54.470,39.5285739,-119.8054845,268816063,way
UNNAMED_932,,,unnamed,,,Summit,54.437,39.5294841,-119.8064755,268823314,way
UNNAMED_968,,,unnamed,,,Summit,18.014,39.3294995,-120.169845,310181353,way
UNNAMED_980,,,unnamed,,,Summit,53.587,39.5226971,-119.8132999,338358059,way
UNNAMED_989,,,unnamed,,,Summit,17.030,39.3302666,-120.1813739,350490810,way
UNNAMED_1521,,,unnamed,,,Sun City,7.079,33.6809814,-117.0698749,734697835,way
UNNAMED_1527,,,unnamed,,,Sylmar-Pac Intertie,5.315,34.3072204,-118.5582969,737430780,way
UNNAMED_2921,,,unnamed,,,TAFT,6.156,35.19114,-119.4736173,1455899608,way
UNNAMED_1707,,,unnamed,,,Trinity,8.031,40.6464036,-122.9466794,884728403,way
UNNAMED_1802,,,unnamed,,,Trinity,23.311,40.7415596,-123.2093341,959191970,way
UNNAMED_1921,,,unnamed,,,Trinity,10.685,40.7117585,-122.8079206,1065696976,way
UNNAMED_2892,,,unnamed,,,Trona,7.637,35.8284817,-117.3195338,1452776974,way
UNNAMED_2898,,,unnamed,,,Trona,7.109,35.8287503,-117.3305775,1452902591,way
UNNAMED_2899,,,unnamed,,,Trona,7.201,35.8286286,-117.3283523,1452902604,way
UNNAMED_3085,,,unnamed,,,Tupman,6.402,35.3940871,-119.3215317,1485094922,way
UNNAMED_2850,,,unnamed,,,UKIAH,5.437,39.1024958,-123.1563966,1450420268,way
UNNAMED_2041,,,unnamed,,,Unknown,7.861,35.2469042,-118.1763808,1140601106,way
UNNAMED_1329,,,unnamed,,,Valdez,9.544,34.2290526,-118.5978615,601152668,way
UNNAMED_1330,,,unnamed,,,Valdez,9.528,34.2290059,-118.5982352,601152669,way
UNNAMED_1668,,SoCal Edison,unnamed,,,Valdez,6.921,34.0895773,-118.6051239,867902809,way
UNNAMED_1526,,,unnamed,,,Vallecitos,5.333,37.6284352,-121.7871851,737372060,way
UNNAMED_1181,,,unnamed,,,Verdant,83.280,32.6796983,-114.5729347,475564434,way
UNNAMED_2184,,,unnamed,,,Verdant,47.170,33.0535834,-114.9841135,1234453780,way
UNNAMED_2185,,,unnamed,,,Verdant,83.332,32.6685856,-114.7055959,1234453817,way
UNNAMED_2186,,,unnamed,,,Verdant,105.061,32.4799508,-114.5879388,1234453862,way
UNNAMED_2187,,,unnamed,,,Verdant,76.952,32.7283257,-114.6536933,1234453906,way
UNNAMED_2188,,,unnamed,,,Verdant,78.316,32.7361446,-114.5128889,1234483710,way
UNNAMED_2978,,,unnamed,,,Verdant,96.187,32.5537846,-114.6753473,1465393867,way
UNNAMED_2979,,,unnamed,,,Verdant,87.637,32.6329155,-114.6394312,1465393868,way
UNNAMED_3014,,Wellton-Mohawk Irrigation and Drainage District,unnamed,,,Verdant,87.415,32.7068066,-114.3240594,1479106681,way
UNNAMED_3477,,,unnamed,,,Verdant,64.881,32.8783777,-114.458632,1532581872,way
UNNAMED_3478,,,unnamed,,,Verdant,91.229,32.6365162,-114.4256514,1532581932,way
UNNAMED_3479,,Wellton-Mohawk Irrigation and Drainage District,unnamed,,,Verdant,100.430,32.6485482,-114.1597115,1532581958,way
UNNAMED_3480,,Wellton-Mohawk Irrigation and Drainage District,unnamed,,,Verdant,97.901,32.6503935,-114.2094651,1532581962,way
UNNAMED_3481,,Wellton-Mohawk Irrigation and Drainage District,unnamed,,,Verdant,100.701,32.7518304,-113.9917509,1532581983,way
UNNAMED_3482,,Wellton-Mohawk Irrigation and Drainage District,unnamed,,,Verdant,103.066,32.6788267,-114.0567291,1532581992,way
UNNAMED_3483,,Wellton-Mohawk Irrigation and Drainage District,unnamed,,,Verdant,98.736,32.6778873,-114.1385877,1532581995,way
UNNAMED_3484,,,unnamed,,,Verdant,70.465,32.8672689,-114.3494554,1532582010,way
UNNAMED_3485,,,unnamed,,,Verdant,69.546,32.8474832,-114.4177203,1532582045,way
UNNAMED_3486,,,unnamed,,,Verdant,67.255,32.8607932,-114.4427754,1532582048,way
UNNAMED_522,,,unnamed,,,Verdant,75.756,32.7365988,-114.714637,90961064,way
UNNAMED_523,,,unnamed,,,Verdant,77.623,32.7198569,-114.7107722,90961476,way
UNNAMED_524,,,unnamed,,,Verdant,76.756,32.7277499,-114.7050636,90961477,way
UNNAMED_525,,,unnamed,,,Verdant,70.490,32.8680093,-114.3473591,91020511,way
UNNAMED_677,,,unnamed,,,Verdant,43.845,33.0469581,-114.8842328,166658928,way
UNNAMED_796,,,unnamed,,,Verdant,75.580,32.7381876,-114.7141751,180622018,way
UNNAMED_834,,,unnamed,,,Verdant,56.386,32.9656086,-114.4500518,184601778,way
UNNAMED_1714,,Sacramento Municipal Utility District,unnamed,,,WEST SACRAMENTO,11.463,38.6894961,-121.577341,885906129,way
UNNAMED_2746,,Sacramento Municipal Utility District,unnamed,,,WEST SACRAMENTO,10.065,38.6787027,-121.5649361,1386316372,way
UNNAMED_2754,,,unnamed,,,WESTLEY,20.263,37.5799745,-120.9757281,1393447160,way
UNNAMED_3324,,,unnamed,,,WESTLEY,19.463,37.5743113,-120.9848931,1485095215,way
UNNAMED_917,,,unnamed,,,WESTLEY,19.375,37.5750116,-120.9858703,258650889,way
UNNAMED_1518,,Sacramento Municipal Utility District,unnamed,,,West Sacramento,7.398,38.6489271,-121.5065642,734333438,way
UNNAMED_1519,,,unnamed,,,West Sacramento,8.193,38.6498818,-121.4908332,734333441,way
UNNAMED_1520,,,unnamed,,,West Sacramento,8.223,38.6498975,-121.4902495,734333442,way
UNNAMED_2427,,Sacramento Municipal Utility District,unnamed,,,West Sacramento,7.512,38.6540793,-121.5194413,1281237395,way
UNNAMED_2428,,Sacramento Municipal Utility District,unnamed,,,West Sacramento,8.347,38.6418355,-121.4760055,1281248318,way
UNNAMED_2429,,Sacramento Municipal Utility District,unnamed,,,West Sacramento,7.170,38.6232357,-121.4745734,1281248320,way
UNNAMED_2433,,Sacramento Municipal Utility District,unnamed,,,West Sacramento,11.114,38.6846404,-121.5056205,1281287386,way
UNNAMED_2453,,Sacramento Municipal Utility District,unnamed,,,West Sacramento,5.298,38.6302423,-121.5132543,1282925487,way
UNNAMED_2454,,Sacramento Municipal Utility District,unnamed,,,West Sacramento,5.911,38.6424862,-121.5391746,1282925491,way
UNNAMED_2455,,Sacramento Municipal Utility District,unnamed,,,West Sacramento,5.289,38.6201138,-121.498308,1282933344,way
UNNAMED_2456,,Sacramento Municipal Utility District,unnamed,,,West Sacramento,5.160,38.6091113,-121.4910751,1282941046,way
UNNAMED_2477,,Sacramento Municipal Utility District,unnamed,,,West Sacramento,11.353,38.6599929,-121.4503357,1283685614,way
UNNAMED_2513,,Sacramento Municipal Utility District,unnamed,,,West Sacramento,13.594,38.6903738,-121.456455,1285240051,way
UNNAMED_2565,,Sacramento Municipal Utility District,unnamed,,,West Sacramento,8.141,38.6460115,-121.4852939,1292445307,way
UNNAMED_2699,,Sacramento Municipal Utility District,unnamed,,,West Sacramento,9.778,38.6568645,-121.4725367,1321868019,way
UNNAMED_3447,,Sacramento Municipal Utility District,unnamed,,,West Sacramento,7.299,38.6448082,-121.4996213,1502658813,way
UNNAMED_549,,,unnamed,,,Westfall P.m.,5.510,34.5017797,-119.7280325,96961241,way
UNNAMED_1311,,,unnamed,,,Westlands,7.036,36.5919749,-120.4029374,597046169,way
UNNAMED_1766,,,unnamed,,,Westlands,6.893,36.5916032,-120.4004319,919203388,way
UNNAMED_1767,,,unnamed,,,Westlands,7.396,36.5893706,-120.4054797,919203394,way
UNNAMED_3271,,,unnamed,,,Westley,9.466,37.5540271,-121.3084046,1485095135,way
UNNAMED_1204,,,unnamed,,,Whipple,6.320,34.2885403,-114.1039718,497454218,way
UNNAMED_766,,,unnamed,,,Whipple,6.486,34.2871717,-114.1023284,172869327,way
UNNAMED_1304,,,unnamed,,,Whirlwind,6.840,34.9198249,-118.4484298,596981567,way
UNNAMED_1305,,,unnamed,,,Whirlwind,6.098,34.848985,-118.3695742,597034580,way
UNNAMED_1306,,,unnamed,,,Whirlwind,5.018,34.8197638,-118.4086566,597034635,way
UNNAMED_1665,,,unnamed,,,Whirlwind,5.204,34.8639558,-118.3784647,863345398,way
UNNAMED_1666,,,unnamed,,,Whirlwind,7.590,34.916315,-118.3895007,863345410,way
UNNAMED_2054,,,unnamed,,,Whirlwind,8.055,34.9101385,-118.3723409,1153486159,way
UNNAMED_3000,,,unnamed,,,Wildwood,20.937,40.5523789,-123.162853,1469474890,way
UNNAMED_3358,,,unnamed,,,Williams,6.629,39.1055492,-122.1099955,1485095270,way
UNNAMED_133,,,unnamed,,,Wintun,5.466,40.5569298,-122.325378,7189073146,node
UNNAMED_134,,,unnamed,,,Wintun,5.407,40.557385,-122.325768,7189073161,node
UNNAMED_135,,,unnamed,,,Wintun,5.445,40.5582569,-122.323934,7189073163,node
UNNAMED_136,,,unnamed,,,Wintun,5.369,40.557192,-122.326693,7189073166,node
UNNAMED_137,,,unnamed,,,Wintun,5.241,40.5573199,-122.328775,7189073171,node
UNNAMED_138,,,unnamed,,,Wintun,5.036,40.557291,-122.332616,7189195283,node
UNNAMED_140,,,unnamed,,,Wintun,5.451,40.5573892,-122.324996,7244273579,node
UNNAMED_141,,,unnamed,,,Wintun,5.373,40.5583704,-122.324993,7244282896,node
UNNAMED_257,,,unnamed,,,Wintun,6.274,40.5499507,-122.32131,9758556556,node
UNNAMED_261,,,unnamed,,,Wintun,6.383,40.5500378,-122.319219,10005458414,node
UNNAMED_262,,,unnamed,,,Wintun,6.409,40.549617,-122.319369,10005458415,node
UNNAMED_263,,,unnamed,,,Wintun,6.222,40.5514665,-122.319986,10005461818,node
UNNAMED_2341,,,unnamed,,,Wright,8.368,36.9404414,-120.9222094,1264200824,way
UNNAMED_1567,,,unnamed,,,Wrightwood,6.503,34.3785107,-117.6912499,766595015,way
UNNAMED_2750,,Western Area Power Administration,unnamed,,,Yuba Gold Fields,6.185,39.1573059,-121.455484,1391914134,way
UNNAMED_976,,,unnamed,,,Yuba Gold Fields,6.175,39.1484246,-121.426514,324443590,way
UNNAMED_2776,,,unnamed,,,Zack,165.728,38.7070147,-117.1043631,1421272287,way
UNNAMED_667,,,unnamed,,,Zack,165.669,38.7070881,-117.1054364,166273600,way
UNNAMED_757,,,unnamed,,,Zack,89.711,38.3934712,-118.1171019,170816711,way
