bus_i,kV,Type,Import,Lat,Lon,nearest_our_sub,nearest_utility,nearest_our_lat,nearest_our_lon,dist_km,matched
1,115,Substation,' ',37.77243572,-122.2429162,OAKLAND J,pge,37.76329902345095,-122.21419146834046,2.7216210251456583,False
2,66,Substation,' ',37.77848161,-121.6259513,HERDLYN,pge,37.81698475446724,-121.58716994811228,5.471830188292621,False
3,66,Substation,' ',37.7483765,-121.6772083,VASCO,pge,37.71097214981069,-121.71567702519704,5.3613674253181305,False
4,230,Substation,' ',37.69128098,-122.0612774,CASTRO VALLEY,pge,37.6917841084946,-122.06126559376074,0.055954980097954084,True
5,115,Substation,' ',37.59578193,-122.0174353,JARVIS,pge,37.59533398503197,-122.01754403270029,0.05072207772162143,True
6,66,Substation,' ',40.09403073,-123.5091868,FORT SEWARD,pge,40.213926195853496,-123.5966650918544,15.264636732502142,False
7,115,Substation,' ',37.55699202,-122.05794,DUMBARTON,pge,37.55713232904114,-122.05834145293557,0.038674419214002845,True
8,115,Substation,' ',37.73868954,-122.1937991,EDES,pge,37.738958386689234,-122.19406786917396,0.0381082309637869,True
9,115,Substation,' ',37.49369132,-121.9394285,NEWARK 21KV,pge,37.50289932556285,-121.98163324660962,3.8614723336057133,False
10,115,Substation,' ',37.67126804,-122.1595387,GRANT,pge,37.67180204255067,-122.15958413255876,0.059512863283356955,True
11,115,Substation,' ',37.876174,-122.245764,RIDGE,pge,37.88486073895271,-122.25488061856642,1.2542732501144764,True
12,66,Substation,' ',37.66794608,-121.8318768,VINEYARD,pge,37.66981508616917,-121.85487819350168,2.035151790333356,False
13,115,Substation,' ',37.59531056,-122.0174915,JARVIS,pge,37.59533398503197,-122.01754403270029,0.005310960142436055,True
14,66,Substation,' ',37.70853376,-121.9070045,SAN RAMON,pge,37.74487564264759,-121.93673033346126,4.812972933276651,False
15,66,Substation,' ',37.68002781,-121.7805048,LIVERMORE,pge,37.680003612395765,-121.78085098109068,0.030583822424443397,True
16,66,Substation,' ',37.71164362,-121.8938504,NORTH DUBLIN,pge,37.74483921993783,-121.85769752164674,4.871772893871256,False
17,66,Substation,' ',37.67255501,-121.859528,RADUM,pge,37.67228311817145,-121.85958601044506,0.030661075684513435,True
18,230,Substation,' ',37.79905699,-121.6199438,HERDLYN,pge,37.81698475446724,-121.58716994811228,3.501993804619827,False
19,115,Substation,' ',37.71062477,-122.1481883,SAN LEANDRO U,pge,37.710671483216295,-122.14868122906188,0.043671691299582115,True
20,115,Substation,' ',37.76299826,-122.2144948,OAKLAND J,pge,37.76329902345095,-122.21419146834046,0.042772050555075415,True
21,115,Substation,' ',37.58690266,-121.869684,SUNOL,pge,37.58689135859106,-121.86962721571362,0.0051588922188070836,True
22,115,Substation,' ',37.60924399,-121.842671,SUNOL,pge,37.58689135859106,-121.86962721571362,3.437687557660303,False
23,66,Substation,' ',37.71111924,-121.7158749,VASCO,pge,37.71097214981069,-121.71567702519704,0.023884984631735967,True
24,66,Substation,' ',37.66968929,-121.8544376,VINEYARD,pge,37.66981508616917,-121.85487819350168,0.04122488524184793,True
25,66,Substation,' ',38.408767,-120.822098,MARTELL,pge,38.36883661631688,-120.79647096943472,4.9701979299540415,False
26,66,Substation,' ',38.34219061,-120.9349804,CLAY,pge,38.34223678954548,-120.93502517926262,0.006451273039027322,True
27,66,Substation,' ',38.37390104,-120.9575497,IONE,pge,38.37370944252769,-120.9571666049228,0.03961293701424081,True
28,66,Substation,' ',38.27717343,-120.9138995,CLAY,pge,38.34223678954548,-120.93502517926262,7.465833214762885,False
29,66,Substation,' ',38.36910799,-120.796754,MARTELL,pge,38.36883661631688,-120.79647096943472,0.03897936955472356,True
30,66,Substation,' ',38.36863575,-120.8054803,MARTELL,pge,38.36883661631688,-120.79647096943472,0.7857546511650505,True
31,66,Substation,' ',38.48076425,-120.8449436,OLETA,pge,38.4807522569046,-120.84479287419188,0.013187573756014736,True
32,115,Substation,' ',38.4984199,-120.2184202,SALT SPRINGS,pge,38.49873757346975,-120.21883454678164,0.05047715407581975,True
33,66,Substation,' ',38.4127977,-120.6602339,PINE GROVE,pge,38.41280369646983,-120.66072875769709,0.04312077223118741,True
34,115,Substation,' ',37.71296547,-121.4775277,LAMMERS,pge,37.71280029392499,-121.47875326631689,0.10935999247956434,True
35,66,Substation,' ',39.48122633,-121.5654854,WYANDOTTE,pge,39.49164315311975,-121.54096296885037,2.4021610274642633,False
36,66,Substation,' ',39.36471317,-121.6856152,PEACHTON,pge,39.37878705432235,-121.68516794919552,1.565416694518511,True
37,66,Substation,' ',39.47437782,-121.5747818,WYANDOTTE,pge,39.49164315311975,-121.54096296885037,3.479880108593692,False
38,66,Substation,' ',39.4087526,-121.6886266,PEACHTON,pge,39.37878705432235,-121.68516794919552,3.34524550240095,False
39,115,Substation,' ',34.64326979,-120.4372802,CABRILLO,pge,34.643231832675774,-120.4373602032375,0.008448571037979096,True
40,66,Substation,' ',39.81095374,-121.9196266,ANITA,pge,39.81086776157862,-121.91991335854588,0.026293357699671734,True
41,66,Substation,' ',39.38767374,-121.4031757,BANGOR,pge,39.38796688540241,-121.40298390629762,0.036526602136581814,True
42,115,Substation,' ',39.71220645,-121.8133571,BUTTE,pge,39.712000513701405,-121.81334760711448,0.022913464027835333,True
43,115,Substation,' ',39.71884016,-121.8209206,CHICO A,pge,39.71896295197578,-121.82083893681968,0.015336646063671997,True
44,115,Substation,' ',39.72551493,-121.8470758,CHICO B,pge,39.7253212399454,-121.846804015902,0.03168779407657496,True
45,115,Substation,' ',33.81774602,-116.3674057,Concho,sce,33.75688900153803,-116.33419299787862,7.430550762830917,False
46,115,Substation,' ',39.60773551,-121.7683336,ESQUON,pge,39.60772314757492,-121.76822648360046,0.009278795220243469,True
47,66,Substation,' ',39.74641854,-122.0113693,HAMILTON A,pge,39.74626480299121,-122.01146489920175,0.018948212396194857,True
48,115,Substation,' ',39.7602408,-121.9070486,NORD,pge,39.76022573614664,-121.90699546602146,0.004840849343164965,True
49,66,Substation,' ',39.50399795,-121.560155,OROVILLE,pge,39.50420642182479,-121.56020606130058,0.023591331853428852,True
50,66,Substation,' ',39.76066295,-121.6187304,PARADISE,pge,39.76034094880524,-121.6190062372056,0.04287093530405147,True
51,66,Substation,' ',39.37824172,-121.6850945,PEACHTON,pge,39.37878705432235,-121.68516794919552,0.06096614374672899,True
52,115,Substation,' ',39.76876106,-121.8240284,SYCAMORE CREEK,pge,39.76887891514183,-121.82323209706044,0.069308595894638,True
53,115,Substation,' ',39.48676454,-121.6880242,TRES VIAS,pge,39.48664776643268,-121.68751739757202,0.045389250761359315,True
54,115,Substation,' ',39.49170026,-121.5409467,WYANDOTTE,pge,39.49164315311975,-121.54096296885037,0.006501644965836424,True
55,66,Substation,' ',38.16989692,-120.6672277,CALAVERAS CEMENT,pge,38.17053149409406,-120.66845206163632,0.1281985680548389,True
56,115,Substation,' ',38.06981688,-120.4221335,STANISLAUS,pge,38.14006225541333,-120.36971689458166,9.057861015183773,False
57,66,Substation,' ',38.10148065,-120.9261759,CORRAL,pge,38.10147374789754,-120.92528602571213,0.07786903988452107,True
58,115,Substation,' ',38.0571528,-120.5339711,FROGTOWN,pge,38.05723780621027,-120.5341629491827,0.019274142862699378,True
59,230,Substation,' ',37.9446466,-120.5362212,PEORIA,pge,37.90339247520717,-120.49708389009176,5.729524920094446,False
60,115,Substation,' ',38.14698707,-120.4464194,STANISLAUS,pge,38.14006225541333,-120.36971689458166,6.751764615331629,False
61,66,Substation,' ',38.19974699,-120.719348,CALAVERAS CEMENT,pge,38.17053149409406,-120.66845206163632,5.508305293989358,False
62,66,Substation,' ',39.01747968,-122.0613948,ARBUCKLE,pge,39.01767623855932,-122.0610830521299,0.03468543845046154,True
63,66,Substation,' ',39.21353467,-122.0025503,COLUSA,pge,39.213661583558526,-122.00306856656788,0.04682739167971024,True
64,66,Substation,' ',38.96982277,-122.0433322,ARBUCKLE,pge,39.01767623855932,-122.0610830521299,5.537786611976402,False
65,66,Substation,' ',38.96922396,-122.0704684,ARBUCKLE,pge,39.01767623855932,-122.0610830521299,5.448361281548236,False
66,66,Substation,' ',39.27695996,-122.1532889,MAXWELL,pge,39.27720532980578,-122.15302787153044,0.03534438141948933,True
67,66,Substation,' ',39.40274718,-122.0132647,RICE,pge,39.402405951136096,-122.0140123123825,0.07460473312619757,True
68,66,Substation,' ',39.15748765,-122.1477121,WILLIAMS,pge,39.15751081265503,-122.14773879689832,0.003454289953379281,True
69,115,Substation,' ',37.99392322,-122.1301156,ALHAMBRA,pge,37.99408242188111,-122.13034397164172,0.026718243290614972,True
70,66,Substation,' ',37.81698936,-121.5871457,HERDLYN,pge,37.81698475446724,-121.58716994811228,0.0021906776713111913,True
71,66,Substation,' ',38.01132999,-121.748771,CONTRA COSTA,pge,37.99867901702416,-121.78318387764637,3.3271583538007814,False
72,66,Substation,' ',37.88699377,-121.5769277,MIDDLE RIVER,pge,37.93681260482009,-121.52887983580312,6.960933532054496,False
73,66,Substation,' ',38.01049965,-121.7562696,CONTRA COSTA,pge,37.99867901702416,-121.78318387764637,2.699728821580235,False
74,115,Substation,' ',38.02639867,-121.8496279,PITTSBURG,pge,38.03070653596985,-121.8692592247712,1.7849567128823418,True
75,115,Substation,' ',38.01420008,-122.1158065,FAIRVIEW,pge,38.01590927413491,-122.11629244561098,0.19476324033414505,True
76,66,Substation,' ',38.01900393,-122.2354177,FRANKLIN,pge,38.012370285670094,-122.26448472267798,2.651073567415493,False
77,66,Substation,' ',37.92595616,-122.0713843,LAKEWOOD,pge,37.9088184998879,-122.0574732475179,2.262855736294252,False
78,66,Substation,' ',37.83870261,-121.6229064,HERDLYN,pge,37.81698475446724,-121.58716994811228,3.9601807214414126,False
79,66,Substation,' ',37.92583801,-121.678276,BALFOUR,pge,37.926180349016605,-121.67855023269668,0.04502895977875484,True
80,115,Substation,' ',38.0125913,-122.0426788,TIDEWATER,pge,38.02052295487403,-122.06207554043746,1.9144653102797156,True
81,66,Substation,' ',37.88525172,-121.8144465,LONE TREE,pge,37.94630532263428,-121.75910439326935,8.346107747885332,False
82,115,Substation,' ',37.94410025,-121.9691071,CLAYTON,pge,37.94428985556829,-121.96926364911442,0.025158501493460193,True
83,115,Substation,' ',38.02598429,-121.8633112,PITTSBURG,pge,38.03070653596985,-121.8692592247712,0.7396895016012363,True
84,66,Substation,' ',38.01351802,-121.815552,CONTRA COSTA,pge,37.99867901702416,-121.78318387764637,3.281033658718564,False
85,115,Substation,' ',38.02728725,-121.8543797,PITTSBURG,pge,38.03070653596985,-121.8692592247712,1.3575971415311308,True
86,115,Substation,' ',37.8759552,-122.1870459,SOBRANTE,pge,37.90535027631521,-122.20813319872327,3.7560501183227575,False
87,115,Substation,' ',38.01599634,-121.7739186,CONTRA COSTA,pge,37.99867901702416,-121.78318387764637,2.0897122293320285,False
88,66,Substation,' ',38.012107,-122.26433,FRANKLIN,pge,38.012370285670094,-122.26448472267798,0.03226179195277733,True
89,66,Substation,' ',37.81672046,-121.5861654,HERDLYN,pge,37.81698475446724,-121.58716994811228,0.09300583851145686,True
90,115,Substation,' ',38.00163657,-122.0672557,TIDEWATER,pge,38.02052295487403,-122.06207554043746,2.148547830270296,False
91,66,Substation,' ',37.90286541,-121.7226958,BRENTWOOD,pge,37.91951019657826,-121.6770008771395,4.415391728859347,False
92,115,Substation,' ',37.96324326,-122.0522531,MEADOW LANE,pge,37.96346551773498,-122.05211023752588,0.027706237742953766,True
93,115,Substation,' ',37.99592158,-122.3481031,POINT PINOLE,pge,37.995974173346816,-122.34791448274218,0.017532199648727903,True
94,66,Substation,' ',38.03732601,-122.178096,NORTH TOWER,pge,38.066339734584254,-122.19598269824904,3.5862420630744674,False
95,230,Substation,' ',37.78241596,-121.9676624,RESEARCH,pge,37.7823591848183,-121.96730288036213,0.03221991041353564,True
96,66,Substation,' ',38.028955,-122.103101,FAIRVIEW,pge,38.01590927413491,-122.11629244561098,1.8545930300169222,True
97,66,Substation,' ',38.02477032,-121.9609733,WILLOW PASS,pge,38.02501979007568,-121.96117701573776,0.032983452365821425,True
98,66,Substation,' ',41.77442883,-123.0350791,HOOPA,pge,41.0562197839853,-123.6821751759544,96.38163090650038,False
99,115,Substation,' ',38.69341229,-120.8258948,DIAMOND SPRINGS,pge,38.69335810297077,-120.82605011972905,0.014765216214942714,True
100,115,Substation,' ',38.88492041,-121.0671416,AUBURN,pge,38.90362002905324,-121.07000550995504,2.094022744340987,False
101,66,Substation,' ',38.6349329,-120.9801828,SHINGLE SPRINGS,pge,38.6594107880625,-120.94678677552162,3.9773984175394648,False
102,66,Substation,' ',38.91406597,-121.0189822,MOUNTAIN QUARRIES,pge,38.91439251858,-121.01899061136776,0.03631783751107611,True
103,115,Substation,' ',38.83485899,-121.094821,PENRYN,pge,38.84486110184167,-121.16643199707649,6.301153145082597,False
104,66,Substation,' ',38.65929769,-120.9472381,SHINGLE SPRINGS,pge,38.6594107880625,-120.94678677552162,0.04115658674021972,True
105,66,Substation,' ',38.85028861,-120.3819544,EL DORADO PH,pge,38.79358310217803,-120.61933508570162,21.509632905986045,False
106,115,Substation,' ',38.79337762,-120.619311,EL DORADO PH,pge,38.79358310217803,-120.61933508570162,0.022943729738134057,True
107,115,Substation,' ',36.54076139,-119.5818423,KINGSBURG,pge,36.4886216034969,-119.5824905378176,5.79796916053625,False
108,115,Substation,' ',36.75773233,-119.6968545,AIRWAYS,pge,36.77817677583952,-119.67395617756009,3.0542064889862597,False
109,66,Substation,' ',36.31946224,-119.9470597,HENRIETTA,pge,36.24184869376041,-119.90482761916222,9.42398347292514,False
110,66,Substation,' ',36.23774299,-120.3687036,COALINGA NO 2,pge,36.237727890424445,-120.31459024852086,4.853243869289936,False
111,500,Substation,' ',36.71509335,-120.7018288,HAMMONDS,pge,36.71999629266149,-120.60261292866964,8.8601998032346,False
112,66,Substation,' ',36.22456945,-120.3814639,COALINGA NO 2,pge,36.237727890424445,-120.31459024852086,6.174053791750553,False
113,115,Substation,' ',36.70056751,-119.754489,RANCHERS COTTON,pge,36.70069654914869,-119.7539900369112,0.04674072290903518,True
114,66,Substation,' ',36.90286001,-119.773843,WOODWARD,pge,36.896288880187065,-119.75080744529772,2.1747731919534488,False
115,66,Substation,' ',36.19229514,-120.3552717,COALINGA NO 2,pge,36.237727890424445,-120.31459024852086,6.23229429968561,False
116,66,Substation,' ',36.63241754,-120.3423122,GIFFEN,pge,36.54577475933991,-120.33539282422548,9.65402404240416,False
117,115,Substation,' ',36.52807464,-120.4852632,GIFFEN,pge,36.54577475933991,-120.33539282422548,13.533619282775406,False
118,66,Substation,' ',36.79273987,-120.1141466,BIOLA,pge,36.79252636020794,-120.11415824294244,0.023763831938045953,True
119,66,Substation,' ',36.28400837,-120.122075,CALFLAX,pge,36.28387686148028,-120.12208024379596,0.014630632031866488,True
120,66,Substation,' ',36.44598609,-119.7989666,CAMDEN,pge,36.44568692380856,-119.79886678890834,0.03444295497166952,True
121,115,Substation,' ',36.42931356,-120.3416558,CANTUA,pge,36.429254389544624,-120.3414752851558,0.017438806545315697,True
122,66,Substation,' ',36.83609272,-120.4495568,FIREBAUGH,pge,36.85079413120268,-120.4658435279364,2.184672876748688,False
123,66,Substation,' ',36.53216946,-119.8814695,CARUTHERS,pge,36.53207399155622,-119.88218484607894,0.06479011302538988,True
124,115,Substation,' ',36.63275972,-120.5319935,PANOCHE,pge,36.65147106321651,-120.58017074552066,4.775472380427719,False
125,66,Substation,' ',36.89581265,-119.6647064,COPPERMINE,pge,36.89631750001298,-119.664718786115,0.05614756462589972,True
126,66,Substation,' ',36.22650304,-120.3378885,COALINGA NO 2,pge,36.237727890424445,-120.31459024852086,2.4340666852448405,False
127,66,Substation,' ',36.57016948,-119.4190334,REEDLEY,pge,36.604246761895766,-119.37597494144654,5.397949241302587,False
128,66,Substation,' ',36.70935277,-119.0289556,DUNLAP,pge,36.70967604208161,-119.0292556541925,0.044805814786077335,True
129,66,Substation,' ',36.8505811,-120.4663723,FIREBAUGH,pge,36.85079413120268,-120.4658435279364,0.05267591472456604,True
130,66,Substation,' ',36.59142343,-120.1761988,SAN JOAQUIN,pge,36.62114126800271,-120.17810289515532,3.3088409007990998,False
131,66,Substation,' ',36.18606391,-120.1039111,HURON,pge,36.18607144784237,-120.10386221168731,0.0044668660446695865,True
132,66,Substation,' ',36.69153501,-120.060083,KERMAN,pge,36.69166461699721,-120.06003825090616,0.01495376997701119,True
133,66,Substation,' ',36.70562289,-119.882865,KEARNEY,pge,36.706696128628494,-119.88009059611775,0.2746137302966539,True
134,66,Substation,' ',36.706794,-119.880023,KEARNEY,pge,36.706696128628494,-119.88009059611775,0.012439723921958645,True
135,115,Substation,' ',36.69325502,-119.726534,MALAGA,pge,36.6933448884706,-119.7259384506958,0.05403197106151327,True
136,230,Substation,' ',36.59336916,-119.9887084,MC MULLIN,pge,36.593617549943424,-119.9886805783096,0.027731161645005508,True
137,66,Substation,' ',36.72059631,-120.4589551,MENDOTA,pge,36.72025412492721,-120.45868266031763,0.04513737958074457,True
138,66,Substation,' ',36.75624051,-120.3653702,MENDOTA,pge,36.72025412492721,-120.45868266031763,9.227725472009654,False
139,66,Substation,' ',36.60561902,-119.773307,BOWLES,pge,36.60577292106775,-119.77351527184116,0.025268097058336082,True
140,66,Substation,' ',36.60755351,-119.5213101,PARLIER,pge,36.60756183371276,-119.52147471307352,0.014722564637438262,True
141,115,Substation,' ',36.78995077,-119.4034036,TIVY VALLEY,pge,36.770688020428544,-119.39266766293925,2.3456412417847172,False
142,115,Substation,' ',36.71022222,-119.5381139,SANGER,pge,36.70772235449084,-119.61086419533504,6.491132309911218,False
143,66,Substation,' ',36.6043472,-119.3762084,REEDLEY,pge,36.604246761895766,-119.37597494144654,0.02364347290667808,True
144,66,Substation,' ',36.62093615,-120.1783513,SAN JOAQUIN,pge,36.62114126800271,-120.17810289515532,0.031806712376949944,True
145,66,Substation,' ',36.53108764,-120.1045065,STROUD,pge,36.53114916455339,-120.10431099777811,0.01875979425649701,True
146,66,Substation,' ',36.77054901,-119.393313,TIVY VALLEY,pge,36.770688020428544,-119.39266766293925,0.05952311815226036,True
147,115,Substation,' ',36.68753802,-119.721984,MALAGA,pge,36.6933448884706,-119.7259384506958,0.7356938462657329,True
148,66,Substation,' ',36.66108307,-120.3343954,GIFFEN,pge,36.54577475933991,-120.33539282422548,12.822008277093255,False
149,66,Substation,' ',36.35685741,-120.2512062,SCHINDLER,pge,36.401932506462806,-120.13844397559691,11.270690994027968,False
150,115,Substation,' ',36.83604392,-120.6203074,ORO LOMA,pge,36.88604386572732,-120.65597132911496,6.401399541182034,False
151,66,Substation,' ',39.58278564,-122.0104719,JACINTO,pge,39.58288667011789,-122.01062919339816,0.01754731751810391,True
152,66,Substation,' ',39.77596358,-122.1038109,CAPAY,pge,39.77653431381928,-122.10355513930796,0.06712110451283711,True
153,66,Substation,' ',39.78927916,-122.0513104,CAPAY,pge,39.77653431381928,-122.10355513930796,4.683871607239412,False
154,230,Substation,' ',39.53951119,-122.2630509,LOGAN CREEK,pge,39.53921325844442,-122.2628031886025,0.03935364296967352,True
155,66,Substation,' ',39.725196,-122.178741,ORLAND B,pge,39.72519125045083,-122.17865785695024,0.007130153008466521,True
156,66,Substation,' ',39.55776855,-122.0047037,JACINTO,pge,39.58288667011789,-122.01062919339816,2.838811420331124,False
157,66,Substation,' ',39.531676,-122.1861239,WILLOWS A,pge,39.53184406918284,-122.18627003440444,0.022501701970461984,True
158,66,Substation,' ',39.58704303,-122.533157,ELK CREEK,pge,39.59327331009217,-122.54352006687898,1.126272452034779,True
159,66,Substation,' ',40.87793436,-123.9946333,BLUE LAKE,pge,40.88014012907379,-123.98025783924872,1.2332344270675368,True
160,66,Substation,' ',40.86708117,-124.0884243,ARCATA,pge,40.86730949748007,-124.08825985825644,0.028910194483596118,True
161,66,Substation,' ',41.16271474,-124.1020064,BIG LAGOON,pge,41.162116737480105,-124.1022126767118,0.06870042269776983,True
162,66,Substation,' ',40.90584397,-124.0343692,JANES CREEK,pge,40.90518967567011,-124.07217770855576,3.178262150764352,False
163,66,Substation,' ',40.8798343,-123.9805907,BLUE LAKE,pge,40.88014012907379,-123.98025783924872,0.044040665394198264,True
164,115,Substation,' ',40.47964597,-123.7803098,BRIDGEVILLE,pge,40.47973690196123,-123.78042714948089,0.01416852649163437,True
165,66,Substation,' ',40.80046704,-124.1962938,FAIRHAVEN,pge,40.80053988251958,-124.1961850487832,0.012222944087939808,True
166,66,Substation,' ',40.21377701,-123.5963844,FORT SEWARD,pge,40.213926195853496,-123.5966650918544,0.029038971204827038,True
167,66,Substation,' ',40.28584174,-123.8373077,FRUITLAND,pge,40.286587508255074,-123.83681278567364,0.0929459941610427,True
168,66,Substation,' ',40.10300786,-123.7928774,GARBERVILLE,pge,40.10337464980182,-123.7925248171206,0.05062301528947331,True
169,66,Substation,' ',40.78091459,-124.1318534,HARRIS,pge,40.781372534153576,-124.1319638474449,0.05176325621210248,True
170,66,Substation,' ',40.74032526,-124.2096559,HUMBOLDT BAY PP,pge,40.74070324565622,-124.20905652543362,0.06569984675152621,True
171,66,Substation,' ',40.90513782,-124.072347,JANES CREEK,pge,40.90518967567011,-124.07217770855576,0.015351382507049541,True
172,66,Substation,' ',40.86575137,-124.1523425,ARCATA,pge,40.86730949748007,-124.08825985825644,5.391467179097323,False
173,66,Substation,' ',40.59459298,-124.1352072,NEWBURG,pge,40.594817406183694,-124.13502277842233,0.029414684230031525,True
174,230,Substation,' ',37.80116,-121.641651,HERDLYN,pge,37.81698475446724,-121.58716994811228,5.0993984027674,False
175,66,Substation,' ',40.48092347,-124.1040001,RIO DELL,pge,40.495345252516735,-124.09933588858924,1.651427354918254,True
176,66,Substation,' ',40.72891925,-123.6697785,MAPLE CREEK,pge,40.76836583499929,-123.87400272507614,17.754019568984972,False
177,66,Substation,' ',40.49538982,-124.0992681,RIO DELL,pge,40.495345252516735,-124.09933588858924,0.007577348907093871,True
178,66,Substation,' ',40.82049761,-123.8282375,MAPLE CREEK,pge,40.76836583499929,-123.87400272507614,6.960245674457657,False
179,66,Substation,' ',37.73329501,-121.120652,RIPON,pge,37.75576421896199,-121.14626329694828,3.363554037810475,False
180,66,Substation,' ',41.06473688,-124.1284232,TRINIDAD,pge,41.06502580500504,-124.12827879249215,0.03433244145795806,True
181,115,Substation,' ',32.99897909,-115.5188889,BOULEVARD EAST,sdge,32.658400194287246,-116.26859395520212,79.63112891127957,False
182,115,Substation,' ',33.12533089,-115.9785357,BORREGO,sdge,33.242891548049656,-116.34638794455222,36.6435829813922,False
183,66,Substation,' ',32.78149971,-114.5745907,Verdant,sce,33.41784425716497,-114.72418516485564,72.1173255707521,False
184,115,Substation,' ',32.90250651,-114.4800809,Verdant,sce,33.41784425716497,-114.72418516485564,61.64367311403838,False
185,115,Substation,' ',33.38496117,-115.6887666,Eagle Mountain,sce,33.81142800223903,-115.45355200188276,52.18560666170346,False
186,66,Substation,' ',32.66910959,-115.5002718,BOULEVARD EAST,sdge,32.658400194287246,-116.26859395520212,71.93211640100463,False
187,115,Substation,' ',32.81791422,-115.5779823,BOULEVARD EAST,sdge,32.658400194287246,-116.26859395520212,66.98493409572727,False
188,115,Substation,' ',33.41180556,-116.0507499,BORREGO,sdge,33.242891548049656,-116.34638794455222,33.27500757901355,False
189,115,Substation,' ',32.79963333,-115.5791028,BOULEVARD EAST,sdge,32.658400194287246,-116.26859395520212,66.38018967949267,False
190,115,Substation,' ',33.05360069,-114.9841401,Verdant,sce,33.41784425716497,-114.72418516485564,47.169427811288415,False
191,115,Substation,' ',33.04703333,-114.8841944,Verdant,sce,33.41784425716497,-114.72418516485564,43.83589005025171,False
192,66,Substation,' ',32.91199807,-115.5681245,BOULEVARD EAST,sdge,32.658400194287246,-116.26859395520212,71.29492951985915,False
193,66,Substation,' ',32.75293878,-114.590084,Verdant,sce,33.41784425716497,-114.72418516485564,74.98226278266331,False
194,115,Substation,' ',32.70621445,-115.0311648,Verdant,sce,33.41784425716497,-114.72418516485564,84.14192341751279,False
195,66,Substation,' ',32.71114659,-114.9425616,Verdant,sce,33.41784425716497,-114.72418516485564,81.17336030216137,False
196,115,Substation,' ',32.73657328,-114.7126452,Verdant,sce,33.41784425716497,-114.72418516485564,75.76150646439629,False
197,115,Substation,' ',32.81140555,-115.680425,BOULEVARD EAST,sdge,32.658400194287246,-116.26859395520212,57.58502106162643,False
198,115,Substation,' ',33.24227704,-115.501121,Eagle Mountain,sce,33.81142800223903,-115.45355200188276,63.44012047126161,False
199,66,Substation,' ',32.98697223,-115.5429722,BOULEVARD EAST,sdge,32.658400194287246,-116.26859395520212,77.02082645192037,False
200,66,Substation,' ',32.79184606,-115.857801,BOULEVARD EAST,sdge,32.658400194287246,-116.26859395520212,41.193110546050825,False
201,66,Substation,' ',32.68598055,-115.5085444,BOULEVARD EAST,sdge,32.658400194287246,-116.26859395520212,71.20722239875143,False
202,115,Substation,' ',33.28528889,-115.9698333,BORREGO,sdge,33.242891548049656,-116.34638794455222,35.32642501877013,False
203,115,Substation,' ',32.79148946,-115.6946665,BOULEVARD EAST,sdge,32.658400194287246,-116.26859395520212,55.69054728459548,False
204,66,Substation,' ',32.75270556,-115.6376722,BOULEVARD EAST,sdge,32.658400194287246,-116.26859395520212,59.95679699570832,False
205,115,Substation,' ',32.88062222,-115.7434361,BOULEVARD EAST,sdge,32.658400194287246,-116.26859395520212,54.9685322248338,False
206,66,Substation,' ',32.69940301,-115.2832006,BOULEVARD EAST,sdge,32.658400194287246,-116.26859395520212,92.33904435740746,False
207,66,Substation,' ',33.03810038,-115.6189923,BORREGO,sdge,33.242891548049656,-116.34638794455222,71.45135220774063,False
208,66,Substation,' ',37.37438227,-117.9796042,Deep Springs,sce,37.37486700132881,-117.977503003681,0.1933369367178443,True
209,115,Substation,' ',36.10989167,-117.9564555,Coso,sce,36.082697937378725,-117.9508794515932,3.065028304508503,False
210,115,Substation,' ',36.60071079,-118.0725009,Coso,sce,36.082697937378725,-117.9508794515932,58.62139448868172,False
211,66,Substation,' ',37.35976047,-118.7018945,Mt. Tom,sce,37.35012841125564,-118.46543749176112,20.92737148177456,False
212,66,Substation,' ',37.34980639,-118.4653526,Mt. Tom,sce,37.35012841125564,-118.46543749176112,0.03658495823922708,True
213,66,Substation,' ',37.40070021,-118.3505364,Mt. Tom,sce,37.35012841125564,-118.46543749176112,11.606346197976318,False
214,66,Substation,' ',35.7116008,-120.0111956,ANTELOPE,pge,35.657909182784095,-119.99680487400924,6.110073263898958,False
215,66,Substation,' ',35.65850145,-120.0424297,ANTELOPE,pge,35.657909182784095,-119.99680487400924,4.122586525016992,False
216,66,Substation,' ',34.88051458,-118.9009699,Frazier Park,sce,34.81547512233127,-119.01032023127377,12.32384399746074,False
217,66,Substation,' ',35.4707658,-119.1183189,7TH STANDARD,pge,35.43969344317223,-119.13116637687604,3.6457878888030364,False
218,115,Substation,' ',35.57075757,-119.1154201,LERDO,pge,35.500438317703164,-119.15186971490876,8.4862743356738,False
219,115,Substation,' ',35.40105743,-119.035393,WESTPARK,pge,35.37405023329696,-119.04033986202364,3.036361353597565,False
220,230,Substation,' ',34.95491418,-118.8442502,TEJON,pge,35.01982434064145,-118.95468562709183,12.381883367550875,False
221,66,Substation,' ',35.78573189,-119.8662835,DEVILS DEN,pge,35.77577482106427,-119.97369007248874,9.751988897893861,False
222,66,Substation,' ',35.06401416,-119.0618268,LAKEVIEW,pge,35.09364619774964,-119.10121328188974,4.868491171152581,False
223,66,Substation,' ',34.92639747,-118.9252995,TEJON,pge,35.01982434064145,-118.95468562709183,10.728096450996379,False
224,66,Substation,' ',35.6579012,-119.9964345,ANTELOPE,pge,35.657909182784095,-119.99680487400924,0.033474031611603734,True
225,66,Substation,' ',35.7755224,-119.9136038,DEVILS DEN,pge,35.77577482106427,-119.97369007248874,5.420684652628424,False
226,66,Substation,' ',35.15031453,-118.8784674,ARVIN,pge,35.14989859396815,-118.87875605697371,0.053177214398574604,True
227,115,Substation,' ',35.31698056,-118.9332139,MAGUNDEN,pge,35.36190117650727,-118.92383965394583,5.066802191096278,False
228,66,Substation,' ',35.38723247,-119.004436,BAKERSFIELD,pge,35.38858633344532,-119.00445108128255,0.15054895416933806,True
229,66,Substation,' ',35.61462223,-119.8537112,BLACKWELL,pge,35.61426839081551,-119.8538757564631,0.04206320638716632,True
230,66,Substation,' ',35.10678049,-119.4035453,MARICOPA,pge,35.10762692812825,-119.39725152751392,0.5802045174073089,True
231,66,Substation,' ',35.54109995,-119.8052306,CARNERAS,pge,35.5408527000329,-119.80462245906078,0.06151033736697572,True
232,66,Substation,' ',35.4747136,-119.7603817,CARNERAS,pge,35.5408527000329,-119.80462245906078,8.373915202149199,False
233,66,Substation,' ',35.09714151,-119.429419,MARICOPA,pge,35.10762692812825,-119.39725152751392,3.150037688888681,False
234,115,Substation,' ',35.60807501,-119.3253139,CHARCA,pge,35.608124985119254,-119.32533697812512,0.00593572696236682,True
235,66,Substation,' ',35.09339007,-119.2789365,COPUS,pge,35.09340403050877,-119.27870217911948,0.021375299337183823,True
236,115,Substation,' ',35.31512502,-119.6095695,MCKITTRICK,pge,35.29701832939979,-119.6266169615922,2.539037784097852,False
237,66,Substation,' ',35.77500833,-119.9737889,DEVILS DEN,pge,35.77577482106427,-119.97369007248874,0.08569496735505475,True
238,115,Substation,' ',35.42797818,-118.9764344,KERN OIL,pge,35.44071661874439,-119.02040105128609,4.227699168244155,False
239,115,Substation,' ',35.50103906,-119.0460399,KERN OIL,pge,35.44071661874439,-119.02040105128609,7.098029666710676,False
240,66,Substation,' ',35.35577972,-118.9717712,MAGUNDEN,pge,35.36190117650727,-118.92383965394583,4.399613179385868,False
241,66,Substation,' ',35.22606664,-119.3766031,ELK HILLS,pge,35.226241139395945,-119.37663775129045,0.01965707079726617,True
242,115,Substation,' ',35.19517779,-119.5852944,FELLOWS,pge,35.19473434349657,-119.58611007274465,0.08902212275789605,True
243,115,Substation,' ',35.39404669,-119.3214819,TUPMAN,pge,35.35313544613848,-119.27093751559444,6.4572497987712945,False
244,115,Substation,' ',35.3772676,-119.092688,FRUITVALE,pge,35.37778171713446,-119.09265249949172,0.057257751057700694,True
245,115,Substation,' ',35.50111517,-119.4489669,GANSO,pge,35.50133512445359,-119.44912437034876,0.028308764737324306,True
246,66,Substation,' ',35.15360385,-119.3361848,MARICOPA,pge,35.10762692812825,-119.39725152751392,7.5483059020420775,False
247,66,Substation,' ',34.91833522,-118.9261907,TEJON,pge,35.01982434064145,-118.95468562709183,11.579918273500098,False
248,115,Substation,' ',35.50944487,-119.0305112,KERN OIL,pge,35.44071661874439,-119.02040105128609,7.696874809113784,False
249,66,Substation,' ',35.09414443,-119.1011222,LAKEVIEW,pge,35.09364619774964,-119.10121328188974,0.05601722211397226,True
250,66,Substation,' ',35.50036603,-119.1518273,LERDO,pge,35.500438317703164,-119.15186971490876,0.00890800099897889,True
251,66,Substation,' ',35.10778002,-119.398181,MARICOPA,pge,35.10762692812825,-119.39725152751392,0.08624659134587198,True
252,66,Substation,' ',35.68838406,-119.2768598,MC FARLAND,pge,35.68826942087962,-119.276810556332,0.01350081981582194,True
253,66,Substation,' ',35.31982573,-119.6623248,MCKITTRICK,pge,35.29701832939979,-119.6266169615922,4.114642822655292,False
254,115,Substation,' ',35.24241942,-119.6245472,MCKITTRICK,pge,35.29701832939979,-119.6266169615922,6.074028820532389,False
255,66,Substation,' ',35.2329709,-119.5803103,FELLOWS,pge,35.19473434349657,-119.58611007274465,4.284234066483493,False
256,66,Substation,' ',35.09082503,-119.4070389,MARICOPA,pge,35.10762692812825,-119.39725152751392,2.0696169885819873,False
257,115,Substation,' ',35.28599981,-119.3090374,NORCO,pge,35.28554247160178,-119.30890079948529,0.05234336796900812,True
258,66,Substation,' ',35.20843056,-119.1006862,OLD RIVER,pge,35.20832874558806,-119.10078114322462,0.014232931862746127,True
259,66,Substation,' ',35.29555607,-119.0216521,PANAMA,pge,35.29554130507497,-119.02181642397912,0.015003379295880479,True
260,66,Substation,' ',35.517707,-119.7595381,CARNERAS,pge,35.5408527000329,-119.80462245906078,4.823752799887474,False
261,115,Substation,' ',35.44202961,-119.2607154,RIO BRAVO,pge,35.44206083008288,-119.26062694774596,0.008732635699703895,True
262,66,Substation,' ',35.42982347,-118.8226315,CAL WATER,pge,35.42222837471225,-118.90059842079376,7.114791145256093,False
263,115,Substation,' ',35.37716309,-119.077933,ROSEDALE,pge,35.377501694340864,-119.07758922783194,0.048877641496097725,True
264,66,Substation,' ',35.09239722,-118.8781167,ARVIN,pge,35.14989859396815,-118.87875605697371,6.3941254805680305,False
265,115,Substation,' ',35.1933472,-119.5823472,FELLOWS,pge,35.19473434349657,-119.58611007274465,0.3751082169740816,True
266,115,Substation,' ',35.60074571,-119.4375241,SEMITROPIC,pge,35.600617453739545,-119.4375052688722,0.014362713235453775,True
267,115,Substation,' ',35.51390484,-119.3178014,SHAFTER,pge,35.513906883314405,-119.31779636005952,0.0005096159765704532,True
268,115,Substation,' ',35.71782151,-119.4553416,SMYRNA,pge,35.717948469880604,-119.45528357473574,0.015057877937269369,True
269,66,Substation,' ',35.10881659,-118.5670131,Banducci,sce,35.09970798299895,-118.59934938676032,3.111093025241037,False
270,66,Substation,' ',35.0932291,-119.4438304,MARICOPA,pge,35.10762692812825,-119.39725152751392,4.529797002273387,False
271,66,Substation,' ',35.09175615,-119.4406975,MARICOPA,pge,35.10762692812825,-119.39725152751392,4.328554695330419,False
272,66,Substation,' ',35.01965139,-118.9796384,TEJON,pge,35.01982434064145,-118.95468562709183,2.272370077117171,False
273,66,Substation,' ',35.01965399,-118.9551559,TEJON,pge,35.01982434064145,-118.95468562709183,0.04682693462440012,True
274,115,Substation,' ',35.19434121,-119.5712604,FELLOWS,pge,35.19473434349657,-119.58611007274465,1.3500750540897783,True
275,115,Substation,' ',35.35416109,-119.2706556,TUPMAN,pge,35.35313544613848,-119.27093751559444,0.11687707165729602,True
276,66,Substation,' ',35.73065651,-119.8580981,DEVILS DEN,pge,35.77577482106427,-119.97369007248874,11.57471059422715,False
277,115,Substation,' ',35.6018111,-119.3261944,WASCO,pge,35.6019019395657,-119.32598797488932,0.02122112778096654,True
278,66,Substation,' ',35.22374722,-118.8800083,WEEDPATCH,pge,35.223900483374415,-118.88000875571748,0.017042159949889397,True
279,66,Substation,' ',35.22432026,-118.7789744,WELLFIELD,pge,35.22496336365365,-118.77833722283752,0.09199731895068664,True
280,115,Substation,' ',35.37392781,-119.0403167,WESTPARK,pge,35.37405023329696,-119.04033986202364,0.013773882285844193,True
281,115,Substation,' ',35.42795693,-118.9775056,KERN OIL,pge,35.44071661874439,-119.02040105128609,4.137196196561963,False
282,115,Substation,' ',35.29606803,-119.5924379,MCKITTRICK,pge,35.29701832939979,-119.6266169615922,3.103693923547342,False
283,115,Substation,' ',35.44070561,-119.0207361,KERN OIL,pge,35.44071661874439,-119.02040105128609,0.030377502353699785,True
284,66,Substation,' ',34.81550555,-118.6861278,Gorman,sce,34.78871455256242,-118.8223213307326,12.78704381859783,False
285,66,Substation,' ',35.58810833,-118.5247667,Isabella,sce,35.63310199968664,-118.47698199585776,6.609924527729835,False
286,66,Substation,' ',35.12389407,-118.3741213,Monolith,sce,35.12576264877239,-118.3824105939484,0.7819898206496692,True
287,66,Substation,' ',35.70369931,-119.2045057,Browning,sce,35.7045473762974,-119.20353075858472,0.12900500331728104,True
288,66,Substation,' ',35.03026569,-118.3108221,Southwind,sce,35.03149211101637,-118.3500052736917,3.570279012076361,False
289,66,Substation,' ',34.94057401,-117.9530671,Corum,sce,34.93630482935899,-117.95107436777867,0.5082773461750844,True
290,66,Substation,' ',35.10966362,-118.4946673,Cummings,sce,35.11090957384204,-118.49392933183512,0.15394957923388833,True
291,66,Substation,' ',35.77551392,-119.2424861,Delano,sce,35.775184395828234,-119.24264046324316,0.039198467928604486,True
292,230,Substation,' ',34.94123996,-118.826285,TEJON,pge,35.01982434064145,-118.95468562709183,14.601514820649308,False
293,66,Substation,' ',34.81499978,-119.0098992,Frazier Park,sce,34.81547512233127,-119.01032023127377,0.06535339581291257,True
294,66,Substation,' ',35.7222499,-118.6950727,Glennville,sce,35.7241343503674,-118.69554791102324,0.21388753491011095,True
295,66,Substation,' ',35.05410894,-118.1861563,Goldtown,sce,35.05456290386635,-118.18626607582308,0.05145798117323137,True
296,66,Substation,' ',34.83738247,-118.1554673,Great Lakes,sce,34.83671927635196,-118.1569995374843,0.15809473415269257,True
297,66,Substation,' ',35.73837172,-118.5564021,Greenhorn,sce,35.738119403560795,-118.55660120008169,0.033317835655533944,True
298,66,Substation,' ',35.48368775,-118.5275716,Havilah,sce,35.483344632977264,-118.52830260774395,0.07639731608719882,True
299,66,Substation,' ',35.63265859,-118.478256,Isabella,sce,35.63310199968664,-118.47698199585776,0.125251402047404,True
300,66,Substation,' ',35.6444035,-118.4818546,Isabella,sce,35.63310199968664,-118.47698199585776,1.3315818770078411,True
301,66,Substation,' ',35.30690556,-118.4232873,Loraine,sce,35.30841273698387,-118.42027793852826,0.3204003610735017,True
302,66,Substation,' ',35.12376189,-118.3796721,Monolith,sce,35.12576264877239,-118.3824105939484,0.3339518403863378,True
303,230,Substation,' ',38.12530207,-121.832271,PITTSBURG,pge,38.03070653596985,-121.8692592247712,11.005523771852808,False
304,66,Substation,' ',35.71895095,-119.2333701,Browning,sce,35.7045473762974,-119.20353075858472,3.1342011817909214,False
305,230,Substation,' ',34.93527777,-118.8431278,TEJON,pge,35.01982434064145,-118.95468562709183,13.845228366881544,False
306,66,Substation,' ',35.73285976,-119.1298083,Quinn,sce,35.73389725033108,-119.13117581127771,0.16895182092277558,True
307,115,Substation,' ',34.93014632,-117.6977315,Amargo,sce,35.00091068417334,-117.64796268028908,9.082007447962837,False
308,66,Substation,' ',34.86428131,-118.2373311,Rosamond,sce,34.86447300163328,-118.23732500206653,0.02132239662718442,True
309,115,Substation,' ',34.87995833,-117.8962833,Corum,sce,34.93630482935899,-117.95107436777867,8.013645917620885,False
310,66,Substation,' ',35.41102545,-118.492508,Walker Basin,sce,35.41194348178334,-118.49270940903466,0.10369949744264251,True
311,66,Substation,' ',35.66663278,-118.2628215,Weldon,sce,35.6652036468452,-118.263673877955,0.17658562525436133,True
312,66,Substation,' ',34.81941387,-118.7510667,Gorman,sce,34.78871455256242,-118.8223213307326,7.346956263880827,False
313,66,Substation,' ',35.45227062,-118.9904154,KERN OIL,pge,35.44071661874439,-119.02040105128609,3.004781980543471,False
314,66,Substation,' ',36.08514444,-119.5536056,CORCORAN,pge,36.1097291421788,-119.55733517121652,2.7541551030030154,False
315,66,Substation,' ',35.99203334,-119.5717083,ALPAUGH,pge,35.963432505647624,-119.45629715975916,10.861192394904505,False
316,66,Substation,' ',36.26869793,-119.6473106,RESERVE OIL,pge,36.27603890498239,-119.65340386371432,0.9821873810089687,True
317,66,Substation,' ',35.97812224,-120.1171583,AVENAL,pge,35.978183285259895,-120.1169296096175,0.021668983567672388,True
318,115,Substation,' ',36.10940095,-119.5571927,CORCORAN,pge,36.1097291421788,-119.55733517121652,0.03867256798514959,True
319,66,Substation,' ',36.22631337,-119.6552247,GUERNSEY,pge,36.22643077790519,-119.65578907910825,0.052280862590973885,True
320,66,Substation,' ',36.2696503,-119.6489407,RESERVE OIL,pge,36.27603890498239,-119.65340386371432,0.81530693298197,True
321,66,Substation,' ',36.40412655,-119.6858489,Hanford,sce,36.323595092106814,-119.64909814786026,9.540195605966625,False
322,66,Substation,' ',36.2224111,-119.7799139,JACOBS CORNER,pge,36.22220579820744,-119.77959785166227,0.036399378450800074,True
323,66,Substation,' ',36.04359445,-120.1113917,KETTLEMAN HILLS,pge,36.043228470347096,-120.11027046537308,0.10871324589682421,True
324,66,Substation,' ',36.30933381,-119.7983006,LEMOORE,pge,36.30978580363061,-119.79816461547026,0.05171533594780466,True
325,66,Substation,' ',36.27633342,-119.6536119,RESERVE OIL,pge,36.27603890498239,-119.65340386371432,0.037686208750603675,True
326,66,Substation,' ',36.00345277,-119.9494833,KETTLEMAN HILLS,pge,36.043228470347096,-120.11027046537308,15.121190528251852,False
327,66,Substation,' ',39.00776751,-122.8940008,CLEAR LAKE,pge,39.007758745598494,-122.89345093801266,0.0475209324327232,True
328,66,Substation,' ',39.07721407,-122.9325679,HARTLEY,pge,39.07670414389441,-122.93340708386404,0.09199138771430068,True
329,66,Substation,' ',38.93233036,-122.7410063,KONOCTI,pge,38.932601383485405,-122.74098053352844,0.030218736343420503,True
330,115,Substation,' ',39.11038686,-122.8128382,LUCERNE,pge,39.11048704064002,-122.81284365571706,0.011149519867985316,True
331,115,Substation,' ',39.02753504,-122.6623833,REDBUD,pge,39.027411633952696,-122.66266510947312,0.027944218192425884,True
332,66,Substation,' ',39.14574049,-122.9166584,UPPER LAKE,pge,39.14608725571375,-122.91705320074546,0.051438338807039435,True
333,66,Substation,' ',40.74489222,-121.2780001,RISING RIVER,pge,40.92860888434032,-121.54329343192305,30.25605267751242,False
334,66,Substation,' ',40.31499479,-120.5403437,CRESCENT MILLS,pge,40.093925518711536,-120.91070330230104,39.919025817772635,False
335,66,Substation,' ',40.36547281,-120.4226288,CRESCENT MILLS,pge,40.093925518711536,-120.91070330230104,51.26880996877494,False
336,66,Substation,' ',40.41749316,-120.6671093,HAMILTON BRANCH,pge,40.26931804937077,-121.08804585596388,39.29549102618023,False
337,66,Substation,' ',40.15526654,-120.3519513,CRESCENT MILLS,pge,40.093925518711536,-120.91070330230104,47.99473867410393,False
338,66,Substation,' ',40.58807127,-121.0915844,CHESTER,pge,40.30286123740071,-121.22690255646653,33.717858901346034,False
339,66,Substation,' ',40.26934857,-121.0881239,HAMILTON BRANCH,pge,40.26931804937077,-121.08804585596388,0.007440560398155178,True
340,66,Substation,' ',40.29997937,-121.0016847,HAMILTON BRANCH,pge,40.26931804937077,-121.08804585596388,8.080034860160179,False
341,66,Substation,' ',34.16270281,-118.2841966,Universal,sce,34.143280476249465,-118.3563502272626,6.981877108737887,False
342,66,Substation,' ',34.27357024,-118.4587732,San Fernando,sce,34.27478288631888,-118.45894781084884,0.13579130249043633,True
343,66,Substation,' ',33.99032214,-118.3940417,Movie,sce,33.990248808649305,-118.3943112353228,0.026153510928265514,True
344,66,Substation,' ',34.30787223,-118.4505278,San Fernando,sce,34.27478288631888,-118.45894781084884,3.759798264708889,False
345,230,Substation,' ',34.04335333,-118.2461297,Wabash,sce,34.04484523957108,-118.18648075138452,5.49837150607819,False
346,66,Substation,' ',33.77047202,-118.264962,Dike,sce,33.76237900518144,-118.22216998226938,4.056659887892615,False
347,230,Substation,' ',34.17158743,-118.423154,Universal,sce,34.143280476249465,-118.3563502272626,6.905876333537999,False
348,230,Substation,' ',34.1895064,-118.5915883,Valdez,sce,34.14792376295858,-118.6317477698814,5.918639911789154,False
349,230,Substation,' ',34.17935193,-118.5438005,Valdez,sce,34.14792376295858,-118.6317477698814,8.814134809025688,False
350,66,Substation,' ',34.19901498,-118.3440788,Universal,sce,34.143280476249465,-118.3563502272626,6.2993833805622215,False
351,66,Substation,' ',34.17638134,-118.3140289,Universal,sce,34.143280476249465,-118.3563502272626,5.358227995300107,False
352,66,Substation,' ',34.12515424,-117.9249665,Dalton,sce,34.113777954796774,-117.9332777228,1.478360134214015,True
353,66,Substation,' ',34.04748128,-117.9556304,Bassett,sce,34.04749361907675,-117.95514105551148,0.045105748716466776,True
354,66,Substation,' ',34.09126536,-118.1490914,Alhambra,sce,34.09096899908039,-118.14957300279646,0.05525185916090556,True
355,66,Substation,' ',33.8349536,-118.2473837,Alon,sce,33.8348209992809,-118.24764500383525,0.028282454023897684,True
356,66,Substation,' ',34.07144828,-118.0265504,Amador,sce,34.07169126881664,-118.02699178701492,0.048814440823083054,True
357,66,Substation,' ',33.86143513,-118.3217278,La Fresa,sce,33.86854535999439,-118.33214671842512,1.245193223745728,True
358,66,Substation,' ',34.567506,-118.147688,Anaverde,sce,34.56752478148115,-118.1462323315475,0.13330372805984048,True
359,66,Substation,' ',34.10562887,-118.0384571,Anita,sce,34.10555098724205,-118.03923537457985,0.07217718835554729,True
360,66,Substation,' ',34.38186113,-118.5013428,Newhall,sce,34.37938862145633,-118.559385600556,5.333659309842093,False
361,115,Substation,' ',35.49595252,-119.0094663,KERN OIL,pge,35.44071661874439,-119.02040105128609,6.221269721874937,False
362,66,Substation,' ',34.14413076,-118.025731,Arcadia,sce,34.143984965719575,-118.02578444208424,0.016941190029536504,True
363,230,Substation,' ',33.81749482,-118.2434772,Alon,sce,33.8348209992809,-118.24764500383525,1.964673570053628,True
364,66,Substation,' ',34.19972227,-118.1706118,Arroyo,sce,34.20000192212124,-118.17270389124891,0.19490063912982436,True
365,66,Substation,' ',33.81920229,-118.1643641,Signal Hill,sce,33.811337811686506,-118.16816655498816,0.9424101137289377,True
366,66,Substation,' ',33.78133053,-118.1498197,Belmont,sce,33.78118737176825,-118.14988916312744,0.01716428228803189,True
367,66,Substation,' ',34.13604586,-117.9109461,Dalton,sce,34.113777954796774,-117.9332777228,3.2181466652204187,False
368,66,Substation,' ',33.99961503,-118.1712114,Bandini,sce,33.99958180854835,-118.17157825781727,0.03402001805269845,True
369,66,Substation,' ',34.05052838,-117.9907761,Industry,sce,34.05123311734519,-117.99146038669224,0.10057442068522138,True
370,66,Substation,' ',34.00810574,-118.2275295,Fruitland,sce,33.99612653954061,-118.22661150774924,1.3347116262828518,True
371,66,Substation,' ',34.0731289,-118.3973342,Beverly,sce,34.07311437448774,-118.39745068695186,0.0108499635515626,True
372,66,Substation,' ',33.83038656,-118.1405681,Lakewood,sce,33.830371003925336,-118.1245799965578,1.4767972937560938,True
373,66,Substation,' ',33.85077402,-118.06401,Bovine,sce,33.85103372380987,-118.06390617540563,0.030427789687101556,True
374,66,Substation,' ',33.79314877,-118.1722789,Bowl,sce,33.79293994423392,-118.17245999957564,0.028622576958615108,True
375,66,Substation,' ',34.13379802,-117.9872804,Bradbury,sce,34.1341163981833,-117.98732609469344,0.03565097843824549,True
376,66,Substation,' ',33.93731568,-118.1299057,Downey,sce,33.93716290704601,-118.12975636922113,0.021871467728348925,True
377,66,Substation,' ',34.1271721,-117.9398895,Dalton,sce,34.113777954796774,-117.9332777228,1.6089245033823838,True
378,66,Substation,' ',33.88055076,-118.3258829,Bridge,sce,33.880624437876826,-118.3259924983696,0.013018534114299473,True
379,66,Substation,' ',33.86007925,-118.0843086,Del Amo,sce,33.84822500287367,-118.09716799786231,1.774137124424756,True
380,66,Substation,' ',33.90252379,-118.3118682,Brighton,sce,33.902310831667656,-118.31210985553204,0.032529054242061345,True
381,66,Substation,' ',33.76697406,-118.1520507,Broadway,sce,33.76684825454163,-118.15180342316602,0.026798439272479855,True
382,66,Substation,' ',33.90011631,-118.2062764,Bullis,sce,33.90027364027962,-118.20574187651508,0.05234282551900827,True
383,66,Substation,' ',33.95650731,-118.2322842,Calden,sce,33.9564731732366,-118.23217062742631,0.01114156354088017,True
384,66,Substation,' ',33.77486919,-118.229778,Dike,sce,33.76237900518144,-118.22216998226938,1.5567429798105306,True
385,66,Substation,' ',33.90319501,-118.047069,Carmenita,sce,33.90324389054957,-118.04717314302962,0.011041727001645716,True
386,66,Substation,' ',33.86398483,-118.2169821,Carson,sce,33.8639252787574,-118.21707429703773,0.010784948411966299,True
387,66,Substation,' ',33.81660822,-118.1716782,Signal Hill,sce,33.811337811686506,-118.16816655498816,0.6698501047164869,True
388,66,Substation,' ',33.75941402,-118.2378628,Dike,sce,33.76237900518144,-118.22216998226938,1.4876900735393541,True
389,66,Substation,' ',33.77861447,-118.1832932,Cherry,sce,33.77884099741242,-118.18354200162445,0.03410651198329497,True
390,66,Substation,' ',33.91260297,-118.4141553,Sepulveda,sce,33.918899996678014,-118.3965350030493,1.7702915890731408,True
391,66,Substation,' ',34.11901471,-117.8719909,Citrus,sce,34.11883200009951,-117.87186899926029,0.02320951904128689,True
392,66,Substation,' ',33.79574877,-118.1071449,Clark,sce,33.79608034211235,-118.10702342803262,0.03853994151778336,True
393,66,Substation,' ',33.78410009,-118.1085203,Clark,sce,33.79608034211235,-118.10702342803262,1.3393059866291523,True
394,66,Substation,' ',34.02561317,-118.4721561,Colorado,sce,34.02580816414182,-118.4724782440838,0.03676260909888295,True
395,66,Substation,' ',33.7568199,-118.2203333,Dike,sce,33.76237900518144,-118.22216998226938,0.6410394905877395,True
396,66,Substation,' ',34.00414636,-118.2065258,Fruitland,sce,33.99612653954061,-118.22661150774924,2.0551496353090606,False
397,66,Substation,' ',33.86341862,-118.1653359,Sunnyside,sce,33.85307933608597,-118.16722597153048,1.162847388775061,True
398,66,Substation,' ',33.88369974,-118.1203648,Cornuta,sce,33.88379282288618,-118.12056412504514,0.021111226212783593,True
399,66,Substation,' ',34.09258019,-117.8795847,Cortez,sce,34.092668773995285,-117.8790593448018,0.0493694902994153,True
400,66,Substation,' ',33.92406834,-118.3187593,Howard,sce,33.9224910017214,-118.30727100252447,1.074414187574289,True
401,66,Substation,' ',34.10697209,-118.7149439,Crater,sce,34.108029995505106,-118.71436334833967,0.12920765079981977,True
402,66,Substation,' ',33.76694457,-118.3731939,Crest,sce,33.76692923592485,-118.3727197248746,0.04386444798125303,True
403,66,Substation,' ',34.05755342,-117.9891722,Industry,sce,34.05123311734519,-117.99146038669224,0.7337196767803399,True
404,66,Substation,' ',33.96384263,-118.1942652,Cudahy,sce,33.96365158152219,-118.19368514839572,0.05755847585153308,True
405,66,Substation,' ',34.01457592,-118.40261,Culver,sce,34.01459700392742,-118.40266499797504,0.005584993994163458,True
406,66,Substation,' ',34.11389987,-117.9336277,Dalton,sce,34.113777954796774,-117.9332777228,0.0349550554767425,True
407,66,Substation,' ',34.71797092,-118.2889766,Del Sur,sce,34.71800399750987,-118.28801500342776,0.08796528638112014,True
408,66,Substation,' ',34.00294768,-117.8112369,Diamond Bar,sce,34.00400717113695,-117.81169586594292,0.12517654343229978,True
409,66,Substation,' ',33.76219353,-118.2229677,Dike,sce,33.76237900518144,-118.22216998226938,0.07657228017405734,True
410,66,Substation,' ',33.87232911,-118.3779075,Ditmar,sce,33.87237600011136,-118.37840454778362,0.0461842339812002,True
411,66,Substation,' ',33.86247615,-118.2230313,Carson,sce,33.8639252787574,-118.21707429703773,0.5731450775967631,True
412,66,Substation,' ',33.92228339,-118.3826717,Sepulveda,sce,33.918899996678014,-118.3965350030493,1.333355637940423,True
413,66,Substation,' ',33.89897697,-118.1442684,Imperial,sce,33.911807190213,-118.14781404953489,1.4636999536774662,True
414,66,Substation,' ',34.16225829,-118.0857225,Eaton,sce,34.16215700293834,-118.0856959980606,0.011523546368784745,True
415,66,Substation,' ',34.49113968,-118.6163972,Elizabeth Lake,sce,34.49098850700194,-118.61504490755289,0.12507030995882176,True
416,66,Substation,' ',33.87990599,-118.090471,Eric,sce,33.8798500049219,-118.09062992806278,0.01593752699112453,True
417,66,Substation,' ',33.91580073,-118.3620587,Felton,sce,33.916039936169824,-118.36172744918088,0.04051901017480177,True
418,66,Substation,' ',33.92829702,-118.215484,Fernwood,sce,33.92844212484132,-118.21523574692952,0.028016937109608123,True
419,66,Substation,' ',33.82143255,-118.2332985,Cameron,sce,33.8192358468031,-118.21711088356317,1.515218510701891,True
420,66,Substation,' ',34.51456388,-118.6082972,Elizabeth Lake,sce,34.49098850700194,-118.61504490755289,2.6933983360016893,False
421,66,Substation,' ',33.9959959,-118.226704,Fruitland,sce,33.99612653954061,-118.22661150774924,0.0168441003659925,True
422,66,Substation,' ',33.89928827,-118.3828843,El Nido,sce,33.89601600350098,-118.37257599658405,1.0186160030807132,True
423,66,Substation,' ',33.96155128,-118.1113506,Gallatin,sce,33.96137148906237,-118.11147605505278,0.023098599034682154,True
424,66,Substation,' ',34.0582889,-117.7552801,Pomona,sce,34.05836749677421,-117.75532947283664,0.009852256103821878,True
425,66,Substation,' ',34.05753246,-117.7756362,Ganesha,sce,34.05738506938873,-117.77655335681654,0.0860655197156392,True
426,66,Substation,' ',34.12496383,-118.1498524,Garfield,sce,34.126135002802286,-118.14927799541836,0.14055250215831683,True
427,66,Substation,' ',33.8073843,-118.2331894,Cameron,sce,33.8192358468031,-118.21711088356317,1.9857554863301876,True
428,66,Substation,' ',34.79054444,-118.8271055,Gorman,sce,34.78871455256242,-118.8223213307326,0.4819452250789714,True
429,66,Substation,' ',34.08150219,-118.0418247,Amador,sce,34.07169126881664,-118.02699178701492,1.7482677259612387,True
430,66,Substation,' ',33.8810914,-118.0474627,Greening,sce,33.88151199685372,-118.04771599985176,0.05228796339499749,True
431,66,Substation,' ',33.79104783,-118.1421862,Hathaway,sce,33.7909243823104,-118.14183061471968,0.035611832162816257,True
432,66,Substation,' ',34.61192881,-118.1138639,Oasis,sce,34.64734114501825,-118.09535655203612,4.286336877520725,False
433,66,Substation,' ',34.02427906,-118.0250218,Hoyt,sce,34.05246100173005,-118.04787199850246,3.775326139233695,False
434,66,Substation,' ',33.92261915,-118.3071692,Howard,sce,33.9224910017214,-118.30727100252447,0.01706688357045462,True
435,66,Substation,' ',33.91171863,-118.3918007,Sepulveda,sce,33.918899996678014,-118.3965350030493,0.9102219010868875,True
436,66,Substation,' ',33.81046975,-118.3404907,Rolling Hills,sce,33.80827080158421,-118.35497637711136,1.3605006495251823,True
437,66,Substation,' ',33.911845,-118.148285,Imperial,sce,33.911807190213,-118.14781404953489,0.04366236052309315,True
438,66,Substation,' ',34.03341675,-117.9677135,Proctor,sce,34.02182443022892,-117.96877702559684,1.2927278069723849,True
439,66,Substation,' ',33.96564841,-118.3581035,Inglewood,sce,33.96658424764422,-118.3570986216146,0.13934331176051515,True
440,66,Substation,' ',33.80134174,-118.1594037,Signal Hill,sce,33.811337811686506,-118.16816655498816,1.375127260275616,True
441,66,Substation,' ',33.8795048,-118.2481891,Jersey,sce,33.87967909325,-118.24798204815698,0.02722042061411427,True
442,66,Substation,' ',34.21350946,-118.1679679,Arroyo,sce,34.20000192212124,-118.17270389124891,1.5638386351065798,True
443,66,Substation,' ',34.03710332,-118.0255447,Hoyt,sce,34.05246100173005,-118.04787199850246,2.6735926463071986,False
444,230,Substation,' ',34.01497467,-118.2035779,Fruitland,sce,33.99612653954061,-118.22661150774924,2.9833644759159457,False
445,66,Substation,' ',34.20527032,-118.2104934,La Canada,sce,34.205101445717894,-118.2105871156432,0.020661215546368503,True
446,66,Substation,' ',33.88863032,-118.0144049,La Mirada,sce,33.88865000018771,-118.01457299792752,0.015669910150613024,True
447,66,Substation,' ',33.83024406,-118.124653,Lakewood,sce,33.830371003925336,-118.1245799965578,0.015643495022757685,True
448,66,Substation,' ',34.70049983,-118.1456041,Lancaster,sce,34.70036399998477,-118.14569400465916,0.01719502939997157,True
449,66,Substation,' ',34.6906835,-118.2284922,Quartz Hill,sce,34.65937453883543,-118.2284403720392,3.4814008660697375,False
450,66,Substation,' ',34.08708686,-117.9264289,Lark Ellen,sce,34.08765799971799,-117.92628299981564,0.06491355568517318,True
451,66,Substation,' ',34.04483575,-118.7761002,Latigo,sce,34.04437418785732,-118.7769694087438,0.09511997215242642,True
452,66,Substation,' ',34.0899808,-117.7697035,Layfair,sce,34.09187502046493,-117.76866363701156,0.2313728487726418,True
453,66,Substation,' ',33.94225454,-118.3473626,Lennox,sce,33.94225075494569,-118.34658540252563,0.07169567755037393,True
454,66,Substation,' ',33.9976075,-118.217888,Fruitland,sce,33.99612653954061,-118.22661150774924,0.8208912217455471,True
455,66,Substation,' ',34.11185469,-117.9318568,Dalton,sce,34.113777954796774,-117.9332777228,0.2506931174761121,True
456,66,Substation,' ',34.61620142,-117.9689511,Little Rock,sce,34.615981101742406,-117.9679391487888,0.09579019748862694,True
457,66,Substation,' ',34.12116598,-117.731895,Live Oak,sce,34.12055540677612,-117.73255728674572,0.09124819932591055,True
458,66,Substation,' ',33.93180519,-118.4044994,Sepulveda,sce,33.918899996678014,-118.3965350030493,1.6122012732404098,True
459,66,Substation,' ',33.84235695,-118.1205988,Lucas,sce,33.84259412410815,-118.12060564366132,0.026380130362934285,True
460,66,Substation,' ',34.17219306,-118.347163,Universal,sce,34.143280476249465,-118.3563502272626,3.324214580974282,False
461,66,Substation,' ',34.1475568,-118.7614645,Malibu,sce,34.147638988750195,-118.76062464841829,0.07782519879999066,True
462,66,Substation,' ',34.00698276,-118.4656902,Marine,sce,34.0072963626934,-118.46621116692296,0.05934662898904524,True
463,66,Substation,' ',33.747174,-118.38898,Marymount,sce,33.74733200407771,-118.38848000082,0.049455026387419505,True
464,66,Substation,' ',33.96958134,-118.1013564,Rivera,sce,33.96955441808182,-118.10143727933446,0.008036849067561101,True
465,66,Substation,' ',34.04972528,-117.9072064,Merced,sce,34.049374439924925,-117.90667949875004,0.062276961794625135,True
466,66,Substation,' ',33.85348082,-118.3356067,La Fresa,sce,33.86854535999439,-118.33214671842512,1.7052940982607527,True
467,66,Substation,' ',33.85707385,-118.3329564,La Fresa,sce,33.86854535999439,-118.33214671842512,1.2777626734702374,True
468,66,Substation,' ',33.95442599,-118.043106,Murphy,sce,33.95412236073975,-118.0428351628798,0.041998806864402216,True
469,66,Substation,' ',34.00500608,-118.0668355,Narrows,sce,34.00569047028173,-118.0678933396348,0.12369167728429248,True
470,66,Substation,' ',33.76395201,-118.219192,Dike,sce,33.76237900518144,-118.22216998226938,0.32615466547435157,True
471,66,Substation,' ',34.77510559,-118.5014361,Neenach,sce,34.77497916534034,-118.50139738842196,0.014495606265268798,True
472,66,Substation,' ',33.82735334,-118.2684007,Neptune,sce,33.82736631623596,-118.26849419767844,0.008756241465974583,True
473,66,Substation,' ',34.04557089,-118.1291485,Newmark,sce,34.04572222443866,-118.12947389420242,0.034380007980254125,True
474,66,Substation,' ',34.37921299,-118.55917,Newhall,sce,34.37938862145633,-118.559385600556,0.027800659404749684,True
475,66,Substation,' ',34.00676088,-117.8552914,Nogales,sce,34.00698200351981,-117.85519400410632,0.026175552099550928,True
476,66,Substation,' ',33.85951472,-118.2763265,Nola,sce,33.85958799601749,-118.27598000294174,0.03301567342637102,True
477,66,Substation,' ',34.41563081,-118.4527486,North Oaks,sce,34.415007166234965,-118.45310662371053,0.07672987961437716,True
478,66,Substation,' ',34.64671235,-118.094864,Oasis,sce,34.64734114501825,-118.09535655203612,0.08317919607584418,True
479,66,Substation,' ',33.94627279,-117.9223101,Olinda,sce,33.94410562448348,-117.92123146814002,0.26071069593592905,True
480,66,Substation,' ',34.80844445,-118.7192917,Gorman,sce,34.78871455256242,-118.8223213307326,9.659973434681353,False
481,66,Substation,' ',34.05002232,-118.231275,Wabash,sce,34.04484523957108,-118.18648075138452,4.166995532820649,False
482,66,Substation,' ',34.03454683,-117.9767578,Proctor,sce,34.02182443022892,-117.96877702559684,1.5944229740721327,True
483,66,Substation,' ',33.8460286,-118.2338731,Alon,sce,33.8348209992809,-118.24764500383525,1.7807066214377678,True
484,66,Substation,' ',34.5660542,-118.0591861,Palmdale,sce,34.56594303062138,-118.05894382169546,0.025395993228602965,True
485,66,Substation,' ',33.79329009,-118.349233,Rolling Hills,sce,33.80827080158421,-118.35497637711136,1.7482712660785478,True
486,66,Substation,' ',33.96420598,-118.082148,Passons,sce,33.964235003438496,-118.08216899828136,0.003763691800619605,True
487,230,Substation,' ',34.50906959,-117.9196821,Little Rock,sce,34.615981101742406,-117.9679391487888,12.682726564038386,False
488,66,Substation,' ',33.76508981,-118.2066567,Pico,sce,33.76557216615716,-118.20652702600002,0.05495869912496975,True
489,66,Substation,' ',33.91557578,-118.0811489,Pioneer,sce,33.91555087546238,-118.0812231920912,0.007393598338262773,True
490,66,Substation,' ',34.46359424,-118.5941936,Lockheed,sce,34.45915899839863,-118.58032671162694,1.363637205621131,True
491,66,Substation,' ',34.69065568,-117.9693728,Piute,sce,34.69113700076236,-117.96875300134876,0.07794613987334281,True
492,66,Substation,' ',33.92870414,-118.3897191,Sepulveda,sce,33.918899996678014,-118.3965350030493,1.258558628784562,True
493,66,Substation,' ',33.76483111,-118.2078277,Pico,sce,33.76557216615716,-118.20652702600002,0.1457599160311165,True
494,66,Substation,' ',33.93499107,-118.0677468,Santa Fe Springs,sce,33.94812011161199,-118.0586989805832,1.681632971540947,True
495,66,Substation,' ',33.95856507,-118.0656099,Santa Fe Springs,sce,33.94812011161199,-118.0586989805832,1.324850872767546,True
496,66,Substation,' ',34.00901094,-117.9304235,Puente,sce,34.00890600193133,-117.93137300283362,0.08829489490901996,True
497,66,Substation,' ',33.99797748,-118.2060903,Randolph,sce,33.98239600018886,-118.20552199780366,1.7333735579608749,True
498,66,Substation,' ',34.6595412,-118.2282903,Quartz Hill,sce,34.65937453883543,-118.2284403720392,0.023061540116225375,True
499,66,Substation,' ',33.99710378,-117.887703,Railroad,sce,33.99703410581549,-117.88747622105431,0.022295633602149666,True
500,66,Substation,' ',34.06991918,-118.1300281,Ramona,sce,34.07033285280638,-118.12961267056764,0.05983332347901222,True
501,66,Substation,' ',33.98271475,-118.205316,Randolph,sce,33.98239600018886,-118.20552199780366,0.040211873897404556,True
502,66,Substation,' ',34.12177523,-118.0810745,Ravendale,sce,34.122529169604334,-118.08118741963942,0.08447619880967766,True
503,66,Substation,' ',34.76318367,-117.969417,Redman,sce,34.762541999383984,-117.96856000517889,0.1059221395975462,True
504,66,Substation,' ',33.83959608,-118.2442872,Alon,sce,33.8348209992809,-118.24764500383525,0.6149019404739039,True
505,66,Substation,' ',33.99456583,-118.1527794,Bandini,sce,33.99958180854835,-118.17157825781727,1.8205694254564426,True
506,66,Substation,' ',34.03444747,-118.0241902,Hoyt,sce,34.05246100173005,-118.04787199850246,2.9619445546260854,False
507,66,Substation,' ',34.04794252,-118.1621853,Repetto,sce,34.04784770004844,-118.16279259228568,0.05693625793423581,True
508,66,Substation,' ',33.90338589,-118.3794564,El Nido,sce,33.89601600350098,-118.37257599658405,1.0367334192352542,True
509,66,Substation,' ',33.86303482,-118.1619319,Sunnyside,sce,33.85307933608597,-118.16722597153048,1.2101316607453394,True
510,66,Substation,' ',34.61032551,-118.0732689,Oasis,sce,34.64734114501825,-118.09535655203612,4.585333982774616,False
511,66,Substation,' ',33.8083703,-118.3550087,Rolling Hills,sce,33.80827080158421,-118.35497637711136,0.011459684786650402,True
512,66,Substation,' ',34.09221847,-118.0826588,Rosemead,sce,34.09258860183599,-118.08287914257627,0.04588648180042046,True
513,66,Substation,' ',34.05121845,-118.0813473,Rush,sce,34.051221002841935,-118.08136399436002,0.0015640129961371884,True
514,66,Substation,' ',34.11718102,-117.807819,San Dimas,sce,34.11660000071743,-117.80873800332525,0.1064489363438607,True
515,66,Substation,' ',34.09869881,-118.1001833,San Gabriel,sce,34.09850199548855,-118.1001490050346,0.022111424187171085,True
516,66,Substation,' ',33.80703817,-118.298972,Walteria,sce,33.791825341925005,-118.32361074976014,2.8363153784036768,False
517,66,Substation,' ',33.948067,-118.058548,Santa Fe Springs,sce,33.94812011161199,-118.0586989805832,0.015127069980388458,True
518,66,Substation,' ',34.01725703,-118.4881591,Santa Monica,sce,34.01748553897002,-118.48837874947888,0.0324876386865179,True
519,66,Substation,' ',34.04746172,-118.4521968,Sawtelle,sce,34.04774706504476,-118.45220285469668,0.03173382471772434,True
520,66,Substation,' ',33.77253096,-118.203535,Seabright,sce,33.77328789189247,-118.20462787528702,0.13148426658742154,True
521,66,Substation,' ',33.91903805,-118.3966925,Sepulveda,sce,33.918899996678014,-118.3965350030493,0.021138733139385607,True
522,66,Substation,' ',33.80757585,-118.2439987,Watson,sce,33.807991928350866,-118.26203446826712,1.667018223650818,True
523,66,Substation,' ',34.64275724,-118.165005,Shuttle,sce,34.64344523991096,-118.16401266997,0.11871592946662084,True
524,66,Substation,' ',33.81143827,-118.1682108,Signal Hill,sce,33.811337811686506,-118.16816655498816,0.011894905037390083,True
525,66,Substation,' ',34.05950958,-117.7738664,Ganesha,sce,34.05738506938873,-117.77655335681654,0.34216366434267614,True
526,66,Substation,' ',34.45187222,-118.4225889,Solemint,sce,34.45286218745676,-118.42267722553474,0.11037686998834909,True
527,66,Substation,' ',33.87420269,-118.1429767,Somerset,sce,33.87411213712543,-118.1429962772186,0.010229947697487559,True
528,66,Substation,' ',34.02223836,-117.8370753,Nogales,sce,34.00698200351981,-117.85519400410632,2.3804852970842174,False
529,66,Substation,' ',34.12748897,-117.7954723,San Dimas,sce,34.11660000071743,-117.80873800332525,1.7196526991335113,True
530,66,Substation,' ',33.89140933,-118.3750106,El Nido,sce,33.89601600350098,-118.37257599658405,0.5593610635574995,True
531,66,Substation,' ',33.98084795,-118.111255,Rivera,sce,33.96955441808182,-118.10143727933446,1.5480876954600644,True
532,66,Substation,' ',33.79018782,-118.1987019,State Street,sce,33.79016623411935,-118.1987541678778,0.005393673525496587,True
533,66,Substation,' ',33.94007948,-118.1405091,Stewart,sce,33.94016034737311,-118.1405332828118,0.00926463904656738,True
534,66,Substation,' ',33.84618126,-118.1771048,Oldfield,sce,33.84632124261517,-118.17711840675376,0.015615997365170985,True
535,66,Substation,' ',34.14300113,-118.359135,Universal,sce,34.143280476249465,-118.3563502272626,0.2581557796977412,True
536,66,Substation,' ',33.85318463,-118.1670673,Sunnyside,sce,33.85307933608597,-118.16722597153048,0.018755581757435028,True
537,66,Substation,' ',34.03956,-118.697951,Tapia,sce,34.03632128875002,-118.68464815377833,1.2775793372156083,True
538,66,Substation,' ',33.93233405,-117.9920328,Telegraph,sce,33.932316996259004,-117.99226800438082,0.02178222055632594,True
539,66,Substation,' ',34.38417581,-118.4955308,North Oaks,sce,34.415007166234965,-118.45310662371053,5.186880007643456,False
540,66,Substation,' ',33.91601025,-118.4096022,Sepulveda,sce,33.918899996678014,-118.3965350030493,1.247846642342102,True
541,66,Substation,' ',33.82781208,-118.3765776,Topaz,sce,33.82759337136988,-118.3760024228016,0.058431265699022704,True
542,66,Substation,' ',33.82984666,-118.344309,Torrance,sce,33.829617505342334,-118.34459467876938,0.03668234504962062,True
543,66,Substation,' ',34.64068536,-118.0658871,Oasis,sce,34.64734114501825,-118.09535655203612,2.7956094519169548,False
544,66,Substation,' ',33.87280461,-118.1603338,Lighthipe,sce,33.88016104886397,-118.17456809026208,1.5478868858625416,True
545,66,Substation,' ',33.92131535,-118.3855839,Sepulveda,sce,33.918899996678014,-118.3965350030493,1.0455568466614875,True
546,66,Substation,' ',34.041376,-117.8181737,Trophy,sce,34.039299427293365,-117.81990120259648,0.28045161436257465,True
547,66,Substation,' ',33.8591492,-118.185589,Linden,sce,33.85912660234861,-118.1856162397323,0.0035553257039645457,True
548,66,Substation,' ',34.14297885,-118.3573966,Universal,sce,34.143280476249465,-118.3563502272626,0.1019703816497646,True
549,66,Substation,' ',34.00677528,-118.1278159,Vail,sce,34.00650048394172,-118.12826806795012,0.051680417861612885,True
550,66,Substation,' ',34.14776836,-118.6317992,Valdez,sce,34.14792376295858,-118.6317477698814,0.017916432823511526,True
551,66,Substation,' ',33.99033882,-118.4209425,Tahiti,sce,33.97735300085169,-118.43602700278474,2.0048463574594537,False
552,66,Substation,' ',33.9984558,-118.2201768,Fruitland,sce,33.99612653954061,-118.22661150774924,0.647278466878686,True
553,66,Substation,' ',33.85885406,-118.3742046,Victoria,sce,33.85900132801055,-118.3741593441038,0.01690023924815109,True
554,66,Substation,' ',33.81251186,-118.2320643,Cameron,sce,33.8192358468031,-118.21711088356317,1.570809306165779,True
555,66,Substation,' ',34.0451314,-118.1864239,Wabash,sce,34.04484523957108,-118.18648075138452,0.03224784319734954,True
556,66,Substation,' ',33.79195901,-118.323487,Walteria,sce,33.791825341925005,-118.32361074976014,0.01875341773987233,True
557,230,Substation,' ',34.68507479,-118.7885538,Gorman,sce,34.78871455256242,-118.8223213307326,11.930147419740514,False
558,66,Substation,' ',33.80809399,-118.2617246,Watson,sce,33.807991928350866,-118.26203446826712,0.03079681201502482,True
559,66,Substation,' ',33.81138697,-118.175932,Signal Hill,sce,33.811337811686506,-118.16816655498816,0.7174624311071873,True
560,66,Substation,' ',33.90929415,-118.4203523,Sepulveda,sce,33.918899996678014,-118.3965350030493,2.4436145467423103,False
561,66,Substation,' ',33.93890622,-118.0610011,Santa Fe Springs,sce,33.94812011161199,-118.0586989805832,1.0463151868676226,True
562,66,Substation,' ',34.5793131,-117.7197077,Wilsona,sce,34.57779896780533,-117.71848290632536,0.2022871449508226,True
563,66,Substation,' ',33.91887059,-118.3345922,Yukon,sce,33.91848197061967,-118.33419932399528,0.05640492041525491,True
564,66,Substation,' ',36.92801165,-120.1032155,MADERA,pge,36.92328166223725,-120.05507066657292,4.311839024971279,False
565,66,Substation,' ',36.92391824,-120.2015797,BONITA,pge,36.96781971171099,-120.2031525152736,4.883621512812995,False
566,66,Substation,' ',36.92214301,-119.984616,BORDEN,pge,36.92213595117919,-119.98430925285751,0.027279603643776,True
567,115,Substation,' ',36.86081121,-120.3387028,FIREBAUGH,pge,36.85079413120268,-120.4658435279364,11.366714449060177,False
568,66,Substation,' ',36.92353502,-119.812659,CASSIDY,pge,36.923692299083626,-119.81261089872176,0.018003765672565824,True
569,115,Substation,' ',37.22747611,-119.6907452,COARSEGOLD,pge,37.22741691128599,-119.690552055026,0.01832382688763263,True
570,115,Substation,' ',37.05491545,-120.3167429,DAIRYLAND,pge,37.055238199109,-120.31690423390413,0.038638353033383414,True
571,66,Substation,' ',36.88073634,-120.1644258,EL PECO,pge,36.88099449637093,-120.16446451789515,0.0289115030353432,True
572,230,Substation,' ',36.85280964,-119.9170804,FIGARDEN,pge,36.82143004382485,-119.85912186746845,6.227318913416816,False
573,66,Substation,' ',36.92350064,-120.055387,MADERA,pge,36.92328166223725,-120.05507066657292,0.03719704193921641,True
574,115,Substation,' ',36.86696374,-120.3280422,FIREBAUGH,pge,36.85079413120268,-120.4658435279364,12.391152395984665,False
575,115,Substation,' ',37.32195436,-119.6343316,OAKHURST,pge,37.321751489665104,-119.63425437090476,0.023569201103786113,True
576,115,Substation,' ',37.09782628,-120.1571839,CHOWCHILLA,pge,37.12083563007519,-120.25043505532854,8.655937693363128,False
577,66,Substation,' ',36.92207055,-119.9753746,BORDEN,pge,36.92213595117919,-119.98430925285751,0.7942802818627703,True
578,115,Substation,' ',38.07814448,-122.52581,IGNACIO,pge,38.075692626064345,-122.53961816606646,1.2390076089985602,True
579,66,Substation,' ',37.94121202,-122.706149,BOLINAS,pge,37.940980126696346,-122.706692230778,0.054168500389239954,True
580,66,Substation,' ',37.9378727,-122.5141976,GREENBRAE,pge,37.93806581399283,-122.51415076392202,0.02186259360434845,True
581,115,Substation,' ',38.02243333,-122.5379407,LAS GALLINAS A,pge,38.02256741456931,-122.53813147487423,0.022395417023659138,True
582,66,Substation,' ',38.1086144,-122.5682432,NOVATO,pge,38.10854640016638,-122.56790709808408,0.030363077945330795,True
583,66,Substation,' ',38.04217885,-122.7864522,OLEMA,pge,38.042251130418286,-122.7863974329975,0.00935944263158024,True
584,115,Substation,' ',37.86356846,-122.4988508,SAUSALITO,pge,37.8633472927428,-122.4989921967848,0.027547645336062146,True
585,66,Substation,' ',38.11991639,-122.6140151,STAFFORD,pge,38.12001877968342,-122.61391256045738,0.014494326055101182,True
586,66,Substation,' ',38.05486443,-122.7598631,OLEMA,pge,38.042251130418286,-122.7863974329975,2.71396889130607,False
587,66,Substation,' ',38.01206226,-122.6536699,WOODACRE,pge,38.01250684697549,-122.65399200051384,0.056922670541565516,True
588,66,Substation,' ',37.5864556,-120.1255417,BEAR VALLEY,pge,37.58580609306456,-120.12582981367848,0.07655394322561548,True
589,66,Substation,' ',37.66479448,-119.8412278,INDIAN FLAT,pge,37.66553336561797,-119.84124163589712,0.08216935766334546,True
590,66,Substation,' ',39.31141158,-123.7865408,BIG RIVER,pge,39.31134527209194,-123.78666920979292,0.01328193464193692,True
591,66,Substation,' ',39.78611628,-123.248547,COVELO,pge,39.78636157593041,-123.24873746443508,0.0317619374674825,True
592,66,Substation,' ',39.12926005,-123.711735,ELK,pge,39.129493032948936,-123.71168466277476,0.02626785232961245,True
593,66,Substation,' ',39.4348293,-123.799384,FORT BRAGG A,pge,39.4353215496146,-123.79944585942631,0.054992867914149084,True
594,66,Substation,' ',38.78617978,-123.5220977,GUALALA,pge,38.78608834746834,-123.52264215716971,0.048273732430133394,True
595,66,Substation,' ',38.97279314,-123.0811218,HOPLAND,pge,38.97287952085421,-123.08117071435976,0.01049470121761329,True
596,66,Substation,' ',39.68458651,-123.477223,LAYTONVILLE,pge,39.68493707127593,-123.47704802021951,0.04175754852670137,True
597,66,Substation,' ',39.17375327,-123.2056911,CALPELLA,pge,39.19727795800626,-123.1925392202005,2.8508656651600406,False
598,66,Substation,' ',39.06398274,-123.4379281,PHILO,pge,39.06446920578099,-123.43729611086648,0.07683216039181821,True
599,66,Substation,' ',38.9122899,-123.679924,POINT ARENA,pge,38.912156018548,-123.67866119514616,0.11026966404835108,True
600,115,Substation,' ',39.14314957,-123.1918149,UKIAH,pge,39.14297181783122,-123.19174687279155,0.020617426258082907,True
601,66,Substation,' ',36.94045747,-120.9221407,WRIGHT,pge,37.01392488612878,-120.94478091254076,8.41312148839278,False
602,115,Substation,' ',37.37941115,-120.8095195,LIVINGSTON,pge,37.36355711461608,-120.76057836344424,4.670346254184301,False
603,230,Substation,' ',36.99874307,-120.9076579,WRIGHT,pge,37.01392488612878,-120.94478091254076,3.703526444964507,False
604,66,Substation,' ',36.93681162,-120.8194868,ORTIGA,pge,36.983443336036615,-120.8198332500453,5.18530161393901,False
605,115,Substation,' ',37.36010094,-120.6146848,ATWATER,pge,37.3600903184248,-120.61458852452108,0.008590584820611268,True
606,66,Substation,' ',37.06633333,-120.8355639,CANAL,pge,37.06637138757264,-120.83597188351864,0.03644553360057056,True
607,66,Substation,' ',37.18636395,-120.4901943,EL NIDO,pge,37.12088972778191,-120.47290782246549,7.439844212902442,False
608,115,Substation,' ',37.42846952,-120.6385277,CRESSEY,pge,37.42859913669553,-120.6384473846346,0.0160630681712973,True
609,115,Substation,' ',37.04729946,-121.1950278,SANTA NELLA,pge,37.08567509415812,-121.01318384348406,16.689123691169076,False
610,230,Substation,' ',36.92521123,-120.8297334,ORTIGA,pge,36.983443336036615,-120.8198332500453,6.534599310274515,False
611,66,Substation,' ',36.97476896,-120.635217,DOS PALOS,pge,36.97511066443014,-120.63479080838368,0.05363829471091712,True
612,66,Substation,' ',37.25323614,-121.0130417,GUSTINE,pge,37.253059038898215,-121.01309879419414,0.020330758858345645,True
613,115,Substation,' ',37.18497687,-120.2739551,LE GRAND,pge,37.18467134480297,-120.27370723472944,0.04045123399671867,True
614,66,Substation,' ',37.36342702,-120.760391,LIVINGSTON,pge,37.36355711461608,-120.76057836344424,0.021987599661303186,True
615,66,Substation,' ',37.52319174,-120.3303445,MERCED FALLS,pge,37.52304085412926,-120.33024521668725,0.01892500565858102,True
616,66,Substation,' ',36.98352226,-120.8194891,ORTIGA,pge,36.983443336036615,-120.8198332500453,0.03180341659443244,True
617,66,Substation,' ',37.08584186,-121.0132255,SANTA NELLA,pge,37.08567509415812,-121.01318384348406,0.018908086007288185,True
618,66,Substation,' ',37.0546472,-120.6339944,SANTA RITA,pge,37.05503123485525,-120.63408256251265,0.0434134877115146,True
619,115,Substation,' ',37.29339509,-120.4071739,WILSON,pge,37.2934446066299,-120.40695900507797,0.019791007457720174,True
620,66,Substation,' ',41.70474169,-121.2765623,MC ARTHUR,pge,41.0514109866347,-121.40819070502693,73.47250648069418,False
621,66,Substation,' ',41.20075251,-120.9421348,MC ARTHUR,pge,41.0514109866347,-121.40819070502693,42.42166090394504,False
622,66,Substation,' ',41.53151534,-120.1820013,MC ARTHUR,pge,41.0514109866347,-121.40819070502693,115.5189904681574,False
623,115,Substation,' ',41.73313546,-120.3669055,MC ARTHUR,pge,41.0514109866347,-121.40819070502693,115.28652682168962,False
624,66,Substation,' ',41.2076197,-121.1380763,MC ARTHUR,pge,41.0514109866347,-121.40819070502693,28.52225207453247,False
625,66,Substation,' ',41.44490566,-120.8809624,MC ARTHUR,pge,41.0514109866347,-121.40819070502693,62.10715927766514,False
626,66,Substation,' ',41.88812878,-121.378287,MC ARTHUR,pge,41.0514109866347,-121.40819070502693,93.07212703513817,False
627,66,Substation,' ',41.63312677,-121.2264898,MC ARTHUR,pge,41.0514109866347,-121.40819070502693,66.43859886606543,False
628,115,Substation,' ',37.64909166,-118.916775,Casa Diablo,sce,37.64672134828576,-118.91071947724666,0.5947309446939467,True
629,115,Substation,' ',37.9521,-119.1164556,Lee Vining,sce,37.95210000114013,-119.11645555543384,3.909614797526488e-06,True
630,115,Substation,' ',37.56001389,-118.6747361,Sherwin,sce,37.56199618416868,-118.67541707394592,0.22844770681965254,True
631,66,Substation,' ',35.95856112,-120.8635778,OILFIELDS,pge,35.956083731993004,-120.85149439691293,1.1219383445152482,True
632,66,Substation,' ',36.2283404,-121.1297858,KING CITY,pge,36.21705442156273,-121.12682030175492,1.2828281908529087,True
633,66,Substation,' ',36.65389082,-121.6293384,BUENA VISTA,pge,36.65393162469321,-121.62925836204246,0.008459638046459474,True
634,66,Substation,' ',36.46821918,-121.3903611,SOLEDAD,pge,36.42977626821583,-121.3324241495369,6.7176457895673725,False
635,66,Substation,' ',36.57244588,-121.5205016,SPENCE,pge,36.61397731072983,-121.56666763878204,6.18983319997546,False
636,115,Substation,' ',36.64341665,-121.7925252,FORT ORD,pge,36.64329014858041,-121.7923827803921,0.018955670006567192,True
637,66,Substation,' ',36.73130338,-121.6133116,GABILAN,pge,36.73135977881113,-121.61341084063255,0.010841844856076836,True
638,66,Substation,' ',36.50886507,-121.4468904,GONZALES,pge,36.50924719473701,-121.44649143497328,0.05546951470517129,True
639,66,Substation,' ',36.55686072,-121.8979239,HATTON,pge,36.55698934837941,-121.89760148903191,0.03215374520460206,True
640,66,Substation,' ',36.66378719,-121.628595,INDUSTRIAL ACRES,pge,36.664142645204045,-121.62883846892647,0.04509774430432092,True
641,66,Substation,' ',36.01324171,-121.1679583,JOLON,pge,36.01345405632114,-121.1673499639731,0.059593084575439305,True
642,66,Substation,' ',36.74876123,-121.6059886,GABILAN,pge,36.73135977881113,-121.61341084063255,2.0448612394115546,False
643,66,Substation,' ',36.47770203,-121.7272208,LAURELES,pge,36.477771837963815,-121.7269203955055,0.027958469105993967,True
644,66,Substation,' ',36.36646576,-121.2800808,LOS COCHES,pge,36.36678536359205,-121.27993696622347,0.03779987597491172,True
645,115,Substation,' ',36.61454769,-121.8335449,DEL MONTE,pge,36.59919530577832,-121.85414882424809,2.509307445323233,False
646,66,Substation,' ',36.59982743,-121.8904837,VIEJO,pge,36.578607210500685,-121.90842396908974,2.8518739934130104,False
647,66,Substation,' ',36.58953306,-121.8638317,DEL MONTE,pge,36.59919530577832,-121.85414882424809,1.3789802706925045,True
648,66,Substation,' ',36.59960041,-121.8768842,DEL MONTE,pge,36.59919530577832,-121.85414882424809,2.030085147854796,False
649,66,Substation,' ',36.65238324,-121.6340191,BUENA VISTA,pge,36.65393162469321,-121.62925836204246,0.45826707676556744,True
650,66,Substation,' ',35.95647497,-120.8511528,OILFIELDS,pge,35.956083731993004,-120.85149439691293,0.05327216794210348,True
651,66,Substation,' ',36.38008664,-121.8993005,OTTER,pge,36.38026746652593,-121.89862348687925,0.06385643964677098,True
652,115,Substation,' ',36.7853813,-121.6711331,PRUNEDALE,pge,36.7848917695957,-121.6710561826014,0.054862594038024924,True
653,66,Substation,' ',35.9519472,-120.8684416,OILFIELDS,pge,35.956083731993004,-120.85149439691293,1.5932721344716192,True
654,66,Substation,' ',36.07369445,-120.9368055,SAN ARDO,pge,36.073430288905165,-120.93646564476516,0.04237632033722438,True
655,66,Substation,' ',36.6137528,-121.5671333,SPENCE,pge,36.61397731072983,-121.56666763878204,0.04848301500971306,True
656,66,Substation,' ',36.57837138,-121.9084179,VIEJO,pge,36.578607210500685,-121.90842396908974,0.02622875449548936,True
657,66,Substation,' ',38.26316201,-122.269232,BASALT,pge,38.26311376964152,-122.26904909242027,0.01684602862945971,True
658,66,Substation,' ',38.59208804,-122.5786104,CALISTOGA,pge,38.59257954214048,-122.57827051121993,0.062124909513148446,True
659,115,Substation,' ',38.16621802,-122.253621,HIGHWAY,pge,38.165934399172585,-122.25383771242235,0.03679049679805834,True
660,115,Substation,' ',38.34521981,-122.2994534,PUEBLO,pge,38.34543841547816,-122.299196392614,0.03306393957182815,True
661,66,Substation,' ',39.35227675,-120.0862313,SUMMIT,pge,39.31945516117808,-120.37918428385689,25.45778245223124,False
662,115,Substation,' ',39.23105002,-121.0350261,BRUNSWICK,pge,39.231239532701935,-121.03491018822432,0.023318208271562585,True
663,66,Substation,' ',39.33184021,-121.1013503,COLUMBIA HILL,pge,39.3315648176399,-121.10125373763962,0.031728483163991,True
664,66,Substation,' ',39.20900553,-121.3032691,SMARTVILLE,pge,39.20859431679137,-121.30260526619712,0.0732261184440854,True
665,66,Substation,' ',33.92250286,-117.8472599,Brea,sce,33.91929821622321,-117.8490431144892,0.3924934228731282,True
666,66,Substation,' ',33.75252377,-118.0371725,Bolsa,sce,33.730408022185884,-118.03324151109152,2.4858756935076918,False
667,66,Substation,' ',33.8803142,-117.8320335,Atwood,sce,33.880449002142754,-117.83192699613006,0.017926087385330955,True
668,66,Substation,' ',33.80891103,-117.9817954,Barre,sce,33.80980878510379,-117.98381034849662,0.21123922053273847,True
669,66,Substation,' ',33.65698201,-117.907066,Bayside,sce,33.656856695237245,-117.90677421154508,0.030389529122264423,True
670,66,Substation,' ',33.73062983,-118.0332781,Bolsa,sce,33.730408022185884,-118.03324151109152,0.024894917412087207,True
671,66,Substation,' ',33.597665,-117.74901,Borrego,sce,33.59768363722954,-117.74923154879204,0.020624035722736595,True
672,66,Substation,' ',33.92015153,-117.8480316,Brea,sce,33.91929821622321,-117.8490431144892,0.13309503650671964,True
673,66,Substation,' ',33.73723539,-117.957129,Brookhurst,sce,33.73715948915509,-117.95580004349053,0.12317676244526435,True
674,66,Substation,' ',33.73454449,-117.8022639,Bryan,sce,33.73483199858305,-117.80116599692272,0.10643950798432937,True
675,66,Substation,' ',33.8196748,-117.8714279,Orange,sce,33.79007400165633,-117.86143500097876,3.4185069337662166,False
676,66,Substation,' ',33.6718729,-117.8475913,Cabrillo,sce,33.67169434144606,-117.84750781986958,0.021304743394448895,True
677,66,Substation,' ',33.71318376,-117.883619,Camden,sce,33.71334293054773,-117.88328931162948,0.035258545623102946,True
678,66,Substation,' ',33.87145556,-117.7469806,Canyon,sce,33.871538676482594,-117.74807268223128,0.10124809812528153,True
679,66,Substation,' ',33.91020869,-117.8795575,Carolina,sce,33.910013996191246,-117.87969900019525,0.02528216181848634,True
680,66,Substation,' ',33.7332416,-117.849825,Chestnut,sce,33.73291743598918,-117.84905438111056,0.07985932550803633,True
681,66,Substation,' ',33.66060237,-117.8606297,Cabrillo,sce,33.67169434144606,-117.84750781986958,1.7308671584248134,True
682,66,Substation,' ',33.61304202,-117.821927,Crown,sce,33.608690174598145,-117.86390230589092,3.9171253164152193,False
683,66,Substation,' ',33.60815162,-117.8651633,Crown,sce,33.608690174598145,-117.86390230589092,0.13123706163223073,True
684,66,Substation,' ',33.8096399,-118.072602,Cypress,sce,33.80991268026793,-118.07236092354432,0.03763128279534591,True
685,66,Substation,' ',33.85108801,-118.02792,Ely,sce,33.850669276650706,-118.02764770461924,0.05291713854766212,True
686,66,Substation,' ',33.68750555,-117.8285556,Estrella,sce,33.687249709892,-117.82790152451156,0.06686987196550732,True
687,66,Substation,' ',33.693574,-117.867617,Fairview,sce,33.69420600217397,-117.8676489323096,0.07033750310184315,True
688,66,Substation,' ',33.86814402,-117.921312,Fullerton,sce,33.86801014671579,-117.92098061980474,0.03402473760190784,True
689,66,Substation,' ',33.87756274,-117.9717703,Gilbert,sce,33.87688000357716,-117.97285199579584,0.12544058474395614,True
690,66,Substation,' ',33.68734602,-117.912816,Gisler,sce,33.6874929740019,-117.91268546781532,0.020319239803501716,True
691,66,Substation,' ',33.65452399,-117.95263,Hamilton,sce,33.65499499810547,-117.95302900495923,0.06408513817473215,True
692,66,Substation,' ',33.68303892,-117.7421917,Irvine,sce,33.68339167134497,-117.7425321542773,0.05030769620157817,True
693,66,Substation,' ',33.67561118,-117.8637801,Cabrillo,sce,33.67169434144606,-117.84750781986958,1.5675163674649581,True
694,66,Substation,' ',33.925175,-117.933787,La Habra,sce,33.92503519317997,-117.93335597279064,0.042699613881239426,True
695,66,Substation,' ',33.84628388,-117.9798243,La Palma,sce,33.846268089605886,-117.98016977176611,0.03195303244905894,True
696,66,Substation,' ',33.76679901,-117.85212,La Veta,sce,33.76643799668279,-117.85248599558908,0.05249788576135533,True
697,66,Substation,' ',33.63536199,-117.935652,Lafayette,sce,33.63545033562937,-117.9354793630941,0.018760129375485442,True
698,66,Substation,' ',33.92281875,-117.8472364,Brea,sce,33.91929821622321,-117.8490431144892,0.4254834738176096,True
699,66,Substation,' ',33.77821908,-117.8991005,Lampson,sce,33.77796996263328,-117.8983985000712,0.07054808215795906,True
700,66,Substation,' ',33.6502112,-117.6885669,Limestone,sce,33.650239003663366,-117.68815000157966,0.038712865210569915,True
701,66,Substation,' ',33.6387063,-117.8660485,Macarthur,sce,33.63852216201871,-117.86595640340192,0.022179368424650084,True
702,66,Substation,' ',33.81770272,-118.0271859,Marion,sce,33.81745999970494,-118.02681000307484,0.04398102133690353,True
703,66,Substation,' ',33.78825004,-117.802686,Modena,sce,33.788301250200355,-117.80339029717427,0.0653354748063832,True
704,66,Substation,' ',33.55188499,-117.778884,Morro,sce,33.552258717456944,-117.77853550630896,0.0526295380945799,True
705,66,Substation,' ',33.60912633,-117.6975574,Moulton,sce,33.60972830580406,-117.69800984712953,0.07896890111989034,True
706,66,Substation,' ',33.92508498,-117.9551271,Parkwood,sce,33.915624736779364,-117.96398012374236,1.3318593135399306,True
707,66,Substation,' ',33.91052601,-117.820078,Brea,sce,33.91929821622321,-117.8490431144892,2.8452397375826717,False
708,66,Substation,' ',33.5638,-117.714833,Niguel,sce,33.5631365000432,-117.71476690636771,0.07403155372829671,True
709,66,Substation,' ',33.75711477,-118.0890789,Stadium,sce,33.771905998735384,-118.1000940007785,1.9343898314631451,True
710,66,Substation,' ',33.92081737,-117.9198431,La Habra,sce,33.92503519317997,-117.93335597279064,1.3321025677248644,True
711,66,Substation,' ',33.71637428,-117.987525,Oceanview,sce,33.71625509877289,-117.98768317374038,0.019739646626397527,True
712,66,Substation,' ',33.79049001,-117.861454,Orange,sce,33.79007400165633,-117.86143500097876,0.04629132486940654,True
713,66,Substation,' ',33.68963109,-117.9450355,Ellis,sce,33.68544544480769,-117.9434316308098,0.4885067916994081,True
714,66,Substation,' ',33.64399723,-117.9555611,Hamilton,sce,33.65499499810547,-117.95302900495923,1.2451539530699365,True
715,66,Substation,' ',33.86093727,-117.8927361,Placentia,sce,33.87119299998787,-117.87861599522375,1.732088733860213,True
716,66,Substation,' ',33.91547973,-117.9637095,Parkwood,sce,33.915624736779364,-117.96398012374236,0.02972528987166634,True
717,66,Substation,' ',33.87159716,-117.8786331,Placentia,sce,33.87119299998787,-117.87861599522375,0.044968280107080046,True
718,66,Substation,' ',33.67358241,-118.0212329,Slater,sce,33.69235866914367,-118.0169822483806,2.1245466608631305,False
719,66,Substation,' ',33.77220888,-118.0120858,Shawnee,sce,33.77335503678712,-118.01125537351678,0.14877602310057214,True
720,66,Substation,' ',33.69228199,-118.017185,Slater,sce,33.69235866914367,-118.0169822483806,0.02060491358892596,True
721,66,Substation,' ',33.67374598,-118.0215237,Slater,sce,33.69235866914367,-118.0169822483806,2.1118642793603537,False
722,66,Substation,' ',33.74480503,-117.9019307,Sullivan,sce,33.74482369756105,-117.90196420134929,0.003728749763172005,True
723,66,Substation,' ',33.8828944,-117.9573769,Basta,sce,33.8691828612384,-117.96020381310754,1.5468283575156356,True
724,66,Substation,' ',33.71452999,-117.920428,Talbert,sce,33.7140820008966,-117.9197889959811,0.07729623829682516,True
725,66,Substation,' ',33.74497923,-117.9999129,Team,sce,33.745052055991295,-117.99988488347098,0.008502115706245289,True
726,66,Substation,' ',33.76616302,-117.979563,Trask,sce,33.76640699726132,-117.97981700324527,0.03587853868943221,True
727,66,Substation,' ',33.76550798,-117.928479,Vera,sce,33.76554057259821,-117.9282905316424,0.01779468537602774,True
728,66,Substation,' ',33.75604993,-117.8593889,Washington,sce,33.75680600416409,-117.8592219959398,0.0854758472331041,True
729,66,Substation,' ',33.66558697,-117.997429,Wave,sce,33.665189014042795,-117.99721384787416,0.04852414249614503,True
730,66,Substation,' ',33.88892101,-117.788148,Yorba Linda,sce,33.88733323649356,-117.78769347091476,0.18146906469340895,True
731,115,Substation,' ',33.51258901,-117.665534,SAN JUAN CAPISTRANO,sdge,33.51109710702923,-117.65620343526052,0.8808108295002722,True
732,115,Substation,' ',33.4633412,-117.5704995,PICO,sdge,33.472892946910534,-117.5978376945472,2.7492790912371983,False
733,115,Substation,' ',33.49494501,-117.702976,LAGUNA NIGUEL,sdge,33.49650770279464,-117.69302896834556,0.9385975681202265,True
734,115,Substation,' ',33.56291183,-117.6735199,TRABUCO,sdge,33.57169985785648,-117.67862046657189,1.0854570867629765,True
735,66,Substation,' ',39.24295872,-120.0264639,SUMMIT,pge,39.31945516117808,-120.37918428385689,31.527801657431734,False
736,66,Substation,' ',39.28069605,-120.1126328,SUMMIT,pge,39.31945516117808,-120.37918428385689,23.337358150884498,False
737,66,Substation,' ',39.20552959,-120.2011536,SUMMIT,pge,39.31945516117808,-120.37918428385689,19.88468026749608,False
738,66,Substation,' ',39.16617697,-120.1444681,SUMMIT,pge,39.31945516117808,-120.37918428385689,26.439735113703787,False
739,66,Substation,' ',39.33097146,-120.1819888,SUMMIT,pge,39.31945516117808,-120.37918428385689,17.01025326739211,False
740,66,Substation,' ',39.32958792,-120.1696808,SUMMIT,pge,39.31945516117808,-120.37918428385689,18.05603583978802,False
741,66,Substation,' ',38.7636276,-121.2640323,ROCKLIN,pge,38.7878362079499,-121.2316984669296,3.886223540477543,False
742,66,Substation,' ',38.90349314,-121.0698265,AUBURN,pge,38.90362002905324,-121.07000550995504,0.02095281709427394,True
743,115,Substation,' ',38.94679968,-121.0916716,BELL,pge,38.946685494069264,-121.0914507213159,0.02293641850377982,True
744,66,Substation,' ',39.21470787,-120.8092925,BONNIE NOOK,pge,39.21451033170248,-120.80959918082056,0.034359133829560344,True
745,115,Substation,' ',39.11994562,-120.9434986,SHADY GLEN,pge,39.115253699631616,-120.95381821842112,1.0318877853593735,True
746,66,Substation,' ',39.30962787,-120.5483422,TAMARACK,pge,39.31400206641118,-120.49620864570748,4.511479852516498,False
747,66,Substation,' ',38.79881552,-121.2213126,DEL MAR,pge,38.798905518358,-121.22132249121611,0.010044003809604888,True
748,66,Substation,' ',39.01930167,-120.8302452,FORESTHILL,pge,39.01998695236322,-120.8293416806212,0.10908306333652475,True
749,66,Substation,' ',38.95692848,-121.0422303,HALSEY,pge,38.95682089677347,-121.04286722342916,0.05635733800413559,True
750,115,Substation,' ',38.74431607,-121.1616425,HORSESHOE,pge,38.74422432366909,-121.16136710564363,0.025971438829635957,True
751,66,Substation,' ',38.9005233,-121.294094,LINCOLN,pge,38.900472292516405,-121.29424750207652,0.014443668084397114,True
752,66,Substation,' ',38.84450412,-121.1665604,PENRYN,pge,38.84486110184167,-121.16643199707649,0.04122278553491177,True
753,66,Substation,' ',38.82209041,-121.3065408,PLEASANT GROVE,pge,38.82203193935343,-121.30628841171048,0.02281097939742457,True
754,66,Substation,' ',38.78796355,-121.231692,ROCKLIN,pge,38.7878362079499,-121.2316984669296,0.014170879331196503,True
755,66,Substation,' ',39.11534451,-120.9529453,SHADY GLEN,pge,39.115253699631616,-120.95381821842112,0.07598383525071219,True
756,66,Substation,' ',39.31387986,-120.4969207,TAMARACK,pge,39.31400206641118,-120.49620864570748,0.0627470881085138,True
757,66,Substation,' ',38.78014499,-121.2461844,ROCKLIN,pge,38.7878362079499,-121.2316984669296,1.5191990165154434,True
758,66,Substation,' ',39.03596259,-120.9879836,WEIMAR,pge,39.03618697846676,-120.98785201726103,0.02741725560617413,True
759,66,Substation,' ',38.701391,-121.193734,HORSESHOE,pge,38.74422432366909,-121.16136710564363,5.5289261743709,False
760,66,Substation,' ',38.7374284,-121.3041565,ROCKLIN,pge,38.7878362079499,-121.2316984669296,8.419351681800798,False
761,66,Substation,' ',38.81036761,-121.3240488,PLEASANT GROVE,pge,38.82203193935343,-121.30628841171048,2.012450911763509,False
762,66,Substation,' ',39.8196694,-120.3751007,EAST QUINCY,pge,39.93825707055911,-120.91057480535616,47.55714659493108,False
763,66,Substation,' ',39.79888809,-120.1596983,SUMMIT,pge,39.31945516117808,-120.37918428385689,56.533586886139595,False
764,66,Substation,' ',39.80388056,-120.4646374,EAST QUINCY,pge,39.93825707055911,-120.91057480535616,40.884832279486695,False
765,66,Substation,' ',40.1715573,-121.0853365,BIG MEADOWS,pge,40.17150258367834,-121.08392810254136,0.11982032128960036,True
766,66,Substation,' ',40.30242579,-121.2270207,CHESTER,pge,40.30286123740071,-121.22690255646653,0.049445196200448197,True
767,66,Substation,' ',40.02241742,-121.0654455,GRAYS FLAT,pge,40.0221483161838,-121.063733200033,0.14884532916997034,True
768,66,Substation,' ',39.9351719,-120.914496,EAST QUINCY,pge,39.93825707055911,-120.91057480535616,0.4790149151210687,True
769,66,Substation,' ',40.02697206,-120.9631234,GRAYS FLAT,pge,40.0221483161838,-121.063733200033,8.58365966910527,False
770,115,Substation,' ',33.70934723,-116.2323083,Indian Wells,sce,33.72944374862638,-116.34321099441657,10.497785118536719,False
771,115,Substation,' ',33.80949125,-116.3886831,Tamarisk,sce,33.79191236586689,-116.44988631108914,5.983489978646928,False
772,115,Substation,' ',33.67175626,-116.2650291,Indian Wells,sce,33.72944374862638,-116.34321099441657,9.667230609169861,False
773,66,Substation,' ',33.69937449,-116.3863461,Silver Spur,sce,33.69940144429198,-116.38453151272898,0.1678937449380271,True
774,115,Substation,' ',33.58697132,-116.0883118,Indian Wells,sce,33.72944374862638,-116.34321099441657,28.41751225382131,False
775,115,Substation,' ',33.52323635,-115.9216318,Indian Wells,sce,33.72944374862638,-116.34321099441657,45.26966099915712,False
776,115,Substation,' ',33.43715191,-116.0598176,BORREGO,sdge,33.242891548049656,-116.34638794455222,34.28212746470813,False
777,115,Substation,' ',33.88785169,-116.3553041,Tamarisk,sce,33.79191236586689,-116.44988631108914,13.78816075373273,False
778,115,Substation,' ',33.63872707,-116.1362241,Indian Wells,sce,33.72944374862638,-116.34321099441657,21.645787317871296,False
779,115,Substation,' ',33.71886668,-116.1986917,Concho,sce,33.75688900153803,-116.33419299787862,13.223658838262095,False
780,230,Substation,' ',33.70470622,-115.6266044,Eagle Mountain,sce,33.81142800223903,-115.45355200188276,19.918896336465018,False
781,66,Substation,' ',33.97811931,-117.3700775,West Riverside,sce,34.00574163622427,-117.39244956440842,3.699734293165128,False
782,115,Substation,' ',33.90206112,-117.2187445,Alessandro,sce,33.902360203824635,-117.2181852584964,0.061399392272493934,True
783,66,Substation,' ',34.01134168,-117.5063472,Bain,sce,34.01006276038666,-117.50628314451394,0.14233188394219692,True
784,115,Substation,' ',33.82896388,-117.2123222,Bunker,sce,33.8283648304304,-117.21173996305129,0.08561250370366742,True
785,115,Substation,' ',33.858925,-117.3263444,Cajalco,sce,33.85904200100633,-117.32549900292356,0.07913857846110504,True
786,66,Substation,' ',33.84505856,-117.5377957,Chase,sce,33.844774691488155,-117.53755711248616,0.038494663330896274,True
787,115,Substation,' ',33.75747652,-116.3350763,Concho,sce,33.75688900153803,-116.33419299787862,0.10457574150405304,True
788,66,Substation,' ',33.88440023,-117.5718877,Corona,sce,33.88433415078666,-117.57129588764676,0.05512215160192441,True
789,115,Substation,' ',34.02933687,-117.3877244,Bloomington,sce,34.04917000383533,-117.3985330021639,2.4197962346810487,False
790,66,Substation,' ',33.85543836,-117.5392955,Chase,sce,33.844774691488155,-117.53755711248616,1.1965637080635003,True
791,66,Substation,' ',33.89242954,-117.5801181,Corona,sce,33.88433415078666,-117.57129588764676,1.2138575072824804,True
792,115,Substation,' ',33.80795835,-116.4939389,Eisenhower,sce,33.807706998789484,-116.49345499860358,0.052726090054014636,True
793,115,Substation,' ',33.67438334,-117.3261806,Elsinore,sce,33.67450557123915,-117.32588146539794,0.030837649828273826,True
794,115,Substation,' ',33.84615835,-116.5050806,Farrell,sce,33.84688300284005,-116.5047269975424,0.08694339104109007,True
795,66,Substation,' ',33.92672299,-116.9287486,Beaumont,sce,33.93362502624713,-116.98362109716552,5.120405820560521,False
796,115,Substation,' ',33.90148334,-116.5435333,Garnet,sce,33.90145418385204,-116.5439873868186,0.042033596733164494,True
797,66,Substation,' ',34.00502923,-117.4574435,Glen Avon,sce,34.00596154761225,-117.45752658281909,0.103951485896473,True
798,115,Substation,' ',33.76026398,-117.477333,Ivyglen,sce,33.76023995734442,-117.4767247025759,0.056296944374317474,True
799,66,Substation,' ',33.85775076,-117.5883042,Jefferson,sce,33.85819000126701,-117.58883199997248,0.06899791020443974,True
800,66,Substation,' ',33.86116105,-115.4886971,Eagle Mountain,sce,33.81142800223903,-115.45355200188276,6.4123773784406,False
801,115,Substation,' ',33.92601393,-116.9874583,Maraschino,sce,33.92552894082836,-116.98765654041124,0.0569457206750057,True
802,115,Substation,' ',33.94716607,-117.2433136,Maxwell,sce,33.94767925464396,-117.242774990919,0.07566091436008271,True
803,115,Substation,' ',33.73638889,-116.9200361,Mayberry,sce,33.73586677854356,-116.92033833583632,0.06443287390812041,True
804,115,Substation,' ',33.503775,-117.1404167,Moraga,sce,33.50381663134424,-117.13992278145687,0.04602940335001259,True
805,115,Substation,' ',33.94704447,-117.1725056,Moreno,sce,33.9478008651392,-117.17189130228648,0.1014141918161941,True
806,115,Substation,' ',33.7723639,-116.9883194,Nelson,sce,33.77221271736493,-116.98815952158284,0.022382647067648944,True
807,115,Substation,' ',33.54372221,-117.0435584,Pauba,sce,33.54190303848778,-117.04398293604586,0.2060735503629371,True
808,66,Substation,' ',33.95892401,-117.52272,Pedley,sce,33.95853053680608,-117.52288257084442,0.046250103454959314,True
809,115,Substation,' ',33.74781668,-116.3920917,Santa Rosa,sce,33.74892700398827,-116.39217399990532,0.12369665616144974,True
810,115,Substation,' ',33.63091389,-117.2920056,Skylark,sce,33.63157278371007,-117.29169251069688,0.07879140843874265,True
811,115,Substation,' ',33.55781389,-117.2032139,Stadler,sce,33.55765478275708,-117.20339744878916,0.024541309230385135,True
812,115,Substation,' ',33.73355277,-117.0073389,Stetson,sce,33.73329500445457,-117.00759399721343,0.037121330928826766,True
813,115,Substation,' ',33.791975,-116.4499445,Tamarisk,sce,33.79191236586689,-116.44988631108914,0.00879887916882534,True
814,115,Substation,' ',33.90877226,-117.2597778,Alessandro,sce,33.902360203824635,-117.2181852584964,3.9041130063403346,False
815,115,Substation,' ',33.81365833,-116.5320444,Thornhill,sce,33.81351258763198,-116.53266202407576,0.05931688260214005,True
816,115,Substation,' ',33.73999442,-117.1561138,Valley,sce,33.74010469194348,-117.15614491519052,0.012594700810958658,True
817,66,Substation,' ',34.01056535,-117.0513646,Yucaipa,sce,34.011475002600925,-117.05063600106736,0.12141307463522581,True
818,66,Substation,' ',38.63011999,-121.156246,CLARKSVILLE,pge,38.6556481194856,-121.05997890956418,8.829451264230077,False
819,66,Substation,' ',38.60551183,-121.2119995,CLARKSVILLE,pge,38.6556481194856,-121.05997890956418,14.333696278358284,False
820,66,Substation,' ',38.57360799,-121.297968,WEST SACRAMENTO,pge,38.58949498136971,-121.54527027674682,21.568823712591037,False
821,66,Substation,' ',38.22554469,-121.4739245,NEW HOPE,pge,38.226101912543534,-121.47310289510555,0.09481498579082619,True
822,66,Substation,' ',38.53924448,-121.4454023,DEEPWATER,pge,38.55140495900723,-121.55981764661082,10.041845336673443,False
823,66,Substation,' ',38.49108101,-121.479797,DEEPWATER,pge,38.55140495900723,-121.55981764661082,9.667266080883692,False
824,66,Substation,' ',38.67826602,-121.387198,WEST SACRAMENTO,pge,38.58949498136971,-121.54527027674682,16.91011110983763,False
825,66,Substation,' ',38.51711557,-121.5156782,DEEPWATER,pge,38.55140495900723,-121.55981764661082,5.410872625958541,False
826,66,Substation,' ',38.5204268,-121.380017,DEEPWATER,pge,38.55140495900723,-121.55981764661082,16.013677798496143,False
827,66,Substation,' ',38.5179733,-121.3780685,DEEPWATER,pge,38.55140495900723,-121.55981764661082,16.23976321571167,False
828,66,Substation,' ',38.69352934,-121.2390442,HORSESHOE,pge,38.74422432366909,-121.16136710564363,8.785816896738611,False
829,66,Substation,' ',38.58291901,-121.18649,CLARKSVILLE,pge,38.6556481194856,-121.05997890956418,13.645634095914076,False
830,66,Substation,' ',38.624824,-121.447074,WEST SACRAMENTO,pge,38.58949498136971,-121.54527027674682,9.393411176219658,False
831,66,Substation,' ',38.60232501,-121.434024,WEST SACRAMENTO,pge,38.58949498136971,-121.54527027674682,9.772667595388597,False
832,66,Substation,' ',38.594444,-121.365199,WEST SACRAMENTO,pge,38.58949498136971,-121.54527027674682,15.659814508398025,False
833,66,Substation,' ',38.5102617,-121.398444,DEEPWATER,pge,38.55140495900723,-121.55981764661082,14.763763040827142,False
834,66,Substation,' ',38.57744199,-121.364083,WEST SACRAMENTO,pge,38.58949498136971,-121.54527027674682,15.805922719128574,False
835,66,Substation,' ',38.68817202,-121.308101,ROCKLIN,pge,38.7878362079499,-121.2316984669296,12.91227871327826,False
836,66,Substation,' ',38.59154329,-121.341395,WEST SACRAMENTO,pge,38.58949498136971,-121.54527027674682,17.72078836286265,False
837,66,Substation,' ',38.67975895,-121.2314119,HORSESHOE,pge,38.74422432366909,-121.16136710564363,9.397815341375225,False
838,66,Substation,' ',38.60133847,-121.4102429,WEST SACRAMENTO,pge,38.58949498136971,-121.54527027674682,11.808442660581026,False
839,66,Substation,' ',38.64698997,-121.4109118,WEST SACRAMENTO,pge,38.58949498136971,-121.54527027674682,13.309007532408586,False
840,66,Substation,' ',38.43537527,-121.4360252,DEEPWATER,pge,38.55140495900723,-121.55981764661082,16.808658734515287,False
841,66,Substation,' ',38.723503,-121.382919,PLEASANT GROVE,pge,38.82203193935343,-121.30628841171048,12.812670462239513,False
842,66,Substation,' ',38.67233617,-121.1501439,CLARKSVILLE,pge,38.6556481194856,-121.05997890956418,8.045366773402753,False
843,66,Substation,' ',38.42279888,-121.3699284,DEEPWATER,pge,38.55140495900723,-121.55981764661082,21.85538893262803,False
844,66,Substation,' ',38.60480134,-121.3859924,WEST SACRAMENTO,pge,38.58949498136971,-121.54527027674682,13.946217220731985,False
845,115,Substation,' ',38.51175859,-121.4715277,DEEPWATER,pge,38.55140495900723,-121.55981764661082,8.85516875210943,False
846,66,Substation,' ',38.55422102,-121.423867,WEST SACRAMENTO,pge,38.58949498136971,-121.54527027674682,11.259473937354782,False
847,66,Substation,' ',38.64185799,-121.475853,WEST SACRAMENTO,pge,38.58949498136971,-121.54527027674682,8.383073694425915,False
848,66,Substation,' ',38.61783999,-121.266584,HORSESHOE,pge,38.74422432366909,-121.16136710564363,16.760344795784015,False
849,66,Substation,' ',38.33526975,-121.1689614,COLONY,pge,38.19050048956095,-121.18105263498548,16.13218442965536,False
850,66,Substation,' ',38.35419211,-121.2424311,COLONY,pge,38.19050048956095,-121.18105263498548,18.97394151588334,False
851,66,Substation,' ',38.604954,-121.306598,HORSESHOE,pge,38.74422432366909,-121.16136710564363,19.96928273611634,False
852,66,Substation,' ',38.61621199,-121.380501,WEST SACRAMENTO,pge,38.58949498136971,-121.54527027674682,14.623013346828834,False
853,66,Substation,' ',38.60873702,-121.378409,WEST SACRAMENTO,pge,38.58949498136971,-121.54527027674682,14.657610984200348,False
854,66,Substation,' ',38.534974,-121.39904,WEST SACRAMENTO,pge,38.58949498136971,-121.54527027674682,14.085653978828253,False
855,66,Substation,' ',38.63943371,-121.3288841,ROCKLIN,pge,38.7878362079499,-121.2316984669296,18.531163479087166,False
856,66,Substation,' ',38.70364063,-121.3265439,ROCKLIN,pge,38.7878362079499,-121.2316984669296,12.462209016225243,False
857,66,Substation,' ',38.71018302,-121.462789,CATLETT,pge,38.80879690086217,-121.5164995196137,11.913349032771595,False
858,66,Substation,' ',38.650085,-121.307877,HORSESHOE,pge,38.74422432366909,-121.16136710564363,16.46926160619152,False
859,66,Substation,' ',38.44275499,-121.188405,IONE,pge,38.37370944252769,-120.9571666049228,21.56163205436778,False
860,66,Substation,' ',38.40192239,-121.256965,COLONY,pge,38.19050048956095,-121.18105263498548,24.4246098927031,False
861,66,Substation,' ',38.5861647,-121.2815662,HORSESHOE,pge,38.74422432366909,-121.16136710564363,20.440261929546427,False
862,66,Substation,' ',38.60902208,-121.4443619,WEST SACRAMENTO,pge,38.58949498136971,-121.54527027674682,9.03395951324714,False
863,66,Substation,' ',38.693465,-121.346564,ROCKLIN,pge,38.7878362079499,-121.2316984669296,14.469415884247697,False
864,115,Substation,' ',38.55375189,-121.4306192,WEST SACRAMENTO,pge,38.58949498136971,-121.54527027674682,10.730432678942313,False
865,66,Substation,' ',38.60679914,-121.3640415,WEST SACRAMENTO,pge,38.58949498136971,-121.54527027674682,15.866488381359742,False
866,66,Substation,' ',38.61845199,-121.364095,WEST SACRAMENTO,pge,38.58949498136971,-121.54527027674682,16.069351439686915,False
867,66,Substation,' ',38.62760401,-121.398989,WEST SACRAMENTO,pge,38.58949498136971,-121.54527027674682,13.398253637410493,False
868,66,Substation,' ',38.608322,-121.456265,WEST SACRAMENTO,pge,38.58949498136971,-121.54527027674682,8.013073821490703,False
869,66,Substation,' ',38.59117153,-121.2722866,HORSESHOE,pge,38.74422432366909,-121.16136710564363,19.554316899347253,False
870,66,Substation,' ',38.478179,-121.371486,DEEPWATER,pge,38.55140495900723,-121.55981764661082,18.297185051629565,False
871,66,Substation,' ',38.40862902,-121.376029,NEW HOPE,pge,38.226101912543534,-121.47310289510555,21.9921364539339,False
872,66,Substation,' ',38.69300512,-121.2072862,HORSESHOE,pge,38.74422432366909,-121.16136710564363,6.950353585285409,False
873,66,Substation,' ',38.71419362,-121.5761911,CATLETT,pge,38.80879690086217,-121.5164995196137,11.723668763351657,False
874,66,Substation,' ',38.71405793,-121.4200798,CATLETT,pge,38.80879690086217,-121.5164995196137,13.448672635304344,False
875,66,Substation,' ',38.61265619,-121.3997156,WEST SACRAMENTO,pge,38.58949498136971,-121.54527027674682,12.908200350033038,False
876,66,Substation,' ',38.63144972,-121.3631699,WEST SACRAMENTO,pge,38.58949498136971,-121.54527027674682,16.495829588336512,False
877,66,Substation,' ',38.35017428,-121.4084589,NEW HOPE,pge,38.226101912543534,-121.47310289510555,14.905277970054788,False
878,66,Substation,' ',38.60566001,-121.447086,WEST SACRAMENTO,pge,38.58949498136971,-121.54527027674682,8.719881513584495,False
879,66,Substation,' ',38.59330343,-121.4321974,WEST SACRAMENTO,pge,38.58949498136971,-121.54527027674682,9.836455528009678,False
880,66,Substation,' ',38.55524523,-121.4171834,WEST SACRAMENTO,pge,38.58949498136971,-121.54527027674682,11.768432585494095,False
881,66,Substation,' ',38.69601408,-121.1593285,HORSESHOE,pge,38.74422432366909,-121.16136710564363,5.363651181788948,False
882,66,Substation,' ',38.69350783,-121.3473313,ROCKLIN,pge,38.7878362079499,-121.2316984669296,14.511870691717272,False
883,66,Substation,' ',38.56339,-121.34405,WEST SACRAMENTO,pge,38.58949498136971,-121.54527027674682,17.731214314072634,False
884,66,Substation,' ',38.37950219,-121.4534339,NEW HOPE,pge,38.226101912543534,-121.47310289510555,17.143462832298763,False
885,66,Substation,' ',38.4630378,-121.4472652,DEEPWATER,pge,38.55140495900723,-121.55981764661082,13.873128502594994,False
886,66,Substation,' ',38.43017262,-121.4579264,DEEPWATER,pge,38.55140495900723,-121.55981764661082,16.135726086135172,False
887,66,Substation,' ',38.50327002,-121.517396,DEEPWATER,pge,38.55140495900723,-121.55981764661082,6.5011899409218294,False
888,66,Substation,' ',38.61272302,-121.422175,WEST SACRAMENTO,pge,38.58949498136971,-121.54527027674682,11.004353854142195,False
889,66,Substation,' ',38.52432614,-121.4562977,DEEPWATER,pge,38.55140495900723,-121.55981764661082,9.493910955627038,False
890,66,Substation,' ',38.525576,-121.428628,DEEPWATER,pge,38.55140495900723,-121.55981764661082,11.766195269411021,False
891,66,Substation,' ',38.52289999,-121.513505,DEEPWATER,pge,38.55140495900723,-121.55981764661082,5.12565532582312,False
892,66,Substation,' ',38.5245276,-121.4767157,DEEPWATER,pge,38.55140495900723,-121.55981764661082,7.8213974515293385,False
893,66,Substation,' ',38.25459168,-121.3018379,COLONY,pge,38.19050048956095,-121.18105263498548,12.732615413415338,False
894,66,Substation,' ',38.67721299,-121.364168,ROCKLIN,pge,38.7878362079499,-121.2316984669296,16.832671226077085,False
895,66,Substation,' ',38.50348601,-121.539389,DEEPWATER,pge,38.55140495900723,-121.55981764661082,5.616868382863485,False
896,66,Substation,' ',38.55499099,-121.345313,WEST SACRAMENTO,pge,38.58949498136971,-121.54527027674682,17.801586582688365,False
897,66,Substation,' ',38.54377998,-121.332252,WEST SACRAMENTO,pge,38.58949498136971,-121.54527027674682,19.205066579985818,False
898,66,Substation,' ',38.43394431,-121.297585,DEEPWATER,pge,38.55140495900723,-121.55981764661082,26.29541783743536,False
899,66,Substation,' ',38.67909104,-121.2633096,HORSESHOE,pge,38.74422432366909,-121.16136710564363,11.43196138880383,False
900,66,Substation,' ',38.657677,-121.383646,WEST SACRAMENTO,pge,38.58949498136971,-121.54527027674682,15.95683397192315,False
901,66,Substation,' ',38.555329,-121.322051,WEST SACRAMENTO,pge,38.58949498136971,-121.54527027674682,19.773835966353335,False
902,66,Substation,' ',38.49399301,-121.535149,DEEPWATER,pge,38.55140495900723,-121.55981764661082,6.734974933982594,False
903,66,Substation,' ',38.65047402,-121.225759,HORSESHOE,pge,38.74422432366909,-121.16136710564363,11.827873046970062,False
904,66,Substation,' ',38.29464944,-121.2454065,COLONY,pge,38.19050048956095,-121.18105263498548,12.872526786217547,False
905,66,Substation,' ',38.29952145,-121.5175743,NEW HOPE,pge,38.226101912543534,-121.47310289510555,9.040150275268907,False
906,66,Substation,' ',38.36795136,-121.5103977,NEW HOPE,pge,38.226101912543534,-121.47310289510555,16.105215872834453,False
907,230,Substation,' ',38.53282983,-121.3974341,DEEPWATER,pge,38.55140495900723,-121.55981764661082,14.272920724172954,False
908,66,Substation,' ',38.722573,-121.308793,ROCKLIN,pge,38.7878362079499,-121.2316984669296,9.866789590530418,False
909,66,Substation,' ',38.64303501,-121.160789,CLARKSVILLE,pge,38.6556481194856,-121.05997890956418,8.866115898102416,False
910,66,Substation,' ',38.5066606,-121.2436877,CLARKSVILLE,pge,38.6556481194856,-121.05997890956418,23.00983764786424,False
911,66,Substation,' ',38.66540149,-121.290864,HORSESHOE,pge,38.74422432366909,-121.16136710564363,14.250943859298326,False
912,66,Substation,' ',38.62235601,-121.426218,WEST SACRAMENTO,pge,38.58949498136971,-121.54527027674682,10.971277699930832,False
913,66,Substation,' ',38.65262999,-121.259935,HORSESHOE,pge,38.74422432366909,-121.16136710564363,13.300369266835066,False
914,66,Substation,' ',38.61341999,-121.336147,WEST SACRAMENTO,pge,38.58949498136971,-121.54527027674682,18.366366246958727,False
915,66,Substation,' ',38.48077985,-121.3915248,DEEPWATER,pge,38.55140495900723,-121.55981764661082,16.61498192414717,False
916,66,Substation,' ',38.55391702,-121.391103,WEST SACRAMENTO,pge,38.58949498136971,-121.54527027674682,13.974259597191555,False
917,66,Substation,' ',38.32372022,-121.445282,NEW HOPE,pge,38.226101912543534,-121.47310289510555,11.123023140427014,False
918,66,Substation,' ',38.6823983,-121.1714546,HORSESHOE,pge,38.74422432366909,-121.16136710564363,6.930229261207034,False
919,66,Substation,' ',38.26589605,-121.309889,COLONY,pge,38.19050048956095,-121.18105263498548,14.033261253579846,False
920,66,Substation,' ',38.494742,-121.101957,CLARKSVILLE,pge,38.6556481194856,-121.05997890956418,18.260293624699255,False
921,66,Substation,' ',38.6307372,-121.4319995,WEST SACRAMENTO,pge,38.58949498136971,-121.54527027674682,10.857948217635295,False
922,66,Substation,' ',38.47544016,-121.442723,DEEPWATER,pge,38.55140495900723,-121.55981764661082,13.234188156298833,False
923,66,Substation,' ',38.663934,-121.241578,HORSESHOE,pge,38.74422432366909,-121.16136710564363,11.3204541696272,False
924,66,Substation,' ',38.55434672,-121.3738507,WEST SACRAMENTO,pge,38.58949498136971,-121.54527027674682,15.40635109683093,False
925,66,Substation,' ',38.53501886,-121.3446297,WEST SACRAMENTO,pge,38.58949498136971,-121.54527027674682,18.466798716393914,False
926,66,Substation,' ',38.67844574,-121.3923717,WEST SACRAMENTO,pge,38.58949498136971,-121.54527027674682,16.559225509395148,False
927,66,Substation,' ',38.65827499,-121.384761,WEST SACRAMENTO,pge,38.58949498136971,-121.54527027674682,15.90348784326898,False
928,66,Substation,' ',38.48167205,-121.5059655,DEEPWATER,pge,38.55140495900723,-121.55981764661082,9.059537385096428,False
929,66,Substation,' ',38.48299298,-121.466524,DEEPWATER,pge,38.55140495900723,-121.55981764661082,11.12419338138516,False
930,66,Substation,' ',38.56339257,-121.4645509,WEST SACRAMENTO,pge,38.58949498136971,-121.54527027674682,7.593497352132173,False
931,66,Substation,' ',38.460453,-121.383925,DEEPWATER,pge,38.55140495900723,-121.55981764661082,18.344813013231956,False
932,66,Substation,' ',38.65454126,-121.3572721,WEST SACRAMENTO,pge,38.58949498136971,-121.54527027674682,17.862122906711228,False
933,66,Substation,' ',38.58118102,-121.402206,WEST SACRAMENTO,pge,38.58949498136971,-121.54527027674682,12.469299919620825,False
934,66,Substation,' ',38.65600647,-121.3361466,ROCKLIN,pge,38.7878362079499,-121.2316984669296,17.233280272146136,False
935,66,Substation,' ',38.645953,-121.385328,WEST SACRAMENTO,pge,38.58949498136971,-121.54527027674682,15.248033360002122,False
936,66,Substation,' ',38.684985,-121.266373,HORSESHOE,pge,38.74422432366909,-121.16136710564363,11.242417754030427,False
937,66,Substation,' ',38.66831022,-121.3324973,ROCKLIN,pge,38.7878362079499,-121.2316984669296,15.909040908050336,False
938,66,Substation,' ',38.6708833,-121.315493,ROCKLIN,pge,38.7878362079499,-121.2316984669296,14.898077506987251,False
939,66,Substation,' ',38.49382328,-121.4526031,DEEPWATER,pge,38.55140495900723,-121.55981764661082,11.313288587983575,False
940,66,Substation,' ',38.61647671,-121.4659406,WEST SACRAMENTO,pge,38.58949498136971,-121.54527027674682,7.518139276262924,False
941,66,Substation,' ',38.66000402,-121.450324,WEST SACRAMENTO,pge,38.58949498136971,-121.54527027674682,11.379826621643863,False
942,66,Substation,' ',38.48964399,-121.4700357,DEEPWATER,pge,38.55140495900723,-121.55981764661082,10.400526516576814,False
943,66,Substation,' ',38.70549859,-121.2994095,ROCKLIN,pge,38.7878362079499,-121.2316984669296,10.876829787749056,False
944,66,Substation,' ',38.47552604,-121.4090741,DEEPWATER,pge,38.55140495900723,-121.55981764661082,15.595086161631526,False
945,66,Substation,' ',38.68959453,-121.5774523,WEST SACRAMENTO,pge,38.58949498136971,-121.54527027674682,11.47615158742087,False
946,66,Substation,' ',38.62642602,-121.207876,CLARKSVILLE,pge,38.6556481194856,-121.05997890956418,13.249680797418758,False
947,66,Substation,' ',38.65551299,-121.168275,CLARKSVILLE,pge,38.6556481194856,-121.05997890956418,9.403769833159618,False
948,66,Substation,' ',38.52910927,-121.4014035,DEEPWATER,pge,38.55140495900723,-121.55981764661082,13.999087647665872,False
949,66,Substation,' ',38.69715799,-121.384057,PLEASANT GROVE,pge,38.82203193935343,-121.30628841171048,15.436080716857681,False
950,66,Substation,' ',38.49512942,-121.3973087,DEEPWATER,pge,38.55140495900723,-121.55981764661082,15.460270263991376,False
951,66,Substation,' ',38.49403387,-121.4309711,DEEPWATER,pge,38.55140495900723,-121.55981764661082,12.897170711335004,False
952,66,Substation,' ',38.69036602,-121.4564702,WEST SACRAMENTO,pge,38.58949498136971,-121.54527027674682,13.612109714898036,False
953,66,Substation,' ',38.62105302,-121.329314,WEST SACRAMENTO,pge,38.58949498136971,-121.54527027674682,19.090733170687542,False
954,66,Substation,' ',38.60577299,-121.427436,WEST SACRAMENTO,pge,38.58949498136971,-121.54527027674682,10.399003383041,False
955,66,Substation,' ',38.52106626,-121.5136062,DEEPWATER,pge,38.55140495900723,-121.55981764661082,5.247482332731372,False
956,66,Substation,' ',38.66579466,-121.1321368,CLARKSVILLE,pge,38.6556481194856,-121.05997890956418,6.3660678432149576,False
957,66,Substation,' ',38.44850889,-121.4603661,DEEPWATER,pge,38.55140495900723,-121.55981764661082,14.346024351418642,False
958,66,Substation,' ',38.53000321,-121.398755,DEEPWATER,pge,38.55140495900723,-121.55981764661082,14.20878257366442,False
959,66,Substation,' ',38.68203052,-121.28114,HORSESHOE,pge,38.74422432366909,-121.16136710564363,12.482749961195553,False
960,66,Substation,' ',38.41917101,-121.418343,DEEPWATER,pge,38.55140495900723,-121.55981764661082,19.178965418118594,False
961,66,Substation,' ',38.67963516,-121.3369695,ROCKLIN,pge,38.7878362079499,-121.2316984669296,15.104027806652764,False
962,230,Substation,' ',38.57201028,-121.5005099,WEST SACRAMENTO,pge,38.58949498136971,-121.54527027674682,4.349487164531732,False
963,66,Substation,' ',38.47019573,-121.4196496,DEEPWATER,pge,38.55140495900723,-121.55981764661082,15.175023220644261,False
964,66,Substation,' ',38.4403566,-121.4044819,DEEPWATER,pge,38.55140495900723,-121.55981764661082,18.30903136026166,False
965,66,Substation,' ',38.60190602,-121.263944,HORSESHOE,pge,38.74422432366909,-121.16136710564363,18.15850240285714,False
966,66,Substation,' ',38.70823427,-121.270772,ROCKLIN,pge,38.7878362079499,-121.2316984669296,9.477770064259637,False
967,66,Substation,' ',38.66460565,-121.2491826,HORSESHOE,pge,38.74422432366909,-121.16136710564363,11.680995919241647,False
968,66,Substation,' ',38.63533012,-121.2594872,HORSESHOE,pge,38.74422432366909,-121.16136710564363,14.803334876190885,False
969,66,Substation,' ',38.69272648,-121.2907574,ROCKLIN,pge,38.7878362079499,-121.2316984669296,11.75087936403813,False
970,66,Substation,' ',38.54679563,-121.3811452,WEST SACRAMENTO,pge,38.58949498136971,-121.54527027674682,15.03817595459678,False
971,66,Substation,' ',38.59681517,-121.2430345,CLARKSVILLE,pge,38.6556481194856,-121.05997890956418,17.194989332359103,False
972,66,Substation,' ',38.623209,-121.474566,WEST SACRAMENTO,pge,38.58949498136971,-121.54527027674682,7.197166275682977,False
973,66,Substation,' ',38.62012007,-121.4982792,WEST SACRAMENTO,pge,38.58949498136971,-121.54527027674682,5.3169355064936505,False
974,66,Substation,' ',38.29124352,-121.3145568,NEW HOPE,pge,38.226101912543534,-121.47310289510555,15.623656789132554,False
975,66,Substation,' ',38.27720009,-121.5158684,NEW HOPE,pge,38.226101912543534,-121.47310289510555,6.799175820294171,False
976,66,Substation,' ',38.66824147,-121.2030871,HORSESHOE,pge,38.74422432366909,-121.16136710564363,9.191814948689517,False
977,66,Substation,' ',38.61363946,-121.5206515,WEST SACRAMENTO,pge,38.58949498136971,-121.54527027674682,3.432881599045246,False
978,66,Substation,' ',38.70829575,-121.2441546,HORSESHOE,pge,38.74422432366909,-121.16136710564363,8.21807403303803,False
979,66,Substation,' ',38.70588701,-121.3628,PLEASANT GROVE,pge,38.82203193935343,-121.30628841171048,13.812929513465969,False
980,66,Substation,' ',38.69719299,-121.364113,PLEASANT GROVE,pge,38.82203193935343,-121.30628841171048,14.75917676291029,False
981,66,Substation,' ',38.63087111,-121.3453459,WEST SACRAMENTO,pge,38.58949498136971,-121.54527027674682,17.970125972276307,False
982,66,Substation,' ',38.39015152,-121.3531655,NEW HOPE,pge,38.226101912543534,-121.47310289510555,21.030133922993606,False
983,66,Substation,' ',38.58611399,-121.307722,WEST SACRAMENTO,pge,38.58949498136971,-121.54527027674682,20.650133202556113,False
984,66,Substation,' ',38.589224,-121.267876,CLARKSVILLE,pge,38.6556481194856,-121.05997890956418,19.51274042046338,False
985,66,Substation,' ',38.64518797,-121.27614,HORSESHOE,pge,38.74422432366909,-121.16136710564363,14.84881970383925,False
986,66,Substation,' ',36.90630302,-121.6277027,SAN BENITO,pge,36.86860625244168,-121.54942913233612,8.1258800440666,False
987,66,Substation,' ',36.85686674,-121.5119869,SAN JUSTO,pge,36.85649197045642,-121.51264396321426,0.07179235190256456,True
988,230,Substation,' ',34.84485419,-114.9662705,Landing,sce,34.47907908248404,-114.4167265401381,64.65618839147501,False
989,66,Substation,' ',34.05100152,-117.2626686,Timoteo,sce,34.062377610723054,-117.24403188200333,2.132554766293109,False
990,66,Substation,' ',34.13546122,-117.4092334,Alder,sce,34.13536355569119,-117.40896380206628,0.027085539518382547,True
991,66,Substation,' ',34.09299679,-117.5333557,Etiwanda,sce,34.0874063550556,-117.52566069325276,0.9426277616939973,True
992,115,Substation,' ',34.44908567,-117.2243526,Apple Valley,sce,34.44832304690117,-117.2235414064831,0.11279959796430586,True
993,115,Substation,' ',34.41536392,-117.3557833,Aqueduct,sce,34.415639000690206,-117.35595999917751,0.034616864615406334,True
994,66,Substation,' ',33.99775834,-117.592678,Archibald,sce,33.997768456231,-117.59266187137268,0.0018644227866300197,True
995,66,Substation,' ',34.12100557,-117.5841222,Archline,sce,34.12086929458526,-117.58409269968844,0.015394543999943599,True
996,66,Substation,' ',34.14225412,-117.2901281,Arro,sce,34.14197143239767,-117.28996172243762,0.034964420067033555,True
997,66,Substation,' ',34.049227,-117.400217,Bloomington,sce,34.04917000383533,-117.3985330021639,0.15527837766058597,True
998,115,Substation,' ',34.09303476,-117.3171676,Calectric,sce,34.09320376455966,-117.3168459956363,0.03507383531641656,True
999,66,Substation,' ',34.08959165,-117.2610465,Cardiff,sce,34.102652997705654,-117.27742000393738,2.0934250637728775,False
1000,66,Substation,' ',34.102305,-117.277863,Cardiff,sce,34.102652997705654,-117.27742000393738,0.05622296445914177,True
1001,66,Substation,' ',33.98971965,-117.6886239,Chino,sce,33.99800099876217,-117.67945500552317,1.2499899080893706,True
1002,66,Substation,' ',34.08426138,-117.5927555,Cucamonga,sce,34.08395434683573,-117.59268522261728,0.034748577770705696,True
1003,66,Substation,' ',34.07789452,-117.4880782,Declez,sce,34.07838299868792,-117.48664800366758,0.14248040973751877,True
1004,66,Substation,' ',34.149932,-117.251707,Del Rosa,sce,34.15048200034294,-117.2517030051407,0.061158352627205766,True
1005,115,Substation,' ',34.20602784,-117.3351194,Shandin,sce,34.16994214942746,-117.33110163065926,4.029527811318289,False
1006,66,Substation,' ',34.04181302,-117.623414,Firehouse,sce,34.04225255129872,-117.62248279227188,0.09874405784594585,True
1007,66,Substation,' ',34.04205824,-117.7230212,Francis,sce,34.04176760572311,-117.7227327721905,0.04184077838423176,True
1008,66,Substation,' ',34.08378134,-117.4926085,Declez,sce,34.07838299868792,-117.48664800366758,0.8134243349969773,True
1009,66,Substation,' ',34.079955,-117.493451,Declez,sce,34.07838299868792,-117.48664800366758,0.6504739836557717,True
1010,66,Substation,' ',34.09135901,-117.566609,Genamic,sce,34.090687084227305,-117.56578692312048,0.10636274957370302,True
1011,66,Substation,' ',34.35461599,-114.2612991,Havasu,sce,34.35454456774613,-114.26128224722392,0.008091071782558005,True
1012,115,Substation,' ',34.41278889,-117.2898222,Hesperia,sce,34.41277900052249,-117.28962499575006,0.018123808275370853,True
1013,115,Substation,' ',34.13644282,-116.1806786,Hi Desert,sce,34.13681460960203,-116.18062191095066,0.04166905024551692,True
1014,66,Substation,' ',34.10791101,-117.186797,Highland,sce,34.107628999650004,-117.18755599934724,0.0765927326238956,True
1015,66,Substation,' ',34.06297519,-117.5290494,Wimbledon,sce,34.04876699907538,-117.52602400147798,1.6042746932172443,True
1016,66,Substation,' ',34.04389897,-117.5413393,Wimbledon,sce,34.04876699907538,-117.52602400147798,1.5113289574066713,True
1017,66,Substation,' ',34.47871451,-114.4169599,Landing,sce,34.47907908248404,-114.4167265401381,0.04583578718109657,True
1018,66,Substation,' ',34.06666802,-117.5215658,Wimbledon,sce,34.04876699907538,-117.52602400147798,2.0324307019884946,False
1019,115,Substation,' ',35.76518459,-117.3864132,Trona,sce,35.77288627156985,-117.37016716637036,1.6975835564506467,True
1020,115,Substation,' ',34.0633109,-117.1207692,Mentone,sce,34.063709998169614,-117.11914899772498,0.15570424615717388,True
1021,66,Substation,' ',34.04688623,-117.6749861,Narod,sce,34.04776037427393,-117.67554192030468,0.10986511312162096,True
1022,66,Substation,' ',34.05626401,-117.6435967,Ontario,sce,34.05654799622731,-117.645749003213,0.20077654029090294,True
1023,115,Substation,' ',34.10192228,-117.3535111,Pepper,sce,34.102737060728806,-117.3542788797898,0.11491587181031726,True
1024,66,Substation,' ',33.996246,-117.733345,Peyton,sce,33.99551357968687,-117.73535806571996,0.20266661596921606,True
1025,115,Substation,' ',34.42411111,-117.555725,Phelan,sce,34.42508418296938,-117.5567109231738,0.14101435788799685,True
1026,66,Substation,' ',34.09293314,-117.5313242,Etiwanda,sce,34.0874063550556,-117.52566069325276,0.806021216313164,True
1027,230,Substation,' ',34.78158159,-116.3847321,Cady,sce,34.8390113539395,-116.66239286066762,26.141348858509534,False
1028,66,Substation,' ',34.11371501,-117.45412,Randall,sce,34.11372910596103,-117.45481186020444,0.063712746337321,True
1029,66,Substation,' ',34.10092769,-117.5305121,Etiwanda,sce,34.0874063550556,-117.52566069325276,1.5684677264178346,True
1030,115,Substation,' ',34.57613889,-117.4131611,Roadway,sce,34.57597041904508,-117.4122559950478,0.08495790330276144,True
1031,66,Substation,' ',34.0829,-117.506054,Declez,sce,34.07838299868792,-117.48664800366758,1.8564724037531886,True
1032,66,Substation,' ',34.09297352,-117.6975826,San Antonio,sce,34.09336562452708,-117.69790411356152,0.05270184558840597,True
1033,115,Substation,' ',34.47410279,-117.2943238,Savage,sce,34.472798199734534,-117.2935258989958,0.1624599697018009,True
1034,115,Substation,' ',34.16998056,-117.3302444,Shandin,sce,34.16994214942746,-117.33110163065926,0.07898071910311188,True
1035,66,Substation,' ',33.96403334,-117.6953973,Soquel,sce,33.96468399845458,-117.69453800145904,0.10730643504521606,True
1036,66,Substation,' ',34.10043039,-117.2927014,Stoddard,sce,34.09969444150969,-117.29255556004196,0.0829281722264691,True
1037,66,Substation,' ',34.07700769,-117.5007479,Declez,sce,34.07838299868792,-117.48664800366758,1.3075792289886672,True
1038,115,Substation,' ',34.02718056,-117.1112667,Tennessee,sce,34.02788977886522,-117.11081863473538,0.08901753864980369,True
1039,66,Substation,' ',34.86323332,-117.0309806,Tortilla,sce,34.86459543703928,-117.03035745997872,0.1617794198620715,True
1040,66,Substation,' ',34.093625,-117.650043,Upland,sce,34.09358500389584,-117.65009700275988,0.006671370571864031,True
1041,66,Substation,' ',34.04854595,-117.5249344,Wimbledon,sce,34.04876699907538,-117.52602400147798,0.10335241626345651,True
1042,115,Substation,' ',34.07434697,-117.047645,Zanja,sce,34.0771012471024,-117.0482596650986,0.3114500498891538,True
1043,115,Substation,' ',33.10049167,-116.1153639,BORREGO,sdge,33.242891548049656,-116.34638794455222,26.703367519581228,False
1044,66,Substation,' ',32.82773264,-116.7898943,ALPINE,sdge,32.83888956328325,-116.7726717306921,2.0318425036120047,False
1045,66,Substation,' ',33.13668611,-117.0703361,ASH,sdge,33.15561669691165,-117.064835218363,2.16639064092914,False
1046,66,Substation,' ',33.38465278,-117.2368917,AVOCADO,sdge,33.415534714356774,-117.24519473718068,3.5193558572914125,False
1047,66,Substation,' ',32.65348001,-116.679885,BARRETT,sdge,32.659659096658075,-116.70118598909106,2.109188592229276,False
1048,230,Substation,' ',33.10114166,-117.2504194,BATIQUITOS,sdge,33.091670083710525,-117.24282602229248,1.268684146186445,True
1049,66,Substation,' ',33.02151944,-117.0963,BERNARDO,sdge,33.02429406155207,-117.08162576831958,1.4024599908298563,True
1050,66,Substation,' ',32.56260275,-116.9431646,BORDER,sdge,32.56861917203075,-116.9407818041129,0.7052778710346861,True
1051,66,Substation,' ',33.27086111,-116.3482139,BORREGO,sdge,33.242891548049656,-116.34638794455222,3.1147043159031846,False
1052,66,Substation,' ',33.00599188,-116.5862104,SANTA YSABEL,sdge,33.05956694586109,-116.58662963742296,5.957403712341683,False
1053,66,Substation,' ',32.66173953,-116.2732725,BOULEVARD EAST,sdge,32.658400194287246,-116.26859395520212,0.5741940520838952,True
1054,66,Substation,' ',32.70748299,-117.245054,CABRILLO,sdge,32.715978473390244,-117.23990304016904,1.0604810818903572,True
1055,66,Substation,' ',32.65325187,-116.488157,CAMERON,sdge,32.64087862662459,-116.5012543399666,1.8430062296112941,True
1056,115,Substation,' ',33.13739001,-117.332713,CANNON,sdge,33.136804347563746,-117.31487812370123,1.66189487212834,True
1057,115,Substation,' ',32.85492699,-117.0120254,CARLTON HILLS,sdge,32.84816023573025,-117.00216066109306,1.1896608690992245,True
1058,115,Substation,' ',32.95836111,-117.1088083,CHICARITA,sdge,32.95989470441887,-117.1119613624112,0.3400299702093074,True
1059,66,Substation,' ',32.74376949,-117.0467861,CHOLLAS WEST,sdge,32.7333877734591,-117.04860433615758,1.1668534812219682,True
1060,66,Substation,' ',32.8259013,-117.1839957,CLAIREMONT,sdge,32.82923686234866,-117.18779641483354,0.5135002628910911,True
1061,115,Substation,' ',33.01815277,-116.8529417,CREELMAN,sdge,33.03990750569763,-116.85070347566102,2.4279987900810243,False
1062,66,Substation,' ',32.98069444,-117.2553722,DEL MAR,sdge,32.983129207248275,-117.23235769491863,2.1636833541296503,False
1063,66,Substation,' ',32.86525136,-116.6337687,DESCANSO,sdge,32.88714613913314,-116.61704243827413,2.8925921041547644,False
1064,66,Substation,' ',32.681563,-117.120109,SAMPSON,sdge,32.69878935180088,-117.12035389454664,1.915620019123214,True
1065,66,Substation,' ',32.90154502,-117.22992,TORREY PINES,sdge,32.90838006172779,-117.2314708130261,0.7736886159035604,True
1066,66,Substation,' ',33.05067224,-117.2853194,ENCINITAS,sdge,33.05072997744321,-117.26294233953982,2.0856030481775383,False
1067,66,Substation,' ',33.11580789,-117.0890752,ESCO,sdge,33.120609601909536,-117.08670241957644,0.577848280730399,True
1068,230,Substation,' ',32.77171299,-117.164406,FRIARS,sdge,32.77367296521225,-117.15717030496512,0.7107431717153716,True
1069,66,Substation,' ',33.0932544,-117.0736853,ESCO,sdge,33.120609601909536,-117.08670241957644,3.2744979403373446,False
1070,66,Substation,' ',32.89497223,-117.1563222,MESA RIM,sdge,32.90870614059554,-117.17311664454462,2.1887297341431315,False
1071,66,Substation,' ',32.65520139,-117.1153578,SWEETWATER,sdge,32.66304022706597,-117.08617832421304,2.8673199608116375,False
1072,66,Substation,' ',32.82811905,-117.136126,KEARNY WEST,sdge,32.82920357991212,-117.12974040131913,0.6087138423926307,True
1073,66,Substation,' ',32.87960999,-117.21362,GENESEE,sdge,32.87698011329068,-117.22411501059366,1.0227664640600573,True
1074,66,Substation,' ',32.79833889,-116.4983278,GLENCLIFF,sdge,32.78060443383661,-116.48025970189362,2.596404835775158,False
1075,66,Substation,' ',32.80440834,-116.9208861,GRANITE,sdge,32.80452120677965,-116.89606021269968,2.3203121991579385,False
1076,66,Substation,' ',33.37825236,-117.457539,SAN MATEO,sdge,33.397185866986,-117.5390507183337,7.8552529450403,False
1077,66,Substation,' ',32.58336664,-117.0972389,IMPERIAL BEACH,sdge,32.5816007635523,-117.09349154589287,0.4022838160317667,True
1078,66,Substation,' ',32.74416116,-116.9573083,SPRING VALLEY,sdge,32.738235386404725,-116.99792090582828,3.8551641037339985,False
1079,66,Substation,' ',33.37430389,-117.5547883,SAN MATEO,sdge,33.397185866986,-117.5390507183337,2.934074303784071,False
1080,66,Substation,' ',32.83287778,-117.1319611,KEARNY WEST,sdge,32.82920357991212,-117.12974040131913,0.4582212831418072,True
1081,66,Substation,' ',32.73318101,-117.173771,KETTNER,sdge,32.7330986044989,-117.1790013900778,0.4893206335872107,True
1082,66,Substation,' ',32.84011391,-117.2752889,LA JOLLA,sdge,32.83583436821345,-117.2654177968084,1.0377600496492123,True
1083,66,Substation,' ',33.31285,-117.4669222,LAS PULGAS,sdge,33.29347587780361,-117.4374611708617,3.483865774046841,False
1084,66,Substation,' ',33.25324444,-117.0858528,LILAC,sdge,33.26044098270347,-117.11632252669082,2.9440225896809133,False
1085,66,Substation,' ',33.2065,-117.2529028,MELROSE,sdge,33.21795967793746,-117.24347456782957,1.5469545759161893,True
1086,66,Substation,' ',32.82961391,-117.1572528,MESA HEIGHTS,sdge,32.82976449977673,-117.15315410109336,0.38332995365461486,True
1087,230,Substation,' ',32.90491833,-117.1731498,MESA RIM,sdge,32.90870614059554,-117.17311664454462,0.42119669416833877,True
1088,66,Substation,' ',32.89420147,-117.1355055,MESA RIM,sdge,32.90870614059554,-117.17311664454462,3.8640676914832577,False
1089,66,Substation,' ',33.32911388,-117.2352528,MONSERATE,sdge,33.31375666681493,-117.22118158564628,2.150674871297861,False
1090,66,Substation,' ',32.63166669,-117.0996723,MONTGOMERY,sdge,32.637441800556644,-117.0887467245474,1.2079129633814591,True
1091,66,Substation,' ',33.25221389,-117.3003,MORRO HILL,sdge,33.26928902717341,-117.28747342673702,2.242153477619044,False
1092,66,Substation,' ',32.79085555,-117.02305,MURRAY,sdge,32.78917720867769,-117.03001783829848,0.677542976922639,True
1093,66,Substation,' ',32.67309101,-117.107385,SWEETWATER,sdge,32.66304022706597,-117.08617832421304,2.2780396266695138,False
1094,66,Substation,' ',33.19678962,-117.3818318,OCEANSIDE,sdge,33.200337413405535,-117.36870179532734,1.2838021341864776,True
1095,66,Substation,' ',32.59534999,-117.057828,OTAY,sdge,32.60119033314478,-117.0435390484847,1.4877819027388115,True
1096,66,Substation,' ',32.59710005,-116.9276917,BORDER,sdge,32.56861917203075,-116.9407818041129,3.396125116025262,False
1097,66,Substation,' ',32.799202,-117.2402,PACIFIC BEACH,sdge,32.80095287142043,-117.23580670163116,0.4544424030474714,True
1098,66,Substation,' ',33.35572399,-117.1122384,PALA,sdge,33.36336800868008,-117.12970972683,1.831774101360236,True
1099,66,Substation,' ',32.70448899,-117.049995,PARADISE,sdge,32.69780480948839,-117.05558332585034,0.9087591375229038,True
1100,66,Substation,' ',33.30916945,-117.3350361,MORRO HILL,sdge,33.26928902717341,-117.28747342673702,6.261723582454675,False
1101,66,Substation,' ',32.74148888,-117.2334,POINT LOMA,sdge,32.743550841479994,-117.2282620623224,0.5324326437082427,True
1102,66,Substation,' ',32.97875278,-117.0312833,POWAY,sdge,33.0077665025613,-117.00619987748352,3.985074177519675,False
1103,230,Substation,' ',32.66511502,-116.986682,PROCTOR VALLEY,sdge,32.66372460308665,-116.97978499873456,0.6638753956941911,True
1104,66,Substation,' ',32.993825,-117.0779056,RANCHO CARMEL,sdge,32.996021964454,-117.08057160508204,0.3485650917729573,True
1105,66,Substation,' ',33.01432222,-117.1985694,RANCHO SANTA FE,sdge,33.031504620284,-117.19674022140636,1.9181916181580883,True
1106,66,Substation,' ',33.28585277,-116.9586528,RINCON,sdge,33.3314977237953,-116.95942186686835,5.075990435875054,False
1107,66,Substation,' ',32.84455,-117.2370528,ROSE CANYON,sdge,32.83771123608502,-117.23420710069304,0.8055691351142308,True
1108,66,Substation,' ',32.69439301,-117.142389,SAMPSON,sdge,32.69878935180088,-117.12035389454664,2.119098553487379,False
1109,66,Substation,' ',33.12880001,-117.1972333,SAN MARCOS,sdge,33.146046529695575,-117.17354825130366,2.922520375328096,False
1110,66,Substation,' ',32.56217,-117.026761,SAN YSIDRO,sdge,32.57161744273628,-117.01748081302864,1.3637697102475397,True
1111,66,Substation,' ',33.11050944,-116.6710459,SANTA YSABEL,sdge,33.05956694586109,-116.58662963742296,9.692310711272953,False
1112,66,Substation,' ',32.85443801,-116.968369,SANTEE,sdge,32.85787851830011,-116.96354154047636,0.591344170946593,True
1113,66,Substation,' ',32.67037102,-117.114654,SWEETWATER,sdge,32.66304022706597,-117.08617832421304,2.7873675253534302,False
1114,66,Substation,' ',32.91098058,-117.1125945,SCRIPPS,sdge,32.917728946481574,-117.1044944697442,1.06525857266958,True
1115,66,Substation,' ',32.73897899,-117.002741,SPRING VALLEY,sdge,32.738235386404725,-116.99792090582828,0.45834909586847666,True
1116,66,Substation,' ',32.71415112,-117.1695014,STATION B,sdge,32.71544232812692,-117.16590840305273,0.3655255665212881,True
1117,66,Substation,' ',32.75496001,-117.12596,STATION F,sdge,32.755025169261486,-117.1243682212622,0.14902987200990137,True
1118,66,Substation,' ',32.745658,-117.078598,STREAMVIEW,sdge,32.75913215934833,-117.07830335058776,1.4985115195246752,True
1119,66,Substation,' ',33.25671667,-117.416575,STUART,sdge,33.24049871074563,-117.40653089412962,2.0308839201706106,False
1120,66,Substation,' ',32.65802001,-117.030314,SUNNYSIDE,sdge,32.66621208946227,-117.0379402035208,1.157334845159131,True
1121,66,Substation,' ',32.65832702,-117.091735,SWEETWATER,sdge,32.66304022706597,-117.08617832421304,0.7384094949526228,True
1122,66,Substation,' ',32.89869101,-117.240009,TORREY PINES,sdge,32.90838006172779,-117.2314708130261,1.3401907248062306,True
1123,66,Substation,' ',32.7132472,-117.1514583,URBAN,sdge,32.719899279991296,-117.15312960394763,0.7560228965387328,True
1124,66,Substation,' ',32.730044,-117.110966,WABASH CANYON,sdge,32.72991109316187,-117.09755129532914,1.2549023453846966,True
1125,66,Substation,' ',33.24728884,-116.6759305,WARNERS,sdge,33.28849837496445,-116.6741364752788,4.585325822591594,False
1126,66,Substation,' ',33.01541111,-117.0023194,POWAY,sdge,33.0077665025613,-117.00619987748352,0.9238460669376193,True
1127,115,Substation,' ',37.69167955,-122.4559379,DALY CITY,pge,37.69202059210078,-122.45565658797352,0.04528552781285885,True
1128,230,Substation,' ',37.78753484,-122.3934471,SF X (MISSION),pge,37.77752693688508,-122.41435930467767,2.14846893871714,False
1129,115,Substation,' ',37.78365957,-122.4170094,SF X (MISSION),pge,37.77752693688508,-122.41435930467767,0.7205934913302026,True
1130,115,Substation,' ',37.77735298,-122.4138229,SF X (MISSION),pge,37.77752693688508,-122.41435930467767,0.05095755191319127,True
1131,115,Substation,' ',37.65340549,-121.5268002,LAMMERS,pge,37.71280029392499,-121.47875326631689,7.841889323205653,False
1132,66,Substation,' ',37.70515812,-121.3193468,TRACY,pge,37.74813194950613,-121.41575105836796,9.732443553484424,False
1133,115,Substation,' ',37.72176524,-121.5487876,LAMMERS,pge,37.71280029392499,-121.47875326631689,6.240322393332692,False
1134,66,Substation,' ',37.80950607,-121.2831109,VIERRA,pge,37.79819570487165,-121.2743535358029,1.4743343304405814,True
1135,115,Substation,' ',37.7407682,-121.4122755,TRACY,pge,37.74813194950613,-121.41575105836796,0.8739802816328173,True
1136,115,Substation,' ',37.84226199,-121.054125,AVENA,pge,37.84274975923836,-121.05412253622625,0.05423789616333704,True
1137,115,Substation,' ',37.752922,-121.350604,TRACY,pge,37.74813194950613,-121.41575105836796,5.752443695799952,False
1138,66,Substation,' ',37.74748343,-121.326734,VIERRA,pge,37.79819570487165,-121.2743535358029,7.279674136898389,False
1139,115,Substation,' ',37.69223945,-121.4166814,LAMMERS,pge,37.71280029392499,-121.47875326631689,5.920170316353521,False
1140,66,Substation,' ',37.955259,-121.332594,CHANNEL,pge,37.95540129864133,-121.33245614324008,0.01991113399723254,True
1141,66,Substation,' ',38.00551199,-121.238009,CHEROKEE,pge,38.00576000998228,-121.23810008766183,0.028710092762028083,True
1142,66,Substation,' ',38.19022444,-121.1818846,COLONY,pge,38.19050048956095,-121.18105263498548,0.07892318500839957,True
1143,66,Substation,' ',37.97921029,-121.316392,COUNTRY CLUB,pge,37.97960932789654,-121.31570780413264,0.07459855168683102,True
1144,66,Substation,' ',37.96293399,-121.261635,EAST STOCKTON,pge,37.96312284092296,-121.26093352398566,0.06498276542372138,True
1145,66,Substation,' ',37.88208899,-121.290364,FRENCH CAMP,pge,37.881897863897066,-121.29042050604268,0.02182319102728924,True
1146,66,Substation,' ',37.83082516,-121.2636809,VIERRA,pge,37.79819570487165,-121.2743535358029,3.7474001853225616,False
1147,66,Substation,' ',38.02160701,-121.320379,HAMMER,pge,38.02161846146168,-121.3204489914979,0.006261876282747938,True
1148,66,Substation,' ',37.96372899,-121.290389,HARDING,pge,37.96361485228802,-121.29066673738885,0.027457399741986663,True
1149,115,Substation,' ',37.74881851,-121.4160218,TRACY,pge,37.74813194950613,-121.41575105836796,0.07996718825312998,True
1150,115,Substation,' ',37.74589043,-121.3411874,TRACY,pge,37.74813194950613,-121.41575105836796,6.560687565767289,False
1151,66,Substation,' ',37.938572,-121.329094,CHANNEL,pge,37.95540129864133,-121.33245614324008,1.894413008366028,True
1152,66,Substation,' ',37.75580975,-121.1465203,RIPON,pge,37.75576421896199,-121.14626329694828,0.02315439691648377,True
1153,66,Substation,' ',38.01698501,-121.095863,LINDEN,pge,38.0167719179122,-121.09611286247085,0.03225760077551547,True
1154,115,Substation,' ',37.72172801,-121.391948,TRACY,pge,37.74813194950613,-121.41575105836796,3.6057617530837307,False
1155,66,Substation,' ',37.99144843,-121.4788758,MIDDLE RIVER,pge,37.93681260482009,-121.52887983580312,7.49163770667367,False
1156,66,Substation,' ',38.07792237,-121.2869017,METTLER,pge,38.07824965745363,-121.28692033613773,0.03642924347792873,True
1157,66,Substation,' ',37.96937502,-121.280239,MONARCH,pge,37.969157660213625,-121.28024699494452,0.024179464328130944,True
1158,66,Substation,' ',37.96883799,-121.185983,MORMON,pge,37.96829976020206,-121.18544225637552,0.07634632598898049,True
1159,66,Substation,' ',38.02187,-121.280979,MOSHER,pge,38.02182537980966,-121.28076435779292,0.019445566398827212,True
1160,66,Substation,' ',37.94631912,-121.3285144,CHANNEL,pge,37.95540129864133,-121.33245614324008,1.0673958720532584,True
1161,66,Substation,' ',37.98051101,-121.298545,COUNTRY CLUB,pge,37.97960932789654,-121.31570780413264,1.5075993810467403,True
1162,115,Substation,' ',37.71339419,-121.487862,LAMMERS,pge,37.71280029392499,-121.47875326631689,0.8039619857768322,True
1163,66,Substation,' ',37.94339396,-121.3298474,CHANNEL,pge,37.95540129864133,-121.33245614324008,1.3546079192459632,True
1164,66,Substation,' ',37.80650699,-121.290899,VIERRA,pge,37.79819570487165,-121.2743535358029,1.7225615741242462,True
1165,66,Substation,' ',37.90818416,-121.271139,WEBER,pge,37.91977787523238,-121.24063827031146,2.9700609353439202,False
1166,66,Substation,' ',37.97851302,-121.27781,MONARCH,pge,37.969157660213625,-121.28024699494452,1.061974075506388,True
1167,66,Substation,' ',38.11646156,-121.4221819,TERMINOUS,pge,38.11711521592538,-121.42139866543384,0.09988898553854886,True
1168,115,Substation,' ',37.85642659,-120.9444262,VALLEY HOME,pge,37.85608548958504,-120.94440964637616,0.03795646874547591,True
1169,66,Substation,' ',38.14550601,-121.177581,VICTOR,pge,38.14519826927607,-121.1770973185347,0.05440609335793737,True
1170,66,Substation,' ',38.05163078,-121.2098926,WATERLOO,pge,38.05131599877336,-121.20945809220316,0.05169765222855768,True
1171,66,Substation,' ',37.99020651,-121.2836808,WEST LANE,pge,37.99058390947568,-121.2838089984723,0.04344271177037061,True
1172,66,Substation,' ',35.46547218,-120.6714417,ATASCADERO,pge,35.4651926369646,-120.6714179229173,0.031158266240185428,True
1173,66,Substation,' ',35.36124621,-120.8114339,BAYWOOD,pge,35.36100149108163,-120.8115828504644,0.030379390020376155,True
1174,115,Substation,' ',35.04694437,-120.5861056,OCEANO,pge,35.10171002130732,-120.58099919103158,6.10736717233462,False
1175,66,Substation,' ',35.60042605,-121.1153792,PERRY,pge,35.57121004522495,-121.0559169553722,6.28227645748041,False
1176,115,Substation,' ',35.38068154,-120.0401942,CARRIZO PLAINS,pge,35.381017002802906,-120.04015761995842,0.037448891680325065,True
1177,66,Substation,' ',35.4487033,-120.8703597,CAYUCOS,pge,35.44897550448366,-120.87040792910972,0.03058141713518444,True
1178,66,Substation,' ',35.68655,-120.3362306,CHOLAME,pge,35.68629650117082,-120.33615099258384,0.029090264680092327,True
1179,115,Substation,' ',35.28670653,-120.7059138,FOOTHILL,pge,35.28648919476478,-120.7062571845936,0.03943897068592105,True
1180,66,Substation,' ',35.32017501,-120.6931445,GOLDTREE,pge,35.32026204712884,-120.69304755782936,0.013077589418135636,True
1181,66,Substation,' ',35.30408758,-120.6579827,GOLDTREE,pge,35.32026204712884,-120.69304755782936,3.6548174737220394,False
1182,115,Substation,' ',35.10171139,-120.5809911,OCEANO,pge,35.10171002130732,-120.58099919103158,0.0007516281936492461,True
1183,66,Substation,' ',35.61563887,-120.6794917,PASO ROBLES,pge,35.615659121898986,-120.67926595289852,0.020530284963710888,True
1184,66,Substation,' ',35.57091817,-121.0553711,PERRY,pge,35.57121004522495,-121.0559169553722,0.0590824435677342,True
1185,66,Substation,' ',38.12992772,-121.2515619,LODI,pge,38.137240812553664,-121.26217434307496,1.2340205725807998,True
1186,115,Substation,' ',35.04087227,-120.5908509,OCEANO,pge,35.10171002130732,-120.58099919103158,6.824002937216929,False
1187,66,Substation,' ',37.48034045,-122.1677091,GLENWOOD,pge,37.457303934642994,-122.18733079776786,3.091964780275777,False
1188,66,Substation,' ',37.42741667,-122.1752194,MENLO,pge,37.43306229991303,-122.20225008841324,2.4679646414682646,False
1189,115,Substation,' ',37.6262453,-122.4035241,SAN BRUNO,pge,37.62096289057508,-122.42531311330475,2.0068547534465098,False
1190,115,Substation,' ',37.49770281,-122.2140334,REDWOOD CITY,pge,37.49079641984113,-122.21284294525265,0.7751040192280154,True
1191,66,Substation,' ',37.47765834,-122.1685056,GLENWOOD,pge,37.457303934642994,-122.18733079776786,2.8076472157788586,False
1192,66,Substation,' ',37.56489266,-122.319312,BERESFORD,pge,37.56455256555905,-122.31946336534357,0.0401011391411224,True
1193,115,Substation,' ',37.58992414,-122.363374,BURLINGAME,pge,37.589994031230255,-122.3628212137506,0.049322375961188394,True
1194,66,Substation,' ',37.43002883,-122.1759994,MENLO,pge,37.43306229991303,-122.20225008841324,2.342289337433378,False
1195,66,Substation,' ',37.55280499,-122.376312,CAROLANDS,pge,37.552816739650304,-122.3759674032582,0.0304058139511169,True
1196,66,Substation,' ',37.52998867,-122.3617254,CAROLANDS,pge,37.552816739650304,-122.3759674032582,2.8319695765998865,False
1197,115,Substation,' ',37.65381238,-122.4031653,EAST GRAND,pge,37.65396784266645,-122.40420306125036,0.09298011969745996,True
1198,66,Substation,' ',37.45715557,-122.1869222,GLENWOOD,pge,37.457303934642994,-122.18733079776786,0.039659925438760534,True
1199,66,Substation,' ',37.46884722,-122.4301222,HALF MOON BAY,pge,37.46904870806549,-122.4294538339823,0.06309729223150823,True
1200,66,Substation,' ',37.46284168,-122.2279056,LAS PULGAS,pge,37.46317528473907,-122.22801351794423,0.038298487618916466,True
1201,66,Substation,' ',37.43280833,-122.2027583,MENLO,pge,37.43306229991303,-122.20225008841324,0.053019801625615065,True
1202,115,Substation,' ',37.60593813,-122.3918934,MILLBRAE,pge,37.6054239917948,-122.39200798842708,0.05805388567838917,True
1203,66,Substation,' ',37.59480099,-122.488816,PACIFICA,pge,37.59472221036465,-122.48920894376208,0.035711286325675974,True
1204,115,Substation,' ',37.43977501,-122.1153222,AMES,pge,37.41803546385238,-122.06722574863358,4.886726384130427,False
1205,66,Substation,' ',37.51131389,-122.340125,RALSTON,pge,37.511320391790726,-122.33975670219075,0.032493197630424214,True
1206,66,Substation,' ',37.62095693,-122.4251145,SAN BRUNO,pge,37.62096289057508,-122.42531311330475,0.017505173086565025,True
1207,115,Substation,' ',37.5114177,-122.2075808,REDWOOD CITY,pge,37.49079641984113,-122.21284294525265,2.3394977517677313,False
1208,66,Substation,' ',37.62203201,-122.446803,SNEATH LANE,pge,37.62198851913939,-122.44686234566812,0.007120756061846751,True
1209,66,Substation,' ',37.4872972,-122.3112195,WATERSHED,pge,37.48720723663254,-122.31003681213176,0.10482921614697503,True
1210,66,Substation,' ',37.43708061,-122.2421944,WOODSIDE,pge,37.437220837862704,-122.24226770027914,0.016882348422122575,True
1211,115,Substation,' ',34.68480877,-120.6038688,PURISIMA,pge,34.7008255827051,-120.43565969291836,15.481497864485194,False
1212,115,Substation,' ',34.62477663,-120.1860946,BUELLTON,pge,34.62516166893696,-120.18655523536748,0.06007975923860498,True
1213,115,Substation,' ',34.91052315,-120.4465126,FAIRWAY,pge,34.91060882113302,-120.44608849948852,0.039827644205048224,True
1214,115,Substation,' ',34.65639194,-120.4523604,CABRILLO,pge,34.643231832675774,-120.4373602032375,2.0060101890529425,False
1215,115,Substation,' ',34.60365397,-120.4569855,CABRILLO,pge,34.643231832675774,-120.4373602032375,4.753139109280458,False
1216,115,Substation,' ',34.82531944,-120.2987944,PALMER,pge,34.82519468144487,-120.29920094235554,0.03961726498858656,True
1217,115,Substation,' ',34.7008539,-120.4355482,PURISIMA,pge,34.7008255827051,-120.43565969291836,0.010667672887365646,True
1218,115,Substation,' ',34.62520111,-120.1193527,SANTA YNEZ,pge,34.62552143506068,-120.11931589174262,0.03577740018017559,True
1219,115,Substation,' ',34.69670375,-120.1514768,ZACA,pge,34.69665857732155,-120.15172324390338,0.023083499836276878,True
1220,66,Substation,' ',34.40939472,-119.5150032,Carpinteria,sce,34.40994774778738,-119.51510197812551,0.06215796040064587,True
1221,66,Substation,' ',34.4183926,-119.6857936,Santa Barbara,sce,34.4231526249233,-119.68520108969594,0.5320735951925478,True
1222,66,Substation,' ',34.43113732,-119.9001029,Isla Vista,sce,34.431962660186834,-119.87110826955949,2.6607917065202993,False
1223,66,Substation,' ',34.47602778,-120.1993556,Gaviota,sce,34.47616945495448,-120.19895765529488,0.039733951184274995,True
1224,66,Substation,' ',34.43302157,-119.8713325,Isla Vista,sce,34.431962660186834,-119.87110826955949,0.11952777918472633,True
1225,66,Substation,' ',34.41838335,-119.5867362,Ortega,sce,34.41863328199049,-119.58273654055274,0.3679323905946617,True
1226,66,Substation,' ',34.42331477,-119.6855987,Santa Barbara,sce,34.4231526249233,-119.68520108969594,0.04068329754848098,True
1227,66,Substation,' ',34.44918609,-119.8158694,Vegas,sce,34.449549339284125,-119.815908448548,0.04054986605258779,True
1228,115,Substation,' ',37.38564099,-122.009516,LAWRENCE,pge,37.39719513054225,-122.0100946003828,1.285778285506541,True
1229,115,Substation,' ',37.37456219,-122.0163659,BRITTON,pge,37.37491569242551,-122.01651663969916,0.041503221626043404,True
1230,115,Substation,' ',37.15817557,-121.6374928,MORGAN HILL,pge,37.12649792772826,-121.6591293431273,4.010643500632588,False
1231,115,Substation,' ',37.34735123,-121.9219112,FMC,pge,37.34728445797068,-121.9223066818288,0.035739120600373646,True
1232,66,Substation,' ',37.323915,-122.07315,STELLING,pge,37.33589708085293,-122.04301499076,2.9790090901138844,False
1233,66,Substation,' ',37.31791646,-122.0933215,LOYOLA,pge,37.36101855697285,-122.09928092012728,4.821604973090949,False
1234,115,Substation,' ',37.38493422,-122.0129783,BRITTON,pge,37.37491569242551,-122.01651663969916,1.1570489902025836,True
1235,66,Substation,' ',37.38000001,-122.0221528,BRITTON,pge,37.37491569242551,-122.01651663969916,0.7534216266585468,True
1236,115,Substation,' ',37.43273601,-121.941956,NORTECH,pge,37.42095169352169,-121.9604588755621,2.0944076694049767,False
1237,66,Substation,' ',34.45776393,-118.5804806,Lockheed,sce,34.45915899839863,-118.58032671162694,0.15576484603864643,True
1238,115,Substation,' ',37.41868054,-122.0393278,LOCKHEED NO 2,pge,37.41633412032817,-122.03185703639838,0.709490489974196,True
1239,66,Substation,' ',37.37651363,-121.9509018,TRIMBLE,pge,37.38283159012757,-121.92643970315228,2.272745960102353,False
1240,66,Substation,' ',37.37099749,-121.9762828,BRITTON,pge,37.37491569242551,-122.01651663969916,3.5819290759766687,False
1241,66,Substation,' ',37.25996122,-121.8898984,ALMADEN,pge,37.26010442296057,-121.8898329799593,0.016943318527101167,True
1242,115,Substation,' ',37.41763027,-122.0664166,AMES,pge,37.41803546385238,-122.06722574863358,0.08447716467343871,True
1243,115,Substation,' ',37.20243127,-121.832955,SANTA TERESA,pge,37.238496970450434,-121.79054338190755,5.49414075549299,False
1244,115,Substation,' ',37.2445636,-121.7950654,EDENVALE,pge,37.24486514436606,-121.79536211168684,0.04259205308977093,True
1245,115,Substation,' ',37.29203239,-121.9357659,EL PATIO,pge,37.29163644525506,-121.93561870955156,0.04591211080855075,True
1246,115,Substation,' ',37.33426773,-121.8547515,MABURY,pge,37.36110148781495,-121.86446124822062,3.1047740351367508,False
1247,115,Substation,' ',37.00726293,-121.5572443,LLAGAS,pge,37.00719420510908,-121.5569929127207,0.023593969739293657,True
1248,66,Substation,' ',37.39384445,-122.114725,LOS ALTOS,pge,37.39360169214869,-122.1150733503216,0.04093517582945428,True
1249,66,Substation,' ',37.36105838,-122.0997084,LOYOLA,pge,37.36101855697285,-122.09928092012728,0.03803961836601231,True
1250,115,Substation,' ',37.36081517,-121.8641576,MABURY,pge,37.36110148781495,-121.86446124822062,0.041639025244594195,True
1251,115,Substation,' ',37.33627225,-121.8781761,SAN JOSE B,pge,37.34102949703376,-121.901895980367,2.1626971765868483,False
1252,115,Substation,' ',37.36625341,-121.8433525,MC KEE,pge,37.36629769546083,-121.84378234897032,0.038305574263735605,True
1253,115,Substation,' ',37.41538249,-121.8883726,MILPITAS,pge,37.41557922482778,-121.88806969825762,0.03455698950233462,True
1254,115,Substation,' ',37.4033327,-121.9059904,MONTAGUE,pge,37.4030689299594,-121.90562357845783,0.043704873255475084,True
1255,115,Substation,' ',37.12670056,-121.658903,MORGAN HILL,pge,37.12649792772826,-121.6591293431273,0.030171996692275816,True
1256,115,Substation,' ',37.38260834,-122.0697194,MOUNTAIN VIEW,pge,37.38264012657535,-122.06962750222034,0.00885559839462606,True
1257,115,Substation,' ',37.32816531,-121.902405,SAN JOSE A,pge,37.328168501922605,-121.90253619243413,0.011605395242987053,True
1258,115,Substation,' ',37.34096401,-121.901525,SAN JOSE B,pge,37.34102949703376,-121.901895980367,0.03359496307008696,True
1259,115,Substation,' ',37.33599502,-122.043177,STELLING,pge,37.33589708085293,-122.04301499076,0.01799322208789457,True
1260,115,Substation,' ',37.304004,-121.867716,STONE,pge,37.30430354718722,-121.8681773963203,0.052676780030724055,True
1261,115,Substation,' ',37.32256802,-121.79696,SWIFT,pge,37.322704670725145,-121.79709909967092,0.01954928709217224,True
1262,115,Substation,' ',37.38206205,-121.9272426,TRIMBLE,pge,37.38283159012757,-121.92643970315228,0.1111511909432655,True
1263,115,Substation,' ',37.40499722,-122.0685528,WHISMAN,pge,37.40496417559913,-122.0690328952126,0.04256522041440963,True
1264,115,Substation,' ',37.33443633,-122.0206064,WOLFE,pge,37.33477745536544,-122.02082362284114,0.042516198285366014,True
1265,66,Substation,' ',37.01728123,-122.1996819,POINT MORETTI,pge,37.03115942213585,-122.1886952521402,1.82557545887697,True
1266,66,Substation,' ',37.13088801,-122.1721447,BIG BASIN,pge,37.13125948685303,-122.17227801178812,0.042963751222277864,True
1267,66,Substation,' ',37.095332,-122.1442873,BURNS,pge,37.09517776069064,-122.14368831593914,0.05582538167105792,True
1268,115,Substation,' ',37.04188835,-122.0251366,CAMP EVERS,pge,37.04175134982072,-122.02549688702273,0.03542062292882828,True
1269,66,Substation,' ',37.02569744,-122.1548009,POINT MORETTI,pge,37.03115942213585,-122.1886952521402,3.069521028788755,False
1270,66,Substation,' ',36.93038173,-121.7642402,ERTA,pge,36.93065412756231,-121.76425096468428,0.030304335970046933,True
1271,66,Substation,' ',37.03106848,-122.1881733,POINT MORETTI,pge,37.03115942213585,-122.1886952521402,0.04742326812835869,True
1272,115,Substation,' ',36.9792271,-121.8672496,ROB ROY,pge,36.97944444856634,-121.86712902180676,0.026435117428835885,True
1273,66,Substation,' ',40.90972376,-121.640867,BURNEY,pge,40.888215757543065,-121.6708403712964,3.47362834517303,False
1274,115,Substation,' ',40.61848609,-122.3237135,OREGON TRAIL,pge,40.61899130155303,-122.3221442755599,0.1438690749281735,True
1275,115,Substation,' ',40.57001643,-122.3141935,OREGON TRAIL,pge,40.61899130155303,-122.3221442755599,5.4869788991518424,False
1276,115,Substation,' ',40.58390341,-122.4377672,GIRVAN,pge,40.51345782429336,-122.37892882123532,9.277573221903976,False
1277,115,Substation,' ',40.60184701,-122.3827079,OREGON TRAIL,pge,40.61899130155303,-122.3221442755599,5.45627978272323,False
1278,66,Substation,' ',40.44973412,-122.3050459,ANDERSON,pge,40.4500398913538,-122.3047386818897,0.04279943168287419,True
1279,66,Substation,' ',40.89453713,-122.380722,ANTLER,pge,40.894973011426686,-122.38051411817683,0.051521279097748514,True
1280,115,Substation,' ',40.56241874,-122.3953543,GIRVAN,pge,40.51345782429336,-122.37892882123532,5.6183658025082135,False
1281,66,Substation,' ',40.55535283,-122.2398048,DESCHUTES,pge,40.55543101923755,-122.23990905392132,0.01237602566132877,True
1282,66,Substation,' ',40.68689945,-122.641138,FRENCH GULCH,pge,40.6868686177047,-122.6404649477137,0.05685340806711472,True
1283,66,Substation,' ',40.51332737,-122.3787745,GIRVAN,pge,40.51345782429336,-122.37892882123532,0.019509273619404386,True
1284,66,Substation,' ',41.051239,-121.408261,MC ARTHUR,pge,41.0514109866347,-121.40819070502693,0.020011863129434083,True
1285,115,Substation,' ',40.4343679,-122.267923,PANORAMA,pge,40.43443262495934,-122.26746683270112,0.039273224587423695,True
1286,66,Substation,' ',40.92900611,-121.5443868,RISING RIVER,pge,40.92860888434032,-121.54329343192305,0.10192234534382973,True
1287,66,Substation,' ',40.67776349,-122.3497752,STILLWATER,pge,40.67760281495655,-122.34983936540058,0.018667667034624635,True
1288,66,Substation,' ',40.62903386,-121.9158181,WHITMORE,pge,40.6295221042704,-121.91545710136442,0.062253790163723614,True
1289,66,Substation,' ',41.14611102,-122.3196401,ANTLER,pge,40.894973011426686,-122.38051411817683,28.388406388124533,False
1290,66,Substation,' ',41.17823801,-122.2907352,ANTLER,pge,40.894973011426686,-122.38051411817683,32.385212826211756,False
1291,66,Substation,' ',41.05395082,-122.3818566,ANTLER,pge,40.894973011426686,-122.38051411817683,17.677885036675963,False
1292,66,Substation,' ',40.97715517,-122.4563801,ANTLER,pge,40.894973011426686,-122.38051411817683,11.140934588099427,False
1293,115,Substation,'IMPORT',39.52123111,-120.0086799,SUMMIT,pge,39.31945516117808,-120.37918428385689,38.93945852570597,False
1294,66,Substation,' ',39.59350924,-120.3811403,SUMMIT,pge,39.31945516117808,-120.37918428385689,30.473885905937422,False
1295,66,Substation,' ',39.64613762,-120.217918,SUMMIT,pge,39.31945516117808,-120.37918428385689,38.87269298351789,False
1296,66,Substation,' ',39.47039793,-120.1047022,SUMMIT,pge,39.31945516117808,-120.37918428385689,28.948549147904725,False
1297,66,Substation,' ',39.46548156,-120.8448009,ALLEGHANY,pge,39.465472208842606,-120.84426368187933,0.046128318810122304,True
1298,66,Substation,' ',41.4320569,-122.3832214,ANTLER,pge,40.894973011426686,-122.38051411817683,59.721433589878494,False
1299,66,Substation,' ',41.28040267,-122.3283891,ANTLER,pge,40.894973011426686,-122.38051411817683,43.079885306361554,False
1300,66,Substation,' ',41.61676202,-122.3993063,PIT NO 5,pge,40.98670271889426,-121.97630522163178,78.46560684638878,False
1301,66,Substation,' ',41.60541943,-122.8501503,ANTLER,pge,40.894973011426686,-122.38051411817683,88.21628024014124,False
1302,66,Substation,' ',41.71130374,-122.6490047,ANTLER,pge,40.894973011426686,-122.38051411817683,93.50134571635104,False
1303,66,Substation,' ',41.78021618,-123.071222,HOOPA,pge,41.0562197839853,-123.6821751759544,95.26919636180206,False
1304,66,Substation,' ',41.80354175,-123.372551,ORICK,pge,41.29430712515043,-124.05658700221892,80.29016139843128,False
1305,115,Substation,' ',41.71162517,-122.3601712,PIT NO 5,pge,40.98670271889426,-121.97630522163178,86.74266991965246,False
1306,66,Substation,' ',41.89799074,-122.5399625,PIT NO 5,pge,40.98670271889426,-121.97630522163178,111.6922025983746,False
1307,66,Substation,' ',41.70174113,-122.3696599,PIT NO 5,pge,40.98670271889426,-121.97630522163178,86.02245841863379,False
1308,66,Substation,' ',41.2663287,-122.125997,PIT NO 5,pge,40.98670271889426,-121.97630522163178,33.52571753755998,False
1309,66,Substation,' ',41.72704111,-122.5364216,ANTLER,pge,40.894973011426686,-122.38051411817683,93.43356989761685,False
1310,66,Substation,' ',41.26271288,-122.2704296,PIT NO 5,pge,40.98670271889426,-121.97630522163178,39.355650372893564,False
1311,66,Substation,' ',41.30465314,-122.3218293,PIT NO 5,pge,40.98670271889426,-121.97630522163178,45.68369852246035,False
1312,66,Substation,' ',41.22066964,-122.2763499,PIT NO 5,pge,40.98670271889426,-121.97630522163178,36.178004180545635,False
1313,66,Substation,' ',41.74229468,-122.9995371,HOOPA,pge,41.0562197839853,-123.6821751759544,95.193030946668,False
1314,66,Substation,' ',41.8405331,-123.1919616,ORICK,pge,41.29430712515043,-124.05658700221892,94.14325770115308,False
1315,115,Substation,' ',41.54864896,-122.3641931,PIT NO 5,pge,40.98670271889426,-121.97630522163178,70.39464016222044,False
1316,66,Substation,' ',41.26799279,-122.2389364,PIT NO 5,pge,40.98670271889426,-121.97630522163178,38.23865065174584,False
1317,66,Substation,' ',41.49312367,-122.905649,ANTLER,pge,40.894973011426686,-122.38051411817683,79.71417830057469,False
1318,66,Substation,' ',41.37290596,-122.8329384,ANTLER,pge,40.894973011426686,-122.38051411817683,65.2678050695193,False
1319,66,Substation,' ',38.8565124,-121.7859242,KNIGHTS LANDING,pge,38.80894434056115,-121.74638901920422,6.301115577103849,False
1320,230,Substation,' ',38.40329935,-121.9226354,VACA DIXON,pge,38.39965913851507,-121.920052746684,0.46313164064345336,True
1321,66,Substation,' ',38.04375716,-121.9876197,WILLOW PASS,pge,38.02501979007568,-121.96117701573776,3.115179622025796,False
1322,66,Substation,' ',38.03083399,-121.946022,WILLOW PASS,pge,38.02501979007568,-121.96117701573776,1.476487678532652,True
1323,66,Substation,' ',38.03229044,-122.1199925,FAIRVIEW,pge,38.01590927413491,-122.11629244561098,1.8501118748675045,True
1324,115,Substation,' ',38.08549398,-122.2572744,CARQUINEZ,pge,38.09076019525074,-122.24869737229972,0.9520288166581854,True
1325,66,Substation,' ',38.27151996,-121.9333985,PEABODY,pge,38.28556962442518,-121.97162432823951,3.684310757287715,False
1326,230,Substation,' ',38.08087076,-122.1373891,BAHIA,pge,38.08114613944989,-122.13740639333582,0.030658184622114077,True
1327,66,Substation,' ',38.3870864,-121.7758553,DIXON,pge,38.44526066389723,-121.82592500657064,7.802111750532999,False
1328,66,Substation,' ',38.29639272,-121.7481614,GRAND ISLAND,pge,38.23143431844358,-121.59064447220264,15.533733154290228,False
1329,66,Substation,' ',38.44525036,-121.8260198,DIXON,pge,38.44526066389723,-121.82592500657064,0.008334512707257295,True
1330,115,Substation,' ',38.23623323,-122.0966651,SUISUN,pge,38.24454829820952,-122.04148241778712,4.90725854671315,False
1331,66,Substation,' ',38.3847599,-121.7586908,DIXON,pge,38.44526066389723,-121.82592500657064,8.920252752798993,False
1332,115,Substation,' ',38.06582097,-122.1963293,NORTH TOWER,pge,38.066339734584254,-122.19598269824904,0.06517768004822483,True
1333,66,Substation,' ',38.24513201,-122.041256,SUISUN,pge,38.24454829820952,-122.04148241778712,0.06785079805597392,True
1334,66,Substation,' ',38.51760057,-121.9511518,WINTERS,pge,38.51671294425671,-121.95185421086413,0.11608661403284959,True
1335,66,Substation,' ',38.68030292,-123.3118863,ANNAPOLIS,pge,38.679837362204594,-123.3107420981408,0.11200281053794489,True
1336,66,Substation,' ',38.309559,-122.731648,COTATI,pge,38.30980554981653,-122.73175577070296,0.028982864464581495,True
1337,66,Substation,' ',38.539593,-123.223702,FORT ROSS,pge,38.539950114554514,-123.22321445936709,0.05809367373461671,True
1338,66,Substation,' ',38.70981339,-122.9079796,GEYSERVILLE,pge,38.70995941018712,-122.9076911568436,0.029833064335761827,True
1339,66,Substation,' ',38.48950733,-122.8941827,MIRABEL,pge,38.48962828607511,-122.89415788279445,0.013622037125417008,True
1340,66,Substation,' ',38.42528801,-122.832326,MOLINO,pge,38.425711114587386,-122.83287143283748,0.06686541325231514,True
1341,66,Substation,' ',38.47141397,-123.0122363,MONTE RIO,pge,38.47143665695768,-123.01148395746652,0.06554492258425507,True
1342,115,Substation,' ',38.31550856,-122.6811315,PENNGROVE,pge,38.31542240187963,-122.68088467235825,0.02356930042948448,True
1343,66,Substation,' ',38.23908895,-122.6367124,PETALUMA C,pge,38.23949974182017,-122.63676111116996,0.045875649346950785,True
1344,66,Substation,' ',38.23417,-122.636224,PETALUMA A,pge,38.23437308284748,-122.63657806577606,0.03829209185095799,True
1345,115,Substation,' ',38.49006768,-122.6660723,RINCON,pge,38.49018866904616,-122.66602642884762,0.014033244970261732,True
1346,66,Substation,' ',38.34344601,-123.044758,SALMON CREEK,pge,38.343512395969725,-123.04470594130596,0.008666202386130872,True
1347,115,Substation,' ',38.16136109,-122.3810185,HIGHWAY,pge,38.165934399172585,-122.25383771242235,11.1306451511323,False
1348,66,Substation,' ',38.37001596,-122.7641156,BELLEVUE,pge,38.37873966235465,-122.7127531517697,4.581323092443831,False
1349,115,Substation,' ',37.53231402,-121.2593287,WESTLEY,pge,37.57919043551431,-121.20566160950838,7.039164263647732,False
1350,66,Substation,' ',37.70453399,-120.4341003,MERCED FALLS,pge,37.52304085412926,-120.33024521668725,22.15760157782053,False
1351,66,Substation,' ',37.66683999,-120.976886,RIVERBANK,pge,37.76887583084935,-120.90778635201956,12.871280542538585,False
1352,66,Substation,' ',37.65210701,-121.001287,RIVERBANK,pge,37.76887583084935,-120.90778635201956,15.370031152180452,False
1353,66,Substation,' ',37.68242601,-121.085836,RIPON,pge,37.75576421896199,-121.14626329694828,9.73400519831914,False
1354,66,Substation,' ',37.732516,-121.013993,RIVERBANK,pge,37.76887583084935,-120.90778635201956,10.175371112140146,False
1355,66,Substation,' ',37.64885953,-120.9396607,RIVERBANK,pge,37.76887583084935,-120.90778635201956,13.636594478392022,False
1356,66,Substation,' ',37.66751202,-120.95819,RIVERBANK,pge,37.76887583084935,-120.90778635201956,12.11172518721777,False
1357,66,Substation,' ',37.62169302,-121.020254,WESTLEY,pge,37.57919043551431,-121.20566160950838,17.00402542758109,False
1358,66,Substation,' ',37.66464701,-121.044461,RIPON,pge,37.75576421896199,-121.14626329694828,13.522233592228167,False
1359,66,Substation,' ',37.67171599,-121.027432,RIPON,pge,37.75576421896199,-121.14626329694828,14.021579186113494,False
1360,66,Substation,' ',37.64689487,-120.7734451,COTTLE,pge,37.772814224827606,-120.826244610004,14.751870985245107,False
1361,66,Substation,' ',37.68012402,-120.940094,RIVERBANK,pge,37.76887583084935,-120.90778635201956,10.269678722048097,False
1362,115,Substation,' ',37.62764954,-120.9751518,RIVERBANK,pge,37.76887583084935,-120.90778635201956,16.784911733364712,False
1363,66,Substation,' ',37.63492302,-120.979526,RIVERBANK,pge,37.76887583084935,-120.90778635201956,16.176902197670024,False
1364,66,Substation,' ',37.68474201,-121.051988,RIPON,pge,37.75576421896199,-121.14626329694828,11.451027164104115,False
1365,66,Substation,' ',37.69039686,-121.0211042,RIPON,pge,37.75576421896199,-121.14626329694828,13.191246718661901,False
1366,66,Substation,' ',37.70406301,-121.068657,RIPON,pge,37.75576421896199,-121.14626329694828,8.923635834538203,False
1367,66,Substation,' ',37.68841599,-120.976619,RIVERBANK,pge,37.76887583084935,-120.90778635201956,10.802289541101837,False
1368,66,Substation,' ',37.68587302,-121.003819,RIVERBANK,pge,37.76887583084935,-120.90778635201956,12.510619908305024,False
1369,66,Substation,' ',37.60890546,-120.956186,RIVERBANK,pge,37.76887583084935,-120.90778635201956,18.290622056002945,False
1370,115,Substation,' ',37.46266378,-120.740225,CRESSEY,pge,37.42859913669553,-120.6384473846346,9.750815298126575,False
1371,66,Substation,' ',37.57986687,-120.6453751,CRESSEY,pge,37.42859913669553,-120.6384473846346,16.831302103469607,False
1372,115,Substation,' ',37.41894801,-120.848808,LIVINGSTON,pge,37.36355711461608,-120.76057836344424,9.934401952446825,False
1373,66,Substation,' ',37.55146111,-120.7712944,CRESSEY,pge,37.42859913669553,-120.6384473846346,18.000547008274335,False
1374,66,Substation,' ',37.58704202,-120.935646,RIVERBANK,pge,37.76887583084935,-120.90778635201956,20.367112343203306,False
1375,66,Substation,' ',37.60983162,-120.8467248,COTTLE,pge,37.772814224827606,-120.826244610004,18.212212820045714,False
1376,115,Substation,' ',37.55399055,-121.3083704,WESTLEY,pge,37.57919043551431,-121.20566160950838,9.476318574120357,False
1377,66,Substation,' ',37.47172611,-121.1264485,CROWS LANDING,pge,37.37774567278726,-121.08632626856836,11.034427369145137,False
1378,115,Substation,' ',37.76920307,-120.9078448,RIVERBANK,pge,37.76887583084935,-120.90778635201956,0.03674821839741301,True
1379,115,Substation,' ',37.42194799,-121.147482,CROWS LANDING,pge,37.37774567278726,-121.08632626856836,7.303536958985846,False
1380,66,Substation,' ',37.37738333,-121.0859027,CROWS LANDING,pge,37.37774567278726,-121.08632626856836,0.05499204345049021,True
1381,115,Substation,' ',37.75093426,-120.845295,COTTLE,pge,37.772814224827606,-120.826244610004,2.9535857884498804,False
1382,230,Substation,' ',37.25318899,-121.1182195,GUSTINE,pge,37.253059038898215,-121.01309879419414,9.304004145026274,False
1383,66,Substation,' ',37.31558611,-121.0150139,NEWMAN,pge,37.315811138560335,-121.01443366157086,0.057088659909486875,True
1384,115,Substation,' ',37.38596944,-121.1407139,CROWS LANDING,pge,37.37774567278726,-121.08632626856836,4.891718726771753,False
1385,66,Substation,' ',38.78480978,-121.6551594,KNIGHTS LANDING,pge,38.80894434056115,-121.74638901920422,8.349210395129141,False
1386,66,Substation,' ',38.79018562,-121.5976352,CATLETT,pge,38.80879690086217,-121.5164995196137,7.329371222874305,False
1387,66,Substation,' ',39.06921639,-121.6898478,BARRY,pge,39.069242120060025,-121.68996821514853,0.010781974331851189,True
1388,66,Substation,' ',38.80884801,-121.516414,CATLETT,pge,38.80879690086217,-121.5164995196137,0.009338448128205083,True
1389,230,Substation,' ',39.05180085,-121.6962463,BARRY,pge,39.069242120060025,-121.68996821514853,2.013708177439579,False
1390,66,Substation,' ',39.1432819,-121.6480153,HARTER,pge,39.1430758668314,-121.64781496424256,0.02869409328372995,True
1391,66,Substation,' ',39.27639001,-121.6602999,LIVE OAK,pge,39.27647099774993,-121.66045789355064,0.016310828702636088,True
1392,66,Substation,' ',39.14495364,-121.9105311,COLUSA JUNCTION,pge,39.19056773290833,-121.99053805724722,8.561496904835382,False
1393,66,Substation,' ',39.17023248,-121.6613095,PEASE,pge,39.17017321175534,-121.66111558856706,0.017968608336783397,True
1394,66,Substation,' ',38.86241636,-121.7931625,KNIGHTS LANDING,pge,38.80894434056115,-121.74638901920422,7.194835501117779,False
1395,66,Substation,' ',39.93243151,-122.1875897,CORNING,pge,39.932572768315495,-122.18734884261642,0.025854722459709507,True
1396,66,Substation,' ',40.12802358,-122.0983563,DAIRYVILLE,pge,40.1280600543476,-122.09824574117305,0.010237403910728035,True
1397,66,Substation,' ',40.06410008,-122.1560572,GERBER,pge,40.06428224737149,-122.15622506854064,0.024786859773872353,True
1398,66,Substation,' ',40.03419988,-122.0961178,LOS MOLINOS,pge,40.03430703089894,-122.09587413860588,0.023922837456178306,True
1399,66,Substation,' ',40.14997335,-122.2130231,RAWSON,pge,40.14506917599813,-122.2122547593741,0.5492157653601646,True
1400,66,Substation,' ',40.14574122,-122.1994669,RAWSON,pge,40.14506917599813,-122.2122547593741,1.0895157990130464,True
1401,66,Substation,' ',40.18238662,-122.2446177,RED BLUFF,pge,40.1824640348198,-122.244707344526,0.011493298119161532,True
1402,66,Substation,' ',40.13847475,-122.2088409,TYLER,pge,40.13845382134672,-122.20839746763076,0.03776674547866275,True
1403,66,Substation,' ',39.94163705,-122.0417015,LOS MOLINOS,pge,40.03430703089894,-122.09587413860588,11.290786004398631,False
1404,66,Substation,' ',40.74156839,-123.2093541,LOW GAP,pge,40.43382494194464,-123.472854441197,40.8174341070719,False
1405,115,Substation,' ',40.37833449,-123.3388827,LOW GAP,pge,40.43382494194464,-123.472854441197,12.913138831020797,False
1406,66,Substation,' ',40.71262604,-123.5301757,WILLOW CREEK,pge,40.94802778714024,-123.64012366855172,27.761982809199708,False
1407,66,Substation,' ',40.55234414,-123.1628797,LOW GAP,pge,40.43382494194464,-123.472854441197,29.3385565416973,False
1408,66,Substation,' ',40.63741925,-123.4893376,LOW GAP,pge,40.43382494194464,-123.472854441197,22.68146834747582,False
1409,115,Substation,' ',40.43324913,-123.4726911,LOW GAP,pge,40.43382494194464,-123.472854441197,0.06550287234920764,True
1410,66,Substation,' ',40.72322839,-122.9386675,FRENCH GULCH,pge,40.6868686177047,-122.6404649477137,25.459828529847716,False
1411,115,Substation,' ',40.38716974,-123.044104,LOW GAP,pge,40.43382494194464,-123.472854441197,36.669372267622215,False
1412,115,Substation,' ',35.96336389,-119.4568361,ALPAUGH,pge,35.963432505647624,-119.45629715975916,0.04910119689026488,True
1413,66,Substation,' ',36.52023058,-119.3943083,DINUBA,pge,36.520228463825966,-119.3938871560341,0.03763476958915767,True
1414,66,Substation,' ',36.54483612,-119.2514194,OROSI,pge,36.54494016402164,-119.2512498016316,0.019062792932273035,True
1415,66,Substation,' ',36.47211377,-119.1880105,STONE CORRAL,pge,36.4725997946069,-119.18808580526532,0.05446133842494978,True
1416,66,Substation,' ',36.16692648,-119.2065943,Bliss,sce,36.16629775969852,-119.20705393718964,0.08117838970247063,True
1417,66,Substation,' ',36.12653059,-118.8215139,Boxwood,sce,36.12610225574932,-118.82140084606492,0.04869891099924044,True
1418,66,Substation,' ',35.77875298,-119.3050707,Delano,sce,35.775184395828234,-119.24264046324316,5.645937965649526,False
1419,66,Substation,' ',36.41450277,-119.2964557,Chatham,sce,36.41506999948426,-119.29768400447853,0.12672394294688868,True
1420,66,Substation,' ',35.8343055,-119.2100027,Columbine,sce,35.83453147955805,-119.21259382724928,0.23493026748580204,True
1421,66,Substation,' ',36.18544198,-119.3341851,Tulare,sce,36.21283164375503,-119.32989254472216,3.0698514798446905,False
1422,66,Substation,' ',35.89225701,-119.2507923,Earlimart,sce,35.893572999556234,-119.25176100227374,0.1703742820176664,True
1423,66,Substation,' ',36.34271821,-119.3920717,Oak Grove,sce,36.34144202915099,-119.36596083170778,2.3429672682202556,False
1424,66,Substation,' ',36.32655001,-119.4391583,Goshen,sce,36.32601238794229,-119.43817686985088,0.10631986514002517,True
1425,66,Substation,' ',36.41545452,-119.0077184,Lemon Cove,sce,36.38771600060615,-119.0260869967028,3.495141399627854,False
1426,66,Substation,' ',36.239925,-119.4755333,Laurel,sce,36.23965600441295,-119.47638799617282,0.08228192891718931,True
1427,66,Substation,' ',36.38670269,-119.0263491,Lemon Cove,sce,36.38771600060615,-119.0260869967028,0.11509181984336928,True
1428,66,Substation,' ',36.28307499,-119.3321667,Liberty,sce,36.28296874446285,-119.3326905200063,0.048415898617630404,True
1429,66,Substation,' ',36.20430092,-119.09202,Lindsay,sce,36.2042057902735,-119.09157298174657,0.04148014390580913,True
1430,66,Substation,' ',36.13140322,-119.3292217,Octol,sce,36.12412800402892,-119.39565000121922,6.0206951340764965,False
1431,66,Substation,' ',36.34136944,-119.3672861,Oak Grove,sce,36.34144202915099,-119.36596083170778,0.11897513328824678,True
1432,66,Substation,' ',36.12372922,-119.3945203,Octol,sce,36.12412800402892,-119.39565000121922,0.1107325926380298,True
1433,66,Substation,' ',35.96472074,-119.3033598,Pixley,sce,35.964856760229296,-119.30281667688432,0.05116689542265968,True
1434,66,Substation,' ',35.99376384,-119.1440972,Poplar,sce,35.9941569999373,-119.14426699475146,0.04630935299092477,True
1435,66,Substation,' ',36.06738391,-119.0347003,Porterville,sce,36.06795606180097,-119.03416632417655,0.07969328922743253,True
1436,66,Substation,' ',36.14585279,-119.0579195,Strathmore,sce,36.14663499587697,-119.05767500254356,0.0897052049051137,True
1437,66,Substation,' ',35.96392382,-119.0184794,Terra Bella,sce,35.963920922490146,-119.0194234862961,0.08496811520097466,True
1438,66,Substation,' ',36.45348612,-118.8879166,Three Rivers,sce,36.45169228357878,-118.89043935860252,0.30115995274396257,True
1439,66,Substation,' ',36.05188566,-119.304212,Tipton,sce,36.05173057551146,-119.30475034619822,0.051377511991493874,True
1440,66,Substation,' ',36.21327501,-119.3305945,Tulare,sce,36.21283164375503,-119.32989254472216,0.07997785638180634,True
1441,66,Substation,' ',36.41429483,-119.1891356,Venice Hill,sce,36.4152409069544,-119.18981522163924,0.12151231273688207,True
1442,66,Substation,' ',36.32536944,-119.1345972,Venida,sce,36.32538250623872,-119.13453725693633,0.005563131838339943,True
1443,66,Substation,' ',36.32979445,-119.2789611,Visalia,sce,36.32979445384139,-119.27896111014655,1.0042997356012755e-06,True
1444,66,Substation,' ',35.91083611,-119.1444611,Wheatland,sce,35.90907032166305,-119.14539393508598,0.21356517733230096,True
1445,66,Substation,' ',36.08056666,-119.1791443,Woodville,sce,36.08093763508664,-119.1798849314082,0.07830425836222743,True
1446,115,Substation,' ',37.87515279,-119.9657761,INDIAN FLAT,pge,37.66553336561797,-119.84124163589712,25.7509077765006,False
1447,115,Substation,' ',37.87474609,-120.4785168,PEORIA,pge,37.90339247520717,-120.49708389009176,3.57786984363124,False
1448,115,Substation,' ',37.97443256,-120.3199068,CURTIS,pge,37.97431175393948,-120.31978089327473,0.0173851299974625,True
1449,115,Substation,' ',37.97434629,-120.3156685,CURTIS,pge,37.97431175393948,-120.31978089327473,0.3604859609153052,True
1450,115,Substation,' ',38.05289438,-120.217135,MIWUK,pge,38.05297067526115,-120.2170845064534,0.00956656542815844,True
1451,115,Substation,' ',37.90373843,-120.4978113,PEORIA,pge,37.90339247520717,-120.49708389009176,0.07451840164392846,True
1452,115,Substation,' ',37.97991079,-120.4141781,RACETRACK,pge,37.97990732524795,-120.41350998469224,0.05855943456612013,True
1453,66,Substation,' ',34.18755642,-118.8717579,Thousand Oaks,sce,34.188342099993754,-118.87204455280695,0.09125563800287333,True
1454,66,Substation,' ',34.22072778,-119.0085833,Camarillo,sce,34.21987406168505,-119.0087515903353,0.09618196567108817,True
1455,66,Substation,' ',34.16190002,-119.0476223,Estero,sce,34.145483384192424,-119.09457121669094,4.689964681016553,False
1456,66,Substation,' ',34.18167399,-119.222197,Channel Island,sce,34.18173499797494,-119.22229699654076,0.01142935154315281,True
1457,66,Substation,' ',34.23676111,-118.7028916,Chatsworth,sce,34.23580401011754,-118.70207951986724,0.12999696032523855,True
1458,66,Substation,' ',34.20462779,-119.0963556,Colonia,sce,34.203997997029866,-119.0967720048126,0.07981585759339763,True
1459,66,Substation,' ',34.14596946,-119.0956666,Estero,sce,34.145483384192424,-119.09457121669094,0.11437997687697528,True
1460,66,Substation,' ',34.23179724,-118.7103557,Chatsworth,sce,34.23580401011754,-118.70207951986724,0.8816823863484525,True
1461,66,Substation,' ',34.40884448,-118.9207778,Fillmore,sce,34.408935811473874,-118.92041982248664,0.03437480394087293,True
1462,66,Substation,' ',34.32054899,-119.263129,Pierpont,sce,34.27390083589774,-119.24822507834864,5.3646777871502405,False
1463,66,Substation,' ',34.22619445,-119.1757972,Gonzales,sce,34.2261977486632,-119.17572336799584,0.006797912266587087,True
1464,66,Substation,' ',34.17385279,-119.1567444,Levy,sce,34.17355800376603,-119.15651000407496,0.03923554168211375,True
1465,66,Substation,' ',34.19608611,-118.9310028,Newbury,sce,34.19537848083874,-118.93117342358124,0.08023434380546852,True
1466,66,Substation,' ',34.18618553,-118.7847011,Oak Park,sce,34.18538100573582,-118.78487940026751,0.09094994872379142,True
1467,66,Substation,' ',34.44562298,-119.242407,Ojai,sce,34.4456612532938,-119.24196837511916,0.0404457088888,True
1468,66,Substation,' ',34.19716666,-119.1743083,Levy,sce,34.17355800376603,-119.15651000407496,3.0938190982026925,False
1469,66,Substation,' ',34.16172599,-118.834785,Potrero,sce,34.16193136185872,-118.83239843472316,0.22076923229680803,True
1470,66,Substation,' ',34.21147223,-119.1400222,Gonzales,sce,34.2261977486632,-119.17572336799584,3.6683185016403934,False
1471,66,Substation,' ',34.22833038,-118.7044283,Chatsworth,sce,34.23580401011754,-118.70207951986724,0.8586242170855897,True
1472,66,Substation,' ',34.27843334,-118.7794583,Royal,sce,34.278596208813866,-118.78059293222798,0.10581295539269982,True
1473,66,Substation,' ',34.25607778,-119.2418917,San Miguel,sce,34.25591599576859,-119.24186300527784,0.01818186224967145,True
1474,66,Substation,' ',34.27956389,-118.7170861,Santa Susana,sce,34.2805606995611,-118.71705922310277,0.1108676713459753,True
1475,66,Substation,' ',34.30061258,-119.1666234,Saticoy,sce,34.30084292118649,-119.16720835318044,0.059524412224461185,True
1476,66,Substation,' ',34.20973505,-119.034837,Camarillo,sce,34.21987406168505,-119.0087515903353,2.6503265373854723,False
1477,66,Substation,' ',34.23927607,-119.2588905,San Miguel,sce,34.25591599576859,-119.24186300527784,2.4234298550024533,False
1478,66,Substation,' ',34.26427223,-119.0107556,Somis,sce,34.26477110560397,-119.0098096206216,0.10312339254551789,True
1479,66,Substation,' ',34.22797779,-118.7059441,Chatsworth,sce,34.23580401011754,-118.70207951986724,0.9399651636739574,True
1480,66,Substation,' ',34.38783812,-118.7963463,Fillmore,sce,34.408935811473874,-118.92041982248664,11.622982910934734,False
1481,66,Substation,' ',34.20776661,-119.2467388,Channel Island,sce,34.18173499797494,-119.22229699654076,3.6649748255285717,False
1482,66,Substation,' ',34.35644199,-119.055903,Wakefield,sce,34.35645499933594,-119.05588600318704,0.002127657541311435,True
1483,66,Substation,' ',34.13080101,-119.167076,Levy,sce,34.17355800376603,-119.15651000407496,4.852758601345643,False
1484,66,Substation,' ',38.92500648,-121.9894822,DUNNIGAN,pge,38.92506225480307,-121.99011725790068,0.05528539037203761,True
1485,66,Substation,' ',38.80928378,-121.7450948,KNIGHTS LANDING,pge,38.80894434056115,-121.74638901920422,0.11832215340267013,True
1486,66,Substation,' ',38.67068601,-121.969347,ZAMORA,pge,38.77465430165772,-121.85821418077823,15.053251322993415,False
1487,115,Substation,' ',38.52282675,-121.9950809,PUTAH CREEK,pge,38.52334998723117,-121.9952137072624,0.05931735816429125,True
1488,66,Substation,' ',39.22586945,-121.4227731,BROWNS VALLEY,pge,39.22604998760262,-121.42343570527576,0.0605030209230645,True
1489,66,Substation,' ',39.48525926,-121.2203187,CHALLENGE,pge,39.48563129002225,-121.22014874811364,0.043863684263908236,True
1490,66,Substation,' ',39.33987652,-121.1949272,DOBBINS,pge,39.340076339250025,-121.19541552842642,0.04751083251769066,True
1491,66,Substation,' ',39.16343792,-121.5610556,EAST MARYSVILLE,pge,39.16342235495069,-121.56120836057298,0.013283448374442421,True
1492,66,Substation,' ',39.24756794,-121.6371358,LIVE OAK,pge,39.27647099774993,-121.66045789355064,3.7895371941967197,False
1493,66,Substation,' ',39.05146481,-121.5463491,PLUMAS,pge,39.0262294520019,-121.54346448414113,2.817081925871771,False
1494,66,Substation,' ',39.14002976,-121.5834743,MARYSVILLE,pge,39.14000454607997,-121.5836129617673,0.01228292260646811,True
1495,66,Substation,' ',39.02624606,-121.543052,PLUMAS,pge,39.0262294520019,-121.54346448414113,0.03567929101857296,True
1496,66,Substation,' ',39.01314723,-121.4186163,WHEATLAND,pge,39.013259823908015,-121.41884454220936,0.023358459281846617,True
1497,500,Substation,' ',39.23718795,-122.2765024,MAXWELL,pge,39.27720532980578,-122.15302787153044,11.524788967188726,False
1498,230,Substation,' ',40.71501315,-122.4212465,STILLWATER,pge,40.67760281495655,-122.34983936540058,7.317425242275752,False
1499,115,Substation,' ',40.51010552,-122.4247382,GIRVAN,pge,40.51345782429336,-122.37892882123532,3.8905515723103075,False
1500,66,Substation,' ',39.07795141,-120.4062356,SUMMIT,pge,39.31945516117808,-120.37918428385689,26.954974691122462,False
1501,66,Substation,' ',39.36196528,-123.1278407,MENDOCINO,pge,39.25063932695956,-123.19762575124754,13.758190781919286,False
1502,115,Substation,' ',38.1865924,-120.1119474,SPRING GAP,pge,38.186423435629614,-120.111394105077,0.05187923271373111,True
1503,230,Substation,' ',37.75610406,-122.3864726,SF A (POTRERO),pge,37.75597723579284,-122.38631343999468,0.019865977726164833,True
1504,66,Substation,' ',38.01284457,-121.7863208,CONTRA COSTA,pge,37.99867901702416,-121.78318387764637,1.5989365002598002,True
1505,115,Substation,' ',38.01603226,-121.8607018,PITTSBURG,pge,38.03070653596985,-121.8692592247712,1.795645077244425,True
1506,66,Substation,' ',34.92760556,-119.6213417,CUYAMA,pge,34.927616278599906,-119.62029680803812,0.09526613768670072,True
1507,115,Substation,' ',34.64795679,-120.1848073,BUELLTON,pge,34.62516166893696,-120.18655523536748,2.5397413818753556,False
1508,500,Substation,' ',34.55164736,-117.4377996,Roadway,sce,34.57597041904508,-117.4122559950478,3.5757141669389525,False
1509,66,Substation,' ',34.09930127,-117.7073995,San Antonio,sce,34.09336562452708,-117.69790411356152,1.0954823878323,True
1510,66,Substation,' ',33.89465809,-118.2645067,Fremont,sce,33.894644489493515,-118.26469982761756,0.017889512021675772,True
1511,115,Substation,' ',37.96718047,-120.3864075,TAR FLAT,pge,37.98475497824085,-120.37980694800358,2.0380384575761363,False
1512,230,Substation,' ',33.12288056,-117.2878861,PALOMAR AIRPORT,sdge,33.131263270165704,-117.27774083466684,1.3271675212527705,True
1513,66,Substation,' ',37.48333489,-120.8464336,LIVINGSTON,pge,37.36355711461608,-120.76057836344424,15.325418058540318,False
1514,115,Substation,' ',33.49095832,-117.0638806,Pechanga,sce,33.49214943279386,-117.05640121088769,0.7061181384705683,True
1515,66,Substation,' ',40.59278468,-122.3696561,OREGON TRAIL,pge,40.61899130155303,-122.3221442755599,4.9577445755938925,False
1516,115,Substation,' ',33.54998165,-117.6282105,MARGARITA,sdge,33.57146030691496,-117.62718222915268,2.390217416739884,False
1517,230,Substation,' ',32.63792799,-117.016092,TELEGRAPH CANYON,sdge,32.62823397878233,-116.99928208857708,1.9078120667013114,True
1518,66,Substation,' ',32.94142222,-117.0327306,POMERADO,sdge,32.93866507905452,-117.03289416045068,0.3069597987636616,True
1519,66,Substation,' ',33.11840833,-117.098475,ESCO,sdge,33.120609601909536,-117.08670241957644,1.1233640288596576,True
1520,66,Substation,' ',32.90195058,-117.2270561,TORREY PINES,sdge,32.90838006172779,-117.2314708130261,0.8252140636575445,True
1521,66,Substation,' ',32.74614754,-117.1925255,VINE,sdge,32.739010077220925,-117.18090754192951,1.3455724289881414,True
1522,66,Substation,' ',32.67954522,-117.2473513,CABRILLO,sdge,32.715978473390244,-117.23990304016904,4.110708339030194,False
1523,115,Substation,' ',32.82670278,-115.7889389,BOULEVARD EAST,sdge,32.658400194287246,-116.26859395520212,48.607694917378915,False
1524,66,Substation,' ',32.76360286,-115.565348,BOULEVARD EAST,sdge,32.658400194287246,-116.26859395520212,66.82750628249562,False
1525,115,Substation,' ',33.79775322,-116.2871277,Concho,sce,33.75688900153803,-116.33419299787862,6.290457650426732,False
1526,66,Substation,' ',33.72019357,-116.3631391,Palm Village,sce,33.720183718386934,-116.362285741825,0.07893242337712454,True
1527,115,Substation,' ',33.71418472,-116.2867908,Indian Wells,sce,33.72944374862638,-116.34321099441657,5.4869821013090165,False
1528,115,Substation,' ',32.73663553,-114.7145675,Verdant,sce,33.41784425716497,-114.72418516485564,75.75225484493448,False
1529,115,Substation,' ',33.32771631,-115.9448921,BORREGO,sdge,33.242891548049656,-116.34638794455222,38.49374308766435,False
1530,66,Substation,' ',34.0636675,-117.3223511,Colton,sce,34.05928099568391,-117.31516299984052,0.822407503515674,True
1531,66,Substation,' ',34.06007672,-117.3066786,Colton,sce,34.05928099568391,-117.31516299984052,0.7865748995564449,True
1532,230,Substation,' ',39.02399377,-121.7233826,BARRY,pge,39.069242120060025,-121.68996821514853,5.800127953197827,False
1533,115,Substation,' ',37.41117121,-121.9276788,RIVER OAKS,pge,37.41128179639234,-121.92707411842656,0.054803817247486786,True
1534,115,Substation,' ',37.4207031,-121.9598699,NORTECH,pge,37.42095169352169,-121.9604588755621,0.05890171062634265,True
1535,115,Substation,' ',37.43005674,-121.9514711,NORTECH,pge,37.42095169352169,-121.9604588755621,1.2864395571651879,True
1536,66,Substation,' ',37.67389353,-121.835631,VINEYARD,pge,37.66981508616917,-121.85487819350168,1.753664638992047,True
1537,66,Substation,' ',37.70408449,-121.9007603,RADUM,pge,37.67228311817145,-121.85958601044506,5.062723348268069,False
1538,66,Substation,' ',37.72019332,-121.5952918,LAMMERS,pge,37.71280029392499,-121.47875326631689,10.283692645019684,False
1539,66,Substation,' ',37.74483101,-121.857924,NORTH DUBLIN,pge,37.74483921993783,-121.85769752164674,0.019934432410915748,True
1540,115,Substation,' ',40.5258508,-122.4280528,GIRVAN,pge,40.51345782429336,-122.37892882123532,4.3750673683355155,False
1541,66,Substation,' ',33.23069511,-117.0184193,VALLEY CENTER,sdge,33.227784132577035,-116.99902954019036,1.832313896172979,True
1542,66,Substation,' ',32.69904488,-116.3537629,CRESTWOOD,sdge,32.727783372487686,-116.35940865297788,3.2389343418172936,False
1543,115,Substation,' ',34.02229167,-117.3327972,Colton,sce,34.05928099568391,-117.31516299984052,4.422333054527906,False
1544,66,Substation,' ',32.79698055,-116.7922,ALPINE,sdge,32.83888956328325,-116.7726717306921,5.004639759657329,False
1545,230,Substation,' ',38.12465193,-121.8301478,PITTSBURG,pge,38.03070653596985,-121.8692592247712,10.992904800166826,False
1546,66,Substation,' ',33.05860864,-117.1192854,OLIVENHAIN,sdge,33.08058418373013,-117.12129876052612,2.4507604246894963,False
1547,500,Substation,' ',33.73452905,-117.4125219,Fogarty,sce,33.70081870853662,-117.37384841874932,5.181210511549936,False
1548,115,Substation,' ',37.41801671,-120.8309528,LIVINGSTON,pge,37.36355711461608,-120.76057836344424,8.679011457583226,False
1549,115,Substation,' ',37.43627042,-121.1323489,CROWS LANDING,pge,37.37774567278726,-121.08632626856836,7.6729383309980355,False
1550,115,Substation,' ',37.53726161,-120.8092201,CRESSEY,pge,37.42859913669553,-120.6384473846346,19.314522276119817,False
1551,66,Substation,' ',37.738605,-121.7711633,CAYETANO,pge,37.73836825979488,-121.77069648385788,0.04876478085797672,True
1552,66,Substation,' ',37.50071672,-120.913575,LIVINGSTON,pge,37.36355711461608,-120.76057836344424,20.374086639891942,False
1553,66,Substation,' ',35.14258236,-117.9687131,Cal City 'B',sce,35.1431029846686,-117.96986176529046,0.11941467041849414,True
1554,66,Substation,' ',33.96078597,-117.4277577,Rubidoux,sce,33.99901674325448,-117.41596904208612,4.387838928156862,False
1555,66,Substation,' ',34.00353401,-117.3431884,West Riverside,sce,34.00574163622427,-117.39244956440842,4.5475115272783455,False
1556,66,Substation,' ',34.2734985,-119.2475484,Pierpont,sce,34.27390083589774,-119.24822507834864,0.07659982735355782,True
1557,66,Substation,' ',32.69488244,-117.1432682,SAMPSON,sdge,32.69878935180088,-117.12035389454664,2.187773500202603,False
1558,66,Substation,' ',40.36041129,-120.8677626,HAMILTON BRANCH,pge,40.26931804937077,-121.08804585596388,21.246831917859346,False
1559,66,Substation,' ',40.41450968,-120.7380555,HAMILTON BRANCH,pge,40.26931804937077,-121.08804585596388,33.771378262030595,False
1560,66,Substation,' ',40.42373732,-120.6545605,HAMILTON BRANCH,pge,40.26931804937077,-121.08804585596388,40.55099995610301,False
1561,66,Substation,' ',40.41232276,-120.6606949,HAMILTON BRANCH,pge,40.26931804937077,-121.08804585596388,39.55633826247749,False
1562,66,Substation,' ',40.40822706,-120.6473551,HAMILTON BRANCH,pge,40.26931804937077,-121.08804585596388,40.41892550066293,False
1563,66,Substation,' ',40.41007909,-120.6421892,HAMILTON BRANCH,pge,40.26931804937077,-121.08804585596388,40.90175875109743,False
1564,66,Substation,' ',40.41009979,-120.6416013,HAMILTON BRANCH,pge,40.26931804937077,-121.08804585596388,40.948672339073205,False
1565,66,Substation,' ',40.38191421,-120.57454,CRESCENT MILLS,pge,40.093925518711536,-120.91070330230104,42.89141866923073,False
1566,66,Substation,' ',40.3520719,-120.3224458,CRESCENT MILLS,pge,40.093925518711536,-120.91070330230104,57.60488785274042,False
1567,66,Substation,' ',40.36833693,-120.2647837,CRESCENT MILLS,pge,40.093925518711536,-120.91070330230104,62.7508536478147,False
1568,66,Substation,' ',40.35133837,-120.2488718,CRESCENT MILLS,pge,40.093925518711536,-120.91070330230104,63.06064218828629,False
1569,66,Substation,' ',40.30038982,-120.1942201,CRESCENT MILLS,pge,40.093925518711536,-120.91070330230104,65.0399342577843,False
1570,66,Substation,' ',41.44399812,-120.8801201,MC ARTHUR,pge,41.0514109866347,-121.40819070502693,62.08637850249029,False
1571,66,Substation,' ',41.13280847,-121.1375887,MC ARTHUR,pge,41.0514109866347,-121.40819070502693,24.41662437415639,False
1572,66,Substation,' ',41.09133715,-121.1788459,MC ARTHUR,pge,41.0514109866347,-121.40819070502693,19.731659869740245,False
1573,66,Substation,' ',40.29760752,-121.0180107,HAMILTON BRANCH,pge,40.26931804937077,-121.08804585596388,6.722193271881302,False
1574,66,Substation,' ',40.79375288,-124.1832703,EUREKA A,pge,40.79388382264845,-124.18290357012602,0.03413324629111922,True
1575,66,Substation,' ',40.79343242,-124.1803135,EUREKA E,pge,40.793699357832445,-124.17955004886942,0.07079215850117887,True
1576,66,Substation,' ',40.27530051,-120.187432,CRESCENT MILLS,pge,40.093925518711536,-120.91070330230104,64.66668541532945,False
1577,66,Substation,' ',40.1445318,-120.1703093,CRESCENT MILLS,pge,40.093925518711536,-120.91070330230104,63.207486285774294,False
1578,66,Substation,' ',39.65452133,-121.6355082,CLARK ROAD,pge,39.65482672818301,-121.63548123647666,0.0340370922472637,True
1579,115,Substation,' ',39.71972703,-121.8393363,DAYTON ROAD,pge,39.72016631724905,-121.83969083882324,0.057493293311189866,True
1580,66,Substation,' ',39.76192786,-122.1975464,ORLAND B,pge,39.72519125045083,-122.17865785695024,4.39257278869248,False
1581,66,Substation,' ',39.40558966,-123.3270796,WILLITS,pge,39.40550748378168,-123.32695422926648,0.014125178001203224,True
1582,115,Substation,' ',39.58040165,-121.1196964,CHALLENGE,pge,39.48563129002225,-121.22014874811364,13.611158659119255,False
1583,66,Substation,' ',39.33576922,-120.1837725,SUMMIT,pge,39.31945516117808,-120.37918428385689,16.905589295649982,False
1584,230,Substation,' ',38.98438032,-120.3273764,ECHO SUMMIT,pge,38.82437656201053,-120.0284989889445,31.391021282779004,False
1585,230,Substation,' ',38.89702284,-120.378397,EL DORADO PH,pge,38.79358310217803,-120.61933508570162,23.82616732183278,False
1586,230,Substation,' ',38.83404102,-120.5318797,EL DORADO PH,pge,38.79358310217803,-120.61933508570162,8.812125458208566,False
1587,115,Substation,' ',38.0718328,-120.5393568,FROGTOWN,pge,38.05723780621027,-120.5341629491827,1.6853844386382186,True
1588,230,Substation,' ',37.9465677,-120.5300395,PEORIA,pge,37.90339247520717,-120.49708389009176,5.603923943230832,False
1589,66,Substation,' ',38.03021814,-121.8740447,PITTSBURG,pge,38.03070653596985,-121.8692592247712,0.42264606419215694,True
1590,66,Substation,' ',38.03040028,-121.8694191,PITTSBURG,pge,38.03070653596985,-121.8692592247712,0.03682068663673028,True
1591,115,Substation,' ',38.01494901,-122.1162354,FAIRVIEW,pge,38.01590927413491,-122.11629244561098,0.10689338337606155,True
1592,115,Substation,' ',38.01608705,-122.1162873,FAIRVIEW,pge,38.01590927413491,-122.11629244561098,0.019772913228170288,True
1593,115,Substation,' ',37.87667314,-120.6055921,PEORIA,pge,37.90339247520717,-120.49708389009176,9.974780845508484,False
1594,115,Substation,' ',38.0141512,-121.7753221,CONTRA COSTA,pge,37.99867901702416,-121.78318387764637,1.8531954902179701,True
1595,230,Substation,' ',38.01528973,-121.7623028,CONTRA COSTA,pge,37.99867901702416,-121.78318387764637,2.599715572874923,False
1596,115,Substation,' ',38.01445584,-121.790861,CONTRA COSTA,pge,37.99867901702416,-121.78318387764637,1.87883206089592,True
1597,115,Substation,' ',37.94324554,-122.384154,RICHMOND R,pge,37.92625133438892,-122.36966637516512,2.277105881889069,False
1598,115,Substation,' ',37.94430499,-122.389169,RICHMOND R,pge,37.92625133438892,-122.36966637516512,2.6373017939210954,False
1599,115,Substation,' ',37.94096481,-122.3887883,RICHMOND R,pge,37.92625133438892,-122.36966637516512,2.3428918478306513,False
1600,115,Substation,' ',37.95041,-122.395126,RICHMOND R,pge,37.92625133438892,-122.36966637516512,3.4930432690950943,False
1601,115,Substation,' ',37.94563541,-122.3809747,RICHMOND R,pge,37.92625133438892,-122.36966637516512,2.3726205378240808,False
1602,115,Substation,' ',37.94438087,-119.216016,Lee Vining,sce,37.95210000114013,-119.11645555543384,8.772011964282813,False
1603,230,Substation,' ',37.94623587,-121.7597976,LONE TREE,pge,37.94630532263428,-121.75910439326935,0.06127381565636502,True
1604,66,Substation,' ',37.9261806,-122.3695771,RICHMOND R,pge,37.92625133438892,-122.36966637516512,0.011098569611920071,True
1605,115,Substation,' ',37.88360418,-122.1934706,SOBRANTE,pge,37.90535027631521,-122.20813319872327,2.739050046869638,False
1606,230,Substation,' ',37.54586828,-118.5899655,Sherwin,sce,37.56199618416868,-118.67541707394592,7.743350354964515,False
1607,230,Substation,' ',37.79142631,-121.7277739,CAYETANO,pge,37.73836825979488,-121.77069648385788,7.003082895453833,False
1608,115,Substation,' ',37.83757075,-122.2636119,OAKLAND D,pge,37.837475094130205,-122.26158519172704,0.17829613035047984,True
1609,115,Substation,' ',37.79786601,-122.282006,OAKLAND C,pge,37.79750313857218,-122.28100831632332,0.09650096137827772,True
1610,115,Substation,' ',37.79743896,-122.2807377,OAKLAND C,pge,37.79750313857218,-122.28100831632332,0.024825321300558045,True
1611,115,Substation,' ',37.80528987,-122.2312677,OAKLAND X,pge,37.80525464784044,-122.23148010243337,0.019067181549642133,True
1612,115,Substation,' ',37.810314,-122.271413,OAKLAND L,pge,37.810340376987845,-122.27159254723468,0.01604341116307408,True
1613,66,Substation,' ',37.79421735,-121.5595702,HERDLYN,pge,37.81698475446724,-121.58716994811228,3.505506927854301,False
1614,66,Substation,' ',37.74908911,-121.6494936,VASCO,pge,37.71097214981069,-121.71567702519704,7.200132105097904,False
1615,230,Substation,' ',37.80058871,-121.6209518,HERDLYN,pge,37.81698475446724,-121.58716994811228,3.483031976538091,False
1616,230,Substation,' ',37.74738601,-121.598344,HERDLYN,pge,37.81698475446724,-121.58716994811228,7.801081477426564,False
1617,115,Substation,' ',37.78868624,-122.2898292,OAKLAND C,pge,37.79750313857218,-122.28100831632332,1.249772641738984,True
1618,115,Substation,' ',37.77932065,-122.2926961,OAKLAND C,pge,37.79750313857218,-122.28100831632332,2.2677164424712095,False
1619,66,Substation,' ',37.76124999,-121.690746,VASCO,pge,37.71097214981069,-121.71567702519704,6.005141297553013,False
1620,115,Substation,' ',37.64645793,-118.9100447,Casa Diablo,sce,37.64672134828576,-118.91071947724666,0.06623790009295842,True
1621,115,Substation,' ',37.64552942,-118.9146492,Casa Diablo,sce,37.64672134828576,-118.91071947724666,0.37050476875585336,True
1622,66,Substation,' ',37.74310007,-121.6587199,VASCO,pge,37.71097214981069,-121.71567702519704,6.152656981549387,False
1623,115,Substation,' ',37.68223895,-121.705288,LAS POSITAS,pge,37.70094251288631,-121.73350621738382,3.2388614030437766,False
1624,66,Substation,' ',37.7265308,-121.5872593,LAMMERS,pge,37.71280029392499,-121.47875326631689,9.665181381170695,False
1625,115,Substation,' ',37.69858612,-121.6106741,VASCO,pge,37.71097214981069,-121.71567702519704,9.339672132156052,False
1626,115,Substation,' ',37.36244493,-120.6278648,ATWATER,pge,37.3600903184248,-120.61458852452108,1.2022201373530563,True
1627,66,Substation,' ',37.41693813,-118.4028574,Mt. Tom,sce,37.35012841125564,-118.46543749176112,9.26071457435699,False
1628,66,Substation,' ',37.34207284,-118.4409309,Mt. Tom,sce,37.35012841125564,-118.46543749176112,2.3442245343132555,False
1629,115,Substation,' ',37.32303711,-118.5017679,Mt. Tom,sce,37.35012841125564,-118.46543749176112,4.40355604507754,False
1630,66,Substation,' ',37.36019169,-118.3985227,Mt. Tom,sce,37.35012841125564,-118.46543749176112,6.019367386118727,False
1631,66,Substation,' ',37.27387104,-118.5736305,Mt. Tom,sce,37.35012841125564,-118.46543749176112,12.784973133121358,False
1632,230,Substation,' ',37.20010694,-119.3068684,Big Creek 2,sce,37.19903708987874,-119.30576224985498,0.15411203735030815,True
1633,230,Substation,' ',37.20395556,-119.242925,Pitman,sce,37.20519869817524,-119.23958635760312,0.32640139929665934,True
1634,230,Substation,' ',36.92739551,-119.0208088,HAAS,pge,36.92739381730309,-119.02017254615168,0.05655624668654306,True
1635,230,Substation,' ',37.20971272,-119.328853,Big Creek 2,sce,37.19903708987874,-119.30576224985498,2.3645933475729097,False
1636,230,Substation,' ',37.22028333,-119.3380194,Big Creek 2,sce,37.19903708987874,-119.30576224985498,3.7069865524988215,False
1637,66,Substation,' ',37.08690864,-121.0168727,SANTA NELLA,pge,37.08567509415812,-121.01318384348406,0.35479978192911266,True
1638,115,Substation,' ',36.94007047,-118.2569513,Mt. Tom,sce,37.35012841125564,-118.46543749176112,49.1985762685701,False
1639,115,Substation,' ',37.14207156,-118.3241606,Mt. Tom,sce,37.35012841125564,-118.46543749176112,26.298347473802817,False
1640,230,Substation,' ',37.01341111,-120.9452333,WRIGHT,pge,37.01392488612878,-120.94478091254076,0.06983637935609842,True
1641,66,Substation,' ',37.06232233,-121.18011,SANTA NELLA,pge,37.08567509415812,-121.01318384348406,15.03523914248169,False
1642,230,Substation,' ',37.06666669,-121.0754528,SANTA NELLA,pge,37.08567509415812,-121.01318384348406,5.914749754789491,False
1643,115,Substation,' ',37.0922461,-119.5526664,KERCKHOFF,pge,37.09207364074768,-119.55301276394894,0.036215154455610965,True
1644,230,Substation,' ',37.14821116,-119.3885387,Big Creek 2,sce,37.19903708987874,-119.30576224985498,9.259001605088859,False
1645,115,Substation,' ',37.07187751,-119.558037,KERCKHOFF,pge,37.09207364074768,-119.55301276394894,2.289507020382584,False
1646,230,Substation,' ',36.83274727,-119.3268009,TIVY VALLEY,pge,36.770688020428544,-119.39266766293925,9.056005552705313,False
1647,230,Substation,' ',36.78002058,-120.729744,HAMMONDS,pge,36.71999629266149,-120.60261292866964,13.14700052251428,False
1648,66,Substation,' ',36.80022812,-121.7690706,DOLAN ROAD,pge,36.80013119439448,-121.76897719428231,0.013613330577291161,True
1649,66,Substation,' ',36.62404337,-121.6880604,RESERVATION ROAD,pge,36.62420269765867,-121.68862755200468,0.053624498124368744,True
1650,66,Substation,' ',36.71951798,-119.764185,CALIFORNIA AVE,pge,36.71976722854816,-119.76422834299458,0.02798312143152654,True
1651,115,Substation,' ',36.68886004,-119.7237178,MALAGA,pge,36.6933448884706,-119.7259384506958,0.5365619030975002,True
1652,115,Substation,' ',36.69045427,-119.7404181,MALAGA,pge,36.6933448884706,-119.7259384506958,1.3304553043268121,True
1653,115,Substation,' ',36.53941711,-119.5806772,KINGSBURG,pge,36.4886216034969,-119.5824905378176,5.650526949739719,False
1654,66,Substation,' ',36.13620329,-120.3442291,COALINGA NO 1,pge,36.13620074047216,-120.34415486251105,0.006672771310548347,True
1655,66,Substation,' ',36.23719531,-120.3147162,COALINGA NO 2,pge,36.237727890424445,-120.31459024852086,0.06028798515430973,True
1656,230,Substation,' ',36.03673169,-117.7979617,Coso,sce,36.082697937378725,-117.9508794515932,14.66535283448964,False
1657,115,Substation,' ',36.00145001,-117.7901861,Coso,sce,36.082697937378725,-117.9508794515932,17.040101291488064,False
1658,115,Substation,' ',36.00617523,-117.8101854,Coso,sce,36.082697937378725,-117.9508794515932,15.245059013084573,False
1659,115,Substation,' ',36.01858914,-117.7915328,Coso,sce,36.082697937378725,-117.9508794515932,16.001037480111844,False
1660,66,Substation,' ',36.22587778,-121.1283444,KING CITY,pge,36.21705442156273,-121.12682030175492,0.9905929460783289,True
1661,66,Substation,' ',36.05657777,-119.5499472,CORCORAN,pge,36.1097291421788,-119.55733517121652,5.947335723383654,False
1662,66,Substation,' ',35.46016796,-118.7796082,CAL WATER,pge,35.42222837471225,-118.90059842079376,11.744554872038693,False
1663,66,Substation,' ',35.77620279,-118.4362468,Kernville,sce,35.7720581025832,-118.43173950101318,0.6146105905656886,True
1664,115,Substation,' ',35.55923489,-118.9576432,POSO MOUNTAIN,pge,35.559202917522015,-118.95782903329666,0.017182071465806574,True
1665,66,Substation,' ',35.45137667,-118.9839222,KERN OIL,pge,35.44071661874439,-119.02040105128609,3.510648083865643,False
1666,115,Substation,' ',35.51575889,-119.040603,KERN OIL,pge,35.44071661874439,-119.02040105128609,8.54247996674026,False
1667,115,Substation,' ',35.41707406,-119.00734,KERN OIL,pge,35.44071661874439,-119.02040105128609,2.8830074208320466,False
1668,115,Substation,' ',35.44042076,-119.0133061,KERN OIL,pge,35.44071661874439,-119.02040105128609,0.6435903435071337,True
1669,115,Substation,' ',35.2769642,-119.4741216,ELK HILLS,pge,35.226241139395945,-119.37663775129045,10.49613391217598,False
1670,115,Substation,' ',35.27225248,-119.474105,ELK HILLS,pge,35.226241139395945,-119.37663775129045,10.223073177054262,False
1671,115,Substation,' ',35.28134076,-119.4699213,ELK HILLS,pge,35.226241139395945,-119.37663775129045,10.453918638450991,False
1672,115,Substation,' ',35.28117768,-119.4728705,ELK HILLS,pge,35.226241139395945,-119.37663775129045,10.661661119278772,False
1673,115,Substation,' ',35.2786367,-119.4641802,ELK HILLS,pge,35.226241139395945,-119.37663775129045,9.855610212870765,False
1674,115,Substation,' ',35.42487718,-119.6876388,TEMBLOR,pge,35.383198949735814,-119.6964252470037,4.702329565611579,False
1675,66,Substation,' ',35.3634818,-119.6755007,TEMBLOR,pge,35.383198949735814,-119.6964252470037,2.899335203047537,False
1676,66,Substation,' ',35.29631924,-119.6270095,MCKITTRICK,pge,35.29701832939979,-119.6266169615922,0.08550943333114668,True
1677,66,Substation,' ',35.4405646,-118.7967529,CAL WATER,pge,35.42222837471225,-118.90059842079376,9.627074139020417,False
1678,66,Substation,' ',35.62202485,-117.6883033,Downs,sce,35.62041331900779,-117.6884528047109,0.1797028952546708,True
1679,230,Substation,' ',35.02957907,-119.0044792,TEJON,pge,35.01982434064145,-118.95468562709183,4.662041910039731,False
1680,66,Substation,' ',35.05874577,-118.2699171,Goldtown,sce,35.05456290386635,-118.18626607582308,7.628312937608115,False
1681,66,Substation,' ',35.0446759,-118.2763121,Southwind,sce,35.03149211101637,-118.3500052736917,6.86754737558732,False
1682,66,Substation,' ',35.04604202,-118.2808834,Southwind,sce,35.03149211101637,-118.3500052736917,6.497662475506421,False
1683,230,Substation,' ',35.03860642,-118.2928989,Southwind,sce,35.03149211101637,-118.3500052736917,5.25917289810995,False
1684,115,Substation,' ',35.22732222,-119.6310111,FELLOWS,pge,35.19473434349657,-119.58611007274465,5.456269945406065,False
1685,115,Substation,' ',35.22558057,-119.6297639,FELLOWS,pge,35.19473434349657,-119.58611007274465,5.243436095230883,False
1686,66,Substation,' ',35.27635813,-119.5988863,MCKITTRICK,pge,35.29701832939979,-119.6266169615922,3.407759606208761,False
1687,66,Substation,' ',35.22527531,-119.5594974,FELLOWS,pge,35.19473434349657,-119.58611007274465,4.168757609366907,False
1688,115,Substation,' ',35.1457167,-119.5027528,TAFT,pge,35.13623071502375,-119.48227773692136,2.1398021532023317,False
1689,230,Substation,' ',35.15800786,-119.348897,MARICOPA,pge,35.10762692812825,-119.39725152751392,7.121746119050445,False
1690,66,Substation,' ',35.08980448,-119.441227,MARICOPA,pge,35.10762692812825,-119.39725152751392,4.464631149873828,False
1691,66,Substation,' ',34.86026253,-118.8805391,Gorman,sce,34.78871455256242,-118.8223213307326,9.56736409626097,False
1692,115,Substation,' ',35.03252074,-117.7003105,Holgate,sce,35.01556648872467,-117.70476753610514,1.9284179711380094,True
1693,66,Substation,' ',34.15591282,-118.2775984,Universal,sce,34.143280476249465,-118.3563502272626,7.3817843848264175,False
1694,66,Substation,' ',34.17780359,-118.316146,Universal,sce,34.143280476249465,-118.3563502272626,5.33108011873195,False
1695,66,Substation,' ',34.17160752,-118.3038497,Universal,sce,34.143280476249465,-118.3563502272626,5.766943138651723,False
1696,66,Substation,' ',34.10139918,-118.2877455,Fairfax,sce,34.08962425490188,-118.36102317404686,6.873339324586425,False
1697,66,Substation,' ',34.04077632,-117.8218358,Trophy,sce,34.039299427293365,-117.81990120259648,0.24237264854616547,True
1698,66,Substation,' ',34.024072,-118.0241972,Hoyt,sce,34.05246100173005,-118.04787199850246,3.8371418596458566,False
1699,66,Substation,' ',33.90248924,-118.4028868,Sepulveda,sce,33.918899996678014,-118.3965350030493,1.9166234356352174,True
1700,66,Substation,' ',33.87575205,-118.2491081,Jersey,sce,33.87967909325,-118.24798204815698,0.44887053744760025,True
1701,66,Substation,' ',33.80372031,-118.2821461,Watson,sce,33.807991928350866,-118.26203446826712,1.9179581103815087,True
1702,66,Substation,' ',33.79405948,-118.2353506,Watson,sce,33.807991928350866,-118.26203446826712,2.911911040964466,False
1703,115,Substation,' ',33.77007438,-118.2651929,Dike,sce,33.76237900518144,-118.22216998226938,4.067953870767109,False
1704,66,Substation,' ',33.77514222,-118.2278691,Dike,sce,33.76237900518144,-118.22216998226938,1.5138223061584573,True
1705,66,Substation,' ',33.7656395,-118.2251507,Dike,sce,33.76237900518144,-118.22216998226938,0.4553723178179103,True
1706,115,Substation,' ',33.15710432,-115.6467855,BORREGO,sdge,33.242891548049656,-116.34638794455222,65.78887691906183,False
1707,115,Substation,' ',33.15682042,-115.6399654,BORREGO,sdge,33.242891548049656,-116.34638794455222,66.4214467518377,False
1708,115,Substation,' ',33.1577481,-115.6400038,BORREGO,sdge,33.242891548049656,-116.34638794455222,66.4027811337274,False
1709,115,Substation,' ',33.16232475,-115.6177256,BORREGO,sdge,33.242891548049656,-116.34638794455222,68.38479366384104,False
1710,115,Substation,' ',33.16436955,-115.6153132,BORREGO,sdge,33.242891548049656,-116.34638794455222,68.57721025395931,False
1711,115,Substation,' ',33.17808484,-115.6042926,BORREGO,sdge,33.242891548049656,-116.34638794455222,69.41411954086274,False
1712,115,Substation,' ',33.17838727,-115.5658256,Eagle Mountain,sce,33.81142800223903,-115.45355200188276,71.15664983208518,False
1713,115,Substation,' ',32.96851821,-115.5346445,BOULEVARD EAST,sdge,32.658400194287246,-116.26859395520212,76.76970039629744,False
1714,115,Substation,' ',32.81647025,-115.2573359,Verdant,sce,33.41784425716497,-114.72418516485564,83.28840548013284,False
1715,115,Substation,' ',32.78658788,-115.2487903,Verdant,sce,33.41784425716497,-114.72418516485564,85.52655653163956,False
1716,115,Substation,' ',32.77451111,-115.2648667,Verdant,sce,33.41784425716497,-114.72418516485564,87.48743057552664,False
1717,115,Substation,' ',32.77523611,-115.2632922,Verdant,sce,33.41784425716497,-114.72418516485564,87.3369895529245,False
1718,115,Substation,' ',32.70607416,-115.217907,Verdant,sce,33.41784425716497,-114.72418516485564,91.54688297731555,False
1719,115,Substation,' ',32.7060577,-115.1263706,Verdant,sce,33.41784425716497,-114.72418516485564,87.57253974218166,False
1720,66,Substation,' ',32.77916572,-114.6344093,Verdant,sce,33.41784425716497,-114.72418516485564,71.50848938449575,False
1721,66,Substation,' ',32.7145034,-115.5174953,BOULEVARD EAST,sdge,32.658400194287246,-116.26859395520212,70.56839858102163,False
1722,115,Substation,' ',32.67353827,-115.3920561,BOULEVARD EAST,sdge,32.658400194287246,-116.26859395520212,82.067454309309,False
1723,66,Substation,' ',41.93298104,-122.4367485,PIT NO 5,pge,40.98670271889426,-121.97630522163178,111.998379228269,False
1724,66,Substation,' ',41.97986964,-122.3359387,PIT NO 5,pge,40.98670271889426,-121.97630522163178,114.42606165292584,False
1725,115,Substation,' ',41.60383182,-122.5226591,ANTLER,pge,40.894973011426686,-122.38051411817683,79.71224422306904,False
1726,230,Substation,' ',40.98975466,-121.4967732,PIT NO 1,pge,40.990515571941216,-121.49747687310516,0.10318418940531111,True
1727,230,Substation,' ',40.98709396,-121.8493033,PIT NO 3,pge,40.99802297914013,-121.7472863637594,8.648026140155977,False
1728,230,Substation,' ',40.99253306,-121.9746015,PIT NO 5,pge,40.98670271889426,-121.97630522163178,0.6638878969187542,True
1729,230,Substation,' ',40.92227055,-121.9923454,PIT NO 5,pge,40.98670271889426,-121.97630522163178,7.290058541458222,False
1730,230,Substation,' ',40.98672929,-121.9765849,PIT NO 5,pge,40.98670271889426,-121.97630522163178,0.023660502649575393,True
1731,230,Substation,' ',40.79696775,-122.7614314,FRENCH GULCH,pge,40.6868686177047,-122.6404649477137,15.929126650191442,False
1732,230,Substation,' ',40.59823642,-122.5371186,FRENCH GULCH,pge,40.6868686177047,-122.6404649477137,13.159127294216198,False
1733,230,Substation,' ',40.64590342,-122.6257398,FRENCH GULCH,pge,40.6868686177047,-122.6404649477137,4.721400003178395,False
1734,66,Substation,' ',40.67817555,-121.8730925,WHITMORE,pge,40.6295221042704,-121.91545710136442,6.483871904364214,False
1735,66,Substation,' ',40.57186647,-122.0203827,WHITMORE,pge,40.6295221042704,-121.91545710136442,10.934972735429023,False
1736,66,Substation,' ',40.73723942,-122.3224981,STILLWATER,pge,40.67760281495655,-122.34983936540058,7.02034906616645,False
1737,115,Substation,' ',40.63357895,-122.3918969,STILLWATER,pge,40.67760281495655,-122.34983936540058,6.045697717946301,False
1738,66,Substation,' ',40.74435042,-122.3083163,STILLWATER,pge,40.67760281495655,-122.34983936540058,8.20578635352371,False
1739,115,Substation,' ',40.53504296,-122.3775951,GIRVAN,pge,40.51345782429336,-122.37892882123532,2.4028034478983913,False
1740,115,Substation,' ',40.58640252,-122.3952491,OREGON TRAIL,pge,40.61899130155303,-122.3221442755599,7.156963303517499,False
1741,115,Substation,' ',40.57484532,-122.3894841,GIRVAN,pge,40.51345782429336,-122.37892882123532,6.8839999084076675,False
1742,230,Substation,' ',40.6280133,-122.4677291,STILLWATER,pge,40.67760281495655,-122.34983936540058,11.371577003048488,False
1743,66,Substation,' ',40.40490556,-122.1217246,COTTONWOOD,pge,40.39732263215315,-122.26727834579738,12.353976849795435,False
1744,115,Substation,' ',40.51800505,-122.3153389,GIRVAN,pge,40.51345782429336,-122.37892882123532,5.399203458581596,False
1745,66,Substation,' ',40.45955127,-121.8664328,VOLTA,pge,40.45943689773459,-121.8677559059613,0.11266058858124783,True
1746,66,Substation,' ',40.40132958,-121.9651054,VOLTA,pge,40.45943689773459,-121.8677559059613,10.470967100637356,False
1747,66,Substation,' ',40.14465791,-122.2116928,RAWSON,pge,40.14506917599813,-122.2122547593741,0.0661279069738583,True
1748,115,Substation,' ',40.17581925,-121.1907463,BIG MEADOWS,pge,40.17150258367834,-121.08392810254136,9.088302351540081,False
1749,66,Substation,' ',39.97493535,-120.9447603,GANSNER,pge,39.93961216668611,-120.94857323506642,3.941180971804866,False
1750,66,Substation,' ',39.75696824,-120.3708737,SUMMIT,pge,39.31945516117808,-120.37918428385689,48.65445423750077,False
1751,66,Substation,' ',39.80126759,-120.6449025,EAST QUINCY,pge,39.93825707055911,-120.91057480535616,27.314835691904896,False
1752,66,Substation,' ',39.24586381,-120.0274494,SUMMIT,pge,39.31945516117808,-120.37918428385689,31.359691543986603,False
1753,66,Substation,' ',39.13686954,-121.6401138,HARTER,pge,39.1430758668314,-121.64781496424256,0.9578012959214028,True
1754,66,Substation,' ',39.0525088,-121.6919042,BARRY,pge,39.069242120060025,-121.68996821514853,1.868153374125147,True
1755,115,Substation,' ',38.88992636,-121.0984958,PLACER,pge,38.90151853238145,-121.08791088443655,1.5813361825437926,True
1756,115,Substation,' ',38.8057044,-122.8149792,GEYSERVILLE,pge,38.70995941018712,-122.9076911568436,13.340569099075545,False
1757,115,Substation,' ',38.81471409,-122.8020392,KONOCTI,pge,38.932601383485405,-122.74098053352844,14.134048969333188,False
1758,230,Substation,' ',38.8053101,-122.7838602,KONOCTI,pge,38.932601383485405,-122.74098053352844,14.632869511409499,False
1759,66,Substation,' ',37.31772837,-122.0887268,STELLING,pge,37.33589708085293,-122.04301499076,4.518665303702366,False
1760,230,Substation,' ',38.795979,-122.7670067,MIDDLETOWN,pge,38.75298395846147,-122.60794041011712,14.594621419161646,False
1761,66,Substation,' ',38.7794983,-121.2827414,ROCKLIN,pge,38.7878362079499,-121.2316984669296,4.52041248282349,False
1762,230,Substation,' ',38.75227765,-122.7195493,MIDDLETOWN,pge,38.75298395846147,-122.60794041011712,9.67859478151628,False
1763,66,Substation,' ',38.60655701,-122.852858,FITCH MOUNTAIN,pge,38.606826614556056,-122.85303132509898,0.03354915580052947,True
1764,66,Substation,' ',38.64740601,-121.411359,WEST SACRAMENTO,pge,38.58949498136971,-121.54527027674682,13.297256091967583,False
1765,66,Substation,' ',38.60630599,-121.34661,WEST SACRAMENTO,pge,38.58949498136971,-121.54527027674682,17.365204979288315,False
1766,66,Substation,' ',38.62063386,-121.405762,WEST SACRAMENTO,pge,38.58949498136971,-121.54527027674682,12.6073566197707,False
1767,66,Substation,' ',38.59310499,-121.237507,CLARKSVILLE,pge,38.6556481194856,-121.05997890956418,16.917661180830912,False
1768,66,Substation,' ',38.61922402,-121.282636,HORSESHOE,pge,38.74422432366909,-121.16136710564363,17.435540792421694,False
1769,66,Substation,' ',38.60908499,-121.491049,WEST SACRAMENTO,pge,38.58949498136971,-121.54527027674682,5.191085687969863,False
1770,66,Substation,' ',38.61934901,-121.439584,WEST SACRAMENTO,pge,38.58949498136971,-121.54527027674682,9.765243655425575,False
1771,66,Substation,' ',38.58062618,-121.3851902,WEST SACRAMENTO,pge,38.58949498136971,-121.54527027674682,13.94893369387981,False
1772,66,Substation,' ',38.59787636,-121.3812278,WEST SACRAMENTO,pge,38.58949498136971,-121.54527027674682,14.28715471484552,False
1773,66,Substation,' ',38.57077511,-121.451394,WEST SACRAMENTO,pge,38.58949498136971,-121.54527027674682,8.421513724499919,False
1774,66,Substation,' ',38.55643741,-121.4265029,WEST SACRAMENTO,pge,38.58949498136971,-121.54527027674682,10.959715494848844,False
1775,66,Substation,' ',38.53171154,-121.4001031,DEEPWATER,pge,38.55140495900723,-121.55981764661082,14.062211849616485,False
1776,66,Substation,' ',38.52911015,-121.7513987,DAVIS,pge,38.54537389882344,-121.7337412213476,2.372582018632874,False
1777,66,Substation,' ',38.49860176,-121.4279462,DEEPWATER,pge,38.55140495900723,-121.55981764661082,12.886996051988946,False
1778,66,Substation,' ',38.34437299,-121.1235694,IONE,pge,38.37370944252769,-120.9571666049228,14.87118988956222,False
1779,66,Substation,' ',38.271455,-121.312744,COLONY,pge,38.19050048956095,-121.18105263498548,14.60629422298283,False
1780,66,Substation,' ',38.27497882,-121.282964,COLONY,pge,38.19050048956095,-121.18105263498548,12.941132305938638,False
1781,115,Substation,' ',38.19806517,-122.1551376,JAMESON,pge,38.20543608324877,-122.14796860832556,1.0315902511594803,True
1782,115,Substation,' ',38.20550643,-122.147878,JAMESON,pge,38.20543608324877,-122.14796860832556,0.01112954051347159,True
1783,230,Substation,' ',38.123638,-121.829231,PITTSBURG,pge,38.03070653596985,-121.8692592247712,10.911334302271952,False
1784,66,Substation,' ',38.24122071,-121.8557539,PEABODY,pge,38.28556962442518,-121.97162432823951,11.254257830050229,False
1785,66,Substation,' ',38.22659284,-121.8441836,PEABODY,pge,38.28556962442518,-121.97162432823951,12.916265843261648,False
1786,115,Substation,' ',38.22688953,-121.0245828,COLONY,pge,38.19050048956095,-121.18105263498548,14.257435962808474,False
1787,230,Substation,' ',38.08793823,-121.3882058,EIGHT MILE,pge,38.058406468108736,-121.37663705496492,3.436383638545228,False
1788,66,Substation,' ',38.11600961,-121.290442,LODI,pge,38.137240812553664,-121.26217434307496,3.41865150943623,False
1789,66,Substation,' ',38.13724028,-121.2613779,LODI,pge,38.137240812553664,-121.26217434307496,0.06965579623358437,True
1790,66,Substation,' ',37.91255598,-121.2633716,WEBER,pge,37.91977787523238,-121.24063827031146,2.1498453731650473,False
1791,66,Substation,' ',37.93766718,-121.3283912,CHANNEL,pge,37.95540129864133,-121.33245614324008,2.0038995897995866,False
1792,66,Substation,' ',37.79785502,-121.274217,VIERRA,pge,37.79819570487165,-121.2743535358029,0.039736570570501846,True
1793,66,Substation,' ',37.80878549,-121.2765713,VIERRA,pge,37.79819570487165,-121.2743535358029,1.1935421522000096,True
1794,66,Substation,' ',37.75614112,-121.4169099,TRACY,pge,37.74813194950613,-121.41575105836796,0.8963879535160477,True
1795,115,Substation,' ',37.67245302,-121.5443886,LAMMERS,pge,37.71280029392499,-121.47875326631689,7.3130377369635555,False
1796,115,Substation,' ',37.72005266,-121.4884286,LAMMERS,pge,37.71280029392499,-121.47875326631689,1.1724356868340147,True
1797,115,Substation,' ',37.71036086,-121.4899576,LAMMERS,pge,37.71280029392499,-121.47875326631689,1.022248871569677,True
1798,115,Substation,' ',37.73691799,-122.3768664,SF P (HUNTERS POINT),pge,37.737055022315424,-122.37748705304148,0.05666493027584401,True
1799,115,Substation,' ',37.74602982,-122.4033721,SF A (POTRERO),pge,37.75597723579284,-122.38631343999468,1.8635523657315871,True
1800,66,Substation,' ',37.64289802,-121.040375,RIPON,pge,37.75576421896199,-121.14626329694828,15.629991274670779,False
1801,66,Substation,' ',37.65300923,-121.0196588,RIPON,pge,37.75576421896199,-121.14626329694828,15.956341148841716,False
1802,66,Substation,' ',37.637159,-120.993187,RIVERBANK,pge,37.76887583084935,-120.90778635201956,16.460900599519285,False
1803,66,Substation,' ',37.641965,-121.00605,RIVERBANK,pge,37.76887583084935,-120.90778635201956,16.54911461580203,False
1804,66,Substation,' ',37.62925302,-120.931338,RIVERBANK,pge,37.76887583084935,-120.90778635201956,15.66301485195068,False
1805,66,Substation,' ',37.48947163,-120.8380604,LIVINGSTON,pge,37.36355711461608,-120.76057836344424,15.58337860714094,False
1806,115,Substation,' ',37.48773294,-120.8968342,LIVINGSTON,pge,37.36355711461608,-120.76057836344424,18.31454503372019,False
1807,66,Substation,' ',37.45537671,-122.1782867,GLENWOOD,pge,37.457303934642994,-122.18733079776786,0.8265709308746104,True
1808,66,Substation,' ',37.4547593,-121.9355511,DIXON LANDING,pge,37.45705888772975,-121.92097272747756,1.3119766258470338,True
1809,115,Substation,' ',37.40954139,-122.0317761,LOCKHEED NO 1,pge,37.4097706587578,-122.03110865958986,0.06422694872039278,True
1810,115,Substation,' ',37.41613333,-122.0308028,LOCKHEED NO 2,pge,37.41633412032817,-122.03185703639838,0.095745253653762,True
1811,115,Substation,' ',37.41811202,-122.063481,AMES,pge,37.41803546385238,-122.06722574863358,0.3308216496600771,True
1812,66,Substation,' ',37.36941523,-121.9445236,TRIMBLE,pge,37.38283159012757,-121.92643970315228,2.1860916621557895,False
1813,115,Substation,' ',37.26909516,-121.7872462,PIERCY,pge,37.27020479293485,-121.78738454597324,0.12399137546056616,True
1814,66,Substation,' ',37.22643981,-121.9773522,LOS GATOS,pge,37.22645888521239,-121.97717996165842,0.015396618638860245,True
1815,115,Substation,' ',37.24447236,-121.7964123,EDENVALE,pge,37.24486514436606,-121.79536211168684,0.10270909863707511,True
1816,115,Substation,' ',37.21507985,-121.8043416,SANTA TERESA,pge,37.238496970450434,-121.79054338190755,2.876213465312616,False
1817,66,Substation,' ',37.2142178,-121.8952356,HICKS,pge,37.233642133115225,-121.9012169860993,2.22386901587196,False
1818,115,Substation,' ',37.19925063,-121.7490891,SANTA TERESA,pge,37.238496970450434,-121.79054338190755,5.702491952726117,False
1819,500,Substation,' ',37.22628255,-121.7462767,SANTA TERESA,pge,37.238496970450434,-121.79054338190755,4.147695886748419,False
1820,230,Substation,' ',37.22141404,-121.746599,SANTA TERESA,pge,37.238496970450434,-121.79054338190755,4.329561124700891,False
1821,115,Substation,' ',36.99859078,-121.5364215,LLAGAS,pge,37.00719420510908,-121.5569929127207,2.0620961085748495,False
1822,66,Substation,' ',36.91115927,-121.7679575,WATSONVILLE,pge,36.90322145782284,-121.75635320535145,1.3577937913235714,True
1823,115,Substation,' ',35.02029675,-117.5662498,Kramer,sce,34.9916469352641,-117.5419939285038,3.87676802340942,False
1824,115,Substation,' ',35.01551078,-117.5657344,Kramer,sce,34.9916469352641,-117.5419939285038,3.422994478037001,False
1825,115,Substation,' ',35.01904365,-117.5555104,Kramer,sce,34.9916469352641,-117.5419939285038,3.28571909642717,False
1826,115,Substation,' ',35.01185281,-117.5556662,Kramer,sce,34.9916469352641,-117.5419939285038,2.568830467231868,False
1827,115,Substation,' ',35.00735718,-117.5557409,Kramer,sce,34.9916469352641,-117.5419939285038,2.1493156540941305,False
1828,115,Substation,' ',35.70415183,-117.3933603,Searles,sce,35.699336804497015,-117.39879756375676,0.7264388185429632,True
1829,115,Substation,' ',35.76488065,-117.3754457,Trona,sce,35.77288627156985,-117.37016716637036,1.009569366688987,True
1830,500,Substation,' ',35.21629199,-120.847388,FOOTHILL,pge,35.28648919476478,-120.7062571845936,15.005344802880739,False
1831,230,Substation,' ',34.14883909,-115.1219475,Iron Mt. (Sce),sce,34.14755935579616,-115.1204691903449,0.19686543920628854,True
1832,115,Substation,' ',34.94478983,-120.4577742,SANTA MARIA,pge,34.95030148149897,-120.44405177080088,1.3928017408587228,True
1833,115,Substation,' ',34.86159802,-116.8280445,Minneola,sce,34.86456245737038,-116.81726402706413,1.03735086403501,True
1834,230,Substation,' ',34.59531611,-117.3630892,George A.f.b.,sce,34.57982381229889,-117.36944495127666,1.818265347765373,True
1835,66,Substation,' ',34.76375276,-120.5259889,DIVIDE,pge,34.8291272881148,-120.44860259638226,10.137802299449913,False
1836,66,Substation,' ',34.60605018,-117.3350898,Oro Grande,sce,34.602308078599954,-117.33454372645546,0.4190934647292581,True
1837,115,Substation,' ',34.38305539,-116.9411811,Lucerne,sce,34.4443941910935,-116.94704321537812,6.841729539931201,False
1838,115,Substation,' ',34.566,-117.3124944,Victorville,sce,34.53540675853123,-117.294669774305,3.773216493168161,False
1839,66,Substation,' ',34.4041565,-119.7265495,Playa,sce,34.40494329569494,-119.72827247807678,0.18066775015539083,True
1840,230,Substation,' ',34.29103334,-114.141425,Whipple,sce,34.2942366466893,-114.173217778462,2.9423146882530453,False
1841,115,Substation,' ',34.30747075,-117.3234937,Huston,sce,34.24252188350991,-117.28568051548407,8.014301704003293,False
1842,66,Substation,' ',34.14563804,-117.0591055,Zanja,sce,34.0771012471024,-117.0482596650986,7.686078346412719,False
1843,115,Substation,' ',34.0742056,-117.0774917,Zanja,sce,34.0771012471024,-117.0482596650986,2.7115308469913764,False
1844,66,Substation,' ',34.0417976,-117.36086,Bloomington,sce,34.04917000383533,-117.3985330021639,3.566508705127894,False
1845,115,Substation,' ',34.08802668,-117.0396618,Zanja,sce,34.0771012471024,-117.0482596650986,1.450119873322738,True
1846,66,Substation,' ',34.04401675,-117.5682165,Milliken,sce,34.04387316924229,-117.56808668680424,0.019948727654300617,True
1847,66,Substation,' ',33.98992232,-117.6806503,Chino,sce,33.99800099876217,-117.67945500552317,0.905041733232379,True
1848,115,Substation,' ',33.94999167,-116.66685,Whitewater,sce,33.91842053947277,-116.6515872432899,3.7824138600426647,False
1849,115,Substation,' ',33.91601977,-116.7183577,Cabazon,sce,33.91393513181455,-116.78448895599544,6.106790770423088,False
1850,115,Substation,' ',33.91775834,-116.6428055,Whitewater,sce,33.91842053947277,-116.6515872432899,0.8136614154909433,True
1851,115,Substation,' ',33.93719236,-116.6157222,Devers,sce,33.93401700227757,-116.57836100060614,3.4647801231441946,False
1852,115,Substation,' ',33.92625001,-116.6148056,Devers,sce,33.93401700227757,-116.57836100060614,3.4715430121757875,False
1853,115,Substation,' ',33.92066048,-116.5811554,Devers,sce,33.93401700227757,-116.57836100060614,1.5073898065796674,True
1854,115,Substation,' ',33.92176389,-116.5797111,Devers,sce,33.93401700227757,-116.57836100060614,1.368166168386923,True
1855,115,Substation,' ',33.93161389,-116.5689805,Devers,sce,33.93401700227757,-116.57836100060614,0.9057370704520161,True
1856,115,Substation,' ',33.90733058,-116.5798389,Devers,sce,33.93401700227757,-116.57836100060614,2.97052649235723,False
1857,115,Substation,' ',33.90721389,-116.5793333,Devers,sce,33.93401700227757,-116.57836100060614,2.981720092974415,False
1858,115,Substation,' ',33.91063251,-116.5528915,Garnet,sce,33.90145418385204,-116.5439873868186,1.3102790559465678,True
1859,66,Substation,' ',33.9307667,-117.2935923,Maxwell,sce,33.94767925464396,-117.242774990919,5.051070959682918,False
1860,115,Substation,' ',33.87760559,-116.4643638,Farrell,sce,33.84688300284005,-116.5047269975424,5.055704080659272,False
1861,66,Substation,' ',33.96216982,-117.4528961,Glen Avon,sce,34.00596154761225,-117.45752658281909,4.8880986960755415,False
1862,500,Substation,' ',33.67121576,-115.5589824,Eagle Mountain,sce,33.81142800223903,-115.45355200188276,18.3877799030824,False
1863,66,Substation,' ',33.85479613,-117.4538978,El Sobrante,sce,33.85855174333349,-117.44061908499997,1.295320335817936,True
1864,115,Substation,' ',33.91713502,-116.7346083,Cabazon,sce,33.91393513181455,-116.78448895599544,4.616536322352322,False
1865,115,Substation,' ',33.83565128,-117.1830736,Bunker,sce,33.8283648304304,-117.21173996305129,2.769004324384696,False
1866,66,Substation,' ',33.85342728,-117.8570252,Placentia,sce,33.87119299998787,-117.87861599522375,2.8065508056105837,False
1867,66,Substation,' ',33.83104984,-117.9113948,Fullerton,sce,33.86801014671579,-117.92098061980474,4.204054542660926,False
1868,66,Substation,' ',33.80449763,-117.900745,Lampson,sce,33.77796996263328,-117.8983985000712,2.9577015344717883,False
1869,115,Substation,' ',33.77345347,-116.2845082,Concho,sce,33.75688900153803,-116.33419299787862,4.94837330022175,False
1870,115,Substation,' ',33.74289723,-116.1966315,Concho,sce,33.75688900153803,-116.33419299787862,12.813098096056757,False
1871,115,Substation,' ',33.66994416,-116.1571434,Indian Wells,sce,33.72944374862638,-116.34321099441657,18.44070155677349,False
1872,115,Substation,' ',33.67655626,-116.1724908,Indian Wells,sce,33.72944374862638,-116.34321099441657,16.852022932446665,False
1873,115,Substation,' ',33.69921608,-116.269905,Indian Wells,sce,33.72944374862638,-116.34321099441657,7.56772132797143,False
1874,115,Substation,' ',33.63038756,-116.2392514,Indian Wells,sce,33.72944374862638,-116.34321099441657,14.623749423825796,False
1875,115,Substation,' ',33.68098774,-117.0698252,Sun City,sce,33.68657428124284,-117.14683101567914,7.152109347685189,False
1876,115,Substation,' ',33.687275,-117.1460111,Sun City,sce,33.68657428124284,-117.14683101567914,0.10874686321224047,True
1877,66,Substation,' ',33.06849724,-117.1413944,OLIVENHAIN,sdge,33.08058418373013,-117.12129876052612,2.3048713394590377,False
1878,66,Substation,' ',32.87607979,-117.1658958,EASTGATE,sdge,32.88079314728578,-117.19125554657676,2.4255001712541766,False
1879,66,Substation,' ',32.883611,-117.222466,GENESEE,sdge,32.87698011329068,-117.22411501059366,0.7532294436651588,True
1880,66,Substation,' ',32.67076687,-117.1147256,SWEETWATER,sdge,32.66304022706597,-117.08617832421304,2.8069303663560454,False
1881,66,Substation,' ',32.5916948,-117.0585226,OTAY,sdge,32.60119033314478,-117.0435390484847,1.7564439305301907,True
1882,66,Substation,' ',32.56629513,-116.9443235,BORDER,sdge,32.56861917203075,-116.9407818041129,0.42063680743365156,True
1883,66,Substation,' ',39.11355687,-121.3330798,SMARTVILLE,pge,39.20859431679137,-121.30260526619712,10.88941443506971,False
1884,66,Substation,' ',39.09777864,-121.3373207,WHEATLAND,pge,39.013259823908015,-121.41884454220936,11.742047584614477,False
1885,115,Substation,' ',38.67863771,-121.7600408,WOODLAND,pge,38.67836096439384,-121.75921270604204,0.07819334233205505,True
1886,66,Substation,' ',38.60717675,-121.5241233,WEST SACRAMENTO,pge,38.58949498136971,-121.54527027674682,2.6912676994048166,False
1887,115,Substation,' ',38.24645008,-120.0338424,PINECREST,pge,38.187947321566135,-119.99379985135106,7.386157295923247,False
1888,115,Substation,' ',38.20287089,-120.0768601,SPRING GAP,pge,38.186423435629614,-120.111394105077,3.52882443224739,False
1889,115,Substation,' ',38.18612556,-120.150002,SPRING GAP,pge,38.186423435629614,-120.111394105077,3.3744836651068595,False
1890,115,Substation,' ',38.13789804,-120.3701892,STANISLAUS,pge,38.14006225541333,-120.36971689458166,0.24416902659256332,True
1891,66,Substation,' ',37.6966396,-120.4201211,MERCED FALLS,pge,37.52304085412926,-120.33024521668725,20.863710378951787,False
1892,66,Substation,' ',36.13582345,-118.7890314,Boxwood,sce,36.12610225574932,-118.82140084606492,3.1015288680512647,False
1893,66,Substation,' ',34.19593016,-119.1668901,Levy,sce,34.17355800376603,-119.15651000407496,2.6646102364321513,False
1894,66,Substation,' ',34.14297045,-119.1828051,Levy,sce,34.17355800376603,-119.15651000407496,4.173957725718227,False
1895,66,Substation,' ',34.14113701,-119.1844939,Levy,sce,34.17355800376603,-119.15651000407496,4.430180532356166,False
1896,66,Substation,' ',34.15667223,-119.2092028,Channel Island,sce,34.18173499797494,-119.22229699654076,3.0360815988860548,False
1897,115,Substation,' ',32.68431555,-114.4695691,Verdant,sce,33.41784425716497,-114.72418516485564,84.94659359467862,False
1898,500,Substation,'IMPORT',42.07986401,-121.3901623,MC ARTHUR,pge,41.0514109866347,-121.40819070502693,114.36859312460763,False
1899,66,Substation,' ',39.93440815,-120.8882835,EAST QUINCY,pge,39.93825707055911,-120.91057480535616,1.9481404741776864,True
1900,66,Substation,' ',38.21807754,-122.1584791,JAMESON,pge,38.20543608324877,-122.14796860832556,1.6790350631596693,True
1901,66,Substation,' ',34.99610491,-117.3036821,Harper Lake,sce,35.02803309199995,-117.34041708659684,4.878204372683206,False
1902,66,Substation,' ',38.57810705,-121.28952,HORSESHOE,pge,38.74422432366909,-121.16136710564363,21.56398240854524,False
1903,66,Substation,' ',38.27385606,-121.3138934,COLONY,pge,38.19050048956095,-121.18105263498548,14.85049005017516,False
1904,115,Substation,' ',38.27647582,-121.7967847,PEABODY,pge,38.28556962442518,-121.97162432823951,15.294508109828946,False
1905,230,Substation,' ',38.05886608,-121.3769021,EIGHT MILE,pge,38.058406468108736,-121.37663705496492,0.05612812397805773,True
1906,115,Substation,' ',37.77065318,-122.2246715,OAKLAND J,pge,37.76329902345095,-122.21419146834046,1.2317938566726079,True
1907,230,Substation,' ',37.25376296,-121.9662772,VASONA,pge,37.25372623401983,-121.96618795298204,0.008892182545580978,True
1908,66,Substation,' ',36.90277062,-121.76387,WATSONVILLE,pge,36.90322145782284,-121.75635320535145,0.6702511069085147,True
1909,66,Substation,' ',36.90275189,-121.7559092,WATSONVILLE,pge,36.90322145782284,-121.75635320535145,0.06545922708276242,True
1910,230,Substation,' ',36.73565748,-120.6402159,HAMMONDS,pge,36.71999629266149,-120.60261292866964,3.776677361991232,False
1911,115,Substation,' ',39.73015383,-121.796365,NOTRE DAME,pge,39.73006455906166,-121.79624495707743,0.014279959360608782,True
1912,230,Substation,' ',38.76621101,-122.7132248,MIDDLETOWN,pge,38.75298395846147,-122.60794041011712,9.246670719147417,False
1913,230,Substation,' ',38.7658666,-122.7119276,MIDDLETOWN,pge,38.75298395846147,-122.60794041011712,9.129577416151673,False
1914,115,Substation,' ',38.01338898,-121.8641362,PITTSBURG,pge,38.03070653596985,-121.8692592247712,1.9772237179766188,True
1915,66,Substation,' ',38.00443593,-122.055216,TIDEWATER,pge,38.02052295487403,-122.06207554043746,1.8870427166704684,True
1916,66,Substation,' ',37.98255043,-121.7493958,CONTRA COSTA,pge,37.99867901702416,-121.78318387764637,3.4617589693604938,False
1917,230,Substation,' ',37.76722152,-121.6165152,HERDLYN,pge,37.81698475446724,-121.58716994811228,6.104738331373939,False
1918,230,Substation,' ',37.76433684,-121.6144491,HERDLYN,pge,37.81698475446724,-121.58716994811228,6.325933910722187,False
1919,115,Substation,' ',36.80545886,-118.1868338,Mt. Tom,sce,37.35012841125564,-118.46543749176112,65.41343652011922,False
1920,66,Substation,' ',36.18093633,-120.3879297,COALINGA NO 1,pge,36.13620074047216,-120.34415486251105,6.339493359970561,False
1921,66,Substation,' ',36.30752169,-120.2516134,COALINGA NO 2,pge,36.237727890424445,-120.31459024852086,9.59698771786569,False
1922,66,Substation,' ',35.51759999,-119.7613417,CARNERAS,pge,35.5408527000329,-119.80462245906078,4.693068717799169,False
1923,115,Substation,' ',35.60091105,-119.403033,SEMITROPIC,pge,35.600617453739545,-119.4375052688722,3.11687139234011,False
1924,115,Substation,' ',35.44065586,-118.9605384,COLUMBUS,pge,35.39851810200948,-118.93981268255826,5.047885723121659,False
1925,115,Substation,' ',35.41569334,-119.0119946,KERN OIL,pge,35.44071661874439,-119.02040105128609,2.8848303290639605,False
1926,230,Substation,' ',35.38771939,-119.1640945,RENFRO,pge,35.3871335591251,-119.1642609395004,0.06686595369591712,True
1927,230,Substation,' ',35.10812875,-118.3138502,Northwind,sce,35.07525090742226,-118.37277193931456,6.488795207772275,False
1928,66,Substation,' ',35.08816944,-118.3670165,Northwind,sce,35.07525090742226,-118.37277193931456,1.5289659569637783,True
1929,66,Substation,' ',35.07590833,-118.3726066,Northwind,sce,35.07525090742226,-118.37277193931456,0.0746344129377795,True
1930,230,Substation,' ',35.09908646,-118.3345469,Northwind,sce,35.07525090742226,-118.37277193931456,4.372792283552099,False
1931,66,Substation,' ',35.09826195,-118.3378519,Northwind,sce,35.07525090742226,-118.37277193931456,4.0795172053628885,False
1932,66,Substation,' ',35.05390316,-118.34667,Southwind,sce,35.03149211101637,-118.3500052736917,2.5104250684556915,False
1933,66,Substation,' ',35.07305681,-118.3203834,Northwind,sce,35.07525090742226,-118.37277193931456,4.773749005916774,False
1934,66,Substation,' ',35.07808854,-118.3111001,Northwind,sce,35.07525090742226,-118.37277193931456,5.621007996122109,False
1935,66,Substation,' ',35.07880128,-118.3093627,Northwind,sce,35.07525090742226,-118.37277193931456,5.783712657073094,False
1936,66,Substation,' ',35.07922962,-118.3049045,Northwind,sce,35.07525090742226,-118.37277193931456,6.191728063854393,False
1937,115,Substation,' ',35.21033334,-119.5826444,FELLOWS,pge,35.19473434349657,-119.58611007274465,1.762880350712212,True
1938,115,Substation,' ',35.20995835,-119.581225,FELLOWS,pge,35.19473434349657,-119.58611007274465,1.7500541977063557,True
1939,66,Substation,' ',34.305325,-118.5004778,San Fernando,sce,34.27478288631888,-118.45894781084884,5.1078647468024165,False
1940,66,Substation,' ',34.19192629,-118.3231889,Universal,sce,34.143280476249465,-118.3563502272626,6.210252398680707,False
1941,66,Substation,' ',34.18601701,-118.347346,Universal,sce,34.143280476249465,-118.3563502272626,4.823757053760772,False
1942,66,Substation,' ',34.16599255,-118.2961017,Universal,sce,34.143280476249465,-118.3563502272626,6.091997349620017,False
1943,66,Substation,' ',34.15402513,-118.3394597,Universal,sce,34.143280476249465,-118.3563502272626,1.96044344050213,True
1944,66,Substation,' ',33.92079574,-118.1274327,Downey,sce,33.93716290704601,-118.12975636922113,1.832529539209888,True
1945,66,Substation,' ',33.78784139,-118.3002395,Walteria,sce,33.791825341925005,-118.32361074976014,2.2047527718956483,False
1946,66,Substation,' ',40.67319414,-122.3688692,STILLWATER,pge,40.67760281495655,-122.34983936540058,1.678024698316526,True
1947,66,Substation,' ',38.75211412,-121.3140177,PLEASANT GROVE,pge,38.82203193935343,-121.30628841171048,7.803317320739142,False
1948,66,Substation,' ',38.77889884,-121.3089818,PLEASANT GROVE,pge,38.82203193935343,-121.30628841171048,4.801857673415325,False
1949,66,Substation,' ',38.72833851,-121.269809,ROCKLIN,pge,38.7878362079499,-121.2316984669296,7.395224936912494,False
1950,66,Substation,' ',37.36937638,-121.9563813,TRIMBLE,pge,37.38283159012757,-121.92643970315228,3.039466594764382,False
1951,230,Substation,' ',35.21590889,-120.8512451,FOOTHILL,pge,35.28648919476478,-120.7062571845936,15.32735058587368,False
1952,66,Substation,' ',34.60145611,-117.3350595,Oro Grande,sce,34.602308078599954,-117.33454372645546,0.10584487864308292,True
1953,66,Substation,' ',34.58002088,-117.3693753,George A.f.b.,sce,34.57982381229889,-117.36944495127666,0.02282187040244249,True
1954,66,Substation,' ',34.10370114,-117.5264367,Etiwanda,sce,34.0874063550556,-117.52566069325276,1.8133058559804394,True
1955,66,Substation,' ',33.83390123,-117.4972091,Chase,sce,33.844774691488155,-117.53755711248616,3.9177297453081676,False
1956,66,Substation,' ',39.19110887,-121.9904572,COLUSA JUNCTION,pge,39.19056773290833,-121.99053805724722,0.060573852066816314,True
1957,66,Substation,' ',38.78153534,-121.3077791,PLEASANT GROVE,pge,38.82203193935343,-121.30628841171048,4.5048688621896495,False
1958,66,Substation,' ',38.42101505,-120.5497737,WEST POINT,pge,38.42091643492973,-120.5488378291623,0.08226478648797901,True
1959,66,Substation,' ',38.13803636,-121.3861773,TERMINOUS,pge,38.11711521592538,-121.42139866543384,3.8604699539666463,False
1960,66,Substation,' ',36.88170591,-121.6032411,SAN BENITO,pge,36.86860625244168,-121.54942913233612,5.003291873157524,False
1961,66,Substation,' ',37.37197302,-121.9506779,TRIMBLE,pge,37.38283159012757,-121.92643970315228,2.458625178593731,False
1962,66,Substation,' ',37.71068202,-121.0136898,RIVERBANK,pge,37.76887583084935,-120.90778635201956,11.339864359315483,False
1963,66,Substation,' ',37.70470281,-121.0417369,RIPON,pge,37.75576421896199,-121.14626329694828,10.80457426389287,False
1964,66,Substation,' ',37.64504464,-120.6068048,COTTLE,pge,37.772814224827606,-120.826244610004,23.9685618306776,False
1965,66,Substation,' ',37.57957789,-121.2059602,WESTLEY,pge,37.57919043551431,-121.20566160950838,0.05048267166389206,True
1966,115,Substation,' ',37.3635047,-120.6317933,ATWATER,pge,37.3600903184248,-120.61458852452108,1.5672377096822803,True
1967,66,Substation,' ',36.96772403,-120.2026749,BONITA,pge,36.96781971171099,-120.2031525152736,0.043745726350292675,True
1968,115,Substation,' ',36.70011514,-119.737072,MALAGA,pge,36.6933448884706,-119.7259384506958,1.2458170964645983,True
1969,66,Substation,' ',36.53156657,-120.1704548,STROUD,pge,36.53114916455339,-120.10431099777811,5.910037751972263,False
1970,66,Substation,' ',36.13094168,-120.245123,COALINGA NO 1,pge,36.13620074047216,-120.34415486251105,8.912857074494328,False
1971,66,Substation,' ',36.2645078,-119.9062759,HENRIETTA,pge,36.24184869376041,-119.90482761916222,2.52292224972148,False
1972,66,Substation,' ',36.21699729,-121.1271469,KING CITY,pge,36.21705442156273,-121.12682030175492,0.029980049898496838,True
1973,66,Substation,' ',36.31291154,-119.6543971,Hanford,sce,36.323595092106814,-119.64909814786026,1.2793098947364836,True
1974,66,Substation,' ',36.26903562,-119.6545088,RESERVE OIL,pge,36.27603890498239,-119.65340386371432,0.7850042724133848,True
1975,66,Substation,' ',36.26974983,-119.6473706,RESERVE OIL,pge,36.27603890498239,-119.65340386371432,0.8840633913231806,True
1976,66,Substation,' ',36.25516045,-119.6490377,RESERVE OIL,pge,36.27603890498239,-119.65340386371432,2.3543483807976195,False
1977,66,Substation,' ',35.84304303,-119.9083816,DEVILS DEN,pge,35.77577482106427,-119.97369007248874,9.520063403755715,False
1978,66,Substation,' ',35.83498773,-119.9426154,DEVILS DEN,pge,35.77577482106427,-119.97369007248874,7.1557204816178865,False
1979,66,Substation,' ',36.35733718,-119.3129715,Riverway,sce,36.35737818036574,-119.31314832956446,0.016478174844603705,True
1980,66,Substation,' ',36.31853504,-119.3117235,Visalia,sce,36.32979445384139,-119.27896111014655,3.190966554244079,False
1981,66,Substation,' ',35.7309326,-120.2077977,CHOLAME,pge,35.68629650117082,-120.33615099258384,12.60710840339245,False
1982,66,Substation,' ',35.70756238,-120.0841888,ANTELOPE,pge,35.657909182784095,-119.99680487400924,9.631928498319901,False
1983,115,Substation,' ',35.4486638,-119.7339932,TEMBLOR,pge,35.383198949735814,-119.6964252470037,8.036112359993949,False
1984,115,Substation,' ',35.4562202,-119.6319178,TEMBLOR,pge,35.383198949735814,-119.6964252470037,10.004823097883271,False
1985,115,Substation,' ',35.4439513,-119.6609901,TEMBLOR,pge,35.383198949735814,-119.6964252470037,7.479759922083687,False
1986,66,Substation,' ',35.47018145,-119.7510309,CARNERAS,pge,35.5408527000329,-119.80462245906078,9.235015393655889,False
1987,230,Substation,' ',35.0141651,-118.9775458,TEJON,pge,35.01982434064145,-118.95468562709183,2.1748283874521577,False
1988,66,Substation,' ',35.74210436,-119.051819,Quinn,sce,35.73389725033108,-119.13117581127771,7.2203724687716635,False
1989,66,Substation,' ',35.06200315,-118.3205828,Southwind,sce,35.03149211101637,-118.3500052736917,4.322524340602982,False
1990,115,Substation,' ',35.03228875,-117.7015827,Holgate,sce,35.01556648872467,-117.70476753610514,1.8819103802831498,True
1991,66,Substation,' ',34.27976053,-119.3010385,Pierpont,sce,34.27390083589774,-119.24822507834864,4.896217517193101,False
1992,66,Substation,' ',34.12874902,-119.0956835,Estero,sce,34.145483384192424,-119.09457121669094,1.8635901850327392,True
1993,66,Substation,' ',34.51757917,-117.2156822,Rancho,sce,34.51751221375964,-117.21422551149456,0.13366837451910568,True
1994,66,Substation,' ',34.53535066,-117.2951374,Victorville,sce,34.53540675853123,-117.294669774305,0.04328621440837848,True
1995,66,Substation,' ',34.24286195,-117.2854823,Huston,sce,34.24252188350991,-117.28568051548407,0.04197433537564607,True
1996,115,Substation,' ',33.9477822,-116.9232031,Alola,sce,33.96941961867055,-116.88125278288295,4.556133674876646,False
1997,66,Substation,' ',34.09050178,-117.533316,Etiwanda,sce,34.0874063550556,-117.52566069325276,0.7845018719180167,True
1998,66,Substation,' ',34.03301841,-117.5214519,Wimbledon,sce,34.04876699907538,-117.52602400147798,1.8011233451916264,True
1999,66,Substation,' ',34.05649126,-117.6456358,Ontario,sce,34.05654799622731,-117.645749003213,0.012188426509782588,True
2000,66,Substation,' ',33.99376264,-117.7086853,Peyton,sce,33.99551357968687,-117.73535806571996,2.4666737254647613,False
2001,66,Substation,' ',34.09563526,-117.440474,Kempster,sce,34.07679717645486,-117.43468445099214,2.1614881817511016,False
2002,66,Substation,' ',34.0230499,-117.3766349,West Riverside,sce,34.00574163622427,-117.39244956440842,2.414274013207062,False
2003,66,Substation,' ',34.07679718,-117.4346845,Kempster,sce,34.07679717645486,-117.43468445099214,4.530871734025874e-06,True
2004,66,Substation,' ',34.10130445,-117.368353,Rialto,sce,34.101252528071704,-117.36818289818122,0.016692316606926313,True
2005,66,Substation,' ',34.164599,-117.2864129,Arro,sce,34.14197143239767,-117.28996172243762,2.537173742305088,False
2006,115,Substation,' ',34.1288882,-117.3043733,Sixteenth Street,sce,34.12892321681423,-117.30429340398936,0.008321187061308154,True
2007,66,Substation,' ',34.12072036,-117.3103556,Mt. Vernon,sce,34.12074958293825,-117.31021776868803,0.013097353864090576,True
2008,66,Substation,' ',34.12095856,-117.2583267,Tippecanoe,sce,34.12086699889711,-117.25843800399126,0.014444167707383253,True
2009,115,Substation,' ',34.44514481,-116.9466369,Lucerne,sce,34.4443941910935,-116.94704321537812,0.09140366537174388,True
2010,66,Substation,' ',34.86248816,-116.8909496,Daggett,sce,34.8631924881409,-116.89486358150022,0.3655909396513994,True
2011,66,Substation,' ',34.88999449,-117.0018638,East Barstow,sce,34.88981280113665,-117.00156920661708,0.0336171563635059,True
2012,66,Substation,' ',34.90108975,-117.0221335,Barstow,sce,34.901044872138776,-117.02214634898816,0.00512591914403961,True
2013,66,Substation,' ',34.89160541,-117.049312,West Barstow,sce,34.892183998090665,-117.04953799793496,0.06755735199568873,True
2014,66,Substation,' ',34.9072516,-117.1540201,Hinkley,sce,34.90638578245534,-117.15542788776906,0.16046469359840226,True
2015,66,Substation,' ',34.86475877,-117.1177491,Ordway,sce,34.86545213859486,-117.11555047831143,0.2148988574788935,True
2016,115,Substation,' ',34.1359889,-116.3156637,Joshua Tree,sce,34.13599167886379,-116.3152410700874,0.03889878741443051,True
2017,115,Substation,' ',34.13779814,-116.0537102,Twentynine Palms,sce,34.13828285410125,-116.05370462325484,0.0539001926678533,True
2018,66,Substation,' ',34.02772415,-117.1653247,Smiley,sce,34.02806999785241,-117.16639300179828,0.10569328891815231,True
2019,66,Substation,' ',34.10244419,-117.5452261,Genamic,sce,34.090687084227305,-117.56578692312048,2.300752243357514,False
2020,66,Substation,' ',34.7209336,-118.1788309,Lancaster,sce,34.70036399998477,-118.14569400465916,3.7955029813364507,False
2021,66,Substation,' ',34.14938981,-118.6644768,Valdez,sce,34.14792376295858,-118.6317477698814,3.016236392397169,False
2022,66,Substation,' ',33.88193703,-117.5884483,Perez,sce,33.88195489732824,-117.588640200006,0.017825867783741532,True
2023,66,Substation,' ',33.74682731,-116.9756602,Hemet,sce,33.746928919438126,-116.97559724729147,0.01270958240678863,True
2024,66,Substation,' ',33.92128128,-116.876008,Banning,sce,33.92244671648164,-116.87284521205684,0.3193082866061305,True
2025,115,Substation,' ',33.80845523,-116.4726024,Desert Outpost,sce,33.80841701514476,-116.47263928522204,0.0054470496199619505,True
2026,66,Substation,' ',33.81299035,-116.5435857,Sunny Dunes,sce,33.813000583701175,-116.54362550571427,0.00384957063790216,True
2027,66,Substation,' ',33.79897529,-116.5432439,Palm Canyon,sce,33.79901258889756,-116.5432560503965,0.004296724107863741,True
2028,115,Substation,' ',33.7259849,-116.2543635,Concho,sce,33.75688900153803,-116.33419299787862,8.142088537035258,False
2029,115,Substation,' ',33.52501628,-116.1131999,Indian Wells,sce,33.72944374862638,-116.34321099441657,31.148600530874347,False
2030,66,Substation,' ',33.87894152,-117.8873634,Placentia,sce,33.87119299998787,-117.87861599522375,1.1808910078425916,True
2031,66,Substation,' ',33.83755882,-117.9681754,La Palma,sce,33.846268089605886,-117.98016977176611,1.4713818406094825,True
2032,66,Substation,' ',33.80803397,-117.9332035,Lampson,sce,33.77796996263328,-117.8983985000712,4.6389576242663395,False
2033,66,Substation,' ',33.84837748,-117.9106911,Fullerton,sce,33.86801014671579,-117.92098061980474,2.380849340773774,False
2034,66,Substation,' ',33.82668375,-117.9024838,Fullerton,sce,33.86801014671579,-117.92098061980474,4.902503462159243,False
2035,66,Substation,' ',33.85820599,-117.8071247,Atwood,sce,33.880449002142754,-117.83192699613006,3.3705977108486467,False
2036,66,Substation,' ',33.62954877,-117.9250012,Costa Mesa,sce,33.629548773526594,-117.92500122788874,2.6116842355605135e-06,True
2037,66,Substation,' ',32.66719695,-116.7001427,BARRETT,sdge,32.659659096658075,-116.70118598909106,0.84384159794273,True
2038,66,Substation,' ',33.02116972,-117.1342178,ARTESIAN RANCH,sdge,33.0090573314948,-117.15110528451538,2.0720267343786625,False
2039,66,Substation,' ',32.88485153,-117.2008385,EASTGATE,sdge,32.88079314728578,-117.19125554657676,1.0022007299092734,True
2040,115,Substation,' ',32.7126482,-117.1308139,GRANT HILL,sdge,32.71822942161739,-117.12615902920172,0.7581552368287333,True
2041,66,Substation,' ',32.76724014,-115.5383555,BOULEVARD EAST,sdge,32.658400194287246,-116.26859395520212,69.38336056731494,False
2042,115,Substation,' ',32.82017958,-115.5102463,BOULEVARD EAST,sdge,32.658400194287246,-116.26859395520212,73.17410515467361,False
2043,115,Substation,' ',32.67546136,-115.3730132,BOULEVARD EAST,sdge,32.658400194287246,-116.26859395520212,83.85329133188951,False
2044,115,Substation,' ',33.15371813,-115.639604,BORREGO,sdge,33.242891548049656,-116.34638794455222,66.50642929128276,False
2045,66,Substation,' ',34.0822219,-117.9261072,Lark Ellen,sce,34.08765799971799,-117.92628299981564,0.6046834822910194,True
2046,66,Substation,' ',34.13866519,-117.9657695,Duarte,sce,34.13856470583992,-117.96563295453346,0.01681572561753707,True
2047,66,Substation,' ',34.14300447,-118.0028218,Monrovia,sce,34.14295428462573,-118.002877029618,0.007548158355088276,True
2048,66,Substation,' ',34.11844514,-118.008015,Mayflower,sce,34.11857377863967,-118.0083242114177,0.031856642622396694,True
2049,66,Substation,' ',34.15824526,-118.0545549,Sierra Madre,sce,34.15828981695313,-118.05452246502422,0.005783939350030167,True
2050,66,Substation,' ',34.12854766,-118.0674658,Michillinda,sce,34.12857413233963,-118.06747048456948,0.0029750037342675777,True
2051,66,Substation,' ',34.10617907,-118.0682685,Temple,sce,34.106083373313496,-118.06831447177188,0.011451875192893786,True
2052,66,Substation,' ',34.0881554,-118.0759694,Ivar,sce,34.08816132300995,-118.07593935933645,0.002843732384637698,True
2053,66,Substation,' ',34.05215852,-118.0488728,Hoyt,sce,34.05246100173005,-118.04787199850246,0.09814503598633782,True
2054,66,Substation,' ',34.11216764,-118.1654356,Garfield,sce,34.126135002802286,-118.14927799541836,2.150454813117433,False
2055,66,Substation,' ',34.00190359,-118.0782253,Narrows,sce,34.00569047028173,-118.0678933396348,1.0413398688797535,True
2056,66,Substation,' ',34.02059386,-118.1053235,Mesa,sce,34.034754167307085,-118.1154212524564,1.8289765241356783,True
2057,66,Substation,' ',34.00609425,-118.1216643,Vail,sce,34.00650048394172,-118.12826806795012,0.6103954058458232,True
2058,66,Substation,' ',33.94801917,-118.0066737,Telegraph,sce,33.932316996259004,-117.99226800438082,2.194208892269376,False
2059,66,Substation,' ',33.93550647,-118.0942072,Floraday,sce,33.93548799543143,-118.09417900279584,0.003314657018036852,True
2060,66,Substation,' ',33.89973377,-118.1184703,Woodruff,sce,33.89984786906628,-118.11810450380652,0.03606579985945895,True
2061,66,Substation,' ',33.92451886,-118.0676978,Pioneer,sce,33.91555087546238,-118.0812231920912,1.597472971599038,True
2062,66,Substation,' ',33.99005369,-118.0648964,Narrows,sce,34.00569047028173,-118.0678933396348,1.7605437727242537,True
2063,66,Substation,' ',34.05746641,-118.1822514,Terrace,sce,34.05727507993439,-118.18238468977091,0.024564123495956228,True
2064,66,Substation,' ',34.03653489,-118.1789908,Belvedere,sce,34.03650001397044,-118.1790586944638,0.007360605255538482,True
2065,66,Substation,' ',34.03354114,-118.1626139,Bicknell,sce,34.03368102349242,-118.16247130242016,0.020361731924504196,True
2066,66,Substation,' ',34.02441084,-118.1546498,Amalia,sce,34.0243532126106,-118.15450003414075,0.015217117618777214,True
2067,66,Substation,' ',33.98106055,-118.186159,Randolph,sce,33.98239600018886,-118.20552199780366,1.7915222254452428,True
2068,66,Substation,' ',33.97555785,-118.2480049,Naomi,sce,33.97556197808886,-118.24830170526418,0.027372644411533975,True
2069,66,Substation,' ',33.95677603,-118.1899735,Cudahy,sce,33.96365158152219,-118.19368514839572,0.8376646425789875,True
2070,66,Substation,' ',33.95347762,-118.1774452,Cudahy,sce,33.96365158152219,-118.19368514839572,1.877031133327304,True
2071,66,Substation,' ',33.94641224,-118.1660836,Gage,sce,33.96285388729544,-118.15565626543383,2.0657658465366135,False
2072,66,Substation,' ',33.94534369,-118.1750032,Gage,sce,33.96285388729544,-118.15565626543383,2.6410731728983086,False
2073,66,Substation,' ',33.95866685,-118.2369151,Graham,sce,33.95932330825726,-118.23688369438952,0.07305227364025293,True
2074,66,Substation,' ',33.94710328,-118.213069,South Gate,sce,33.946621098135765,-118.21314454613564,0.05406713625398877,True
2075,66,Substation,' ',33.92709968,-118.2127966,Lynwood,sce,33.92724108889109,-118.21250088200088,0.03149066318331891,True
2076,66,Substation,' ',33.92066364,-118.1880085,Brewster,sce,33.92072341848696,-118.18848926237656,0.0448555473459796,True
2077,66,Substation,' ',33.91649613,-118.2385643,Athens,sce,33.916567263210936,-118.2381892261668,0.035502353088928906,True
2078,66,Substation,' ',33.88177182,-118.1956953,Longdon,sce,33.8818326851209,-118.19559190444494,0.011700700743112332,True
2079,66,Substation,' ',34.19147793,-118.1484119,Fair Oaks,sce,34.191477929194285,-118.14841192622904,2.4141174343478284e-06,True
2080,66,Substation,' ',34.22272085,-118.388532,San Fernando,sce,34.27478288631888,-118.45894781084884,8.683445266092427,False
2081,66,Substation,' ',34.18851555,-118.3348953,Universal,sce,34.143280476249465,-118.3563502272626,5.403375458081762,False
2082,66,Substation,' ',34.14649743,-118.2608476,La Canada,sce,34.205101445717894,-118.2105871156432,7.990145109158683,False
2083,66,Substation,' ',34.11312249,-118.267733,Universal,sce,34.143280476249465,-118.3563502272626,8.819235902772705,False
2084,66,Substation,' ',34.12070019,-118.2262352,Garfield,sce,34.126135002802286,-118.14927799541836,7.1096886261098104,False
2085,66,Substation,' ',34.08673267,-118.21442,Terrace,sce,34.05727507993439,-118.18238468977091,4.408574982380566,False
2086,66,Substation,' ',34.11393906,-118.1893829,Garfield,sce,34.126135002802286,-118.14927799541836,3.933024437123691,False
2087,66,Substation,' ',33.8974341,-118.2247208,Compton,sce,33.8968740620171,-118.22512802021888,0.07273649949382095,True
2088,66,Substation,' ',33.82401308,-118.2393177,Alon,sce,33.8348209992809,-118.24764500383525,1.426863853024176,True
2089,66,Substation,' ',33.83151973,-118.2140953,Cameron,sce,33.8192358468031,-118.21711088356317,1.394020830403149,True
2090,66,Substation,' ',33.78320086,-118.1915831,Locust,sce,33.78338437151147,-118.19190309770173,0.03593056607623352,True
2091,66,Substation,' ',34.08994998,-118.3608738,Fairfax,sce,34.08962425490188,-118.36102317404686,0.03874308376901332,True
2092,66,Substation,' ',34.02167221,-118.458565,Pearl,sce,34.021978495066826,-118.458658993392,0.03514174518067783,True
2093,66,Substation,' ',34.02976491,-118.4659844,Colorado,sce,34.02580816414182,-118.4724782440838,0.7427659609934115,True
2094,66,Substation,' ',34.01504769,-118.4022034,Culver,sce,34.01459700392742,-118.40266499797504,0.06573796529102899,True
2095,66,Substation,' ',34.01144285,-118.4164117,Culver,sce,34.01459700392742,-118.40266499797504,1.314688143009274,True
2096,66,Substation,' ',33.92056244,-118.3355132,Yukon,sce,33.91848197061967,-118.33419932399528,0.2611796016203894,True
2097,66,Substation,' ',33.90951875,-118.3908616,Sepulveda,sce,33.918899996678014,-118.3965350030493,1.1671496658722755,True
2098,66,Substation,' ',33.90937336,-118.4115222,Sepulveda,sce,33.918899996678014,-118.3965350030493,1.7420667577046567,True
2099,66,Substation,' ',33.89530076,-118.4098942,Manhattan,sce,33.87862305133165,-118.39841771902574,2.1357276229115896,False
2100,66,Substation,' ',33.86598502,-118.3483554,Perry,sce,33.86597598540991,-118.34851465647648,0.0147384221575691,True
2101,66,Substation,' ',33.84828869,-118.387829,Redondo,sce,33.84817299949127,-118.3875900004199,0.025546715531504918,True
2102,66,Substation,' ',33.84816655,-118.3300529,Madrid,sce,33.83533381342406,-118.32409750883438,1.5292687220831978,True
2103,66,Substation,' ',33.77966215,-118.3873419,Bluff Cove,sce,33.77994268591449,-118.38755229948076,0.03675886253616424,True
2104,230,Substation,' ',33.89909374,-118.3846356,El Nido,sce,33.89601600350098,-118.37257599658405,1.1644751941462193,True
2105,66,Substation,' ',36.92817149,-120.1070544,MADERA,pge,36.92328166223725,-120.05507066657292,4.6527594370216265,False
2106,230,Substation,' ',39.53670207,-122.2609693,LOGAN CREEK,pge,39.53921325844442,-122.2628031886025,0.3204712849316762,True
2107,230,Substation,' ',39.36528231,-122.2638437,MAXWELL,pge,39.27720532980578,-122.15302787153044,13.666933146008192,False
2108,66,Substation,' ',39.19443266,-121.4421906,BROWNS VALLEY,pge,39.22604998760262,-121.42343570527576,3.8692495604228943,False
2109,66,Substation,' ',38.56753222,-121.5688412,DEEPWATER,pge,38.55140495900723,-121.55981764661082,1.9573993339729934,True
2110,66,Substation,' ',38.82271105,-121.3082231,PLEASANT GROVE,pge,38.82203193935343,-121.30628841171048,0.18383021326169421,True
2111,66,Substation,' ',38.80092722,-121.2174637,DEL MAR,pge,38.798905518358,-121.22132249121611,0.40293652405081587,True
2112,66,Substation,' ',38.65326453,-120.9654797,SHINGLE SPRINGS,pge,38.6594107880625,-120.94678677552162,1.7611725621921817,True
2113,66,Substation,' ',38.44026158,-122.7090068,SANTA ROSA A,pge,38.43690591996298,-122.71335000873452,0.5313391143133793,True
2114,230,Substation,' ',38.44282579,-122.5838138,DUNBAR,pge,38.38374078362537,-122.52780897971554,8.183761668602148,False
2115,230,Substation,' ',38.42885652,-122.5933435,DUNBAR,pge,38.38374078362537,-122.52780897971554,7.600979525812289,False
2116,230,Substation,' ',38.13818919,-122.2091105,PARKWAY,pge,38.13810009221848,-122.20945720439109,0.03189937756141499,True
2117,66,Substation,' ',38.04858913,-122.2216993,NORTH TOWER,pge,38.066339734584254,-122.19598269824904,2.9942395817203122,False
2118,66,Substation,' ',38.40796819,-121.9535987,VACA DIXON,pge,38.39965913851507,-121.920052746684,3.0656706392280113,False
2119,66,Substation,' ',38.13827559,-121.3879479,TERMINOUS,pge,38.11711521592538,-121.42139866543384,3.7546476121321537,False
2120,66,Substation,' ',38.15262823,-121.245421,LODI,pge,38.137240812553664,-121.26217434307496,2.2525446209023814,False
2121,230,Substation,' ',38.01861691,-121.8508717,PITTSBURG,pge,38.03070653596985,-121.8692592247712,2.0979196987298985,False
2122,115,Substation,' ',37.83984215,-122.4785842,SAUSALITO,pge,37.8633472927428,-122.4989921967848,3.168878885326574,False
2123,66,Substation,' ',37.96209566,-122.3474106,BROOKSIDE,pge,37.96197173061187,-122.34740011271514,0.013810955639448548,True
2124,115,Substation,' ',37.94691618,-122.3987455,RICHMOND R,pge,37.92625133438892,-122.36966637516512,3.4327108958229067,False
2125,66,Substation,' ',37.93855075,-122.3246229,MIRA VISTA,pge,37.938513118125606,-122.3247799791383,0.014396774441387516,True
2126,66,Substation,' ',37.92501343,-122.3373506,WALL,pge,37.92740629292976,-122.31817641662892,1.7027023571954527,True
2127,66,Substation,' ',37.9247241,-122.3593914,VIRGINIA,pge,37.924728371508415,-122.35950190637028,0.009704438165709652,True
2128,66,Substation,' ',37.90942594,-122.3068776,WALDO,pge,37.909212124547615,-122.3064730075285,0.04272209423430046,True
2129,66,Substation,' ',37.90188336,-122.286301,OAK,pge,37.90115636063787,-122.28687516138622,0.09525092801219558,True
2130,66,Substation,' ',37.9022322,-122.2966299,FAIRMOUNT,pge,37.90189965591967,-122.29689529328267,0.043698168961441665,True
2131,66,Substation,' ',37.8908588,-122.2922097,SOLANO,pge,37.89093964397114,-122.29229298057712,0.011585276899119127,True
2132,66,Substation,' ',37.88498247,-122.2551057,RIDGE,pge,37.88486073895271,-122.25488061856642,0.023945934386331906,True
2133,66,Substation,' ',37.88892428,-122.272939,ARLINGTON,pge,37.88897961680794,-122.27297827230667,0.007052579892026525,True
2134,66,Substation,' ',37.87587184,-122.2453898,RIDGE,pge,37.88486073895271,-122.25488061856642,1.3011049119943137,True
2135,66,Substation,' ',37.87242957,-122.2781691,BERKELEY F,pge,37.87234225189556,-122.27809421905329,0.011724811610883915,True
2136,66,Substation,' ',37.86395872,-122.2589613,BERKELEY T,pge,37.86457393824122,-122.25905444052576,0.06889603444822236,True
2137,66,Substation,' ',37.85804465,-122.2686875,STUART,pge,37.857984085569285,-122.26844071173984,0.022688584716165017,True
2138,66,Substation,' ',37.8544867,-122.2796669,RUSSELL,pge,37.85452448999599,-122.27989615948655,0.020562091121314397,True
2139,66,Substation,' ',37.82101995,-122.328728,OAKLAND C,pge,37.79750313857218,-122.28100831632332,4.940887787668417,False
2140,66,Substation,' ',37.80905327,-122.3127067,OAKLAND C,pge,37.79750313857218,-122.28100831632332,3.0668114163335005,False
2141,66,Substation,' ',37.79853204,-122.2884507,OAKLAND C,pge,37.79750313857218,-122.28100831632332,0.6638475239085199,True
2142,66,Substation,' ',37.83632031,-122.2200046,FLORENCE,pge,37.83612012296221,-122.2202658186114,0.031964497873603386,True
2143,66,Substation,' ',37.9266152,-122.0749436,LAKEWOOD,pge,37.9088184998879,-122.0574732475179,2.5029312718096963,False
2144,66,Substation,' ',37.93880425,-122.0821136,MEADOW LANE,pge,37.96346551773498,-122.05211023752588,3.800057968379725,False
2145,66,Substation,' ',37.90480205,-122.0609609,WALNUT CREEK,pge,37.904820730988014,-122.06085617174196,0.009420354587382928,True
2146,66,Substation,' ',37.89510414,-122.0737283,SARANAP,pge,37.8949912204196,-122.07469961303588,0.08615073329550495,True
2147,66,Substation,' ',37.60403102,-122.4231589,SAN BRUNO,pge,37.62096289057508,-122.42531311330475,1.8922759633571828,True
2148,115,Substation,' ',37.60582023,-122.3925307,MILLBRAE,pge,37.6054239917948,-122.39200798842708,0.0637303007182767,True
2149,115,Substation,' ',37.60810443,-122.3910401,MILLBRAE,pge,37.6054239917948,-122.39200798842708,0.31000654698356656,True
2150,66,Substation,' ',37.52507892,-122.3562982,RALSTON,pge,37.511320391790726,-122.33975670219075,2.1139699513794983,False
2151,115,Substation,' ',37.51313717,-122.2062532,REDWOOD CITY,pge,37.49079641984113,-122.21284294525265,2.5512866556635934,False
2152,66,Substation,' ',37.72239092,-122.1616289,WARD,pge,37.7223556609754,-122.16118821037313,0.03895797033681526,True
2153,66,Substation,' ',37.73986963,-122.1554072,BANCROFT,pge,37.74028783112764,-122.1548323818996,0.06868213297997564,True
2154,115,Substation,' ',37.70698474,-122.1771784,WARD,pge,37.7223556609754,-122.16118821037313,2.213506038984366,False
2155,66,Substation,' ',37.68021007,-122.1262564,HAYWARD O,pge,37.68617570872579,-122.10256842334825,2.1875431986708476,False
2156,66,Substation,' ',37.71581395,-122.1439269,SAN LEANDRO U,pge,37.710671483216295,-122.14868122906188,0.7084310210144479,True
2157,66,Substation,' ',37.6863891,-122.1021887,HAYWARD O,pge,37.68617570872579,-122.10256842334825,0.04098209199132959,True
2158,66,Substation,' ',37.66851129,-122.0849976,SOTO,pge,37.66853088274776,-122.08545486907524,0.04030655124254665,True
2159,66,Substation,' ',37.70187077,-122.0827995,PARSONS,pge,37.702249031979264,-122.08272925560476,0.04251239310181766,True
2160,230,Substation,' ',37.78212148,-121.9676808,RESEARCH,pge,37.7823591848183,-121.96730288036213,0.04244638681310522,True
2161,66,Substation,' ',37.78289645,-121.6317484,HERDLYN,pge,37.81698475446724,-121.58716994811228,5.450521469350386,False
2162,66,Substation,' ',37.7768338,-121.5176269,HERDLYN,pge,37.81698475446724,-121.58716994811228,7.567654635612859,False
2163,66,Substation,' ',37.7521495,-121.804359,CAYETANO,pge,37.73836825979488,-121.77069648385788,3.3329865782337222,False
2164,115,Substation,' ',37.51244728,-121.9444502,NEWARK 21KV,pge,37.50289932556285,-121.98163324660962,3.4473887021181895,False
2165,115,Substation,' ',37.64624161,-121.5464501,LAMMERS,pge,37.71280029392499,-121.47875326631689,9.500936278957681,False
2166,66,Substation,' ',37.97044803,-121.2681709,EAST STOCKTON,pge,37.96312284092296,-121.26093352398566,1.0324587949058142,True
2167,66,Substation,' ',37.96810648,-121.2686965,EAST STOCKTON,pge,37.96312284092296,-121.26093352398566,0.8776176053186345,True
2168,115,Substation,' ',37.94316146,-121.3011895,STOCKTON A,pge,37.94731136404815,-121.28897066909988,1.166590570189204,True
2169,66,Substation,' ',37.90487095,-121.2607316,WEBER,pge,37.91977787523238,-121.24063827031146,2.419668039070832,False
2170,66,Substation,' ',37.80827817,-121.2880772,VIERRA,pge,37.79819570487165,-121.2743535358029,1.646414554246146,True
2171,66,Substation,' ',37.31519458,-122.0926711,STELLING,pge,37.33589708085293,-122.04301499076,4.957589063024038,False
2172,66,Substation,' ',37.36306465,-121.9458245,FMC,pge,37.34728445797068,-121.9223066818288,2.7202620930404393,False
2173,230,Substation,' ',37.04146743,-121.0108158,SANTA NELLA,pge,37.08567509415812,-121.01318384348406,4.920156549750992,False
2174,66,Substation,' ',36.98428761,-121.9903777,ARANA,pge,36.98438410414178,-121.99012545589314,0.024841649750249727,True
2175,66,Substation,' ',36.97642408,-121.9801497,ARANA,pge,36.98438410414178,-121.99012545589314,1.2524501845612925,True
2176,66,Substation,' ',36.97633055,-121.9646549,SOQUEL,pge,36.986659979326745,-121.95052120875124,1.7015751046488719,True
2177,66,Substation,' ',36.9647278,-121.9737783,ARANA,pge,36.98438410414178,-121.99012545589314,2.6241256302643277,False
2178,66,Substation,' ',36.98677959,-121.9510457,SOQUEL,pge,36.986659979326745,-121.95052120875124,0.04844657464417666,True
2179,66,Substation,' ',36.98428364,-121.9154166,SOQUEL,pge,36.986659979326745,-121.95052120875124,3.129209149014342,False
2180,66,Substation,' ',36.97546948,-121.8942993,ROB ROY,pge,36.97944444856634,-121.86712902180676,2.453688358730805,False
2181,66,Substation,' ',36.61739069,-121.9190297,PACIFIC GROVE,pge,36.61716803226243,-121.9191911959669,0.02864829395765727,True
2182,66,Substation,' ',36.59011835,-121.9442807,VIEJO,pge,36.578607210500685,-121.90842396908974,3.4479386582385434,False
2183,66,Substation,' ',36.56082725,-121.9196629,HATTON,pge,36.55698934837941,-121.89760148903191,2.016136772025001,False
2184,115,Substation,' ',36.87957607,-119.8246891,PINEDALE,pge,36.85007067841538,-119.8034557830923,3.785779585710082,False
2185,115,Substation,' ',36.84992908,-119.803345,PINEDALE,pge,36.85007067841538,-119.8034557830923,0.018576161463524456,True
2186,115,Substation,' ',36.77800449,-119.6737998,AIRWAYS,pge,36.77817677583952,-119.67395617756009,0.0236849190860355,True
2187,66,Substation,' ',36.70367654,-119.8810706,KEARNEY,pge,36.706696128628494,-119.88009059611775,0.3469428652431138,True
2188,66,Substation,' ',36.72636077,-119.7927116,WEST FRESNO,pge,36.71798260214739,-119.81904246829367,2.5249570105487726,False
2189,66,Substation,' ',36.2379017,-120.3676133,COALINGA NO 2,pge,36.237727890424445,-120.31459024852086,4.755492705599071,False
2190,66,Substation,' ',36.13397773,-120.2520369,COALINGA NO 1,pge,36.13620074047216,-120.34415486251105,8.276275109074223,False
2191,66,Substation,' ',36.30036393,-119.8122866,LEMOORE,pge,36.30978580363061,-119.79816461547026,1.642861252552894,True
2192,66,Substation,' ',36.30522614,-119.7930855,LEMOORE,pge,36.30978580363061,-119.79816461547026,0.6813196707077136,True
2193,66,Substation,' ',36.30400018,-119.7910976,LEMOORE,pge,36.30978580363061,-119.79816461547026,0.9027118514977399,True
2194,66,Substation,' ',36.32061231,-119.6912126,Hanford,sce,36.323595092106814,-119.64909814786026,3.787572331908412,False
2195,115,Substation,' ',35.28258257,-119.3099896,NORCO,pge,35.28554247160178,-119.30890079948529,0.3436437436229265,True
2196,115,Substation,' ',35.4207551,-118.9637524,COLUMBUS,pge,35.39851810200948,-118.93981268255826,3.2895407268285664,False
2197,115,Substation,' ',35.35813714,-118.9249094,MAGUNDEN,pge,35.36190117650727,-118.92383965394583,0.42963672728234975,True
2198,115,Substation,' ',35.37708756,-119.0773347,ROSEDALE,pge,35.377501694340864,-119.07758922783194,0.05150815214406426,True
2199,66,Substation,' ',35.08231476,-119.3041211,COPUS,pge,35.09340403050877,-119.27870217911948,2.620981233003019,False
2200,66,Substation,' ',35.08324767,-119.2966802,COPUS,pge,35.09340403050877,-119.27870217911948,1.9877468423569817,True
2201,66,Substation,' ',35.42202686,-118.9007632,CAL WATER,pge,35.42222837471225,-118.90059842079376,0.026926418648744392,True
2202,66,Substation,' ',35.24729651,-118.8608581,WEEDPATCH,pge,35.223900483374415,-118.88000875571748,3.129393853670558,False
2203,66,Substation,' ',35.07545753,-118.3725027,Northwind,sce,35.07525090742226,-118.37277193931456,0.03358835074355704,True
2204,66,Substation,' ',35.03525039,-118.3524329,Southwind,sce,35.03149211101637,-118.3500052736917,0.4727542897408377,True
2205,66,Substation,' ',35.03161988,-118.3514755,Southwind,sce,35.03149211101637,-118.3500052736917,0.13461651772262334,True
2206,66,Substation,' ',34.88938647,-120.2601902,SISQUOC,pge,34.87888609675112,-120.3307559903573,6.541653704047142,False
2207,115,Substation,' ',34.6427778,-120.4548466,CABRILLO,pge,34.643231832675774,-120.4373602032375,1.600472511096811,True
2208,230,Substation,' ',40.89028086,-121.7968934,BURNEY,pge,40.888215757543065,-121.6708403712964,10.598596729158377,False
2209,66,Substation,' ',34.43159118,-119.9114558,Isla Vista,sce,34.431962660186834,-119.87110826955949,3.7006469475946693,False
2210,66,Substation,' ',34.4195105,-119.8513903,Isla Vista,sce,34.431962660186834,-119.87110826955949,2.2777110591106786,False
2211,66,Substation,' ',34.26343147,-119.0118563,Somis,sce,34.26477110560397,-119.0098096206216,0.2399268661886923,True
2212,66,Substation,' ',34.43109571,-118.5987892,Saugus,sce,34.42305042378108,-118.57679738680848,2.2065441157387493,False
2213,66,Substation,' ',34.19286589,-118.9194514,Newbury,sce,34.19537848083874,-118.93117342358124,1.113729005792805,True
2214,66,Substation,' ',33.82471019,-118.344446,Haveda,sce,33.82465115637044,-118.34438234661516,0.008812668866920122,True
2215,66,Substation,' ',33.84751172,-118.3111216,Madrid,sce,33.83533381342406,-118.32409750883438,1.808267292800305,True
2216,66,Substation,' ',33.79629417,-118.2157604,Daisy,sce,33.78857299996503,-118.2000940015866,1.6831571751923713,True
2217,66,Substation,' ',33.76772237,-118.2135059,Pico,sce,33.76557216615716,-118.20652702600002,0.687989166586747,True
2218,66,Substation,' ',33.99707836,-117.9143016,Puente,sce,34.00890600193133,-117.93137300283362,2.050880988651398,False
2219,66,Substation,' ',33.86946944,-117.9596958,Basta,sce,33.8691828612384,-117.96020381310754,0.05670396244883737,True
2220,230,Substation,' ',39.91096984,-121.3275804,BUCKS CREEK,pge,39.91160243296182,-121.32682793665592,0.09521931409317869,True
2221,66,Substation,' ',39.00090033,-120.724844,FORESTHILL,pge,39.01998695236322,-120.8293416806212,9.274888286893807,False
2222,66,Substation,' ',38.78137265,-121.3195751,PLEASANT GROVE,pge,38.82203193935343,-121.30628841171048,4.665412342356249,False
2223,66,Substation,' ',38.79227077,-121.362327,PLEASANT GROVE,pge,38.82203193935343,-121.30628841171048,5.876181156521466,False
2224,66,Substation,' ',33.75349535,-117.993784,Cedarwood,sce,33.753664475574155,-117.99335611469348,0.04380117161146212,True
2225,66,Substation,' ',33.85880824,-117.4407018,El Sobrante,sce,33.85855174333349,-117.44061908499997,0.029526083374349393,True
2226,66,Substation,' ',33.68720303,-117.9425958,Ellis,sce,33.68544544480769,-117.9434316308098,0.2101790929167294,True
2227,66,Substation,' ',33.72690426,-117.8685382,Edinger,sce,33.72704165914478,-117.86833970365298,0.023882995221746705,True
2228,66,Substation,' ',33.92346139,-117.2846982,Maxwell,sce,33.94767925464396,-117.242774990919,4.712763455663564,False
2229,66,Substation,' ',33.93382056,-116.9837522,Beaumont,sce,33.93362502624713,-116.98362109716552,0.024880150286895688,True
2230,115,Substation,' ',33.78334936,-116.9593832,Nelson,sce,33.77221271736493,-116.98815952158284,2.933813892791361,False
2231,115,Substation,' ',33.92158621,-116.6501837,Whitewater,sce,33.91842053947277,-116.6515872432899,0.37507419418222643,True
2232,66,Substation,' ',33.84555142,-116.5459043,Holiday,sce,33.84538927117918,-116.5460117849207,0.02058203351823457,True
2233,66,Substation,' ',33.82514048,-116.5460938,Sunny Dunes,sce,33.813000583701175,-116.54362550571427,1.3690180850540987,True
2234,66,Substation,' ',33.83019433,-116.5148399,Belding,sce,33.82977539561138,-116.51400567204634,0.09004302011433343,True
2235,230,Substation,' ',33.80964288,-115.4510934,Eagle Mountain,sce,33.81142800223903,-115.45355200188276,0.30165869535864,True
2236,230,Substation,' ',37.79994499,-121.907854,TASSAJARA,pge,37.80025073342344,-121.90788099393204,0.034079745335739035,True
2237,66,Substation,' ',38.25707836,-120.8503822,CLAY,pge,38.34223678954548,-120.93502517926262,12.009250464253524,False
2238,66,Substation,' ',38.03273648,-122.0743277,TIDEWATER,pge,38.02052295487403,-122.06207554043746,1.730924314939894,True
2239,66,Substation,' ',41.29428709,-124.0568714,ORICK,pge,41.29430712515043,-124.05658700221892,0.023863961979952154,True
2240,66,Substation,' ',33.89149927,-118.071162,Eric,sce,33.8798500049219,-118.09062992806278,2.215247651065836,False
2241,66,Substation,' ',34.11395095,-117.9234422,Dalton,sce,34.113777954796774,-117.9332777228,0.9056725726541893,True
2242,66,Substation,' ',35.75233608,-120.6839668,SAN MIGUEL,pge,35.75222542522153,-120.68382054645429,0.01804386063813228,True
2243,66,Substation,' ',37.9633121,-121.3234312,STOCKTON ACRES,pge,37.9630980647908,-121.3237146106475,0.03440538614715698,True
2244,66,Substation,' ',37.62724201,-120.934895,RIVERBANK,pge,37.76887583084935,-120.90778635201956,15.928541186802828,False
2245,230,Substation,' ',37.79748937,-121.6033106,HERDLYN,pge,37.81698475446724,-121.58716994811228,2.5903713968589583,False
2246,66,Substation,' ',32.79525102,-116.996787,GARFIELD,sdge,32.80156566285017,-116.99533176191096,0.7152094173221689,True
2247,66,Substation,' ',37.35009541,-118.4630219,Mt. Tom,sce,37.35012841125564,-118.46543749176112,0.21355449615938404,True
2248,115,Substation,' ',37.94620721,-120.5276303,PEORIA,pge,37.90339247520717,-120.49708389009176,5.462939561318085,False
2249,66,Substation,' ',40.6238604,-122.4619985,STILLWATER,pge,40.67760281495655,-122.34983936540058,11.191164295002517,False
2250,230,Substation,' ',38.82389103,-122.7813165,KONOCTI,pge,38.932601383485405,-122.74098053352844,12.582211095274662,False
2251,115,Substation,' ',35.40593792,-119.336836,RIO BRAVO,pge,35.44206083008288,-119.26062694774596,7.988622503035352,False
2252,66,Substation,' ',37.99529965,-121.7018916,CONTRA COSTA,pge,37.99867901702416,-121.78318387764637,7.133253324791721,False
2253,66,Substation,' ',37.9833716,-121.7279044,LONE TREE,pge,37.94630532263428,-121.75910439326935,4.94655773195627,False
2254,115,Substation,' ',37.09834375,-121.0484791,SANTA NELLA,pge,37.08567509415812,-121.01318384348406,3.4329113943594183,False
2255,66,Substation,' ',40.70230013,-122.9248397,FRENCH GULCH,pge,40.6868686177047,-122.6404649477137,24.036252577064985,False
2256,230,Substation,' ',38.6563236,-121.1898018,HORSESHOE,pge,38.74422432366909,-121.16136710564363,10.080779570707202,False
2257,66,Substation,' ',37.80813517,-121.5948502,HERDLYN,pge,37.81698475446724,-121.58716994811228,1.1931086030602074,True
2258,66,Substation,' ',33.60621266,-114.5998554,Blythe City,sce,33.60578415772661,-114.59963819241848,0.051719453075164894,True
2259,66,Substation,' ',35.26250712,-116.7022796,Dunn Siding,sce,35.04896210066004,-116.44277963649056,33.47228207158823,False
2260,66,Substation,' ',36.34224774,-119.5924108,Mascot,sce,36.3420191206668,-119.5921514338543,0.034436933899289264,True
2261,230,Substation,'IMPORT',34.31514963,-114.1576556,Whipple,sce,34.2942366466893,-114.173217778462,2.72962206484615,False
2262,66,Substation,' ',35.00019441,-117.6491998,Amargo,sce,35.00091068417334,-117.64796268028908,0.13798893330430706,True
2263,66,Substation,' ',35.01359157,-117.8813046,North Muroc,sce,35.012830143068406,-117.8823300974798,0.12605834600642726,True
2264,500,Substation,' ',35.03484956,-118.2806898,Southwind,sce,35.03149211101637,-118.3500052736917,6.322110096168425,False
2265,66,Substation,' ',33.72935002,-114.5171768,North Intake,sce,33.72879219190996,-114.51806985900689,0.10328709399828956,True
2266,66,Substation,' ',33.69094936,-114.5724676,Second Avenue,sce,33.69166725838854,-114.57157619474964,0.11477730802978692,True
2267,66,Substation,' ',33.66046487,-114.62376,Defrain,sce,33.6599157219618,-114.62269680370996,0.11580740590964392,True
2268,66,Substation,' ',33.6112788,-114.551017,Olive Lake,sce,33.6119060007915,-114.55037200163342,0.09182320274904525,True
2269,66,Substation,' ',33.61086405,-114.6799559,Dunes,sce,33.611349995945176,-114.67926099516676,0.08402892170828896,True
2270,66,Substation,' ',34.08755227,-116.9205846,Forest Home,sce,34.087574182727614,-116.92060648551028,0.003162102965337054,True
2271,66,Substation,' ',34.23438741,-117.2014241,Burnt Mill,sce,34.23455600184966,-117.20177600149432,0.0373893735910713,True
2272,66,Substation,' ',34.1957231,-116.9123756,Converse Flats,sce,34.19366413798804,-116.91201653378045,0.23131567190948057,True
2273,66,Substation,' ',34.9030172,-116.8293583,Yermo,sce,34.90380430987028,-116.8304800221454,0.1346257641879373,True
2274,66,Substation,' ',34.95748592,-116.6531954,Harvard,sce,34.95693116147875,-116.65323533398993,0.061793594089648116,True
2275,66,Substation,' ',34.83674776,-116.6626696,Cady,sce,34.8390113539395,-116.66239286066762,0.25296418182889807,True
2276,66,Substation,' ',34.74052045,-117.3239307,Helendale,sce,34.739570732100724,-117.32440346481268,0.11409762122923739,True
2277,66,Substation,' ',34.68212804,-117.3389005,Bryman,sce,34.68592987493426,-117.33817106269278,0.4279738139354949,True
2278,66,Substation,' ',33.74644555,-116.715478,Palm Canyon,sce,33.79901258889756,-116.5432560503965,16.957822343742414,False
2279,66,Substation,' ',35.64848234,-117.8165945,Inyokern Town,sce,35.64795863969852,-117.81573401572578,0.09714113976258403,True
2280,66,Substation,' ',35.62634452,-117.6728936,Ridgecrest,sce,35.62681208164642,-117.67275024933278,0.053580583587327146,True
2281,66,Substation,' ',34.20804986,-117.1039999,Running Springs,sce,34.20782205626276,-117.10405510824,0.025834374064732504,True
2282,66,Substation,' ',33.77735982,-118.21534,Seabright,sce,33.77328789189247,-118.20462787528702,1.0887166147347422,True
2283,66,Substation,' ',34.09743511,-117.5461089,Genamic,sce,34.090687084227305,-117.56578692312048,1.9612174961673834,True
2284,66,Substation,' ',34.08269139,-118.7094311,Crater,sce,34.108029995505106,-118.71436334833967,2.8538940774688517,False
2285,115,Substation,' ',33.5841918,-117.2554484,Tenaja,sce,33.58568591002949,-117.25518539978694,0.1679142121124444,True
2286,66,Substation,' ',33.64037384,-117.8499344,Macarthur,sce,33.63852216201871,-117.86595640340192,1.4974474470862171,True
2287,66,Substation,' ',36.20500203,-119.3410815,Tulare,sce,36.21283164375503,-119.32989254472216,1.3288044659215454,True
2288,230,Substation,' ',34.00046963,-118.3737029,Windsor Hills,sce,33.99634800774487,-118.3595474791942,1.3830788290485585,True
2289,115,Substation,' ',37.41853023,-122.0676159,AMES,pge,37.41803546385238,-122.06722574863358,0.06491447783778416,True
2290,66,Substation,' ',37.37717118,-122.0063579,BRITTON,pge,37.37491569242551,-122.01651663969916,0.9320351631176046,True
2291,66,Substation,' ',37.93956363,-122.3472345,BARRETT,pge,37.93963708159622,-122.3466580473046,0.05120750835189431,True
2292,66,Substation,' ',38.04166454,-122.0293338,TIDEWATER,pge,38.02052295487403,-122.06207554043746,3.7081224934805497,False
2293,66,Substation,' ',36.06874235,-119.5716755,CORCORAN,pge,36.1097291421788,-119.55733517121652,4.736184415375092,False
2294,230,Substation,' ',38.21363614,-121.0244583,COLONY,pge,38.19050048956095,-121.18105263498548,13.923069663230132,False
2295,66,Substation,' ',35.99695674,-119.9613971,AVENAL,pge,35.978183285259895,-120.1169296096175,14.14853388258045,False
2296,66,Substation,' ',40.40095412,-122.1410592,COTTONWOOD,pge,40.39732263215315,-122.26727834579738,10.695896815456205,False
2297,66,Substation,' ',37.91116804,-121.2558883,WEBER,pge,37.91977787523238,-121.24063827031146,1.6450643410728187,True
2298,66,Substation,' ',39.55334858,-122.0032163,JACINTO,pge,39.58288667011789,-122.01062919339816,3.3453833812031166,False
2299,66,Substation,' ',37.74023807,-121.4155718,TRACY,pge,37.74813194950613,-121.41575105836796,0.8779008565955702,True
2300,115,Substation,' ',37.42573614,-121.9336799,RIVER OAKS,pge,37.41128179639234,-121.92707411842656,1.7098479295137299,True
2301,66,Substation,' ',39.47336845,-121.5608867,WYANDOTTE,pge,39.49164315311975,-121.54096296885037,2.6557496219249637,False
2302,66,Substation,' ',37.94211221,-121.3377044,ROUGH AND READY ISLA,pge,37.94947516937854,-121.3463583310698,1.1163106302579338,True
2303,66,Substation,' ',37.59365534,-119.9858686,MARIPOSA,pge,37.504521775185246,-120.00756996777992,10.094161522253053,False
2304,66,Substation,' ',38.64677997,-121.0705589,CLARKSVILLE,pge,38.6556481194856,-121.05997890956418,1.3477734909852495,True
2305,66,Substation,' ',37.77697497,-121.6253239,HERDLYN,pge,37.81698475446724,-121.58716994811228,5.57055620710315,False
2306,115,Substation,' ',39.57223521,-121.1281804,CHALLENGE,pge,39.48563129002225,-121.22014874811364,12.447912778484383,False
2307,66,Substation,' ',32.8293907,-116.9663913,SANTEE,sdge,32.85787851830011,-116.96354154047636,3.178868596508892,False
2308,66,Substation,' ',41.2012439,-122.2764098,PIT NO 5,pge,40.98670271889426,-121.97630522163178,34.66356186376425,False
2309,66,Substation,' ',34.18507227,-118.3451326,Universal,sce,34.143280476249465,-118.3563502272626,4.760267974252931,False
2310,66,Substation,' ',34.18813539,-118.3455304,Universal,sce,34.143280476249465,-118.3563502272626,5.0860110485070456,False
2311,66,Substation,' ',37.41164719,-118.1861367,White Mt.,sce,37.41111132174783,-118.1871065087802,0.10434192790655314,True
2312,66,Substation,' ',37.33466081,-118.47958,Mt. Tom,sce,37.35012841125564,-118.46543749176112,2.1263140890508816,False
2313,66,Substation,' ',36.46509547,-118.8619812,Three Rivers,sce,36.45169228357878,-118.89043935860252,2.9493542663031858,False
2314,500,Substation,' ',34.85927794,-118.4352171,Neenach,sce,34.77497916534034,-118.50139738842196,11.15186618388635,False
2315,66,Substation,' ',33.97018662,-117.618598,Kimball,sce,33.969727853610216,-117.61814932196484,0.0656828758614005,True
2316,66,Substation,' ',34.55764538,-118.1802498,Ritter Ranch,sce,34.579690275477724,-118.20346616201272,3.2446326195183803,False
2317,115,Substation,' ',38.52593005,-120.2291523,SALT SPRINGS,pge,38.49873757346975,-120.21883454678164,3.1541164890057103,False
2318,66,Substation,' ',38.68746574,-120.0658613,ECHO SUMMIT,pge,38.82437656201053,-120.0284989889445,15.564696643270995,False
2319,66,Substation,' ',37.96116501,-121.2815144,HARDING,pge,37.96361485228802,-121.29066673738885,0.8473464745566524,True
2320,66,Substation,' ',37.94996587,-121.3463298,ROUGH AND READY ISLA,pge,37.94947516937854,-121.3463583310698,0.05462073954213094,True
2321,66,Substation,' ',37.98676821,-122.0402689,GILL,pge,37.98700838558783,-122.04030298525278,0.026872849974787828,True
2322,66,Substation,' ',37.78310949,-122.400223,SF X (MISSION),pge,37.77752693688508,-122.41435930467767,1.3888127150473977,True
2323,115,Substation,' ',37.79212554,-122.4036251,SF X (MISSION),pge,37.77752693688508,-122.41435930467767,1.877475403885344,True
2324,115,Substation,' ',37.74620312,-122.420327,CASTRO,pge,37.74941830614643,-122.43417816629568,1.2692316470824418,True
2325,115,Substation,' ',33.24305707,-115.5001896,Eagle Mountain,sce,33.81142800223903,-115.45355200188276,63.34764347163703,False
2326,66,Substation,' ',35.19487109,-118.8155537,WELLFIELD,pge,35.22496336365365,-118.77833722283752,4.756964455062366,False
2327,115,Substation,' ',36.0934423,-117.9576142,Coso,sce,36.082697937378725,-117.9508794515932,1.339247793953813,True
2328,66,Substation,' ',37.60912941,-120.9928722,WESTLEY,pge,37.57919043551431,-121.20566160950838,19.041189951263323,False
2329,66,Substation,' ',33.70191633,-117.3752229,Fogarty,sce,33.70081870853662,-117.37384841874932,0.17624784229872967,True
2330,66,Substation,' ',39.40007937,-120.1499392,SUMMIT,pge,39.31945516117808,-120.37918428385689,21.65217021098701,False
2331,66,Substation,' ',39.67078544,-120.2479684,SUMMIT,pge,39.31945516117808,-120.37918428385689,40.65626934346966,False
2332,115,Substation,' ',33.16867618,-115.4925094,Eagle Mountain,sce,33.81142800223903,-115.45355200188276,71.56198835617113,False
2333,66,Substation,' ',33.9988765,-117.3488524,West Riverside,sce,34.00574163622427,-117.39244956440842,4.090742090145662,False
2334,66,Substation,' ',33.9718988,-117.3323483,West Riverside,sce,34.00574163622427,-117.39244956440842,6.698183031208062,False
2335,66,Substation,' ',41.13235472,-121.1143557,MC ARTHUR,pge,41.0514109866347,-121.40819070502693,26.217540719108744,False
2336,66,Substation,' ',40.55124879,-124.0792155,CARLOTTA,pge,40.541262800218725,-124.06428630276322,1.680537020268871,True
2337,66,Substation,' ',40.08983849,-120.1723133,CRESCENT MILLS,pge,40.093925518711536,-120.91070330230104,62.812997806551664,False
2338,66,Substation,' ',40.29968726,-121.2448944,CHESTER,pge,40.30286123740071,-121.22690255646653,1.5660536451978606,True
2339,66,Substation,' ',38.62741805,-121.229413,HORSESHOE,pge,38.74422432366909,-121.16136710564363,14.268077357652567,False
2340,66,Substation,' ',38.41951217,-121.3954859,DEEPWATER,pge,38.55140495900723,-121.55981764661082,20.48590047549831,False
2341,66,Substation,' ',38.5953278,-121.3756089,WEST SACRAMENTO,pge,38.58949498136971,-121.54527027674682,14.75957600874788,False
2342,66,Substation,' ',38.39508861,-121.41834,NEW HOPE,pge,38.226101912543534,-121.47310289510555,19.38843887254233,False
2343,66,Substation,' ',38.43766004,-121.3755445,DEEPWATER,pge,38.55140495900723,-121.55981764661082,20.42436785161961,False
2344,66,Substation,' ',38.42171757,-121.448745,DEEPWATER,pge,38.55140495900723,-121.55981764661082,17.361306517952297,False
2345,66,Substation,' ',38.65923885,-121.1071492,CLARKSVILLE,pge,38.6556481194856,-121.05997890956418,4.115282561273952,False
2346,66,Substation,' ',38.4159142,-121.4821271,DEEPWATER,pge,38.55140495900723,-121.55981764661082,16.513929283694775,False
2347,66,Substation,' ',38.4534286,-121.4066181,DEEPWATER,pge,38.55140495900723,-121.55981764661082,17.216641733838816,False
2348,66,Substation,' ',38.67138727,-121.2647745,HORSESHOE,pge,38.74422432366909,-121.16136710564363,12.08738902182231,False
2349,66,Substation,' ',38.58605279,-121.2124628,CLARKSVILLE,pge,38.6556481194856,-121.05997890956418,15.341905196620964,False
2350,66,Substation,' ',38.56923017,-121.4849919,WEST SACRAMENTO,pge,38.58949498136971,-121.54527027674682,5.703742891341423,False
2351,66,Substation,' ',38.386891,-121.3738271,NEW HOPE,pge,38.226101912543534,-121.47310289510555,19.86686190050915,False
2352,66,Substation,' ',38.58460932,-121.4201776,WEST SACRAMENTO,pge,38.58949498136971,-121.54527027674682,10.88621637130164,False
2353,66,Substation,' ',38.51878132,-121.3963467,DEEPWATER,pge,38.55140495900723,-121.55981764661082,14.674097782396014,False
2354,66,Substation,' ',38.40208663,-121.335074,NEW HOPE,pge,38.226101912543534,-121.47310289510555,22.977200956330957,False
2355,115,Substation,' ',38.65217913,-121.1182589,CLARKSVILLE,pge,38.6556481194856,-121.05997890956418,5.075468329191847,False
2356,66,Substation,' ',38.68711998,-121.1517604,HORSESHOE,pge,38.74422432366909,-121.16136710564363,6.404182869371456,False
2357,66,Substation,' ',38.50138226,-121.3160589,DEEPWATER,pge,38.55140495900723,-121.55981764661082,21.922000299113762,False
2358,66,Substation,' ',39.32735867,-120.2818904,SUMMIT,pge,39.31945516117808,-120.37918428385689,8.415072830895124,False
2359,66,Substation,' ',33.70479568,-116.7312309,Mayberry,sce,33.73586677854356,-116.92033833583632,17.827987307161305,False
2360,66,Substation,' ',33.51518854,-116.7884555,Pauba,sce,33.54190303848778,-117.04398293604586,23.87121637380675,False
2361,115,Substation,' ',37.76698524,-119.1233382,June Lake,sce,37.76752607365519,-119.12426591711588,0.10132326188437843,True
2362,66,Substation,' ',33.81699412,-117.9763665,Barre,sce,33.80980878510379,-117.98381034849662,1.0541854732812395,True
2363,66,Substation,' ',33.86437216,-117.7463946,Canyon,sce,33.871538676482594,-117.74807268223128,0.811802081033034,True
2364,66,Substation,' ',33.85647208,-117.7683222,Canyon,sce,33.871538676482594,-117.74807268223128,2.5104646096157066,False
2365,66,Substation,' ',33.85839882,-117.8622674,Placentia,sce,33.87119299998787,-117.87861599522375,2.074240922231926,False
2366,66,Substation,' ',37.40332926,-121.9732165,NORTECH,pge,37.42095169352169,-121.9604588755621,2.2603823521221083,False
2367,66,Substation,' ',37.32734247,-121.9962031,WOLFE,pge,37.33477745536544,-122.02082362284114,2.3285537669917145,False
2368,66,Substation,' ',37.37706603,-121.9978537,BRITTON,pge,37.37491569242551,-122.01651663969916,1.666360448189472,True
2369,66,Substation,' ',37.33909296,-121.978458,WOLFE,pge,37.33477745536544,-122.02082362284114,3.7761231291053377,False
2370,66,Substation,' ',37.37699607,-121.955302,TRIMBLE,pge,37.38283159012757,-121.92643970315228,2.631486574810685,False
2371,66,Substation,' ',37.3758027,-121.9543269,TRIMBLE,pge,37.38283159012757,-121.92643970315228,2.5850746105643108,False
2372,66,Substation,' ',37.38169967,-121.978366,LAWRENCE,pge,37.39719513054225,-122.0100946003828,3.29034355202162,False
2373,66,Substation,' ',37.38658303,-121.9675138,TRIMBLE,pge,37.38283159012757,-121.92643970315228,3.652911171686202,False
2374,66,Substation,' ',37.38516906,-121.9565774,TRIMBLE,pge,37.38283159012757,-121.92643970315228,2.6754330843978704,False
2375,66,Substation,' ',37.39136113,-121.9676557,NORTECH,pge,37.42095169352169,-121.9604588755621,3.351163411434938,False
2376,66,Substation,' ',37.39437509,-121.9575378,NORTECH,pge,37.42095169352169,-121.9604588755621,2.9664249060901997,False
2377,66,Substation,' ',37.37399652,-121.9741934,BRITTON,pge,37.37491569242551,-122.01651663969916,3.7412883946686564,False
2378,66,Substation,' ',37.37593549,-121.9509503,TRIMBLE,pge,37.38283159012757,-121.92643970315228,2.2974795171933686,False
2379,500,Substation,' ',33.57898011,-114.8159277,Blythe (Walc),sce,33.61169299611282,-114.6805210000251,13.058440444666171,False
2380,66,Substation,' ',34.00301487,-118.2343272,Fruitland,sce,33.99612653954061,-118.22661150774924,1.0452677137804278,True
2381,66,Substation,' ',34.00326263,-118.2325784,Fruitland,sce,33.99612653954061,-118.22661150774924,0.9655060935743616,True
2382,66,Substation,' ',34.08661106,-117.3265084,Calectric,sce,34.09320376455966,-117.3168459956363,1.1528714629818113,True
2383,66,Substation,' ',34.5901071,-117.3712162,George A.f.b.,sce,34.57982381229889,-117.36944495127666,1.1548891523969793,True
2384,66,Substation,' ',36.68448148,-119.5536121,SANGER,pge,36.70772235449084,-119.61086419533504,5.721373961774562,False
2385,66,Substation,' ',34.26865171,-116.8148676,Goldhill,sce,34.304594715563255,-116.82219835404692,4.053029199214573,False
2386,66,Substation,' ',34.25062959,-116.8270485,Goldhill,sce,34.304594715563255,-116.82219835404692,6.01717344985398,False
2387,66,Substation,' ',34.26634071,-116.8310392,Goldhill,sce,34.304594715563255,-116.82219835404692,4.330506593614889,False
2388,66,Substation,' ',34.26538392,-116.8496005,Goldhill,sce,34.304594715563255,-116.82219835404692,5.034683883108637,False
2389,66,Substation,' ',34.22430904,-116.857889,Converse Flats,sce,34.19366413798804,-116.91201653378045,6.03209810663912,False
2390,66,Substation,' ',34.22675718,-116.8637969,Converse Flats,sce,34.19366413798804,-116.91201653378045,5.762107615501618,False
2391,66,Substation,' ',34.26184786,-116.8666181,Goldhill,sce,34.304594715563255,-116.82219835404692,6.2648844328869275,False
2392,66,Substation,' ',34.2614109,-116.8821987,Goldhill,sce,34.304594715563255,-116.82219835404692,7.310711144595647,False
2393,66,Substation,' ',34.2526932,-116.8914217,Converse Flats,sce,34.19366413798804,-116.91201653378045,6.831400043023838,False
2394,66,Substation,' ',34.24704552,-116.8853968,Converse Flats,sce,34.19366413798804,-116.91201653378045,6.420552677417049,False
2395,66,Substation,' ',34.23620135,-116.8896699,Converse Flats,sce,34.19366413798804,-116.91201653378045,5.156969580288098,False
2396,66,Substation,' ',34.2453792,-116.9003541,Converse Flats,sce,34.19366413798804,-116.91201653378045,5.849577614200723,False
2397,66,Substation,' ',34.24017994,-116.9104415,Converse Flats,sce,34.19366413798804,-116.91201653378045,5.174348269805887,False
2398,66,Substation,' ',34.3037656,-116.8201577,Goldhill,sce,34.304594715563255,-116.82219835404692,0.2088869056792325,True
2399,230,Substation,' ',35.20709103,-118.2479019,Monolith,sce,35.12576264877239,-118.3824105939484,15.207780123722312,False
2400,230,Substation,' ',38.12482122,-121.8318147,PITTSBURG,pge,38.03070653596985,-121.8692592247712,10.966306577687208,False
2401,66,Substation,' ',33.76483417,-118.0988825,Stadium,sce,33.771905998735384,-118.1000940007785,0.7942854707880488,True
2402,115,Substation,' ',36.13838951,-119.577214,CORCORAN,pge,36.1097291421788,-119.55733517121652,3.652957356003546,False
2403,115,Substation,' ',39.14379082,-123.1988789,UKIAH,pge,39.14297181783122,-123.19174687279155,0.6217665396683543,True
2404,66,Substation,' ',33.93260512,-116.5043504,Coffee,sce,33.932236354588085,-116.50504522447508,0.07609606359960129,True
2405,230,Substation,' ',33.20491247,-115.5731889,Eagle Mountain,sce,33.81142800223903,-115.45355200188276,68.34751128309874,False
2406,115,Substation,' ',33.91373651,-116.7196241,Cabazon,sce,33.91393513181455,-116.78448895599544,5.9856512581452765,False
2407,115,Substation,' ',33.90196491,-116.5557961,Garnet,sce,33.90145418385204,-116.5439873868186,1.0913201709695477,True
2408,115,Substation,' ',32.71983423,-114.7107632,Verdant,sce,33.41784425716497,-114.72418516485564,77.6252497946714,False
2409,66,Substation,' ',37.36428512,-121.9442823,TRIMBLE,pge,37.38283159012757,-121.92643970315228,2.5959371635066266,False
7623,230,Substation,' ',36.10797845,-118.9380686,Porterville,sce,36.06795606180097,-119.03416632417655,9.714476833795773,False
7624,66,Substation,' ',36.10795571,-118.9380569,Porterville,sce,36.06795606180097,-119.03416632417655,9.714254499113656,False
7625,230,Substation,' ',36.30432534,-119.2445438,Rector,sce,36.304677644129264,-119.24357248208328,0.09544923548329605,True
7626,66,Substation,' ',36.30427691,-119.2445756,Rector,sce,36.304677644129264,-119.24357248208328,0.10032776425432116,True
7627,230,Substation,' ',33.68537943,-117.9431138,Ellis,sce,33.68544544480769,-117.9434316308098,0.030309537831609192,True
7628,66,Substation,' ',33.68529538,-117.9431194,Ellis,sce,33.68544544480769,-117.9434316308098,0.033361919349007646,True
7631,230,Substation,' ',37.79799347,-121.5804434,HERDLYN,pge,37.81698475446724,-121.58716994811228,2.1928602274191484,False
7632,500,Substation,' ',37.7980376,-121.5803659,HERDLYN,pge,37.81698475446724,-121.58716994811228,2.189983660771156,False
7633,66,Substation,' ',37.79807877,-121.5804202,HERDLYN,pge,37.81698475446724,-121.58716994811228,2.1842800373347475,False
7634,66,Substation,' ',35.38277387,-119.6961467,TEMBLOR,pge,35.383198949735814,-119.6964252470037,0.053589365355186255,True
7635,115,Substation,' ',35.38270685,-119.6961461,TEMBLOR,pge,35.383198949735814,-119.6964252470037,0.060287620298270665,True
7636,230,Substation,' ',35.3743397,-120.8560494,MORRO BAY,pge,35.374352209340344,-120.85564135935418,0.037021923215481735,True
7637,115,Substation,' ',35.3743576,-120.8560621,MORRO BAY,pge,35.374352209340344,-120.85564135935418,0.03815195790865094,True
7638,230,Substation,' ',37.63210964,-122.1018261,MT EDEN,pge,37.63195322408561,-122.1023291475442,0.04759074041081156,True
7639,66,Substation,' ',37.63209122,-122.1018886,MT EDEN,pge,37.63195322408561,-122.1023291475442,0.04171926115757883,True
7642,230,Substation,' ',33.81852556,-116.370064,Concho,sce,33.75688900153803,-116.33419299787862,7.613281916986152,False
7643,115,Substation,' ',33.81852727,-116.3701257,Concho,sce,33.75688900153803,-116.33419299787862,7.615937522621263,False
7646,66,Substation,' ',40.61905419,-122.3220371,OREGON TRAIL,pge,40.61899130155303,-122.3221442755599,0.011433700030073319,True
7647,115,Substation,' ',40.61900976,-122.3220492,OREGON TRAIL,pge,40.61899130155303,-122.3221442755599,0.008282999560140251,True
7648,66,Substation,' ',38.54516943,-121.7342428,DAVIS,pge,38.54537389882344,-121.7337412213476,0.04919053793547042,True
7649,115,Substation,' ',38.54517286,-121.7342632,DAVIS,pge,38.54537389882344,-121.7337412213476,0.05060076959485938,True
7650,66,Substation,' ',41.45176067,-122.3622029,PIT NO 5,pge,40.98670271889426,-121.97630522163178,60.958130427831506,False
7651,115,Substation,' ',41.45175834,-122.3621313,PIT NO 5,pge,40.98670271889426,-121.97630522163178,60.95474031233849,False
7652,230,Substation,' ',38.6503711,-121.4863474,WEST SACRAMENTO,pge,38.58949498136971,-121.54527027674682,8.486783787961537,False
7653,66,Substation,' ',38.65042713,-121.4862918,WEST SACRAMENTO,pge,38.58949498136971,-121.54527027674682,8.49466543654148,False
7654,230,Substation,' ',33.82885513,-117.7896549,Villa Park,sce,33.81402700329047,-117.8345340031481,4.461684027856849,False
7655,500,Substation,' ',33.82888121,-117.7897284,Villa Park,sce,33.81402700329047,-117.8345340031481,4.456449011027261,False
7656,230,Substation,' ',32.91742171,-117.0311398,POMERADO,sdge,32.93866507905452,-117.03289416045068,2.3678229795416885,False
7657,66,Substation,' ',32.91739502,-117.0311349,POMERADO,sdge,32.93866507905452,-117.03289416045068,2.3708153074658385,False
7658,115,Substation,' ',32.91740534,-117.0310899,POMERADO,sdge,32.93866507905452,-117.03289416045068,2.36996525017108,False
7659,230,Substation,' ',34.50498671,-117.3883741,Victor,sce,34.506298377401684,-117.3891430075162,0.161977208323608,True
7660,66,Substation,' ',34.50489089,-117.3883733,Victor,sce,34.506298377401684,-117.3891430075162,0.17166383162633908,True
7661,115,Substation,' ',34.50495636,-117.388347,Victor,sce,34.506298377401684,-117.3891430075162,0.1660979242580361,True
7662,230,Substation,' ',33.81923151,-118.2224963,Cameron,sce,33.8192358468031,-118.21711088356317,0.49750762665143383,True
7663,66,Substation,' ',33.8192585,-118.2225237,Cameron,sce,33.8192358468031,-118.21711088356317,0.5000448838103276,True
7666,230,Substation,' ',38.76171235,-121.2641887,ROCKLIN,pge,38.7878362079499,-121.2316984669296,4.046114859576433,False
7667,66,Substation,' ',38.7617769,-121.2641137,ROCKLIN,pge,38.7878362079499,-121.2316984669296,4.036435028472195,False
7668,115,Substation,' ',38.76171806,-121.2641437,ROCKLIN,pge,38.7878362079499,-121.2316984669296,4.042944097943003,False
7669,66,Substation,' ',32.73888735,-114.6334904,Verdant,sce,33.41784425716497,-114.72418516485564,75.96799859520914,False
7670,115,Substation,' ',32.73883866,-114.6334837,Verdant,sce,33.41784425716497,-114.72418516485564,75.9734487739911,False
7673,66,Substation,' ',34.05897335,-117.314488,Colton,sce,34.05928099568391,-117.31516299984052,0.07097008252798742,True
7674,115,Substation,' ',34.0589893,-117.3144659,Colton,sce,34.05928099568391,-117.31516299984052,0.07194362814561774,True
7675,230,Substation,' ',33.97773257,-118.436901,Tahiti,sce,33.97735300085169,-118.43602700278474,0.0909735868942731,True
7676,66,Substation,' ',33.97777802,-118.4369308,Tahiti,sce,33.97735300085169,-118.43602700278474,0.09580596898550937,True
7677,66,Substation,' ',37.90841915,-122.0573089,LAKEWOOD,pge,37.9088184998879,-122.0574732475179,0.04668787990802064,True
7678,115,Substation,' ',37.90841279,-122.0573036,LAKEWOOD,pge,37.9088184998879,-122.0574732475179,0.047504636296495616,True
7679,230,Substation,' ',38.25097444,-122.5815961,LAKEVILLE,pge,38.25024379525056,-122.58100117848136,0.09643336307338132,True
7680,66,Substation,' ',38.25098877,-122.5816254,LAKEVILLE,pge,38.25024379525056,-122.58100117848136,0.09916261311440924,True
7681,115,Substation,' ',38.25095423,-122.581694,LAKEVILLE,pge,38.25024379525056,-122.58100117848136,0.0995017885057536,True
7682,230,Substation,' ',38.80558507,-122.808212,GEYSERVILLE,pge,38.70995941018712,-122.9076911568436,13.691864887586375,False
7683,66,Substation,' ',38.80557669,-122.8081843,GEYSERVILLE,pge,38.70995941018712,-122.9076911568436,13.692654941147245,False
7684,66,Substation,' ',37.89867204,-122.5245658,ALTO,pge,37.898563217546894,-122.5246426549278,0.013852710430285088,True
7685,115,Substation,' ',37.89861964,-122.52465,ALTO,pge,37.898563217546894,-122.5246426549278,0.006306905977480851,True
7690,230,Substation,' ',34.03327651,-118.4600633,Pearl,sce,34.021978495066826,-118.458658993392,1.2629300011507616,True
7691,66,Substation,' ',34.03328084,-118.4600374,Pearl,sce,34.021978495066826,-118.458658993392,1.263166686966354,True
7692,115,Substation,' ',34.03327747,-118.4600247,Pearl,sce,34.021978495066826,-118.458658993392,1.2626766681310964,True
7695,66,Substation,' ',36.68231075,-121.6513715,SALINAS,pge,36.68286418701568,-121.651172576963,0.06404496101673449,True
7696,115,Substation,' ',36.68232165,-121.6513961,SALINAS,pge,36.68286418701568,-121.651172576963,0.06353494519703985,True
7697,66,Substation,' ',34.06068628,-117.3535257,Colton,sce,34.05928099568391,-117.31516299984052,3.5374105255695176,False
7698,115,Substation,' ',34.0606834,-117.3535713,Colton,sce,34.05928099568391,-117.31516299984052,3.5415930298875007,False
7699,230,Substation,' ',34.4687799,-119.8843541,Goleta,sce,34.47458731297879,-119.88528727978417,0.6513963302924032,True
7700,66,Substation,' ',34.46874197,-119.8843313,Goleta,sce,34.47458731297879,-119.88528727978417,0.6558536641312689,True
7707,230,Substation,' ',36.24195533,-119.9032943,HENRIETTA,pge,36.24184869376041,-119.90482761916222,0.13802116355764288,True
7708,66,Substation,' ',36.24192858,-119.9033148,HENRIETTA,pge,36.24184869376041,-119.90482761916222,0.13596291792022736,True
7709,230,Substation,' ',33.86978862,-118.3328685,La Fresa,sce,33.86854535999439,-118.33214671842512,0.1534675654482196,True
7710,66,Substation,' ',33.86978338,-118.3328875,La Fresa,sce,33.86854535999439,-118.33214671842512,0.15371535490169444,True
7715,66,Substation,' ',35.37800345,-119.0954011,FRUITVALE,pge,35.37778171713446,-119.09265249949172,0.2504128999889066,True
7716,115,Substation,' ',35.37801241,-119.0954143,FRUITVALE,pge,35.37778171713446,-119.09265249949172,0.25170343392572125,True
7725,230,Substation,' ',33.90157971,-118.3915996,El Nido,sce,33.89601600350098,-118.37257599658405,1.8615784849532389,True
7726,66,Substation,' ',33.90160172,-118.3916633,El Nido,sce,33.89601600350098,-118.37257599658405,1.8679366524326768,True
7727,66,Substation,' ',38.54814056,-121.4077324,WEST SACRAMENTO,pge,38.58949498136971,-121.54527027674682,12.811101358932696,False
7728,115,Substation,' ',38.54812503,-121.4077433,WEST SACRAMENTO,pge,38.58949498136971,-121.54527027674682,12.810838065227864,False
7731,230,Substation,' ',33.66701748,-117.6423751,Viejo,sce,33.66606548376288,-117.64214978596888,0.10789128913888885,True
7732,66,Substation,' ',33.66696983,-117.6424057,Viejo,sce,33.66606548376288,-117.64214978596888,0.10331005499862159,True
7745,230,Substation,' ',40.67896254,-122.4251023,STILLWATER,pge,40.67760281495655,-122.34983936540058,6.348585985481562,False
7746,66,Substation,' ',40.67896998,-122.4250914,STILLWATER,pge,40.67760281495655,-122.34983936540058,6.34768647427045,False
7747,230,Substation,' ',33.85268118,-118.3938368,Redondo,sce,33.84817299949127,-118.3875900004199,0.7642444358062379,True
7748,66,Substation,' ',33.85261435,-118.3938607,Redondo,sce,33.84817299949127,-118.3875900004199,0.7610690148399105,True
7751,230,Substation,' ',32.80233773,-115.5371291,BOULEVARD EAST,sdge,32.658400194287246,-116.26859395520212,70.267995382424,False
7752,66,Substation,' ',32.80231892,-115.537175,BOULEVARD EAST,sdge,32.658400194287246,-116.26859395520212,70.26334542939026,False
7753,115,Substation,' ',32.80237428,-115.5371749,BOULEVARD EAST,sdge,32.658400194287246,-116.26859395520212,70.2647360981224,False
7754,230,Substation,' ',37.99234052,-121.3486474,STAGG,pge,37.99168060969362,-121.34788419136744,0.0992854486732166,True
7755,66,Substation,' ',37.99229623,-121.3486288,STAGG,pge,37.99168060969362,-121.34788419136744,0.09457129638456656,True
7758,66,Substation,' ',37.80116217,-121.2238314,MANTECA,pge,37.8015045271901,-121.22348162992516,0.04892418693781379,True
7759,115,Substation,' ',37.80115769,-121.2239054,MANTECA,pge,37.8015045271901,-121.22348162992516,0.05360616565417482,True
7764,66,Substation,' ',32.7603857,-114.7486701,Verdant,sce,33.41784425716497,-114.72418516485564,73.14163325478549,False
7765,115,Substation,' ',32.76037313,-114.7486325,Verdant,sce,33.41784425716497,-114.72418516485564,73.14292114517781,False
7770,230,Substation,' ',34.56366841,-117.3220928,Victorville,sce,34.53540675853123,-117.294669774305,4.02285238312177,False
7771,500,Substation,' ',34.56368448,-117.3221111,Victorville,sce,34.53540675853123,-117.294669774305,4.02529446066639,False
7772,66,Substation,' ',34.56364104,-117.3220901,Victorville,sce,34.53540675853123,-117.294669774305,4.020321192950894,False
7773,230,Substation,' ',33.91924041,-118.425367,Sepulveda,sce,33.918899996678014,-118.3965350030493,2.6606699270681724,False
7774,66,Substation,' ',33.91919279,-118.4254139,Sepulveda,sce,33.918899996678014,-118.3965350030493,2.6649278656319253,False
7775,115,Substation,' ',33.91922262,-118.4254107,Sepulveda,sce,33.918899996678014,-118.3965350030493,2.6646747405663618,False
7778,230,Substation,' ',38.33152352,-120.6697894,ELECTRA,pge,38.33116093177938,-120.67246808322844,0.23710239074481496,True
7779,66,Substation,' ',38.33153169,-120.6697873,ELECTRA,pge,38.33116093177938,-120.67246808322844,0.237438934914586,True
7780,230,Substation,' ',33.13693016,-117.3355562,CANNON,sdge,33.136804347563746,-117.31487812370123,1.925406748089482,True
7781,66,Substation,' ',33.13699045,-117.3355222,CANNON,sdge,33.136804347563746,-117.31487812370123,1.9223008776436457,True
7782,115,Substation,' ',33.13692609,-117.3355207,CANNON,sdge,33.136804347563746,-117.31487812370123,1.9220981996854518,True
7785,230,Substation,' ',33.9983907,-117.6785606,Chino,sce,33.99800099876217,-117.67945500552317,0.0931456748739503,True
7786,500,Substation,' ',33.99832191,-117.6785285,Chino,sce,33.99800099876217,-117.67945500552317,0.09256597250488187,True
7787,66,Substation,' ',33.99838617,-117.6785196,Chino,sce,33.99800099876217,-117.67945500552317,0.09628231863665228,True
7788,230,Substation,' ',37.7447448,-121.9358634,SAN RAMON,pge,37.74487564264759,-121.93673033346126,0.07760274906636302,True
7789,66,Substation,' ',37.74468834,-121.935896,SAN RAMON,pge,37.74487564264759,-121.93673033346126,0.07625946545790716,True
7792,66,Substation,' ',35.44253822,-119.7395888,TEMBLOR,pge,35.383198949735814,-119.6964252470037,7.670559477787644,False
7793,115,Substation,' ',35.44248833,-119.7396103,TEMBLOR,pge,35.383198949735814,-119.6964252470037,7.6667830392582,False
7800,230,Substation,' ',33.45690796,-117.5892211,PICO,sdge,33.472892946910534,-117.5978376945472,1.9488939309047453,True
7801,66,Substation,' ',33.45691855,-117.5892519,PICO,sdge,33.472892946910534,-117.5978376945472,1.9466493584059879,True
7802,115,Substation,' ',33.45687089,-117.5892392,PICO,sdge,33.472892946910534,-117.5978376945472,1.951967452185718,True
7805,230,Substation,' ',33.94829445,-118.2551678,Graham,sce,33.95932330825726,-118.23688369438952,2.0851846737279556,False
7806,115,Substation,' ',33.94825012,-118.2551749,Graham,sce,33.95932330825726,-118.23688369438952,2.088616806832351,False
7807,66,Substation,' ',34.07945249,-117.240419,San Bernardino,sce,34.07996331212228,-117.23764594241688,0.26163372155773384,True
7808,115,Substation,' ',34.07947877,-117.2403642,San Bernardino,sce,34.07996331212228,-117.23764594241688,0.25607869197774313,True
7809,66,Substation,' ',39.12053554,-122.2233849,WILLIAMS,pge,39.15751081265503,-122.14773879689832,7.711525189218505,False
7810,115,Substation,' ',39.12052808,-122.2233561,WILLIAMS,pge,39.15751081265503,-122.14773879689832,7.709866638020488,False
7817,66,Substation,' ',38.50888149,-121.40971,DEEPWATER,pge,38.55140495900723,-121.55981764661082,13.886984080790821,False
7818,115,Substation,' ',38.5088237,-121.4096816,DEEPWATER,pge,38.55140495900723,-121.55981764661082,13.891500742268477,False
7819,230,Substation,' ',34.01543658,-118.2037922,Fruitland,sce,33.99612653954061,-118.22661150774924,3.005806932699256,False
7820,66,Substation,' ',34.01543272,-118.2038146,Fruitland,sce,33.99612653954061,-118.22661150774924,3.0040556545882007,False
7821,230,Substation,' ',37.45763021,-122.2863257,EMERALD LAKE,pge,37.46149299207372,-122.2772794279851,0.9066622960525198,True
7822,66,Substation,' ',37.4575755,-122.2864161,EMERALD LAKE,pge,37.46149299207372,-122.2772794279851,0.9165728286008247,True
7823,230,Substation,' ',37.62506173,-122.1165823,MT EDEN,pge,37.63195322408561,-122.1023291475442,1.4706273487321508,True
7824,115,Substation,' ',37.62504401,-122.1165892,MT EDEN,pge,37.63195322408561,-122.1023291475442,1.47217344692741,True
7827,230,Substation,' ',38.50824083,-121.3553738,DEEPWATER,pge,38.55140495900723,-121.55981764661082,18.420050362064707,False
7828,66,Substation,' ',38.50826589,-121.3553692,DEEPWATER,pge,38.55140495900723,-121.55981764661082,18.41970782068181,False
7829,115,Substation,' ',38.50826651,-121.3553338,DEEPWATER,pge,38.55140495900723,-121.55981764661082,18.422662866615045,False
7830,230,Substation,' ',34.0891351,-117.527049,Etiwanda,sce,34.0874063550556,-117.52566069325276,0.23086031302980828,True
7831,66,Substation,' ',34.0891736,-117.527047,Etiwanda,sce,34.0874063550556,-117.52566069325276,0.23433650882029028,True
7832,230,Substation,' ',38.76299123,-121.3572333,PLEASANT GROVE,pge,38.82203193935343,-121.30628841171048,7.911647636175172,False
7833,66,Substation,' ',38.7629841,-121.3572386,PLEASANT GROVE,pge,38.82203193935343,-121.30628841171048,7.9125619791626205,False
7834,230,Substation,' ',38.65743918,-121.1367682,CLARKSVILLE,pge,38.6556481194856,-121.05997890956418,6.6707877207663016,False
7835,66,Substation,' ',38.65749333,-121.136732,CLARKSVILLE,pge,38.6556481194856,-121.05997890956418,6.667825828861302,False
7836,115,Substation,' ',38.65749942,-121.1367753,CLARKSVILLE,pge,38.6556481194856,-121.05997890956418,6.67160447644889,False
7837,66,Substation,' ',39.3192471,-120.3788903,SUMMIT,pge,39.31945516117808,-120.37918428385689,0.03427537555731773,True
7838,115,Substation,' ',39.31925294,-120.3788044,SUMMIT,pge,39.31945516117808,-120.37918428385689,0.039667709080160866,True
7839,230,Substation,' ',37.99953661,-121.7828376,CONTRA COSTA,pge,37.99867901702416,-121.78318387764637,0.10007085255929794,True
7840,66,Substation,' ',37.99953097,-121.782776,CONTRA COSTA,pge,37.99867901702416,-121.78318387764637,0.10125041785719657,True
7841,115,Substation,' ',37.99955629,-121.7827931,CONTRA COSTA,pge,37.99867901702416,-121.78318387764637,0.10338349989746587,True
7844,230,Substation,' ',36.821906,-119.8589773,FIGARDEN,pge,36.82143004382485,-119.85912186746845,0.05446588204646308,True
7845,115,Substation,' ',36.82195601,-119.8589138,FIGARDEN,pge,36.82143004382485,-119.85912186746845,0.061347189362416614,True
7848,230,Substation,' ',39.77794836,-122.1428552,GLENN,pge,39.77771129658629,-122.14217762044808,0.06362159811066309,True
7849,66,Substation,' ',39.7779599,-122.1428682,GLENN,pge,39.77771129658629,-122.14217762044808,0.06516819214868468,True
7850,230,Substation,' ',38.01554628,-121.0136589,LINDEN,pge,38.0167719179122,-121.09611286247085,7.224539967157591,False
7851,115,Substation,' ',38.01550268,-121.0136681,LINDEN,pge,38.0167719179122,-121.09611286247085,7.223829398044737,False
7866,230,Substation,' ',33.81546184,-117.8344187,Villa Park,sce,33.81402700329047,-117.8345340031481,0.15990177478702214,True
7867,66,Substation,' ',33.8154625,-117.8343681,Villa Park,sce,33.81402700329047,-117.8345340031481,0.16035412791092132,True
7868,230,Substation,' ',33.97594301,-118.147888,Laguna Bell,sce,33.976063000676135,-118.14762100305056,0.028002910901896057,True
7869,66,Substation,' ',33.97591181,-118.1478911,Laguna Bell,sce,33.976063000676135,-118.14762100305056,0.030048844828132547,True
7870,230,Substation,' ',33.66489011,-117.7680577,Santiago,sce,33.66524066144334,-117.76821018473662,0.04145542175659787,True
7871,66,Substation,' ',33.66488581,-117.768026,Santiago,sce,33.66524066144334,-117.76821018473662,0.042982135077157035,True
7874,230,Substation,' ',37.64250706,-121.0429726,RIPON,pge,37.75576421896199,-121.14626329694828,15.530105049558086,False
7875,66,Substation,' ',37.64259383,-121.0429188,RIPON,pge,37.75576421896199,-121.14626329694828,15.525050589866716,False
7880,66,Substation,' ',34.82826787,-120.4484566,DIVIDE,pge,34.8291272881148,-120.44860259638226,0.09648759038998944,True
7881,115,Substation,' ',34.82817718,-120.4484135,DIVIDE,pge,34.8291272881148,-120.44860259638226,0.1070478248220742,True
7882,230,Substation,' ',38.51106842,-121.4750191,DEEPWATER,pge,38.55140495900723,-121.55981764661082,8.632766410472108,False
7883,115,Substation,' ',38.51110946,-121.4750838,DEEPWATER,pge,38.55140495900723,-121.55981764661082,8.625585037286857,False
7884,230,Substation,' ',34.31192399,-118.4804278,San Fernando,sce,34.27478288631888,-118.45894781084884,4.57710193731597,False
7885,66,Substation,' ',34.3118678,-118.4803652,San Fernando,sce,34.27478288631888,-118.45894781084884,4.5689860683684556,False
7888,230,Substation,' ',32.71792376,-115.7156357,BOULEVARD EAST,sdge,32.658400194287246,-116.26859395520212,52.16961763098082,False
7889,500,Substation,' ',32.71798545,-115.715688,BOULEVARD EAST,sdge,32.658400194287246,-116.26859395520212,52.165615808721284,False
7892,230,Substation,' ',38.28545467,-121.9706952,PEABODY,pge,38.28556962442518,-121.97162432823951,0.08209605690351475,True
7893,66,Substation,' ',38.2854921,-121.9706995,PEABODY,pge,38.28556962442518,-121.97162432823951,0.08117851153420677,True
7896,66,Substation,' ',37.35623222,-121.9397986,FMC,pge,37.34728445797068,-121.9223066818288,1.8386047886854133,True
7897,115,Substation,' ',37.35615633,-121.9398365,FMC,pge,37.34728445797068,-121.9223066818288,1.836877744265694,True
7900,66,Substation,' ',40.64643682,-122.9466795,FRENCH GULCH,pge,40.6868686177047,-122.6404649477137,26.2153842077496,False
7901,115,Substation,' ',40.64634829,-122.9467281,FRENCH GULCH,pge,40.6868686177047,-122.6404649477137,26.221129175989063,False
7904,230,Substation,' ',34.98945554,-117.5423921,Kramer,sce,34.9916469352641,-117.5419939285038,0.24635687247820404,True
7905,66,Substation,' ',34.98949717,-117.5423492,Kramer,sce,34.9916469352641,-117.5419939285038,0.2412238977526632,True
7906,115,Substation,' ',34.98948531,-117.5423634,Kramer,sce,34.9916469352641,-117.5419939285038,0.2427068131682804,True
7907,230,Substation,' ',40.3824504,-122.3822466,COTTONWOOD,pge,40.39732263215315,-122.26727834579738,9.876316596518569,False
7908,500,Substation,' ',40.38246713,-122.3822499,COTTONWOOD,pge,40.39732263215315,-122.26727834579738,9.876279628762,False
7911,230,Substation,' ',35.02669316,-117.348207,Harper Lake,sce,35.02803309199995,-117.34041708659684,0.7247906500389425,True
7912,66,Substation,' ',35.02665085,-117.348244,Harper Lake,sce,35.02803309199995,-117.34041708659684,0.7290655350261072,True
7913,66,Substation,' ',37.27333607,-120.4872542,MERCED,pge,37.273105730126126,-120.48710262742296,0.02891162334532985,True
7914,115,Substation,' ',37.27330581,-120.4872857,MERCED,pge,37.273105730126126,-120.48710262742296,0.027520459291376097,True
7917,230,Substation,' ',37.28102858,-122.0151755,SARATOGA,pge,37.28110735135594,-122.015662147593,0.0439379804069891,True
7918,66,Substation,' ',37.28103367,-122.0151969,SARATOGA,pge,37.28110735135594,-122.015662147593,0.04197016531292946,True
7919,230,Substation,' ',35.25223227,-115.5157519,Cima,sce,35.25530700396468,-115.5170589961386,0.36190981101722763,True
7920,500,Substation,' ',35.25222325,-115.5157004,Cima,sce,35.25530700396468,-115.5170589961386,0.3644138437189051,True
7927,230,Substation,' ',35.40371172,-119.4523725,MIDWAY,pge,35.40071397340408,-119.44889279756244,0.45888922077360866,True
7928,500,Substation,' ',35.40364658,-119.4523314,MIDWAY,pge,35.40071397340408,-119.44889279756244,0.45107339094404303,True
7929,115,Substation,' ',35.40372729,-119.4523721,MIDWAY,pge,35.40071397340408,-119.44889279756244,0.46012349948310227,True
7930,66,Substation,' ',37.63934049,-120.91968,RIVERBANK,pge,37.76887583084935,-120.90778635201956,14.441628228103163,False
7931,115,Substation,' ',37.63938144,-120.9196894,RIVERBANK,pge,37.76887583084935,-120.90778635201956,14.437146704920355,False
7934,230,Substation,' ',33.453114,-117.5714875,PICO,sdge,33.472892946910534,-117.5978376945472,3.288127045664066,False
7935,66,Substation,' ',33.453147,-117.5714813,PICO,sdge,33.472892946910534,-117.5978376945472,3.286101356578258,False
7936,115,Substation,' ',33.45312814,-117.571433,PICO,sdge,33.472892946910534,-117.5978376945472,3.2908366376818545,False
7937,230,Substation,' ',36.26518293,-121.1458146,KING CITY,pge,36.21705442156273,-121.12682030175492,5.616216915249797,False
7938,66,Substation,' ',36.26513946,-121.1458666,KING CITY,pge,36.21705442156273,-121.12682030175492,5.613028724458238,False
7939,230,Substation,' ',32.91869913,-117.2190936,TORREY PINES,sdge,32.90838006172779,-117.2314708130261,1.6283395408060588,True
7940,115,Substation,' ',32.91870837,-117.2191148,TORREY PINES,sdge,32.90838006172779,-117.2314708130261,1.627660722463261,True
7941,230,Substation,' ',33.98913921,-118.3594038,Windsor Hills,sce,33.99634800774487,-118.3595474791942,0.801691175626952,True
7942,115,Substation,' ',33.98918122,-118.3594185,Windsor Hills,sce,33.99634800774487,-118.3595474791942,0.796999146628802,True
7945,66,Substation,' ',37.63755084,-120.9540703,RIVERBANK,pge,37.76887583084935,-120.90778635201956,15.159759084323472,False
7946,115,Substation,' ',37.63748009,-120.9541107,RIVERBANK,pge,37.76887583084935,-120.90778635201956,15.168292270071445,False
7947,230,Substation,' ',34.22153233,-118.1869461,Gould,sce,34.22045478918629,-118.18497073763636,0.2175847568103994,True
7948,500,Substation,' ',34.22148197,-118.1870023,Gould,sce,34.22045478918629,-118.18497073763636,0.21894359828670315,True
7949,66,Substation,' ',34.22146811,-118.1869762,Gould,sce,34.22045478918629,-118.18497073763636,0.21609230544716593,True
7950,230,Substation,' ',34.42200505,-118.5758575,Saugus,sce,34.42305042378108,-118.57679738680848,0.14472024328475427,True
7951,66,Substation,' ',34.42202916,-118.5757956,Saugus,sce,34.42305042378108,-118.57679738680848,0.14607894633734808,True
7954,230,Substation,' ',34.10598475,-118.3587368,Fairfax,sce,34.08962425490188,-118.36102317404686,1.8313450061896337,True
7955,115,Substation,' ',34.10597119,-118.3587988,Fairfax,sce,34.08962425490188,-118.36102317404686,1.8291991884993246,True
7956,230,Substation,' ',37.70359732,-122.4095626,SF H (MARTIN),pge,37.70424294017619,-122.40919513249818,0.07873287220549731,True
7957,115,Substation,' ',37.70358291,-122.4095784,SF H (MARTIN),pge,37.70424294017619,-122.40919513249818,0.08076693458200884,True
7960,230,Substation,' ',37.70086232,-121.7332009,LAS POSITAS,pge,37.70094251288631,-121.73350621738382,0.02830290322872075,True
7961,66,Substation,' ',37.70082538,-121.7332444,LAS POSITAS,pge,37.70094251288631,-121.73350621738382,0.026461759527694025,True
7970,230,Substation,' ',36.80608967,-121.7757438,DOLAN ROAD,pge,36.80013119439448,-121.76897719428231,0.8955044662292138,True
7971,500,Substation,' ',36.80615242,-121.7756983,DOLAN ROAD,pge,36.80013119439448,-121.76897719428231,0.8979742821534938,True
7972,66,Substation,' ',36.80617723,-121.7757661,DOLAN ROAD,pge,36.80013119439448,-121.76897719428231,0.9040577294868186,True
7973,115,Substation,' ',36.8061037,-121.7757005,DOLAN ROAD,pge,36.80013119439448,-121.76897719428231,0.8940736023628386,True
7974,230,Substation,' ',34.17616905,-118.359841,Universal,sce,34.143280476249465,-118.3563502272626,3.671120133004566,False
7975,500,Substation,' ',34.17622937,-118.359843,Universal,sce,34.143280476249465,-118.3563502272626,3.677817803055998,False
7976,66,Substation,' ',34.17625687,-118.3598815,Universal,sce,34.143280476249465,-118.3563502272626,3.681174950078445,False
7977,230,Substation,' ',37.41569443,-122.2056977,MENLO,pge,37.43306229991303,-122.20225008841324,1.955068748295177,True
7978,66,Substation,' ',37.41572847,-122.2056812,MENLO,pge,37.43306229991303,-122.20225008841324,1.951103127774496,True
7981,230,Substation,' ',33.88058552,-118.1750582,Lighthipe,sce,33.88016104886397,-118.17456809026208,0.06538184169164216,True
7982,66,Substation,' ',33.88059892,-118.1750826,Lighthipe,sce,33.88016104886397,-118.17456809026208,0.06801878665362365,True
7987,66,Substation,' ',37.97056407,-122.5272379,SAN RAFAEL,pge,37.97034817117299,-122.5268270651713,0.04328122967818143,True
7988,115,Substation,' ',37.97057855,-122.5271901,SAN RAFAEL,pge,37.97034817117299,-122.5268270651713,0.040852511227587596,True
7989,230,Substation,' ',34.00829608,-117.9499737,Walnut,sce,34.008157000711364,-117.94978300159596,0.023412433661201854,True
7990,66,Substation,' ',34.00827438,-117.9499671,Walnut,sce,34.008157000711364,-117.94978300159596,0.021408309107875598,True
7991,66,Substation,' ',40.57580175,-122.3536629,OREGON TRAIL,pge,40.61899130155303,-122.3221442755599,5.490466792331194,False
7992,115,Substation,' ',40.57578422,-122.3536475,OREGON TRAIL,pge,40.61899130155303,-122.3221442755599,5.491542146623053,False
7995,66,Substation,' ',39.31766925,-120.3288463,SUMMIT,pge,39.31945516117808,-120.37918428385689,4.334840040848123,False
7996,115,Substation,' ',39.31773495,-120.3288614,SUMMIT,pge,39.31945516117808,-120.37918428385689,4.333211778644229,False
7999,66,Substation,' ',37.71308642,-120.9210263,RIVERBANK,pge,37.76887583084935,-120.90778635201956,6.311797121360736,False
8000,115,Substation,' ',37.71305522,-120.9210526,RIVERBANK,pge,37.76887583084935,-120.90778635201956,6.315633690362806,False
8001,66,Substation,' ',41.86754757,-122.4641555,PIT NO 5,pge,40.98670271889426,-121.97630522163178,106.05455835877439,False
8002,115,Substation,' ',41.86756326,-122.4641137,PIT NO 5,pge,40.98670271889426,-121.97630522163178,106.05483130169351,False
8003,230,Substation,' ',32.57416997,-116.9113077,BORDER,sdge,32.56861917203075,-116.9407818041129,2.8300368963564737,False
8004,66,Substation,' ',32.57413358,-116.9112988,BORDER,sdge,32.56861917203075,-116.9407818041129,2.8299718671748084,False
8005,66,Substation,' ',34.35457104,-116.8542721,Cottonwood,sce,34.37348672287697,-116.86154669043889,2.2067707837631407,False
8006,115,Substation,' ',34.35459231,-116.8542637,Cottonwood,sce,34.37348672287697,-116.86154669043889,2.204750277030549,False
8007,66,Substation,' ',37.84734821,-122.2285846,FLORENCE,pge,37.83612012296221,-122.2202658186114,1.4465049736110904,True
8008,115,Substation,' ',37.84734752,-122.228551,FLORENCE,pge,37.83612012296221,-122.2202658186114,1.4449509422813778,True
8009,230,Substation,' ',34.43865977,-118.5152949,Haskell,sce,34.43778474777862,-118.51439019798472,0.12786883966701543,True
8010,66,Substation,' ',34.43874185,-118.5152723,Haskell,sce,34.43778474777862,-118.51439019798472,0.1336793717868911,True
8011,66,Substation,' ',38.43675609,-122.7134315,SANTA ROSA A,pge,38.43690591996298,-122.71335000873452,0.01810924463977693,True
8012,115,Substation,' ',38.43680758,-122.7134131,SANTA ROSA A,pge,38.43690591996298,-122.71335000873452,0.012238003272552133,True
8013,230,Substation,' ',38.49778049,-122.7606879,FULTON,pge,38.497363244277295,-122.76136488870888,0.0749901462680996,True
8014,66,Substation,' ',38.49780272,-122.7606887,FULTON,pge,38.497363244277295,-122.76136488870888,0.07649052098315075,True
8015,115,Substation,' ',38.49776857,-122.7607143,FULTON,pge,38.497363244277295,-122.76136488870888,0.07236614394323226,True
8018,230,Substation,' ',34.24290772,-118.3925348,San Fernando,sce,34.27478288631888,-118.45894781084884,7.058029665529985,False
8019,66,Substation,' ',34.24295395,-118.3925786,San Fernando,sce,34.27478288631888,-118.45894781084884,7.051966201261911,False
8020,230,Substation,' ',33.80930521,-117.8991273,Lampson,sce,33.77796996263328,-117.8983985000712,3.4849713334434234,False
8021,66,Substation,' ',33.80931046,-117.8990897,Lampson,sce,33.77796996263328,-117.8983985000712,3.4854895946369053,False
8022,230,Substation,' ',40.00743437,-121.2493849,BUCKS CREEK,pge,39.91160243296182,-121.32682793665592,12.534663685531726,False
8023,115,Substation,' ',40.00736313,-121.2494541,BUCKS CREEK,pge,39.91160243296182,-121.32682793665592,12.524825480485136,False
8028,230,Substation,' ',38.21655716,-120.7640145,CALAVERAS CEMENT,pge,38.17053149409406,-120.66845206163632,9.794708134521125,False
8029,66,Substation,' ',38.21662754,-120.7640446,CALAVERAS CEMENT,pge,38.17053149409406,-120.66845206163632,9.801038052738289,False
8032,230,Substation,' ',38.22141505,-121.8669239,PEABODY,pge,38.28556962442518,-121.97162432823951,11.596187144161732,False
8033,66,Substation,' ',38.22145509,-121.866913,PEABODY,pge,38.28556962442518,-121.97162432823951,11.594197354654035,False
8036,66,Substation,' ',34.859027,-116.8664211,Gale,sce,34.85901038194339,-116.866424742626,0.001877495648052084,True
8037,115,Substation,' ',34.85902113,-116.8664701,Gale,sce,34.85901038194339,-116.866424742626,0.004307618316208241,True
8040,230,Substation,' ',32.80906143,-116.6828609,ALPINE,sdge,32.83888956328325,-116.7726717306921,9.023714831512393,False
8041,500,Substation,' ',32.80911016,-116.6828361,ALPINE,sdge,32.83888956328325,-116.7726717306921,9.02387812703134,False
8042,66,Substation,' ',33.13725894,-116.2944972,BORREGO,sdge,33.242891548049656,-116.34638794455222,12.69960877663824,False
8043,115,Substation,' ',33.13719683,-116.2945132,BORREGO,sdge,33.242891548049656,-116.34638794455222,12.705431576689357,False
8044,66,Substation,' ',38.49986786,-122.4591484,SILVERADO,pge,38.49997654207099,-122.45894388782744,0.02151234679399935,True
8045,115,Substation,' ',38.49983256,-122.4591125,SILVERADO,pge,38.49997654207099,-122.45894388782744,0.0217167995442939,True
8052,66,Substation,' ',36.99232964,-121.9822104,PAUL SWEET,pge,36.99259833764791,-121.9820620699066,0.032653157890423994,True
8053,115,Substation,' ',36.99234523,-121.982187,PAUL SWEET,pge,36.99259833764791,-121.9820620699066,0.03025242375184632,True
8064,230,Substation,' ',41.9769811,-122.3613405,PIT NO 5,pge,40.98670271889426,-121.97630522163178,114.68993262701952,False
8065,66,Substation,' ',41.97698731,-122.3613697,PIT NO 5,pge,40.98670271889426,-121.97630522163178,114.69127539688924,False
8066,115,Substation,' ',41.97692732,-122.3613426,PIT NO 5,pge,40.98670271889426,-121.97630522163178,114.68424385925371,False
8071,66,Substation,' ',37.3353314,-118.4819329,Mt. Tom,sce,37.35012841125564,-118.46543749176112,2.1985512412920474,False
8072,115,Substation,' ',37.33529047,-118.4819686,Mt. Tom,sce,37.35012841125564,-118.46543749176112,2.204050893388198,False
8073,230,Substation,' ',33.71347564,-117.8526388,Johanna,sce,33.713483846607005,-117.85207412796372,0.05223706274920234,True
8074,66,Substation,' ',33.7134483,-117.8526845,Johanna,sce,33.713483846607005,-117.85207412796372,0.0565942975486296,True
8075,66,Substation,' ',41.43143181,-122.3896996,ANTLER,pge,40.894973011426686,-122.38051411817683,59.65645236178338,False
8076,115,Substation,' ',41.43141499,-122.389723,ANTLER,pge,40.894973011426686,-122.38051411817683,59.65460750046953,False
8081,230,Substation,' ',34.00822245,-117.5643647,Mira Loma,sce,34.00819099745657,-117.56419800000003,0.015758705490037116,True
8082,500,Substation,' ',34.00820338,-117.5643559,Mira Loma,sce,34.00819099745657,-117.56419800000003,0.014619552514723484,True
8083,66,Substation,' ',34.00817797,-117.5643533,Mira Loma,sce,34.00819099745657,-117.56419800000003,0.014388023218334012,True
8084,230,Substation,' ',37.90545914,-122.2081305,SOBRANTE,pge,37.90535027631521,-122.20813319872327,0.012107404865090226,True
8085,115,Substation,' ',37.90541336,-122.2080877,SOBRANTE,pge,37.90535027631521,-122.20813319872327,0.00807089763332279,True
8086,66,Substation,' ',38.60127897,-121.4239517,WEST SACRAMENTO,pge,38.58949498136971,-121.54527027674682,10.624506365990722,False
8087,115,Substation,' ',38.60128858,-121.4239139,WEST SACRAMENTO,pge,38.58949498136971,-121.54527027674682,10.627897467098851,False
8088,66,Substation,' ',32.79567294,-115.5493929,BOULEVARD EAST,sdge,32.658400194287246,-116.26859395520212,68.98619355396646,False
8089,115,Substation,' ',32.7956247,-115.5494571,BOULEVARD EAST,sdge,32.658400194287246,-116.26859395520212,68.9791679800914,False
8094,230,Substation,' ',33.90849087,-118.4230673,Sepulveda,sce,33.918899996678014,-118.3965350030493,2.708157902679309,False
8095,66,Substation,' ',33.90848003,-118.4231042,Sepulveda,sce,33.918899996678014,-118.3965350030493,2.7117516366230587,False
8098,66,Substation,' ',34.28345226,-117.2162423,Arrowhead,sce,34.28267982597404,-117.21513008335693,0.13348897107342342,True
8099,115,Substation,' ',34.28345857,-117.2162844,Arrowhead,sce,34.28267982597404,-117.21513008335693,0.13691530853598827,True
8100,230,Substation,' ',38.05344487,-122.2345158,NORTH TOWER,pge,38.066339734584254,-122.19598269824904,3.6656801988880483,False
8101,66,Substation,' ',38.05339499,-122.2345441,NORTH TOWER,pge,38.066339734584254,-122.19598269824904,3.6701333707925308,False
8102,230,Substation,' ',34.03775241,-118.2299066,Wabash,sce,34.04484523957108,-118.18648075138452,4.07824286480766,False
8103,66,Substation,' ',34.03769967,-118.2298788,Wabash,sce,34.04484523957108,-118.18648075138452,4.076869852312839,False
8104,66,Substation,' ',41.18487088,-122.2859514,ANTLER,pge,40.894973011426686,-122.38051411817683,33.19645749488434,False
8105,115,Substation,' ',41.18484456,-122.285989,ANTLER,pge,40.894973011426686,-122.38051411817683,33.19286267313127,False
8106,230,Substation,' ',34.04133601,-117.319218,Colton,sce,34.05928099568391,-117.31516299984052,2.030062683146028,False
8107,66,Substation,' ',34.04133443,-117.3192143,Colton,sce,34.05928099568391,-117.31516299984052,2.0301726728133858,False
8108,115,Substation,' ',34.04131771,-117.3192148,Colton,sce,34.05928099568391,-117.31516299984052,2.0320086585150885,False
8111,230,Substation,' ',38.03680624,-121.8967809,WHITNEY,pge,38.02255800796905,-121.88567049158526,1.8593248340157043,True
8112,115,Substation,' ',38.03680732,-121.896811,WHITNEY,pge,38.02255800796905,-121.88567049158526,1.8608082647184179,True
8113,230,Substation,' ',33.77130371,-118.1002907,Stadium,sce,33.771905998735384,-118.1000940007785,0.06939549267469909,True
8114,66,Substation,' ',33.77135575,-118.1002338,Stadium,sce,33.771905998735384,-118.1000940007785,0.06253449964140144,True
8115,230,Substation,' ',33.84771626,-118.0968754,Del Amo,sce,33.84822500287367,-118.09716799786231,0.06269186907904359,True
8116,66,Substation,' ',33.84773136,-118.0969143,Del Amo,sce,33.84822500287367,-118.09716799786231,0.05968154849283395,True
8117,66,Substation,' ',33.96181488,-118.3761915,Inglewood,sce,33.96658424764422,-118.3570986216146,1.8389441590941817,True
8118,115,Substation,' ',33.96177035,-118.3762102,Inglewood,sce,33.96658424764422,-118.3570986216146,1.8420287555514867,True
8121,66,Substation,' ',34.87858246,-120.3307075,SISQUOC,pge,34.87888609675112,-120.3307559903573,0.03405138440491733,True
8122,115,Substation,' ',34.87857878,-120.3306964,SISQUOC,pge,34.87888609675112,-120.3307559903573,0.03460171126082728,True
8123,230,Substation,' ',34.03729609,-118.1105004,Mesa,sce,34.034754167307085,-118.1154212524564,0.5343162681720329,True
8124,500,Substation,' ',34.03727333,-118.1105018,Mesa,sce,34.034754167307085,-118.1154212524564,0.5328721305905396,True
8125,66,Substation,' ',34.03725496,-118.1104625,Mesa,sce,34.034754167307085,-118.1154212524564,0.5348914007130903,True
8130,230,Substation,' ',38.57187037,-121.4830384,WEST SACRAMENTO,pge,38.58949498136971,-121.54527027674682,5.753529409105843,False
8131,66,Substation,' ',38.57190517,-121.4829759,WEST SACRAMENTO,pge,38.58949498136971,-121.54527027674682,5.757320640163167,False
8132,115,Substation,' ',38.57190888,-121.4830087,WEST SACRAMENTO,pge,38.58949498136971,-121.54527027674682,5.754498837805653,False
8135,66,Substation,' ',34.06211064,-117.2440974,Timoteo,sce,34.062377610723054,-117.24403188200333,0.030293090995434493,True
8136,115,Substation,' ',34.06215802,-117.244171,Timoteo,sce,34.062377610723054,-117.24403188200333,0.02757600947258435,True
8141,66,Substation,' ',32.79377875,-115.7784542,BOULEVARD EAST,sdge,32.658400194287246,-116.26859395520212,48.25768860354614,False
8142,115,Substation,' ',32.79380112,-115.7784054,BOULEVARD EAST,sdge,32.658400194287246,-116.26859395520212,48.26279623456088,False
8143,230,Substation,' ',33.99598484,-118.3591931,Windsor Hills,sce,33.99634800774487,-118.3595474791942,0.05194282925741808,True
8144,115,Substation,' ',33.99596715,-118.3591906,Windsor Hills,sce,33.99634800774487,-118.3595474791942,0.05362747966339436,True
8147,66,Substation,' ',38.02083705,-121.9059675,KIRKER,pge,38.02096833726849,-121.90608941215515,0.018087611890711147,True
8148,115,Substation,' ',38.02081145,-121.905937,KIRKER,pge,38.02096833726849,-121.90608941215515,0.021967679128157305,True
8153,66,Substation,' ',40.71180671,-122.8079309,FRENCH GULCH,pge,40.6868686177047,-122.6404649477137,14.387391917432062,False
8154,115,Substation,' ',40.7117163,-122.8079954,FRENCH GULCH,pge,40.6868686177047,-122.6404649477137,14.39080334389074,False
8157,230,Substation,' ',35.36110593,-118.9217104,MAGUNDEN,pge,35.36190117650727,-118.92383965394583,0.21236918950083894,True
8158,66,Substation,' ',35.36115758,-118.9217673,MAGUNDEN,pge,35.36190117650727,-118.92383965394583,0.20530954540199042,True
8159,115,Substation,' ',35.36114738,-118.9216825,MAGUNDEN,pge,35.36190117650727,-118.92383965394583,0.2128148838677539,True
8160,66,Substation,' ',37.94749523,-121.2886975,STOCKTON A,pge,37.94731136404815,-121.28897066909988,0.03149194393847847,True
8161,115,Substation,' ',37.94746451,-121.2887683,STOCKTON A,pge,37.94731136404815,-121.28897066909988,0.02459407898784734,True
8168,230,Substation,' ',40.85914692,-121.7528026,BURNEY,pge,40.888215757543065,-121.6708403712964,7.611803290784631,False
8169,66,Substation,' ',40.85919517,-121.7527774,BURNEY,pge,40.888215757543065,-121.6708403712964,7.607605462825906,False
8172,230,Substation,' ',38.37271291,-121.3530735,NEW HOPE,pge,38.226101912543534,-121.47310289510555,19.37724175062263,False
8173,66,Substation,' ',38.37267761,-121.3530003,NEW HOPE,pge,38.226101912543534,-121.47310289510555,19.377395087935703,False
8176,66,Substation,' ',40.78254664,-124.1124043,HARRIS,pge,40.781372534153576,-124.1319638474449,1.6520196846214081,True
8177,115,Substation,' ',40.78259192,-124.1124003,HARRIS,pge,40.781372534153576,-124.1319638474449,1.652760294755394,True
8181,66,Substation,' ',37.3770073,-121.9514124,TRIMBLE,pge,37.38283159012757,-121.92643970315228,2.29962909773379,False
8182,115,Substation,' ',37.37699069,-121.9514523,TRIMBLE,pge,37.38283159012757,-121.92643970315228,2.3035324197532443,False
8183,230,Substation,' ',34.30230885,-119.1849098,Saticoy,sce,34.30084292118649,-119.16720835318044,1.6341379861601504,True
8184,66,Substation,' ',34.30223437,-119.1849092,Saticoy,sce,34.30084292118649,-119.16720835318044,1.633278523409962,True
8185,230,Substation,' ',33.6160965,-114.6846051,Blythe (Walc),sce,33.61169299611282,-114.6805210000251,0.6186966930201424,True
8186,115,Substation,' ',33.61610174,-114.6846245,Blythe (Walc),sce,33.61169299611282,-114.6805210000251,0.6202568706958619,True
8195,66,Substation,' ',36.76312693,-121.7347624,DOLAN ROAD,pge,36.80013119439448,-121.76897719428231,5.120116999451282,False
8196,115,Substation,' ',36.76314858,-121.7347287,DOLAN ROAD,pge,36.80013119439448,-121.76897719428231,5.1199696895416595,False
8199,230,Substation,' ',32.78399006,-117.1374709,MISSION,sdge,32.783344132103586,-117.12435622720524,1.2281129180844508,True
8200,66,Substation,' ',32.78405663,-117.137467,MISSION,sdge,32.783344132103586,-117.12435622720524,1.228203762508804,True
8201,115,Substation,' ',32.78398502,-117.1373994,MISSION,sdge,32.783344132103586,-117.12435622720524,1.2214075299923055,True
8204,230,Substation,' ',41.5007235,-120.5330095,MC ARTHUR,pge,41.0514109866347,-121.40819070502693,88.57177051580514,False
8205,66,Substation,' ',41.5007026,-120.5330177,MC ARTHUR,pge,41.0514109866347,-121.40819070502693,88.56990352916087,False
8206,115,Substation,' ',41.50070523,-120.5329751,MC ARTHUR,pge,41.0514109866347,-121.40819070502693,88.57300680130464,False
8207,230,Substation,' ',33.76291827,-118.0962613,Stadium,sce,33.771905998735384,-118.1000940007785,1.060327866252073,True
8208,66,Substation,' ',33.7629479,-118.0962038,Stadium,sce,33.771905998735384,-118.1000940007785,1.0590160194149543,True
8209,230,Substation,' ',34.12018656,-117.6395048,Padua,sce,34.120644996657795,-117.63984999855008,0.06006916600958141,True
8210,66,Substation,' ',34.12015321,-117.6394756,Padua,sce,34.120644996657795,-117.63984999855008,0.06463888561084302,True
8215,230,Substation,' ',38.86348125,-120.4428066,EL DORADO PH,pge,38.79358310217803,-120.61933508570162,17.15343754644668,False
8216,66,Substation,' ',38.86343042,-120.4428983,EL DORADO PH,pge,38.79358310217803,-120.61933508570162,17.143800315190035,False
8223,230,Substation,' ',33.81087081,-115.45362,Eagle Mountain,sce,33.81142800223903,-115.45355200188276,0.062274640709893095,True
8224,66,Substation,' ',33.81082713,-115.4536123,Eagle Mountain,sce,33.81142800223903,-115.45355200188276,0.0670457909379241,True
8225,230,Substation,' ',34.08817118,-118.3474096,Fairfax,sce,34.08962425490188,-118.36102317404686,1.2640185941640476,True
8226,66,Substation,' ',34.08818462,-118.3473318,Fairfax,sce,34.08962425490188,-118.36102317404686,1.2709354141221592,True
8227,115,Substation,' ',34.08816094,-118.3473925,Fairfax,sce,34.08962425490188,-118.36102317404686,1.2657263470572142,True
8228,66,Substation,' ',32.75932322,-115.5340727,BOULEVARD EAST,sdge,32.658400194287246,-116.26859395520212,69.63366719228166,False
8229,115,Substation,' ',32.75931175,-115.5340182,BOULEVARD EAST,sdge,32.658400194287246,-116.26859395520212,69.63849851127674,False
8230,66,Substation,' ',36.40198898,-120.1387582,SCHINDLER,pge,36.401932506462806,-120.13844397559691,0.0288149760440641,True
8231,115,Substation,' ',36.4019601,-120.1387436,SCHINDLER,pge,36.401932506462806,-120.13844397559691,0.026990709103383213,True
8234,230,Substation,' ',33.67284506,-116.1154293,Indian Wells,sce,33.72944374862638,-116.34321099441657,21.991356882691516,False
8235,115,Substation,' ',33.67278428,-116.115383,Indian Wells,sce,33.72944374862638,-116.34321099441657,21.99740274821268,False
8238,66,Substation,' ',35.13596914,-119.4819906,TAFT,pge,35.13623071502375,-119.48227773692136,0.03908631812282347,True
8239,115,Substation,' ',35.1359516,-119.4820609,TAFT,pge,35.13623071502375,-119.48227773692136,0.036770042397778105,True
8240,66,Substation,' ',35.22291284,-116.7331298,Harvard,sce,34.95693116147875,-116.65323533398993,30.45603597870375,False
8241,115,Substation,' ',35.2229005,-116.7332055,Harvard,sce,34.95693116147875,-116.65323533398993,30.45634834801751,False
8244,230,Substation,' ',35.08879566,-118.9759424,WHEELER RIDGE,pge,35.08904963931724,-118.9765211969902,0.059757214759228724,True
8245,66,Substation,' ',35.08870717,-118.976007,WHEELER RIDGE,pge,35.08904963931724,-118.9765211969902,0.060324010866834414,True
8252,230,Substation,' ',37.23376178,-121.9010635,HICKS,pge,37.233642133115225,-121.9012169860993,0.019016811042910968,True
8253,66,Substation,' ',37.23373796,-121.9011125,HICKS,pge,37.233642133115225,-121.9012169860993,0.014110467767098627,True
8254,115,Substation,' ',37.23373669,-121.9010775,HICKS,pge,37.233642133115225,-121.9012169860993,0.01621856124591494,True
8261,230,Substation,' ',34.08851994,-117.534522,Etiwanda,sce,34.0874063550556,-117.52566069325276,0.8253718491509274,True
8262,500,Substation,' ',34.08854029,-117.5345531,Etiwanda,sce,34.0874063550556,-117.52566069325276,0.8285447598151889,True
8263,66,Substation,' ',34.08851642,-117.5345019,Etiwanda,sce,34.0874063550556,-117.52566069325276,0.8234831088086156,True
8264,66,Substation,' ',41.56430483,-120.4138646,MC ARTHUR,pge,41.0514109866347,-121.40819070502693,100.7476642868967,False
8265,115,Substation,' ',41.56435256,-120.4138075,MC ARTHUR,pge,41.0514109866347,-121.40819070502693,100.75457499967096,False
8268,230,Substation,' ',36.14021389,-120.1254164,GATES,pge,36.13875751303389,-120.1233876281544,0.24375282632280942,True
8269,500,Substation,' ',36.14026966,-120.125482,GATES,pge,36.13875751303389,-120.1233876281544,0.2522766184085155,True
8270,66,Substation,' ',36.14023443,-120.1254345,GATES,pge,36.13875751303389,-120.1233876281544,0.24648579340395183,True
8271,115,Substation,' ',36.14021189,-120.1254768,GATES,pge,36.13875751303389,-120.1233876281544,0.24768759639434257,True
8276,66,Substation,' ',41.72855044,-122.6307269,ANTLER,pge,40.894973011426686,-122.38051411817683,95.0161414420709,False
8277,115,Substation,' ',41.72860387,-122.6308085,ANTLER,pge,40.894973011426686,-122.38051411817683,95.0234342680519,False
8282,230,Substation,' ',38.64367357,-121.3290901,ROCKLIN,pge,38.7878362079499,-121.2316984669296,18.120827861924706,False
8283,66,Substation,' ',38.64368733,-121.3290436,ROCKLIN,pge,38.7878362079499,-121.2316984669296,18.11759296000246,False
8284,230,Substation,' ',37.42747865,-121.9329329,RIVER OAKS,pge,37.41128179639234,-121.92707411842656,1.8738551939451265,True
8285,115,Substation,' ',37.42749883,-121.9329641,RIVER OAKS,pge,37.41128179639234,-121.92707411842656,1.8767737423912434,True
8288,230,Substation,' ',34.43923345,-118.5828382,Saugus,sce,34.42305042378108,-118.57679738680848,1.8828281079651377,True
8289,500,Substation,' ',34.43925998,-118.5828189,Saugus,sce,34.42305042378108,-118.57679738680848,1.8851283634812377,True
8290,66,Substation,' ',37.59511548,-120.8469633,COTTLE,pge,37.772814224827606,-120.826244610004,19.84313696450913,False
8291,115,Substation,' ',37.59511516,-120.8469852,COTTLE,pge,37.772814224827606,-120.826244610004,19.84334956176787,False
8292,230,Substation,' ',37.489961,-120.9060456,LIVINGSTON,pge,37.36355711461608,-120.76057836344424,19.040909750027787,False
8293,66,Substation,' ',37.4899619,-120.9060986,LIVINGSTON,pge,37.36355711461608,-120.76057836344424,19.044141106233237,False
8294,115,Substation,' ',37.48998406,-120.9061044,LIVINGSTON,pge,37.36355711461608,-120.76057836344424,19.04630406003497,False
8295,66,Substation,' ',32.6870771,-115.490716,BOULEVARD EAST,sdge,32.658400194287246,-116.26859395520212,72.87923884825642,False
8296,115,Substation,' ',32.68714021,-115.4907895,BOULEVARD EAST,sdge,32.658400194287246,-116.26859395520212,72.87264757187761,False
8299,66,Substation,' ',35.39836562,-118.9399035,COLUMBUS,pge,35.39851810200948,-118.93981268255826,0.0188478166839611,True
8300,115,Substation,' ',35.39839949,-118.9398774,COLUMBUS,pge,35.39851810200948,-118.93981268255826,0.014434708781068763,True
8301,66,Substation,' ',36.4884467,-119.5825258,KINGSBURG,pge,36.4886216034969,-119.5824905378176,0.0197022074804986,True
8302,115,Substation,' ',36.4884244,-119.5825009,KINGSBURG,pge,36.4886216034969,-119.5824905378176,0.021947586863709994,True
8303,66,Substation,' ',32.7147703,-115.5346013,BOULEVARD EAST,sdge,32.658400194287246,-116.26859395520212,68.97652865343102,False
8304,115,Substation,' ',32.71476646,-115.534599,BOULEVARD EAST,sdge,32.658400194287246,-116.26859395520212,68.97670568054879,False
8309,230,Substation,' ',33.3696416,-117.5542123,SAN MATEO,sdge,33.397185866986,-117.5390507183337,3.37080773900788,False
8310,115,Substation,' ',33.36970546,-117.5542174,SAN MATEO,sdge,33.397185866986,-117.5390507183337,3.3645549670742927,False
8311,66,Substation,' ',34.98448153,-117.891046,Edwards,sce,34.97733316152458,-117.89157335300752,0.7963130375837829,True
8312,115,Substation,' ',34.98449275,-117.8911405,Edwards,sce,34.97733316152458,-117.89157335300752,0.7970860577764814,True
8313,66,Substation,' ',34.06040819,-117.1766405,Redlands,sce,34.06000384312288,-117.17642991233484,0.04896784256545153,True
8314,115,Substation,' ',34.06037091,-117.1766238,Redlands,sce,34.06000384312288,-117.17642991233484,0.044552806021673844,True
8315,230,Substation,' ',34.07961234,-117.238605,San Bernardino,sce,34.07996331212228,-117.23764594241688,0.09656489465427864,True
8316,66,Substation,' ',34.07962257,-117.2386887,San Bernardino,sce,34.07996331212228,-117.23764594241688,0.10323986783087997,True
8317,115,Substation,' ',34.07959675,-117.2386173,San Bernardino,sce,34.07996331212228,-117.23764594241688,0.09830814255125297,True
8318,66,Substation,' ',40.7180208,-122.9344386,FRENCH GULCH,pge,40.6868686177047,-122.6404649477137,25.022188319441767,False
8319,115,Substation,' ',40.71799795,-122.9343846,FRENCH GULCH,pge,40.6868686177047,-122.6404649477137,25.017332629158357,False
8320,66,Substation,' ',37.47357983,-122.1280211,GLENWOOD,pge,37.457303934642994,-122.18733079776786,5.538567810664643,False
8321,115,Substation,' ',37.47361584,-122.1279624,GLENWOOD,pge,37.457303934642994,-122.18733079776786,5.544771749245914,False
8328,230,Substation,' ',32.77030948,-115.2736733,Verdant,sce,33.41784425716497,-114.72418516485564,88.3433375415522,False
8329,115,Substation,' ',32.7702638,-115.2737414,Verdant,sce,33.41784425716497,-114.72418516485564,88.35116081687721,False
8330,230,Substation,' ',32.9587576,-117.2206707,NORTH CITY WEST,sdge,32.9462620645083,-117.20651741047077,1.9168975915413737,True
8331,66,Substation,' ',32.95873532,-117.2206304,NORTH CITY WEST,sdge,32.9462620645083,-117.20651741047077,1.9125117482669651,True
8332,115,Substation,' ',32.95870614,-117.2207073,NORTH CITY WEST,sdge,32.9462620645083,-117.20651741047077,1.9151136827210626,True
8335,230,Substation,' ',37.50084138,-121.9862901,NEWARK 12KV,pge,37.50151207995332,-121.98896346778255,0.24734362558143294,True
8336,115,Substation,' ',37.50083754,-121.9863065,NEWARK 12KV,pge,37.50151207995332,-121.98896346778255,0.24609441708258892,True
8337,66,Substation,' ',36.6903365,-121.6792844,BORONDA,pge,36.690641286171,-121.67942490459326,0.036132104035737266,True
8338,115,Substation,' ',36.69026246,-121.6792619,BORONDA,pge,36.690641286171,-121.67942490459326,0.044560484247199536,True
8339,230,Substation,' ',34.68754958,-118.3005464,Del Sur,sce,34.71800399750987,-118.28801500342776,3.574892249699033,False
8340,500,Substation,' ',34.68752411,-118.300543,Del Sur,sce,34.71800399750987,-118.28801500342776,3.577475696944832,False
8341,66,Substation,' ',34.68752178,-118.3005353,Del Sur,sce,34.71800399750987,-118.28801500342776,3.577495893450648,False
8342,115,Substation,' ',34.68746465,-118.3004924,Del Sur,sce,34.71800399750987,-118.28801500342776,3.582264644874117,False
8343,230,Substation,' ',33.64597906,-117.9778602,Hamilton,sce,33.65499499810547,-117.95302900495923,2.5075602134989365,False
8344,66,Substation,' ',33.64593073,-117.9778035,Hamilton,sce,33.65499499810547,-117.95302900495923,2.5049086177298028,False
8347,230,Substation,' ',33.76455073,-118.2264619,Dike,sce,33.76237900518144,-118.22216998226938,0.4644606750441357,True
8348,66,Substation,' ',33.76453527,-118.2265286,Dike,sce,33.76237900518144,-118.22216998226938,0.4688571104271381,True
8349,66,Substation,' ',38.50853962,-121.4639282,DEEPWATER,pge,38.55140495900723,-121.55981764661082,9.606836373296709,False
8350,115,Substation,' ',38.50852695,-121.463996,DEEPWATER,pge,38.55140495900723,-121.55981764661082,9.60241634376213,False
8355,230,Substation,' ',35.38002776,-119.0973342,KERN POWER,pge,35.378644853294965,-119.09838282217432,0.18078742408841905,True
8356,115,Substation,' ',35.38003617,-119.0973611,KERN POWER,pge,35.378644853294965,-119.09838282217432,0.1803186216616128,True
8357,230,Substation,' ',33.56499904,-114.9065748,Blythe (Walc),sce,33.61169299611282,-114.6805210000251,21.573286854878702,False
8358,66,Substation,' ',33.56494013,-114.9066377,Blythe (Walc),sce,33.61169299611282,-114.6805210000251,21.580526002831306,False
8367,230,Substation,' ',34.00073226,-118.3783013,Windsor Hills,sce,33.99634800774487,-118.3595474791942,1.7962662891285224,True
8368,66,Substation,' ',34.00073879,-118.3783068,Windsor Hills,sce,33.99634800774487,-118.3595474791942,1.7969513717141599,True
8376,66,Substation,' ',38.82906686,-122.8101656,KONOCTI,pge,38.932601383485405,-122.74098053352844,12.976980318722623,False
8377,115,Substation,' ',38.82903937,-122.8101098,KONOCTI,pge,38.932601383485405,-122.74098053352844,12.977464906252845,False
8378,230,Substation,' ',33.77896895,-118.2273047,Dike,sce,33.76237900518144,-118.22216998226938,1.9047951494057516,True
8379,66,Substation,' ',33.77888915,-118.2273491,Dike,sce,33.76237900518144,-118.22216998226938,1.897234397428332,True
8380,66,Substation,' ',37.30225073,-118.5317627,Mt. Tom,sce,37.35012841125564,-118.46543749176112,7.920595552579367,False
8381,115,Substation,' ',37.30227706,-118.5317174,Mt. Tom,sce,37.35012841125564,-118.46543749176112,7.915661170410285,False
8382,66,Substation,' ',40.76794332,-123.8736664,MAPLE CREEK,pge,40.76836583499929,-123.87400272507614,0.054858719071162805,True
8383,115,Substation,' ',40.76785126,-123.873659,MAPLE CREEK,pge,40.76836583499929,-123.87400272507614,0.06412348084823803,True
8384,66,Substation,' ',38.26499209,-122.6573229,CORONA,pge,38.26512802531959,-122.6571608149265,0.02070554928489617,True
8385,115,Substation,' ',38.26497414,-122.6573428,CORONA,pge,38.26512802531959,-122.6571608149265,0.02335019405960134,True
8386,66,Substation,' ',33.12658062,-115.5101921,Eagle Mountain,sce,33.81142800223903,-115.45355200188276,76.33256559779177,False
8387,115,Substation,' ',33.12653677,-115.5101084,Eagle Mountain,sce,33.81142800223903,-115.45355200188276,76.33689610636131,False
8390,230,Substation,' ',40.51940693,-122.3155182,GIRVAN,pge,40.51345782429336,-122.37892882123532,5.400926980430172,False
8391,115,Substation,' ',40.51940232,-122.315524,GIRVAN,pge,40.51345782429336,-122.37892882123532,5.400377799770896,False
8394,230,Substation,' ',36.84476083,-119.922183,FIGARDEN,pge,36.82143004382485,-119.85912186746845,6.182947077280223,False
8395,115,Substation,' ',36.84467104,-119.9220922,FIGARDEN,pge,36.82143004382485,-119.85912186746845,6.171428127331923,False
8398,230,Substation,' ',38.71385135,-121.4784815,CATLETT,pge,38.80879690086217,-121.5164995196137,11.060112064769651,False
8399,66,Substation,' ',38.7138629,-121.4785298,CATLETT,pge,38.80879690086217,-121.5164995196137,11.057638484787665,False
8400,230,Substation,' ',39.53264548,-121.4862328,WYANDOTTE,pge,39.49164315311975,-121.54096296885037,6.544496187931177,False
8401,66,Substation,' ',39.53267582,-121.4862419,WYANDOTTE,pge,39.49164315311975,-121.54096296885037,6.546286349939198,False
8402,230,Substation,' ',33.93693288,-116.5773326,Devers,sce,33.93401700227757,-116.57836100060614,0.3378266581607429,True
8403,500,Substation,' ',33.93689257,-116.5773748,Devers,sce,33.93401700227757,-116.57836100060614,0.3324406712673439,True
8404,115,Substation,' ',33.9368735,-116.5772801,Devers,sce,33.93401700227757,-116.57836100060614,0.3329133641401216,True
8405,230,Substation,' ',35.55499422,-120.6802926,TEMPLETON,pge,35.55507511442895,-120.68041422031772,0.014211234650559875,True
8406,66,Substation,' ',35.55502392,-120.6802628,TEMPLETON,pge,35.55507511442895,-120.68041422031772,0.014833762302009864,True
8407,230,Substation,' ',40.3978799,-122.2642135,COTTONWOOD,pge,40.39732263215315,-122.26727834579738,0.2668326073818319,True
8408,66,Substation,' ',40.39792069,-122.2642201,COTTONWOOD,pge,40.39732263215315,-122.26727834579738,0.26738077068417815,True
8409,115,Substation,' ',40.39786299,-122.2642504,COTTONWOOD,pge,40.39732263215315,-122.26727834579738,0.26335894591092984,True
8410,230,Substation,' ',38.63728455,-121.3836257,WEST SACRAMENTO,pge,38.58949498136971,-121.54527027674682,15.016166855283942,False
8411,66,Substation,' ',38.63726397,-121.3836048,WEST SACRAMENTO,pge,38.58949498136971,-121.54527027674682,15.017057563922123,False
8412,230,Substation,' ',34.20745048,-119.2491156,Channel Island,sce,34.18173499797494,-119.22229699654076,3.776295514866546,False
8413,66,Substation,' ',34.20744275,-119.2491721,Channel Island,sce,34.18173499797494,-119.22229699654076,3.779041637228648,False
8414,230,Substation,' ',40.6103267,-122.4440906,OREGON TRAIL,pge,40.61899130155303,-122.3221442755599,10.33830958080834,False
8415,115,Substation,' ',40.61038968,-122.4440358,OREGON TRAIL,pge,40.61899130155303,-122.3221442755599,10.333048726693072,False
8416,230,Substation,' ',34.8631524,-116.8542005,Gale,sce,34.85901038194339,-116.866424742626,1.2066925596171305,True
8417,66,Substation,' ',34.86314396,-116.8541907,Gale,sce,34.85901038194339,-116.866424742626,1.2071614747143253,True
8418,115,Substation,' ',34.86312887,-116.8542106,Gale,sce,34.85901038194339,-116.866424742626,1.2048440848861275,True
8419,230,Substation,' ',37.05356146,-121.0211092,SANTA NELLA,pge,37.08567509415812,-121.01318384348406,3.6394463207642858,False
8420,500,Substation,' ',37.05350878,-121.0211078,SANTA NELLA,pge,37.08567509415812,-121.01318384348406,3.6451699641631534,False
8421,66,Substation,' ',37.0535541,-121.0211108,SANTA NELLA,pge,37.08567509415812,-121.01318384348406,3.6402767289162883,False
8422,115,Substation,' ',37.05350336,-121.0210853,SANTA NELLA,pge,37.08567509415812,-121.01318384348406,3.645376905364919,False
8427,230,Substation,' ',40.96096373,-121.5486459,RISING RIVER,pge,40.92860888434032,-121.54329343192305,3.625673225107039,False
8428,66,Substation,' ',40.96095737,-121.5485503,RISING RIVER,pge,40.92860888434032,-121.54329343192305,3.6239844635383784,False
8433,66,Substation,' ',38.04445436,-122.2570372,FRANKLIN,pge,38.012370285670094,-122.26448472267798,3.6267331203302025,False
8434,115,Substation,' ',38.04452863,-122.2570108,FRANKLIN,pge,38.012370285670094,-122.26448472267798,3.6352728183537275,False
8435,66,Substation,' ',37.12067402,-120.4726946,EL NIDO,pge,37.12088972778191,-120.47290782246549,0.030540236347135614,True
8436,115,Substation,' ',37.12064102,-120.4726993,EL NIDO,pge,37.12088972778191,-120.47290782246549,0.033265834812872784,True
8439,66,Substation,' ',35.01409884,-117.7039948,Holgate,sce,35.01556648872467,-117.70476753610514,0.177721420871145,True
8440,115,Substation,' ',35.01410239,-117.7039961,Holgate,sce,35.01556648872467,-117.70476753610514,0.17731207072083405,True
8443,230,Substation,' ',37.74200457,-120.8024239,COTTLE,pge,37.772814224827606,-120.826244610004,4.01521933766655,False
8444,115,Substation,' ',37.7419919,-120.8024826,COTTLE,pge,37.772814224827606,-120.826244610004,4.013733371972059,False
8445,66,Substation,' ',35.60507136,-119.2037009,FAMOSO,pge,35.60547527167606,-119.20318663401906,0.06464348138118163,True
8446,115,Substation,' ',35.60508518,-119.203664,FAMOSO,pge,35.60547527167606,-119.20318663401906,0.06118848289996937,True
8453,230,Substation,' ',33.90312312,-118.3978623,Sepulveda,sce,33.918899996678014,-118.3965350030493,1.758579341048608,True
8454,66,Substation,' ',33.90320093,-118.3978271,Sepulveda,sce,33.918899996678014,-118.3965350030493,1.7497240166836183,True
8455,66,Substation,' ',33.92229008,-116.872771,Banning,sce,33.92244671648164,-116.87284521205684,0.01871486156135855,True
8456,115,Substation,' ',33.9223429,-116.8727578,Banning,sce,33.92244671648164,-116.87284521205684,0.014082320916120735,True
8459,66,Substation,' ',36.70718981,-119.6108803,SANGER,pge,36.70772235449084,-119.61086419533504,0.05923364602951061,True
8460,115,Substation,' ',36.70726213,-119.6108905,SANGER,pge,36.70772235449084,-119.61086419533504,0.051228324762274076,True
8461,230,Substation,' ',36.65357586,-120.5817931,PANOCHE,pge,36.65147106321651,-120.58017074552066,0.2751764830325488,True
8462,115,Substation,' ',36.65353109,-120.5817603,PANOCHE,pge,36.65147106321651,-120.58017074552066,0.269403552907757,True
8463,66,Substation,' ',37.65081497,-122.4542636,SERRAMONTE,pge,37.65081882661072,-122.45407076888073,0.016981954952688998,True
8464,115,Substation,' ',37.65081013,-122.454267,SERRAMONTE,pge,37.65081882661072,-122.45407076888073,0.01730291391354657,True
8467,66,Substation,' ',35.45465829,-118.992237,KERN OIL,pge,35.44071661874439,-119.02040105128609,2.9852974059733244,False
8468,115,Substation,' ',35.45463751,-118.9921864,KERN OIL,pge,35.44071661874439,-119.02040105128609,2.988018072759464,False
8469,66,Substation,' ',37.37704703,-121.9542021,TRIMBLE,pge,37.38283159012757,-121.92643970315228,2.535971155317037,False
8470,115,Substation,' ',37.37704667,-121.9541796,TRIMBLE,pge,37.38283159012757,-121.92643970315228,2.53405831601094,False
8471,66,Substation,' ',32.90609709,-115.5138901,BOULEVARD EAST,sdge,32.658400194287246,-116.26859395520212,75.73899844755395,False
8472,115,Substation,' ',32.90606633,-115.5138748,BOULEVARD EAST,sdge,32.658400194287246,-116.26859395520212,75.73909849830417,False
8475,230,Substation,' ',38.58729426,-121.4181505,WEST SACRAMENTO,pge,38.58949498136971,-121.54527027674682,11.051344637090466,False
8476,66,Substation,' ',38.58734227,-121.4182254,WEST SACRAMENTO,pge,38.58949498136971,-121.54527027674682,11.044715610121175,False
8477,115,Substation,' ',38.58730278,-121.4181639,WEST SACRAMENTO,pge,38.58949498136971,-121.54527027674682,11.050158665138866,False
8480,230,Substation,' ',34.77653852,-118.7747463,Gorman,sce,34.78871455256242,-118.8223213307326,4.550939270664161,False
8481,66,Substation,' ',34.77647168,-118.7747613,Gorman,sce,34.78871455256242,-118.8223213307326,4.551850372517232,False
8486,230,Substation,' ',33.19231968,-115.4344433,Eagle Mountain,sce,33.81142800223903,-115.45355200188276,68.86450072584311,False
8487,115,Substation,' ',33.19240512,-115.4344666,Eagle Mountain,sce,33.81142800223903,-115.45355200188276,68.85494779704986,False
8488,230,Substation,' ',37.71241873,-121.5648323,LAMMERS,pge,37.71280029392499,-121.47875326631689,7.572067305962555,False
8489,500,Substation,' ',37.71239956,-121.564845,LAMMERS,pge,37.71280029392499,-121.47875326631689,7.573197666446853,False
8490,66,Substation,' ',37.71244148,-121.5648307,LAMMERS,pge,37.71280029392499,-121.47875326631689,7.57191164962834,False
8491,115,Substation,' ',37.7123613,-121.5648526,LAMMERS,pge,37.71280029392499,-121.47875326631689,7.573894369100303,False
8492,230,Substation,' ',34.29117261,-114.1712965,Whipple,sce,34.2942366466893,-114.173217778462,0.3837087150166353,True
8493,66,Substation,' ',34.29119485,-114.1712708,Whipple,sce,34.2942366466893,-114.173217778462,0.38261255125502613,True
8494,66,Substation,' ',32.95547516,-115.5360384,BOULEVARD EAST,sdge,32.658400194287246,-116.26859395520212,76.01646989789599,False
8495,115,Substation,' ',32.95550966,-115.5360311,BOULEVARD EAST,sdge,32.658400194287246,-116.26859395520212,76.01873946955055,False
8496,230,Substation,' ',35.65249117,-117.7957761,Inyokern,sce,35.653169348521565,-117.79437767306143,0.14714448636916985,True
8497,66,Substation,' ',35.65256098,-117.7958443,Inyokern,sce,35.653169348521565,-117.79437767306143,0.14878222167194455,True
8498,115,Substation,' ',35.6524786,-117.7958421,Inyokern,sce,35.653169348521565,-117.79437767306143,0.1529927121526101,True
8501,66,Substation,' ',33.93261159,-116.5051758,Coffee,sce,33.932236354588085,-116.50504522447508,0.04342852340331283,True
8502,115,Substation,' ',33.93263853,-116.5051906,Coffee,sce,33.932236354588085,-116.50504522447508,0.04668778964444152,True
8503,230,Substation,' ',39.55524025,-121.644835,TRES VIAS,pge,39.48664776643268,-121.68751739757202,8.460300793120096,False
8504,500,Substation,' ',39.55531107,-121.6447716,TRES VIAS,pge,39.48664776643268,-121.68751739757202,8.469752705605593,False
8505,66,Substation,' ',39.55523152,-121.644793,TRES VIAS,pge,39.48664776643268,-121.68751739757202,8.460985503812196,False
8506,115,Substation,' ',39.55526209,-121.6447486,TRES VIAS,pge,39.48664776643268,-121.68751739757202,8.465698739722733,False
8507,230,Substation,' ',37.82120821,-121.6609017,HERDLYN,pge,37.81698475446724,-121.58716994811228,6.493491575844929,False
8508,66,Substation,' ',37.82122073,-121.6609024,HERDLYN,pge,37.81698475446724,-121.58716994811228,6.493653186247484,False
8511,230,Substation,' ',38.07693736,-122.5405147,IGNACIO,pge,38.075692626064345,-122.53961816606646,0.1591072793905285,True
8512,66,Substation,' ',38.07696184,-122.540554,IGNACIO,pge,38.075692626064345,-122.53961816606646,0.16318021180276154,True
8513,115,Substation,' ',38.07689652,-122.5406123,IGNACIO,pge,38.075692626064345,-122.53961816606646,0.15966369441797928,True
8522,230,Substation,' ',42.00660274,-121.3166427,MC ARTHUR,pge,41.0514109866347,-121.40819070502693,106.48549642635429,False
8523,500,Substation,' ',42.00665191,-121.3166395,MC ARTHUR,pge,41.0514109866347,-121.40819070502693,106.49096871541313,False
8524,66,Substation,' ',37.98526516,-122.3368032,SAN PABLO,pge,37.98592857019798,-122.33656746665152,0.07660624959701116,True
8525,115,Substation,' ',37.98526683,-122.3368173,SAN PABLO,pge,37.98592857019798,-122.33656746665152,0.07677070763697987,True
8526,230,Substation,' ',33.76401376,-118.2276395,Dike,sce,33.76237900518144,-118.22216998226938,0.5372910318842777,True
8527,66,Substation,' ',33.76397222,-118.2275881,Dike,sce,33.76237900518144,-118.22216998226938,0.5312642169357341,True
8528,230,Substation,' ',40.79219236,-122.7673924,FRENCH GULCH,pge,40.6868686177047,-122.6404649477137,15.859191260614132,False
8529,66,Substation,' ',40.79216603,-122.7674276,FRENCH GULCH,pge,40.6868686177047,-122.6404649477137,15.859030877256568,False
8532,66,Substation,' ',32.97036114,-115.5342611,BOULEVARD EAST,sdge,32.658400194287246,-116.26859395520212,76.89330437773006,False
8533,115,Substation,' ',32.97039541,-115.534179,BOULEVARD EAST,sdge,32.658400194287246,-116.26859395520212,76.90185884422709,False
8534,230,Substation,' ',38.12736919,-121.8308081,PITTSBURG,pge,38.03070653596985,-121.8692592247712,11.26299353967777,False
8535,500,Substation,' ',38.12735372,-121.8307367,PITTSBURG,pge,38.03070653596985,-121.8692592247712,11.263221371690092,False
8540,66,Substation,' ',38.29545728,-122.2788672,NAPA,pge,38.29522583876939,-122.27848498957331,0.04212900143689516,True
8541,115,Substation,' ',38.29545198,-122.2788719,NAPA,pge,38.29522583876939,-122.27848498957331,0.04209984936511384,True
8542,230,Substation,' ',40.0861195,-121.1486435,GRAYS FLAT,pge,40.0221483161838,-121.063733200033,10.140380738573455,False
8543,66,Substation,' ',40.08611134,-121.1487146,GRAYS FLAT,pge,40.0221483161838,-121.063733200033,10.144058586564144,False
8544,115,Substation,' ',40.08608078,-121.1486931,GRAYS FLAT,pge,40.0221483161838,-121.063733200033,10.140372480486917,False
8545,66,Substation,' ',32.67000086,-115.4362865,BOULEVARD EAST,sdge,32.658400194287246,-116.26859395520212,77.92215068184454,False
8546,115,Substation,' ',32.66999279,-115.436283,BOULEVARD EAST,sdge,32.658400194287246,-116.26859395520212,77.9224669349044,False
8551,230,Substation,' ',33.89569461,-118.3732787,El Nido,sce,33.89601600350098,-118.37257599658405,0.07405200562756728,True
8552,66,Substation,' ',33.89569302,-118.3733574,El Nido,sce,33.89601600350098,-118.37257599658405,0.08056899572040921,True
8553,230,Substation,' ',40.99101788,-121.4978393,PIT NO 1,pge,40.990515571941216,-121.49747687310516,0.06360032871685517,True
8554,66,Substation,' ',40.99102695,-121.4977594,PIT NO 1,pge,40.990515571941216,-121.49747687310516,0.061608961013088326,True
8555,230,Substation,' ',32.85966256,-116.8991849,LOS COCHES,sdge,32.87495027255902,-116.89484641244428,1.7475409283858974,True
8556,66,Substation,' ',32.85962802,-116.8992008,LOS COCHES,sdge,32.87495027255902,-116.89484641244428,1.7516213605434736,True
8561,66,Substation,' ',38.90969662,-121.542537,EAST NICOLAUS,pge,38.90941478613143,-121.54229853496466,0.0375210632873804,True
8562,115,Substation,' ',38.90971428,-121.5424499,EAST NICOLAUS,pge,38.90941478613143,-121.54229853496466,0.03578497314522169,True
8565,230,Substation,' ',39.02426495,-120.5964417,FORESTHILL,pge,39.01998695236322,-120.8293416806212,20.125301130767614,False
8566,66,Substation,' ',39.0242176,-120.596375,FORESTHILL,pge,39.01998695236322,-120.8293416806212,20.13094458714985,False
8569,230,Substation,' ',33.92880827,-118.1057578,Center,sce,33.928868599739715,-118.10584791970048,0.010683396847363013,True
8570,66,Substation,' ',33.92887029,-118.1057597,Center,sce,33.928868599739715,-118.10584791970048,0.008141486400105922,True
8571,66,Substation,' ',33.84774654,-118.3033435,Madrid,sce,33.83533381342406,-118.32409750883438,2.3619970209636967,False
8572,115,Substation,' ',33.84778553,-118.3032851,Madrid,sce,33.83533381342406,-118.32409750883438,2.3689070632394813,False
8573,230,Substation,' ',36.61081221,-119.6391792,MC CALL,pge,36.6103052673948,-119.63836125979108,0.092236227319334,True
8574,115,Substation,' ',36.61084886,-119.6392455,MC CALL,pge,36.6103052673948,-119.63836125979108,0.09941157947704858,True
8575,230,Substation,' ',38.01838518,-122.0612753,TIDEWATER,pge,38.02052295487403,-122.06207554043746,0.24783062649054896,True
8576,66,Substation,' ',38.01838543,-122.061269,TIDEWATER,pge,38.02052295487403,-122.06207554043746,0.24796064737130005,True
8577,66,Substation,' ',39.25664803,-120.7667715,DRUM,pge,39.25637292962176,-120.76688167651604,0.032026908774855686,True
8578,115,Substation,' ',39.25668413,-120.7667659,DRUM,pge,39.25637292962176,-120.76688167651604,0.03601110206905978,True
8579,230,Substation,' ',34.15084119,-118.1843115,Garfield,sce,34.126135002802286,-118.14927799541836,4.235930788306572,False
8580,66,Substation,' ',34.15090533,-118.1843309,Garfield,sce,34.126135002802286,-118.14927799541836,4.241916524530308,False
8581,66,Substation,' ',39.33739981,-120.2212791,SUMMIT,pge,39.31945516117808,-120.37918428385689,13.72755311644779,False
8582,115,Substation,' ',39.3373937,-120.2212761,SUMMIT,pge,39.31945516117808,-120.37918428385689,13.727710264273897,False
8583,230,Substation,' ',34.06832037,-118.4883739,Sawtelle,sce,34.04774706504476,-118.45220285469668,4.0418417375798725,False
8584,115,Substation,' ',34.06832049,-118.4883642,Sawtelle,sce,34.04774706504476,-118.45220285469668,4.041112642788985,False
8587,66,Substation,' ',37.55159911,-122.2928268,BAY MEADOWS,pge,37.55164336687077,-122.29243887652298,0.03454998930128382,True
8588,115,Substation,' ',37.55156531,-122.2928937,BAY MEADOWS,pge,37.55164336687077,-122.29243887652298,0.04102403942901188,True
8589,230,Substation,' ',33.21143869,-117.3345195,SAN LUIS REY,sdge,33.21456991519983,-117.31385266089526,1.9539104460313648,True
8590,66,Substation,' ',33.21149374,-117.3345537,SAN LUIS REY,sdge,33.21456991519983,-117.31385266089526,1.9559608817666936,True
8591,66,Substation,' ',37.49041743,-122.2130487,REDWOOD CITY,pge,37.49079641984113,-122.21284294525265,0.045885400669280464,True
8592,115,Substation,' ',37.49050174,-122.2130761,REDWOOD CITY,pge,37.49079641984113,-122.21284294525265,0.03868883540490298,True
8593,230,Substation,' ',35.0994889,-118.3781251,Northwind,sce,35.07525090742226,-118.37277193931456,2.7388009823698796,False
8594,66,Substation,' ',35.09949439,-118.3781208,Northwind,sce,35.07525090742226,-118.37277193931456,2.739332172119421,False
8599,66,Substation,' ',33.79818926,-118.2578819,Watson,sce,33.807991928350866,-118.26203446826712,1.155565762034819,True
8600,115,Substation,' ',33.7982105,-118.2579099,Watson,sce,33.807991928350866,-118.26203446826712,1.1524801246647918,True
8603,500,Substation,' ',32.74652429,-114.4904054,Verdant,sce,33.41784425716497,-114.72418516485564,77.76008355503397,False
8604,115,Substation,' ',32.74652769,-114.490333,Verdant,sce,33.41784425716497,-114.72418516485564,77.76161016810923,False
8607,230,Substation,' ',34.03829757,-118.3707365,Olympic,sce,34.05994866826565,-118.38958337500952,2.968344239991256,False
8608,115,Substation,' ',34.03820636,-118.3707952,Olympic,sce,34.05994866826565,-118.38958337500952,2.973424906655612,False
8609,230,Substation,' ',37.91908243,-121.6767862,BRENTWOOD,pge,37.91951019657826,-121.6770008771395,0.05115752014222294,True
8610,66,Substation,' ',37.91909304,-121.6767672,BRENTWOOD,pge,37.91951019657826,-121.6770008771395,0.05071290664329062,True
8615,66,Substation,' ',40.65478853,-122.3893884,STILLWATER,pge,40.67760281495655,-122.34983936540058,4.190755274584837,False
8616,115,Substation,' ',40.65483902,-122.3894407,STILLWATER,pge,40.67760281495655,-122.34983936540058,4.190872966495558,False
8617,230,Substation,' ',35.00890637,-120.4531634,MESA,pge,35.0078834935596,-120.45376497641756,0.1262471874927398,True
8618,115,Substation,' ',35.00881883,-120.4532025,MESA,pge,35.0078834935596,-120.45376497641756,0.1159366372173769,True
8621,66,Substation,' ',33.92646362,-118.3096525,Howard,sce,33.9224910017214,-118.30727100252447,0.4933683321898422,True
8622,115,Substation,' ',33.92648364,-118.3096682,Howard,sce,33.9224910017214,-118.30727100252447,0.4960067237556676,True
8623,230,Substation,' ',38.44917123,-120.4923149,WEST POINT,pge,38.42091643492973,-120.5488378291623,5.840246900714523,False
8624,66,Substation,' ',38.44916405,-120.4922447,WEST POINT,pge,38.42091643492973,-120.5488378291623,5.844973280493802,False
8625,115,Substation,' ',38.44916049,-120.4922426,WEST POINT,pge,38.42091643492973,-120.5488378291623,5.844914929475587,False
8628,230,Substation,' ',34.28094947,-118.9029903,Moorpark,sce,34.279573333499826,-118.902358527684,0.16365935013923477,True
8629,66,Substation,' ',34.28089975,-118.9029754,Moorpark,sce,34.279573333499826,-118.902358527684,0.15800608138849148,True
8632,230,Substation,' ',39.45432184,-121.5176791,WYANDOTTE,pge,39.49164315311975,-121.54096296885037,4.606105427191832,False
8633,115,Substation,' ',39.4543164,-121.517684,WYANDOTTE,pge,39.49164315311975,-121.54096296885037,4.606468010868988,False
8638,66,Substation,' ',37.9162045,-122.3022292,EL CERRITO G,pge,37.91642199870226,-122.30263855024612,0.04329411702225807,True
8639,115,Substation,' ',37.91622278,-122.3022692,EL CERRITO G,pge,37.91642199870226,-122.30263855024612,0.03924922339670561,True
8640,230,Substation,' ',32.81590355,-117.0885222,ELLIOTT,sdge,32.8102012092589,-117.08145090431672,0.9158318387643527,True
8641,66,Substation,' ',32.81597238,-117.0885274,ELLIOTT,sdge,32.8102012092589,-117.08145090431672,0.9214957909391023,True
8646,230,Substation,' ',37.58304641,-122.3187042,SAN MATEO,pge,37.58173090782904,-122.31998566182828,0.1847926386906978,True
8647,66,Substation,' ',37.58310442,-122.3186317,SAN MATEO,pge,37.58173090782904,-122.31998566182828,0.19380574096730271,True
8648,115,Substation,' ',37.58302613,-122.3187099,SAN MATEO,pge,37.58173090782904,-122.31998566182828,0.1827033215482733,True
8651,230,Substation,' ',38.65715308,-121.1324092,CLARKSVILLE,pge,38.6556481194856,-121.05997890956418,6.291549311387894,False
8652,115,Substation,' ',38.65711911,-121.1323839,CLARKSVILLE,pge,38.6556481194856,-121.05997890956418,6.289255339286049,False
8653,66,Substation,' ',37.45755591,-121.9212843,DIXON LANDING,pge,37.45705888772975,-121.92097272747756,0.06173095853885522,True
8654,115,Substation,' ',37.45752676,-121.9213194,DIXON LANDING,pge,37.45705888772975,-121.92097272747756,0.060356885393696935,True
8657,230,Substation,' ',34.15782472,-118.2801985,Universal,sce,34.143280476249465,-118.3563502272626,7.191760992331945,False
8658,66,Substation,' ',34.15776976,-118.280179,Universal,sce,34.143280476249465,-118.3563502272626,7.192140205741429,False
8659,230,Substation,' ',38.24787405,-122.2679095,TULUCAY,pge,38.24734918540386,-122.2680448123168,0.05954645850228357,True
8660,66,Substation,' ',38.24781104,-122.2679742,TULUCAY,pge,38.24734918540386,-122.2680448123168,0.05172475729490049,True
8661,66,Substation,' ',38.58951476,-121.5448685,WEST SACRAMENTO,pge,38.58949498136971,-121.54527027674682,0.034989138472443795,True
8662,115,Substation,' ',38.58953223,-121.5449386,WEST SACRAMENTO,pge,38.58949498136971,-121.54527027674682,0.029123316553566588,True
8663,230,Substation,' ',34.29373966,-114.1724425,Whipple,sce,34.2942366466893,-114.173217778462,0.09014601226850323,True
8664,66,Substation,' ',34.29381921,-114.1724881,Whipple,sce,34.2942366466893,-114.173217778462,0.08153372677556413,True
8667,66,Substation,' ',32.7810311,-115.5778831,BOULEVARD EAST,sdge,32.658400194287246,-116.26859395520212,66.03969942817906,False
8668,115,Substation,' ',32.78108706,-115.5777981,BOULEVARD EAST,sdge,32.658400194287246,-116.26859395520212,66.0487449728155,False
8669,66,Substation,' ',35.59266833,-118.9590675,POSO MOUNTAIN,pge,35.559202917522015,-118.95782903329666,3.7228693921236817,False
8670,115,Substation,' ',35.5926818,-118.9590414,POSO MOUNTAIN,pge,35.559202917522015,-118.95782903329666,3.724296267938685,False
8671,230,Substation,' ',39.33097077,-121.1914929,DOBBINS,pge,39.340076339250025,-121.19541552842642,1.0672177374992806,True
8672,66,Substation,' ',39.330918,-121.1914985,DOBBINS,pge,39.340076339250025,-121.19541552842642,1.072634893790774,True
8673,230,Substation,' ',38.1176994,-121.1605966,LOCKEFORD,pge,38.11719384065125,-121.16028330539748,0.06254103561758718,True
8674,66,Substation,' ',38.11776038,-121.160554,LOCKEFORD,pge,38.11719384065125,-121.16028330539748,0.06730024107189465,True
8675,115,Substation,' ',38.11769914,-121.1605893,LOCKEFORD,pge,38.11719384065125,-121.16028330539748,0.06223771414769292,True
8680,230,Substation,' ',35.04377294,-118.2764293,Southwind,sce,35.03149211101637,-118.3500052736917,6.836398069014423,False
8681,66,Substation,' ',35.04376668,-118.2764183,Southwind,sce,35.03149211101637,-118.3500052736917,6.837240633044397,False
8684,230,Substation,' ',38.70751704,-121.161118,HORSESHOE,pge,38.74422432366909,-121.16136710564363,4.081720918166721,False
8685,115,Substation,' ',38.70745141,-121.1610947,HORSESHOE,pge,38.74422432366909,-121.16136710564363,4.089029720514299,False
8688,230,Substation,' ',34.06713747,-118.2261373,Terrace,sce,34.05727507993439,-118.18238468977091,4.176901361907743,False
8689,66,Substation,' ',34.06705972,-118.2261318,Terrace,sce,34.05727507993439,-118.18238468977091,4.174152492374274,False
8690,66,Substation,' ',35.57824487,-119.5442403,GOOSE LAKE,pge,35.60174548016343,-119.57986582808483,4.148008745383423,False
8691,115,Substation,' ',35.57817465,-119.5442801,GOOSE LAKE,pge,35.60174548016343,-119.57986582808483,4.150142190326842,False
8692,66,Substation,' ',36.95191401,-121.7602529,GREEN VALLEY,pge,36.952075206180815,-121.7601230620376,0.021316407908846962,True
8693,115,Substation,' ',36.95196933,-121.7603222,GREEN VALLEY,pge,36.952075206180815,-121.7601230620376,0.021253935072950984,True
8694,230,Substation,' ',38.50839452,-121.4376099,DEEPWATER,pge,38.55140495900723,-121.55981764661082,11.656633216664869,False
8695,66,Substation,' ',38.50837589,-121.4376332,DEEPWATER,pge,38.55140495900723,-121.55981764661082,11.655636390026153,False
8702,230,Substation,' ',40.80747176,-121.9358253,CEDAR CREEK,pge,40.79097149681122,-121.9383470502897,1.8469837819749293,True
8703,500,Substation,' ',40.80750267,-121.9358596,CEDAR CREEK,pge,40.79097149681122,-121.9383470502897,1.8500690977548244,True
8704,230,Substation,' ',38.4011652,-121.9207885,VACA DIXON,pge,38.39965913851507,-121.920052746684,0.17932024904875316,True
8705,66,Substation,' ',38.40115074,-121.9207975,VACA DIXON,pge,38.39965913851507,-121.920052746684,0.17810387472741046,True
8706,115,Substation,' ',38.40111887,-121.92076,VACA DIXON,pge,38.39965913851507,-121.920052746684,0.17362181474134772,True
8711,66,Substation,' ',36.42965585,-121.3324869,SOLEDAD,pge,36.42977626821583,-121.3324241495369,0.014519178866637086,True
8712,115,Substation,' ',36.42967611,-121.3325053,SOLEDAD,pge,36.42977626821583,-121.3324241495369,0.013294552208696525,True
8715,66,Substation,' ',38.00283792,-122.2083731,FRANKLIN,pge,38.012370285670094,-122.26448472267798,5.029115339959151,False
8716,115,Substation,' ',38.0028542,-122.208412,FRANKLIN,pge,38.012370285670094,-122.26448472267798,5.025401766403459,False
8719,66,Substation,' ',35.70007801,-117.3987748,Searles,sce,35.699336804497015,-117.39879756375676,0.08244392110049766,True
8720,115,Substation,' ',35.70010308,-117.3987834,Searles,sce,35.699336804497015,-117.39879756375676,0.08521554692318604,True
8721,230,Substation,' ',37.32640152,-122.0753827,STELLING,pge,37.33589708085293,-122.04301499076,3.050387470618112,False
8722,66,Substation,' ',37.32638893,-122.0754593,STELLING,pge,37.33589708085293,-122.04301499076,3.0572264441721626,False
8723,115,Substation,' ',37.32641515,-122.0753798,STELLING,pge,37.33589708085293,-122.04301499076,3.0496223585857662,False
8724,230,Substation,' ',34.29329752,-114.1422911,Whipple,sce,34.2942366466893,-114.173217778462,2.8429902283472033,False
8725,66,Substation,' ',34.29328846,-114.1422158,Whipple,sce,34.2942366466893,-114.173217778462,2.849940233073188,False
8726,115,Substation,' ',34.29328317,-114.1423012,Whipple,sce,34.2942366466893,-114.173217778462,2.842122339331661,False
8727,230,Substation,' ',32.61511768,-117.0949415,MONTGOMERY,sdge,32.637441800556644,-117.0887467245474,2.549218049652068,False
8728,66,Substation,' ',32.61518937,-117.0948944,MONTGOMERY,sdge,32.637441800556644,-117.0887467245474,2.5404530154872678,False
8729,115,Substation,' ',32.61517797,-117.0949084,MONTGOMERY,sdge,32.637441800556644,-117.0887467245474,2.5419849795084772,False
8730,230,Substation,' ',33.93170701,-118.4258922,Sepulveda,sce,33.918899996678014,-118.3965350030493,3.0602042223348622,False
8731,66,Substation,' ',33.9317079,-118.4259472,Sepulveda,sce,33.918899996678014,-118.3965350030493,3.064742777450278,False
8732,115,Substation,' ',33.93164154,-118.4258892,Sepulveda,sce,33.918899996678014,-118.3965350030493,3.05657893024487,False
8739,230,Substation,' ',37.22439742,-121.7419328,SANTA TERESA,pge,37.238496970450434,-121.79054338190755,4.580326070584789,False
8740,115,Substation,' ',37.22442234,-121.7419435,SANTA TERESA,pge,37.238496970450434,-121.79054338190755,4.578487410274052,False
8741,230,Substation,' ',38.935181,-121.4668864,EAST NICOLAUS,pge,38.90941478613143,-121.54229853496466,7.1252699577380385,False
8742,66,Substation,' ',38.93519013,-121.4668926,EAST NICOLAUS,pge,38.90941478613143,-121.54229853496466,7.125186793501373,False
8743,115,Substation,' ',38.93513981,-121.4668323,EAST NICOLAUS,pge,38.90941478613143,-121.54229853496466,7.127717754443222,False
8744,66,Substation,' ',36.59820852,-121.8530391,DEL MONTE,pge,36.59919530577832,-121.85414882424809,0.14783014915205922,True
8745,115,Substation,' ',36.59819644,-121.8530802,DEL MONTE,pge,36.59919530577832,-121.85414882424809,0.14641326423168224,True
8752,230,Substation,' ',33.12096162,-117.1172519,ESCONDIDO,sdge,33.127896401232995,-117.14294439107624,2.5137841453395926,False
8753,66,Substation,' ',33.12091339,-117.1173133,ESCONDIDO,sdge,33.127896401232995,-117.14294439107624,2.509997075607385,False
8754,500,Substation,' ',38.40522235,-121.9181383,VACA DIXON,pge,38.39965913851507,-121.920052746684,0.6407007688358785,True
8755,66,Substation,' ',38.40519523,-121.9181347,VACA DIXON,pge,38.39965913851507,-121.920052746684,0.6378717983222293,True
8756,115,Substation,' ',38.40516442,-121.9180629,VACA DIXON,pge,38.39965913851507,-121.920052746684,0.6362427890449494,True
8757,230,Substation,' ',32.6782604,-116.9829554,PROCTOR VALLEY,sdge,32.66372460308665,-116.97978499873456,1.6433235261109405,True
8758,500,Substation,' ',32.67831021,-116.9829426,PROCTOR VALLEY,sdge,32.66372460308665,-116.97978499873456,1.6485561560338344,True
8759,66,Substation,' ',32.67830054,-116.9829894,PROCTOR VALLEY,sdge,32.66372460308665,-116.97978499873456,1.648289838382798,True
8760,115,Substation,' ',32.67825697,-116.982985,PROCTOR VALLEY,sdge,32.66372460308665,-116.97978499873456,1.6434511012316673,True
8761,230,Substation,' ',34.48592872,-118.1185145,Acton,sce,34.51048799897755,-118.1972449969698,7.7144397421975635,False
8762,500,Substation,' ',34.48598213,-118.118475,Acton,sce,34.51048799897755,-118.1972449969698,7.71572367695231,False
8763,66,Substation,' ',40.65224465,-122.3341835,STILLWATER,pge,40.67760281495655,-122.34983936540058,3.113584922305577,False
8764,115,Substation,' ',40.65224065,-122.3342342,STILLWATER,pge,40.67760281495655,-122.34983936540058,3.1121767776663236,False
8765,66,Substation,' ',36.88672556,-120.6549209,ORO LOMA,pge,36.88604386572732,-120.65597132911496,0.12030546469529847,True
8766,115,Substation,' ',36.88678244,-120.6549626,ORO LOMA,pge,36.88604386572732,-120.65597132911496,0.12162673661943357,True
8767,66,Substation,' ',33.61126719,-114.6805,Blythe (Walc),sce,33.61169299611282,-114.6805210000251,0.047387399604369565,True
8768,115,Substation,' ',33.61123182,-114.6804928,Blythe (Walc),sce,33.61169299611282,-114.6805210000251,0.051346894537401364,True
8769,66,Substation,' ',37.33627258,-118.4808665,Mt. Tom,sce,37.35012841125564,-118.46543749176112,2.057696623905794,False
8770,115,Substation,' ',37.33631044,-118.4808509,Mt. Tom,sce,37.35012841125564,-118.46543749176112,2.0536309150943746,False
8771,66,Substation,' ',40.94012133,-122.4309918,ANTLER,pge,40.894973011426686,-122.38051411817683,6.572085974910657,False
8772,115,Substation,' ',40.94011893,-122.4310412,ANTLER,pge,40.894973011426686,-122.38051411817683,6.574561804397907,False
8773,66,Substation,' ',33.77298576,-118.2399988,Dike,sce,33.76237900518144,-118.22216998226938,2.0265779229906116,False
8774,115,Substation,' ',33.77298297,-118.2400074,Dike,sce,33.76237900518144,-118.22216998226938,2.0270439819635597,False
8775,230,Substation,' ',38.58812471,-121.4742515,WEST SACRAMENTO,pge,38.58949498136971,-121.54527027674682,6.174452860012762,False
8776,66,Substation,' ',38.58809802,-121.4742531,WEST SACRAMENTO,pge,38.58949498136971,-121.54527027674682,6.174388936543911,False
8777,115,Substation,' ',38.58810274,-121.4743057,WEST SACRAMENTO,pge,38.58949498136971,-121.54527027674682,6.169805279023213,False
8778,230,Substation,' ',37.49291926,-122.1379289,GLENWOOD,pge,37.457303934642994,-122.18733079776786,5.889741318539552,False
8779,115,Substation,' ',37.49299496,-122.1379112,GLENWOOD,pge,37.457303934642994,-122.18733079776786,5.896557978270673,False
8780,230,Substation,' ',37.69333978,-121.6950855,VASCO,pge,37.71097214981069,-121.71567702519704,2.6694438740712094,False
8781,115,Substation,' ',37.69328365,-121.6950968,VASCO,pge,37.71097214981069,-121.71567702519704,2.6733583920965227,False
8782,230,Substation,' ',34.10944715,-118.2544033,Terrace,sce,34.05727507993439,-118.18238468977091,8.811624914939033,False
8783,66,Substation,' ',34.10942599,-118.2544145,Terrace,sce,34.05727507993439,-118.18238468977091,8.810853196477728,False
8788,230,Substation,' ',37.51696477,-121.2311782,WESTLEY,pge,37.57919043551431,-121.20566160950838,7.275676814141841,False
8789,115,Substation,' ',37.51692296,-121.2311406,WESTLEY,pge,37.57919043551431,-121.20566160950838,7.279074820002235,False
8790,230,Substation,' ',33.1414468,-117.2388142,SHADOWRIDGE,sdge,33.15747213885441,-117.21605997595246,2.7681696929280397,False
8791,66,Substation,' ',33.14148562,-117.2388064,SHADOWRIDGE,sdge,33.15747213885441,-117.21605997595246,2.764836398337339,False
8792,230,Substation,' ',34.1513409,-118.0878857,Eaton,sce,34.16215700293834,-118.0856959980606,1.2194559835119665,True
8793,66,Substation,' ',34.15138288,-118.0878953,Eaton,sce,34.16215700293834,-118.0856959980606,1.2149992277140476,True
8796,230,Substation,' ',37.66795895,-120.9171077,RIVERBANK,pge,37.76887583084935,-120.90778635201956,11.251357639031054,False
8797,66,Substation,' ',37.66792123,-120.9170827,RIVERBANK,pge,37.76887583084935,-120.90778635201956,11.255380815223829,False
8798,115,Substation,' ',37.66790077,-120.917063,RIVERBANK,pge,37.76887583084935,-120.90778635201956,11.25752413512699,False
8805,230,Substation,' ',34.10514835,-117.9808049,Rio Hondo,sce,34.10683585850969,-117.97812610626242,0.30990111775639306,True
8806,500,Substation,' ',34.10512387,-117.9808133,Rio Hondo,sce,34.10683585850969,-117.97812610626242,0.31216944251040335,True
8807,66,Substation,' ',34.10508699,-117.9808239,Rio Hondo,sce,34.10683585850969,-117.97812610626242,0.3154548902813834,True
8808,230,Substation,' ',32.76607333,-117.1923717,OLD TOWN,sdge,32.772093546412904,-117.19633742913187,0.7652496251462089,True
8809,66,Substation,' ',32.76608849,-117.1924158,OLD TOWN,sdge,32.772093546412904,-117.19633742913187,0.761782202769507,True
8810,115,Substation,' ',32.76609084,-117.1923431,OLD TOWN,sdge,32.772093546412904,-117.19633742913187,0.7648491464916193,True
8813,66,Substation,' ',37.4019383,-121.9665303,NORTECH,pge,37.42095169352169,-121.9604588755621,2.181137615210409,False
8814,115,Substation,' ',37.40201017,-121.9664657,NORTECH,pge,37.42095169352169,-121.9604588755621,2.171991460166254,False
8823,66,Substation,' ',33.40941449,-117.5906247,SAN MATEO,sdge,33.397185866986,-117.5390507183337,4.976832475969714,False
8824,115,Substation,' ',33.40950895,-117.5906592,SAN MATEO,sdge,33.397185866986,-117.5390507183337,4.982788950012663,False
8829,66,Substation,' ',37.9198224,-121.2403159,WEBER,pge,37.91977787523238,-121.24063827031146,0.02870798856694029,True
8830,115,Substation,' ',37.91982164,-121.2402435,WEBER,pge,37.91977787523238,-121.24063827031146,0.03496894520611631,True
8831,230,Substation,' ',34.31207749,-118.4901154,San Fernando,sce,34.27478288631888,-118.45894781084884,5.039381141270543,False
8832,500,Substation,' ',34.31208957,-118.4901225,San Fernando,sce,34.27478288631888,-118.45894781084884,5.040856977360656,False
8833,230,Substation,' ',34.28062227,-118.4783448,San Fernando,sce,34.27478288631888,-118.45894781084884,1.8968352098738348,True
8834,500,Substation,' ',34.28066368,-118.4783664,San Fernando,sce,34.27478288631888,-118.45894781084884,1.9002792589630455,True
8835,66,Substation,' ',34.28061616,-118.4782958,San Fernando,sce,34.27478288631888,-118.45894781084884,1.8923726818565725,True
8836,66,Substation,' ',32.9170824,-117.2190472,TORREY PINES,sdge,32.90838006172779,-117.2314708130261,1.5104000648661102,True
8837,115,Substation,' ',32.9170598,-117.2190911,TORREY PINES,sdge,32.90838006172779,-117.2314708130261,1.5056438290326584,True
8838,230,Substation,' ',33.12586972,-117.1167459,ESCONDIDO,sdge,33.127896401232995,-117.14294439107624,2.4500309000561784,False
8839,66,Substation,' ',33.12591326,-117.1167512,ESCONDIDO,sdge,33.127896401232995,-117.14294439107624,2.4490981815303208,False
8842,66,Substation,' ',35.26170308,-120.6348653,SAN LUIS OBISPO,pge,35.26178451937213,-120.63457824118316,0.027591388288710713,True
8843,115,Substation,' ',35.26169829,-120.6349069,SAN LUIS OBISPO,pge,35.26178451937213,-120.63457824118316,0.031342631011108124,True
8846,230,Substation,' ',40.79119302,-121.9377536,CEDAR CREEK,pge,40.79097149681122,-121.9383470502897,0.055702151508073436,True
8847,66,Substation,' ',40.79119112,-121.9377684,CEDAR CREEK,pge,40.79097149681122,-121.9383470502897,0.05449242635634,True
8848,230,Substation,' ',37.84780829,-122.1608615,MORAGA,pge,37.84853384034408,-122.16184860596728,0.11840968930105224,True
8849,115,Substation,' ',37.84775964,-122.1608387,MORAGA,pge,37.84853384034408,-122.16184860596728,0.12358812435128709,True
8850,66,Substation,' ',32.81236596,-115.3880192,BOULEVARD EAST,sdge,32.658400194287246,-116.26859395520212,84.12442106740244,False
8851,115,Substation,' ',32.81244195,-115.388001,BOULEVARD EAST,sdge,32.658400194287246,-116.26859395520212,84.12777330259156,False
8852,230,Substation,' ',38.79556257,-120.6219014,EL DORADO PH,pge,38.79358310217803,-120.61933508570162,0.31291063940208147,True
8853,115,Substation,' ',38.79562108,-120.621932,EL DORADO PH,pge,38.79358310217803,-120.61933508570162,0.3193838796025219,True
8856,66,Substation,' ',34.07460077,-117.2917341,Homart,sce,34.07492245983708,-117.29134532065184,0.05061346570555731,True
8857,115,Substation,' ',34.0745972,-117.2917426,Homart,sce,34.07492245983708,-117.29134532065184,0.051448608375789164,True
8860,230,Substation,' ',32.69645166,-117.1434555,SAMPSON,sdge,32.69878935180088,-117.12035389454664,2.1772871736406993,False
8861,66,Substation,' ',32.69651586,-117.1435039,SAMPSON,sdge,32.69878935180088,-117.12035389454664,2.1809440724352074,False
8862,115,Substation,' ',32.69651413,-117.143455,SAMPSON,sdge,32.69878935180088,-117.12035389454664,2.176421576738363,False
8863,230,Substation,' ',34.36666329,-117.3686289,Aqueduct,sce,34.415639000690206,-117.35595999917751,5.568539807088436,False
8864,500,Substation,' ',34.36659965,-117.3686115,Aqueduct,sce,34.415639000690206,-117.35595999917751,5.575127959389726,False
8865,230,Substation,' ',35.84170572,-119.0850329,Vestal,sce,35.84537261092941,-119.085204100882,0.408031576707412,True
8866,66,Substation,' ',35.84173559,-119.085093,Vestal,sce,35.84537261092941,-119.085204100882,0.40454224388166576,True
8867,66,Substation,' ',38.90126467,-121.0878419,PLACER,pge,38.90151853238145,-121.08791088443655,0.028852513173025,True
8868,115,Substation,' ',38.90129874,-121.0878804,PLACER,pge,38.90151853238145,-121.08791088443655,0.02458175336236161,True
