bus_i,kV,Type,Import,Lat,Lon,nearest_cec_name,nearest_cec_owner,nearest_cec_type,nearest_cec_lat,nearest_cec_lon,dist_km,matched
1,115,Substation,' ',37.77243572,-122.2429162,Jenney,pge_assumed,SUBSTATION,37.77243076,-122.242903,0.0012846197913886593,True
2,66,Substation,' ',37.77848161,-121.6259513,South Bay 1,pge,SUBSTATION,37.77847661,-121.62593825,0.0012745745159196342,True
3,66,Substation,' ',37.7483765,-121.6772083,Altamont,pge,SUBSTATION,37.74837151,-121.67719524,0.0012753018004505738,True
4,230,Substation,' ',37.69128098,-122.0612774,Castro Valley,pge,SUBSTATION,37.69127602,-122.06126424,0.0012825904667195058,True
5,115,Substation,' ',37.59578193,-122.0174353,Cryogenics,pge_assumed,SUBSTATION,37.59577698,-122.01742216,0.001281866658103536,True
6,66,Substation,' ',40.09403073,-123.5091868,Kekawaka,pge,SUBSTATION,40.0940257,-123.50917312,0.0012910972522798278,True
7,115,Substation,' ',37.55699202,-122.05794,Dumbarton - (PG&E),pge,SUBSTATION,37.55698707,-122.05792688,0.0012808193445703886,True
8,115,Substation,' ',37.73868954,-122.1937991,Edes - (PG&E),pge,SUBSTATION,37.73868459,-122.19378589,0.001285415637805811,True
9,115,Substation,' ',37.49369132,-121.9394285,Nummi,pge_assumed,SUBSTATION,37.49368636,-121.93941543,0.0012782029429219421,True
10,115,Substation,' ',37.67126804,-122.1595387,Grant,pge,SUBSTATION,37.67126309,-122.15952551,0.0012847802432106145,True
11,115,Substation,' ',37.876174,-122.245764,Grizzly - (Other),pge_assumed,SUBSTATION,37.87616904,-122.24575082,0.001281563364157691,True
12,66,Substation,' ',37.66794608,-121.8318768,Luka,pge,SUBSTATION,37.66794111,-121.8318637,0.0012786334124941525,True
13,115,Substation,' ',37.59531056,-122.0174915,Air Liquide,pge,SUBSTATION ASSUMED,37.5953056,-122.01747832,0.0012855335873943013,True
14,66,Substation,' ',37.70853376,-121.9070045,Kaiser - 94568,pge_assumed,SUBSTATION,37.70852878,-121.90699134,0.0012833052488986064,True
15,66,Substation,' ',37.68002781,-121.7805048,Livermore,pge,SUBSTATION,37.68002283,-121.78049172,0.0012773588661897438,True
16,66,Substation,' ',37.71164362,-121.8938504,Parks,pge,SUBSTATION,37.71163865,-121.89383726,0.0012811945263774412,True
17,66,Substation,' ',37.67255501,-121.859528,Radum,pge,SUBSTATION,37.67255004,-121.8595149,0.0012785688399427346,True
18,230,Substation,' ',37.79905699,-121.6199438,Ralph,pge,SUBSTATION,37.79905199,-121.6199307,0.0012782415617171674,True
19,115,Substation,' ',37.71062477,-122.1481883,San Leandro U,pge,SUBSTATION,37.71061982,-122.14817516,0.0012802511788369871,True
20,115,Substation,' ',37.76299826,-122.2144948,Oakland J,pge,SUBSTATION,37.76299331,-122.21448164,0.0012811005486288995,True
21,115,Substation,' ',37.58690266,-121.869684,Sunol,pge,SUBSTATION,37.58689769,-121.86967089,0.0012805626960539745,True
22,115,Substation,' ',37.60924399,-121.842671,Vallecitos,pge,SUBSTATION,37.60923901,-121.84265791,0.001279141900060466,True
23,66,Substation,' ',37.71111924,-121.7158749,Vasco,pge,SUBSTATION,37.71111425,-121.71586184,0.001275822128211322,True
24,66,Substation,' ',37.66968929,-121.8544376,Vineyard,pge,SUBSTATION,37.66968432,-121.85442448,0.001280196617042216,True
25,66,Substation,' ',38.408767,-120.822098,Amfor,pge,SUBSTATION,38.40876188,-120.82208495,0.0012716375884404903,True
26,66,Substation,' ',38.34219061,-120.9349804,Clay,pge,SUBSTATION,38.34218551,-120.93496732,0.0012739226272499371,True
27,66,Substation,' ',38.37390104,-120.9575497,Ione,pge_assumed,SUBSTATION,38.37389594,-120.95753668,0.0012687942558463749,True
28,66,Substation,' ',38.27717343,-120.9138995,Ione Energy,pge,SUBSTATION,38.27716834,-120.9138865,0.0012680917058997525,True
29,66,Substation,' ',38.36910799,-120.796754,Martell,pge,SUBSTATION,38.36910288,-120.79674099,0.0012685793462588117,True
30,66,Substation,' ',38.36863575,-120.8054803,Nepco,pge_assumed,SUBSTATION,38.36863063,-120.80546731,0.001267526326069027,True
31,66,Substation,' ',38.48076425,-120.8449436,Oleta,pge,SUBSTATION,38.48075913,-120.84493058,0.0012682899063309583,True
32,115,Substation,' ',38.4984199,-120.2184202,Salt Springs,pge,SUBSTATION,38.49841473,-120.21840721,0.0012682200538470445,True
33,66,Substation,' ',38.4127977,-120.6602339,Pine Grove,pge,SUBSTATION,38.41279257,-120.66022093,0.0012658528724209858,True
34,115,Substation,' ',37.71296547,-121.4775277,Lammers,pge,SUBSTATION,37.71302438,-121.47790414,0.03375509256519723,True
35,66,Substation,' ',39.48122633,-121.5654854,A.P.T. Oro,pge,SUBSTATION,39.48122118,-121.56547211,0.0012762838079344368,True
36,66,Substation,' ',39.36471317,-121.6856152,Gridley,pge_assumed,SUBSTATION,39.36470804,-121.68560192,0.0012762255478196627,True
37,66,Substation,' ',39.47437782,-121.5747818,Louisiana Pacific (Oroville),pge_assumed,SUBSTATION,39.47437267,-121.57476847,0.0012794534556361974,True
38,66,Substation,' ',39.4087526,-121.6886266,City Of Biggs,pge_assumed,SUBSTATION ASSUMED,39.40874747,-121.68861334,0.0012740446595889507,True
39,115,Substation,' ',34.64326979,-120.4372802,Cabrillo - (PG&E),pge,SUBSTATION,34.643265,-120.4372676,0.0012697680842952625,True
40,66,Substation,' ',39.81095374,-121.9196266,Anita - (Other),pge_assumed,SUBSTATION,39.81094859,-121.91961318,0.001281360593042261,True
41,66,Substation,' ',39.38767374,-121.4031757,Bangor,pge,SUBSTATION,39.38766858,-121.40316244,0.0012758492117702967,True
42,115,Substation,' ',39.71220645,-121.8133571,Butte,pge,SUBSTATION,39.7122013,-121.81334371,0.0012805365489921069,True
43,115,Substation,' ',39.71884016,-121.8209206,Chico A,pge,SUBSTATION,39.71883501,-121.82090726,0.0012766144856347743,True
44,115,Substation,' ',39.72551493,-121.8470758,Chico B,pge,SUBSTATION,39.72550979,-121.84706244,0.0012775468365367254,True
45,115,Substation,' ',33.81774602,-116.3674057,Ramon,iid,SUBSTATION,33.81774108,-116.36739386,0.0012239856858815741,True
46,115,Substation,' ',39.60773551,-121.7683336,Esquon,pge,SUBSTATION,39.60773037,-121.76832024,0.001279290475642485,True
47,66,Substation,' ',39.74641854,-122.0113693,Hamilton A,pge,SUBSTATION,39.74641341,-122.01135593,0.0012775047315756564,True
48,115,Substation,' ',39.7602408,-121.9070486,Nord,pge,SUBSTATION,39.76023566,-121.90703525,0.0012762676941505608,True
49,66,Substation,' ',39.50399795,-121.560155,Oroville,pge,SUBSTATION,39.5039928,-121.56014172,0.0012751833610243843,True
50,66,Substation,' ',39.76066295,-121.6187304,Paradise - (PG&E),pge,SUBSTATION,39.76065779,-121.61871709,0.0012742051072184245,True
51,66,Substation,' ',39.37824172,-121.6850945,Peachton,pge,SUBSTATION,39.37823659,-121.68508122,0.0012760276980086872,True
52,115,Substation,' ',39.76876106,-121.8240284,Sycamore Creek,pge,SUBSTATION,39.76875591,-121.82401501,0.001279696245552404,True
53,115,Substation,' ',39.48676454,-121.6880242,Tres Vias,pge,SUBSTATION,39.4867594,-121.68801089,0.0012772387549588164,True
54,115,Substation,' ',39.49170026,-121.5409467,Wyandotte,pge,SUBSTATION,39.49169511,-121.54093339,0.0012776642392816886,True
55,66,Substation,' ',38.16989692,-120.6672277,Calaveras Cement,pge_assumed,SUBSTATION,38.16989182,-120.66721476,0.0012653954573644895,True
56,115,Substation,' ',38.06981688,-120.4221335,Cataract,pge_assumed,SUBSTATION,38.06981176,-120.42212054,0.001269344290572437,True
57,66,Substation,' ',38.10148065,-120.9261759,Corral,pge,SUBSTATION,38.10147557,-120.92616284,0.0012747541259511823,True
58,115,Substation,' ',38.0571528,-120.5339711,Frogtown,pge,SUBSTATION,38.05714769,-120.53395809,0.0012729374356147828,True
59,230,Substation,' ',37.9446466,-120.5362212,Melones - (WAPA),wapa,SUBSTATION,37.9446415,-120.53620822,0.0012716521899620405,True
60,115,Substation,' ',38.14698707,-120.4464194,Murphy - (PG&E),pge,SUBSTATION,38.14698195,-120.44640649,0.0012643682378526387,True
61,66,Substation,' ',38.19974699,-120.719348,North Branch,pge,SUBSTATION,38.19974189,-120.719335,0.001269670011598807,True
62,66,Substation,' ',39.01747968,-122.0613948,Arbuckle,pge,SUBSTATION,39.01747461,-122.06138151,0.0012791059141548274,True
63,66,Substation,' ',39.21353467,-122.0025503,Colusa,pge,SUBSTATION,39.21352958,-122.00253699,0.0012787718810712205,True
64,66,Substation,' ',38.96982277,-122.0433322,Drake,pge,SUBSTATION,38.9698177,-122.04331887,0.0012829056029889552,True
65,66,Substation,' ',38.96922396,-122.0704684,Harrington,pge,SUBSTATION,38.9692189,-122.07045507,0.0012824261127823734,True
66,66,Substation,' ',39.27695996,-122.1532889,Maxwell - (PG&E),pge,SUBSTATION,39.27695488,-122.15327551,0.0012835301597531417,True
67,66,Substation,' ',39.40274718,-122.0132647,Rice,pge,SUBSTATION,39.40274207,-122.01325134,0.0012808329164798028,True
68,66,Substation,' ',39.15748765,-122.1477121,Williams,pge,SUBSTATION,39.15748258,-122.14769871,0.001284804779668167,True
69,115,Substation,' ',37.99392322,-122.1301156,Alhambra - (PG&E),pge,SUBSTATION,37.99391824,-122.13010237,0.0012848043990721274,True
70,66,Substation,' ',37.81698936,-121.5871457,Byron Bethany,pge,SUBSTATION,37.81698435,-121.5871326,0.0012784740435741154,True
71,66,Substation,' ',38.01132999,-121.748771,Du Pont,pge_assumed,SUBSTATION,38.01132498,-121.74875788,0.001277318625197164,True
72,66,Substation,' ',37.88699377,-121.5769277,Los Vaqueros,pge_assumed,SUBSTATION,37.88698876,-121.57691462,0.0012759119202976324,True
73,66,Substation,' ',38.01049965,-121.7562696,GWF 4,pge,SUBSTATION,38.01049463,-121.75625648,0.0012778156895993076,True
74,115,Substation,' ',38.02639867,-121.8496279,Linde - (PG&E),pge,SUBSTATION ASSUMED,38.02639366,-121.84961477,0.0012778942137872497,True
75,115,Substation,' ',38.01420008,-122.1158065,Shell Oil 1,pge_assumed,SUBSTATION,38.01419509,-122.11579329,0.001283414773386403,True
76,66,Substation,' ',38.01900393,-122.2354177,Union Chemical,pge_assumed,SUBSTATION,38.01899895,-122.23540445,0.0012860276535471328,True
77,66,Substation,' ',37.92595616,-122.0713843,Walnut Creek Pp,pge_assumed,SUBSTATION,37.92595117,-122.07137116,0.0012791351669821432,True
78,66,Substation,' ',37.83870261,-121.6229064,Tres Vaqueros Wind Farm (Jv Ent),pge_assumed,SUBSTATION ASSUMED,37.8386976,-121.62289328,0.0012797502707498673,True
79,66,Substation,' ',37.92583801,-121.678276,Balfour,pge,SUBSTATION,37.92583299,-121.67826287,0.0012797980382195362,True
80,115,Substation,' ',38.0125913,-122.0426788,Bollman,pge_assumed,SUBSTATION,38.01258631,-122.04266563,0.001280278674285052,True
81,66,Substation,' ',37.88525172,-121.8144465,Briones,pge_assumed,SUBSTATION,37.88524673,-121.8144334,0.0012765474373513685,True
82,115,Substation,' ',37.94410025,-121.9691071,Clayton,pge,SUBSTATION,37.94409526,-121.96909398,0.001277298981175341,True
83,115,Substation,' ',38.02598429,-121.8633112,Columbia Steel,pge,SUBSTATION,38.02597928,-121.86329806,0.0012786884289121754,True
84,66,Substation,' ',38.01351802,-121.815552,Antioch,pge,SUBSTATION,38.01351301,-121.81553884,0.0012804420627820171,True
85,115,Substation,' ',38.02728725,-121.8543797,Dow Chemical,pge_assumed,SUBSTATION,38.02728225,-121.85436652,0.001281341656272387,True
86,115,Substation,' ',37.8759552,-122.1870459,East Portal,pge,SUBSTATION,37.87595023,-122.18703268,0.001285214186865307,True
87,115,Substation,' ',38.01599634,-121.7739186,Fibreboard,pge,SUBSTATION,38.01599133,-121.77390547,0.0012780411523194968,True
88,66,Substation,' ',38.012107,-122.26433,Franklin - (PG&E),pge,SUBSTATION,38.01210203,-122.26431677,0.0012840660618162194,True
89,66,Substation,' ',37.81672046,-121.5861654,Herdlyn,pge,SUBSTATION,37.81671545,-121.58615233,0.0012761064314718784,True
90,115,Substation,' ',38.00163657,-122.0672557,Imhoff,pge,SUBSTATION,38.00163158,-122.0672425,0.001282803555779132,True
91,66,Substation,' ',37.90286541,-121.7226958,Marsh,pge,SUBSTATION,37.90286041,-121.72268263,0.0012823151856519981,True
92,115,Substation,' ',37.96324326,-122.0522531,Meadow Lane,pge,SUBSTATION,37.96323827,-122.05223994,0.0012801882435942557,True
93,115,Substation,' ',37.99592158,-122.3481031,Point Pinole,pge,SUBSTATION,37.99591662,-122.34808991,0.001280654650091876,True
94,66,Substation,' ',38.03732601,-122.178096,Port Costa Brick,pge_assumed,SUBSTATION,38.03732102,-122.17808278,0.0012838751714807034,True
95,230,Substation,' ',37.78241596,-121.9676624,San Ramon Research Cntr.,pge,SUBSTATION ASSUMED,37.78241098,-121.96764928,0.0012790936296950932,True
96,66,Substation,' ',38.028955,-122.103101,Urich - (PG&E),pge,SUBSTATION,38.02895002,-122.10308779,0.00128272425781727,True
97,66,Substation,' ',38.02477032,-121.9609733,Willow Pass,pge,SUBSTATION,38.02476532,-121.96096012,0.0012813773897251022,True
98,66,Substation,' ',41.77442883,-123.0350791,Steelhead,pacificorp,SUBSTATION,41.77442364,-123.03506523,0.0012868472219405825,True
99,115,Substation,' ',38.69341229,-120.8258948,Diamond Springs,pge,SUBSTATION,38.69340715,-120.82588173,0.0012701720758151044,True
100,115,Substation,' ',38.88492041,-121.0671416,Flint,pge,SUBSTATION,38.88491527,-121.06712848,0.001271319462185185,True
101,66,Substation,' ',38.6349329,-120.9801828,Limestone - (PG&E),pge,SUBSTATION,38.63492778,-120.98016969,0.00127310791118382,True
102,66,Substation,' ',38.91406597,-121.0189822,Mt. Quarries,pge,SUBSTATION,38.91406082,-121.01896906,0.00127294882707595,True
103,115,Substation,' ',38.83485899,-121.094821,Newcastle,pge,SUBSTATION,38.83485386,-121.09480786,0.0012730831197261029,True
104,66,Substation,' ',38.65929769,-120.9472381,Shingle Springs,pge,SUBSTATION,38.65929256,-120.94722501,0.0012717070969678742,True
105,66,Substation,' ',38.85028861,-120.3819544,Jones Fork,smud,SUBSTATION,38.85028343,-120.3819414,0.001264558862661023,True
106,115,Substation,' ',38.79337762,-120.619311,Camino - (PG&E),pge,SUBSTATION,38.79337246,-120.61929791,0.0012713049986616276,True
107,115,Substation,' ',36.54076139,-119.5818423,Guardian and Eastbank,pge_assumed,SUBSTATION,36.54075635,-119.58182962,0.0012638491358185767,True
108,115,Substation,' ',36.75773233,-119.6968545,Las Palmas - Other,pge_assumed,SUBSTATION,36.75772729,-119.69684182,0.0012609932954402957,True
109,66,Substation,' ',36.31946224,-119.9470597,Mussel Slough,pge_assumed,SUBSTATION,36.31945725,-119.94704699,0.0012667143644601395,True
110,66,Substation,' ',36.23774299,-120.3687036,Cal Resources LLC,pge_assumed,SUBSTATION ASSUMED,36.23773804,-120.36869084,0.001269886089462434,True
111,500,Substation,' ',36.71509335,-120.7018288,Oxford,pge,SUBSTATION,36.71508838,-120.70181596,0.001270944759072367,True
112,66,Substation,' ',36.22456945,-120.3814639,Penn Zier,pge_assumed,SUBSTATION,36.2245645,-120.38145115,0.0012692515062227108,True
113,115,Substation,' ',36.70056751,-119.754489,Ranchers Cotton,pge,SUBSTATION,36.70056248,-119.75447628,0.0012644507588230464,True
114,66,Substation,' ',36.90286001,-119.773843,River Rock,pge,SUBSTATION,36.90285495,-119.77383028,0.0012632507553657542,True
115,66,Substation,' ',36.19229514,-120.3552717,Tornado,pge_assumed,SUBSTATION,36.1922902,-120.35525897,0.001267577230656963,True
116,66,Substation,' ',36.63241754,-120.3423122,Westlands,pge,SUBSTATION,36.63241255,-120.34229944,0.0012665997053965558,True
117,115,Substation,' ',36.52807464,-120.4852632,Kamm,pge_assumed,SUBSTATION,36.52806967,-120.48525037,0.0012726438084061605,True
118,66,Substation,' ',36.79273987,-120.1141466,Biola,pge,SUBSTATION,36.79273485,-120.11413385,0.001265134826098763,True
119,66,Substation,' ',36.28400837,-120.122075,Calflax,pge_assumed,SUBSTATION,36.2840034,-120.12206232,0.0012637887889487213,True
120,66,Substation,' ',36.44598609,-119.7989666,Camden - (PG&E),pge,SUBSTATION,36.44598108,-119.79895395,0.001261210315181592,True
121,115,Substation,' ',36.42931356,-120.3416558,Cantua,pge,SUBSTATION,36.42930859,-120.34164301,0.0012707374617884468,True
122,66,Substation,' ',36.83609272,-120.4495568,Capco Madera - (PG&E),pge,SUBSTATION,36.83608772,-120.44954396,0.0012707753759542602,True
123,66,Substation,' ',36.53216946,-119.8814695,Caruthers,pge,SUBSTATION,36.53216444,-119.88145677,0.0012669863984340313,True
124,115,Substation,' ',36.63275972,-120.5319935,Cheney,pge,SUBSTATION,36.63275474,-120.53198075,0.001265306053797311,True
125,66,Substation,' ',36.89581265,-119.6647064,Coppermine,pge,SUBSTATION,36.89580759,-119.6646937,0.0012617521309909313,True
126,66,Substation,' ',36.22650304,-120.3378885,Derrick,pge_assumed,SUBSTATION,36.22649809,-120.33787573,0.0012708427887424042,True
127,66,Substation,' ',36.57016948,-119.4190334,Dinuba Energy,pge_assumed,SUBSTATION,36.57016443,-119.41902075,0.0012615567859558317,True
128,66,Substation,' ',36.70935277,-119.0289556,Dunlap,pge,SUBSTATION,36.70934769,-119.02894301,0.0012564417560201838,True
129,66,Substation,' ',36.8505811,-120.4663723,Fireboard,pge,SUBSTATION,36.8505761,-120.46635952,0.0012657824034413329,True
130,66,Substation,' ',36.59142343,-120.1761988,Helm,pge,SUBSTATION,36.59141844,-120.17618603,0.0012679466882911336,True
131,66,Substation,' ',36.18606391,-120.1039111,Huron,pge,SUBSTATION,36.18605895,-120.10389844,0.001262969876319678,True
132,66,Substation,' ',36.69153501,-120.060083,Kerman,pge,SUBSTATION,36.69152999,-120.06007027,0.0012648788962851543,True
133,66,Substation,' ',36.70562289,-119.882865,Kearney (New),pge,SUBSTATION,36.70561786,-119.88285232,0.0012611868366113118,True
134,66,Substation,' ',36.706794,-119.880023,Kearney (Old),pge,SUBSTATION,36.70678897,-119.8800103,0.0012627696343780186,True
135,115,Substation,' ',36.69325502,-119.726534,Malaga,pge,SUBSTATION,36.69324998,-119.7265213,0.0012634412667474851,True
136,230,Substation,' ',36.59336916,-119.9887084,Mc Mullin,pge,SUBSTATION,36.59336415,-119.98869566,0.001266489794784497,True
137,66,Substation,' ',36.72059631,-120.4589551,Mendota,pge,SUBSTATION,36.72083896,-120.45663091,0.2089032999962368,True
138,66,Substation,' ',36.75624051,-120.3653702,Mendota Biomass,pge_assumed,SUBSTATION,36.75623551,-120.36535743,0.0012662413706543566,True
139,66,Substation,' ',36.60561902,-119.773307,Bowles,pge,SUBSTATION,36.60561399,-119.77329431,0.0012633041250173444,True
140,66,Substation,' ',36.60755351,-119.5213101,Parlier,pge,SUBSTATION,36.60754847,-119.52129745,0.0012605721894928703,True
141,115,Substation,' ',36.78995077,-119.4034036,Piedra,pge_assumed,SUBSTATION ASSUMED,36.7899457,-119.40339099,0.001256480846149142,True
142,115,Substation,' ',36.71022222,-119.5381139,Rainbow,pge,SUBSTATION,36.71021717,-119.53810124,0.0012605176698981201,True
143,66,Substation,' ',36.6043472,-119.3762084,Reedley,pge,SUBSTATION,36.60434214,-119.37619576,0.0012608055768569626,True
144,66,Substation,' ',36.62093615,-120.1783513,San Joaquin,pge,SUBSTATION,36.62093115,-120.17833856,0.0012656359355553456,True
145,66,Substation,' ',36.53108764,-120.1045065,Stroud,pge,SUBSTATION,36.53108265,-120.10449376,0.0012663376540535285,True
146,66,Substation,' ',36.77054901,-119.393313,Tivy Valley,pge,SUBSTATION,36.77054394,-119.39330035,0.0012599201954764236,True
147,115,Substation,' ',36.68753802,-119.721984,Air Products - (Other),pge_assumed,SUBSTATION,36.68753298,-119.72197132,0.0012619186330031337,True
148,66,Substation,' ',36.66108307,-120.3343954,Wesix,wapa,SUBSTATION,36.66107808,-120.33438264,0.0012662188368277733,True
149,66,Substation,' ',36.35685741,-120.2512062,Westlands 18Ra,pge_assumed,SUBSTATION,36.35685244,-120.25119343,0.0012700856308521173,True
150,115,Substation,' ',36.83604392,-120.6203074,De Francesco,pge,SUBSTATION,36.83603893,-120.62029452,0.0012734931512978494,True
151,66,Substation,' ',39.58278564,-122.0104719,Jacinto,pge,SUBSTATION,39.58278052,-122.01045854,0.00127866763422778,True
152,66,Substation,' ',39.77596358,-122.1038109,Capay,pge,SUBSTATION,39.77595845,-122.10379752,0.0012778306822197566,True
153,66,Substation,' ',39.78927916,-122.0513104,Headgate,pge,SUBSTATION,39.78927403,-122.05129695,0.0012829872454550423,True
154,230,Substation,' ',39.53951119,-122.2630509,Logan Creek,pge,SUBSTATION,39.53950609,-122.26303744,0.0012860102442473634,True
155,66,Substation,' ',39.725196,-122.178741,Orland B,pge,SUBSTATION,39.72519088,-122.17872759,0.001280386921446781,True
156,66,Substation,' ',39.55776855,-122.0047037,Provident,pge,SUBSTATION ASSUMED,39.55776343,-122.00469037,0.0012767350934861528,True
157,66,Substation,' ',39.531676,-122.1861239,Willows A,pge,SUBSTATION,39.53167089,-122.18611054,0.0012789289467861561,True
158,66,Substation,' ',39.58704303,-122.533157,Stony Gorge,pge,SUBSTATION,39.58703795,-122.53314351,0.0012866301275320574,True
159,66,Substation,' ',40.87793436,-123.9946333,Ultra Power - (PG&E),pge,SUBSTATION,40.87792931,-123.9946194,0.001296552968795161,True
160,66,Substation,' ',40.86708117,-124.0884243,Arcata,pge,SUBSTATION,40.86707613,-124.08841041,0.0012954863394790156,True
161,66,Substation,' ',41.16271474,-124.1020064,Big Lagoon,pge,SUBSTATION,41.16270969,-124.10199246,0.001295026697677014,True
162,66,Substation,' ',40.90584397,-124.0343692,Blue Chip Milling,pge_assumed,SUBSTATION,40.90583892,-124.03435533,0.0012938369185764007,True
163,66,Substation,' ',40.8798343,-123.9805907,Blue Lake,pge,SUBSTATION,40.87982925,-123.98057687,0.0012912207721189292,True
164,115,Substation,' ',40.47964597,-123.7803098,Bridgeville,pge,SUBSTATION,40.47964093,-123.78029605,0.0012909493279536991,True
165,66,Substation,' ',40.80046704,-124.1962938,Fairhaven,pge,SUBSTATION,40.80046201,-124.19627996,0.0012922694564340388,True
166,66,Substation,' ',40.21377701,-123.5963844,Fort Seward,pge,SUBSTATION,40.21377198,-123.59637069,0.001291545521512038,True
167,66,Substation,' ',40.28584174,-123.8373077,Fruitland - (PG&E),pge,SUBSTATION,40.28583672,-123.83729396,0.0012922419229857143,True
168,66,Substation,' ',40.10300786,-123.7928774,Garberville,pge,SUBSTATION,40.10300285,-123.7928637,0.0012915313906034086,True
169,66,Substation,' ',40.78091459,-124.1318534,Harris,pge,SUBSTATION,40.78090956,-124.13183956,0.0012925787550001476,True
170,66,Substation,' ',40.74032526,-124.2096559,Humboldt Bay,pge,SUBSTATION,40.74032024,-124.20964206,0.001292739980512291,True
171,66,Substation,' ',40.90513782,-124.072347,Janes Creek,pge,SUBSTATION,40.90513278,-124.07233311,0.0012948809582073134,True
172,66,Substation,' ',40.86575137,-124.1523425,Sierra Pacific Lumber,pge_assumed,SUBSTATION,40.86574633,-124.15232864,0.0012932334855258274,True
173,66,Substation,' ',40.59459298,-124.1352072,Newburg,pge,SUBSTATION,40.59458796,-124.13519337,0.0012942793887288403,True
174,230,Substation,' ',37.80116,-121.641651,Windmaster,pge,SUBSTATION,37.801155,-121.64163792,0.0012766300189399396,True
175,66,Substation,' ',40.48092347,-124.1040001,Pacific Lumber,pge_assumed,SUBSTATION,40.48091845,-124.10398625,0.0012975955359567988,True
176,66,Substation,' ',40.72891925,-123.6697785,Ridge Cabin,pge,SUBSTATION ASSUMED,40.72891419,-123.66976472,0.0012902950671789546,True
177,66,Substation,' ',40.49538982,-124.0992681,Rio Dell,pge,SUBSTATION,40.4953848,-124.09925424,0.001298130996476312,True
178,66,Substation,' ',40.82049761,-123.8282375,Russ Ranch,pge,SUBSTATION,40.82049255,-123.82822372,0.0012888558666294826,True
179,66,Substation,' ',37.73329501,-121.120652,Mrip,pge_assumed,SUBSTATION,37.73328997,-121.12063901,0.0012724113604508534,True
180,66,Substation,' ',41.06473688,-124.1284232,Trinidad,pge,SUBSTATION,41.06473183,-124.12840934,0.001290555390752949,True
181,115,Substation,' ',32.99897909,-115.5188889,Alamorio - (IID),iid,SUBSTATION,32.99897421,-115.51887729,0.0012110811782145407,True
182,115,Substation,' ',33.12533089,-115.9785357,Anza,iid,SUBSTATION,33.12532601,-115.978524,0.0012171892542986189,True
183,66,Substation,' ',32.78149971,-114.5745907,Bard,iid,SUBSTATION,32.78149481,-114.57457924,0.0012019407811294667,True
184,115,Substation,' ',32.90250651,-114.4800809,Barret - (IID),iid,SUBSTATION,32.90250159,-114.48006944,0.0012016508515403273,True
185,115,Substation,' ',33.38496117,-115.6887666,Bombay,iid,SUBSTATION,33.38495626,-115.68875492,0.0012141318201363091,True
186,66,Substation,' ',32.66910959,-115.5002718,Calexico,iid,SUBSTATION,32.66910475,-115.50026019,0.0012127049187616052,True
187,115,Substation,' ',32.81791422,-115.5779823,Central - (IID),iid,SUBSTATION,32.81790937,-115.57797066,0.0012140856551653041,True
188,115,Substation,' ',33.41180556,-116.0507499,Desert Shores,iid,SUBSTATION,33.41180065,-116.05073816,0.0012188091825097772,True
189,115,Substation,' ',32.79963333,-115.5791028,Euclid - (IID),iid,SUBSTATION,32.79962848,-115.57909115,0.0012151236344289987,True
190,115,Substation,' ',33.05360069,-114.9841401,Goldfields,iid,SUBSTATION,33.05359577,-114.98412853,0.0012091561634273297,True
191,115,Substation,' ',33.04703333,-114.8841944,Goldmine,iid,SUBSTATION,33.04702842,-114.88418293,0.0012004169771286431,True
192,66,Substation,' ',32.91199807,-115.5681245,Holly Sugar,iid,SUBSTATION,32.9119932,-115.56811286,0.0012140427772220398,True
193,66,Substation,' ',32.75293878,-114.590084,No Mans Land,iid,SUBSTATION,32.75293388,-114.59007254,0.0012022472347507417,True
194,115,Substation,' ',32.70621445,-115.0311648,Drop 2,iid,SUBSTATION,32.70620959,-115.03115332,0.0012024111266511915,True
195,66,Substation,' ',32.71114659,-114.9425616,Sand Hill,iid,SUBSTATION,32.71114172,-114.94255013,0.001202022914221621,True
196,115,Substation,' ',32.73657328,-114.7126452,Araz,iid,SUBSTATION,32.73656839,-114.71263374,0.0012019192837998667,True
197,115,Substation,' ',32.81140555,-115.680425,Navy Base,iid,SUBSTATION,32.81140071,-115.68041335,0.0012145012645225818,True
198,115,Substation,' ',33.24227704,-115.501121,Niland,iid,SUBSTATION,33.24227213,-115.50110939,0.0012099056983903723,True
199,66,Substation,' ',32.98697223,-115.5429722,Oakley,iid,SUBSTATION,32.98696736,-115.5429606,0.0012098809994835927,True
200,66,Substation,' ',32.79184606,-115.857801,Plaster City - (IID),iid,SUBSTATION,32.79184122,-115.85778936,0.0012138781010539224,True
201,66,Substation,' ',32.68598055,-115.5085444,Pruett,iid,SUBSTATION,32.68597571,-115.50853283,0.0012091676369322816,True
202,115,Substation,' ',33.28528889,-115.9698333,Salton City,iid,SUBSTATION,33.285284,-115.9698216,0.001215905952130592,True
203,115,Substation,' ',32.79148946,-115.6946665,Seeley,iid,SUBSTATION,32.79148462,-115.69465481,0.0012180730955157397,True
204,66,Substation,' ',32.75270556,-115.6376722,Silsbee,iid,SUBSTATION,32.75270071,-115.63766059,0.0012122871007602136,True
205,115,Substation,' ',32.88062222,-115.7434361,Superstition,iid,SUBSTATION,32.88061737,-115.74342445,0.0012142338659037412,True
206,66,Substation,' ',32.69940301,-115.2832006,Verde - (IID),iid,SUBSTATION,32.69939816,-115.28318902,0.0012103548770629933,True
207,66,Substation,' ',33.03810038,-115.6189923,Westmorland,iid,SUBSTATION,33.0380955,-115.6189806,0.0012181571003029364,True
208,66,Substation,' ',37.37438227,-117.9796042,Deep Springs,sce,SUBSTATION,37.37437705,-117.97959174,0.001244657369652567,True
209,115,Substation,' ',36.10989167,-117.9564555,Haiwee - SCE South,sce,SUBSTATION,36.10988657,-117.95644323,0.0012395784044993187,True
210,115,Substation,' ',36.60071079,-118.0725009,Lone Pine,sce,SUBSTATION,36.60070565,-118.07248848,0.0012473596732410813,True
211,66,Substation,' ',37.35976047,-118.7018945,Morgan,sce,SUBSTATION,37.35975529,-118.70188193,0.001251402498102325,True
212,66,Substation,' ',37.34980639,-118.4653526,Mt. Tom,sce,SUBSTATION,37.3498012,-118.46534003,0.0012520454415877785,True
213,66,Substation,' ',37.40070021,-118.3505364,Roberts,sce,SUBSTATION,37.40069501,-118.35052392,0.0012448439877615306,True
214,66,Substation,' ',35.7116008,-120.0111956,Berrenda A,pge,SUBSTATION,35.71159587,-120.01118299,0.0012636149357678865,True
215,66,Substation,' ',35.65850145,-120.0424297,Berrenda C,pge,SUBSTATION,35.65849654,-120.04241711,0.001261706033835444,True
216,66,Substation,' ',34.88051458,-118.9009699,Castaic - (Other),sce_assumed,SUBSTATION,34.88050967,-118.90095758,0.0012494116428529041,True
217,66,Substation,' ',35.4707658,-119.1183189,Cawelo B,pge,SUBSTATION,35.47076084,-119.11830642,0.0012575630926183854,True
218,115,Substation,' ',35.57075757,-119.1154201,Cawelo C,pge,SUBSTATION,35.57075261,-119.11540761,0.0012571114122575358,True
219,115,Substation,' ',35.40105743,-119.035393,Kernwater,pge,SUBSTATION,35.40105248,-119.03538055,0.0012555115195139292,True
220,230,Substation,' ',34.95491418,-118.8442502,Lebec - (SCE),sce,SUBSTATION,34.95490926,-118.84423786,0.0012506213285192551,True
221,66,Substation,' ',35.78573189,-119.8662835,Lost Hills,pge,SUBSTATION,35.78572695,-119.86627087,0.0012647679914314985,True
222,66,Substation,' ',35.06401416,-119.0618268,Valpredo,pge,SUBSTATION,35.06400924,-119.06181438,0.001255823450628707,True
223,66,Substation,' ',34.92639747,-118.9252995,Pacific Pipeline,sce_assumed,SUBSTATION,34.92639256,-118.92528716,0.0012504871839772223,True
224,66,Substation,' ',35.6579012,-119.9964345,Antelope - (PG&E),pge,SUBSTATION,35.65789628,-119.99642185,0.0012670826526563269,True
225,66,Substation,' ',35.7755224,-119.9136038,Arco - (PG&E),pge,SUBSTATION,35.77551746,-119.91359121,0.001261650227187813,True
226,66,Substation,' ',35.15031453,-118.8784674,Arvin,pge,SUBSTATION,35.15030959,-118.87845497,0.0012565355976657932,True
227,115,Substation,' ',35.31698056,-118.9332139,Arvin-Edison,pge,SUBSTATION,35.31697561,-118.93320148,0.0012541218832732056,True
228,66,Substation,' ',35.38723247,-119.004436,Bakersfield,pge,SUBSTATION,35.38722752,-119.0044236,0.0012516130236985136,True
229,66,Substation,' ',35.61462223,-119.8537112,Blackwell,pge,SUBSTATION,35.61461731,-119.85369858,0.0012651952697811072,True
230,66,Substation,' ',35.10678049,-119.4035453,Cadet,pge,SUBSTATION,35.10677559,-119.40353284,0.001257600962016077,True
231,66,Substation,' ',35.54109995,-119.8052306,Carneras,pge,SUBSTATION,35.54109503,-119.805218,0.0012645083020923324,True
232,66,Substation,' ',35.4747136,-119.7603817,Celeron,pge_assumed,SUBSTATION,35.47260882,-119.76065321,0.2353287613335967,True
233,66,Substation,' ',35.09714151,-119.429419,Chalk,pge,SUBSTATION,35.09713662,-119.42940648,0.0012621643814651109,True
234,115,Substation,' ',35.60807501,-119.3253139,Charca,pge,SUBSTATION,35.60807005,-119.32530137,0.0012598886241302922,True
235,66,Substation,' ',35.09339007,-119.2789365,Copus,pge,SUBSTATION,35.09338517,-119.27892406,0.0012561289780434152,True
236,115,Substation,' ',35.31512502,-119.6095695,Cymric,pge_assumed,SUBSTATION,35.31512011,-119.60955693,0.0012644616232058785,True
237,66,Substation,' ',35.77500833,-119.9737889,Devils Den,pge,SUBSTATION,35.7750034,-119.97377632,0.0012603607110334267,True
238,115,Substation,' ',35.42797818,-118.9764344,Discovery,pge_assumed,SUBSTATION,35.42797322,-118.97642194,0.0012564748080988086,True
239,115,Substation,' ',35.50103906,-119.0460399,Double C,pge,SUBSTATION,35.5010341,-119.04602741,0.0012579941279955657,True
240,66,Substation,' ',35.35577972,-118.9717712,Eisen,pge,SUBSTATION,35.35577476,-118.97175878,0.0012541244891453745,True
241,66,Substation,' ',35.22606664,-119.3766031,Elk Hills,pge,SUBSTATION,35.22606173,-119.37659065,0.00125576851830761,True
242,115,Substation,' ',35.19517779,-119.5852944,Fellows,pge,SUBSTATION,35.19517289,-119.58528194,0.0012564919049692944,True
243,115,Substation,' ',35.39404669,-119.3214819,Frito Lay,pge,SUBSTATION,35.39404176,-119.32146941,0.0012578887831825362,True
244,115,Substation,' ',35.3772676,-119.092688,Fruitvale,pge,SUBSTATION,35.37726265,-119.0926756,0.0012517377292486018,True
245,115,Substation,' ',35.50111517,-119.4489669,Ganso - (PG&E),pge,SUBSTATION,35.50111023,-119.44895435,0.0012619074066755542,True
246,66,Substation,' ',35.15360385,-119.3361848,Gardner,pge_assumed,SUBSTATION,35.15359895,-119.33617233,0.0012578331360418816,True
247,66,Substation,' ',34.91833522,-118.9261907,Grapevine,sce_assumed,SUBSTATION,34.91833031,-118.92617837,0.0012497663986206714,True
248,115,Substation,' ',35.50944487,-119.0305112,Kern Front,pge,SUBSTATION,35.5094399,-119.03049873,0.0012567495818536754,True
249,66,Substation,' ',35.09414443,-119.1011222,Lakeview - (PG&E),pge,SUBSTATION,35.09413952,-119.10110982,0.0012516878329796022,True
250,66,Substation,' ',35.50036603,-119.1518273,Lerdo,pge,SUBSTATION,35.50036107,-119.15181482,0.0012571890913746417,True
251,66,Substation,' ',35.10778002,-119.398181,Maricopa,pge,SUBSTATION,35.10777512,-119.39816853,0.001258408336834561,True
252,66,Substation,' ',35.68838406,-119.2768598,Mc Farland,pge,SUBSTATION,35.68837909,-119.2768473,0.0012569189589599018,True
253,66,Substation,' ',35.31982573,-119.6623248,Sysquoc,pge,SUBSTATION,35.31982083,-119.66231226,0.0012614666817731535,True
254,115,Substation,' ',35.24241942,-119.6245472,Midsun,pge_assumed,SUBSTATION,35.24241452,-119.62453468,0.0012608099186809379,True
255,66,Substation,' ',35.2329709,-119.5803103,Mobil,pge_assumed,SUBSTATION,35.232966,-119.58029781,0.0012584726676950918,True
256,66,Substation,' ',35.09082503,-119.4070389,Moco,pge_assumed,SUBSTATION,35.09082013,-119.40702645,0.0012569809181029652,True
257,115,Substation,' ',35.28599981,-119.3090374,Norco - (PG&E),pge,SUBSTATION,35.28599489,-119.30902494,0.0012563169653507977,True
258,66,Substation,' ',35.20843056,-119.1006862,Old River,pge,SUBSTATION,35.20842563,-119.10067378,0.0012545059650905025,True
259,66,Substation,' ',35.29555607,-119.0216521,Panama,pge,SUBSTATION,35.29555113,-119.02163969,0.0012530867787726235,True
260,66,Substation,' ',35.517707,-119.7595381,Petro Lewis,pge_assumed,SUBSTATION,35.51770208,-119.75952555,0.0012607294675856802,True
261,115,Substation,' ',35.44202961,-119.2607154,Rio Bravo - (PG&E),pge,SUBSTATION,35.44202467,-119.26070292,0.0012569524782566762,True
262,66,Substation,' ',35.42982347,-118.8226315,Rio Bravo - G,pge,SUBSTATION,35.4298185,-118.82261907,0.0012544993072490017,True
263,115,Substation,' ',35.37716309,-119.077933,Texaco Refining & Manufacturing,pge_assumed,SUBSTATION,35.37708261,-119.07732228,0.05608869543176494,True
264,66,Substation,' ',35.09239722,-118.8781167,San Bernard,pge,SUBSTATION,35.09239229,-118.87810433,0.001251863144940101,True
265,115,Substation,' ',35.1933472,-119.5823472,Santa Fe Energy,pge,SUBSTATION,35.1933423,-119.58233473,0.0012573337782523307,True
266,115,Substation,' ',35.60074571,-119.4375241,Semitropic,pge,SUBSTATION,35.60074076,-119.43751153,0.0012627494304459617,True
267,115,Substation,' ',35.51390484,-119.3178014,Shafter,pge,SUBSTATION,35.5138999,-119.31778895,0.0012536024752308353,True
268,115,Substation,' ',35.71782151,-119.4553416,Smyrna,pge,SUBSTATION,35.71781655,-119.4553291,0.0012560560192959528,True
269,66,Substation,' ',35.10881659,-118.5670131,Stallion,sce_assumed,SUBSTATION,35.10881164,-118.56700081,0.0012461021074788104,True
270,66,Substation,' ',35.0932291,-119.4438304,Berry Petroleum,pge,SUBSTATION,35.0932242,-119.44381796,0.001256130991148699,True
271,66,Substation,' ',35.09175615,-119.4406975,Tannehill Electric Co.,pge_assumed,SUBSTATION,35.09175125,-119.440685,0.0012610703721395318,True
272,66,Substation,' ',35.01965139,-118.9796384,Tecuya,pge,SUBSTATION,35.01964647,-118.97962599,0.0012555564180598187,True
273,66,Substation,' ',35.01965399,-118.9551559,Tejon,pge,SUBSTATION,35.01964907,-118.95514351,0.0012539173471176391,True
274,115,Substation,' ',35.19434121,-119.5712604,Midset,pge_assumed,SUBSTATION,35.19433631,-119.57124785,0.0012638766784616212,True
275,115,Substation,' ',35.35416109,-119.2706556,Tupman,pge,SUBSTATION,35.35415616,-119.2706431,0.00125920894174051,True
276,66,Substation,' ',35.73065651,-119.8580981,Twisselman,pge,SUBSTATION,35.73065157,-119.85808547,0.0012654786269318723,True
277,115,Substation,' ',35.6018111,-119.3261944,Wasco,pge,SUBSTATION,35.60180615,-119.32618191,0.001256230208707397,True
278,66,Substation,' ',35.22374722,-118.8800083,Weedpatch,pge,SUBSTATION,35.22374228,-118.87999595,0.0012490870686961693,True
279,66,Substation,' ',35.22432026,-118.7789744,Wellfield,pge,SUBSTATION,35.22431531,-118.77896203,0.0012512005703145198,True
280,115,Substation,' ',35.37392781,-119.0403167,West Park,pge,SUBSTATION,35.37392286,-119.04030422,0.0012582981370429058,True
281,115,Substation,' ',35.42795693,-118.9775056,Witco,pge,SUBSTATION,35.42795198,-118.97749316,0.0012543587774819236,True
282,115,Substation,' ',35.29606803,-119.5924379,Getty Oil,pge_assumed,SUBSTATION,35.29606312,-119.59242535,0.0012630669615509963,True
283,115,Substation,' ',35.44070561,-119.0207361,Kern Oil,pge,SUBSTATION,35.44070065,-119.02072362,0.0012579426495290416,True
284,66,Substation,' ',34.81550555,-118.6861278,Alamo,sce,SUBSTATION,34.81550064,-118.68611545,0.001252674909235849,True
285,66,Substation,' ',35.58810833,-118.5247667,Borel,sce,SUBSTATION,35.58810333,-118.5247543,0.0012515531182776384,True
286,66,Substation,' ',35.12389407,-118.3741213,Breeze,sce,SUBSTATION,35.1238891,-118.37410903,0.0012452702996381918,True
287,66,Substation,' ',35.70369931,-119.2045057,Browning,sce,SUBSTATION,35.70369433,-119.20449316,0.001260457222593482,True
288,66,Substation,' ',35.03026569,-118.3108221,Cal Cement,sce,SUBSTATION,35.03026073,-118.31080978,0.0012500098676669453,True
289,66,Substation,' ',34.94057401,-117.9530671,Corum,sce,SUBSTATION,34.94056904,-117.95305491,0.00124098299272084,True
290,66,Substation,' ',35.10966362,-118.4946673,Cummings,sce,SUBSTATION,35.10965867,-118.494655,0.001246907832318416,True
291,66,Substation,' ',35.77551392,-119.2424861,Delano - (SCE),sce,SUBSTATION,35.77550894,-119.24247363,0.0012538713836374785,True
292,230,Substation,' ',34.94123996,-118.826285,Edmonston,sce_assumed,SUBSTATION,34.94123505,-118.82627266,0.0012503040652810133,True
293,66,Substation,' ',34.81499978,-119.0098992,Frazier Park,sce,SUBSTATION,34.81499489,-119.00988686,0.0012508912637495,True
294,66,Substation,' ',35.7222499,-118.6950727,Glennville,sce,SUBSTATION,35.72224489,-118.69506026,0.0012535963960848076,True
295,66,Substation,' ',35.05410894,-118.1861563,Goldtown,sce,SUBSTATION,35.05410397,-118.18614402,0.0012469423199538744,True
296,66,Substation,' ',34.83738247,-118.1554673,Great Lakes,sce,SUBSTATION,34.83737752,-118.15545501,0.001249432441363476,True
297,66,Substation,' ',35.73837172,-118.5564021,Greenhorn - (SCE),sce,SUBSTATION,35.7383667,-118.55638974,0.0012474259998582172,True
298,66,Substation,' ',35.48368775,-118.5275716,Havilah,sce,SUBSTATION,35.48368275,-118.52755921,0.001252050439374157,True
299,66,Substation,' ',35.63265859,-118.478256,Isabella,sce,SUBSTATION,35.63265358,-118.47824365,0.0012474436715832564,True
300,66,Substation,' ',35.6444035,-118.4818546,Lakegen,sce,SUBSTATION,35.64439849,-118.48184223,0.0012489141525435564,True
301,66,Substation,' ',35.30690556,-118.4232873,Loraine,sce,SUBSTATION,35.30690058,-118.42327496,0.0012492041709974513,True
302,66,Substation,' ',35.12376189,-118.3796721,Monolith,sce,SUBSTATION,35.12375692,-118.37965977,0.0012501643236646936,True
303,230,Substation,' ',38.12530207,-121.832271,Shiloh I,pge,SUBSTATION,38.12529705,-121.83225786,0.0012777680818896965,True
304,66,Substation,' ',35.71895095,-119.2333701,Pandol,sce,SUBSTATION,35.71894598,-119.23335764,0.0012532881957799903,True
305,230,Substation,' ',34.93527777,-118.8431278,Pastoria,sce,SUBSTATION,34.93527285,-118.84311541,0.0012549639743348671,True
306,66,Substation,' ',35.73285976,-119.1298083,Quinn,sce,SUBSTATION,35.73285478,-119.12979581,0.0012560326481398224,True
307,115,Substation,' ',34.93014632,-117.6977315,Unknown - 3904,sce,SUBSTATION,34.9301081,-117.69773313,0.004252467123666567,True
308,66,Substation,' ',34.86428131,-118.2373311,Rosamond,sce,SUBSTATION,34.86427636,-118.23731883,0.001247465557024376,True
309,115,Substation,' ',34.87995833,-117.8962833,Southbase,sce,SUBSTATION,34.87995337,-117.89627113,0.001239589245434077,True
310,66,Substation,' ',35.41102545,-118.492508,Walker Basin,sce,SUBSTATION,35.41102047,-118.49249566,0.0012479108673158399,True
311,66,Substation,' ',35.66663278,-118.2628215,Weldon,sce,SUBSTATION,35.66662776,-118.26280917,0.0012459006670487139,True
312,66,Substation,' ',34.81941387,-118.7510667,Westpac,sce,SUBSTATION,34.81940896,-118.75105433,0.0012542702008137554,True
313,66,Substation,' ',35.45227062,-118.9904154,Sycamore,sce,SUBSTATION,35.45226566,-118.99040293,0.0012569826460362274,True
314,66,Substation,' ',36.08514444,-119.5536056,Boswell,pge,SUBSTATION,36.08513945,-119.55359297,0.0012633217536658454,True
315,66,Substation,' ',35.99203334,-119.5717083,Angiola,pge,SUBSTATION,35.99202836,-119.57169576,0.001256766896842374,True
316,66,Substation,' ',36.26869793,-119.6473106,Armstrong,pge_assumed,SUBSTATION,36.26869293,-119.64729795,0.0012630358245655185,True
317,66,Substation,' ',35.97812224,-120.1171583,Avenal,pge_assumed,SUBSTATION,35.97811729,-120.11714566,0.0012635730820548573,True
318,115,Substation,' ',36.10940095,-119.5571927,Corcoran,pge,SUBSTATION,36.10939596,-119.55718007,0.0012630070675883729,True
319,66,Substation,' ',36.22631337,-119.6552247,Guernsey - (PG&E),pge,SUBSTATION,36.22630837,-119.65521209,0.0012603672632789766,True
320,66,Substation,' ',36.2696503,-119.6489407,Hanford - (Other),pge_assumed,SUBSTATION ASSUMED,36.2696453,-119.64892809,0.001259804513561358,True
321,66,Substation,' ',36.40412655,-119.6858489,Hardwick,pge,SUBSTATION,36.40412154,-119.6858363,0.0012577443348204143,True
322,66,Substation,' ',36.2224111,-119.7799139,Jacobs Corner,pge,SUBSTATION,36.22240612,-119.77990125,0.0012626622365743043,True
323,66,Substation,' ',36.04359445,-120.1113917,Kettleman Hills,pge,SUBSTATION,36.0435895,-120.11137898,0.0012692004590784192,True
324,66,Substation,' ',36.30933381,-119.7983006,Lemoore - (PGE Fresno),pge,SUBSTATION,36.30932881,-119.79828795,0.001262505686147062,True
325,66,Substation,' ',36.27633342,-119.6536119,Reserve Oil,pge,SUBSTATION,36.27632842,-119.65359929,0.0012597176839635974,True
326,66,Substation,' ',36.00345277,-119.9494833,Tulare Lake,pge,SUBSTATION,36.00344781,-119.9494707,0.0012604928393377046,True
327,66,Substation,' ',39.00776751,-122.8940008,Clear Lake - (PG&E),pge,SUBSTATION,39.0077625,-122.89398734,0.0012895530718109467,True
328,66,Substation,' ',39.07721407,-122.9325679,Hartley,pge,SUBSTATION,39.07720906,-122.9325544,0.0012916368966842937,True
329,66,Substation,' ',38.93233036,-122.7410063,Konocti,pge,SUBSTATION,38.93232535,-122.74099288,0.0012875507552539956,True
330,115,Substation,' ',39.11038686,-122.8128382,Lucerne - (PG&E),pge,SUBSTATION,39.11038184,-122.81282473,0.0012892889102153549,True
331,115,Substation,' ',39.02753504,-122.6623833,Redbud,pge,SUBSTATION,39.02753001,-122.66236986,0.0012886657587214284,True
332,66,Substation,' ',39.14574049,-122.9166584,Upper Lake,pge,SUBSTATION,39.14573547,-122.91664494,0.0012879859868729605,True
333,66,Substation,' ',40.74489222,-121.2780001,Halls Flat,pge,SUBSTATION,40.74488695,-121.27798671,0.0012711544875581497,True
334,66,Substation,' ',40.31499479,-120.5403437,Janesville,nve_assumed,SUBSTATION,40.3149895,-120.54033046,0.001267343998576848,True
335,66,Substation,' ',40.36547281,-120.4226288,Standish,nve_assumed,SUBSTATION,40.36546749,-120.42261557,0.0012674036674428903,True
336,66,Substation,' ',40.41749316,-120.6671093,Susan,nve_assumed,SUBSTATION,40.41748787,-120.667096,0.0012703332267601586,True
337,66,Substation,' ',40.15526654,-120.3519513,Milford,nve_assumed,SUBSTATION,40.15526124,-120.35193811,0.0012664455696144686,True
338,66,Substation,' ',40.58807127,-121.0915844,Bogard,pge,SUBSTATION,40.588066,-121.09157101,0.001273511671060025,True
339,66,Substation,' ',40.26934857,-121.0881239,Hamilton Branch,pge,SUBSTATION,40.26934332,-121.08811057,0.0012727391729861965,True
340,66,Substation,' ',40.29997937,-121.0016847,Westwood,pge_assumed,SUBSTATION,40.29997411,-121.00167141,0.0012697826314051774,True
341,66,Substation,' ',34.16270281,-118.2841966,Airway,sce_assumed,SUBSTATION,34.16269794,-118.28418441,0.0012454616412631335,True
342,66,Substation,' ',34.27357024,-118.4587732,San Fernando,sce,SUBSTATION,34.27356537,-118.45876094,0.001249927552603991,True
343,66,Substation,' ',33.99032214,-118.3940417,Movie,sce,SUBSTATION,33.9903173,-118.39402946,0.0012502345247620494,True
344,66,Substation,' ',34.30787223,-118.4505278,Olive - (LADWP),ladwp,SUBSTATION,34.30786735,-118.45051553,0.0012508229509217994,True
345,230,Substation,' ',34.04335333,-118.2461297,Station P (Market),ladwp,SUBSTATION,34.04334847,-118.24611748,0.0012488963147151866,True
346,66,Substation,' ',33.77047202,-118.264962,Station Q (Harbor),ladwp,SUBSTATION,33.7704672,-118.26494981,0.0012477340666677758,True
347,230,Substation,' ',34.17158743,-118.423154,Station S (Van Nuys),ladwp,SUBSTATION,34.17158257,-118.42314173,0.0012515065158364407,True
348,230,Substation,' ',34.1895064,-118.5915883,Station T,ladwp,SUBSTATION,34.18950155,-118.59157603,0.0012508104738926996,True
349,230,Substation,' ',34.17935193,-118.5438005,Station U (Tarzana),ladwp,SUBSTATION,34.17934707,-118.54378829,0.0012464369072254745,True
350,66,Substation,' ',34.19901498,-118.3440788,Lincoln - 91504,sce_assumed,SUBSTATION,34.19901011,-118.34406655,0.001249998153171958,True
351,66,Substation,' ',34.17638134,-118.3140289,Mcneil,sce_assumed,SUBSTATION,34.17637647,-118.3140167,0.0012461264356018055,True
352,66,Substation,' ',34.12515424,-117.9249665,Aerojet,sce,SUBSTATION,34.12514936,-117.92495434,0.0012439088978403907,True
353,66,Substation,' ',34.04748128,-117.9556304,Bassett,sce,SUBSTATION,34.04747641,-117.95561822,0.0012460083593776221,True
354,66,Substation,' ',34.09126536,-118.1490914,Alhambra - (SCE),sce,SUBSTATION,34.0912605,-118.14907918,0.001248322522883344,True
355,66,Substation,' ',33.8349536,-118.2473837,Alon,sce,SUBSTATION,33.83494877,-118.24737148,0.0012499475779085439,True
356,66,Substation,' ',34.07144828,-118.0265504,Amador,sce,SUBSTATION,34.07144341,-118.02653824,0.0012440638833882388,True
357,66,Substation,' ',33.86143513,-118.3217278,Amco,sce,SUBSTATION,33.8614303,-118.32171564,0.0012446316715711662,True
358,66,Substation,' ',34.567506,-118.147688,Anaverde,sce,SUBSTATION,34.56750108,-118.14767577,0.001246322649468397,True
359,66,Substation,' ',34.10562887,-118.0384571,Anita - (SCE),sce,SUBSTATION,34.105624,-118.03844492,0.0012453148112591863,True
360,66,Substation,' ',34.38186113,-118.5013428,Appgen,sce,SUBSTATION,34.38185626,-118.50133056,0.0012469646314045646,True
361,115,Substation,' ',35.49595252,-119.0094663,Live Oak - 93308,pge,SUBSTATION,35.49594755,-119.0094539,0.0012512312853457726,True
362,66,Substation,' ',34.14413076,-118.025731,Arcadia,sce,SUBSTATION,34.14412588,-118.02571887,0.0012411991693443076,True
363,230,Substation,' ',33.81749482,-118.2434772,Arcogen,sce,SUBSTATION,33.81748999,-118.24346507,0.0012426527839935735,True
364,66,Substation,' ',34.19972227,-118.1706118,Arroyo,sce,SUBSTATION,34.1997174,-118.17059964,0.0012425347777849012,True
365,66,Substation,' ',33.81920229,-118.1643641,Astro,sce,SUBSTATION,33.81919745,-118.16435193,0.001246445601900813,True
366,66,Substation,' ',33.78133053,-118.1498197,Belmont - (SCE),sce,SUBSTATION,33.7813257,-118.1498075,0.001248917518821646,True
367,66,Substation,' ',34.13604586,-117.9109461,Azusa,sce,SUBSTATION,34.13604098,-117.91093392,0.0012454357079351036,True
368,66,Substation,' ',33.99961503,-118.1712114,Bandini,sce,SUBSTATION,33.99961017,-118.17119922,0.0012460959311079458,True
369,66,Substation,' ',34.05052838,-117.9907761,Industry,sce,SUBSTATION,34.05052351,-117.99076397,0.0012418249705410261,True
370,66,Substation,' ',34.00810574,-118.2275295,Beejay,sce,SUBSTATION,34.00810089,-118.22751727,0.0012496688839450758,True
371,66,Substation,' ',34.0731289,-118.3973342,Beverly,sce,SUBSTATION,34.07312405,-118.39732201,0.001245567608566934,True
372,66,Substation,' ',33.83038656,-118.1405681,Boost,sce,SUBSTATION,33.83038173,-118.14055591,0.0012475003608246231,True
373,66,Substation,' ',33.85077402,-118.06401,Bovine,sce,SUBSTATION,33.85076917,-118.06399786,0.001244054642434581,True
374,66,Substation,' ',33.79314877,-118.1722789,Bowl,sce,SUBSTATION,33.79314394,-118.17226672,0.001247108772826244,True
375,66,Substation,' ',34.13379802,-117.9872804,Bradbury,sce,SUBSTATION,34.13379314,-117.98726823,0.0012446341656965816,True
376,66,Substation,' ',33.93731568,-118.1299057,Downey,sce,SUBSTATION,33.93731083,-118.12989359,0.0012405371326476625,True
377,66,Substation,' ',34.1271721,-117.9398895,Brew,sce,SUBSTATION,34.12716721,-117.93987737,0.001241887103949908,True
378,66,Substation,' ',33.88055076,-118.3258829,Bridge,sce,SUBSTATION,33.88054593,-118.32587072,0.0012460706042657624,True
379,66,Substation,' ',33.86007925,-118.0843086,Artesia,sce,SUBSTATION,33.8600744,-118.08429643,0.0012464413902634702,True
380,66,Substation,' ',33.90252379,-118.3118682,Brighton - (SCE),sce,SUBSTATION,33.90251896,-118.31185604,0.001244144040672355,True
381,66,Substation,' ',33.76697406,-118.1520507,Broadway - SCE,sce,SUBSTATION,33.76696923,-118.15203855,0.0012449169092785815,True
382,66,Substation,' ',33.90011631,-118.2062764,Bullis,sce,SUBSTATION,33.90011147,-118.20626419,0.001248815574219102,True
383,66,Substation,' ',33.95650731,-118.2322842,Calden,sce,SUBSTATION,33.95650246,-118.232272,0.0012477906651879472,True
384,66,Substation,' ',33.77486919,-118.229778,Carbogen,sce,SUBSTATION,33.77486437,-118.22976582,0.0012468472453814451,True
385,66,Substation,' ',33.90319501,-118.047069,Carmenita,sce,SUBSTATION,33.90319016,-118.04705684,0.001245097704644751,True
386,66,Substation,' ',33.86398483,-118.2169821,Carson,sce,SUBSTATION,33.86397999,-118.21696993,0.0012459143310338738,True
387,66,Substation,' ',33.81660822,-118.1716782,Certified,sce,SUBSTATION,33.81660339,-118.17166605,0.0012443297042351485,True
388,66,Substation,' ',33.75941402,-118.2378628,Dock,sce,SUBSTATION,33.7594092,-118.23785068,0.0012420245965746198,True
389,66,Substation,' ',33.77861447,-118.1832932,Cherry - (SCE),sce,SUBSTATION,33.77860964,-118.183281,0.0012489497993198053,True
390,66,Substation,' ',33.91260297,-118.4141553,Chevgen,sce,SUBSTATION,33.91259813,-118.41414312,0.0012461691568997643,True
391,66,Substation,' ',34.11901471,-117.8719909,Citrus,sce,SUBSTATION,34.11900982,-117.87197876,0.0012428116645289756,True
392,66,Substation,' ',33.79574877,-118.1071449,Clark - (SCE),sce,SUBSTATION,33.79574394,-118.10713272,0.001247077921054582,True
393,66,Substation,' ',33.78410009,-118.1085203,College - (SCE),sce,SUBSTATION,33.78409525,-118.10850813,0.0012468616309044345,True
394,66,Substation,' ',34.02561317,-118.4721561,Colorado,sce,SUBSTATION,34.02560833,-118.47214391,0.0012456541546337955,True
395,66,Substation,' ',33.7568199,-118.2203333,Commodore,sce,SUBSTATION,33.75681507,-118.22032117,0.001243369125367529,True
396,66,Substation,' ',34.00414636,-118.2065258,Ybarra,sce_assumed,SUBSTATION,34.00414151,-118.20651359,0.0012480534412609213,True
397,66,Substation,' ',33.86341862,-118.1653359,Corners,sce,SUBSTATION,33.86341378,-118.16532373,0.001245921053507724,True
398,66,Substation,' ',33.88369974,-118.1203648,Cornuta,sce,SUBSTATION,33.8836949,-118.1203526,0.0012481783683068678,True
399,66,Substation,' ',34.09258019,-117.8795847,Cortez - (SCE),sce,SUBSTATION,34.09257531,-117.87957253,0.0012451255366052448,True
400,66,Substation,' ',33.92406834,-118.3187593,Cosmic,sce,SUBSTATION,33.92406351,-118.31874712,0.0012455528913725526,True
401,66,Substation,' ',34.10697209,-118.7149439,Crater,sce,SUBSTATION,34.10696725,-118.7149316,0.0012538214472862087,True
402,66,Substation,' ',33.76694457,-118.3731939,Crest,sce,SUBSTATION,33.76693976,-118.37318172,0.001246463731853007,True
403,66,Substation,' ',34.05755342,-117.9891722,Cryco,sce,SUBSTATION,34.05754855,-117.98916008,0.0012409126884229539,True
404,66,Substation,' ',33.96384263,-118.1942652,Cudahy,sce,SUBSTATION,33.96383778,-118.19425299,0.0012485348843102207,True
405,66,Substation,' ',34.01457592,-118.40261,Culver,sce,SUBSTATION,34.01457108,-118.4025978,0.0012466172163662272,True
406,66,Substation,' ',34.11389987,-117.9336277,Dalton,sce,SUBSTATION,34.11389499,-117.93361557,0.001241558284347987,True
407,66,Substation,' ',34.71797092,-118.2889766,Del Sur,sce,SUBSTATION,34.717966,-118.28896431,0.0012494268260704233,True
408,66,Substation,' ',34.00294768,-117.8112369,Diamond Bar,sce,SUBSTATION,34.00294281,-117.81122482,0.0012382424624128505,True
409,66,Substation,' ',33.76219353,-118.2229677,Dike,sce,SUBSTATION,33.7621887,-118.22295549,0.001249979597837555,True
410,66,Substation,' ',33.87232911,-118.3779075,Ditmar,sce,SUBSTATION,33.87232428,-118.37789533,0.0012453353270391145,True
411,66,Substation,' ',33.86247615,-118.2230313,Domhill,sce,SUBSTATION,33.86247132,-118.22301915,0.001243786437103623,True
412,66,Substation,' ',33.92228339,-118.3826717,Douglas - (SCE),sce,SUBSTATION,33.92227856,-118.3826595,0.0012472394103642448,True
413,66,Substation,' ',33.89897697,-118.1442684,Dougoil,sce,SUBSTATION,33.89897212,-118.14425619,0.0012493087618729412,True
414,66,Substation,' ',34.16225829,-118.0857225,Eaton,sce,SUBSTATION,34.16225341,-118.08571032,0.0012451226494941345,True
415,66,Substation,' ',34.49113968,-118.6163972,Elizabeth Lake,sce,SUBSTATION,34.4911348,-118.61638492,0.0012494274445330599,True
416,66,Substation,' ',33.87990599,-118.090471,Eric,sce,SUBSTATION,33.87990115,-118.09045884,0.0012448928278166846,True
417,66,Substation,' ',33.91580073,-118.3620587,Felton - SCE,sce,SUBSTATION,33.91579589,-118.36204648,0.0012494611927238034,True
418,66,Substation,' ',33.92829702,-118.215484,Fernwood,sce,SUBSTATION,33.92829217,-118.21547185,0.001243968313647155,True
419,66,Substation,' ',33.82143255,-118.2332985,Polypro,sce,SUBSTATION,33.82142772,-118.23328633,0.0012459394388027196,True
420,66,Substation,' ',34.51456388,-118.6082972,MWD Foothill,sce,SUBSTATION,34.514559,-118.60828494,0.0012474923447360058,True
421,66,Substation,' ',33.9959959,-118.226704,Fruitland - (SCE),sce,SUBSTATION,33.99599105,-118.22669179,0.001248150836445636,True
422,66,Substation,' ',33.89928827,-118.3828843,Galaxy,sce,SUBSTATION,33.89928344,-118.38287213,0.0012450150440323506,True
423,66,Substation,' ',33.96155128,-118.1113506,Gallatin,sce,SUBSTATION,33.96154642,-118.11133841,0.0012473802324836352,True
424,66,Substation,' ',34.0582889,-117.7552801,Pomona,sce,SUBSTATION,34.05828402,-117.75526798,0.0012413896188870524,True
425,66,Substation,' ',34.05753246,-117.7756362,Ganesha,sce,SUBSTATION,34.05752758,-117.77562408,0.0012413985812362277,True
426,66,Substation,' ',34.12496383,-118.1498524,Garfield - (SCE),sce,SUBSTATION,34.12495896,-118.14984024,0.0012434265031493193,True
427,66,Substation,' ',33.8073843,-118.2331894,Gatx,sce,SUBSTATION,33.80737947,-118.23317722,0.0012469398295921043,True
428,66,Substation,' ',34.79054444,-118.8271055,Gorman,sce,SUBSTATION,34.79053954,-118.82709319,0.0012492101418202558,True
429,66,Substation,' ',34.08150219,-118.0418247,Ductile,sce,SUBSTATION,34.08149732,-118.0418125,0.001247261703305576,True
430,66,Substation,' ',33.8810914,-118.0474627,Greening,sce,SUBSTATION,33.88108655,-118.04745057,0.0012428641954602103,True
431,66,Substation,' ',33.79104783,-118.1421862,Hathaway,sce,SUBSTATION,33.791043,-118.14217409,0.0012412986262390164,True
432,66,Substation,' ',34.61192881,-118.1138639,Helijet,sce,SUBSTATION,34.61192389,-118.11385172,0.0012416755400611993,True
433,66,Substation,' ',34.02427906,-118.0250218,Hillgen - SCE North,sce,SUBSTATION ASSUMED,34.02427419,-118.02500963,0.0012454548583624469,True
434,66,Substation,' ',33.92261915,-118.3071692,Howard - (SCE),sce,SUBSTATION,33.92261431,-118.30715705,0.0012435540195015432,True
435,66,Substation,' ',33.91171863,-118.3918007,Hughesair,sce,SUBSTATION,33.9117138,-118.39178854,0.0012440348559918139,True
436,66,Substation,' ',33.81046975,-118.3404907,Hughtron,sce,SUBSTATION,33.81046493,-118.34047851,0.0012472588521818824,True
437,66,Substation,' ',33.911845,-118.148285,Imperial,sce,SUBSTATION,33.91184015,-118.14827283,0.0012458268632252129,True
438,66,Substation,' ',34.03341675,-117.9677135,Unknown - 618,sce,RISER,34.03341188,-117.96770139,0.0012403695860986898,True
439,66,Substation,' ',33.96564841,-118.3581035,Inglewood,sce,SUBSTATION,33.96564356,-118.35809129,0.00124851332344995,True
440,66,Substation,' ',33.80134174,-118.1594037,Injection,sce,SUBSTATION,33.80133691,-118.1593915,0.0012486796193907081,True
441,66,Substation,' ',33.8795048,-118.2481891,Jersey,sce,SUBSTATION,33.87949997,-118.24817693,0.0012452500992945563,True
442,66,Substation,' ',34.21350946,-118.1679679,Jet,sce,SUBSTATION,34.21350458,-118.16795567,0.0012486491707668931,True
443,66,Substation,' ',34.03710332,-118.0255447,Jose,sce,SUBSTATION,34.03709845,-118.02553252,0.0012461320408445617,True
444,230,Substation,' ',34.01497467,-118.2035779,Kinetic - (SCE),sce,SUBSTATION ASSUMED,34.01496981,-118.20356575,0.0012434221220614557,True
445,66,Substation,' ',34.20527032,-118.2104934,La Canada,sce,SUBSTATION,34.20526544,-118.21048123,0.0012437809896053734,True
446,66,Substation,' ',33.88863032,-118.0144049,La Mirada,sce,SUBSTATION,33.88862547,-118.01439277,0.0012427750499483076,True
447,66,Substation,' ',33.83024406,-118.124653,Lakewood - (SCE),sce,SUBSTATION,33.83023922,-118.12464081,0.0012479811718435826,True
448,66,Substation,' ',34.70049983,-118.1456041,Lancaster,sce,SUBSTATION,34.7004949,-118.14559192,0.001241097634650284,True
449,66,Substation,' ',34.6906835,-118.2284922,Lanpri,sce_assumed,SUBSTATION,34.69067858,-118.22847994,0.0012472944606580132,True
450,66,Substation,' ',34.08708686,-117.9264289,Lark Ellen,sce,SUBSTATION,34.08708199,-117.92641678,0.0012405625324116115,True
451,66,Substation,' ',34.04483575,-118.7761002,Latigo,sce,SUBSTATION,34.04483092,-118.77608789,0.0012549281550350835,True
452,66,Substation,' ',34.0899808,-117.7697035,Layfair,sce,SUBSTATION,34.08997591,-117.76969139,0.0012406728180612183,True
453,66,Substation,' ',33.94225454,-118.3473626,Lennox,sce,SUBSTATION,33.9422497,-118.34735042,0.0012458163286024344,True
454,66,Substation,' ',33.9976075,-118.217888,Owill - (Other),sce_assumed,SUBSTATION,33.99760265,-118.21787579,0.0012481315797599605,True
455,66,Substation,' ',34.11185469,-117.9318568,Liquid,sce,SUBSTATION,34.11184981,-117.93184466,0.0012424106907199224,True
456,66,Substation,' ',34.61620142,-117.9689511,Little Rock,sce,SUBSTATION,34.61619648,-117.96893893,0.001241784752431064,True
457,66,Substation,' ',34.12116598,-117.731895,Live Oak - (SCE),sce,SUBSTATION,34.12116109,-117.73188289,0.0012403034385952256,True
458,66,Substation,' ',33.93180519,-118.4044994,Losulfur,sce,SUBSTATION,33.93180036,-118.40448723,0.0012446284571944106,True
459,66,Substation,' ',33.84235695,-118.1205988,Lucas,sce,SUBSTATION,33.84235211,-118.12058663,0.0012461709799216141,True
460,66,Substation,' ',34.17219306,-118.347163,Macneil,sce,SUBSTATION,34.17218819,-118.34715077,0.0012486629072753033,True
461,66,Substation,' ',34.1475568,-118.7614645,Malibu,sce,SUBSTATION,34.14755196,-118.76145218,0.001254992977548126,True
462,66,Substation,' ',34.00698276,-118.4656902,Marine,sce,SUBSTATION,34.00697792,-118.46567801,0.0012458765247779034,True
463,66,Substation,' ',33.747174,-118.38898,Marymount,sce,SUBSTATION,33.74716918,-118.38896779,0.0012496808778622863,True
464,66,Substation,' ',33.96958134,-118.1013564,Rivera,sce,SUBSTATION,33.96957649,-118.10134427,0.0012418168262023832,True
465,66,Substation,' ',34.04972528,-117.9072064,Merced - (SCE),sce,SUBSTATION,34.04972041,-117.90719427,0.0012418344964082826,True
466,66,Substation,' ',33.85348082,-118.3356067,Mobgen,sce,SUBSTATION ASSUMED,33.85347599,-118.3355945,0.0012480592436390808,True
467,66,Substation,' ',33.85707385,-118.3329564,Mobil Oil,sce,SUBSTATION,33.85706902,-118.33294417,0.0012505175849378933,True
468,66,Substation,' ',33.95442599,-118.043106,Murphy - (SCE),sce,SUBSTATION,33.95442114,-118.04309384,0.00124448950457222,True
469,66,Substation,' ',34.00500608,-118.0668355,Narrows - (SCE),sce,SUBSTATION,34.00500122,-118.06682336,0.0012427103963311501,True
470,66,Substation,' ',33.76395201,-118.219192,Navy-1,sce,SUBSTATION,33.76394719,-118.2191798,0.00124864633821504,True
471,66,Substation,' ',34.77510559,-118.5014361,Neenach,sce,SUBSTATION,34.77510067,-118.50142385,0.0012454454964526344,True
472,66,Substation,' ',33.82735334,-118.2684007,Neptune,sce,SUBSTATION,33.8273485,-118.26838854,0.001245515846898391,True
473,66,Substation,' ',34.04557089,-118.1291485,Newmark,sce,SUBSTATION,34.04556603,-118.12913637,0.001241399313302446,True
474,66,Substation,' ',34.37921299,-118.55917,Newhall - (SCE),sce,SUBSTATION,34.37920812,-118.55915775,0.0012478233583223131,True
475,66,Substation,' ',34.00676088,-117.8552914,Nogales,sce,SUBSTATION,34.006756,-117.85527924,0.0012453173611013245,True
476,66,Substation,' ',33.85951472,-118.2763265,Nola,sce,SUBSTATION,33.85950989,-118.27631434,0.0012446544489779488,True
477,66,Substation,' ',34.41563081,-118.4527486,North Oaks,sce,SUBSTATION,34.41562593,-118.45273631,0.0012511710426564861,True
478,66,Substation,' ',34.64671235,-118.094864,Oasis - (SCE),sce,SUBSTATION,34.64670742,-118.09485176,0.0012466737795959115,True
479,66,Substation,' ',33.94627279,-117.9223101,Olinda - (SCE),sce,SUBSTATION,33.94626792,-117.92229797,0.0012430601150292776,True
480,66,Substation,' ',34.80844445,-118.7192917,Oso,sce,SUBSTATION,34.80843954,-118.71927933,0.0012544055579885225,True
481,66,Substation,' ',34.05002232,-118.231275,Owill - (SCE),sce,SUBSTATION ASSUMED,34.05001746,-118.23126281,0.0012463253330878893,True
482,66,Substation,' ',34.03454683,-117.9767578,Package,sce,SUBSTATION,34.03454196,-117.97674566,0.0012428438459353918,True
483,66,Substation,' ',33.8460286,-118.2338731,Pacline,sce,SUBSTATION,33.84602377,-118.23386091,0.0012473143760768377,True
484,66,Substation,' ',34.5660542,-118.0591861,Palmdale,sce,SUBSTATION,34.56604928,-118.05917393,0.001241406168814042,True
485,66,Substation,' ',33.79329009,-118.349233,Palogen,sce,SUBSTATION,33.79328527,-118.34922086,0.0012432923589906781,True
486,66,Substation,' ',33.96420598,-118.082148,Passons,sce,SUBSTATION,33.96420113,-118.08213585,0.0012435422512852205,True
487,230,Substation,' ',34.50906959,-117.9196821,Pearblossom,sce,SUBSTATION,34.50906467,-117.91966996,0.0012396239000584163,True
488,66,Substation,' ',33.76508981,-118.2066567,Pico - (SCE),sce,SUBSTATION,33.76508498,-118.20664459,0.0012416044274207556,True
489,66,Substation,' ',33.91557578,-118.0811489,Pioneer - (SCE),sce,SUBSTATION,33.91557093,-118.08113677,0.0012424562996936719,True
490,66,Substation,' ',34.46359424,-118.5941936,Pitchgen,sce,SUBSTATION,34.46358936,-118.59418136,0.0012464597583935332,True
491,66,Substation,' ',34.69065568,-117.9693728,Piute,sce,SUBSTATION,34.69065073,-117.96936056,0.0012471204379077077,True
492,66,Substation,' ',33.92870414,-118.3897191,Polaris,sce,SUBSTATION,33.9286993,-118.38970688,0.0012493070740861136,True
493,66,Substation,' ',33.76483111,-118.2078277,Tidelands,sce,SUBSTATION,33.76482628,-118.20781555,0.0012449422461061584,True
494,66,Substation,' ',33.93499107,-118.0677468,Powerine,sce,SUBSTATION,33.93498621,-118.06773466,0.0012435404601669345,True
495,66,Substation,' ',33.95856507,-118.0656099,Procal,sce,SUBSTATION,33.95856022,-118.06559775,0.00124360920696252,True
496,66,Substation,' ',34.00901094,-117.9304235,Puente,sce,SUBSTATION,34.00900607,-117.93041139,0.0012406583170006345,True
497,66,Substation,' ',33.99797748,-118.2060903,Leonis,sce_assumed,SUBSTATION,33.99797263,-118.20607807,0.0012497901598732216,True
498,66,Substation,' ',34.6595412,-118.2282903,Quartz Hill - (SCE),sce,SUBSTATION,34.65953628,-118.22827808,0.0012443862915930606,True
499,66,Substation,' ',33.99710378,-117.887703,Railroad,sce,SUBSTATION,33.99709891,-117.8876909,0.0012399697379442257,True
500,66,Substation,' ',34.06991918,-118.1300281,Ramona - SCE,sce,SUBSTATION,34.06991432,-118.13001595,0.0012427689709389401,True
501,66,Substation,' ',33.98271475,-118.205316,Randolph - SCE,sce,SUBSTATION,33.9827099,-118.20530381,0.001246646659814643,True
502,66,Substation,' ',34.12177523,-118.0810745,Ravendale,sce,SUBSTATION,34.12177036,-118.08106229,0.0012476093565993657,True
503,66,Substation,' ',34.76318367,-117.969417,Redman,sce,SUBSTATION,34.76317873,-117.96940477,0.001244929297013379,True
504,66,Substation,' ',33.83959608,-118.2442872,Refinery,sce,SUBSTATION,33.83959125,-118.244275,0.001248224524985068,True
505,66,Substation,' ',33.99456583,-118.1527794,Refuse,sce,SUBSTATION,33.99456097,-118.15276725,0.0012436645160087945,True
506,66,Substation,' ',34.03444747,-118.0241902,Reno,sce,SUBSTATION,34.03444261,-118.02417808,0.001240701741537545,True
507,66,Substation,' ',34.04794252,-118.1621853,Repetto,sce,SUBSTATION,34.04793766,-118.16217314,0.0012438600864893377,True
508,66,Substation,' ',33.90338589,-118.3794564,Repro,sce,SUBSTATION,33.90338106,-118.37944417,0.0012499642392047466,True
509,66,Substation,' ',33.86303482,-118.1619319,Revital,sce,SUBSTATION,33.86302998,-118.16191974,0.0012450929252772688,True
510,66,Substation,' ',34.61032551,-118.0732689,Rockair,sce,SUBSTATION,34.61032058,-118.07325666,0.0012471149348610676,True
511,66,Substation,' ',33.8083703,-118.3550087,Rolling Hills,sce,SUBSTATION,33.80836548,-118.3549965,0.001248118146983572,True
512,66,Substation,' ',34.09221847,-118.0826588,Rosemead,sce,SUBSTATION,34.0922136,-118.08264665,0.0012429876746832577,True
513,66,Substation,' ',34.05121845,-118.0813473,Rush,sce,SUBSTATION,34.05121358,-118.08133509,0.0012484535776374657,True
514,66,Substation,' ',34.11718102,-117.807819,San Dimas,sce,SUBSTATION,34.11717613,-117.80780687,0.0012420057243021153,True
515,66,Substation,' ',34.09869881,-118.1001833,San Gabriel,sce,SUBSTATION,34.09869394,-118.10017112,0.0012453975191461552,True
516,66,Substation,' ',33.80703817,-118.298972,Sanitreat,sce,SUBSTATION,33.80703334,-118.29895985,0.0012444429784861787,True
517,66,Substation,' ',33.948067,-118.058548,Santa Fe Springs,sce,SUBSTATION,33.94806215,-118.05853586,0.0012429026640289349,True
518,66,Substation,' ',34.01725703,-118.4881591,Santa Monica,sce,SUBSTATION,34.01725219,-118.48814686,0.001249911564562673,True
519,66,Substation,' ',34.04746172,-118.4521968,Sawtelle,sce,SUBSTATION,34.04745687,-118.4521846,0.0012467047751788284,True
520,66,Substation,' ',33.77253096,-118.203535,Seabright,sce,SUBSTATION,33.77252613,-118.20352287,0.0012431837381176398,True
521,66,Substation,' ',33.91903805,-118.3966925,Sepulveda,sce,SUBSTATION,33.91903321,-118.3966803,0.001247757314345389,True
522,66,Substation,' ',33.80757585,-118.2439987,Shellwatt,sce,SUBSTATION,33.80757102,-118.24398655,0.0012444366171364483,True
523,66,Substation,' ',34.64275724,-118.165005,Shuttle,sce,SUBSTATION,34.64275231,-118.16499281,0.0012426152113921415,True
524,66,Substation,' ',33.81143827,-118.1682108,Signal Hill,sce,SUBSTATION,33.81143343,-118.16819865,0.0012448712172006041,True
525,66,Substation,' ',34.05950958,-117.7738664,Simpson,sce,SUBSTATION,34.0595047,-117.77385425,0.001243861338955519,True
526,66,Substation,' ',34.45187222,-118.4225889,Solemint,sce,SUBSTATION,34.45186733,-118.42257664,0.0012487366091121872,True
527,66,Substation,' ',33.87420269,-118.1429767,Somerset,sce,SUBSTATION,33.87419785,-118.14296457,0.001242463583030845,True
528,66,Substation,' ',34.02223836,-117.8370753,Sopipe,sce,SUBSTATION,34.02223349,-117.83706322,0.0012380149656313815,True
529,66,Substation,' ',34.12748897,-117.7954723,San Dimas Power,sce,SUBSTATION,34.12748407,-117.79546015,0.0012440252989977102,True
530,66,Substation,' ',33.89140933,-118.3750106,Space,sce,SUBSTATION,33.8914045,-118.37499839,0.0012484406472197049,True
531,66,Substation,' ',33.98084795,-118.111255,Sponge,sce,SUBSTATION,33.9808431,-118.11124284,0.0012441755402255222,True
532,66,Substation,' ',33.79018782,-118.1987019,State Street,sce,SUBSTATION,33.79018299,-118.19868972,0.0012471439053185242,True
533,66,Substation,' ',33.94007948,-118.1405091,Stewart,sce,SUBSTATION,33.94007463,-118.14049699,0.0012405044743690817,True
534,66,Substation,' ',33.84618126,-118.1771048,Oldfield,sce,SUBSTATION,33.84617643,-118.17709264,0.0012448125791123302,True
535,66,Substation,' ',34.14300113,-118.359135,Universal Studios A,sce,SUBSTATION,34.14299628,-118.35912282,0.0012439027706786653,True
536,66,Substation,' ',33.85318463,-118.1670673,Sunnyside - (SCE),sce,SUBSTATION,33.85317979,-118.16705517,0.001242712085531473,True
537,66,Substation,' ',34.03956,-118.697951,Rindge,sce,SUBSTATION,34.03955517,-118.69793875,0.0012499974772772159,True
538,66,Substation,' ',33.93233405,-117.9920328,Telegraph,sce,SUBSTATION,33.93232919,-117.99202066,0.0012435719373874673,True
539,66,Substation,' ',34.38417581,-118.4955308,Tengen,sce,SUBSTATION,34.38417094,-118.4955185,0.0012518985813187273,True
540,66,Substation,' ',33.91601025,-118.4096022,Thermal - (SCE),sce,SUBSTATION,33.91600542,-118.40958997,0.0012498132921742267,True
541,66,Substation,' ',33.82781208,-118.3765776,Topaz - SCE,sce,SUBSTATION,33.82780726,-118.37656545,0.0012437174778557366,True
542,66,Substation,' ',33.82984666,-118.344309,Torrance,sce,SUBSTATION,33.82984183,-118.34429679,0.001249174447653889,True
543,66,Substation,' ',34.64068536,-118.0658871,Tortoise,sce,SUBSTATION,34.64068043,-118.06587488,0.0012451038214164826,True
544,66,Substation,' ',33.87280461,-118.1603338,Toyota,sce,SUBSTATION,33.87279977,-118.16032168,0.001241648059711022,True
545,66,Substation,' ',33.92131535,-118.3855839,Trisonic,sce,SUBSTATION,33.92131052,-118.3855717,0.0012472509569769318,True
546,66,Substation,' ',34.041376,-117.8181737,Trophy,sce,SUBSTATION,34.04137112,-117.81816156,0.0012432477076879127,True
547,66,Substation,' ',33.8591492,-118.185589,Linden - (SCE),sce,SUBSTATION,33.85914436,-118.18557682,0.0012468045830536561,True
548,66,Substation,' ',34.14297885,-118.3573966,Universal Studios (Studio Master),sce,SUBSTATION,34.14297399,-118.35738435,0.0012501915277910018,True
549,66,Substation,' ',34.00677528,-118.1278159,Vail,sce,SUBSTATION,34.00677042,-118.12780378,0.0012410295595848535,True
550,66,Substation,' ',34.14776836,-118.6317992,Valdez,sce,SUBSTATION,34.14776352,-118.63178694,0.001250004677753527,True
551,66,Substation,' ',33.99033882,-118.4209425,Venice,sce,SUBSTATION,33.99033398,-118.42093029,0.0012477384095644314,True
552,66,Substation,' ',33.9984558,-118.2201768,Vernon - 90058,sce_assumed,SUBSTATION,33.99845095,-118.22016458,0.0012489528757584363,True
553,66,Substation,' ',33.85885406,-118.3742046,Victoria,sce,SUBSTATION,33.85884923,-118.37419245,0.001243829361449596,True
554,66,Substation,' ',33.81251186,-118.2320643,Air Products - (SCE),sce,SUBSTATION,33.81250703,-118.23205217,0.0012427116532346925,True
555,66,Substation,' ',34.0451314,-118.1864239,Wabash - (SCE),sce,SUBSTATION,34.04512655,-118.18641176,0.001241750740503484,True
556,66,Substation,' ',33.79195901,-118.323487,Walteria,sce,SUBSTATION,33.79195419,-118.32347481,0.0012474788354863587,True
557,230,Substation,' ',34.68507479,-118.7885538,Warne,sce,SUBSTATION,34.6850699,-118.78854143,0.0012549603609505276,True
558,66,Substation,' ',33.80809399,-118.2617246,Watson,sce,SUBSTATION,33.80808916,-118.26171248,0.0012419307118087368,True
559,66,Substation,' ',33.81138697,-118.175932,Westex,sce,SUBSTATION,33.81138214,-118.1759198,0.0012485601565934061,True
560,66,Substation,' ',33.90929415,-118.4203523,Westhill,sce,SUBSTATION,33.90928932,-118.42034007,0.001249893601920315,True
561,66,Substation,' ',33.93890622,-118.0610011,Nietos,sce,SUBSTATION,33.93890137,-118.06098896,0.001243011245514048,True
562,66,Substation,' ',34.5793131,-117.7197077,Wilsona,sce,SUBSTATION,34.57930816,-117.71969554,0.0012414073671476158,True
563,66,Substation,' ',33.91887059,-118.3345922,Yukon,sce,SUBSTATION,33.91886575,-118.33457997,0.0012502573323576066,True
564,66,Substation,' ',36.92801165,-120.1032155,Glass,pge_assumed,SUBSTATION,36.92800662,-120.10320276,0.0012630279448695365,True
565,66,Substation,' ',36.92391824,-120.2015797,Bonita,pge,SUBSTATION,36.92391321,-120.20156688,0.0012694625801717891,True
566,66,Substation,' ',36.92214301,-119.984616,Borden,pge,SUBSTATION,36.92213797,-119.98460325,0.0012643956719178158,True
567,115,Substation,' ',36.86081121,-120.3387028,Sjve Madera,pge_assumed,SUBSTATION,36.8608062,-120.33868996,0.001270930234003149,True
568,66,Substation,' ',36.92353502,-119.812659,Cassidy,pge,SUBSTATION,36.92352996,-119.81264627,0.0012637722212799141,True
569,115,Substation,' ',37.22747611,-119.6907452,Coarsegold,pge,SUBSTATION,37.22747102,-119.69073249,0.001259631606794528,True
570,115,Substation,' ',37.05491545,-120.3167429,Dairyland,pge,SUBSTATION,37.05491042,-120.31673009,0.0012669062025989948,True
571,66,Substation,' ',36.88073634,-120.1644258,El Peco,pge,SUBSTATION,36.88073131,-120.16441305,0.001264454922389909,True
572,230,Substation,' ',36.85280964,-119.9170804,Gregg,pge,SUBSTATION,36.8528046,-119.91706767,0.001263723646013745,True
573,66,Substation,' ',36.92350064,-120.055387,Madera,pge,SUBSTATION,36.92349561,-120.05537424,0.0012646823297155568,True
574,115,Substation,' ',36.86696374,-120.3280422,Newhall - (PG&E),pge,SUBSTATION,36.86695873,-120.32802942,0.00126605232870856,True
575,115,Substation,' ',37.32195436,-119.6343316,Oakhurst,pge,SUBSTATION,37.32194926,-119.63431883,0.0012636104161825859,True
576,115,Substation,' ',37.09782628,-120.1571839,Sharon - PG&E,pge,SUBSTATION,37.09782123,-120.15717109,0.0012673129776248884,True
577,66,Substation,' ',36.92207055,-119.9753746,Norby Lumber Co Inc.,pge_assumed,SUBSTATION ASSUMED,36.92206551,-119.97536183,0.0012659906092981168,True
578,115,Substation,' ',38.07814448,-122.52581,Hamilton Wetlands,pge,SUBSTATION,38.07813952,-122.5257967,0.0012881788034960955,True
579,66,Substation,' ',37.94121202,-122.706149,Bolinas,pge,SUBSTATION,37.94120708,-122.70613571,0.0012884036328130511,True
580,66,Substation,' ',37.9378727,-122.5141976,Greenbrae,pge,SUBSTATION,37.93786775,-122.51418436,0.001284962407764712,True
581,115,Substation,' ',38.02243333,-122.5379407,Las Gallinas,pge,SUBSTATION,38.02242837,-122.53792745,0.001285022571567844,True
582,66,Substation,' ',38.1086144,-122.5682432,Novato,pge,SUBSTATION,38.10860944,-122.56822994,0.0012845787192901517,True
583,66,Substation,' ',38.04217885,-122.7864522,Olema,pge,SUBSTATION,38.04217391,-122.78643889,0.0012885379354674127,True
584,115,Substation,' ',37.86356846,-122.4988508,Sausalito,pge,SUBSTATION,37.86356351,-122.49883759,0.0012836426360841636,True
585,66,Substation,' ',38.11991639,-122.6140151,Stafford,pge,SUBSTATION,38.11991143,-122.6140018,0.0012875776220847806,True
586,66,Substation,' ',38.05486443,-122.7598631,Tocaloma,pge,SUBSTATION,38.05485949,-122.7598498,0.00128756330315952,True
587,66,Substation,' ',38.01206226,-122.6536699,Woodacre,pge,SUBSTATION,38.01205731,-122.65365666,0.0012839025834737693,True
588,66,Substation,' ',37.5864556,-120.1255417,Bear Valley,pge,SUBSTATION,37.58645051,-120.12552889,0.0012626989845790728,True
589,66,Substation,' ',37.66479448,-119.8412278,Indian Flat,pge,SUBSTATION,37.66478936,-119.84121503,0.0012599942947506715,True
590,66,Substation,' ',39.31141158,-123.7865408,Big River,pge,SUBSTATION,39.31140662,-123.7865272,0.0012935217723290065,True
591,66,Substation,' ',39.78611628,-123.248547,Covelo,pge,SUBSTATION,39.78611124,-123.24853337,0.0012924585633019507,True
592,66,Substation,' ',39.12926005,-123.711735,Elk,pge,SUBSTATION,39.1292551,-123.71172138,0.0012973614138278946,True
593,66,Substation,' ',39.4348293,-123.799384,Fort Bragg,pge,SUBSTATION,39.43482433,-123.7993704,0.001292128081750898,True
594,66,Substation,' ',38.78617978,-123.5220977,Gualala,pge,SUBSTATION,38.78617484,-123.52208416,0.0012957739048417118,True
595,66,Substation,' ',38.97279314,-123.0811218,Hopland,pge,SUBSTATION,38.97278815,-123.08110832,0.0012906735622799966,True
596,66,Substation,' ',39.68458651,-123.477223,Laytonville,pge,SUBSTATION,39.6845815,-123.47720937,0.001292564548762807,True
597,66,Substation,' ',39.17375327,-123.2056911,Masonite,pge_assumed,SUBSTATION ASSUMED,39.17374828,-123.20567759,0.001290016595335179,True
598,66,Substation,' ',39.06398274,-123.4379281,Philo,pge,SUBSTATION,39.06397777,-123.43791462,0.0012883621928276433,True
599,66,Substation,' ',38.9122899,-123.679924,Point Arena,pge,SUBSTATION,38.91228497,-123.67991049,0.0012910693527402475,True
600,115,Substation,' ',39.14314957,-123.1918149,Ukiah - (PG&E),pge,SUBSTATION,39.14314457,-123.19180142,0.0012886180516574542,True
601,66,Substation,' ',36.94045747,-120.9221407,Arburua,pge_assumed,SUBSTATION,36.94045249,-120.92212781,0.0012723986861546664,True
602,115,Substation,' ',37.37941115,-120.8095195,Gallo,pge,SUBSTATION,37.37940613,-120.80950654,0.0012739382127638396,True
603,230,Substation,' ',36.99874307,-120.9076579,GE3,pge_assumed,SUBSTATION,36.99873809,-120.90764502,0.0012708099005860026,True
604,66,Substation,' ',36.93681162,-120.8194868,Mercy Springs - (PGE Fresno),pge,SUBSTATION,36.93680663,-120.81947392,0.0012721324905450365,True
605,115,Substation,' ',37.36010094,-120.6146848,Atwater,pge,SUBSTATION,37.3600959,-120.61467187,0.001272797872915562,True
606,66,Substation,' ',37.06633333,-120.8355639,Canal,pge,SUBSTATION,37.06632834,-120.83555106,0.0012671876909845059,True
607,66,Substation,' ',37.18636395,-120.4901943,Sjve El Nido,pge_assumed,SUBSTATION,37.18635892,-120.49018146,0.0012675212551888785,True
608,115,Substation,' ',37.42846952,-120.6385277,Cressey,pge,SUBSTATION,37.42846447,-120.63851484,0.001266809238253255,True
609,115,Substation,' ',37.04729946,-121.1950278,International Turbine Research,pge,SUBSTATION,37.04729449,-121.19501489,0.0012720653102767968,True
610,230,Substation,' ',36.92521123,-120.8297334,Dos Amigos,pge,SUBSTATION,36.92520625,-120.8297205,0.001273405430709767,True
611,66,Substation,' ',36.97476896,-120.635217,Dos Palos,pge,SUBSTATION,36.97476396,-120.63520411,0.001272903861750485,True
612,66,Substation,' ',37.25323614,-121.0130417,Gustine,pge,SUBSTATION,37.25323114,-121.01302875,0.00127389986791518,True
613,115,Substation,' ',37.18497687,-120.2739551,Le Grand,pge,SUBSTATION,37.18497183,-120.27394225,0.0012688257692064985,True
614,66,Substation,' ',37.36342702,-120.760391,Livingston,pge,SUBSTATION,37.36342199,-120.76037808,0.0012714694329359613,True
615,66,Substation,' ',37.52319174,-120.3303445,Merced Falls,pge,SUBSTATION,37.52318667,-120.33033166,0.0012649292600573562,True
616,66,Substation,' ',36.98352226,-120.8194891,Ortiga,pge,SUBSTATION,36.98351727,-120.81947625,0.0012691037309734991,True
617,66,Substation,' ',37.08584186,-121.0132255,Santa Nella,pge,SUBSTATION,37.08583687,-121.01321255,0.0012757032370615633,True
618,66,Substation,' ',37.0546472,-120.6339944,Santa Rita,pge,SUBSTATION,37.05464219,-120.63398158,0.0012667265037915431,True
619,115,Substation,' ',37.29339509,-120.4071739,Wilson,pge,SUBSTATION,37.29339004,-120.40716103,0.0012694366166235611,True
620,66,Substation,' ',41.70474169,-121.2765623,Clear Lake - (PCORP),pacificorp,SUBSTATION,41.70473634,-121.27654875,0.0012724899749483615,True
621,66,Substation,' ',41.20075251,-120.9421348,Adin,nve_assumed,SUBSTATION,41.20074717,-120.94212138,0.0012701114307210955,True
622,66,Substation,' ',41.53151534,-120.1820013,Cedarville,nve_assumed,SUBSTATION,41.53150991,-120.1819879,0.0012683452183078166,True
623,115,Substation,' ',41.73313546,-120.3669055,Davis Creek,nve_assumed,SUBSTATION,41.73313004,-120.36689208,0.0012662120401521282,True
624,66,Substation,' ',41.2076197,-121.1380763,Lookout,pge_assumed,SUBSTATION,41.20761438,-121.13806279,0.0012756346859812524,True
625,66,Substation,' ',41.44490566,-120.8809624,Canby 2,nve_assumed,SUBSTATION,41.4449003,-120.88094897,0.001268181212690219,True
626,66,Substation,' ',41.88812878,-121.378287,Newell,pacificorp,SUBSTATION,41.88812343,-121.37827334,0.001277701051961112,True
627,66,Substation,' ',41.63312677,-121.2264898,Perez - (PCORP),pacificorp,SUBSTATION,41.63312142,-121.22647622,0.0012758019778741784,True
628,115,Substation,' ',37.64909166,-118.916775,Casa Diablo,sce,SUBSTATION,37.64908647,-118.91676236,0.0012535705895477484,True
629,115,Substation,' ',37.9521,-119.1164556,Lee Vining,sce,SUBSTATION,37.9520948,-119.11644284,0.0012593797426977496,True
630,115,Substation,' ',37.56001389,-118.6747361,Sherwin,sce,SUBSTATION,37.5600087,-118.67472352,0.0012500606226501267,True
631,66,Substation,' ',35.95856112,-120.8635778,Texaco,pge,SUBSTATION,35.95855623,-120.86356501,0.0012731298764175284,True
632,66,Substation,' ',36.2283404,-121.1297858,Basic Vegetable,pge_assumed,SUBSTATION,36.2283355,-121.12977297,0.0012732825261817908,True
633,66,Substation,' ',36.65389082,-121.6293384,Buena Vista,pge,SUBSTATION,36.65388592,-121.62932542,0.001279691563760419,True
634,66,Substation,' ',36.46821918,-121.3903611,Camphora,pge,SUBSTATION,36.46821427,-121.39034819,0.0012770245628324858,True
635,66,Substation,' ',36.57244588,-121.5205016,Chualar,pge,TAP,36.57244098,-121.52048864,0.0012791827051756893,True
636,115,Substation,' ',36.64341665,-121.7925252,Fort Ord,pge,SUBSTATION,36.64341176,-121.79251218,0.0012825923801339132,True
637,66,Substation,' ',36.73130338,-121.6133116,Gabilan,pge,SUBSTATION,36.73129846,-121.61329866,0.0012763650356830778,True
638,66,Substation,' ',36.50886507,-121.4468904,Gonzales - (PG&E),pge,SUBSTATION,36.50886016,-121.44687749,0.0012764771390665426,True
639,66,Substation,' ',36.55686072,-121.8979239,Hatton,pge,SUBSTATION,36.55685584,-121.89791093,0.0012792572801752144,True
640,66,Substation,' ',36.66378719,-121.628595,Industrial Acres,pge,SUBSTATION,36.66378228,-121.62858203,0.0012792240771353643,True
641,66,Substation,' ',36.01324171,-121.1679583,Jolon,pge,SUBSTATION,36.01323683,-121.16794549,0.0012735612151105863,True
642,66,Substation,' ',36.74876123,-121.6059886,Lagunitas,pge,SUBSTATION,36.74875631,-121.60597559,0.0012817654769299385,True
643,66,Substation,' ',36.47770203,-121.7272208,Laureles,pge,SUBSTATION,36.47769714,-121.72720786,0.0012783746708449888,True
644,66,Substation,' ',36.36646576,-121.2800808,Los Coches - (PG&E),pge,SUBSTATION,36.36646086,-121.28006792,0.0012754891675114148,True
645,115,Substation,' ',36.61454769,-121.8335449,Manzanita,pge,SUBSTATION,36.6145428,-121.83353189,0.0012821782187697798,True
646,66,Substation,' ',36.59982743,-121.8904837,Monterey,pge,SUBSTATION,36.59982254,-121.89047072,0.0012799540213714565,True
647,66,Substation,' ',36.58953306,-121.8638317,Monterey Naval Lab,pge,SUBSTATION,36.58952818,-121.86381866,0.0012844754389966233,True
648,66,Substation,' ',36.59960041,-121.8768842,Navy School,pge,SUBSTATION,36.59959553,-121.8768712,0.001281102236815319,True
649,66,Substation,' ',36.65238324,-121.6340191,Fresh Express,pge_assumed,SUBSTATION ASSUMED,36.65237833,-121.63400615,0.0012777657381371316,True
650,66,Substation,' ',35.95647497,-120.8511528,Oil Fields,pge,SUBSTATION,35.95647007,-120.85113998,0.0012760738699616081,True
651,66,Substation,' ',36.38008664,-121.8993005,Otter,pge,SUBSTATION,36.38008178,-121.89928749,0.0012839602343494674,True
652,115,Substation,' ',36.7853813,-121.6711331,Prunedale,pge,SUBSTATION,36.78537639,-121.67112012,0.0012783743831705722,True
653,66,Substation,' ',35.9519472,-120.8684416,Salinas River,pge_assumed,SUBSTATION,35.95194231,-120.86842886,0.0012691488873906845,True
654,66,Substation,' ',36.07369445,-120.9368055,San Ardo,pge,SUBSTATION,36.07368955,-120.93679272,0.001271274417203635,True
655,66,Substation,' ',36.6137528,-121.5671333,Spence,pge,SUBSTATION,36.61374789,-121.56712033,0.0012799038112251016,True
656,66,Substation,' ',36.57837138,-121.9084179,Viejo - (PG&E),pge,SUBSTATION,36.57836651,-121.90840485,0.0012849684590756523,True
657,66,Substation,' ',38.26316201,-122.269232,Basalt,pge,SUBSTATION,38.26315702,-122.26921876,0.0012822224182475433,True
658,66,Substation,' ',38.59208804,-122.5786104,Calistoga,pge,SUBSTATION,38.59208304,-122.57859711,0.001281886262813581,True
659,115,Substation,' ',38.16621802,-122.253621,Highway,pge,SUBSTATION,38.16621303,-122.25360777,0.001282823501943316,True
660,115,Substation,' ',38.34521981,-122.2994534,Pueblo,pge,SUBSTATION,38.34521481,-122.29944017,0.0012807406594370157,True
661,66,Substation,' ',39.35227675,-120.0862313,Glenshire,pge_assumed,SUBSTATION,39.3522715,-120.08621826,0.0012640871826248442,True
662,115,Substation,' ',39.23105002,-121.0350261,Brunswick,pge,SUBSTATION,39.23104485,-121.0350129,0.0012740158871817823,True
663,66,Substation,' ',39.33184021,-121.1013503,Columbia Hill,pge,SUBSTATION,39.33183504,-121.10133712,0.0012710228588235838,True
664,66,Substation,' ',39.20900553,-121.3032691,Smartsville,pge,SUBSTATION,39.20900038,-121.30325586,0.0012764119608048238,True
665,66,Substation,' ',33.92250286,-117.8472599,Ammonia,sce,SUBSTATION,33.922498,-117.84724778,0.0012420265714721001,True
666,66,Substation,' ',33.75252377,-118.0371725,Apollo,sce,SUBSTATION,33.75251894,-118.03716036,0.0012442537059361466,True
667,66,Substation,' ',33.8803142,-117.8320335,Atwood,sce,SUBSTATION,33.88030934,-117.83202139,0.0012416937529454032,True
668,66,Substation,' ',33.80891103,-117.9817954,Barre,sce,SUBSTATION,33.80890618,-117.98178331,0.00124038777010655,True
669,66,Substation,' ',33.65698201,-117.907066,Bayside,sce,SUBSTATION,33.65697718,-117.90705392,0.0012403725022285083,True
670,66,Substation,' ',33.73062983,-118.0332781,Bolsa,sce,SUBSTATION,33.730625,-118.03326594,0.001246180850284697,True
671,66,Substation,' ',33.597665,-117.74901,Borrego - (SCE),sce,SUBSTATION,33.59766017,-117.74899793,0.0012402318128995676,True
672,66,Substation,' ',33.92015153,-117.8480316,Brea,sce,SUBSTATION,33.92014667,-117.84801951,0.00123956254980564,True
673,66,Substation,' ',33.73723539,-117.957129,Brookhurst,sce,SUBSTATION,33.73723055,-117.95711688,0.0012432471186789196,True
674,66,Substation,' ',33.73454449,-117.8022639,Bryan,sce,SUBSTATION,33.73453964,-117.80225178,0.0012437605438544296,True
675,66,Substation,' ',33.8196748,-117.8714279,Burris Pit,sce,SUBSTATION,33.81966995,-117.87141581,0.0012402612044951067,True
676,66,Substation,' ',33.6718729,-117.8475913,Cabrillo - (SCE),sce,SUBSTATION,33.67186806,-117.84757924,0.0012390126757922642,True
677,66,Substation,' ',33.71318376,-117.883619,Camden - (SCE),sce,SUBSTATION,33.71317892,-117.88360693,0.0012393626993127656,True
678,66,Substation,' ',33.87145556,-117.7469806,Canyon - (SCE),sce,SUBSTATION,33.8714507,-117.74696846,0.0012442925181530419,True
679,66,Substation,' ',33.91020869,-117.8795575,Carolina,sce,SUBSTATION,33.91020383,-117.87954539,0.001241341006493237,True
680,66,Substation,' ',33.7332416,-117.849825,Chestnut,sce,SUBSTATION,33.73323676,-117.84981292,0.0012399607544535435,True
681,66,Substation,' ',33.66060237,-117.8606297,Chip,sce,SUBSTATION,33.66059753,-117.86061766,0.0012374773216475505,True
682,66,Substation,' ',33.61304202,-117.821927,Coygen - SCE South,sce,SUBSTATION,33.61303719,-117.8219149,0.0012425567065155695,True
683,66,Substation,' ',33.60815162,-117.8651633,Crown,sce,SUBSTATION,33.6081468,-117.86515121,0.0012412984664326352,True
684,66,Substation,' ',33.8096399,-118.072602,Cypress,sce,SUBSTATION,33.80963506,-118.07258988,0.0012423937416834994,True
685,66,Substation,' ',33.85108801,-118.02792,Ely,sce,SUBSTATION,33.85108317,-118.02790788,0.0012419045582482983,True
686,66,Substation,' ',33.68750555,-117.8285556,Estrella - (SCE),sce,SUBSTATION,33.68750071,-117.82854349,0.0012429983223767377,True
687,66,Substation,' ',33.693574,-117.867617,Fairview - (SCE),sce,SUBSTATION,33.69356916,-117.86760489,0.0012429270097954075,True
688,66,Substation,' ',33.86814402,-117.921312,Fullerton,sce,SUBSTATION,33.86813916,-117.92129987,0.0012435000878827848,True
689,66,Substation,' ',33.87756274,-117.9717703,Gilbert,sce,SUBSTATION,33.87755788,-117.97175819,0.0012417262090780765,True
690,66,Substation,' ',33.68734602,-117.912816,Gisler,sce,SUBSTATION,33.68734119,-117.91280388,0.0012433535549072673,True
691,66,Substation,' ',33.65452399,-117.95263,Hamilton,sce,SUBSTATION,33.65451916,-117.95261789,0.0012429048327852361,True
692,66,Substation,' ',33.68303892,-117.7421917,Irvine,sce,SUBSTATION,33.68303408,-117.7421796,0.001242216813698222,True
693,66,Substation,' ',33.67561118,-117.8637801,Johnair,sce,SUBSTATION,33.67560634,-117.86376802,0.0012406362249135592,True
694,66,Substation,' ',33.925175,-117.933787,La Habra,sce,SUBSTATION,33.92517014,-117.93377489,0.0012411643136276665,True
695,66,Substation,' ',33.84628388,-117.9798243,La Palma,sce,SUBSTATION,33.84627904,-117.97981216,0.0012436261410447198,True
696,66,Substation,' ',33.76679901,-117.85212,La Veta,sce,SUBSTATION,33.76679416,-117.85210792,0.0012400501905971918,True
697,66,Substation,' ',33.63536199,-117.935652,Lafayette - (SCE),sce,SUBSTATION,33.63535716,-117.93563989,0.0012431298508359659,True
698,66,Substation,' ',33.92281875,-117.8472364,Lambert - (SCE),sce,SUBSTATION,33.92281389,-117.84722428,0.0012420228352225285,True
699,66,Substation,' ',33.77821908,-117.8991005,Lampson,sce,SUBSTATION,33.77821423,-117.89908842,0.0012399161733568562,True
700,66,Substation,' ',33.6502112,-117.6885669,Limestone - (SCE),sce,SUBSTATION,33.65020636,-117.68855481,0.0012417677447078262,True
701,66,Substation,' ',33.6387063,-117.8660485,Macarthur,sce,SUBSTATION,33.63870147,-117.86603637,0.001244760623480024,True
702,66,Substation,' ',33.81770272,-118.0271859,Marion,sce,SUBSTATION,33.81769788,-118.02717373,0.0012464633819315942,True
703,66,Substation,' ',33.78825004,-117.802686,Modena,sce,SUBSTATION,33.78824519,-117.80267394,0.0012381344288350633,True
704,66,Substation,' ',33.55188499,-117.778884,Morro,sce,SUBSTATION,33.55188017,-117.77887194,0.0012394498608669447,True
705,66,Substation,' ',33.60912633,-117.6975574,Moulton,sce,SUBSTATION,33.60912149,-117.69754534,0.0012397455350993992,True
706,66,Substation,' ',33.92508498,-117.9551271,Coyote Creek,sce_assumed,SUBSTATION,33.92508013,-117.95511493,0.0012456695688338577,True
707,66,Substation,' ',33.91052601,-117.820078,Yorba Linda - (Other),sce_assumed,SUBSTATION,33.91052115,-117.82006591,0.0012396759596874137,True
708,66,Substation,' ',33.5638,-117.714833,Niguel,sce,SUBSTATION,33.56379517,-117.71482095,0.0012389571106477012,True
709,66,Substation,' ',33.75711477,-118.0890789,Norseal,sce,SUBSTATION,33.75710994,-118.0890668,0.0012408648818681691,True
710,66,Substation,' ',33.92081737,-117.9198431,Norweld,sce,SUBSTATION,33.92081251,-117.91983095,0.0012445394454646248,True
711,66,Substation,' ',33.71637428,-117.987525,Oceanview,sce,SUBSTATION,33.71636945,-117.98751292,0.001239676408951251,True
712,66,Substation,' ',33.79049001,-117.861454,Orange,sce,SUBSTATION,33.79048516,-117.86144188,0.0012431015824606268,True
713,66,Substation,' ',33.68963109,-117.9450355,Kiwi,sce,SUBSTATION,33.68962626,-117.94502342,0.0012399899692568694,True
714,66,Substation,' ',33.64399723,-117.9555611,Orcogen,sce,SUBSTATION,33.6439924,-117.95554901,0.0012413590604836244,True
715,66,Substation,' ',33.86093727,-117.8927361,Paper,sce,SUBSTATION,33.86093241,-117.89272401,0.0012402598139253545,True
716,66,Substation,' ',33.91547973,-117.9637095,Parkwood,sce,SUBSTATION,33.91547488,-117.96369739,0.0012407950833119425,True
717,66,Substation,' ',33.87159716,-117.8786331,Placentia,sce,SUBSTATION,33.87159231,-117.87862102,0.001238818988895054,True
718,66,Substation,' ',33.67358241,-118.0212329,Recovery ,sce,SUBSTATION,33.67357758,-118.02122081,0.0012410122062502078,True
719,66,Substation,' ',33.77220888,-118.0120858,Shawnee,sce,SUBSTATION,33.77220404,-118.01207369,0.0012420020041810798,True
720,66,Substation,' ',33.69228199,-118.017185,Slater,sce,SUBSTATION,33.69227716,-118.0171729,0.0012416269251741194,True
721,66,Substation,' ',33.67374598,-118.0215237,Soco,sce,SUBSTATION ASSUMED,33.67374115,-118.02151156,0.0012451830416998289,True
722,66,Substation,' ',33.74480503,-117.9019307,Sullivan - SCE,sce,SUBSTATION,33.74480019,-117.90191856,0.0012448251751216817,True
723,66,Substation,' ',33.8828944,-117.9573769,Sunnyhills,sce,SUBSTATION,33.88288955,-117.95736482,0.0012386860814438628,True
724,66,Substation,' ',33.71452999,-117.920428,Talbert,sce,SUBSTATION,33.71452515,-117.9204159,0.0012418470421616038,True
725,66,Substation,' ',33.74497923,-117.9999129,Team,sce,SUBSTATION,33.74497439,-117.99990082,0.0012398230687120748,True
726,66,Substation,' ',33.76616302,-117.979563,Trask,sce,SUBSTATION,33.76615818,-117.97955087,0.0012437396398095985,True
727,66,Substation,' ',33.76550798,-117.928479,Vera,sce,SUBSTATION,33.76550314,-117.9284669,0.0012412478566180044,True
728,66,Substation,' ',33.75604993,-117.8593889,Washington,sce,SUBSTATION,33.75604508,-117.85937684,0.0012385115575439044,True
729,66,Substation,' ',33.66558697,-117.997429,Wave,sce,SUBSTATION,33.66558214,-117.99741685,0.0012461142186627322,True
730,66,Substation,' ',33.88892101,-117.788148,Yorba Linda - (SCE),sce,SUBSTATION,33.88891615,-117.7881359,0.0012407612547962951,True
731,115,Substation,' ',33.51258901,-117.665534,Capistrano,sdge,SUBSTATION,33.51258418,-117.66552195,0.0012395534111072015,True
732,115,Substation,' ',33.4633412,-117.5704995,Cristianitos,sdge,SUBSTATION,33.46333637,-117.57048747,0.0012384541627901257,True
733,115,Substation,' ',33.49494501,-117.702976,Laguna Niguel,sdge,SUBSTATION,33.49494019,-117.70296394,0.0012401135436022745,True
734,115,Substation,' ',33.56291183,-117.6735199,Trabuco,sdge,SUBSTATION,33.562907,-117.67350781,0.0012423084346952075,True
735,66,Substation,' ',39.24295872,-120.0264639,Brockway,pge_assumed,SUBSTATION,39.24295347,-120.02645088,0.0012641136342570877,True
736,66,Substation,' ',39.28069605,-120.1126328,Northstar,pge_assumed,SUBSTATION,39.2806908,-120.11261973,0.001267396680392502,True
737,66,Substation,' ',39.20552959,-120.2011536,Squaw Valley,pge_assumed,SUBSTATION,39.20552436,-120.20114058,0.0012636190958148494,True
738,66,Substation,' ',39.16617697,-120.1444681,Tahoe City,pge_assumed,SUBSTATION,39.16617174,-120.14445508,0.0012641769167959192,True
739,66,Substation,' ',39.33097146,-120.1819888,Burney Lumber Co.,pge_assumed,SUBSTATION ASSUMED,39.33096621,-120.18197571,0.001268206569081767,True
740,66,Substation,' ',39.32958792,-120.1696808,Martis Valley,pge_assumed,SUBSTATION,39.32958268,-120.16966772,0.0012669510745013065,True
741,66,Substation,' ',38.7636276,-121.2640323,Atlantic,pge,SUBSTATION,38.76362248,-121.26401909,0.0012790352450332495,True
742,66,Substation,' ',38.90349314,-121.0698265,Auburn,pge,SUBSTATION,38.903488,-121.06981338,0.001271054238854132,True
743,115,Substation,' ',38.94679968,-121.0916716,Bell,pge,SUBSTATION,38.94679453,-121.09165843,0.001274797752159581,True
744,66,Substation,' ',39.21470787,-120.8092925,Bonnie Nook,pge,SUBSTATION,39.21470268,-120.80927931,0.0012744887946560535,True
745,115,Substation,' ',39.11994562,-120.9434986,Cape Horn,pge_assumed,SUBSTATION,39.11994046,-120.94348545,0.0012712693428349213,True
746,66,Substation,' ',39.30962787,-120.5483422,Cisco Grove,pge,SUBSTATION,39.30962266,-120.5483291,0.0012672359768575961,True
747,66,Substation,' ',38.79881552,-121.2213126,Del Mar - (PG&E),pge,SUBSTATION,38.7988104,-121.22129945,0.0012738757603262972,True
748,66,Substation,' ',39.01930167,-120.8302452,Foresthill,pge,SUBSTATION,39.0192965,-120.83023212,0.0012678228784983763,True
749,66,Substation,' ',38.95692848,-121.0422303,Halsey - (PG&E),pge,SUBSTATION,38.95692333,-121.04221719,0.0012700194947567241,True
750,115,Substation,' ',38.74431607,-121.1616425,Horseshoe,pge,SUBSTATION,38.74431095,-121.1616294,0.0012707767079778425,True
751,66,Substation,' ',38.9005233,-121.294094,Lincoln - (PG&E),pge,SUBSTATION,38.90051818,-121.29408079,0.0012770650016992592,True
752,66,Substation,' ',38.84450412,-121.1665604,Penryn,pge,SUBSTATION,38.84449899,-121.16654726,0.0012729452202636772,True
753,66,Substation,' ',38.82209041,-121.3065408,Pleasant Grove,pge,SUBSTATION,38.8220853,-121.30652765,0.0012730460496920499,True
754,66,Substation,' ',38.78796355,-121.231692,Rocklin,pge,SUBSTATION,38.78795843,-121.23167882,0.001276357646626027,True
755,66,Substation,' ',39.11534451,-120.9529453,Shady Glen,pge,SUBSTATION,39.11533935,-120.95293216,0.001270565630317803,True
756,66,Substation,' ',39.31387986,-120.4969207,Tamarack,pge,SUBSTATION,39.31387464,-120.49690754,0.0012722749461020846,True
757,66,Substation,' ',38.78014499,-121.2461844,Taylor  - Other,pge_assumed,SUBSTATION,38.78013988,-121.24617124,0.0012744221806409261,True
758,66,Substation,' ',39.03596259,-120.9879836,Weimar,pge,SUBSTATION,39.03595743,-120.98797046,0.0012717042670169299,True
759,66,Substation,' ',38.701391,-121.193734,Santa Juanita-Canyon Fall,smud,SUBSTATION,38.70138589,-121.19372088,0.001272442209929996,True
760,66,Substation,' ',38.7374284,-121.3041565,SP Retarder Yard,smud,SUBSTATION ASSUMED,38.73742329,-121.30414335,0.0012742571713002995,True
761,66,Substation,' ',38.81036761,-121.3240488,Roseville,pge_assumed,SUBSTATION,38.8103625,-121.32403559,0.0012778683039584321,True
762,66,Substation,' ',39.8196694,-120.3751007,Beckworth,nve_assumed,SUBSTATION,39.81966413,-120.37508758,0.0012644909858115635,True
763,66,Substation,' ',39.79888809,-120.1596983,Chilcoot,nve_assumed,SUBSTATION,39.79888281,-120.15968513,0.0012690921683491676,True
764,66,Substation,' ',39.80388056,-120.4646374,Portola - Other,pge_assumed,SUBSTATION,39.8038753,-120.46462424,0.0012672345263282315,True
765,66,Substation,' ',40.1715573,-121.0853365,Big Meadows,pge,SUBSTATION,40.17155206,-121.08532321,0.0012706607382518566,True
766,66,Substation,' ',40.30242579,-121.2270207,Chester,pge,SUBSTATION,40.30242055,-121.22700733,0.0012747537532177956,True
767,66,Substation,' ',40.02241742,-121.0654455,Grays Flat - PG&E,pge,SUBSTATION,40.02241219,-121.06543225,0.0012693258156901957,True
768,66,Substation,' ',39.9351719,-120.914496,Plumas - (Other),pge_assumed,TAP,39.93516666,-120.91448273,0.0012726323222949473,True
769,66,Substation,' ',40.02697206,-120.9631234,Spanish Creek,pge,SUBSTATION,40.02696682,-120.96311015,0.0012697687221953184,True
770,115,Substation,' ',33.70934723,-116.2323083,Carreon,iid,SUBSTATION,33.7093423,-116.23229651,0.001220590772728429,True
771,115,Substation,' ',33.80949125,-116.3886831,Edom,iid,SUBSTATION,33.80948632,-116.3886712,0.0012285399231994414,True
772,115,Substation,' ',33.67175626,-116.2650291,Jefferson - (IID),iid,SUBSTATION,33.67175134,-116.26501727,0.001223828286738298,True
773,66,Substation,' ',33.69937449,-116.3863461,Silver Spur,sce,SUBSTATION,33.69936958,-116.38633429,0.0012213615894997216,True
774,115,Substation,' ',33.58697132,-116.0883118,Mecca - (IID),iid,SUBSTATION,33.5869664,-116.08829999,0.0012231354581879494,True
775,115,Substation,' ',33.52323635,-115.9216318,North Shore,iid,SUBSTATION,33.52323143,-115.92162003,0.0012205419353425227,True
776,115,Substation,' ',33.43715191,-116.0598176,Oasis - (IID),iid,SUBSTATION ASSUMED,33.437147,-116.05980588,0.001216865956369267,True
777,115,Substation,' ',33.88785169,-116.3553041,Sky Valley,iid,SUBSTATION,33.88784675,-116.35529224,0.0012248336087751026,True
778,115,Substation,' ',33.63872707,-116.1362241,Thermal - (IID),iid,SUBSTATION,33.63872214,-116.13621229,0.0012230461578709834,True
779,115,Substation,' ',33.71886668,-116.1986917,Van Buren,iid,SUBSTATION,33.71886175,-116.1986799,0.0012213091672502758,True
780,230,Substation,' ',33.70470622,-115.6266044,Julian Hinds,sce,SUBSTATION,33.70470126,-115.62659273,0.0012122496514951123,True
781,66,Substation,' ',33.97811931,-117.3700775,Riverside,sce_assumed,SUBSTATION,33.97811442,-117.37006542,0.0012395090707400355,True
782,115,Substation,' ',33.90206112,-117.2187445,Alessandro,sce,SUBSTATION,33.90205622,-117.21873246,0.0012375759554250122,True
783,66,Substation,' ',34.01134168,-117.5063472,Bain,sce,SUBSTATION,34.01133679,-117.50633517,0.0012349782015505949,True
784,115,Substation,' ',33.82896388,-117.2123222,Bunker,sce,SUBSTATION,33.82895899,-117.21231024,0.0012313074522333526,True
785,115,Substation,' ',33.858925,-117.3263444,Cajalco,sce,SUBSTATION,33.85892012,-117.32633243,0.001231298001969309,True
786,66,Substation,' ',33.84505856,-117.5377957,Chase,sce,SUBSTATION,33.84505369,-117.53778367,0.0012359480994974608,True
787,115,Substation,' ',33.75747652,-116.3350763,Concho,sce,SUBSTATION,33.75747159,-116.33506443,0.0012266560599639622,True
788,66,Substation,' ',33.88440023,-117.5718877,Corona - (SCE),sce,SUBSTATION,33.88439535,-117.57187567,0.001235975816681698,True
789,115,Substation,' ',34.02933687,-117.3877244,Crestmore,sce,SUBSTATION,34.02933197,-117.38771237,0.0012352572197154722,True
790,66,Substation,' ',33.85543836,-117.5392955,Databank,sce,SUBSTATION,33.85543349,-117.53928344,0.0012383174835542965,True
791,66,Substation,' ',33.89242954,-117.5801181,Delgen,sce,SUBSTATION,33.89242466,-117.58010599,0.0012425204318797477,True
792,115,Substation,' ',33.80795835,-116.4939389,Eisenhower,sce,SUBSTATION,33.80795343,-116.49392703,0.0012255808687255776,True
793,115,Substation,' ',33.67438334,-117.3261806,Elsinore,sce,SUBSTATION,33.67437847,-117.32616856,0.0012387711798806105,True
794,115,Substation,' ',33.84615835,-116.5050806,Farrell,sce,SUBSTATION,33.84615342,-116.50506868,0.0012297711476424251,True
795,66,Substation,' ',33.92672299,-116.9287486,Foil,sce,SUBSTATION,33.92671807,-116.9287366,0.0012349584433590255,True
796,115,Substation,' ',33.90148334,-116.5435333,Garnet - SCE,sce,SUBSTATION,33.90147841,-116.54352145,0.0012233537447330783,True
797,66,Substation,' ',34.00502923,-117.4574435,Glen Avon,sce,SUBSTATION,34.00502433,-117.45743142,0.0012396804410297216,True
798,115,Substation,' ',33.76026398,-117.477333,Ivyglen,sce,SUBSTATION,33.76025912,-117.47732092,0.0012406108231223468,True
799,66,Substation,' ',33.85775076,-117.5883042,Jefferson - (SCE),sce,SUBSTATION,33.85774589,-117.58829217,0.0012357997228722437,True
800,66,Substation,' ',33.86116105,-115.4886971,Kem,sce,SUBSTATION,33.86115606,-115.48868536,0.0012177688905535152,True
801,115,Substation,' ',33.92601393,-116.9874583,Maraschino,sce,SUBSTATION,33.92600902,-116.98744638,0.0012278587878157738,True
802,115,Substation,' ',33.94716607,-117.2433136,Maxwell - (SCE),sce,SUBSTATION,33.94716117,-117.24330157,0.0012362197898733674,True
803,115,Substation,' ',33.73638889,-116.9200361,Mayberry,sce,SUBSTATION,33.73638399,-116.92002417,0.0012303826922213908,True
804,115,Substation,' ',33.503775,-117.1404167,Moraga - (SCE),sce,SUBSTATION,33.50377015,-117.1404047,0.0012364476533147702,True
805,115,Substation,' ',33.94704447,-117.1725056,Moreno,sce,SUBSTATION,33.94703956,-117.17249359,0.0012350566332769341,True
806,115,Substation,' ',33.7723639,-116.9883194,Nelson,sce,SUBSTATION,33.772359,-116.98830749,0.0012283106892922,True
807,115,Substation,' ',33.54372221,-117.0435584,Pauba,sce,SUBSTATION,33.54371734,-117.04354641,0.001236124115567486,True
808,66,Substation,' ',33.95892401,-117.52272,Pedley,sce,SUBSTATION,33.95891912,-117.52270793,0.0012389062475558887,True
809,115,Substation,' ',33.74781668,-116.3920917,Santa Rosa - (SCE),sce,SUBSTATION,33.74781175,-116.39207982,0.0012275938649247192,True
810,115,Substation,' ',33.63091389,-117.2920056,Skylark,sce,SUBSTATION,33.63090903,-117.29199356,0.0012387919647163514,True
811,115,Substation,' ',33.55781389,-117.2032139,Stadler,sce,SUBSTATION,33.55780903,-117.2032019,0.0012363077707793313,True
812,115,Substation,' ',33.73355277,-117.0073389,Stetson,sce,SUBSTATION,33.73354788,-117.00732693,0.001233242290216479,True
813,115,Substation,' ',33.791975,-116.4499445,Tamarisk,sce,SUBSTATION,33.79197007,-116.4499326,0.0012287413240420172,True
814,115,Substation,' ',33.90877226,-117.2597778,Tanker,sce,SUBSTATION,33.90876736,-117.25976581,0.001233356213811636,True
815,115,Substation,' ',33.81365833,-116.5320444,Thornhill,sce,SUBSTATION,33.8136534,-116.53203256,0.0012235337986446853,True
816,115,Substation,' ',33.73999442,-117.1561138,Valley - (SCE),sce,SUBSTATION,33.73998954,-117.15610183,0.0012326778067480516,True
817,66,Substation,' ',34.01056535,-117.0513646,Yucaipa,sce,SUBSTATION,34.01056043,-117.05135266,0.00122902571716747,True
818,66,Substation,' ',38.63011999,-121.156246,Alder Creek,smud,SUBSTATION,38.63011488,-121.15623286,0.0012750117848212134,True
819,66,Substation,' ',38.60551183,-121.2119995,Nimbus,pge_assumed,SUBSTATION,38.60550672,-121.21198639,0.0012730291250688179,True
820,66,Substation,' ',38.57360799,-121.297968,Mather,pge_assumed,SUBSTATION,38.5736029,-121.29795485,0.001275606868543983,True
821,66,Substation,' ',38.22554469,-121.4739245,New Hope,pge_assumed,SUBSTATION,38.22553964,-121.47391136,0.0012778094576037877,True
822,66,Substation,' ',38.53924448,-121.4454023,14th & 52nd,smud,SUBSTATION,38.5392394,-121.44538913,0.001277163831613361,True
823,66,Substation,' ',38.49108101,-121.479797,24th & Gardendale,smud,SUBSTATION,38.49107593,-121.47978383,0.0012778514065137547,True
824,66,Substation,' ',38.67826602,-121.387198,34th & E,smud,SUBSTATION,38.67826092,-121.38718483,0.0012761623022415406,True
825,66,Substation,' ',38.51711557,-121.5156782,43Rd & S. Land,smud,SUBSTATION,38.5171105,-121.51566506,0.0012746471312637653,True
826,66,Substation,' ',38.5204268,-121.380017,88th-Fruitridge,smud,SUBSTATION,38.52042172,-121.38000388,0.0012735325100321907,True
827,66,Substation,' ',38.5179733,-121.3780685,Airco,smud,SUBSTATION,38.51796821,-121.37805538,0.0012740609565869876,True
828,66,Substation,' ',38.69352934,-121.2390442,Almond-Elm,smud,SUBSTATION,38.69352423,-121.23903108,0.001272554191100155,True
829,66,Substation,' ',38.58291901,-121.18649,American River-Aggregate,smud,SUBSTATION,38.58291391,-121.18647688,0.0012736324584161737,True
830,66,Substation,' ',38.624824,-121.447074,Arcade-Rio Linda,smud,SUBSTATION,38.62481891,-121.44706083,0.0012764332014650252,True
831,66,Substation,' ',38.60232501,-121.434024,Arden-Point West,smud,SUBSTATION,38.60231992,-121.43401083,0.0012767548741784236,True
832,66,Substation,' ',38.594444,-121.365199,Arden-Watt,smud,SUBSTATION,38.59443891,-121.36518587,0.001273752306201705,True
833,66,Substation,' ',38.5102617,-121.398444,Army Depot,smud,SUBSTATION,38.51025662,-121.39843083,0.0012775776619365726,True
834,66,Substation,' ',38.57744199,-121.364083,Ashton-American River Dr.,smud,SUBSTATION,38.57743691,-121.36406986,0.0012742799249771068,True
835,66,Substation,' ',38.68817202,-121.308101,Auburn Van Muren,smud,SUBSTATION,38.68816692,-121.30808785,0.001274465737800033,True
836,66,Substation,' ',38.59154329,-121.341395,Battlewood-Thistlewood,smud,SUBSTATION,38.5915382,-121.34138186,0.0012745722769762666,True
837,66,Substation,' ',38.67975895,-121.2314119,Beech-Greenback,smud,SUBSTATION,38.67975385,-121.23139871,0.0012776964269557087,True
838,66,Substation,' ',38.60133847,-121.4102429,Bell Cottage,smud,SUBSTATION,38.60133338,-121.41022972,0.0012775479825845367,True
839,66,Substation,' ',38.64698997,-121.4109118,Bell-Winters,smud,SUBSTATION,38.64698488,-121.41089863,0.001276116151163698,True
840,66,Substation,' ',38.43537527,-121.4360252,Big Horn-Meadowspring,smud,SUBSTATION,38.4353702,-121.43601205,0.00127659185329391,True
841,66,Substation,' ',38.723503,-121.382919,Black Eagle-Chrystal Brook,smud,SUBSTATION,38.7234979,-121.38290582,0.0012762918239547804,True
842,66,Substation,' ',38.67233617,-121.1501439,Blue Ravine-School,smud,SUBSTATION,38.67233105,-121.15013074,0.0012764598232249396,True
843,66,Substation,' ',38.42279888,-121.3699284,Bond-Elk Grove Florin,smud,SUBSTATION,38.42279381,-121.36991523,0.001278334330747582,True
844,66,Substation,' ',38.60480134,-121.3859924,Butano-Cottage,smud,SUBSTATION,38.60479626,-121.38597921,0.001277785565704405,True
845,115,Substation,' ',38.51175859,-121.4715277,Campbell Soup,smud,SUBSTATION ASSUMED,38.51175352,-121.47151451,0.0012786266839636639,True
846,66,Substation,' ',38.55422102,-121.423867,Campus Commons,smud,SUBSTATION,38.55421594,-121.42385383,0.0012769498990016087,True
847,66,Substation,' ',38.64185799,-121.475853,Cargo-Northgate,smud,SUBSTATION,38.6418529,-121.47583983,0.0012761895695050766,True
848,66,Substation,' ',38.61783999,-121.266584,Citrus-Coloma,smud,SUBSTATION,38.61783489,-121.26657084,0.0012762480928999668,True
849,66,Substation,' ',38.33526975,-121.1689614,Clay Station-Twin Cities,smud,SUBSTATION,38.33526466,-121.16894832,0.0012735256490915626,True
850,66,Substation,' ',38.35419211,-121.2424311,Colony-Woods,smud,SUBSTATION,38.35418703,-121.24241803,0.0012719834791471538,True
851,66,Substation,' ',38.604954,-121.306598,Cordova-Park,smud,SUBSTATION,38.60494891,-121.30658486,0.0012743811190555397,True
852,66,Substation,' ',38.61621199,-121.380501,Country Club 2,smud,SUBSTATION,38.6162069,-121.38048786,0.001274220607862063,True
853,66,Substation,' ',38.60873702,-121.378409,Country Club 3,smud,SUBSTATION,38.60873193,-121.37839584,0.0012758844214536182,True
854,66,Substation,' ',38.534974,-121.39904,Crystal Creamery,smud,SUBSTATION,38.53496892,-121.39902684,0.0012764447697472623,True
855,66,Substation,' ',38.63943371,-121.3288841,Cypress-Manzanita,smud,SUBSTATION,38.63942861,-121.32887092,0.0012774959751646654,True
856,66,Substation,' ',38.70364063,-121.3265439,Daly-Roseville,smud,SUBSTATION,38.70363552,-121.32653077,0.0012731866510089368,True
857,66,Substation,' ',38.71018302,-121.462789,Delano - (SMUD),smud,SUBSTATION,38.71017793,-121.46277581,0.0012767668371817767,True
858,66,Substation,' ',38.650085,-121.307877,Dewey-Winding,smud,SUBSTATION,38.6500799,-121.30786385,0.0012750096567324069,True
859,66,Substation,' ',38.44275499,-121.188405,Dillard-Orange,smud,SUBSTATION,38.4427499,-121.1883919,0.0012735681560686943,True
860,66,Substation,' ',38.40192239,-121.256965,Dillard-Wilton,smud,SUBSTATION,38.40191731,-121.25695192,0.0012720907738454164,True
861,66,Substation,' ',38.5861647,-121.2815662,Disk Data,smud,SUBSTATION,38.5861596,-121.28155302,0.0012782579627110603,True
862,66,Substation,' ',38.60902208,-121.4443619,Dixeanne-Evergreen,smud,SUBSTATION,38.609017,-121.44434869,0.0012792840837706461,True
863,66,Substation,' ',38.693465,-121.346564,Don Julio-Elkhorn,smud,SUBSTATION ASSUMED,38.6934599,-121.34655084,0.0012751673928566728,True
864,115,Substation,' ',38.55375189,-121.4306192,East City,smud,SUBSTATION,38.55374681,-121.43060602,0.001277736523944241,True
865,66,Substation,' ',38.60679914,-121.3640415,Eastern-El Camino,smud,SUBSTATION,38.60679405,-121.36402833,0.0012766909175554195,True
866,66,Substation,' ',38.61845199,-121.364095,Eastern-Marconi,smud,SUBSTATION,38.61844689,-121.36408184,0.001276239355189841,True
867,66,Substation,' ',38.62760401,-121.398989,Edison-Ball,smud,SUBSTATION,38.62759892,-121.39897583,0.0012763934455553648,True
868,66,Substation,' ',38.608322,-121.456265,El Monte,smud,SUBSTATION,38.60831692,-121.45625184,0.0012753974804148728,True
869,66,Substation,' ',38.59117153,-121.2722866,Electronic Data Systems,smud,SUBSTATION,38.59116643,-121.2722735,0.0012719589594987106,True
870,66,Substation,' ',38.478179,-121.371486,Elk Grove Florin-Gerber,smud,SUBSTATION,38.47817392,-121.37147285,0.0012764740269641652,True
871,66,Substation,' ',38.40862902,-121.376029,Elk Grove-Colton,smud,SUBSTATION,38.40862394,-121.37601585,0.0012774637424393112,True
872,66,Substation,' ',38.69300512,-121.2072862,Elm,smud,SUBSTATION,38.69300001,-121.20727304,0.0012756688632555176,True
873,66,Substation,' ',38.71419362,-121.5761911,Elverta-Powerline,smud,SUBSTATION,38.71418854,-121.57617794,0.0012738832156579804,True
874,66,Substation,' ',38.71405793,-121.4200798,Elverta-Cherrybrooke,smud,SUBSTATION,38.71405284,-121.42006659,0.0012782668891567455,True
875,66,Substation,' ',38.61265619,-121.3997156,Elvyra-Fulton,smud,SUBSTATION,38.6126511,-121.39970248,0.0012727146407927707,True
876,66,Substation,' ',38.63144972,-121.3631699,Engle-Eastern,smud,SUBSTATION,38.63144462,-121.36315676,0.0012744976788553006,True
877,66,Substation,' ',38.35017428,-121.4084589,Eschinger-Bruceville,smud,SUBSTATION,38.35016921,-121.40844579,0.0012746742243471753,True
878,66,Substation,' ',38.60566001,-121.447086,Evergreen-Royal Oaks,smud,SUBSTATION,38.60565493,-121.44707283,0.001276214649827982,True
879,66,Substation,' ',38.59330343,-121.4321974,Exposition,smud,SUBSTATION,38.59329835,-121.43218427,0.0012732748575069602,True
880,66,Substation,' ',38.55524523,-121.4171834,Filtration Plant,smud,SUBSTATION,38.55524015,-121.41717021,0.001278495188454683,True
881,66,Substation,' ',38.69601408,-121.1593285,Folsom Prison,smud,SUBSTATION,38.69600897,-121.15931541,0.0012701897531924473,True
882,66,Substation,' ',38.69350783,-121.3473313,Foothill - (SMUD),smud,SUBSTATION,38.69350273,-121.3473181,0.0012782770376538217,True
883,66,Substation,' ',38.56339,-121.34405,Franchise Tax,smud,SUBSTATION,38.56338491,-121.34403685,0.0012757525667030144,True
884,66,Substation,' ',38.37950219,-121.4534339,Franklin - (SMUD),smud,SUBSTATION,38.37949712,-121.4534208,0.0012734772015537564,True
885,66,Substation,' ',38.4630378,-121.4472652,Franklin-Ehrhardt,smud,SUBSTATION,38.46303272,-121.44725209,0.001273567301012678,True
886,66,Substation,' ',38.43017262,-121.4579264,Franklin-Laguna,smud,SUBSTATION,38.43016755,-121.45791326,0.0012758844256277914,True
887,66,Substation,' ',38.50327002,-121.517396,Freehaven-Lake Park,smud,SUBSTATION,38.50326494,-121.51738281,0.0012792387278803322,True
888,66,Substation,' ',38.61272302,-121.422175,Frienza Albatross,smud,SUBSTATION,38.61271793,-121.42216186,0.001274270355256309,True
889,66,Substation,' ',38.52432614,-121.4562977,Fruitridge & 44Th,smud,SUBSTATION,38.52432106,-121.45628454,0.0012765966810581095,True
890,66,Substation,' ',38.525576,-121.428628,Fruitridge & 64Th,smud,SUBSTATION,38.52557092,-121.42861485,0.0012757987952695341,True
891,66,Substation,' ',38.52289999,-121.513505,Fruitridge & S. Land Park,smud,SUBSTATION,38.52289492,-121.51349183,0.0012769059134692077,True
892,66,Substation,' ',38.5245276,-121.4767157,Fruitridge & 28th,smud,SUBSTATION,38.52452252,-121.47670253,0.0012773739952178051,True
893,66,Substation,' ',38.25459168,-121.3018379,Galt,smud,SUBSTATION,38.25458662,-121.30182483,0.0012724017805947404,True
894,66,Substation,' ',38.67721299,-121.364168,Gilman-Cornelia,smud,SUBSTATION,38.6772079,-121.36415484,0.001274905740947696,True
895,66,Substation,' ',38.50348601,-121.539389,Gloria-Florin,smud,SUBSTATION,38.50348094,-121.53937582,0.001277964035165592,True
896,66,Substation,' ',38.55499099,-121.345313,Goethe-Mayhew,smud,SUBSTATION,38.55498591,-121.34529983,0.0012769388967081,True
897,66,Substation,' ',38.54377998,-121.332252,Granite,smud,SUBSTATION,38.5437749,-121.33223888,0.0012732005301269204,True
898,66,Substation,' ',38.43394431,-121.297585,Grantline-Siefker,smud,SUBSTATION,38.43393923,-121.29757187,0.001275541515909497,True
899,66,Substation,' ',38.67909104,-121.2633096,Greenback-Fairoaks,smud,SUBSTATION,38.67908593,-121.26329643,0.0012766450139124264,True
900,66,Substation,' ',38.657677,-121.383646,Haggin,smud,SUBSTATION,38.65767191,-121.38363284,0.0012751850860208162,True
901,66,Substation,' ',38.555329,-121.322051,Happy Lane,smud,SUBSTATION,38.55532391,-121.32203786,0.001275088236147972,True
902,66,Substation,' ',38.49399301,-121.535149,Havenside-Canal,smud,SUBSTATION,38.49398794,-121.53513584,0.0012765378091379965,True
903,66,Substation,' ',38.65047402,-121.225759,Hazel-Timm,smud,SUBSTATION,38.65046891,-121.22574586,0.001274721647810102,True
904,66,Substation,' ',38.29464944,-121.2454065,Herald-Twin Cities,smud,SUBSTATION,38.29464437,-121.24539339,0.0012754599492132716,True
905,66,Substation,' ',38.29952145,-121.5175743,Herzog,smud,SUBSTATION,38.2995164,-121.51756112,0.0012798959247471973,True
906,66,Substation,' ',38.36795136,-121.5103977,Hood,smud,SUBSTATION,38.3679463,-121.51038459,0.0012739309887012133,True
907,230,Substation,' ',38.53282983,-121.3974341,Hunt-Wesson,smud,SUBSTATION,38.53282474,-121.39742093,0.0012777475947239598,True
908,66,Substation,' ',38.722573,-121.308793,Imran Woods-Whyte,smud,SUBSTATION,38.7225679,-121.30877983,0.0012755280278311885,True
909,66,Substation,' ',38.64303501,-121.160789,Intel,smud,SUBSTATION,38.64302989,-121.16077589,0.0012729927827449662,True
910,66,Substation,' ',38.5066606,-121.2436877,Jackson-Sunrise,smud,SUBSTATION,38.50665551,-121.24367462,0.0012711042250729528,True
911,66,Substation,' ',38.66540149,-121.290864,Kalamazoo-San Juan,smud,SUBSTATION,38.66539639,-121.29085085,0.001274790971076556,True
912,66,Substation,' ',38.62235601,-121.426218,Kathleen Academy,smud,SUBSTATION,38.62235093,-121.42620482,0.0012767548802861328,True
913,66,Substation,' ',38.65262999,-121.259935,Kathywood Bamboo,smud,SUBSTATION,38.65262489,-121.25992184,0.001275751130689423,True
914,66,Substation,' ',38.61341999,-121.336147,Kenneth-Garfield,smud,SUBSTATION,38.6134149,-121.33613384,0.0012758175316730333,True
915,66,Substation,' ',38.48077985,-121.3915248,Keyes-Fibre,smud,SUBSTATION,38.48077477,-121.39151169,0.001273315609291884,True
916,66,Substation,' ',38.55391702,-121.391103,Lake Forest-Bennington,smud,SUBSTATION,38.55391193,-121.39108983,0.0012774465085397038,True
917,66,Substation,' ',38.32372022,-121.445282,Lambert - (SMUD),smud,SUBSTATION,38.32371515,-121.44526884,0.0012789623550108584,True
918,66,Substation,' ',38.6823983,-121.1714546,Leidesdorff-Coloma,smud,SUBSTATION,38.68239318,-121.17144143,0.001277093015383084,True
919,66,Substation,' ',38.26589605,-121.309889,Lodi Iron Works,smud,SUBSTATION,38.26589098,-121.30987594,0.0012719520129902359,True
920,66,Substation,' ',38.494742,-121.101957,Lone Pine Jackson,smud,SUBSTATION,38.49473689,-121.10194392,0.0012722645291647634,True
921,66,Substation,' ',38.6307372,-121.4319995,Los Robles-Marysville,smud,SUBSTATION ASSUMED,38.63073211,-121.43198631,0.0012779059974647278,True
922,66,Substation,' ',38.47544016,-121.442723,Mack-Tangerine,smud,SUBSTATION,38.47543508,-121.4427099,0.001272611244485535,True
923,66,Substation,' ',38.663934,-121.241578,Madison-Kenneth,smud,SUBSTATION,38.66392889,-121.24156484,0.001276084315581546,True
924,66,Substation,' ',38.55434672,-121.3738507,Manlove-Folsom,smud,SUBSTATION,38.55434164,-121.37383757,0.0012738295997477855,True
925,66,Substation,' ',38.53501886,-121.3446297,Mayhew-Jackson,smud,SUBSTATION,38.53501377,-121.34461657,0.0012745980466002606,True
926,66,Substation,' ',38.67844574,-121.3923717,Mcclellan-Adc,smud,SUBSTATION,38.67844065,-121.39235857,0.0012725551513411352,True
927,66,Substation,' ',38.65827499,-121.384761,Mcclellan-Haggin,smud,SUBSTATION,38.65826989,-121.38474781,0.0012780043546400288,True
928,66,Substation,' ',38.48167205,-121.5059655,Meadowview-Freeport,smud,SUBSTATION,38.48166698,-121.50595236,0.0012751517834666591,True
929,66,Substation,' ',38.48299298,-121.466524,Meadowview-Mack,smud,SUBSTATION,38.48298791,-121.46651086,0.001275132980350173,True
930,66,Substation,' ',38.56339257,-121.4645509,Mid City,smud,SUBSTATION,38.56338749,-121.46453777,0.001273700825798103,True
931,66,Substation,' ',38.460453,-121.383925,Morgan Hills-Sonoma Hills,smud,SUBSTATION,38.46044792,-121.38391187,0.0012751649486831185,True
932,66,Substation,' ',38.65454126,-121.3572721,Myrtle-Date,smud,SUBSTATION,38.65453616,-121.35725898,0.0012726134027637322,True
933,66,Substation,' ',38.58118102,-121.402206,Northrup,smud,SUBSTATION,38.58117593,-121.40219285,0.001275498865890424,True
934,66,Substation,' ',38.65600647,-121.3361466,Omni-Hackberry,smud,SUBSTATION,38.65600137,-121.33613345,0.001274925118977583,True
935,66,Substation,' ',38.645953,-121.385328,Orange Grove-Watt,smud,SUBSTATION,38.64594791,-121.38531482,0.0012769094130976925,True
936,66,Substation,' ',38.684985,-121.266373,Orangevale,smud,SUBSTATION,38.68497989,-121.26635985,0.0012750064189350958,True
937,66,Substation,' ',38.66831022,-121.3324973,Palm-Hackberry,smud,SUBSTATION,38.66830512,-121.33248419,0.0012716402028640596,True
938,66,Substation,' ',38.6708833,-121.315493,Parkoaks-Hilltop,smud,SUBSTATION,38.6708782,-121.31547983,0.0012762679372349955,True
939,66,Substation,' ',38.49382328,-121.4526031,Parkway - (SMUD),smud,SUBSTATION,38.4938182,-121.45258996,0.0012754708708175124,True
940,66,Substation,' ',38.61647671,-121.4659406,PG&E Gas Holder,smud,SUBSTATION ASSUMED,38.61647162,-121.46592743,0.0012765525596034723,True
941,66,Substation,' ',38.66000402,-121.450324,Pinedale-Rio Linda,smud,SUBSTATION,38.65999893,-121.45031083,0.0012759299435637654,True
942,66,Substation,' ',38.48964399,-121.4700357,Pocket,smud,SUBSTATION,38.48963892,-121.47002257,0.0012742577157186968,True
943,66,Substation,' ',38.70549859,-121.2994095,Poplar-Antelope,smud,SUBSTATION,38.70549348,-121.2993963,0.0012785986784125502,True
944,66,Substation,' ',38.47552604,-121.4090741,Power Inn-Elsie,smud,SUBSTATION,38.47552096,-121.40906092,0.0012788542671722664,True
945,66,Substation,' ',38.68959453,-121.5774523,Powerline-Elkhorn,smud,SUBSTATION,38.68958944,-121.57743907,0.0012801752705424384,True
946,66,Substation,' ',38.62642602,-121.207876,Prairie,smud,SUBSTATION,38.62642091,-121.20786287,0.0012742868202058261,True
947,66,Substation,' ',38.65551299,-121.168275,Prairie City-Blue Ravine,smud,SUBSTATION,38.65550788,-121.16826189,0.0012723184652238045,True
948,66,Substation,' ',38.52910927,-121.4014035,Procter & Gamble,smud,SUBSTATION,38.52910419,-121.40139034,0.0012765284449234083,True
949,66,Substation,' ',38.69715799,-121.384057,Q & Watt,smud,SUBSTATION,38.69715289,-121.38404381,0.001277446955376108,True
950,66,Substation,' ',38.49512942,-121.3973087,Reese-Florin,smud,SUBSTATION,38.49512434,-121.39729559,0.0012731119791915733,True
951,66,Substation,' ',38.49403387,-121.4309711,Requa Fawn,smud,SUBSTATION,38.4940288,-121.43095797,0.0012741952778415372,True
952,66,Substation,' ',38.69036602,-121.4564702,Rio Linda,smud,SUBSTATION,38.69036092,-121.456457,0.0012783221288579637,True
953,66,Substation,' ',38.62105302,-121.329314,Robertson-Fairoaks,smud,SUBSTATION,38.62104792,-121.32930087,0.0012738679166312693,True
954,66,Substation,' ',38.60577299,-121.427436,Royal-Yorkshire,smud,SUBSTATION,38.6057679,-121.42742282,0.0012774845338281797,True
955,66,Substation,' ',38.52106626,-121.5136062,S. Land Park & 35Th Ave.,smud,SUBSTATION,38.52106118,-121.513593,0.0012797648019346579,True
956,66,Substation,' ',38.66579466,-121.1321368,S. Lexington-Duxbury,smud,SUBSTATION,38.66578955,-121.13212363,0.0012768351825790977,True
957,66,Substation,' ',38.44850889,-121.4603661,Carson Ice,smud,SUBSTATION,38.44850382,-121.46035296,0.00127562365259344,True
958,66,Substation,' ',38.53000321,-121.398755,Safeway Stores,smud,SUBSTATION,38.52999813,-121.39874187,0.0012741760437818507,True
959,66,Substation,' ',38.68203052,-121.28114,San Simeon-Stefano,smud,SUBSTATION,38.68202542,-121.28112687,0.00127299898029142,True
960,66,Substation,' ',38.41917101,-121.418343,Seasons-Bruceville,smud,SUBSTATION,38.41916594,-121.41832986,0.001276040841029079,True
961,66,Substation,' ',38.67963516,-121.3369695,Shiloh-Shenandoah,smud,SUBSTATION,38.67963006,-121.33695631,0.00127769820127392,True
962,230,Substation,' ',38.57201028,-121.5005099,Station D,smud,SUBSTATION,38.5720052,-121.50049675,0.001275136682063306,True
963,66,Substation,' ',38.47019573,-121.4196496,Stockton Wyndham,smud,SUBSTATION,38.47019066,-121.41963646,0.0012753151097511664,True
964,66,Substation,' ',38.4403566,-121.4044819,Stockton-Sheldon,smud,SUBSTATION,38.44035153,-121.40446878,0.0012741772611799603,True
965,66,Substation,' ',38.60190602,-121.263944,Sunco-Trade Center,smud,SUBSTATION,38.60190092,-121.26393085,0.0012756971310902568,True
966,66,Substation,' ',38.70823427,-121.270772,Sunrise Antelope,smud,SUBSTATION ASSUMED,38.70822916,-121.27075889,0.0012715684123892912,True
967,66,Substation,' ',38.66460565,-121.2491826,Sunrise Center,smud,SUBSTATION,38.66460054,-121.2491695,0.0012714124022310887,True
968,66,Substation,' ',38.63533012,-121.2594872,Sutter-Marshall,smud,SUBSTATION,38.63532502,-121.25947407,0.0012736645548836888,True
969,66,Substation,' ',38.69272648,-121.2907574,Sylvan-Antelope,smud,SUBSTATION,38.69272138,-121.29074423,0.001275955353001138,True
970,66,Substation,' ',38.54679563,-121.3811452,Teichert Aggregates,smud,SUBSTATION,38.54679054,-121.38113206,0.0012752097619447816,True
971,66,Substation,' ',38.59681517,-121.2430345,Teledyne,smud,SUBSTATION,38.59681007,-121.24302141,0.0012711010210485628,True
972,66,Substation,' ',38.623209,-121.474566,Tenaya-Northgate,smud,SUBSTATION,38.62320392,-121.47455282,0.001276742665230816,True
973,66,Substation,' ',38.62012007,-121.4982792,Truxel,smud,SUBSTATION,38.62011499,-121.49826599,0.001279124773720896,True
974,66,Substation,' ',38.29124352,-121.3145568,Twin Cities,smud,SUBSTATION,38.29123846,-121.31454372,0.0012726680714306182,True
975,66,Substation,' ',38.27720009,-121.5158684,Twin Cities-Snodgrass,smud,SUBSTATION,38.27719504,-121.51585521,0.0012809983506092374,True
976,66,Substation,' ',38.66824147,-121.2030871,Twin Lakes-Main,smud,SUBSTATION,38.66823636,-121.203074,0.0012713607387886269,True
977,66,Substation,' ',38.61363946,-121.5206515,W. El Camino-15,smud,SUBSTATION,38.61363438,-121.52063835,0.0012745425848901548,True
978,66,Substation,' ',38.70829575,-121.2441546,Wachtel-Oak,smud,SUBSTATION,38.70829065,-121.24414148,0.0012718476588312944,True
979,66,Substation,' ',38.70588701,-121.3628,Walerga-Antelope,smud,SUBSTATION,38.70588191,-121.36278683,0.001275766958055922,True
980,66,Substation,' ',38.69719299,-121.364113,Walerga-Galbrath,smud,SUBSTATION,38.69718789,-121.36409983,0.0012758914211970756,True
981,66,Substation,' ',38.63087111,-121.3453459,Walnut-Engle,smud,SUBSTATION,38.63086602,-121.34533271,0.001277904079116784,True
982,66,Substation,' ',38.39015152,-121.3531655,Waterman-Grantline,smud,SUBSTATION,38.39014645,-121.35315234,0.0012780173764307826,True
983,66,Substation,' ',38.58611399,-121.307722,White Rock-Folsom,smud,SUBSTATION,38.5861089,-121.30770884,0.001276207477941229,True
984,66,Substation,' ',38.589224,-121.267876,White Rock-Sunrise,smud,SUBSTATION,38.5892189,-121.26786284,0.0012766566159202871,True
985,66,Substation,' ',38.64518797,-121.27614,Winding Way-New York,smud,SUBSTATION,38.64518287,-121.27612687,0.0012735241099043862,True
986,66,Substation,' ',36.90630302,-121.6277027,Granite Rock,pge_assumed,SUBSTATION,36.9062981,-121.62768974,0.0012755922138525738,True
987,66,Substation,' ',36.85686674,-121.5119869,San Justo,pge,SUBSTATION,36.8568618,-121.51197393,0.001278024532700571,True
988,230,Substation,' ',34.84485419,-114.9662705,Camino - (Other),sce_assumed,SUBSTATION,34.84484906,-114.96625879,0.001211346758160856,True
989,66,Substation,' ',34.05100152,-117.2626686,Unimed,sce,SUBSTATION,34.05099661,-117.26265662,0.0012313634801709489,True
990,66,Substation,' ',34.13546122,-117.4092334,Alder,sce,SUBSTATION,34.13545631,-117.40922135,0.001236153871287893,True
991,66,Substation,' ',34.09299679,-117.5333557,Ameron,sce,SUBSTATION,34.09299189,-117.53334367,0.0012345102072551179,True
992,115,Substation,' ',34.44908567,-117.2243526,Apple Valley,sce,SUBSTATION,34.44908071,-117.2243406,0.0012308204545801906,True
993,115,Substation,' ',34.41536392,-117.3557833,Aqueduct,sce,SUBSTATION,34.41535897,-117.35577125,0.0012348237718214454,True
994,66,Substation,' ',33.99775834,-117.592678,Archibald,sce,SUBSTATION,33.99775345,-117.59266592,0.0012392777843966945,True
995,66,Substation,' ',34.12100557,-117.5841222,Archline,sce,SUBSTATION,34.12100066,-117.58411009,0.001241281894285322,True
996,66,Substation,' ',34.14225412,-117.2901281,Arro,sce,SUBSTATION,34.1422492,-117.29011608,0.0012340900312576705,True
997,66,Substation,' ',34.049227,-117.400217,Bloomington,sce,SUBSTATION,34.04922209,-117.40020497,0.0012355149002779154,True
998,115,Substation,' ',34.09303476,-117.3171676,Calectric,sce,SUBSTATION,34.09302984,-117.31715557,0.0012354928985113813,True
999,66,Substation,' ',34.08959165,-117.2610465,Capsule,sce,SUBSTATION,34.08958673,-117.26103443,0.0012388370930574721,True
1000,66,Substation,' ',34.102305,-117.277863,Cardiff,sce,SUBSTATION,34.10230008,-117.27785099,0.0012337333155536252,True
1001,66,Substation,' ',33.98971965,-117.6886239,Cimgen,sce,SUBSTATION,33.98971477,-117.68861186,0.0012355708137655984,True
1002,66,Substation,' ',34.08426138,-117.5927555,Cucamonga,sce,SUBSTATION,34.08425648,-117.59274337,0.0012428834231797568,True
1003,66,Substation,' ',34.07789452,-117.4880782,Declez,sce,SUBSTATION,34.07788962,-117.48806611,0.0012396487683126339,True
1004,66,Substation,' ',34.149932,-117.251707,Del Rosa,sce,SUBSTATION,34.14992708,-117.25169496,0.0012356498707132044,True
1005,115,Substation,' ',34.20602784,-117.3351194,Devil Canyon,sce,SUBSTATION,34.20602292,-117.33510731,0.0012391136287681482,True
1006,66,Substation,' ',34.04181302,-117.623414,Firehouse,sce,SUBSTATION,34.04180813,-117.62340192,0.0012387585610755514,True
1007,66,Substation,' ',34.04205824,-117.7230212,Francis,sce,SUBSTATION,34.04205336,-117.72300909,0.0012407532134168285,True
1008,66,Substation,' ',34.08378134,-117.4926085,Furnace,sce,SUBSTATION,34.08377644,-117.49259647,0.0012346184168850326,True
1009,66,Substation,' ',34.079955,-117.493451,Galvanizing,sce,SUBSTATION,34.0799501,-117.49343894,0.001237143286561822,True
1010,66,Substation,' ',34.09135901,-117.566609,Genamic,sce,SUBSTATION,34.09135411,-117.56659693,0.0012378357741739546,True
1011,66,Substation,' ',34.35461599,-114.2612991,Havasu,sce,SUBSTATION,34.35461088,-114.26128762,0.0011972648784699556,True
1012,115,Substation,' ',34.41278889,-117.2898222,Hesperia,sce,SUBSTATION,34.41278394,-117.28981017,0.001233212161291626,True
1013,115,Substation,' ',34.13644282,-116.1806786,Hi Desert,sce,SUBSTATION,34.13643783,-116.18066673,0.00122530358567403,True
1014,66,Substation,' ',34.10791101,-117.186797,Highland,sce,SUBSTATION,34.10790608,-117.18678498,0.001234986086037744,True
1015,66,Substation,' ',34.06297519,-117.5290494,Hygen,sce,SUBSTATION,34.0629703,-117.52903731,0.0012393366627882962,True
1016,66,Substation,' ',34.04389897,-117.5413393,Inland,sce,SUBSTATION,34.04389407,-117.54132722,0.0012392224589593283,True
1017,66,Substation,' ',34.47871451,-114.4169599,Landing,sce,SUBSTATION,34.47870939,-114.41694833,0.0012036804419129738,True
1018,66,Substation,' ',34.06666802,-117.5215658,Linde - (SCE),sce,SUBSTATION,34.06666312,-117.52155373,0.00123812678375546,True
1019,115,Substation,' ',35.76518459,-117.3864132,Mcgen,sce,SUBSTATION,35.7651795,-117.38640097,0.0012401452582701139,True
1020,115,Substation,' ',34.0633109,-117.1207692,Mentone,sce,SUBSTATION,34.06330598,-117.12075725,0.0012292379864751986,True
1021,66,Substation,' ',34.04688623,-117.6749861,Narod,sce,SUBSTATION,34.04688134,-117.67497402,0.001238698736526976,True
1022,66,Substation,' ',34.05626401,-117.6435967,Orange Products,sce,SUBSTATION,34.05625912,-117.64358462,0.0012385881283942662,True
1023,115,Substation,' ',34.10192228,-117.3535111,Pepper,sce,SUBSTATION,34.10191737,-117.35349906,0.001235722521694645,True
1024,66,Substation,' ',33.996246,-117.733345,Peyton,sce,SUBSTATION,33.99624112,-117.7333329,0.0012404658793566821,True
1025,115,Substation,' ',34.42411111,-117.555725,Phelan,sce,SUBSTATION,34.42410617,-117.55571291,0.0012375115495409747,True
1026,66,Substation,' ',34.09293314,-117.5313242,Pipe,sce,SUBSTATION,34.09292823,-117.53131212,0.001239133643008297,True
1027,230,Substation,' ',34.78158159,-116.3847321,Pisgah,sce,SUBSTATION,34.78157654,-116.38472017,0.0012257346890464196,True
1028,66,Substation,' ',34.11371501,-117.45412,Randall,sce,SUBSTATION,34.1137101,-117.45410792,0.0012388884226092977,True
1029,66,Substation,' ',34.10092769,-117.5305121,Reduction,sce,SUBSTATION,34.10092279,-117.53050002,0.0012385497594444876,True
1030,115,Substation,' ',34.57613889,-117.4131611,Roadway,sce,SUBSTATION,34.57593805,-117.41313724,0.022438976142618125,True
1031,66,Substation,' ',34.0829,-117.506054,Rolling,sce,SUBSTATION,34.0828951,-117.50604195,0.0012362818623015339,True
1032,66,Substation,' ',34.09297352,-117.6975826,San Antonio,sce,SUBSTATION,34.09296863,-117.69757045,0.0012439491699760231,True
1033,115,Substation,' ',34.47410279,-117.2943238,Savage,sce,SUBSTATION,34.47409784,-117.29431177,0.0012324876941799691,True
1034,115,Substation,' ',34.16998056,-117.3302444,Shandin,sce,SUBSTATION,34.16997564,-117.3302324,0.0012321155932695051,True
1035,66,Substation,' ',33.96403334,-117.6953973,Soquel - (SCE),sce,SUBSTATION,33.96402847,-117.69538516,0.0012436800757398647,True
1036,66,Substation,' ',34.10043039,-117.2927014,Stoddard - (SCE),sce,SUBSTATION,34.10042547,-117.29268935,0.0012370574875005258,True
1037,66,Substation,' ',34.07700769,-117.5007479,Strip,sce,SUBSTATION,34.07700279,-117.5007358,0.0012404865888021332,True
1038,115,Substation,' ',34.02718056,-117.1112667,Tennessee,sce,SUBSTATION,34.02717564,-117.11125469,0.0012346124782277904,True
1039,66,Substation,' ',34.86323332,-117.0309806,Tortilla,sce,SUBSTATION,34.8632283,-117.03096851,0.001236256839878121,True
1040,66,Substation,' ',34.093625,-117.650043,Upland,sce,SUBSTATION,34.09362011,-117.6500309,0.0012398020542472548,True
1041,66,Substation,' ',34.04854595,-117.5249344,Wimbledon,sce,SUBSTATION,34.04854105,-117.52492231,0.0012399952250044008,True
1042,115,Substation,' ',34.07434697,-117.047645,Zanja,sce,SUBSTATION,34.07434204,-117.047633,0.0012337288401838514,True
1043,115,Substation,' ',33.10049167,-116.1153639,San Felipe,iid,SUBSTATION,33.10048681,-116.11535215,0.0012206499111259805,True
1044,66,Substation,' ',32.82773264,-116.7898943,Alpine - SDG&E,sdge,SUBSTATION,32.82772785,-116.78988242,0.0012312080689532853,True
1045,66,Substation,' ',33.13668611,-117.0703361,Ash,sdge,SUBSTATION,33.1366813,-117.0703242,0.0012303563901090776,True
1046,66,Substation,' ',33.38465278,-117.2368917,Avocado,sdge,SUBSTATION,33.38464795,-117.23687972,0.0012351838866271718,True
1047,66,Substation,' ',32.65348001,-116.679885,Barrett Lake,sdge,SUBSTATION,32.65347523,-116.6798732,0.0012259341641790598,True
1048,230,Substation,' ',33.10114166,-117.2504194,Batiquitos,sdge,SUBSTATION,33.10113686,-117.2504075,0.0012302775144217644,True
1049,66,Substation,' ',33.02151944,-117.0963,Bernardo,sdge,SUBSTATION,33.02151464,-117.0962881,0.0012311814251552697,True
1050,66,Substation,' ',32.56260275,-116.9431646,Border - (SDG&E),sdge,SUBSTATION,32.562598,-116.94315277,0.0012280410209169637,True
1051,66,Substation,' ',33.27086111,-116.3482139,Borrego - (SDG&E),sdge,SUBSTATION,33.27085624,-116.34820207,0.001225905112512813,True
1052,66,Substation,' ',33.00599188,-116.5862104,Boulder Creek - SDG&E West,sdge,SUBSTATION,33.00598706,-116.58619859,0.0012247713579245103,True
1053,66,Substation,' ',32.66173953,-116.2732725,Boulevard,sdge,SUBSTATION,32.6621752,-116.27218826,0.11246590174479813,True
1054,66,Substation,' ',32.70748299,-117.245054,Cabrillo - (SDG&E),sdge,SUBSTATION,32.70747823,-117.24504206,0.001236194157466839,True
1055,66,Substation,' ',32.65325187,-116.488157,Cameron - (SDG&E),sdge,SUBSTATION,32.65324709,-116.48814517,0.0012284682324430595,True
1056,115,Substation,' ',33.13739001,-117.332713,Cannon,sdge,SUBSTATION,33.13738521,-117.33270105,0.0012340613370488717,True
1057,115,Substation,' ',32.85492699,-117.0120254,Carlton Hills,sdge,SUBSTATION,32.85492221,-117.0120135,0.0012321059235399674,True
1058,115,Substation,' ',32.95836111,-117.1088083,Chicarita,sdge,SUBSTATION,32.95835632,-117.10879642,0.0012297336519581643,True
1059,66,Substation,' ',32.74376949,-117.0467861,Chollas,sdge,SUBSTATION,32.74376472,-117.04677426,0.0012278185229025042,True
1060,66,Substation,' ',32.8259013,-117.1839957,Clairemont,sdge,SUBSTATION,32.82589652,-117.18398375,0.0012366506967614573,True
1061,115,Substation,' ',33.01815277,-116.8529417,Creelman,sdge,SUBSTATION,33.01814796,-116.8529298,0.0012317020455924897,True
1062,66,Substation,' ',32.98069444,-117.2553722,Del Mar - (SDG&E),sdge,SUBSTATION,32.98068966,-117.25536028,0.0012323649374792814,True
1063,66,Substation,' ',32.86525136,-116.6337687,Descanso,sdge,SUBSTATION,32.86524656,-116.6337569,0.001224537636340589,True
1064,66,Substation,' ',32.681563,-117.120109,Division - (SDG&E),sdge,SUBSTATION,32.68155824,-117.12009712,0.0012314147190549442,True
1065,66,Substation,' ',32.90154502,-117.22992,Dunhill,sdge,SUBSTATION,32.90154024,-117.22990808,0.0012332632996536186,True
1066,66,Substation,' ',33.05067224,-117.2853194,Encinitas,sdge,SUBSTATION,33.05066745,-117.2853075,0.0012303689057973574,True
1067,66,Substation,' ',33.11580789,-117.0890752,Esco,sdge,SUBSTATION,33.11580308,-117.08906328,0.0012322714995184028,True
1068,230,Substation,' ',32.77171299,-117.164406,Fashion Valley,sdge,SUBSTATION ASSUMED,32.77170822,-117.16439407,0.0012350991413056407,True
1069,66,Substation,' ',33.0932544,-117.0736853,Felicita,sdge,SUBSTATION,33.09324959,-117.07367335,0.0012350466906692655,True
1070,66,Substation,' ',32.89497223,-117.1563222,Fenton,sdge,SUBSTATION,32.89496745,-117.1563103,0.0012316530516937722,True
1071,66,Substation,' ',32.65520139,-117.1153578,Fuel Oil Terminal,sdge,SUBSTATION,32.65519664,-117.11534589,0.0012337711311582894,True
1072,66,Substation,' ',32.82811905,-117.136126,General Dynamics,sdge,SUBSTATION,32.82811428,-117.13611411,0.0012310864227721855,True
1073,66,Substation,' ',32.87960999,-117.21362,Genesee,sdge,SUBSTATION,32.87960521,-117.21360809,0.0012326693296091575,True
1074,66,Substation,' ',32.79833889,-116.4983278,Glencliff,sdge,SUBSTATION,32.79833409,-116.498316,0.0012252854069023439,True
1075,66,Substation,' ',32.80440834,-116.9208861,Granite Hills,sdge,SUBSTATION,32.80440355,-116.92087424,0.0012297857326855743,True
1076,66,Substation,' ',33.37825236,-117.457539,Horno,sdge,SUBSTATION,33.37824754,-117.45752698,0.0012381216569905533,True
1077,66,Substation,' ',32.58336664,-117.0972389,Imperial Beach,sdge,SUBSTATION,32.58336189,-117.09722703,0.0012311936440941827,True
1078,66,Substation,' ',32.74416116,-116.9573083,Jamacha,sdge,SUBSTATION,32.74415638,-116.95729646,0.0012282948876844323,True
1079,66,Substation,' ',33.37430389,-117.5547883,Japanese Mesa,sdge,SUBSTATION,33.37429907,-117.55477629,0.0012373303196663132,True
1080,66,Substation,' ',32.83287778,-117.1319611,Kearny,sdge,SUBSTATION,32.83304308,-117.13399048,0.19049799561150962,True
1081,66,Substation,' ',32.73318101,-117.173771,Kettner,sdge,SUBSTATION,32.73317625,-117.17375908,0.0012342130413264686,True
1082,66,Substation,' ',32.84011391,-117.2752889,La Jolla,sdge,SUBSTATION,32.84010914,-117.27527697,0.0012343243177344722,True
1083,66,Substation,' ',33.31285,-117.4669222,Las Pulgas - (SDG&E),sdge,SUBSTATION,33.31284519,-117.46691023,0.001234208162511096,True
1084,66,Substation,' ',33.25324444,-117.0858528,Lilac,sdge,SUBSTATION,33.25323962,-117.08584085,0.0012336996784076699,True
1085,66,Substation,' ',33.2065,-117.2529028,Melrose,sdge,SUBSTATION,33.20649519,-117.25289083,0.0012354294007467835,True
1086,66,Substation,' ',32.82961391,-117.1572528,Mesa Heights,sdge,SUBSTATION,32.82960913,-117.15724086,0.0012357649706898099,True
1087,230,Substation,' ',32.90491833,-117.1731498,Mesa Rim,sdge,SUBSTATION,32.90491355,-117.17313784,0.0012365957187131964,True
1088,66,Substation,' ',32.89420147,-117.1355055,Miramar,sdge,SUBSTATION,32.89419668,-117.13549364,0.0012287753530999467,True
1089,66,Substation,' ',33.32911388,-117.2352528,Monserate,sdge,SUBSTATION,33.32910905,-117.23524082,0.0012358233016881387,True
1090,66,Substation,' ',32.63166669,-117.0996723,Montgomery,sdge,SUBSTATION,32.63166193,-117.09966038,0.0012353587102319488,True
1091,66,Substation,' ',33.25221389,-117.3003,Morro Hill,sdge,SUBSTATION,33.25220907,-117.30028804,0.0012345490984248305,True
1092,66,Substation,' ',32.79085555,-117.02305,Murray,sdge,SUBSTATION,32.79085077,-117.02303812,0.0012311429784901229,True
1093,66,Substation,' ',32.67309101,-117.107385,National City,sdge,SUBSTATION,32.67308625,-117.10737312,0.001231509940249812,True
1094,66,Substation,' ',33.19678962,-117.3818318,Oceanside,sdge,SUBSTATION,33.19678481,-117.38181982,0.0012363795884140379,True
1095,66,Substation,' ',32.59534999,-117.057828,Otay,sdge,SUBSTATION,32.59534524,-117.05781612,0.0012319056132874522,True
1096,66,Substation,' ',32.59710005,-116.9276917,Otay Lake,sdge,SUBSTATION,32.59709529,-116.92767981,0.001233209193411683,True
1097,66,Substation,' ',32.799202,-117.2402,Pacific Beach,sdge,SUBSTATION,32.79919723,-117.24018807,0.0012347879140344414,True
1098,66,Substation,' ',33.35572399,-117.1122384,Pala,sdge,SUBSTATION,33.35571915,-117.1122265,0.001229316168124848,True
1099,66,Substation,' ',32.70448899,-117.049995,Paradise - (SDG&E),sdge,SUBSTATION,32.70448422,-117.04998311,0.0012324799176511316,True
1100,66,Substation,' ',33.30916945,-117.3350361,Pendleton,sdge,SUBSTATION,33.30916463,-117.33502414,0.0012338956337714499,True
1101,66,Substation,' ',32.74148888,-117.2334,Point Loma,sdge,SUBSTATION,32.74148412,-117.23338806,0.0012358092065495106,True
1102,66,Substation,' ',32.97875278,-117.0312833,Poway,sdge,SUBSTATION,32.97874798,-117.03127144,0.0012283046592617439,True
1103,230,Substation,' ',32.66511502,-116.986682,Proctor Valley,sdge,SUBSTATION,32.66511026,-116.98667012,0.001231599570250433,True
1104,66,Substation,' ',32.993825,-117.0779056,Rancho Carmel,sdge,SUBSTATION,32.9938202,-117.07789365,0.0012356994656182105,True
1105,66,Substation,' ',33.01432222,-117.1985694,Rancho Santa Fe,sdge,SUBSTATION,33.01431743,-117.19855751,0.0012299409262014754,True
1106,66,Substation,' ',33.28585277,-116.9586528,Rincon - (SDG&E),sdge,SUBSTATION,33.28584794,-116.95864087,0.0012321362314570577,True
1107,66,Substation,' ',32.84455,-117.2370528,Rose Canyon,sdge,SUBSTATION,32.84454522,-117.23704087,0.0012347522634032894,True
1108,66,Substation,' ',32.69439301,-117.142389,Sampson,sdge,SUBSTATION,32.69438825,-117.14237712,0.0012312704768437676,True
1109,66,Substation,' ',33.12880001,-117.1972333,San Marcos - (SDG&E),sdge,SUBSTATION,33.1287952,-117.19722139,0.0012312847292682515,True
1110,66,Substation,' ',32.56217,-117.026761,San Ysidro,sdge,SUBSTATION,32.56216525,-117.02674915,0.001229738214848764,True
1111,66,Substation,' ',33.11050944,-116.6710459,Santa Ysabel,sdge,SUBSTATION,33.11050461,-116.67103403,0.0012291081386882918,True
1112,66,Substation,' ',32.85443801,-116.968369,Santee - (SDG&E),sdge,SUBSTATION,32.85443322,-116.96835714,0.0012292230626603869,True
1113,66,Substation,' ',32.67037102,-117.114654,Scrap Disposal Corp.,sdge,SUBSTATION ASSUMED,32.67036626,-117.11464209,0.0012340766149842117,True
1114,66,Substation,' ',32.91098058,-117.1125945,Scripps - (SDG&E),sdge,SUBSTATION,32.91097579,-117.11258255,0.0012361625944759531,True
1115,66,Substation,' ',32.73897899,-117.002741,Spring Valley,sdge,SUBSTATION,32.73897422,-117.00272912,0.0012312474570704867,True
1116,66,Substation,' ',32.71415112,-117.1695014,Station B - (SDG&E),sdge,SUBSTATION,32.71414636,-117.16948952,0.0012310482545541356,True
1117,66,Substation,' ',32.75496001,-117.12596,Station F,sdge,SUBSTATION,32.75495525,-117.12594809,0.001233122183519479,True
1118,66,Substation,' ',32.745658,-117.078598,Streamview,sdge,SUBSTATION,32.74565323,-117.07858613,0.0012303283595425484,True
1119,66,Substation,' ',33.25671667,-117.416575,Stuart - (SDG&E),sdge,SUBSTATION,33.25671185,-117.41656302,0.0012361729996644745,True
1120,66,Substation,' ',32.65802001,-117.030314,Sunnyside - (SDG&E),sdge,SUBSTATION,32.65801525,-117.03030214,0.001229988925840701,True
1121,66,Substation,' ',32.65832702,-117.091735,Sweetwater,sdge,SUBSTATION,32.65832226,-117.09172313,0.0012308305931560159,True
1122,66,Substation,' ',32.89869101,-117.240009,Torrey Pines,sdge,SUBSTATION,32.89868623,-117.23999706,0.0012349808746472983,True
1123,66,Substation,' ',32.7132472,-117.1514583,Urban,sdge,SUBSTATION,32.71324243,-117.15144643,0.0012306926153844635,True
1124,66,Substation,' ',32.730044,-117.110966,Wabash - (SDG&E),sdge,SUBSTATION,32.73003924,-117.11095412,0.0012308694253680696,True
1125,66,Substation,' ',33.24728884,-116.6759305,Warner - (SDG&E),sdge,SUBSTATION,33.24728399,-116.67591866,0.0012260259394565192,True
1126,66,Substation,' ',33.01541111,-117.0023194,Warren Canyon,sdge,SUBSTATION,33.01540631,-117.00230755,0.0012270511789856766,True
1127,115,Substation,' ',37.69167955,-122.4559379,Daly City,pge,SUBSTATION,37.69167461,-122.4559247,0.0012848109437464145,True
1128,230,Substation,' ',37.78753484,-122.3934471,Embarcadero,pge,SUBSTATION,37.78752989,-122.39343391,0.0012831348392770116,True
1129,115,Substation,' ',37.78365957,-122.4170094,Larkin,pge,SUBSTATION,37.78365462,-122.41699615,0.0012879548525711031,True
1130,115,Substation,' ',37.77735298,-122.4138229,Mission - (PG&E),pge,SUBSTATION,37.77734803,-122.41380967,0.0012864557049232046,True
1131,115,Substation,' ',37.65340549,-121.5268002,AEC 300,pge,SUBSTATION,37.65340049,-121.52678716,0.0012755261791311688,True
1132,66,Substation,' ',37.70515812,-121.3193468,Banta Carbona,pge_assumed,SUBSTATION,37.7051531,-121.31933378,0.001274195312491918,True
1133,115,Substation,' ',37.72176524,-121.5487876,Ellis - (Other),pge_assumed,SUBSTATION,37.72176024,-121.54877454,0.0012761575287781402,True
1134,66,Substation,' ',37.80950607,-121.2831109,Louise,pge_assumed,SUBSTATION ASSUMED,37.80950104,-121.28309786,0.001274810886690443,True
1135,115,Substation,' ',37.7407682,-121.4122755,Heinz,pge_assumed,SUBSTATION,37.74076318,-121.4122624,0.0012800271600163587,True
1136,115,Substation,' ',37.84226199,-121.054125,Avena,pge,SUBSTATION,37.84225694,-121.054112,0.0012721790123661272,True
1137,115,Substation,' ',37.752922,-121.350604,Banta,pge,SUBSTATION,37.75291698,-121.35059094,0.001276693270093198,True
1138,66,Substation,' ',37.74748343,-121.326734,Calvo,pge,SUBSTATION,37.74747841,-121.32672094,0.0012767691685700501,True
1139,115,Substation,' ',37.69223945,-121.4166814,Carbona,pge,SUBSTATION,37.69223444,-121.41666836,0.0012754709191628837,True
1140,66,Substation,' ',37.955259,-121.332594,Channel,pge,SUBSTATION,37.95525396,-121.33258093,0.0012756273313389603,True
1141,66,Substation,' ',38.00551199,-121.238009,Cherokee,pge,SUBSTATION,38.00550694,-121.23799594,0.0012746252682250875,True
1142,66,Substation,' ',38.19022444,-121.1818846,Colony,pge,SUBSTATION,38.19021937,-121.18187157,0.0012706657930349242,True
1143,66,Substation,' ',37.97921029,-121.316392,Country Club - PG&E,pge,SUBSTATION,37.97920524,-121.31637896,0.001273420115364675,True
1144,66,Substation,' ',37.96293399,-121.261635,East Stockton,pge,SUBSTATION,37.96292895,-121.26162196,0.0012731577247745332,True
1145,66,Substation,' ',37.88208899,-121.290364,French Camp,pge,SUBSTATION,37.88208395,-121.29035093,0.001276652032629376,True
1146,66,Substation,' ',37.83082516,-121.2636809,Gronemeyer,pge_assumed,SUBSTATION,37.83082013,-121.26366789,0.0012721466549817347,True
1147,66,Substation,' ',38.02160701,-121.320379,Hammer,pge,SUBSTATION,38.02160197,-121.32036593,0.0012746968851749631,True
1148,66,Substation,' ',37.96372899,-121.290389,Harding - (PG&E),pge,SUBSTATION,37.96372394,-121.29037593,0.001275997566484515,True
1149,115,Substation,' ',37.74881851,-121.4160218,Tracy - (PG&E),pge,SUBSTATION,37.74881349,-121.41600878,0.001273588512299509,True
1150,115,Substation,' ',37.74589043,-121.3411874,Kasson,pge,SUBSTATION,37.74588541,-121.34117433,0.001277582231558167,True
1151,66,Substation,' ',37.938572,-121.329094,Learner,pge,SUBSTATION ASSUMED,37.93856696,-121.32908091,0.0012774370455046337,True
1152,66,Substation,' ',37.75580975,-121.1465203,Ripon,pge,SUBSTATION,37.75580471,-121.14650732,0.0012713102691881834,True
1153,66,Substation,' ',38.01698501,-121.095863,Linden - (PG&E),pge,SUBSTATION,38.01697994,-121.09584994,0.0012754459314604472,True
1154,115,Substation,' ',37.72172801,-121.391948,TRACY DEFENSE DEPOT,pge,SUBSTATION,37.72172299,-121.39193496,0.0012755465528399104,True
1155,66,Substation,' ',37.99144843,-121.4788758,Mc Donald,pge,SUBSTATION,37.9914434,-121.47886274,0.001273844255097036,True
1156,66,Substation,' ',38.07792237,-121.2869017,Mettler,pge,SUBSTATION,38.07791732,-121.28688861,0.0012759674661819273,True
1157,66,Substation,' ',37.96937502,-121.280239,Monarch,pge,SUBSTATION,37.96936997,-121.28022592,0.001276705645903587,True
1158,66,Substation,' ',37.96883799,-121.185983,Mormon,pge,SUBSTATION,37.96883294,-121.18596995,0.0012743519255275521,True
1159,66,Substation,' ',38.02187,-121.280979,Mosher,pge,SUBSTATION,38.02186495,-121.28096595,0.0012736097653149585,True
1160,66,Substation,' ',37.94631912,-121.3285144,National,pge_assumed,SUBSTATION,37.94631408,-121.32850136,0.0012733899357924327,True
1161,66,Substation,' ',37.98051101,-121.298545,Oak Park - (PG&E),pge,SUBSTATION,37.98050597,-121.29853194,0.0012744861095363926,True
1162,115,Substation,' ',37.71339419,-121.487862,Owens Illinois,pge,SUBSTATION,37.71338919,-121.48784894,0.0012762743659687464,True
1163,66,Substation,' ',37.94339396,-121.3298474,Robertson,pge,SUBSTATION,37.94338892,-121.32983436,0.0012734308102381328,True
1164,66,Substation,' ',37.80650699,-121.290899,S.J. Power,pge,SUBSTATION ASSUMED,37.80650196,-121.29088596,0.0012748526965722616,True
1165,66,Substation,' ',37.90818416,-121.271139,Cargill,pge_assumed,SUBSTATION,37.90817912,-121.27112591,0.0012778634299702475,True
1166,66,Substation,' ',37.97851302,-121.27781,Sumiden Wire,pge_assumed,SUBSTATION,37.97850797,-121.27779693,0.0012757903915282763,True
1167,66,Substation,' ',38.11646156,-121.4221819,Terminous,pge,SUBSTATION,38.11645652,-121.42216882,0.0012741501694490398,True
1168,115,Substation,' ',37.85642659,-120.9444262,Valley Home,pge,SUBSTATION,37.85642153,-120.94441317,0.0012748364273889431,True
1169,66,Substation,' ',38.14550601,-121.177581,Victor - (PG&E),pge,SUBSTATION,38.14550095,-121.17756791,0.0012755061304079395,True
1170,66,Substation,' ',38.05163078,-121.2098926,Waterloo,pge,SUBSTATION,38.05162573,-121.20987949,0.0012779101202481985,True
1171,66,Substation,' ',37.99020651,-121.2836808,West Lane,pge,SUBSTATION,37.99020147,-121.28366768,0.0012790746892626789,True
1172,66,Substation,' ',35.46547218,-120.6714417,Atascadero,pge,SUBSTATION,35.46546732,-120.67142898,0.0012724372297549073,True
1173,66,Substation,' ',35.36124621,-120.8114339,Baywood,pge,SUBSTATION,35.36124137,-120.81142116,0.0012744890424845154,True
1174,115,Substation,' ',35.04694437,-120.5861056,Callendar,pge,SUBSTATION,35.04693954,-120.58609291,0.0012739548417715501,True
1175,66,Substation,' ',35.60042605,-121.1153792,Cambria,pge,SUBSTATION,35.60042121,-121.11536643,0.0012738363339361814,True
1176,115,Substation,' ',35.38068154,-120.0401942,Carrizo Plains,pge,SUBSTATION,35.38067665,-120.04018164,0.0012618497109994121,True
1177,66,Substation,' ',35.4487033,-120.8703597,Cayucos,pge,SUBSTATION,35.44869846,-120.87034699,0.0012708912328084313,True
1178,66,Substation,' ',35.68655,-120.3362306,Cholame,pge_assumed,SUBSTATION,35.6865451,-120.33621788,0.0012714630747914153,True
1179,115,Substation,' ',35.28670653,-120.7059138,Foothill - (PG&E),pge,SUBSTATION,35.28670169,-120.70590108,0.0012738095042777872,True
1180,66,Substation,' ',35.32017501,-120.6931445,Goldtree,pge,SUBSTATION,35.32017017,-120.69313182,0.0012700886395186927,True
1181,66,Substation,' ',35.30408758,-120.6579827,Cal Poly,pge_assumed,SUBSTATION,35.30408273,-120.65797,0.0012724110180948017,True
1182,115,Substation,' ',35.10171139,-120.5809911,Oceano,pge,SUBSTATION,35.10170656,-120.58097843,0.001271602631384368,True
1183,66,Substation,' ',35.61563887,-120.6794917,Paso Robles,pge,SUBSTATION,35.615634,-120.67947894,0.001274232225767083,True
1184,66,Substation,' ',35.57091817,-121.0553711,Perry - (PG&E),pge,SUBSTATION,35.57091333,-121.05535835,0.0012725826368940232,True
1185,66,Substation,' ',38.12992772,-121.2515619,Industrial - (PG&E),pge,SUBSTATION,38.12992266,-121.25154882,0.00127494051993755,True
1186,115,Substation,' ',35.04087227,-120.5908509,Union Oil,pge_assumed,SUBSTATION,35.04086745,-120.59083826,0.001269436514394969,True
1187,66,Substation,' ',37.48034045,-122.1677091,Tyco Electronics,pge_assumed,SUBSTATION,37.48033551,-122.16769598,0.0012814156759600969,True
1188,66,Substation,' ',37.42741667,-122.1752194,Stanford,pge_assumed,SUBSTATION,37.42741173,-122.17520631,0.0012797629464759938,True
1189,115,Substation,' ',37.6262453,-122.4035241,San Francisco Airport,pge,SUBSTATION,37.62624037,-122.40351088,0.0012868554878982313,True
1190,115,Substation,' ',37.49770281,-122.2140334,Bair,pge,SUBSTATION,37.49769787,-122.21402021,0.001286754296690885,True
1191,66,Substation,' ',37.47765834,-122.1685056,Belle Haven,pge,SUBSTATION,37.4776534,-122.16849241,0.0012870366880581162,True
1192,66,Substation,' ',37.56489266,-122.319312,Beresford,pge,SUBSTATION,37.56488772,-122.31929883,0.0012842132450063856,True
1193,115,Substation,' ',37.58992414,-122.363374,Burlingame,pge,SUBSTATION,37.58991921,-122.36336086,0.0012809956850629773,True
1194,66,Substation,' ',37.43002883,-122.1759994,Cardinal,pge_assumed,SUBSTATION ASSUMED,37.43002389,-122.17598628,0.0012821195664411832,True
1195,66,Substation,' ',37.55280499,-122.376312,Carolands,pge,SUBSTATION,37.55280007,-122.37629883,0.0012834339386550314,True
1196,66,Substation,' ',37.52998867,-122.3617254,Crystal Springs,pge,SUBSTATION,37.52998374,-122.36171223,0.0012842296493820432,True
1197,115,Substation,' ',37.65381238,-122.4031653,East Grand,pge,SUBSTATION,37.65380745,-122.40315206,0.001288057783449441,True
1198,66,Substation,' ',37.45715557,-122.1869222,Glenwood,pge,SUBSTATION,37.45715064,-122.18690908,0.0012812639922576627,True
1199,66,Substation,' ',37.46884722,-122.4301222,Half Moon Bay & CM&O Yard ,pge,SUBSTATION,37.4688423,-122.43010898,0.00128860996464889,True
1200,66,Substation,' ',37.46284168,-122.2279056,Las Pulgas - (PG&E),pge,SUBSTATION,37.46283675,-122.22789241,0.0012867712489026766,True
1201,66,Substation,' ',37.43280833,-122.2027583,Menlo,pge,SUBSTATION,37.4328034,-122.20274517,0.001282402848211405,True
1202,115,Substation,' ',37.60593813,-122.3918934,Millbrae - (PG&E),pge,SUBSTATION,37.60593319,-122.39188025,0.0012820427327945518,True
1203,66,Substation,' ',37.59480099,-122.488816,Pacifica,pge,SUBSTATION,37.59479607,-122.48880282,0.001283638849295157,True
1204,115,Substation,' ',37.43977501,-122.1153222,Colorado Power Station,pge_assumed,SUBSTATION,37.43977007,-122.1153091,0.0012803880369981542,True
1205,66,Substation,' ',37.51131389,-122.340125,Ralston - (PG&E),pge,SUBSTATION,37.51130896,-122.34011182,0.0012852902767028782,True
1206,66,Substation,' ',37.62095693,-122.4251145,San Bruno,pge,SUBSTATION,37.620952,-122.42510127,0.0012877273167920806,True
1207,115,Substation,' ',37.5114177,-122.2075808,Shredder,pge,SUBSTATION,37.51141277,-122.20756766,0.0012820985651162224,True
1208,66,Substation,' ',37.62203201,-122.446803,Sneath Lane,pge,SUBSTATION,37.62202708,-122.44678978,0.0012869151898383501,True
1209,66,Substation,' ',37.4872972,-122.3112195,Watershed,pge,SUBSTATION,37.48729227,-122.31120638,0.001280841990057881,True
1210,66,Substation,' ',37.43708061,-122.2421944,Woodside,pge,SUBSTATION,37.43707568,-122.24218129,0.0012807469101539803,True
1211,115,Substation,' ',34.68480877,-120.6038688,Surf,pge,SUBSTATION,34.68480399,-120.60385621,0.0012679472562540167,True
1212,115,Substation,' ',34.62477663,-120.1860946,Buellton,pge,SUBSTATION,34.62477183,-120.18608208,0.0012638290752147482,True
1213,115,Substation,' ',34.91052315,-120.4465126,Fairway,pge,SUBSTATION,34.91051833,-120.44649997,0.0012702715307694567,True
1214,115,Substation,' ',34.65639194,-120.4523604,Lompoc,pge_assumed,SUBSTATION,34.65638715,-120.45234779,0.0012704328156813954,True
1215,115,Substation,' ',34.60365397,-120.4569855,Manville,pge_assumed,SUBSTATION,34.60364918,-120.45697291,0.0012694369088822929,True
1216,115,Substation,' ',34.82531944,-120.2987944,Palmer,pge,SUBSTATION,34.82531463,-120.29878186,0.001263438226615334,True
1217,115,Substation,' ',34.7008539,-120.4355482,Purisima,pge,SUBSTATION,34.7008491,-120.43553555,0.0012736567727265108,True
1218,115,Substation,' ',34.62520111,-120.1193527,Santa Ynez,pge,SUBSTATION,34.6251963,-120.11934013,0.0012684407309820837,True
1219,115,Substation,' ',34.69670375,-120.1514768,Zaca,pge,SUBSTATION,34.69669893,-120.15146427,0.001264697672462208,True
1220,66,Substation,' ',34.40939472,-119.5150032,Carpinteria,sce,SUBSTATION,34.40938989,-119.51499079,0.0012587932045457892,True
1221,66,Substation,' ',34.4183926,-119.6857936,Desal,sce,SUBSTATION,34.41838779,-119.68578116,0.0012602262994281473,True
1222,66,Substation,' ',34.43113732,-119.9001029,Ellwood,sce,TAP,34.43113252,-119.90009043,0.001262089970340088,True
1223,66,Substation,' ',34.47602778,-120.1993556,Gaviota,sce,SUBSTATION,34.47602299,-120.19934301,0.0012710420201233342,True
1224,66,Substation,' ',34.43302157,-119.8713325,Isla Vista,sce,SUBSTATION,34.43301677,-119.87131997,0.0012670551732128293,True
1225,66,Substation,' ',34.41838335,-119.5867362,Ortega,sce,SUBSTATION,34.41837853,-119.58672375,0.0012615290584282156,True
1226,66,Substation,' ',34.42331477,-119.6855987,Santa Barbara,sce,SUBSTATION,34.42330996,-119.68558628,0.001258504686582635,True
1227,66,Substation,' ',34.44918609,-119.8158694,Vegas,sce,SUBSTATION,34.44918128,-119.81585696,0.001259845672846648,True
1228,115,Substation,' ',37.38564099,-122.009516,Advanced Micro Devices,pge_assumed,SUBSTATION ASSUMED,37.38563605,-122.00950288,0.0012827399832450626,True
1229,115,Substation,' ',37.37456219,-122.0163659,Britton,pge,SUBSTATION,37.37455725,-122.01635278,0.0012828947439438405,True
1230,115,Substation,' ',37.15817557,-121.6374928,Coyote Pumping,pge,SUBSTATION,37.15817063,-121.63747981,0.0012755034757870082,True
1231,115,Substation,' ',37.34735123,-121.9219112,FMC,pge,SUBSTATION,37.34734628,-121.92189814,0.0012789615194283837,True
1232,66,Substation,' ',37.323915,-122.07315,Monta Vista,pge,SUBSTATION,37.32391007,-122.07313689,0.001282326920963665,True
1233,66,Substation,' ',37.31791646,-122.0933215,Permanente - (Other),pge_assumed,SUBSTATION ASSUMED,37.31791153,-122.09330837,0.0012840096893030094,True
1234,115,Substation,' ',37.38493422,-122.0129783,Signetics,pge,SUBSTATION,37.38492928,-122.01296515,0.0012851456145945314,True
1235,66,Substation,' ',37.38000001,-122.0221528,Westinghouse,pge_assumed,SUBSTATION,37.37999507,-122.02213971,0.0012804238469432318,True
1236,115,Substation,' ',37.43273601,-121.941956,Wpcp,pge_assumed,SUBSTATION,37.43273106,-121.94194287,0.0012833560885931966,True
1237,66,Substation,' ',34.45776393,-118.5804806,Lockheed,sce,SUBSTATION,34.45775905,-118.58046829,0.0012523113763191643,True
1238,115,Substation,' ',37.41868054,-122.0393278,Moffet Field,wapa,SUBSTATION,37.4186756,-122.03931467,0.0012830762851017488,True
1239,66,Substation,' ',37.37651363,-121.9509018,Kifer,svp,SUBSTATION,37.37650869,-121.9508887,0.0012812706601489175,True
1240,66,Substation,' ',37.37099749,-121.9762828,Uranium,svp,SUBSTATION,37.37099255,-121.97626965,0.0012853408186746704,True
1241,66,Substation,' ',37.25996122,-121.8898984,Almaden,pge,SUBSTATION,37.25995628,-121.88988531,0.0012820941098297795,True
1242,115,Substation,' ',37.41763027,-122.0664166,Ames,pge,SUBSTATION,37.41762533,-122.06640351,0.0012798994029794245,True
1243,115,Substation,' ',37.20243127,-121.832955,Calero,pge_assumed,SUBSTATION,37.20242633,-121.83294198,0.0012772932548710102,True
1244,115,Substation,' ',37.2445636,-121.7950654,Edenvale,pge,SUBSTATION,37.24455865,-121.79505232,0.0012819852827638367,True
1245,115,Substation,' ',37.29203239,-121.9357659,El Patio,pge,SUBSTATION,37.29202746,-121.93575283,0.0012795732055932132,True
1246,115,Substation,' ',37.33426773,-121.8547515,Lsi Jennings,pge_assumed,SUBSTATION,37.33426279,-121.85473845,0.0012778666788564666,True
1247,115,Substation,' ',37.00726293,-121.5572443,Llagas,pge,SUBSTATION,37.00725799,-121.55723133,0.001275971064643553,True
1248,66,Substation,' ',37.39384445,-122.114725,Los Altos,pge,SUBSTATION,37.39383951,-122.11471187,0.001283423728985923,True
1249,66,Substation,' ',37.36105838,-122.0997084,Loyola,pge,SUBSTATION,37.36105344,-122.09969526,0.0012846809964919043,True
1250,115,Substation,' ',37.36081517,-121.8641576,Mabury,pge,SUBSTATION,37.36081022,-121.86414452,0.0012803703530768968,True
1251,115,Substation,' ',37.33627225,-121.8781761,Markham,pge,SUBSTATION ASSUMED,37.3362673,-121.87816304,0.0012791152707433385,True
1252,115,Substation,' ',37.36625341,-121.8433525,Mc Kee,pge,SUBSTATION,37.36624846,-121.84333939,0.0012826889457490415,True
1253,115,Substation,' ',37.41538249,-121.8883726,Milpitas,pge,SUBSTATION,37.41537753,-121.88835951,0.0012808867361929844,True
1254,115,Substation,' ',37.4033327,-121.9059904,Montague - (PG&E),pge,SUBSTATION,37.40332775,-121.90597735,0.0012773869394622182,True
1255,115,Substation,' ',37.12670056,-121.658903,Morgan Hill,pge,SUBSTATION,37.12669562,-121.65889,0.0012767361452357755,True
1256,115,Substation,' ',37.38260834,-122.0697194,Mt. View - (PG&E),pge,SUBSTATION,37.3826034,-122.06970633,0.0012787915063041222,True
1257,115,Substation,' ',37.32816531,-121.902405,San Jose Station A,pge,SUBSTATION,37.32816036,-121.90239191,0.0012816227458738603,True
1258,115,Substation,' ',37.34096401,-121.901525,San Jose Station B,pge,SUBSTATION,37.34095907,-121.90151191,0.001280967457283477,True
1259,115,Substation,' ',37.33599502,-122.043177,Stelling,pge,SUBSTATION,37.33599008,-122.0431639,0.0012818353784142696,True
1260,115,Substation,' ',37.304004,-121.867716,Stone,pge,SUBSTATION,37.30399905,-121.86770291,0.001281958784548425,True
1261,115,Substation,' ',37.32256802,-121.79696,Swift,pge,SUBSTATION,37.32256307,-121.79694692,0.001280902095216781,True
1262,115,Substation,' ',37.38206205,-121.9272426,Trimble,pge,SUBSTATION,37.38205711,-121.92722952,0.0012795970563030466,True
1263,115,Substation,' ',37.40499722,-122.0685528,Whisman,pge,SUBSTATION,37.40499229,-122.06853966,0.001283590781376174,True
1264,115,Substation,' ',37.33443633,-122.0206064,Wolfe,pge,SUBSTATION,37.3344314,-122.0205933,0.0012813809934634247,True
1265,66,Substation,' ',37.01728123,-122.1996819,Lone Star,pge_assumed,SUBSTATION,37.01727633,-122.19966883,0.0012819564067339418,True
1266,66,Substation,' ',37.13088801,-122.1721447,Big Basin,pge,SUBSTATION,37.13088311,-122.17213158,0.0012843967121647219,True
1267,66,Substation,' ',37.095332,-122.1442873,Burns,pge,SUBSTATION,37.09532709,-122.14427417,0.0012861663280585246,True
1268,115,Substation,' ',37.04188835,-122.0251366,Camp Evers,pge,SUBSTATION,37.04188344,-122.02512354,0.001281286288219343,True
1269,66,Substation,' ',37.02569744,-122.1548009,Crusher,pge,SUBSTATION,37.02569254,-122.15478776,0.0012874676437812473,True
1270,66,Substation,' ',36.93038173,-121.7642402,Erta,pge,SUBSTATION,36.93037681,-121.76422718,0.0012800830977303022,True
1271,66,Substation,' ',37.03106848,-122.1881733,Point Moretti,pge,SUBSTATION,37.03106358,-122.18816022,0.0012825693364344867,True
1272,115,Substation,' ',36.9792271,-121.8672496,Rob Roy,pge,SUBSTATION,36.97922218,-121.8672366,0.001277806579900938,True
1273,66,Substation,' ',40.90972376,-121.640867,Ultra Power - 96013,pge_assumed,SUBSTATION,40.9097185,-121.64085347,0.001278607239175006,True
1274,115,Substation,' ',40.61848609,-122.3237135,College View,pge_assumed,SUBSTATION,40.61848092,-122.32369995,0.0012800265466940885,True
1275,115,Substation,' ',40.57001643,-122.3141935,East Redding,pge_assumed,SUBSTATION,40.57001126,-122.31417994,0.0012815224673982414,True
1276,115,Substation,' ',40.58390341,-122.4377672,Eureka Way,pge_assumed,SUBSTATION,40.58389825,-122.43775362,0.001282321735457879,True
1277,115,Substation,' ',40.60184701,-122.3827079,Sulphur Creek,pge_assumed,SUBSTATION,40.60184184,-122.38269434,0.0012810354286727807,True
1278,66,Substation,' ',40.44973412,-122.3050459,Anderson,pge,SUBSTATION,40.44972895,-122.30503235,0.0012826039930476224,True
1279,66,Substation,' ',40.89453713,-122.380722,Antler,pge,SUBSTATION,40.89453194,-122.38070833,0.0012858030956821051,True
1280,115,Substation,' ',40.56241874,-122.3953543,Benton,pge,SUBSTATION,40.56241358,-122.39534077,0.0012788749254466652,True
1281,66,Substation,' ',40.55535283,-122.2398048,Deschutes,pge,SUBSTATION,40.55534765,-122.23979123,0.0012830007061159657,True
1282,66,Substation,' ',40.68689945,-122.641138,French Gulch,pge,SUBSTATION,40.6868943,-122.64112433,0.001287034833608852,True
1283,66,Substation,' ',40.51332737,-122.3787745,Girvan,pge,SUBSTATION,40.51332221,-122.37876091,0.0012841594786102294,True
1284,66,Substation,' ',41.051239,-121.408261,Mc Arthur,pge,SUBSTATION,41.05123372,-121.40824747,0.001277461299496707,True
1285,115,Substation,' ',40.4343679,-122.267923,Panorama,pge,SUBSTATION,40.43436274,-122.26790944,0.0012830973719092636,True
1286,66,Substation,' ',40.92900611,-121.5443868,Rising River,pge,SUBSTATION,40.92900085,-121.54437329,0.0012768185616111552,True
1287,66,Substation,' ',40.67776349,-122.3497752,Stillwater - (PG&E),pge,SUBSTATION,40.67775832,-122.3497616,0.0012828873816094944,True
1288,66,Substation,' ',40.62903386,-121.9158181,Whitmore,pge,SUBSTATION,40.62902865,-121.91580456,0.0012811164255685963,True
1289,66,Substation,' ',41.14611102,-122.3196401,Castella,pacificorp,SUBSTATION,41.14610581,-122.31962644,0.001282145857706854,True
1290,66,Substation,' ',41.17823801,-122.2907352,Nutglade,pacificorp,SUBSTATION,41.17823279,-122.29072156,0.0012806565157017543,True
1291,66,Substation,' ',41.05395082,-122.3818566,Shotgun Creek,pacificorp,SUBSTATION,41.05394562,-122.38184296,0.001281580515157299,True
1292,66,Substation,' ',40.97715517,-122.4563801,Slate Creek,pge_assumed,SUBSTATION,40.97714998,-122.45636648,0.0012807713332487682,True
1293,115,Substation,'IMPORT',39.52123111,-120.0086799,California,pge_assumed,SUBSTATION,39.52122583,-120.00866689,0.001260947825344317,True
1294,66,Substation,' ',39.59350924,-120.3811403,Sierraville,pge_assumed,SUBSTATION,39.59350399,-120.38112715,0.0012690075518798562,True
1295,66,Substation,' ',39.64613762,-120.217918,Sierra Brooks,pge_assumed,SUBSTATION,39.64613235,-120.21790488,0.001266994415882397,True
1296,66,Substation,' ',39.47039793,-120.1047022,Stampede Dam,pge_assumed,SUBSTATION,39.47039266,-120.1046891,0.0012679990909544871,True
1297,66,Substation,' ',39.46548156,-120.8448009,Alleghany,pge,SUBSTATION,39.46547635,-120.84478776,0.0012680537371464722,True
1298,66,Substation,' ',41.4320569,-122.3832214,International Paper,pacificorp,SUBSTATION,41.43205167,-122.3832077,0.0012816661925909398,True
1299,66,Substation,' ',41.28040267,-122.3283891,Lake Siskiyou,pge_assumed,SUBSTATION,41.28039745,-122.32837541,0.001282792449256614,True
1300,66,Substation,' ',41.61676202,-122.3993063,Big Springs,pacificorp,SUBSTATION,41.61675678,-122.39929259,0.0012800120407310018,True
1301,66,Substation,' ',41.60541943,-122.8501503,Fort Jones,pacificorp,SUBSTATION,41.60541423,-122.85013651,0.0012841078304584959,True
1302,66,Substation,' ',41.71130374,-122.6490047,Greenhorn - (PCORP),pacificorp,SUBSTATION,41.71129852,-122.64899091,0.001283430559453992,True
1303,66,Substation,' ',41.78021618,-123.071222,Hamburg,pacificorp,SUBSTATION,41.78021098,-123.0712081,0.0012894765119027464,True
1304,66,Substation,' ',41.80354175,-123.372551,Happy Camp,pacificorp,SUBSTATION,41.80353658,-123.37253706,0.0012905764958445682,True
1305,115,Substation,' ',41.71162517,-122.3601712,Hart,pacificorp,SUBSTATION,41.71161992,-122.36015744,0.0012827196719745787,True
1306,66,Substation,' ',41.89799074,-122.5399625,Hornbrook,pacificorp,SUBSTATION,41.8979855,-122.53994865,0.0012858956491153945,True
1307,66,Substation,' ',41.70174113,-122.3696599,Little Shasta,pacificorp,SUBSTATION,41.70173588,-122.36964615,0.0012821368326108638,True
1308,66,Substation,' ',41.2663287,-122.125997,Mccloud,pacificorp,SUBSTATION,41.26632347,-122.12598338,0.001278303006207821,True
1309,66,Substation,' ',41.72704111,-122.5364216,Montague - (PCORP),pacificorp,SUBSTATION,41.72703587,-122.53640784,0.001281969964983077,True
1310,66,Substation,' ',41.26271288,-122.2704296,Mott,pacificorp,SUBSTATION,41.26270765,-122.27041589,0.0012850628263032988,True
1311,66,Substation,' ',41.30465314,-122.3218293,Mt. Shasta,pacificorp,SUBSTATION,41.30464792,-122.32181563,0.0012809238286832043,True
1312,66,Substation,' ',41.22066964,-122.2763499,North Dunsmuir,pacificorp,SUBSTATION,41.22066442,-122.27633622,0.001282979742021352,True
1313,66,Substation,' ',41.74229468,-122.9995371,Scott Bar,pacificorp,SUBSTATION,41.74228949,-122.9995233,0.0012821732878631992,True
1314,66,Substation,' ',41.8405331,-123.1919616,Seiad,pacificorp,SUBSTATION,41.84052791,-123.19194771,0.0012872678887685318,True
1315,115,Substation,' ',41.54864896,-122.3641931,Shastina,pacificorp,SUBSTATION,41.54864372,-122.36417933,0.0012855318716298982,True
1316,66,Substation,' ',41.26799279,-122.2389364,Snow Brush,pacificorp,SUBSTATION,41.26798756,-122.23892274,0.0012812551732759273,True
1317,66,Substation,' ',41.49312367,-122.905649,Walker Bryan,pacificorp,SUBSTATION,41.49311848,-122.90563519,0.001286876998983469,True
1318,66,Substation,' ',41.37290596,-122.8329384,Yuba,pacificorp,SUBSTATION,41.37290077,-122.83292463,0.0012857995390834897,True
1319,66,Substation,' ',38.8565124,-121.7859242,Rclm. Dist. 2047,pge_assumed,SUBSTATION,38.85650732,-121.78591098,0.0012764997809804636,True
1320,230,Substation,' ',38.40329935,-121.9226354,Amerigas,pge,SUBSTATION,38.40329431,-121.92262217,0.0012818450735246542,True
1321,66,Substation,' ',38.04375716,-121.9876197,GWF 5,pge_assumed,SUBSTATION,38.04375216,-121.98760655,0.0012787414785015764,True
1322,66,Substation,' ',38.03083399,-121.946022,Shell Chemical,pge,SUBSTATION,38.03082899,-121.94600882,0.0012812912998628773,True
1323,66,Substation,' ',38.03229044,-122.1199925,Stauffer - PG&E Southwest,pge,SUBSTATION ASSUMED,38.03228545,-122.11997929,0.001283157175420335,True
1324,115,Substation,' ',38.08549398,-122.2572744,Mare Island Station H,pge_assumed,SUBSTATION,38.085489,-122.25726115,0.0012850765738343672,True
1325,66,Substation,' ',38.27151996,-121.9333985,Travis AB,pge,SUBSTATION,38.27155246,-121.93341189,0.0037981784089235796,True
1326,230,Substation,' ',38.08087076,-122.1373891,Bahia,pge,SUBSTATION,38.08086577,-122.13737587,0.0012840433899800835,True
1327,66,Substation,' ',38.3870864,-121.7758553,Batavia,pge,SUBSTATION,38.38708136,-121.77584211,0.0012789428932843624,True
1328,66,Substation,' ',38.29639272,-121.7481614,Cache Slough,pge,SUBSTATION,38.29638768,-121.74814821,0.0012802376133230066,True
1329,66,Substation,' ',38.44525036,-121.8260198,Dixon,pge,SUBSTATION,38.44524532,-121.8260066,0.0012788941155975212,True
1330,115,Substation,' ',38.23623323,-122.0966651,Hale,pge_assumed,SUBSTATION,38.23622822,-122.09665189,0.0012812122065431757,True
1331,66,Substation,' ',38.3847599,-121.7586908,Maine Prairie,pge,SUBSTATION,38.38475486,-121.75867761,0.0012789761342939458,True
1332,115,Substation,' ',38.06582097,-122.1963293,North Tower,pge,SUBSTATION,38.06581598,-122.19631613,0.0012795232027799273,True
1333,66,Substation,' ',38.24513201,-122.041256,Suisun,pge,SUBSTATION,38.245127,-122.04124278,0.001281871501045732,True
1334,66,Substation,' ',38.51760057,-121.9511518,Winters,pge,SUBSTATION,38.51759553,-121.95113858,0.0012794215086158677,True
1335,66,Substation,' ',38.68030292,-123.3118863,Annapolis,pge,SUBSTATION,38.68029797,-123.31187282,0.0012931071899749786,True
1336,66,Substation,' ',38.309559,-122.731648,Cotati,pge,SUBSTATION,38.30955404,-122.73163467,0.0012872066752595752,True
1337,66,Substation,' ',38.539593,-123.223702,Fort Ross,pge,SUBSTATION,38.53958806,-123.22368859,0.001289203481689605,True
1338,66,Substation,' ',38.70981339,-122.9079796,Geyserville,pge,SUBSTATION,38.70980841,-122.90796625,0.0012839084692502628,True
1339,66,Substation,' ',38.48950733,-122.8941827,Mirabel,pge,SUBSTATION,38.48950237,-122.89416935,0.0012861669069778904,True
1340,66,Substation,' ',38.42528801,-122.832326,Molino,pge,SUBSTATION,38.42528304,-122.83231264,0.0012883655297912472,True
1341,66,Substation,' ',38.47141397,-123.0122363,Monte Rio,pge,SUBSTATION,38.47140902,-123.01222292,0.0012883149508360902,True
1342,115,Substation,' ',38.31550856,-122.6811315,Penngrove,pge,SUBSTATION,38.31550359,-122.68111816,0.001288385374062417,True
1343,66,Substation,' ',38.23908895,-122.6367124,Petaluma Station C,pge,SUBSTATION,38.23908398,-122.63669905,0.0012902817328193687,True
1344,66,Substation,' ',38.23417,-122.636224,Petaluma Station A,pge,SUBSTATION,38.23416504,-122.6362107,0.0012859307527616315,True
1345,115,Substation,' ',38.49006768,-122.6660723,Rincon - (PG&E),pge,SUBSTATION,38.4900627,-122.66605899,0.001283972132334452,True
1346,66,Substation,' ',38.34344601,-123.044758,Salmon Creek,pge,SUBSTATION,38.34344107,-123.0447446,0.0012912860603815411,True
1347,115,Substation,' ',38.16136109,-122.3810185,Skaggs Island,pge,SUBSTATION,38.16135612,-122.38100529,0.0012803551486841311,True
1348,66,Substation,' ',38.37001596,-122.7641156,Stony Point,pge,SUBSTATION,38.37001099,-122.7641023,0.0012844458681678611,True
1349,115,Substation,' ',37.53231402,-121.2593287,Texaco Trading,pge_assumed,SUBSTATION,37.53230901,-121.25931566,0.0012776933928486094,True
1350,66,Substation,' ',37.70453399,-120.4341003,Bonds Flat,pge_assumed,SUBSTATION,37.70452891,-120.43408744,0.0012645317974755539,True
1351,66,Substation,' ',37.66683999,-120.976886,Briggsmore,pge_assumed,SUBSTATION,37.66683495,-120.97687302,0.001272540923451822,True
1352,66,Substation,' ',37.65210701,-121.001287,Enslen,pge_assumed,SUBSTATION,37.65210198,-121.00127404,0.0012706740473110757,True
1353,66,Substation,' ',37.68242601,-121.085836,Finney,pge_assumed,SUBSTATION,37.68242098,-121.08582302,0.0012718361008321937,True
1354,66,Substation,' ',37.732516,-121.013993,Ladd,pge_assumed,SUBSTATION,37.73251096,-121.01398,0.0012732117305488152,True
1355,66,Substation,' ',37.64885953,-120.9396607,Lincoln - 95354,pge_assumed,SUBSTATION,37.64885449,-120.93964774,0.0012712086674065988,True
1356,66,Substation,' ',37.66751202,-120.95819,Oakdale -95355,pge_assumed,SUBSTATION,37.66750698,-120.95817703,0.001271741462892689,True
1357,66,Substation,' ',37.62169302,-121.020254,Paradise - (Other),pge_assumed,SUBSTATION,37.62168799,-121.02024104,0.0012710935062111713,True
1358,66,Substation,' ',37.66464701,-121.044461,Poust,pge_assumed,SUBSTATION,37.66464197,-121.04444801,0.001273361559657502,True
1359,66,Substation,' ',37.67171599,-121.027432,Prescott,pge_assumed,SUBSTATION,37.67171095,-121.02741903,0.0012716834144968622,True
1360,66,Substation,' ',37.64689487,-120.7734451,Reinway,pge_assumed,SUBSTATION,37.64688981,-120.7734322,0.0012674819926575091,True
1361,66,Substation,' ',37.68012402,-120.940094,Roselle,pge_assumed,SUBSTATION,37.68011897,-120.94008101,0.0012736373029589106,True
1362,115,Substation,' ',37.62764954,-120.9751518,Santa Cruz,pge_assumed,SUBSTATION,37.6276445,-120.97513881,0.0012738731230992554,True
1363,66,Substation,' ',37.63492302,-120.979526,Santa Rosa - (Other),pge_assumed,SUBSTATION,37.63491798,-120.97951304,0.0012714008219493658,True
1364,66,Substation,' ',37.68474201,-121.051988,Sisk,pge_assumed,SUBSTATION,37.68473698,-121.05197498,0.0012749662811415837,True
1365,66,Substation,' ',37.69039686,-121.0211042,Standiford,pge_assumed,SUBSTATION,37.69039182,-121.02109124,0.0012706356427353697,True
1366,66,Substation,' ',37.70406301,-121.068657,Stoddard - (Other),pge_assumed,SUBSTATION,37.70405797,-121.06864401,0.0012728161376380517,True
1367,66,Substation,' ',37.68841599,-120.976619,Sylvan,pge_assumed,SUBSTATION,37.68841094,-120.97660604,0.0012711537967076128,True
1368,66,Substation,' ',37.68587302,-121.003819,Woodrow,pge_assumed,SUBSTATION,37.68586798,-121.00380601,0.0012730678946000693,True
1369,66,Substation,' ',37.60890546,-120.956186,Ceres,pge_assumed,SUBSTATION,37.60890042,-120.95617301,0.0012741321534829144,True
1370,115,Substation,' ',37.46266378,-120.740225,Cortez - (Other),pge_assumed,SUBSTATION,37.46265874,-120.74021209,0.001269809961392951,True
1371,66,Substation,' ',37.57986687,-120.6453751,Hawkins,pge_assumed,SUBSTATION,37.57986181,-120.64536219,0.0012691896467647195,True
1372,115,Substation,' ',37.41894801,-120.848808,Hilmar,pge_assumed,SUBSTATION,37.41894299,-120.84879508,0.0012702212547558384,True
1373,66,Substation,' ',37.55146111,-120.7712944,Montpellier,pge_assumed,SUBSTATION,37.55145607,-120.77128149,0.0012685945840506811,True
1374,66,Substation,' ',37.58704202,-120.935646,Roeding,pge_assumed,SUBSTATION,37.58703698,-120.93563304,0.0012720605823038406,True
1375,66,Substation,' ',37.60983162,-120.8467248,Tuolumne,pge_assumed,SUBSTATION,37.60982657,-120.8467118,0.001275399677721546,True
1376,115,Substation,' ',37.55399055,-121.3083704,Modesto Energy,pge,SUBSTATION,37.55398555,-121.30835733,0.0012792893000734026,True
1377,66,Substation,' ',37.47172611,-121.1264485,Patterson,pge_assumed,SUBSTATION ASSUMED,37.4717211,-121.12643557,0.001269802996986417,True
1378,115,Substation,' ',37.76920307,-120.9078448,Riverbank,pge,SUBSTATION,37.76919802,-120.9078318,0.0012731929613216417,True
1379,115,Substation,' ',37.42194799,-121.147482,Salado,pge,SUBSTATION,37.42194298,-121.14746903,0.0012736611483689995,True
1380,66,Substation,' ',37.37738333,-121.0859027,Crows Landing - (PG&E),pge,SUBSTATION,37.37737832,-121.08588977,0.0012710960070543896,True
1381,115,Substation,' ',37.75093426,-120.845295,Hershey,pge,SUBSTATION,37.75092921,-120.84528202,0.001271868301175624,True
1382,230,Substation,' ',37.25318899,-121.1182195,Miller,pge,SUBSTATION,37.25318399,-121.11820651,0.001277086788218418,True
1383,66,Substation,' ',37.31558611,-121.0150139,Newman,pge,SUBSTATION,37.31558111,-121.01500098,0.0012706597495207186,True
1384,115,Substation,' ',37.38596944,-121.1407139,Stanislaus Resource Recovery Facility,pge_assumed,SUBSTATION,37.38596444,-121.14070092,0.0012744650410929335,True
1385,66,Substation,' ',38.78480978,-121.6551594,Rclm. Dist. 1500,pge_assumed,SUBSTATION,38.7848047,-121.65514613,0.0012814226783253958,True
1386,66,Substation,' ',38.79018562,-121.5976352,Rclm. Dist. 1001,pge_assumed,SUBSTATION,38.79018053,-121.59762196,0.0012795030043751972,True
1387,66,Substation,' ',39.06921639,-121.6898478,Barry,pge,SUBSTATION,39.06921128,-121.68983455,0.0012772255977976214,True
1388,66,Substation,' ',38.80884801,-121.516414,Catlett,pge,SUBSTATION,38.80884291,-121.51640082,0.0012750674322006608,True
1389,230,Substation,' ',39.05180085,-121.6962463,Greenleaf 1 - Sutter,pge,SUBSTATION ASSUMED,39.05179575,-121.69623301,0.0012800798393562557,True
1390,66,Substation,' ',39.1432819,-121.6480153,Harter,pge,SUBSTATION,39.14327679,-121.648002,0.0012800122217596437,True
1391,66,Substation,' ',39.27639001,-121.6602999,Live Oak - 95953,pge,SUBSTATION,39.27638489,-121.66028657,0.0012808737848462408,True
1392,66,Substation,' ',39.14495364,-121.9105311,Meridian,pge,SUBSTATION,39.14494855,-121.91051777,0.0012813226807170963,True
1393,66,Substation,' ',39.17023248,-121.6613095,Pease,pge,SUBSTATION,39.17022737,-121.66129627,0.001274214554808595,True
1394,66,Substation,' ',38.86241636,-121.7931625,Rclm. Dist. 108,pge_assumed,SUBSTATION,38.86241128,-121.79314922,0.0012810751729950831,True
1395,66,Substation,' ',39.93243151,-122.1875897,Corning,pge,SUBSTATION,39.93242638,-122.18757622,0.0012831332669674335,True
1396,66,Substation,' ',40.12802358,-122.0983563,Dairyville,pge,SUBSTATION,40.12801843,-122.09834284,0.0012796576991437117,True
1397,66,Substation,' ',40.06410008,-122.1560572,Gerber,pge,SUBSTATION,40.06409493,-122.15604376,0.0012790974379046148,True
1398,66,Substation,' ',40.03419988,-122.0961178,Los Molinos,pge,SUBSTATION,40.03419473,-122.09610432,0.0012825924940993926,True
1399,66,Substation,' ',40.14997335,-122.2130231,Rawson Packaging,pge,SUBSTATION,40.1499682,-122.21300961,0.0012816077496037607,True
1400,66,Substation,' ',40.14574122,-122.1994669,Red Bank,pge,SUBSTATION,40.14573607,-122.19945344,0.0012793909045622168,True
1401,66,Substation,' ',40.18238662,-122.2446177,Red Bluff - (PG&E),pge,SUBSTATION,40.18238147,-122.24460425,0.0012780792935263609,True
1402,66,Substation,' ',40.13847475,-122.2088409,Tyler,pge,SUBSTATION,40.1384696,-122.2088274,0.0012825419580699442,True
1403,66,Substation,' ',39.94163705,-122.0417015,Vina,pge,SUBSTATION,39.94163191,-122.04168807,0.0012796742737587851,True
1404,66,Substation,' ',40.74156839,-123.2093541,Big Bar,pge_assumed,SUBSTATION,40.74156328,-123.2093404,0.001286480606219856,True
1405,115,Substation,' ',40.37833449,-123.3388827,Forest Glen,pge_assumed,SUBSTATION,40.37832942,-123.33886905,0.0012863596705234132,True
1406,66,Substation,' ',40.71262604,-123.5301757,Grouse Creek,pge_assumed,SUBSTATION,40.71262096,-123.53016197,0.0012877335252448124,True
1407,66,Substation,' ',40.55234414,-123.1628797,Hayfork,pge_assumed,SUBSTATION,40.55233904,-123.16286601,0.0012881733888792848,True
1408,66,Substation,' ',40.63741925,-123.4893376,Hyampom,pge_assumed,SUBSTATION,40.63741417,-123.48932386,0.0012896659035334839,True
1409,115,Substation,' ',40.43324913,-123.4726911,Low Gap,pge,SUBSTATION,40.43324406,-123.47267743,0.001287033663767709,True
1410,66,Substation,' ',40.72322839,-122.9386675,Mill Street,pge_assumed,SUBSTATION,40.72322326,-122.93865383,0.0012854835630241811,True
1411,115,Substation,' ',40.38716974,-123.044104,Wildwood,pge,SUBSTATION,40.38716464,-123.04409036,0.0012869286353172948,True
1412,115,Substation,' ',35.96336389,-119.4568361,Alpaugh,pge,SUBSTATION,35.9633589,-119.45682356,0.0012576250587303787,True
1413,66,Substation,' ',36.52023058,-119.3943083,Dinuba,pge_assumed,SUBSTATION,36.52022553,-119.39429573,0.0012558120873259135,True
1414,66,Substation,' ',36.54483612,-119.2514194,Orosi,pge,SUBSTATION,36.54483107,-119.25140686,0.001253096076577555,True
1415,66,Substation,' ',36.47211377,-119.1880105,Stone Corral,pge,SUBSTATION,36.47210872,-119.18799796,0.0012540374617040465,True
1416,66,Substation,' ',36.16692648,-119.2065943,Bliss,sce,SUBSTATION,36.16692146,-119.20658177,0.001255682702245316,True
1417,66,Substation,' ',36.12653059,-118.8215139,Boxwood,sce,SUBSTATION,36.12652555,-118.82150145,0.0012507638977696958,True
1418,66,Substation,' ',35.77875298,-119.3050707,Captive,sce,SUBSTATION,35.778748,-119.3050582,0.001256258908435529,True
1419,66,Substation,' ',36.41450277,-119.2964557,Chatham,sce,SUBSTATION,36.41449773,-119.29644309,0.0012598919238520708,True
1420,66,Substation,' ',35.8343055,-119.2100027,Columbine,sce,SUBSTATION,35.83430051,-119.20999022,0.001254424825745995,True
1421,66,Substation,' ',36.18544198,-119.3341851,Protein,sce,SUBSTATION,36.18543697,-119.33417252,0.0012589731855365816,True
1422,66,Substation,' ',35.89225701,-119.2507923,Earlimart,sce,SUBSTATION,35.89225202,-119.25077978,0.0012569195381142433,True
1423,66,Substation,' ',36.34271821,-119.3920717,Elcans,sce,SUBSTATION,36.34271319,-119.39205915,0.0012550228613940116,True
1424,66,Substation,' ',36.32655001,-119.4391583,Goshen,sce,SUBSTATION,36.32654499,-119.43914573,0.001256836875354378,True
1425,66,Substation,' ',36.41545452,-119.0077184,Kawgen,sce,SUBSTATION,36.41544946,-119.00770586,0.0012552679295057924,True
1426,66,Substation,' ',36.239925,-119.4755333,Laurel,sce,SUBSTATION,36.23991999,-119.47552075,0.0012558566207585622,True
1427,66,Substation,' ',36.38670269,-119.0263491,Lemon Cove,sce,SUBSTATION,36.38669763,-119.02633654,0.0012572399000112253,True
1428,66,Substation,' ',36.28307499,-119.3321667,Liberty,sce,SUBSTATION,36.28306997,-119.33215414,0.0012565964005299903,True
1429,66,Substation,' ',36.20430092,-119.09202,Lindsay,sce,SUBSTATION,36.20429589,-119.09200743,0.0012589112923092538,True
1430,66,Substation,' ',36.13140322,-119.3292217,Lourich,sce,SUBSTATION,36.13139821,-119.32920912,0.001259671299243409,True
1431,66,Substation,' ',36.34136944,-119.3672861,Oak Grove,sce,SUBSTATION,36.34136441,-119.36727353,0.001257139287899779,True
1432,66,Substation,' ',36.12372922,-119.3945203,Octol,sce,SUBSTATION,36.12372422,-119.39450775,0.001256861928529899,True
1433,66,Substation,' ',35.96472074,-119.3033598,Pixley,sce,SUBSTATION,35.96471575,-119.30334731,0.0012535709524509105,True
1434,66,Substation,' ',35.99376384,-119.1440972,Poplar,sce,SUBSTATION,35.99375884,-119.14408471,0.001253692817034311,True
1435,66,Substation,' ',36.06738391,-119.0347003,Porterville,sce,SUBSTATION,36.06737889,-119.03468784,0.0012513267664862435,True
1436,66,Substation,' ',36.14585279,-119.0579195,Strathmore,sce,SUBSTATION,36.14584776,-119.05790697,0.001256448127625852,True
1437,66,Substation,' ',35.96392382,-119.0184794,Terra Bella,sce,SUBSTATION,35.96391881,-119.01846689,0.0012561801138271935,True
1438,66,Substation,' ',36.45348612,-118.8879166,Three Rivers,sce,SUBSTATION,36.45348105,-118.88790412,0.001250483224314157,True
1439,66,Substation,' ',36.05188566,-119.304212,Tipton,sce,SUBSTATION,36.05188066,-119.30419941,0.0012610129719169184,True
1440,66,Substation,' ',36.21327501,-119.3305945,Tulare,sce,SUBSTATION,36.21326999,-119.33058189,0.001261518926321226,True
1441,66,Substation,' ',36.41429483,-119.1891356,Venice Hill,sce,SUBSTATION,36.41428979,-119.18912308,0.0012526868386832483,True
1442,66,Substation,' ',36.32536944,-119.1345972,Venida,sce,SUBSTATION,36.3253644,-119.13458469,0.0012530315482164136,True
1443,66,Substation,' ',36.32979445,-119.2789611,Visalia,sce,SUBSTATION,36.32978942,-119.27894854,0.0012564869016457245,True
1444,66,Substation,' ',35.91083611,-119.1444611,Wheatland - (SCE),sce,SUBSTATION,35.91083111,-119.14444858,0.00125717337157371,True
1445,66,Substation,' ',36.08056666,-119.1791443,Woodville,sce,SUBSTATION,36.08056164,-119.17913174,0.0012592078641596493,True
1446,115,Substation,' ',37.87515279,-119.9657761,Early Intake,pge_assumed,SUBSTATION,37.87514766,-119.96576321,0.0012670464096605218,True
1447,115,Substation,' ',37.87474609,-120.4785168,Chinese Station,pge,SUBSTATION,37.87474099,-120.4785039,0.0012663384155410483,True
1448,115,Substation,' ',37.97443256,-120.3199068,Curtis,pge,SUBSTATION,37.97442745,-120.3198939,0.0012654659911036541,True
1449,115,Substation,' ',37.97434629,-120.3156685,Fibreboard Standard Spi,pge,SUBSTATION,37.97434117,-120.31565559,0.001266749802604668,True
1450,115,Substation,' ',38.05289438,-120.217135,Mi-Wuk,pge,SUBSTATION,38.05288926,-120.21712205,0.001268796263684068,True
1451,115,Substation,' ',37.90373843,-120.4978113,Peoria,pge,SUBSTATION,37.90373334,-120.49779833,0.0012709382182044722,True
1452,115,Substation,' ',37.97991079,-120.4141781,Racetrack,pge,SUBSTATION,37.97990568,-120.41416513,0.0012708755204825517,True
1453,66,Substation,' ',34.18755642,-118.8717579,Thousand Oaks,sce,SUBSTATION,34.18755158,-118.87174559,0.001253676976618159,True
1454,66,Substation,' ',34.22072778,-119.0085833,Camarillo,sce,SUBSTATION,34.22072295,-119.00857101,0.0012511364563365622,True
1455,66,Substation,' ',34.16190002,-119.0476223,Camgen,sce,SUBSTATION,34.1618952,-119.04760993,0.0012580273618399197,True
1456,66,Substation,' ',34.18167399,-119.222197,Channel Island,sce,SUBSTATION,34.18166918,-119.22218463,0.001257312728882743,True
1457,66,Substation,' ',34.23676111,-118.7028916,Chatsworth,sce,SUBSTATION,34.23675626,-118.70287937,0.0012469232415709512,True
1458,66,Substation,' ',34.20462779,-119.0963556,Colonia,sce,SUBSTATION,34.20462297,-119.09634323,0.0012575059932963726,True
1459,66,Substation,' ',34.14596946,-119.0956666,Estero,sce,SUBSTATION,34.14596464,-119.0956543,0.0012523964476016452,True
1460,66,Substation,' ',34.23179724,-118.7103557,Etec-Gen,sce,SUBSTATION,34.23179239,-118.71034338,0.0012544482324863516,True
1461,66,Substation,' ',34.40884448,-118.9207778,Fillmore,sce,SUBSTATION,34.40883963,-118.92076548,0.001252293747647501,True
1462,66,Substation,' ',34.32054899,-119.263129,Getty,sce,SUBSTATION,34.32054416,-119.26311664,0.0012557335485601881,True
1463,66,Substation,' ',34.22619445,-119.1757972,Gonzales - (SCE),sce,SUBSTATION,34.22618963,-119.17578487,0.001253916972281011,True
1464,66,Substation,' ',34.17385279,-119.1567444,Levy,sce,SUBSTATION,34.17384797,-119.15673209,0.0012528901450492061,True
1465,66,Substation,' ',34.19608611,-118.9310028,Newbury,sce,SUBSTATION,34.19608127,-118.93099047,0.0012552350835351581,True
1466,66,Substation,' ',34.18618553,-118.7847011,Oak Park - (SCE),sce,SUBSTATION,34.18618069,-118.7846888,0.0012528628994602578,True
1467,66,Substation,' ',34.44562298,-119.242407,Ojai,sce,SUBSTATION,34.44561814,-119.2423946,0.0012579931729685054,True
1468,66,Substation,' ',34.19716666,-119.1743083,Oxnard,sce,SUBSTATION,34.19716185,-119.17429598,0.0012529635511747104,True
1469,66,Substation,' ',34.16172599,-118.834785,Potrero - (SCE),sce,SUBSTATION,34.16172116,-118.83477271,0.001251850761499791,True
1470,66,Substation,' ',34.21147223,-119.1400222,Procgen,sce,SUBSTATION,34.21146741,-119.14000988,0.0012532647977591485,True
1471,66,Substation,' ',34.22833038,-118.7044283,Rocketdyne,sce,SUBSTATION,34.22832553,-118.70441603,0.0012503415242751763,True
1472,66,Substation,' ',34.27843334,-118.7794583,Royal,sce,SUBSTATION,34.27842849,-118.77944604,0.0012489069032276974,True
1473,66,Substation,' ',34.25607778,-119.2418917,San Miguel - (SCE),sce,SUBSTATION,34.25607296,-119.2418793,0.0012593719829172723,True
1474,66,Substation,' ',34.27956389,-118.7170861,Santa Susana,sce,SUBSTATION,34.27955904,-118.71707383,0.0012497220224516913,True
1475,66,Substation,' ',34.30061258,-119.1666234,Saticoy,sce,SUBSTATION,34.30060775,-119.16661107,0.0012534867056096892,True
1476,66,Substation,' ',34.20973505,-119.034837,Three M,sce_assumed,SUBSTATION,34.20973022,-119.03482464,0.0012570865072958966,True
1477,66,Substation,' ',34.23927607,-119.2588905,Shore,sce,SUBSTATION ASSUMED,34.23927125,-119.25887809,0.0012604098341630172,True
1478,66,Substation,' ',34.26427223,-119.0107556,Somis,sce,SUBSTATION,34.2642674,-119.01074322,0.001258082891730494,True
1479,66,Substation,' ',34.22797779,-118.7059441,Thrust,sce,SUBSTATION ASSUMED,34.22797294,-118.70593183,0.0012503457848012701,True
1480,66,Substation,' ',34.38783812,-118.7963463,Torrey,sce,SUBSTATION,34.38783326,-118.79633397,0.0012538569511961423,True
1481,66,Substation,' ',34.20776661,-119.2467388,Unioil,sce,NOT AVAILABLE,34.20776179,-119.24672643,0.0012574676724219384,True
1482,66,Substation,' ',34.35644199,-119.055903,Wakefield,sce,SUBSTATION,34.35643714,-119.05589064,0.001256247659114021,True
1483,66,Substation,' ',34.13080101,-119.167076,Ormond Beach,sce,SUBSTATION,34.1307962,-119.16706366,0.0012554346175484236,True
1484,66,Substation,' ',38.92500648,-121.9894822,Dunnigan,pge,SUBSTATION,38.92500141,-121.98946895,0.001277346667233758,True
1485,66,Substation,' ',38.80928378,-121.7450948,Knights Landing,pge,SUBSTATION,38.8092787,-121.74508156,0.0012787356570315824,True
1486,66,Substation,' ',38.67068601,-121.969347,Madison,pge,SUBSTATION,38.67068096,-121.96933373,0.0012816082854661137,True
1487,115,Substation,' ',38.52282675,-121.9950809,Putah Creek,pge,SUBSTATION,38.52282172,-121.99506771,0.0012765132483550888,True
1488,66,Substation,' ',39.22586945,-121.4227731,Browns  Valley,pge,SUBSTATION,39.22586431,-121.42275985,0.0012764386843015546,True
1489,66,Substation,' ',39.48525926,-121.2203187,Challenge - PG&E,pge,SUBSTATION,39.48525408,-121.22030544,0.0012754274004163472,True
1490,66,Substation,' ',39.33987652,-121.1949272,Dobbins,pge,SUBSTATION,39.33987135,-121.19491402,0.0012709066549270454,True
1491,66,Substation,' ',39.16343792,-121.5610556,East Marysville,pge,SUBSTATION,39.1634328,-121.56104236,0.0012755808263101218,True
1492,66,Substation,' ',39.24756794,-121.6371358,Encinal,pge,SUBSTATION,39.24756282,-121.63712248,0.0012805251207263246,True
1493,66,Substation,' ',39.05146481,-121.5463491,Feather River,pge_assumed,SUBSTATION,39.0514597,-121.54633583,0.0012790302426234463,True
1494,66,Substation,' ',39.14002976,-121.5834743,Marysville,pge,SUBSTATION,39.14002464,-121.58346101,0.0012797812216581142,True
1495,66,Substation,' ',39.02624606,-121.543052,Plumas - (PG&E),pge,SUBSTATION,39.02624095,-121.54303879,0.0012747550575424528,True
1496,66,Substation,' ',39.01314723,-121.4186163,Wheatland - (PG&E),pge,SUBSTATION,39.01314211,-121.41860311,0.0012738942291397792,True
1497,500,Substation,' ',39.23718795,-122.2765024,Maxwell - (WAPA),wapa,SUBSTATION,39.23718288,-122.27648906,0.001279761440464239,True
1498,230,Substation,' ',40.71501315,-122.4212465,Shasta,wapa,SUBSTATION,40.71500798,-122.42123286,0.0012853286995366696,True
1499,115,Substation,' ',40.51010552,-122.4247382,Redding Power,pge_assumed,SUBSTATION,40.51010036,-122.42472459,0.0012857217542956458,True
1500,66,Substation,' ',39.07795141,-120.4062356,French Meadows,pge,SUBSTATION,39.07794621,-120.40622253,0.0012677358365742104,True
1501,66,Substation,' ',39.36196528,-123.1278407,Potter Valley,pge,SUBSTATION,39.36196027,-123.12782723,0.0012850579903973575,True
1502,115,Substation,' ',38.1865924,-120.1119474,Spring Gap,pge,SUBSTATION,38.18658725,-120.11193446,0.0012676656195175912,True
1503,230,Substation,' ',37.75610406,-122.3864726,Potrero - (Other),pge_assumed,SUBSTATION,37.75609912,-122.38645941,0.0012831036010743267,True
1504,66,Substation,' ',38.01284457,-121.7863208,G-P Gypsum,pge_assumed,SUBSTATION,38.01283956,-121.78630763,0.0012812404701499631,True
1505,115,Substation,' ',38.01603226,-121.8607018,GWF 2,pge_assumed,SUBSTATION,38.01602725,-121.86068868,0.0012772522722292736,True
1506,66,Substation,' ',34.92760556,-119.6213417,Cuyama,pge,SUBSTATION,34.92760069,-119.62132918,0.0012633428647989221,True
1507,115,Substation,' ',34.64795679,-120.1848073,Santa Ynez Switch,pge,SUBSTATION,34.64795198,-120.1847947,0.0012706434331511498,True
1508,500,Substation,' ',34.55164736,-117.4377996,Adelanto,ladwp,SUBSTATION,34.5516424,-117.43778746,0.0012410838293109593,True
1509,66,Substation,' ',34.09930127,-117.7073995,Claremont - (SCE),sce,SUBSTATION,34.09929638,-117.70738745,0.0012355991497632526,True
1510,66,Substation,' ',33.89465809,-118.2645067,Fremont - (SCE),sce,SUBSTATION,33.89465325,-118.26449453,0.0012455501176514897,True
1511,115,Substation,' ',37.96718047,-120.3864075,Sonora Mining,pge,SUBSTATION ASSUMED,37.96717536,-120.38639459,0.0012663491641623178,True
1512,230,Substation,' ',33.12288056,-117.2878861,Palomar Airport,sdge,SUBSTATION,33.12287576,-117.28787417,0.0012325480637803991,True
1513,66,Substation,' ',37.48333489,-120.8464336,South Turlock,pge_assumed,SUBSTATION,37.48332985,-120.84642066,0.0012719029768314036,True
1514,115,Substation,' ',33.49095832,-117.0638806,Pechanga,sce,SUBSTATION,33.49095347,-117.06386861,0.001235761454725583,True
1515,66,Substation,' ',40.59278468,-122.3696561,Wintun,pge,SUBSTATION,40.59277951,-122.3696425,0.001284193361810118,True
1516,115,Substation,' ',33.54998165,-117.6282105,Margarita,sdge,SUBSTATION,33.54997682,-117.62819848,0.001236613274293613,True
1517,230,Substation,' ',32.63792799,-117.016092,Telegraph Canyon,sdge,SUBSTATION,32.63792324,-117.01608012,0.0012314275999041543,True
1518,66,Substation,' ',32.94142222,-117.0327306,Pomerado,sdge,SUBSTATION,32.94141743,-117.03271866,0.0012349743116254327,True
1519,66,Substation,' ',33.11840833,-117.098475,Goal Line,sdge,SUBSTATION,33.11840352,-117.09846308,0.00123224188997507,True
1520,66,Substation,' ',32.90195058,-117.2270561,Eastgate -  North,sdge,SUBSTATION,32.9019458,-117.22704421,0.0012307319781202052,True
1521,66,Substation,' ',32.74614754,-117.1925255,Ntcq,sdge,SUBSTATION,32.74614278,-117.19251357,0.001234911403973221,True
1522,66,Substation,' ',32.67954522,-117.2473513,Sithe,sdge,SUBSTATION,32.67954047,-117.24733939,0.0012334966621535997,True
1523,115,Substation,' ',32.82670278,-115.7889389,Dixieland Prison,iid,SUBSTATION,32.82669794,-115.78892722,0.0012168466837303704,True
1524,66,Substation,' ',32.76360286,-115.565348,Clark - (IID),iid,SUBSTATION,32.76359801,-115.56533638,0.0012130055990497001,True
1525,115,Substation,' ',33.79775322,-116.2871277,Frances Way,iid,SUBSTATION,33.79774828,-116.28711589,0.0012217373595546103,True
1526,66,Substation,' ',33.72019357,-116.3631391,Palm Village,sce,SUBSTATION,33.72018865,-116.36312727,0.0012232764364179774,True
1527,115,Substation,' ',33.71418472,-116.2867908,La Quinta,iid,SUBSTATION,33.71417979,-116.28677894,0.0012263241076533303,True
1528,115,Substation,' ',32.73663553,-114.7145675,Pilot Knob,iid,SUBSTATION,32.73663065,-114.71455605,0.0012005815611411837,True
1529,115,Substation,' ',33.32771631,-115.9448921,Cahuilla,iid,SUBSTATION,33.32771141,-115.94488035,0.001220085360451592,True
1530,66,Substation,' ',34.0636675,-117.3223511,Hub,sce_assumed,SUBSTATION,34.06366259,-117.32233909,0.0012336931842366961,True
1531,66,Substation,' ',34.06007672,-117.3066786,Century,sce_assumed,SUBSTATION,34.06007181,-117.30666652,0.0012395210950876857,True
1532,230,Substation,' ',39.02399377,-121.7233826,O'Banion,wapa,SUBSTATION,39.02398867,-121.72336937,0.0012758397881940486,True
1533,115,Substation,' ',37.41117121,-121.9276788,River Oaks,pge,SUBSTATION,37.41116626,-121.92766569,0.0012820621669322662,True
1534,115,Substation,' ',37.4207031,-121.9598699,Nortech,pge,SUBSTATION,37.42069816,-121.95985677,0.001283047983161023,True
1535,115,Substation,' ',37.43005674,-121.9514711,Road,pge_assumed,SUBSTATION,37.43005179,-121.95145799,0.0012817984711887807,True
1536,66,Substation,' ',37.67389353,-121.835631,Cal Mat,pge,SUBSTATION,37.67388855,-121.8356179,0.0012790311055827417,True
1537,66,Substation,' ',37.70408449,-121.9007603,East Dublin,pge_assumed,SUBSTATION,37.70407951,-121.90074715,0.001282574359501453,True
1538,66,Substation,' ',37.72019332,-121.5952918,Fayette,pge,SUBSTATION,37.72018832,-121.5952787,0.0012793472060567928,True
1539,66,Substation,' ',37.74483101,-121.857924,North Dublin,pge,SUBSTATION,37.74482603,-121.85791088,0.0012796219552318117,True
1540,115,Substation,' ',40.5258508,-122.4280528,Texas Springs,pge_assumed,SUBSTATION,40.52584564,-122.42803925,0.0012809439035087488,True
1541,66,Substation,' ',33.23069511,-117.0184193,Valley Center - (SDG&E),sdge,SUBSTATION,33.23069028,-117.01840743,0.0012277457713876375,True
1542,66,Substation,' ',32.69904488,-116.3537629,Crestwood,sdge,SUBSTATION,32.69904008,-116.35375109,0.0012272352883911427,True
1543,115,Substation,' ',34.02229167,-117.3327972,Highgrove,sce,SUBSTATION,34.02228677,-117.33278519,0.0012336858453573644,True
1544,66,Substation,' ',32.79698055,-116.7922,Loveland - (SDG&E),sdge,SUBSTATION,32.79697576,-116.79218816,0.0012281844780530362,True
1545,230,Substation,' ',38.12465193,-121.8301478,Birds Landing,pge,SUBSTATION,38.12464691,-121.83013466,0.0012777772895229654,True
1546,66,Substation,' ',33.05860864,-117.1192854,Lake Hodges,sdge,SUBSTATION,33.05860383,-117.11927352,0.001229564641991946,True
1547,500,Substation,' ',33.73452905,-117.4125219,Alberhill,sce,SUBSTATION ASSUMED,33.73452419,-117.41250985,0.001238415842905345,True
1548,115,Substation,' ',37.41801671,-120.8309528,August,pge_assumed,SUBSTATION,37.41801168,-120.83093989,0.0012699301050182155,True
1549,115,Substation,' ',37.43627042,-121.1323489,Marshall - (Other),pge_assumed,SUBSTATION,37.43626541,-121.13233591,0.0012750522606014155,True
1550,115,Substation,' ',37.53726161,-120.8092201,Taylor - Other,pge_assumed,SUBSTATION,37.53725657,-120.80920721,0.0012672072115153543,True
1551,66,Substation,' ',37.738605,-121.7711633,Cayetano,pge,SUBSTATION,37.73860001,-121.77115017,0.0012809834973979974,True
1552,66,Substation,' ',37.50071672,-120.913575,Commons,pge_assumed,SUBSTATION,37.50071169,-120.9135621,0.0012680070689834366,True
1553,66,Substation,' ',35.14258236,-117.9687131,Cal City,sce,SUBSTATION,35.14257737,-117.96870088,0.0012419604926207062,True
1554,66,Substation,' ',33.96078597,-117.4277577,Mt. View - (Other),sce_assumed,SUBSTATION,33.96078108,-117.4277457,0.0012330867339393299,True
1555,66,Substation,' ',34.00353401,-117.3431884,Alumax,sce_assumed,SUBSTATION ASSUMED,34.00352911,-117.3431764,0.0012330782641883989,True
1556,66,Substation,' ',34.2734985,-119.2475484,Pierpont,sce,SUBSTATION ASSUMED,34.27349368,-119.24753598,0.0012608215873267568,True
1557,66,Substation,' ',32.69488244,-117.1432682,Silvergate,sdge,SUBSTATION,32.69487768,-117.14325631,0.0012321099387149347,True
1558,66,Substation,' ',40.36041129,-120.8677626,Coppervale,pge_assumed,SUBSTATION ASSUMED,40.36040601,-120.86774927,0.0012729201437533632,True
1559,66,Substation,' ',40.41450968,-120.7380555,Five Mile,nve_assumed,SUBSTATION,40.41450439,-120.73804223,0.001268126862038492,True
1560,66,Substation,' ',40.42373732,-120.6545605,Chestnut 1,nve_assumed,SUBSTATION,40.42373203,-120.65454724,0.0012672405265111957,True
1561,66,Substation,' ',40.41232276,-120.6606949,Richmond,nve_assumed,SUBSTATION,40.41231746,-120.66068166,0.001266426665598028,True
1562,66,Substation,' ',40.40822706,-120.6473551,Modoc - Other,nve_assumed,SUBSTATION ASSUMED,40.40822176,-120.64734181,0.0012702357583940763,True
1563,66,Substation,' ',40.41007909,-120.6421892,Milwood 1,nve_assumed,SUBSTATION,40.41007379,-120.64217592,0.00126945836792961,True
1564,66,Substation,' ',40.41009979,-120.6416013,Milwood 2,nve_assumed,SUBSTATION ASSUMED,40.41009449,-120.64158801,0.0012702080212060058,True
1565,66,Substation,' ',40.38191421,-120.57454,Johnstonville,nve_assumed,SUBSTATION,40.38190891,-120.57452673,0.0012691248225383308,True
1566,66,Substation,' ',40.3520719,-120.3224458,Maples Lane,nve_assumed,SUBSTATION ASSUMED,40.35206658,-120.32243261,0.0012646038742536723,True
1567,66,Substation,' ',40.36833693,-120.2647837,Honey Lake,nve_assumed,SUBSTATION,40.36833161,-120.26477044,0.0012696098181963252,True
1568,66,Substation,' ',40.35133837,-120.2488718,Wineagle,nve_assumed,SUBSTATION,40.35133305,-120.24885855,0.0012691106987520872,True
1569,66,Substation,' ',40.30038982,-120.1942201,Amedee,nve_assumed,SUBSTATION,40.30038449,-120.19420693,0.0012643823868763466,True
1570,66,Substation,' ',41.44399812,-120.8801201,Canby 1,nve_assumed,SUBSTATION,41.44399275,-120.88010664,0.0012709248362440357,True
1571,66,Substation,' ',41.13280847,-121.1375887,Big Valley Lumber Co.,pge_assumed,SUBSTATION,41.13280316,-121.13757522,0.0012740370845963792,True
1572,66,Substation,' ',41.09133715,-121.1788459,Muck Valley,pge_assumed,SUBSTATION,41.09133185,-121.17883239,0.0012763841267895517,True
1573,66,Substation,' ',40.29760752,-121.0180107,Mt. Lassen,pge_assumed,SUBSTATION,40.29760227,-121.0179974,0.0012700590875958366,True
1574,66,Substation,' ',40.79375288,-124.1832703,Eureka Station A,pge,SUBSTATION,40.79374785,-124.1832564,0.0012969309269478162,True
1575,66,Substation,' ',40.79343242,-124.1803135,Eureka Station E,pge,SUBSTATION,40.79342739,-124.1802996,0.0012969360210284915,True
1576,66,Substation,' ',40.27530051,-120.187432,Us Ord Depot-Herlong,nve_assumed,SUBSTATION,40.27529519,-120.18741879,0.0012672280155350117,True
1577,66,Substation,' ',40.1445318,-120.1703093,Patton,nve_assumed,SUBSTATION,40.14452648,-120.17029614,0.0012653839350942704,True
1578,66,Substation,' ',39.65452133,-121.6355082,Clark Road,pge,SUBSTATION,39.65451617,-121.63549489,0.001275769335586773,True
1579,115,Substation,' ',39.71972703,-121.8393363,Dayton Road,pge,SUBSTATION,39.71972188,-121.83932292,0.0012796599280737405,True
1580,66,Substation,' ',39.76192786,-122.1975464,High Line,pge,SUBSTATION,39.76192274,-122.19753293,0.0012844347602917281,True
1581,66,Substation,' ',39.40558966,-123.3270796,Willits Station A,pge,SUBSTATION,39.40558466,-123.32706602,0.0012924493879640565,True
1582,115,Substation,' ',39.58040165,-121.1196964,Sly Creek,pge,SUBSTATION,39.58039646,-121.11968313,0.0012753044024980274,True
1583,66,Substation,' ',39.33576922,-120.1837725,North Truckee,pge_assumed,SUBSTATION,39.33576398,-120.18375947,0.0012630459563164513,True
1584,230,Substation,' ',38.98438032,-120.3273764,Loon Lake,smud,SUBSTATION,38.98437512,-120.32736337,0.0012659894993502056,True
1585,230,Substation,' ',38.89702284,-120.378397,Robbs Peak,smud,SUBSTATION,38.89701765,-120.37838399,0.0012651773320087394,True
1586,230,Substation,' ',38.83404102,-120.5318797,Jaybird,smud,SUBSTATION,38.83403585,-120.53186663,0.001269684863341218,True
1587,115,Substation,' ',38.0718328,-120.5393568,Angels,pge,SUBSTATION,38.07182769,-120.53934383,0.0012696007472306665,True
1588,230,Substation,' ',37.9465677,-120.5300395,New Melones,wapa,SUBSTATION,37.9465626,-120.53002659,0.0012661346248480198,True
1589,66,Substation,' ',38.03021814,-121.8740447,Los Medanos,pge_assumed,SUBSTATION,38.03021313,-121.87403156,0.0012786285589298845,True
1590,66,Substation,' ',38.03040028,-121.8694191,Loveridge Road,pge,SUBSTATION,38.03039528,-121.86940592,0.0012812974578654817,True
1591,115,Substation,' ',38.01494901,-122.1162354,Martinez,pge,SUBSTATION,38.01494402,-122.11622225,0.0012786664620998622,True
1592,115,Substation,' ',38.01608705,-122.1162873,Fairview - (PG&E),pge,SUBSTATION,38.01608207,-122.11627408,0.0012836978384789207,True
1593,115,Substation,' ',37.87667314,-120.6055921,Tulloch,pge,SUBSTATION,37.87666806,-120.6055792,0.0012653175628649085,True
1594,115,Substation,' ',38.0141512,-121.7753221,Gaylord,pge_assumed,SUBSTATION,38.01414619,-121.775309,0.00127570236175512,True
1595,230,Substation,' ',38.01528973,-121.7623028,Contra Costa Power,pge,SUBSTATION,38.01528472,-121.76228962,0.001281994765072813,True
1596,115,Substation,' ',38.01445584,-121.790861,Riverview,pge_assumed,SUBSTATION,38.01445083,-121.79084784,0.0012804287806451244,True
1597,115,Substation,' ',37.94324554,-122.384154,Standard Oil 1,pge_assumed,SUBSTATION,37.94324058,-122.38414077,0.0012845704102057468,True
1598,115,Substation,' ',37.94430499,-122.389169,Standard Oil 4,pge_assumed,SUBSTATION,37.94430003,-122.38915577,0.0012845553020746374,True
1599,115,Substation,' ',37.94096481,-122.3887883,Standard Oil 3,pge_assumed,SUBSTATION,37.94095984,-122.38877509,0.0012834975385224412,True
1600,115,Substation,' ',37.95041,-122.395126,Standard Oil 2,pge,SUBSTATION,37.95040504,-122.39511277,0.0012844682499057098,True
1601,115,Substation,' ',37.94563541,-122.3809747,Standard Oil 5,pge_assumed,SUBSTATION,37.94563045,-122.38096145,0.001286120428773404,True
1602,115,Substation,' ',37.94438087,-119.216016,Poole Ph,sce,SUBSTATION,37.94437568,-119.21600329,0.0012550789927244785,True
1603,230,Substation,' ',37.94623587,-121.7597976,Lone Tree,pge,SUBSTATION,37.94623087,-121.75978443,0.0012817012713786501,True
1604,66,Substation,' ',37.9261806,-122.3695771,Richmond R,pge,SUBSTATION,37.92617563,-122.36956389,0.0012837078399609294,True
1605,115,Substation,' ',37.88360418,-122.1934706,Orinda,pge,SUBSTATION,37.88359921,-122.19345746,0.0012787703741622808,True
1606,230,Substation,' ',37.54586828,-118.5899655,Upper Gorge,ladwp,SUBSTATION,37.54586308,-118.58995289,0.0012531068866123384,True
1607,230,Substation,' ',37.79142631,-121.7277739,US Wind Power,pge,SUBSTATION,37.79142132,-121.72776081,0.0012770739067595727,True
1608,115,Substation,' ',37.83757075,-122.2636119,Oakland D,pge,SUBSTATION,37.83756579,-122.26359866,0.0012868689394960348,True
1609,115,Substation,' ',37.79786601,-122.282006,Oakland C,pge,SUBSTATION,37.79786105,-122.28199282,0.0012826725537863324,True
1610,115,Substation,' ',37.79743896,-122.2807377,Oakland I - PG&E Northwest,pge,SUBSTATION,37.797434,-122.28072446,0.0012874402284127494,True
1611,115,Substation,' ',37.80528987,-122.2312677,Oakland X,pge,SUBSTATION,37.80528491,-122.2312545,0.0012841540415050696,True
1612,115,Substation,' ',37.810314,-122.271413,Oakland L,pge,SUBSTATION,37.81030904,-122.27139981,0.0012832895139838413,True
1613,66,Substation,' ',37.79421735,-121.5595702,Mt. House,pge,SUBSTATION,37.79421234,-121.55955708,0.0012803755451659918,True
1614,66,Substation,' ',37.74908911,-121.6494936,California Energy Tesla,pge,SUBSTATION,37.74908412,-121.6494805,0.0012784593103351226,True
1615,230,Substation,' ',37.80058871,-121.6209518,Delta Pumps,pge,SUBSTATION,37.8005837,-121.6209387,0.0012787041161540001,True
1616,230,Substation,' ',37.74738601,-121.598344,Fayette Energy Corp.,pge_assumed,SUBSTATION,37.74738101,-121.59833091,0.0012781744102153697,True
1617,115,Substation,' ',37.78868624,-122.2898292,NCPA Alameda,pge_assumed,SUBSTATION,37.78868128,-122.28981603,0.0012820091413878547,True
1618,115,Substation,' ',37.77932065,-122.2926961,Cartwright,pge,SUBSTATION,37.77931569,-122.29268289,0.0012853159943490148,True
1619,66,Substation,' ',37.76124999,-121.690746,Green Ridge Services,pge,SUBSTATION,37.76124499,-121.69073289,0.0012795635191785303,True
1620,115,Substation,' ',37.64645793,-118.9100447,Mammoth Pacific Il,sce,SUBSTATION,37.64645275,-118.9100321,0.0012499675181197804,True
1621,115,Substation,' ',37.64552942,-118.9146492,Mammoth Pacific I,sce,SUBSTATION,37.64552423,-118.91463654,0.0012551814442888335,True
1622,66,Substation,' ',37.74310007,-121.6587199,Zond Wind,pge,SUBSTATION,37.74309507,-121.65870683,0.0012766511388910841,True
1623,115,Substation,' ',37.68223895,-121.705288,Lawrence Livermore Laboratory,pge,SUBSTATION,37.68223396,-121.70527494,0.0012762251957976983,True
1624,66,Substation,' ',37.7265308,-121.5872593,Midway Green Ridge Services,pge,SUBSTATION ASSUMED,37.7265258,-121.58724627,0.001273716655510502,True
1625,115,Substation,' ',37.69858612,-121.6106741,Patterson Pass,pge,SUBSTATION,37.69858112,-121.61066097,0.0012820276545704899,True
1626,115,Substation,' ',37.36244493,-120.6278648,San Joaquin Power,pge_assumed,SUBSTATION ASSUMED,37.3624399,-120.62785192,0.0012683090426330705,True
1627,66,Substation,' ',37.41693813,-118.4028574,White Mt. Radio,sce,SUBSTATION,37.41693293,-118.40284487,0.0012485444083610864,True
1628,66,Substation,' ',37.34207284,-118.4409309,Inyo,sce,SUBSTATION,37.34206766,-118.44091835,0.0012500654505899012,True
1629,115,Substation,' ',37.32303711,-118.5017679,Bishop Creek 4,sce,SUBSTATION,37.32303193,-118.50175536,0.001249530226507137,True
1630,66,Substation,' ',37.36019169,-118.3985227,Dwp,sce,SUBSTATION,37.3601865,-118.39851021,0.0012456388077430967,True
1631,66,Substation,' ',37.27387104,-118.5736305,Bishop Creek 2,sce,SUBSTATION,37.27386587,-118.57361798,0.0012480907567437075,True
1632,230,Substation,' ',37.20010694,-119.3068684,Big Creek 2A,sce,SUBSTATION,37.20010183,-119.30685572,0.0012586254136253544,True
1633,230,Substation,' ',37.20395556,-119.242925,Big Creek 1,sce,SUBSTATION,37.20395044,-119.24291235,0.001256707465695412,True
1634,230,Substation,' ',36.92739551,-119.0208088,Haas,pge,SUBSTATION,36.92739041,-119.02079625,0.001251423819073816,True
1635,230,Substation,' ',37.20971272,-119.328853,Big Creek 8,sce,SUBSTATION,37.2097076,-119.32884034,0.0012574208235541274,True
1636,230,Substation,' ',37.22028333,-119.3380194,Mammoth,sce,SUBSTATION,37.22027822,-119.33800678,0.001253619483791579,True
1637,66,Substation,' ',37.08690864,-121.0168727,Chevron Los Banos,pge_assumed,SUBSTATION ASSUMED,37.08690366,-121.01685975,0.0012752054284218544,True
1638,115,Substation,' ',36.94007047,-118.2569513,Division Creek,sce,SUBSTATION,36.94006531,-118.25693885,0.001246399880757248,True
1639,115,Substation,' ',37.14207156,-118.3241606,Big Pine,sce,SUBSTATION,37.14206638,-118.32414812,0.0012471759881309617,True
1640,230,Substation,' ',37.01341111,-120.9452333,Wright - (PG&E),pge,SUBSTATION,37.01340613,-120.94522042,0.0012706112713446944,True
1641,66,Substation,' ',37.06232233,-121.18011,Pacheco,wapa,SUBSTATION,37.06231736,-121.18009701,0.0012782581389500012,True
1642,230,Substation,' ',37.06666669,-121.0754528,San Luis,pge,SUBSTATION,37.06666171,-121.07543984,0.0012762810521959624,True
1643,115,Substation,' ',37.0922461,-119.5526664,Kerchoff 1 - (PG&E),pge,SUBSTATION,37.09224101,-119.55265374,0.0012574701728367353,True
1644,230,Substation,' ',37.14821116,-119.3885387,Big Creek 3,sce,SUBSTATION,37.14820605,-119.38852604,0.0012577323411691443,True
1645,115,Substation,' ',37.07187751,-119.558037,Kerchoff 2,pge,SUBSTATION,37.07187243,-119.55802431,0.001259618051001943,True
1646,230,Substation,' ',36.83274727,-119.3268009,Pine Flat,pge,SUBSTATION,36.83274219,-119.32678825,0.0012596004812979477,True
1647,230,Substation,' ',36.78002058,-120.729744,San Luis 5,pge,SUBSTATION,36.7800156,-120.72973117,0.0012697558693703253,True
1648,66,Substation,' ',36.80022812,-121.7690706,Dolan Road,pge,SUBSTATION,36.80022321,-121.7690576,0.0012797821845923385,True
1649,66,Substation,' ',36.62404337,-121.6880604,Reservation Road,pge,SUBSTATION,36.62403847,-121.68804744,0.0012784827165900482,True
1650,66,Substation,' ',36.71951798,-119.764185,California Ave,pge,SUBSTATION,36.71951295,-119.76417234,0.0012594062048148225,True
1651,115,Substation,' ',36.68886004,-119.7237178,Rio Bravo Fresno,pge,SUBSTATION,36.688855,-119.72370515,0.0012595050611480527,True
1652,115,Substation,' ',36.69045427,-119.7404181,Kings River Consrv.,pge,SUBSTATION,36.69044924,-119.74040539,0.0012637849243113395,True
1653,115,Substation,' ',36.53941711,-119.5806772,East Bank,pge_assumed,SUBSTATION,36.53941208,-119.58066457,0.0012593703078856058,True
1654,66,Substation,' ',36.13620329,-120.3442291,Coalinga 1,pge,SUBSTATION,36.13619835,-120.34421642,0.001264268563306557,True
1655,66,Substation,' ',36.23719531,-120.3147162,Coalinga 2,pge,SUBSTATION,36.23719035,-120.31470351,0.0012647230121752304,True
1656,230,Substation,' ',36.03673169,-117.7979617,Coso 1-3,sce,SUBSTATION,36.03672659,-117.79794942,0.001241290428603235,True
1657,115,Substation,' ',36.00145001,-117.7901861,Coso 8-9,sce,SUBSTATION,36.00144491,-117.79017382,0.00124173028322113,True
1658,115,Substation,' ',36.00617523,-117.8101854,Coso 7,sce,SUBSTATION,36.00617014,-117.81017308,0.0012443672059001844,True
1659,115,Substation,' ',36.01858914,-117.7915328,Coso 4-6,sce,SUBSTATION,36.01858404,-117.79152051,0.0012423167885250925,True
1660,66,Substation,' ',36.22587778,-121.1283444,Calpine Corp.,pge_assumed,SUBSTATION,36.22587288,-121.12833159,0.001271694045766695,True
1661,66,Substation,' ',36.05657777,-119.5499472,Quebec Corcoran State Prison,pge_assumed,SUBSTATION,36.05657278,-119.54993465,0.001257234903747243,True
1662,66,Substation,' ',35.46016796,-118.7796082,Kern River 1,sce,SUBSTATION,35.46016298,-118.77959579,0.0012529834494312754,True
1663,66,Substation,' ',35.77620279,-118.4362468,Kern River 3,sce,SUBSTATION,35.77619776,-118.43623443,0.0012482563948057472,True
1664,115,Substation,' ',35.55923489,-118.9576432,Poso Mt.,pge,SUBSTATION,35.55922992,-118.95763078,0.001252060552329562,True
1665,66,Substation,' ',35.45137667,-118.9839222,Omar,sce,SUBSTATION,35.45137171,-118.98390974,0.0012561800283341891,True
1666,115,Substation,' ',35.51575889,-119.040603,Sierra - (PG&E),pge,SUBSTATION,35.51575393,-119.04059051,0.0012578078734652091,True
1667,115,Substation,' ',35.41707406,-119.00734,Oildale Cogen,pge_assumed,SUBSTATION,35.4170691,-119.00732757,0.0012541699619823276,True
1668,115,Substation,' ',35.44042076,-119.0133061,Dai/Oildale Cogen,pge,SUBSTATION,35.4404158,-119.01329371,0.0012506234375583907,True
1669,115,Substation,' ',35.2769642,-119.4741216,U.S. Navy 35R,pge_assumed,SUBSTATION,35.27695928,-119.47410915,0.0012556134424423395,True
1670,115,Substation,' ',35.27225248,-119.474105,Sunset,pge_assumed,SUBSTATION,35.27224757,-119.47409254,0.001256006056769568,True
1671,115,Substation,' ',35.28134076,-119.4699213,Elk Hills Cogen 1,pge,SUBSTATION,35.28133585,-119.46990876,0.0012624353281955561,True
1672,115,Substation,' ',35.28117768,-119.4728705,Elk Hills Cogen 2,pge,SUBSTATION,35.28117277,-119.47285795,0.001263255895079988,True
1673,115,Substation,' ',35.2786367,-119.4641802,Elk Hills Cogen 3,pge,SUBSTATION,35.27863179,-119.46416773,0.001256743314591645,True
1674,115,Substation,' ',35.42487718,-119.6876388,Mobil South Belridge,pge_assumed,SUBSTATION,35.42487226,-119.68762625,0.001261911653259801,True
1675,66,Substation,' ',35.3634818,-119.6755007,Welport,pge,SUBSTATION,35.36347689,-119.67548812,0.0012646640851363172,True
1676,66,Substation,' ',35.29631924,-119.6270095,Mckittrick,pge,SUBSTATION,35.29689072,-119.62635607,0.08691789429888766,True
1677,66,Substation,' ',35.4405646,-118.7967529,Kern Canyon,pge,SUBSTATION,35.44055963,-118.7967405,0.001251925226799742,True
1678,66,Substation,' ',35.62202485,-117.6883033,Downs,sce,SUBSTATION,35.62201979,-117.68829106,0.001241198481417294,True
1679,230,Substation,' ',35.02957907,-119.0044792,Wheeler,pge,SUBSTATION,35.02957415,-119.00446684,0.0012513368430496872,True
1680,66,Substation,' ',35.05874577,-118.2699171,Morwind,sce,SUBSTATION,35.0587408,-118.26990485,0.0012444382574185605,True
1681,66,Substation,' ',35.0446759,-118.2763121,Eastwind,sce,SUBSTATION,35.04467093,-118.27629981,0.0012478742056743464,True
1682,66,Substation,' ',35.04604202,-118.2808834,Mojave 17,sce,SUBSTATION,35.04603705,-118.28087109,0.0012494900900824875,True
1683,230,Substation,' ',35.03860642,-118.2928989,Winderness,sce,SUBSTATION,35.03860146,-118.29288667,0.0012425593968490355,True
1684,115,Substation,' ',35.22732222,-119.6310111,Midway-Sunset Cogeneration,pge,SUBSTATION,35.2272951,-119.63098748,0.003700922321246453,True
1685,115,Substation,' ',35.22558057,-119.6297639,Midway-Sunset Cogen 3,pge,SUBSTATION,35.22557567,-119.62975138,0.0012610227875069495,True
1686,66,Substation,' ',35.27635813,-119.5988863,North Midway,pge,SUBSTATION,35.27635323,-119.59887379,0.0012595621337373386,True
1687,66,Substation,' ',35.22527531,-119.5594974,Dome Project,pge,SUBSTATION,35.22527041,-119.55948494,0.001256113791675158,True
1688,115,Substation,' ',35.1457167,-119.5027528,University - 93268,pge,SUBSTATION,35.1457118,-119.5027403,0.0012603912807822393,True
1689,230,Substation,' ',35.15800786,-119.348897,Buena Vista Pumps,pge,SUBSTATION,35.15800295,-119.34888451,0.001259898261957202,True
1690,66,Substation,' ',35.08980448,-119.441227,Berry - (PG&E),pge,SUBSTATION,35.08979958,-119.44121457,0.0012553540675090135,True
1691,66,Substation,' ',34.86026253,-118.8805391,Lebec - (Other),sce_assumed,SUBSTATION,34.86025762,-118.88052671,0.001255408824393105,True
1692,115,Substation,' ',35.03252074,-117.7003105,U.S. Borax,sce_assumed,SUBSTATION,35.03251574,-117.7002983,0.001242170976750033,True
1693,66,Substation,' ',34.15591282,-118.2775984,Grayson,sce_assumed,SUBSTATION,34.15590795,-118.27758617,0.0012488584376370592,True
1694,66,Substation,' ',34.17780359,-118.316146,Magnolia - 91502,sce_assumed,SUBSTATION ASSUMED,34.17779873,-118.31613376,0.0012489429296457905,True
1695,66,Substation,' ',34.17160752,-118.3038497,Glendale,sce_assumed,SUBSTATION,34.17160266,-118.30383745,0.0012498469418965367,True
1696,66,Substation,' ',34.10139918,-118.2877455,Station 54 ,sce,SUBSTATION,34.10139432,-118.28773333,0.0012440527879016524,True
1697,66,Substation,' ',34.04077632,-117.8218358,Spadra,sce,SUBSTATION,34.04077144,-117.82182364,0.0012449131021518324,True
1698,66,Substation,' ',34.024072,-118.0241972,Puente Hills,sce,SUBSTATION ASSUMED,34.02406714,-118.02418501,0.0012466349875620475,True
1699,66,Substation,' ',33.90248924,-118.4028868,Chevmain,sce,SUBSTATION,33.90248441,-118.40287465,0.0012433120304746151,True
1700,66,Substation,' ',33.87575205,-118.2491081,Icegen,sce,SUBSTATION,33.87574721,-118.24909597,0.001242445259937041,True
1701,66,Substation,' ',33.80372031,-118.2821461,Outfall,sce,SUBSTATION,33.80371549,-118.28213392,0.0012465048093431308,True
1702,66,Substation,' ',33.79405948,-118.2353506,Shell Los Angeles,sce,SUBSTATION,33.79405466,-118.23533842,0.0012466194994463142,True
1703,115,Substation,' ',33.77007438,-118.2651929,Harbor,ladwp,SUBSTATION ASSUMED,33.77006956,-118.2651807,0.0012485735683063206,True
1704,66,Substation,' ',33.77514222,-118.2278691,Hanjin,sce,SUBSTATION,33.77513739,-118.22785693,0.001246488238923347,True
1705,66,Substation,' ',33.7656395,-118.2251507,Long Beach,sce,SUBSTATION,33.76563468,-118.22513856,0.001243619192061168,True
1706,115,Substation,' ',33.15710432,-115.6467855,Salton Sea 1,iid,SUBSTATION,33.15709943,-115.64677381,0.0012164996704126982,True
1707,115,Substation,' ',33.15682042,-115.6399654,Salton Sea 3,iid,SUBSTATION,33.15681553,-115.6399537,0.0012173356229769736,True
1708,115,Substation,' ',33.1577481,-115.6400038,Salton Sea 2,iid,SUBSTATION,33.15774321,-115.63999216,0.00121233069647126,True
1709,115,Substation,' ',33.16232475,-115.6177256,Vulcan,iid,SUBSTATION,33.16231986,-115.61771392,0.001215609122946348,True
1710,115,Substation,' ',33.16436955,-115.6153132,A W Hoch,iid,SUBSTATION,33.16436465,-115.61530159,0.0012102626126164915,True
1711,115,Substation,' ',33.17808484,-115.6042926,J J Elmore,iid,SUBSTATION,33.17807994,-115.60428092,0.0012159321632319229,True
1712,115,Substation,' ',33.17838727,-115.5658256,J M Leathers,iid,SUBSTATION,33.17838237,-115.56581399,0.0012101083059173636,True
1713,115,Substation,' ',32.96851821,-115.5346445,Rockwood,iid,SUBSTATION,32.96851334,-115.53463284,0.0012150914056052293,True
1714,115,Substation,' ',32.81647025,-115.2573359,East Mesa 1,iid,SUBSTATION,32.81646538,-115.25732428,0.001213418130912404,True
1715,115,Substation,' ',32.78658788,-115.2487903,East Mesa 2,iid,SUBSTATION,32.78658302,-115.2487787,0.0012115755193768986,True
1716,115,Substation,' ',32.77451111,-115.2648667,East Mesa 3,iid,SUBSTATION,32.77450625,-115.2648551,0.0012117072654436584,True
1717,115,Substation,' ',32.77523611,-115.2632922,Gem III,iid,SUBSTATION ASSUMED,32.77523124,-115.26328066,0.0012071795722785653,True
1718,115,Substation,' ',32.70607416,-115.217907,Drop 4,sdge,SUBSTATION,32.70606959,-115.2178832,0.0022841001419913426,True
1719,115,Substation,' ',32.7060577,-115.1263706,Drop 3,iid,SUBSTATION,32.70605283,-115.1263591,0.001204584236472206,True
1720,66,Substation,' ',32.77916572,-114.6344093,Siphon Drop,iid,SUBSTATION,32.77916083,-114.6343978,0.001204798043652863,True
1721,66,Substation,' ',32.7145034,-115.5174953,Heber Geothermal,iid,SUBSTATION,32.71449855,-115.51748366,0.0012152185038799721,True
1722,115,Substation,' ',32.67353827,-115.3920561,Drop 5,iid,SUBSTATION,32.67353342,-115.39204448,0.00121398904439428,True
1723,66,Substation,' ',41.93298104,-122.4367485,Iron Gate,pacificorp,SUBSTATION ASSUMED,41.93297578,-122.43673467,0.0012848719567939832,True
1724,66,Substation,' ',41.97986964,-122.3359387,Copco 1,pacificorp,SUBSTATION,41.97986436,-122.33592493,0.0012807275186776175,True
1725,115,Substation,' ',41.60383182,-122.5226591,Lucerne - (PCORP),pacificorp,SUBSTATION,41.60382659,-122.52264532,0.0012848970412057822,True
1726,230,Substation,' ',40.98975466,-121.4967732,Pit 1 A,pge,SUBSTATION,40.98974939,-121.49675975,0.0012719288789297325,True
1727,230,Substation,' ',40.98709396,-121.8493033,Pit 4,pge,SUBSTATION,40.98708872,-121.84928974,0.0012786476289408867,True
1728,230,Substation,' ',40.99253306,-121.9746015,James B. Black,pge,SUBSTATION,40.99252782,-121.97458795,0.0012778170382275337,True
1729,230,Substation,' ',40.92227055,-121.9923454,Pit 6,pge,SUBSTATION,40.92226533,-121.99233182,0.001280129451342272,True
1730,230,Substation,' ',40.98672929,-121.9765849,Pit 5,pge,SUBSTATION,40.98672406,-121.97657134,0.0012781469177776026,True
1731,230,Substation,' ',40.79696775,-122.7614314,Trinity Hydro,pge_assumed,SUBSTATION,40.7969626,-122.76141771,0.0012868358119233916,True
1732,230,Substation,' ',40.59823642,-122.5371186,Whiskeytown,wapa,SUBSTATION,40.59823127,-122.537105,0.0012831155684358943,True
1733,230,Substation,' ',40.64590342,-122.6257398,Carr,wapa,SUBSTATION,40.64589827,-122.62572619,0.0012831375619124323,True
1734,66,Substation,' ',40.67817555,-121.8730925,Kilarc,pge,SUBSTATION,40.67817034,-121.87307895,0.0012811182232743922,True
1735,66,Substation,' ',40.57186647,-122.0203827,Cow Creek,pge,SUBSTATION,40.57186127,-122.02036919,0.001279225568722033,True
1736,66,Substation,' ',40.73723942,-122.3224981,Mt. Gate,pge,SUBSTATION,40.73723424,-122.32248451,0.001281718492481746,True
1737,115,Substation,' ',40.63357895,-122.3918969,Beltline,pge_assumed,SUBSTATION,40.63357378,-122.39188335,0.0012797956585350648,True
1738,66,Substation,' ',40.74435042,-122.3083163,Mt. Gate Junction,pge,SUBSTATION,40.74434524,-122.3083027,0.0012823617767259952,True
1739,115,Substation,' ',40.53504296,-122.3775951,Moore Road,pge_assumed,SUBSTATION,40.5350378,-122.37758158,0.0012785373111538175,True
1740,115,Substation,' ',40.58640252,-122.3952491,Oregon St,pge_assumed,SUBSTATION,40.58639735,-122.39523548,0.001285801828226923,True
1741,115,Substation,' ',40.57484532,-122.3894841,Waldon,pge_assumed,SUBSTATION,40.57484016,-122.38947053,0.001281705325105279,True
1742,230,Substation,' ',40.6280133,-122.4677291,Spring Creek,wapa,SUBSTATION,40.62800813,-122.46771554,0.0012806348591619925,True
1743,66,Substation,' ',40.40490556,-122.1217246,Coleman,pge_assumed,SUBSTATION,40.40490038,-122.12171105,0.001283785918953198,True
1744,115,Substation,' ',40.51800505,-122.3153389,Airport Road 1,pge_assumed,SUBSTATION,40.51799988,-122.31532535,0.0012815621637288462,True
1745,66,Substation,' ',40.45955127,-121.8664328,Volta 1,pge,SUBSTATION,40.45954607,-121.86641934,0.0012771591039339102,True
1746,66,Substation,' ',40.40132958,-121.9651054,Inskip,pge,SUBSTATION,40.40132439,-121.96509188,0.0012820707234539109,True
1747,66,Substation,' ',40.14465791,-122.2116928,Packaging,pge_assumed,SUBSTATION,40.14465276,-122.21167934,0.001279407217979211,True
1748,115,Substation,' ',40.17581925,-121.1907463,Butt Valley,pge,SUBSTATION,40.17581401,-121.19073301,0.001270597720298198,True
1749,66,Substation,' ',39.97493535,-120.9447603,Unknown - 2321,pge,SUBSTATION ASSUMED,39.97493011,-120.94474708,0.0012682618691994122,True
1750,66,Substation,' ',39.75696824,-120.3708737,Marble,pge_assumed,SUBSTATION,39.75696297,-120.37086051,0.0012707029378237749,True
1751,66,Substation,' ',39.80126759,-120.6449025,Mohawk,pge_assumed,SUBSTATION,39.80126234,-120.64488935,0.0012660015145288645,True
1752,66,Substation,' ',39.24586381,-120.0274494,Kings Beach,pge_assumed,SUBSTATION,39.24585856,-120.0274364,0.0012625450827428546,True
1753,66,Substation,' ',39.13686954,-121.6401138,Greenleaf Unit Ii,pge_assumed,SUBSTATION,39.13686442,-121.64010051,0.0012798272969119255,True
1754,66,Substation,' ',39.0525088,-121.6919042,Sutter Power,pge,SUBSTATION,39.05250369,-121.69189098,0.0012751484315846884,True
1755,115,Substation,' ',38.88992636,-121.0984958,Wise,pge,SUBSTATION,38.88992122,-121.09848269,0.0012704749579012075,True
1756,115,Substation,' ',38.8057044,-122.8149792,Geysers Unit 3,pge,SUBSTATION,38.8056994,-122.81496583,0.0012850294322047477,True
1757,115,Substation,' ',38.81471409,-122.8020392,Ridge Line,pge,SUBSTATION,38.81470909,-122.80202578,0.0012888041868843088,True
1758,230,Substation,' ',38.8053101,-122.7838602,Cobb Creek,pge,SUBSTATION,38.80530511,-122.78384678,0.0012884634354565151,True
1759,66,Substation,' ',37.31772837,-122.0887268,Magnesium,pge,SUBSTATION ASSUMED,37.31772344,-122.08871373,0.0012792162864489487,True
1760,230,Substation,' ',38.795979,-122.7670067,Fumarole,pge,SUBSTATION,38.795974,-122.76699329,0.001288298230195868,True
1761,66,Substation,' ',38.7794983,-121.2827414,Park - (PG&E),pge,SUBSTATION,38.77949319,-121.28272819,0.0012783124443237412,True
1762,230,Substation,' ',38.75227765,-122.7195493,NCPA 1&2,pge,SUBSTATION,38.75227265,-122.71953592,0.0012865942347653786,True
1763,66,Substation,' ',38.60655701,-122.852858,Fitch Mt.,pge,SUBSTATION,38.60655203,-122.85284462,0.0012877693806588588,True
1764,66,Substation,' ',38.64740601,-121.411359,Mcclellan-Bell,smud,SUBSTATION,38.64740092,-121.41134584,0.0012753319108237888,True
1765,66,Substation,' ',38.60630599,-121.34661,Walnut - (SMUD),smud,SUBSTATION,38.60630089,-121.34659684,0.0012764127793071242,True
1766,66,Substation,' ',38.62063386,-121.405762,Wright - (SMUD),smud,SUBSTATION,38.62062877,-121.40574885,0.0012749359583328211,True
1767,66,Substation,' ',38.59310499,-121.237507,White Rock-Aerojet,smud,SUBSTATION ASSUMED,38.59309989,-121.23749388,0.0012734876158225343,True
1768,66,Substation,' ',38.61922402,-121.282636,Carmichael Id,smud,SUBSTATION,38.61921892,-121.28262284,0.0012762283281406704,True
1769,66,Substation,' ',38.60908499,-121.491049,Azusa -Thelma,smud,SUBSTATION,38.60907991,-121.49103581,0.0012777241936613773,True
1770,66,Substation,' ',38.61934901,-121.439584,Alamos,smud,SUBSTATION,38.61934393,-121.43957085,0.0012744610660290754,True
1771,66,Substation,' ',38.58062618,-121.3851902,Larch-Northrop,smud,SUBSTATION,38.58062109,-121.38517709,0.0012723917820903123,True
1772,66,Substation,' ',38.59787636,-121.3812278,Pak-N-Save 1,smud,SUBSTATION,38.59787127,-121.38121468,0.0012729249609254082,True
1773,66,Substation,' ',38.57077511,-121.451394,Arden Pumping Sta.,smud,SUBSTATION,38.57077003,-121.45138082,0.0012774930602479674,True
1774,66,Substation,' ',38.55643741,-121.4265029,Csus,smud,SUBSTATION,38.55643233,-121.42648977,0.0012737998390913788,True
1775,66,Substation,' ',38.53171154,-121.4001031,Air Products 2,smud,SUBSTATION,38.53170645,-121.40008993,0.0012777635589970777,True
1776,66,Substation,' ',38.52911015,-121.7513987,UC Davis,pge,SUBSTATION,38.52910509,-121.75138547,0.001281013409418687,True
1777,66,Substation,' ',38.49860176,-121.4279462,Pak-N-Save 2,smud,SUBSTATION ASSUMED,38.49859668,-121.42793309,0.0012730626936027847,True
1778,66,Substation,' ',38.34437299,-121.1235694,Rancho Seco,smud,SUBSTATION,38.3443679,-121.12355633,0.0012726160766956774,True
1779,66,Substation,' ',38.271455,-121.312744,Air Products 1,smud,SUBSTATION,38.27144993,-121.31273091,0.0012742219168752472,True
1780,66,Substation,' ',38.27497882,-121.282964,Marengo-SPRR,smud,SUBSTATION,38.27497376,-121.28295089,0.001275247113885386,True
1781,115,Substation,' ',38.19806517,-122.1551376,Cordelia Interm Pumps,pge_assumed,SUBSTATION,38.19806017,-122.15512434,0.0012852123730291282,True
1782,115,Substation,' ',38.20550643,-122.147878,Jameson,pge,SUBSTATION,38.20550143,-122.14786476,0.0012835302989531174,True
1783,230,Substation,' ',38.123638,-121.829231,US Windpower,pge_assumed,SUBSTATION,38.12363299,-121.82921782,0.0012804558656944326,True
1784,66,Substation,' ',38.24122071,-121.8557539,Creed Energy,pge,SUBSTATION,38.24121568,-121.85574075,0.0012773964529298602,True
1785,66,Substation,' ',38.22659284,-121.8441836,Goose Haven,pge,SUBSTATION,38.22658782,-121.84417042,0.0012794752542280912,True
1786,115,Substation,' ',38.22688953,-121.0245828,Camanche Dam,pge_assumed,SUBSTATION,38.22688444,-121.02456975,0.001272705042408783,True
1787,230,Substation,' ',38.08793823,-121.3882058,Lodi Stig,pge,SUBSTATION,38.08793318,-121.38819275,0.0012726840787293996,True
1788,66,Substation,' ',38.11600961,-121.290442,Henning,pge,SUBSTATION,38.11600455,-121.29042895,0.001272781563647681,True
1789,66,Substation,' ',38.13724028,-121.2613779,Lodi,pge_assumed,SUBSTATION,38.13723522,-121.2613648,0.0012764074905918105,True
1790,66,Substation,' ',37.91255598,-121.2633716,Stockton Cogen,pge,SUBSTATION,37.91255094,-121.26335854,0.001275437434925991,True
1791,66,Substation,' ',37.93766718,-121.3283912,Stockton Wastewater,pge_assumed,SUBSTATION,37.93766214,-121.32837815,0.0012742983760454726,True
1792,66,Substation,' ',37.79785502,-121.274217,Vierra,pge,SUBSTATION,37.79784999,-121.27420395,0.0012757629357585418,True
1793,66,Substation,' ',37.80878549,-121.2765713,Howland Road,pge,SUBSTATION,37.80878046,-121.27655824,0.0012764000482401814,True
1794,66,Substation,' ',37.75614112,-121.4169099,Leprino Foods (Tracy),pge_assumed,SUBSTATION,37.7561361,-121.41689681,0.0012790207990491487,True
1795,115,Substation,' ',37.67245302,-121.5443886,AEC 2,pge_assumed,SUBSTATION,37.67244802,-121.54437555,0.0012760532467603017,True
1796,115,Substation,' ',37.72005266,-121.4884286,Thermal Energy,pge,SUBSTATION,37.72004765,-121.48841553,0.0012774577163529469,True
1797,115,Substation,' ',37.71036086,-121.4899576,GWF Tracy,pge,SUBSTATION,37.71035585,-121.48994449,0.001280760544622908,True
1798,115,Substation,' ',37.73691799,-122.3768664,Hunters Point,pge,SUBSTATION,37.73691305,-122.37685316,0.0012873504074885657,True
1799,115,Substation,' ',37.74602982,-122.4033721,Bayshore ,pge,SUBSTATION,37.74602487,-122.4033589,0.001284517044617006,True
1800,66,Substation,' ',37.64289802,-121.040375,Rosemore A,pge_assumed,SUBSTATION ASSUMED,37.64289298,-121.040362,0.001274453050316823,True
1801,66,Substation,' ',37.65300923,-121.0196588,Woodland- Mid,pge_assumed,SUBSTATION,37.65300419,-121.01964579,0.00127510382030953,True
1802,66,Substation,' ',37.637159,-120.993187,12th Street,pge_assumed,SUBSTATION,37.63715396,-120.99317403,0.0012721604366911674,True
1803,66,Substation,' ',37.641965,-121.00605,8th Street,pge_assumed,SUBSTATION,37.64195997,-121.00603702,0.0012723954380430766,True
1804,66,Substation,' ',37.62925302,-120.931338,Mcclure,pge_assumed,SUBSTATION,37.62924798,-120.93132502,0.001273060182704692,True
1805,66,Substation,' ',37.48947163,-120.8380604,F Street,pge_assumed,SUBSTATION,37.48946659,-120.83804745,0.0012726108606573238,True
1806,115,Substation,' ',37.48773294,-120.8968342,Walnut Energy,pge_assumed,SUBSTATION,37.48772791,-120.89682122,0.0012745233898492454,True
1807,66,Substation,' ',37.45537671,-122.1782867,Sri,pge,SUBSTATION,37.45537178,-122.17827359,0.0012804911188365495,True
1808,66,Substation,' ',37.4547593,-121.9355511,Newby Island I,pge,SUBSTATION,37.45475435,-121.93553795,0.001284642811192061,True
1809,115,Substation,' ',37.40954139,-122.0317761,Lockheed 1,pge_assumed,SUBSTATION,37.40953644,-122.03176303,0.0012788950200598927,True
1810,115,Substation,' ',37.41613333,-122.0308028,Lockheed 2,pge_assumed,SUBSTATION,37.41612839,-122.03078966,0.0012839101237128762,True
1811,115,Substation,' ',37.41811202,-122.063481,Nasa,pge_assumed,SUBSTATION,37.41810708,-122.06346786,0.0012838824083892587,True
1812,66,Substation,' ',37.36941523,-121.9445236,Container Corp.,svp,SUBSTATION,37.36941029,-121.9445105,0.0012813696267255563,True
1813,115,Substation,' ',37.26909516,-121.7872462,Piercy,pge,SUBSTATION,37.26909021,-121.78723318,0.0012768520647387725,True
1814,66,Substation,' ',37.22643981,-121.9773522,Los Gatos,pge,SUBSTATION,37.22643488,-121.97733907,0.0012852863526624924,True
1815,115,Substation,' ',37.24447236,-121.7964123,IBM Cottle,pge_assumed,SUBSTATION,37.24446741,-121.7963992,0.0012835856567834424,True
1816,115,Substation,' ',37.21507985,-121.8043416,IBM Harry Road,pge_assumed,SUBSTATION,37.21507491,-121.80432856,0.0012787178561987492,True
1817,66,Substation,' ',37.2142178,-121.8952356,Guadalupe,pge,SUBSTATION,37.21421287,-121.89522254,0.00127985266243788,True
1818,115,Substation,' ',37.19925063,-121.7490891,IBM Bailey Road,pge_assumed,SUBSTATION,37.19924569,-121.74907606,0.0012789366095305424,True
1819,500,Substation,' ',37.22628255,-121.7462767,Metcalf 2,pge,SUBSTATION,37.22627761,-121.74626365,0.0012793625700690692,True
1820,230,Substation,' ',37.22141404,-121.746599,Metcalf Energy Center,pge,SUBSTATION,37.22140909,-121.74658598,0.0012775100615085473,True
1821,115,Substation,' ',36.99859078,-121.5364215,Gilroy Food I,pge_assumed,SUBSTATION,36.99858584,-121.53640854,0.0012752881304573806,True
1822,66,Substation,' ',36.91115927,-121.7679575,Calpine Monterey,pge_assumed,SUBSTATION,36.91115435,-121.7679445,0.001278739455584186,True
1823,115,Substation,' ',35.02029675,-117.5662498,SEGS 6,sce,SUBSTATION,35.02029175,-117.56623769,0.0012349958440856599,True
1824,115,Substation,' ',35.01551078,-117.5657344,SEGS 7,sce,SUBSTATION,35.01550578,-117.5657222,0.0012423776790215786,True
1825,115,Substation,' ',35.01904365,-117.5555104,SEGS 5,sce,SUBSTATION,35.01903865,-117.55549822,0.0012407062957747704,True
1826,115,Substation,' ',35.01185281,-117.5556662,SEGS 4,sce,SUBSTATION,35.01184781,-117.55565403,0.0012399793747046109,True
1827,115,Substation,' ',35.00735718,-117.5557409,SEGS 3,sce,SUBSTATION,35.00735218,-117.55572878,0.0012359650101290893,True
1828,115,Substation,' ',35.70415183,-117.3933603,Westend,sce,SUBSTATION,35.70414674,-117.39334816,0.0012336716654452206,True
1829,115,Substation,' ',35.76488065,-117.3754457,Trona - South,sce,SUBSTATION,35.76487556,-117.37543346,0.0012409518950228903,True
1830,500,Substation,' ',35.21629199,-120.847388,Diablo Canyon,pge,SUBSTATION,35.21628717,-120.84737527,0.0012746057304086535,True
1831,230,Substation,' ',34.14883909,-115.1219475,Iron Mt.,sce,SUBSTATION,34.14883405,-115.12193589,0.0012064504241098709,True
1832,115,Substation,' ',34.94478983,-120.4577742,Santa Maria Cogen,pge,SUBSTATION,34.94478501,-120.45776155,0.0012714884021344736,True
1833,115,Substation,' ',34.86159802,-116.8280445,SEGS 2,sce,SUBSTATION,34.86159299,-116.82803248,0.001231085905566438,True
1834,230,Substation,' ',34.59531611,-117.3630892,Caldwell,sce_assumed,SUBSTATION,34.59531114,-117.36307708,0.0012394166995517827,True
1835,66,Substation,' ',34.76375276,-120.5259889,Vandenberg Afb,pge_assumed,SUBSTATION,34.76374797,-120.52597629,0.0012690747077830134,True
1836,66,Substation,' ',34.60605018,-117.3350898,Rivertex,sce,SUBSTATION,34.60604522,-117.33507767,0.0012396124919266094,True
1837,115,Substation,' ',34.38305539,-116.9411811,Pluess,sce,SUBSTATION,34.38305043,-116.9411691,0.0012315975104595486,True
1838,115,Substation,' ',34.566,-117.3124944,Soport,sce,SUBSTATION,34.56599503,-117.31248237,0.0012323955968402533,True
1839,66,Substation,' ',34.4041565,-119.7265495,Playa,sce,SUBSTATION,34.40415169,-119.726537,0.0012653887753313864,True
1840,230,Substation,' ',34.29103334,-114.141425,Parker 2,wapa,SUBSTATION,34.29102822,-114.14141352,0.0011984958104911067,True
1841,115,Substation,' ',34.30747075,-117.3234937,Mojave Siphon,sce_assumed,SUBSTATION,34.30746582,-117.32348167,0.0012334641972978127,True
1842,66,Substation,' ',34.14563804,-117.0591055,Santa Ana 1,sce,SUBSTATION,34.14563311,-117.05909351,0.0012320705955304694,True
1843,115,Substation,' ',34.0742056,-117.0774917,Crafton Hills,sce,SUBSTATION,34.07420067,-117.07747969,0.00123455568397219,True
1844,66,Substation,' ',34.0417976,-117.36086,Agua Mansa,sce,SUBSTATION,34.0417927,-117.36084799,0.001233457565296219,True
1845,115,Substation,' ',34.08802668,-117.0396618,Mill Creek 3,sce,SUBSTATION,34.08802175,-117.03964984,0.0012302701485047527,True
1846,66,Substation,' ',34.04401675,-117.5682165,Milliken,sce,SUBSTATION,34.04401186,-117.5682044,0.0012403885606506405,True
1847,66,Substation,' ',33.98992232,-117.6806503,OLS Energy Chino,sce,SUBSTATION,33.98991744,-117.68063824,0.0012372252762456687,True
1848,115,Substation,' ',33.94999167,-116.66685,Seawind,sce,SUBSTATION,33.94998674,-116.6668381,0.0012269214330960223,True
1849,115,Substation,' ',33.91601977,-116.7183577,Unknown - 2470,sce,SUBSTATION,33.91601484,-116.71834574,0.0012322693174406031,True
1850,115,Substation,' ',33.91775834,-116.6428055,Renwind,sce,SUBSTATION,33.91775341,-116.64279365,0.0012231670787792451,True
1851,115,Substation,' ',33.93719236,-116.6157222,Venwind,sce,SUBSTATION,33.93718743,-116.61571029,0.001227894514421832,True
1852,115,Substation,' ',33.92625001,-116.6148056,Sanwind,sce,SUBSTATION ASSUMED,33.92624507,-116.61479366,0.001230994092027693,True
1853,115,Substation,' ',33.92066048,-116.5811554,Tiffanywind,sce,SUBSTATION,33.92065555,-116.58114348,0.0012289111177815617,True
1854,115,Substation,' ',33.92176389,-116.5797111,Buckwind,sce,SUBSTATION,33.92175895,-116.5796992,0.0012277441260950036,True
1855,115,Substation,' ',33.93161389,-116.5689805,Terawind,sce,SUBSTATION,33.93160895,-116.56896866,0.0012226826092279772,True
1856,115,Substation,' ',33.90733058,-116.5798389,Altwind,sce,SUBSTATION,33.90732564,-116.57982699,0.0012287358908755054,True
1857,115,Substation,' ',33.90721389,-116.5793333,Mountwind,sce,SUBSTATION,33.90720896,-116.57932145,0.0012232880266318698,True
1858,115,Substation,' ',33.91063251,-116.5528915,Indigo,sce,SUBSTATION,33.91062757,-116.5528796,0.0012278724120237318,True
1859,66,Substation,' ',33.9307667,-117.2935923,Springs Generation,sce_assumed,SUBSTATION,33.9307618,-117.29358032,0.0012322724215752283,True
1860,115,Substation,' ',33.87760559,-116.4643638,Capwind,sce,SUBSTATION,33.87760066,-116.46435198,0.001221152072476574,True
1861,66,Substation,' ',33.96216982,-117.4528961,Rerc,sce,SUBSTATION,33.96216493,-117.45288407,0.0012355544224349607,True
1862,500,Substation,' ',33.67121576,-115.5589824,Capacitor,sce,SUBSTATION,33.6712108,-115.55897075,0.0012109763202782773,True
1863,66,Substation,' ',33.85479613,-117.4538978,MWD Lake Mathews,sce,SUBSTATION,33.85479125,-117.45388571,0.0012413026282871774,True
1864,115,Substation,' ',33.91713502,-116.7346083,Banwind,sce,SUBSTATION,33.91713009,-116.7345964,0.0012273004060726898,True
1865,115,Substation,' ',33.83565128,-117.1830736,Perris,sce,SUBSTATION,33.83564639,-117.18306163,0.001232058659276052,True
1866,66,Substation,' ',33.85342728,-117.8570252,Dowling,sce_assumed,SUBSTATION,33.85342243,-117.85701306,0.001244023262069386,True
1867,66,Substation,' ',33.83104984,-117.9113948,Anaheim,sce_assumed,SUBSTATION,33.83104499,-117.91138274,0.00123763270712653,True
1868,66,Substation,' ',33.80449763,-117.900745,Katella,sce_assumed,SUBSTATION,33.80449278,-117.9007329,0.001241271794498817,True
1869,115,Substation,' ',33.77345347,-116.2845082,Avenue 42,iid,SUBSTATION,33.77344854,-116.28449634,0.0012256463043794489,True
1870,115,Substation,' ',33.74289723,-116.1966315,Shadow Hills,iid,SUBSTATION,33.7428923,-116.19661971,0.0012202099694530188,True
1871,115,Substation,' ',33.66994416,-116.1571434,Avenue 52,iid,SUBSTATION,33.66993923,-116.15713158,0.0012235189790361742,True
1872,115,Substation,' ',33.67655626,-116.1724908,Coachella Switching,iid,SUBSTATION,33.67655134,-116.17247898,0.0012229459675721717,True
1873,115,Substation,' ',33.69921608,-116.269905,Avenue 48,iid,SUBSTATION,33.69921116,-116.26989315,0.0012251707314723077,True
1874,115,Substation,' ',33.63038756,-116.2392514,Avenue 58,iid,SUBSTATION,33.63038264,-116.23923961,0.0012209871613013841,True
1875,115,Substation,' ',33.68098774,-117.0698252,MWD Eastside Res,sce_assumed,SUBSTATION,33.68098286,-117.06981321,0.0012350230679115367,True
1876,115,Substation,' ',33.687275,-117.1460111,Sun City,sce,SUBSTATION,33.68727013,-117.14599914,0.0012319682344093198,True
1877,66,Substation,' ',33.06849724,-117.1413944,Olivanhain,sdge,SUBSTATION,33.06849243,-117.14138251,0.001230291749144981,True
1878,66,Substation,' ',32.87607979,-117.1658958,Miramar Gt,sdge,SUBSTATION,32.87607501,-117.16588393,0.0012293399542446536,True
1879,66,Substation,' ',32.883611,-117.222466,UC San Diego,sdge,SUBSTATION,32.88360622,-117.22245408,0.001233466609283933,True
1880,66,Substation,' ',32.67076687,-117.1147256,Naval Station,sdge,SUBSTATION,32.67076211,-117.11471374,0.001229845989367523,True
1881,66,Substation,' ',32.5916948,-117.0585226,MMC Chula,sdge,SUBSTATION,32.59169005,-117.05851077,0.0012277163638935034,True
1882,66,Substation,' ',32.56629513,-116.9443235,Larkspur Energy Facility,sdge,SUBSTATION,32.56629037,-116.94431164,0.0012310161252110827,True
1883,66,Substation,' ',39.11355687,-121.3330798,Beale Afb 2,pge_assumed,SUBSTATION,39.11355174,-121.33306663,0.0012714010124239997,True
1884,66,Substation,' ',39.09777864,-121.3373207,Beale Afb 1,pge_assumed,SUBSTATION,39.09777351,-121.33730745,0.0012778021477910899,True
1885,115,Substation,' ',38.67863771,-121.7600408,Woodland,pge,SUBSTATION,38.67863264,-121.76002753,0.0012824692966151617,True
1886,66,Substation,' ',38.60717675,-121.5241233,Dist. 1000,smud,SUBSTATION,38.60717167,-121.52411015,0.001274634846673054,True
1887,115,Substation,' ',38.24645008,-120.0338424,Donnells-Curtis,pge,SUBSTATION,38.24644492,-120.03382952,0.0012626693911110623,True
1888,115,Substation,' ',38.20287089,-120.0768601,Beardsley,pge,SUBSTATION,38.20286573,-120.07684717,0.0012671637459397223,True
1889,115,Substation,' ',38.18612556,-120.150002,Sand Bar,pge,SUBSTATION,38.18612041,-120.14998909,0.0012653334194226858,True
1890,115,Substation,' ',38.13789804,-120.3701892,Stanislaus,pge,SUBSTATION,38.13789292,-120.37017629,0.0012644938199982624,True
1891,66,Substation,' ',37.6966396,-120.4201211,Don Pedro,pge_assumed,SUBSTATION,37.69663452,-120.42010824,0.0012646395966552245,True
1892,66,Substation,' ',36.13582345,-118.7890314,Tule,sce,SUBSTATION,36.13581841,-118.78901891,0.0012538578711736455,True
1893,66,Substation,' ',34.19593016,-119.1668901,Oxgen,sce,SUBSTATION,34.19592534,-119.16687774,0.0012567802129696507,True
1894,66,Substation,' ',34.14297045,-119.1828051,Willamette,sce,SUBSTATION ASSUMED,34.14296564,-119.1827927,0.0012602843158295383,True
1895,66,Substation,' ',34.14113701,-119.1844939,Oxnard Wastewater ,sce,SUBSTATION,34.1411322,-119.18448155,0.0012561416083950285,True
1896,66,Substation,' ',34.15667223,-119.2092028,Lehman,sce,SUBSTATION,34.15666741,-119.20919042,0.0012589236476642056,True
1897,115,Substation,' ',32.68431555,-114.4695691,Gila,wapa,SUBSTATION ASSUMED,32.68431065,-114.4695577,0.0011979790381486056,True
1898,500,Substation,'IMPORT',42.07986401,-121.3901623,Captain Jack,unknown,SUBSTATION ASSUMED,42.07985865,-121.39014862,0.0012766717449244536,True
1899,66,Substation,' ',39.93440815,-120.8882835,Quincy,pge_assumed,SUBSTATION,39.93440291,-120.88827025,0.001271127765939574,True
1900,66,Substation,' ',38.21807754,-122.1584791,PG&E Pumping Station,pge,SUBSTATION,38.21807254,-122.15846584,0.0012849251922411984,True
1901,66,Substation,' ',34.99610491,-117.3036821,Sandlot,sce,SUBSTATION,34.99707498,-117.30298789,0.1250357645407472,True
1902,66,Substation,' ',38.57810705,-121.28952,Reserver Intl,smud,SUBSTATION,38.57810196,-121.28950683,0.0012771009731530503,True
1903,66,Substation,' ',38.27385606,-121.3138934,Live Oak - (SMUD),smud,SUBSTATION,38.27385099,-121.31388025,0.0012788872577920996,True
1904,115,Substation,' ',38.27647582,-121.7967847,Barker Slough Pumping Station,pge,SUBSTATION,38.27647079,-121.79677149,0.0012816059556806222,True
1905,230,Substation,' ',38.05886608,-121.3769021,Eight Mile,pge,SUBSTATION,38.05886103,-121.376889,0.0012770217928181112,True
1906,115,Substation,' ',37.77065318,-122.2246715,Owens-Brockway,pge_assumed,SUBSTATION,37.77064823,-122.22465827,0.001286550945209856,True
1907,230,Substation,' ',37.25376296,-121.9662772,Vasona,pge,SUBSTATION,37.25375803,-121.96626415,0.0012785050340244767,True
1908,66,Substation,' ',36.90277062,-121.76387,Agrilink Foods,pge_assumed,SUBSTATION,36.90276571,-121.76385699,0.0012791831122486153,True
1909,66,Substation,' ',36.90275189,-121.7559092,Watsonville,pge,SUBSTATION,36.90274697,-121.75589623,0.0012764439767446979,True
1910,230,Substation,' ',36.73565748,-120.6402159,Westland #1 RA PP,pge_assumed,SUBSTATION,36.7356525,-120.64020311,0.0012671437093508201,True
1911,115,Substation,' ',39.73015383,-121.796365,Notre Dame,pge,SUBSTATION,39.73014868,-121.79635166,0.0012764471838783756,True
1912,230,Substation,' ',38.76621101,-122.7132248,Santa Rosa Geothermal,pge_assumed,SUBSTATION,38.766206,-122.71321138,0.001289998000387785,True
1913,230,Substation,' ',38.7658666,-122.7119276,Unknown - 2553,pge,SUBSTATION ASSUMED,38.7658616,-122.71191424,0.0012848315536518968,True
1914,115,Substation,' ',38.01338898,-121.8641362,Union Carbide,pge_assumed,SUBSTATION,38.01338398,-121.86412307,0.0012775936976398945,True
1915,66,Substation,' ',38.00443593,-122.055216,SFPP LP,pge_assumed,SUBSTATION,38.00443094,-122.05520284,0.0012796047755177864,True
1916,66,Substation,' ',37.98255043,-121.7493958,Contra Costa 4,wapa,SUBSTATION,37.98254542,-121.74938263,0.0012816697492974132,True
1917,230,Substation,' ',37.76722152,-121.6165152,Unknown - 2557,pge_assumed,SUBSTATION,37.76721651,-121.61650213,0.0012767986831740783,True
1918,230,Substation,' ',37.76433684,-121.6144491,Flowind Corp,pge,SUBSTATION,37.76433184,-121.61443601,0.001277936998393057,True
1919,115,Substation,' ',36.80545886,-118.1868338,Unknown - 2559,sce,SUBSTATION,36.80545371,-118.18682134,0.0012484130197233686,True
1920,66,Substation,' ',36.18093633,-120.3879297,Coalinga Cogen,pge,SUBSTATION,36.18093139,-120.38791696,0.001268535500294259,True
1921,66,Substation,' ',36.30752169,-120.2516134,Pleasant Valley Pumps,wapa,SUBSTATION,36.30751673,-120.2516007,0.0012646072717943182,True
1922,66,Substation,' ',35.51759999,-119.7613417,Unknown - 2562,pge,SUBSTATION,35.51759508,-119.7613291,0.0012643288139550539,True
1923,115,Substation,' ',35.60091105,-119.403033,Wasco Prison,pge,SUBSTATION,35.6009061,-119.40302049,0.0012578673007546122,True
1924,115,Substation,' ',35.44065586,-118.9605384,Unknown - 2564,pge,SUBSTATION,35.44065089,-118.96052598,0.0012535500995273187,True
1925,115,Substation,' ',35.41569334,-119.0119946,Witco Refinery,pge_assumed,SUBSTATION,35.41568838,-119.01198216,0.0012550012418123735,True
1926,230,Substation,' ',35.38771939,-119.1640945,Renfro,pge,SUBSTATION,35.38771444,-119.16408206,0.0012548645653168537,True
1927,230,Substation,' ',35.10812875,-118.3138502,Arbwind,sce,SUBSTATION,35.10812378,-118.31383786,0.0012511733904482323,True
1928,66,Substation,' ',35.08816944,-118.3670165,Unknown - 2573,sce,SUBSTATION,35.08816448,-118.36700425,0.0012435845783244639,True
1929,66,Substation,' ',35.07590833,-118.3726066,Northwind,sce,SUBSTATION ASSUMED,35.07590337,-118.37259431,0.0012469983559994192,True
1930,230,Substation,' ',35.09908646,-118.3345469,Unknown - 2575,sce,SUBSTATION,35.0990815,-118.33453463,0.0012450818379931945,True
1931,66,Substation,' ',35.09826195,-118.3378519,Unknown - 2576,sce,SUBSTATION,35.09825699,-118.33783958,0.0012491717717094371,True
1932,66,Substation,' ',35.05390316,-118.34667,Midwind,sce,SUBSTATION,35.0538982,-118.34665771,0.0012472687988463794,True
1933,66,Substation,' ',35.07305681,-118.3203834,Flowind,sce,SUBSTATION,35.07305185,-118.32037107,0.0012502992429821375,True
1934,66,Substation,' ',35.07808854,-118.3111001,Varwind,sce,SUBSTATION,35.07808357,-118.31108778,0.001249911799658048,True
1935,66,Substation,' ',35.07880128,-118.3093627,Enwind,sce,SUBSTATION,35.07879631,-118.30935043,0.0012458236455541532,True
1936,66,Substation,' ',35.07922962,-118.3049045,Canwind,sce,SUBSTATION,35.07922466,-118.30489219,0.001248590037313061,True
1937,115,Substation,' ',35.21033334,-119.5826444,Sunrise Power,pge,SUBSTATION,35.21032844,-119.58263192,0.001257939022131838,True
1938,115,Substation,' ',35.20995835,-119.581225,Unknown - 2583,pge,SUBSTATION,35.20995345,-119.58121248,0.0012612202050157936,True
1939,66,Substation,' ',34.305325,-118.5004778,Sylmar-Pac Intertie,sce,SUBSTATION,34.30532013,-118.50046553,0.0012503717797888022,True
1940,66,Substation,' ',34.19192629,-118.3231889,Unknown - 2585,sce,SUBSTATION,34.19192143,-118.32317673,0.00124297189041255,True
1941,66,Substation,' ',34.18601701,-118.347346,Valley - (Other),sce_assumed,SUBSTATION,34.18601214,-118.34733378,0.001247668085280356,True
1942,66,Substation,' ',34.16599255,-118.2961017,Unknown - 2587,sce_assumed,SUBSTATION,34.16598769,-118.29608949,0.0012465971395709769,True
1943,66,Substation,' ',34.15402513,-118.3394597,Unknown - 2588,sce,SUBSTATION,34.15402027,-118.33944751,0.0012450824159556124,True
1944,66,Substation,' ',33.92079574,-118.1274327,Downey Med,sce,SUBSTATION,33.92079089,-118.12742057,0.001242394527036051,True
1945,66,Substation,' ',33.78784139,-118.3002395,Unknown - 2590,sce,SUBSTATION,33.78783657,-118.30022733,0.0012458589858486784,True
1946,66,Substation,' ',40.67319414,-122.3688692,Unknown - 2592,pge_assumed,SUBSTATION,40.67318897,-122.36885563,0.0012806963291408585,True
1947,66,Substation,' ',38.75211412,-121.3140177,Baseline,smud,SUBSTATION,38.75210901,-121.31400458,0.0012717193076091462,True
1948,66,Substation,' ',38.77889884,-121.3089818,PG2,pge_assumed,SUBSTATION,38.77889373,-121.30896859,0.0012783210666425992,True
1949,66,Substation,' ',38.72833851,-121.269809,Cirby,pge_assumed,SUBSTATION,38.7283334,-121.26979582,0.001276716994324321,True
1950,66,Substation,' ',37.36937638,-121.9563813,Walsh,svp,SUBSTATION,37.36937144,-121.95636818,0.001282967175786767,True
1951,230,Substation,' ',35.21590889,-120.8512451,Pecho Valley,pge_assumed,SUBSTATION,35.21590407,-120.85123241,0.001271314679483672,True
1952,66,Substation,' ',34.60145611,-117.3350595,Oro Grande,sce,SUBSTATION,34.60145114,-117.33504743,0.0012352487987256598,True
1953,66,Substation,' ',34.58002088,-117.3693753,George Air Force Base,sce,SUBSTATION,34.58001592,-117.36936322,0.0012358259791133757,True
1954,66,Substation,' ',34.10370114,-117.5264367,MWD Etiwanda,sce,SUBSTATION,34.10369623,-117.52642464,0.00123735383880323,True
1955,66,Substation,' ',33.83390123,-117.4972091,MWD Temescal,sce_assumed,SUBSTATION,33.83389635,-117.49719705,0.0012382262323680391,True
1956,66,Substation,' ',39.19110887,-121.9904572,Colusa Junction,pge,SUBSTATION,39.19110378,-121.99044393,0.0012760097320520171,True
1957,66,Substation,' ',38.78153534,-121.3077791,Industrial - Roseville,pge_assumed,SUBSTATION,38.78153022,-121.30776589,0.0012787778030468185,True
1958,66,Substation,' ',38.42101505,-120.5497737,West Point,pge,SUBSTATION,38.42100991,-120.54976067,0.0012709061254230257,True
1959,66,Substation,' ',38.13803636,-121.3861773,Unknown - 2612,pge,SUBSTATION,38.13803131,-121.38616422,0.0012743360947906153,True
1960,66,Substation,' ',36.88170591,-121.6032411,Brigatano,pge_assumed,SUBSTATION,36.88170098,-121.6032281,0.0012796186763666948,True
1961,66,Substation,' ',37.37197302,-121.9506779,Fiberglas,svp,SUBSTATION,37.37196807,-121.95066478,0.0012834073981909367,True
1962,66,Substation,' ',37.71068202,-121.0136898,Unknown - 2616,pge_assumed,SUBSTATION,37.71067698,-121.01367685,0.0012695662438040036,True
1963,66,Substation,' ',37.70470281,-121.0417369,Unknown - 2617,pge_assumed,SUBSTATION,37.70469778,-121.04172391,0.0012723180767389639,True
1964,66,Substation,' ',37.64504464,-120.6068048,Unknown - 2618,pge_assumed,SUBSTATION,37.64503958,-120.60679183,0.001273032950634935,True
1965,66,Substation,' ',37.57957789,-121.2059602,Westley - (PG&E),pge,SUBSTATION,37.57957288,-121.20594716,0.0012770373166768522,True
1966,115,Substation,' ',37.3635047,-120.6317933,Jr Wood,pge_assumed,SUBSTATION,37.36349967,-120.63178036,0.001273055964850017,True
1967,66,Substation,' ',36.96772403,-120.2026749,Bonita Tap,pge,SUBSTATION,36.967719,-120.20266215,0.001263295339600068,True
1968,115,Substation,' ',36.70011514,-119.737072,SC Johnson Wax,pge_assumed,SUBSTATION,36.7001101,-119.73705933,0.001260954231786302,True
1969,66,Substation,' ',36.53156657,-120.1704548,Stroud Switching Station,pge,SUBSTATION,36.53156158,-120.17044206,0.0012663313179684982,True
1970,66,Substation,' ',36.13094168,-120.245123,Jacalitio,pge_assumed,SUBSTATION,36.13093673,-120.24511028,0.0012680561586688177,True
1971,66,Substation,' ',36.2645078,-119.9062759,Lemoore N.A.S.,pge,SUBSTATION,36.26450281,-119.90626323,0.0012642123473189828,True
1972,66,Substation,' ',36.21699729,-121.1271469,King City,pge,SUBSTATION,36.21699239,-121.12713404,0.0012758664200217655,True
1973,66,Substation,' ',36.31291154,-119.6543971,Hanford - (SCE),sce,SUBSTATION,36.31290653,-119.65438444,0.0012637532596754242,True
1974,66,Substation,' ',36.26903562,-119.6545088,Armstrong Ss,pge_assumed,SUBSTATION,36.26903062,-119.6544962,0.001259008078945266,True
1975,66,Substation,' ',36.26974983,-119.6473706,GWF Hanford,pge,SUBSTATION,36.26974483,-119.64735799,0.001259803220520948,True
1976,66,Substation,' ',36.25516045,-119.6490377,Contadina,pge_assumed,SUBSTATION,36.25515545,-119.6490251,0.0012591881380856155,True
1977,66,Substation,' ',35.84304303,-119.9083816,Las Perillas Pumps,pge,SUBSTATION,35.84303809,-119.90836902,0.0012599700588078221,True
1978,66,Substation,' ',35.83498773,-119.9426154,Badger Hill Pumps,pge,SUBSTATION,35.8349828,-119.94260275,0.001265273625569946,True
1979,66,Substation,' ',36.35733718,-119.3129715,Riverway,sce,SUBSTATION,36.35733214,-119.31295897,0.0012542221977989475,True
1980,66,Substation,' ',36.31853504,-119.3117235,Mooney,sce,SUBSTATION,36.31853001,-119.31171088,0.001261448557285087,True
1981,66,Substation,' ',35.7309326,-120.2077977,Polonio Pass,pge,SUBSTATION,35.73092768,-120.20778507,0.0012645113291531755,True
1982,66,Substation,' ',35.70756238,-120.0841888,Bluestone,pge,SUBSTATION,35.70755747,-120.0841762,0.0012618896648511565,True
1983,115,Substation,' ',35.4486638,-119.7339932,South Belridge Cogen,pge,SUBSTATION,35.44865889,-119.73398069,0.0012578619666243924,True
1984,115,Substation,' ',35.4562202,-119.6319178,Belridge 1A,pge,SUBSTATION,35.45621528,-119.63190522,0.001263961755717268,True
1985,115,Substation,' ',35.4439513,-119.6609901,Belridge 1B,pge,SUBSTATION,35.44394638,-119.66097757,0.0012600366035954746,True
1986,66,Substation,' ',35.47018145,-119.7510309,King Ellis,pge,SUBSTATION,35.47017653,-119.75101835,0.0012613350090585462,True
1987,230,Substation,' ',35.0141651,-118.9775458,Wind Gap,pge,SUBSTATION,35.01416018,-118.97753342,0.001253166097893477,True
1988,66,Substation,' ',35.74210436,-119.051819,Ultragen,sce,SUBSTATION,35.74209937,-119.05180651,0.0012564058448318526,True
1989,66,Substation,' ',35.06200315,-118.3205828,Dutchwind,sce,SUBSTATION,35.06199818,-118.32057049,0.0012492936720390462,True
1990,115,Substation,' ',35.03228875,-117.7015827,Mogen,sce,SUBSTATION,35.03228376,-117.70157052,0.0012400477124826516,True
1991,66,Substation,' ',34.27976053,-119.3010385,Ventura,sce,SUBSTATION,34.27975571,-119.3010261,0.0012590816000884672,True
1992,66,Substation,' ',34.12874902,-119.0956835,Missile,sce,SUBSTATION,34.12874421,-119.09567112,0.0012587915108467815,True
1993,66,Substation,' ',34.51757917,-117.2156822,Rancho,sce,SUBSTATION,34.5175742,-117.21567013,0.0012362456776172585,True
1994,66,Substation,' ',34.53535066,-117.2951374,Victorville - (SCE),sce,SUBSTATION,34.53534569,-117.29512531,0.0012376735787983323,True
1995,66,Substation,' ',34.24286195,-117.2854823,Huston,sce,SUBSTATION,34.24285702,-117.28547021,0.0012391690134354115,True
1996,115,Substation,' ',33.9477822,-116.9232031,Unknown - 2655,sce,SUBSTATION,33.94777728,-116.92319113,0.001232232805330862,True
1997,66,Substation,' ',34.09050178,-117.533316,Grapeland,sce,SUBSTATION,34.09049688,-117.53330395,0.0012361924265383653,True
1998,66,Substation,' ',34.03301841,-117.5214519,Metalcan,sce,SUBSTATION,34.03301352,-117.52143981,0.0012396903124665911,True
1999,66,Substation,' ',34.05649126,-117.6456358,Ontario,sce,SUBSTATION,34.05648637,-117.64562376,0.0012352756424643466,True
2000,66,Substation,' ',33.99376264,-117.7086853,Plastic,sce,SUBSTATION,33.99375776,-117.70867324,0.0012371801140941647,True
2001,66,Substation,' ',34.09563526,-117.440474,Flanco,sce,SUBSTATION,34.09563035,-117.44046198,0.001234144527268743,True
2002,66,Substation,' ',34.0230499,-117.3766349,Fibre,sce,SUBSTATION,34.023045,-117.37662287,0.0012353309326718655,True
2003,66,Substation,' ',34.07679718,-117.4346845,Kempster,sce,SUBSTATION,34.07679227,-117.4346724,0.0012409778781765505,True
2004,66,Substation,' ',34.10130445,-117.368353,Rialto,sce,SUBSTATION,34.10129954,-117.36834093,0.0012382084051224599,True
2005,66,Substation,' ',34.164599,-117.2864129,Valencia,sce,SUBSTATION,34.16459407,-117.28640087,0.0012351455795987145,True
2006,115,Substation,' ',34.1288882,-117.3043733,Sixteenth Street,sce,SUBSTATION,34.12888328,-117.30436125,0.0012367227334542329,True
2007,66,Substation,' ',34.12072036,-117.3103556,Mt. Vernon,sce,SUBSTATION,34.12071544,-117.31034355,0.0012368188356862253,True
2008,66,Substation,' ',34.12095856,-117.2583267,Tippecanoe,sce,SUBSTATION,34.12095364,-117.25831463,0.0012384674658958027,True
2009,115,Substation,' ',34.44514481,-116.9466369,Lucerne - (SCE),sce,SUBSTATION,34.44513983,-116.9466249,0.0012318649553645672,True
2010,66,Substation,' ',34.86248816,-116.8909496,Daggett,sce,SUBSTATION,34.86248313,-116.89093758,0.001231075333535776,True
2011,66,Substation,' ',34.88999449,-117.0018638,East Barstow,sce,SUBSTATION,34.88998947,-117.0018518,0.0012286182737665378,True
2012,66,Substation,' ',34.90108975,-117.0221335,Barstow,sce,SUBSTATION,34.90108473,-117.02212143,0.0012341766423071662,True
2013,66,Substation,' ',34.89160541,-117.049312,West Barstow,sce,SUBSTATION,34.89160039,-117.04929993,0.0012342899982860749,True
2014,66,Substation,' ',34.9072516,-117.1540201,Hinkley,sce,SUBSTATION,34.90724659,-117.15400802,0.0012344141093083927,True
2015,66,Substation,' ',34.86475877,-117.1177491,Ordway,sce,SUBSTATION,34.86475376,-117.117737,0.0012365513584559921,True
2016,115,Substation,' ',34.1359889,-116.3156637,Joshua Tree,sce,SUBSTATION,34.13598392,-116.31565184,0.0012239848270163263,True
2017,115,Substation,' ',34.13779814,-116.0537102,Twentynine Palms,sce,SUBSTATION,34.13779315,-116.05369843,0.0012170893512318275,True
2018,66,Substation,' ',34.02772415,-117.1653247,Smiley,sce,SUBSTATION,34.02771923,-117.16531274,0.0012304771576980443,True
2019,66,Substation,' ',34.10244419,-117.5452261,Arbors,sce_assumed,SUBSTATION,34.10243929,-117.54521398,0.0012418403278674024,True
2020,66,Substation,' ',34.7209336,-118.1788309,Riteaid,sce,SUBSTATION,34.72092867,-118.17881869,0.0012433112432932384,True
2021,66,Substation,' ',34.14938981,-118.6644768,Shelline,sce,SUBSTATION,34.14938496,-118.66446453,0.0012512945905476256,True
2022,66,Substation,' ',33.88193703,-117.5884483,Perez - (SCE),sce,SUBSTATION,33.88193216,-117.58843619,0.0012421589633665393,True
2023,66,Substation,' ',33.74682731,-116.9756602,Hemet,sce,SUBSTATION,33.74682242,-116.97564822,0.0012339184679721529,True
2024,66,Substation,' ',33.92128128,-116.876008,Unknown - 2686,sce,SUBSTATION,33.92127636,-116.87599602,0.0012333676525663497,True
2025,115,Substation,' ',33.80845523,-116.4726024,Desert Outpost,sce,SUBSTATION,33.8084503,-116.47259056,0.0012235932759970952,True
2026,66,Substation,' ',33.81299035,-116.5435857,Sunny Dunes,sce,SUBSTATION,33.81298542,-116.5435738,0.0012284996786696277,True
2027,66,Substation,' ',33.79897529,-116.5432439,Palm Canyon,sce,SUBSTATION,33.79897036,-116.54323205,0.0012245278122358192,True
2028,115,Substation,' ',33.7259849,-116.2543635,Unknown - 2690,iid,SUBSTATION,33.72597998,-116.25435168,0.0012223833255981084,True
2029,115,Substation,' ',33.52501628,-116.1131999,Unknown - 2692,iid,SUBSTATION,33.52501136,-116.11318807,0.0012254962023159688,True
2030,66,Substation,' ',33.87894152,-117.8873634,Titans,sce,SUBSTATION,33.87893667,-117.88735127,0.0012428896137481793,True
2031,66,Substation,' ',33.83755882,-117.9681754,Hannum,sce_assumed,SUBSTATION,33.83755397,-117.96816327,0.0012433786388591896,True
2032,66,Substation,' ',33.80803397,-117.9332035,Southwest,sce_assumed,SUBSTATION,33.80802913,-117.93319143,0.0012382505874745863,True
2033,66,Substation,' ',33.84837748,-117.9106911,Sharp,sce_assumed,SUBSTATION,33.84837263,-117.91067897,0.001243250840081666,True
2034,66,Substation,' ',33.82668375,-117.9024838,Vermont,sce_assumed,SUBSTATION,33.8266789,-117.90247169,0.0012418426615881917,True
2035,66,Substation,' ',33.85820599,-117.8071247,Yorba,sce_assumed,SUBSTATION,33.85820114,-117.80711264,0.0012373141057123848,True
2036,66,Substation,' ',33.62954877,-117.9250012,Costa Mesa,sce,SUBSTATION,33.62954395,-117.92498913,0.0012393778876792153,True
2037,66,Substation,' ',32.66719695,-116.7001427,Barrett - (SDG&E),sdge,SUBSTATION,32.66719217,-116.70013085,0.0012300005066514382,True
2038,66,Substation,' ',33.02116972,-117.1342178,Artesian,sdge,SUBSTATION,33.02116492,-117.13420586,0.0012345471354461778,True
2039,66,Substation,' ',32.88485153,-117.2008385,Eastgate -  South,sdge,SUBSTATION,32.88484676,-117.20082653,0.0012371902284040771,True
2040,115,Substation,' ',32.7126482,-117.1308139,Grant Hill,sdge,SUBSTATION,32.71264343,-117.13080202,0.0012315436482364308,True
2041,66,Substation,' ',32.76724014,-115.5383555,Second Imperial Geothermal,iid,SUBSTATION,32.76723529,-115.53834386,0.0012146411438590447,True
2042,115,Substation,' ',32.82017958,-115.5102463,Aten,iid,SUBSTATION,32.82017472,-115.51023472,0.001209536565429381,True
2043,115,Substation,' ',32.67546136,-115.3730132,Gateway,iid,SUBSTATION,32.67545651,-115.37300164,0.0012089393649794662,True
2044,115,Substation,' ',33.15371813,-115.639604,Salton Sea 5,iid,SUBSTATION,33.15371324,-115.63959236,0.0012123752016895781,True
2045,66,Substation,' ',34.0822219,-117.9261072,Badillo,sce,SUBSTATION,34.08221703,-117.92609504,0.0012439356327839843,True
2046,66,Substation,' ',34.13866519,-117.9657695,Duarte,sce,SUBSTATION,34.13866031,-117.96575733,0.0012445761085052476,True
2047,66,Substation,' ',34.14300447,-118.0028218,Monrovia,sce,SUBSTATION,34.14299959,-118.00280967,0.0012412125529812715,True
2048,66,Substation,' ',34.11844514,-118.008015,Mayflower,sce,SUBSTATION,34.11844026,-118.00800282,0.0012456458072402608,True
2049,66,Substation,' ',34.15824526,-118.0545549,Sierra Madre,sce,SUBSTATION,34.15824038,-118.05454274,0.0012435145312395157,True
2050,66,Substation,' ',34.12854766,-118.0674658,Michillinda,sce,SUBSTATION,34.12854278,-118.06745368,0.0012405565215394454,True
2051,66,Substation,' ',34.10617907,-118.0682685,Temple,sce,SUBSTATION,34.1061742,-118.06825633,0.0012444792211627805,True
2052,66,Substation,' ',34.0881554,-118.0759694,Ivar,sce,SUBSTATION,34.08815053,-118.07595724,0.0012438649852316535,True
2053,66,Substation,' ',34.05215852,-118.0488728,Hoyt,sce,SUBSTATION,34.05215365,-118.0488606,0.0012476123007984206,True
2054,66,Substation,' ',34.11216764,-118.1654356,Sangar,sce,SUBSTATION,34.11216277,-118.16542344,0.0012435789828856793,True
2055,66,Substation,' ',34.00190359,-118.0782253,Bartolo,sce,SUBSTATION,34.00189873,-118.07821312,0.0012460686725515079,True
2056,66,Substation,' ',34.02059386,-118.1053235,Harding - (SCE),sce,SUBSTATION,34.020589,-118.10531135,0.0012433553625217514,True
2057,66,Substation,' ',34.00609425,-118.1216643,Montebello,sce,SUBSTATION,34.00608939,-118.12165213,0.001245188244973729,True
2058,66,Substation,' ',33.94801917,-118.0066737,Friendly Hills,sce,SUBSTATION,33.94801432,-118.00666153,0.0012453969813591944,True
2059,66,Substation,' ',33.93550647,-118.0942072,Floraday,sce,SUBSTATION,33.93550162,-118.09419502,0.0012463773732363699,True
2060,66,Substation,' ',33.89973377,-118.1184703,Woodruff,sce,SUBSTATION,33.89972893,-118.11845811,0.0012471547260622744,True
2061,66,Substation,' ',33.92451886,-118.0676978,Siggen,sce,SUBSTATION,33.924514,-118.06768565,0.0012444955682718872,True
2062,66,Substation,' ',33.99005369,-118.0648964,Westgate,sce,SUBSTATION,33.99004883,-118.06488429,0.0012403976244389965,True
2063,66,Substation,' ',34.05746641,-118.1822514,Terrace,sce,SUBSTATION,34.05746155,-118.1822392,0.001247066640948476,True
2064,66,Substation,' ',34.03653489,-118.1789908,Belvedere,sce,SUBSTATION,34.03653003,-118.17897862,0.001245656008537751,True
2065,66,Substation,' ',34.03354114,-118.1626139,Bicknell,sce,SUBSTATION,34.03353628,-118.1626017,0.0012473524664971176,True
2066,66,Substation,' ',34.02441084,-118.1546498,Amalia,sce,SUBSTATION,34.02440598,-118.15463768,0.0012408206651505441,True
2067,66,Substation,' ',33.98106055,-118.186159,Maywood,sce,SUBSTATION ASSUMED,33.9810557,-118.18614681,0.0012466663807485711,True
2068,66,Substation,' ',33.97555785,-118.2480049,Naomi,sce,SUBSTATION,33.97555301,-118.24799271,0.0012462513862177772,True
2069,66,Substation,' ',33.95677603,-118.1899735,Plaster,sce,SUBSTATION,33.95677118,-118.18996128,0.0012494511622027202,True
2070,66,Substation,' ',33.95347762,-118.1774452,Schultz,sce,SUBSTATION,33.95347277,-118.177433,0.0012478267962210512,True
2071,66,Substation,' ',33.94641224,-118.1660836,Velasco,sce,TAP,33.94640739,-118.16607146,0.0012429222809576743,True
2072,66,Substation,' ',33.94534369,-118.1750032,Shred,sce,SUBSTATION,33.94533884,-118.17499104,0.0012445973817565416,True
2073,66,Substation,' ',33.95866685,-118.2369151,Graham,sce,SUBSTATION,33.95866201,-118.23690295,0.001243126201884346,True
2074,66,Substation,' ',33.94710328,-118.213069,South Gate,sce,SUBSTATION,33.94709844,-118.21305682,0.001245758609057599,True
2075,66,Substation,' ',33.92709968,-118.2127966,Lynwood,sce,SUBSTATION,33.92709483,-118.21278441,0.0012473092533597724,True
2076,66,Substation,' ',33.92066364,-118.1880085,Brewster,sce,SUBSTATION,33.9206588,-118.18799636,0.0012427454547299403,True
2077,66,Substation,' ',33.91649613,-118.2385643,Athens,sce,SUBSTATION,33.91649129,-118.23855217,0.0012419631580044455,True
2078,66,Substation,' ',33.88177182,-118.1956953,Longdon,sce,SUBSTATION,33.88176698,-118.19568316,0.0012432061436502473,True
2079,66,Substation,' ',34.19147793,-118.1484119,Fair Oaks,sce,SUBSTATION,34.19147305,-118.14839974,0.0012431181660552515,True
2080,66,Substation,' ',34.22272085,-118.388532,Station 67,ladwp,SUBSTATION,34.22271599,-118.38851981,0.0012442597786229868,True
2081,66,Substation,' ',34.18851555,-118.3348953,Unknown - 2752,sce,SUBSTATION,34.18851068,-118.3348831,0.0012459810622486819,True
2082,66,Substation,' ',34.14649743,-118.2608476,Unknown - 2755,sce_assumed,SUBSTATION,34.14649256,-118.26083544,0.0012431698103029076,True
2083,66,Substation,' ',34.11312249,-118.267733,Unknown - 2756,sce,SUBSTATION,34.11311763,-118.26772082,0.0012447422076624461,True
2084,66,Substation,' ',34.12070019,-118.2262352,Unknown - 2757,sce,SUBSTATION,34.12069532,-118.22622304,0.0012434773152988515,True
2085,66,Substation,' ',34.08673267,-118.21442,Unknown - 2758,sce,SUBSTATION,34.08672781,-118.21440785,0.0012425689295305145,True
2086,66,Substation,' ',34.11393906,-118.1893829,Unknown - 2759,sce,SUBSTATION,34.11393419,-118.18937073,0.0012443866819496297,True
2087,66,Substation,' ',33.8974341,-118.2247208,Compton,sce,SUBSTATION,33.89742926,-118.2247086,0.0012480147664276,True
2088,66,Substation,' ',33.82401308,-118.2393177,Carbonic,sce,SUBSTATION,33.82400825,-118.23930554,0.0012450753689875536,True
2089,66,Substation,' ',33.83151973,-118.2140953,Davidson City,sce,SUBSTATION,33.8315149,-118.21408315,0.0012441531569365582,True
2090,66,Substation,' ',33.78320086,-118.1915831,Locust,sce,SUBSTATION,33.78319603,-118.19157091,0.0012480609797931768,True
2091,66,Substation,' ',34.08994998,-118.3608738,Fairfax,sce,SUBSTATION,34.08994513,-118.36086161,0.0012453666023170332,True
2092,66,Substation,' ',34.02167221,-118.458565,Pearl,sce,SUBSTATION,34.02166737,-118.45855281,0.0012457011991722818,True
2093,66,Substation,' ',34.02976491,-118.4659844,Papermate,sce,SUBSTATION,34.02976007,-118.46597223,0.0012439427008753261,True
2094,66,Substation,' ',34.01504769,-118.4022034,Sony,sce,SUBSTATION,34.01504285,-118.40219117,0.001249106254761923,True
2095,66,Substation,' ',34.01144285,-118.4164117,MWD Venice,sce,SUBSTATION,34.01143801,-118.41639949,0.0012474861165815013,True
2096,66,Substation,' ',33.92056244,-118.3355132,Northrop,sce,SUBSTATION,33.9205576,-118.33550102,0.0012460744703435619,True
2097,66,Substation,' ',33.90951875,-118.3908616,Wesbasin,sce,SUBSTATION,33.90951392,-118.39084938,0.001249057687051607,True
2098,66,Substation,' ',33.90937336,-118.4115222,Chevcentral,sce,SUBSTATION,33.90936853,-118.41150999,0.0012482263211014378,True
2099,66,Substation,' ',33.89530076,-118.4098942,El Porto,sce,SUBSTATION,33.89529593,-118.40988196,0.0012508944034897124,True
2100,66,Substation,' ',33.86598502,-118.3483554,Perry - (SCE),sce,SUBSTATION,33.86598019,-118.34834324,0.0012445776961126274,True
2101,66,Substation,' ',33.84828869,-118.387829,Redondo,sce,SUBSTATION,33.84828386,-118.38781677,0.001250622485122593,True
2102,66,Substation,' ',33.84816655,-118.3300529,Vapor,sce,SUBSTATION,33.84816172,-118.33004075,0.0012439559860881687,True
2103,66,Substation,' ',33.77966215,-118.3873419,Bluff Cove,sce,SUBSTATION,33.77965734,-118.38732968,0.0012496529915384863,True
2104,230,Substation,' ',33.89909374,-118.3846356,Unknown - 2778,sce,SUBSTATION,33.89908891,-118.38462337,0.0012500155482566186,True
2105,66,Substation,' ',36.92817149,-120.1070544,Canandaiqua Winery,pge_assumed,SUBSTATION,36.92816645,-120.10704159,0.0012690982559380652,True
2106,230,Substation,' ',39.53670207,-122.2609693,Schuller,pge_assumed,SUBSTATION ASSUMED,39.53669697,-122.26095589,0.0012822051697418567,True
2107,230,Substation,' ',39.36528231,-122.2638437,Arkansas - (PG&E),pge,SUBSTATION,39.36527723,-122.26383027,0.0012853122681128549,True
2108,66,Substation,' ',39.19443266,-121.4421906,Cal-Sierra,pge_assumed,SUBSTATION,39.19442752,-121.44217735,0.0012768956447497895,True
2109,66,Substation,' ',38.56753222,-121.5688412,Sacramento Mail (Postal Service),pge_assumed,SUBSTATION,38.56752714,-121.56882804,0.001275980072696474,True
2110,66,Substation,' ',38.82271105,-121.3082231,Formica,pge_assumed,SUBSTATION,38.82270593,-121.30820997,0.0012719842444300223,True
2111,66,Substation,' ',38.80092722,-121.2174637,Sierra Pine,pge_assumed,SUBSTATION,38.8009221,-121.21745056,0.0012730704013470338,True
2112,66,Substation,' ',38.65326453,-120.9654797,Pw Pipe,pge_assumed,SUBSTATION,38.6532594,-120.96546665,0.001268689139851505,True
2113,66,Substation,' ',38.44026158,-122.7090068,Santa Rosa B,pge,SUBSTATION ASSUMED,38.4402566,-122.70899346,0.0012870523387449174,True
2114,230,Substation,' ',38.44282579,-122.5838138,Oakmont North,pge,SUBSTATION,38.4428208,-122.58380045,0.0012882798374762984,True
2115,230,Substation,' ',38.42885652,-122.5933435,Oakmont South,pge,SUBSTATION,38.42885154,-122.59333015,0.0012880044408018982,True
2116,230,Substation,' ',38.13818919,-122.2091105,Parkway - (PG&E),pge,SUBSTATION,38.1381842,-122.20909725,0.0012848017520819173,True
2117,66,Substation,' ',38.04858913,-122.2216993,Crockett,pge,SUBSTATION,38.04858414,-122.22168609,0.0012829250137945639,True
2118,66,Substation,' ',38.40796819,-121.9535987,Liquid Carbonic Inc.,pge_assumed,SUBSTATION,38.40796316,-121.95358543,0.001284428947819045,True
2119,66,Substation,' ',38.13827559,-121.3879479,Sebastini Winery (Nathanson),pge_assumed,SUBSTATION ASSUMED,38.13827054,-121.38793485,0.0012719779959920298,True
2120,66,Substation,' ',38.15262823,-121.245421,Woodbridge Winery,pge_assumed,SUBSTATION,38.15262317,-121.24540792,0.0012746211687624668,True
2121,230,Substation,' ',38.01861691,-121.8508717,Trans Bay Cable,pge,SUBSTATION ASSUMED,38.01861191,-121.85085859,0.001275942659424922,True
2122,115,Substation,' ',37.83984215,-122.4785842,Sausalito Meter,pge,SUBSTATION,37.8398372,-122.47857094,0.0012879480131102532,True
2123,66,Substation,' ',37.96209566,-122.3474106,Brookside,pge,SUBSTATION,37.96209069,-122.34739739,0.0012831968491918428,True
2124,115,Substation,' ',37.94691618,-122.3987455,Standard Oil 6,pge_assumed,SUBSTATION,37.94691122,-122.39873231,0.001281351271313253,True
2125,66,Substation,' ',37.93855075,-122.3246229,Mira Vista,pge,SUBSTATION,37.93854579,-122.32460968,0.0012838453726635092,True
2126,66,Substation,' ',37.92501343,-122.3373506,Richmond Q,pge,SUBSTATION,37.92500847,-122.3373374,0.00128245421656935,True
2127,66,Substation,' ',37.9247241,-122.3593914,Virginia,pge,SUBSTATION,37.92471914,-122.35937816,0.0012856267053684169,True
2128,66,Substation,' ',37.90942594,-122.3068776,Waldo,pge,SUBSTATION,37.90942097,-122.30686441,0.0012823625499790035,True
2129,66,Substation,' ',37.90188336,-122.286301,Oak - PG&E North,pge,SUBSTATION,37.9018784,-122.28628775,0.00128674513328756,True
2130,66,Substation,' ',37.9022322,-122.2966299,Fairmont - (PG&E),pge,SUBSTATION,37.90222724,-122.29661673,0.0012804019976582447,True
2131,66,Substation,' ',37.8908588,-122.2922097,Solano,pge,SUBSTATION,37.89085384,-122.29219653,0.0012805631401756352,True
2132,66,Substation,' ',37.88498247,-122.2551057,Ridge,pge,SUBSTATION,37.88497751,-122.25509253,0.0012806463849296553,True
2133,66,Substation,' ',37.88892428,-122.272939,Arlington,pge,SUBSTATION,37.88891931,-122.27292584,0.0012802781924065453,True
2134,66,Substation,' ',37.87587184,-122.2453898,Hillside,pge_assumed,SUBSTATION,37.87586687,-122.24537661,0.0012828386039096856,True
2135,66,Substation,' ',37.87242957,-122.2781691,Berkeley F,pge,SUBSTATION,37.8724246,-122.27815591,0.001282887423657545,True
2136,66,Substation,' ',37.86395872,-122.2589613,Berkeley T,pge_assumed,SUBSTATION,37.86395375,-122.25894809,0.0012845922519640605,True
2137,66,Substation,' ',37.85804465,-122.2686875,Stuart - (PG&E),pge,SUBSTATION,37.85803969,-122.26867425,0.0012873705292697991,True
2138,66,Substation,' ',37.8544867,-122.2796669,Russell,pge_assumed,SUBSTATION,37.85448174,-122.27965371,0.001282663326423327,True
2139,66,Substation,' ',37.82101995,-122.328728,Oakland P,pge,SUBSTATION,37.82101499,-122.32871483,0.001281551857159479,True
2140,66,Substation,' ',37.80905327,-122.3127067,Cuthbertson,pge_assumed,SUBSTATION,37.80904831,-122.31269349,0.0012848940721440687,True
2141,66,Substation,' ',37.79853204,-122.2884507,Schnitzer Steel,pge_assumed,SUBSTATION,37.79852709,-122.2884375,0.0012837727282739226,True
2142,66,Substation,' ',37.83632031,-122.2200046,Florence,pge,SUBSTATION ASSUMED,37.83631534,-122.21999137,0.0012865705999745988,True
2143,66,Substation,' ',37.9266152,-122.0749436,Geary,pge,SUBSTATION,37.92661022,-122.07493042,0.0012818071446315735,True
2144,66,Substation,' ',37.93880425,-122.0821136,Pleasant Hill,pge,SUBSTATION,37.93879927,-122.08210038,0.0012847986999503069,True
2145,66,Substation,' ',37.90480205,-122.0609609,Walnut Creek,pge,SUBSTATION,37.90479707,-122.0609477,0.0012836992170553868,True
2146,66,Substation,' ',37.89510414,-122.0737283,Saranap,pge,SUBSTATION,37.89509916,-122.07371515,0.0012798800018399541,True
2147,66,Substation,' ',37.60403102,-122.4231589,San Andreas,pge,SUBSTATION,37.60402609,-122.42314575,0.0012815935494583297,True
2148,115,Substation,' ',37.60582023,-122.3925307,Santa Paula,pge_assumed,SUBSTATION,37.6058153,-122.39251754,0.0012823646765329588,True
2149,115,Substation,' ',37.60810443,-122.3910401,Ma,pge_assumed,SUBSTATION,37.6080995,-122.39102688,0.0012871125162493458,True
2150,66,Substation,' ',37.52507892,-122.3562982,Hillsdale Junction,pge,SUBSTATION,37.52507399,-122.35628506,0.0012819067722881973,True
2151,115,Substation,' ',37.51313717,-122.2062532,Rmc Lonestar,pge_assumed,SUBSTATION,37.51313223,-122.20624007,0.0012817533007925157,True
2152,66,Substation,' ',37.72239092,-122.1616289,Ward,pge,SUBSTATION,37.72238596,-122.16161574,0.0012821517478130917,True
2153,66,Substation,' ',37.73986963,-122.1554072,Bancroft - PG&E,pge,SUBSTATION,37.73986467,-122.15539406,0.0012803178005960068,True
2154,115,Substation,' ',37.70698474,-122.1771784,Domtar 2,pge_assumed,SUBSTATION,37.70697978,-122.17716522,0.0012839576658836263,True
2155,66,Substation,' ',37.68021007,-122.1262564,San Lorenzo,pge,SUBSTATION,37.68020511,-122.1262432,0.001285925571457785,True
2156,66,Substation,' ',37.71581395,-122.1439269,Cherry - (PG&E),pge,SUBSTATION,37.71580899,-122.14391371,0.0012846272811970843,True
2157,66,Substation,' ',37.6863891,-122.1021887,Hayward O,pge,SUBSTATION,37.68638414,-122.10217552,0.0012842485709970177,True
2158,66,Substation,' ',37.66851129,-122.0849976,Soto,pge,SUBSTATION ASSUMED,37.66850633,-122.08498443,0.0012837061383465156,True
2159,66,Substation,' ',37.70187077,-122.0827995,Parsons,pge,SUBSTATION,37.70186581,-122.08278634,0.0012824411577426122,True
2160,230,Substation,' ',37.78212148,-121.9676808,Technical Ecological Services,pge,SUBSTATION,37.7821165,-121.96766765,0.001281474879433223,True
2161,66,Substation,' ',37.78289645,-121.6317484,Tosco Byron Pumping,pge,SUBSTATION,37.78289145,-121.63173531,0.001277676961955444,True
2162,66,Substation,' ',37.7768338,-121.5176269,Westside,pge,SUBSTATION,37.77682879,-121.51761385,0.0012750829413007356,True
2163,66,Substation,' ',37.7521495,-121.804359,Unknown - 2847,pge,SUBSTATION,37.75214451,-121.80434584,0.0012831707741582307,True
2164,115,Substation,' ',37.51244728,-121.9444502,Western Digital,pge_assumed,SUBSTATION,37.51244232,-121.94443709,0.001281125173597662,True
2165,115,Substation,' ',37.64624161,-121.5464501,Unknown - 2850,pge_assumed,SUBSTATION ASSUMED,37.64623661,-121.546437,0.0012803824013283844,True
2166,66,Substation,' ',37.97044803,-121.2681709,Van Den Bergh Foods,pge_assumed,SUBSTATION ASSUMED,37.97044298,-121.26815785,0.0012743294090038155,True
2167,66,Substation,' ',37.96810648,-121.2686965,Ragu,pge,SUBSTATION,37.96810144,-121.26868348,0.0012715114486081197,True
2168,115,Substation,' ',37.94316146,-121.3011895,Newark-Sierra-Paperbroad,pge,SUBSTATION,37.94315642,-121.30117643,0.0012757968523368181,True
2169,66,Substation,' ',37.90487095,-121.2607316,Jm Manufacturing,pge_assumed,SUBSTATION,37.90486591,-121.26071857,0.0012731810280941446,True
2170,66,Substation,' ',37.80827817,-121.2880772,Libbey Owens Ford,pge_assumed,SUBSTATION,37.80827314,-121.2880641,0.001279566779069706,True
2171,66,Substation,' ',37.31519458,-122.0926711,Kaiser Cement,pge_assumed,SUBSTATION ASSUMED,37.31518965,-122.09265795,0.0012856473400524252,True
2172,66,Substation,' ',37.36306465,-121.9458245,Mathew,svp,SUBSTATION,37.36305971,-121.94581144,0.0012782651703026012,True
2173,230,Substation,' ',37.04146743,-121.0108158,Pacheco Wind Power,pge,SUBSTATION,37.04146245,-121.01080288,0.0012734272277501312,True
2174,66,Substation,' ',36.98428761,-121.9903777,Arana,pge,SUBSTATION,36.9842827,-121.99036467,0.0012796709481695007,True
2175,66,Substation,' ',36.97642408,-121.9801497,Capitola,pge,SUBSTATION,36.97641917,-121.98013662,0.001283797661792225,True
2176,66,Substation,' ',36.97633055,-121.9646549,Opal Cliffs,pge,SUBSTATION,36.97632564,-121.9646418,0.0012854071467564576,True
2177,66,Substation,' ',36.9647278,-121.9737783,Roland,pge,SUBSTATION,36.96472289,-121.97376525,0.001281547384580046,True
2178,66,Substation,' ',36.98677959,-121.9510457,Soquel - (PG&E),pge,SUBSTATION,36.98677468,-121.95103262,0.0012836545420045488,True
2179,66,Substation,' ',36.98428364,-121.9154166,Seacliff,pge,SUBSTATION,36.98427873,-121.91540351,0.0012844929836887588,True
2180,66,Substation,' ',36.97546948,-121.8942993,Rio Del Mar,pge,SUBSTATION,36.97546456,-121.89428621,0.0012850878802550133,True
2181,66,Substation,' ',36.61739069,-121.9190297,Pacific Grove,pge,SUBSTATION,36.61738581,-121.91901669,0.0012816682713804519,True
2182,66,Substation,' ',36.59011835,-121.9442807,Forest,pge,SUBSTATION,36.59011347,-121.9442677,0.0012812314240337836,True
2183,66,Substation,' ',36.56082725,-121.9196629,Carmel,pge,SUBSTATION,36.56082237,-121.91964987,0.001284058278315044,True
2184,115,Substation,' ',36.87957607,-119.8246891,Valley Children'S Hospital,pge_assumed,SUBSTATION,36.87957102,-119.82467641,0.0012606753685793068,True
2185,115,Substation,' ',36.84992908,-119.803345,Pinedale,pge,SUBSTATION,36.84992404,-119.80333234,0.0012581823131879088,True
2186,115,Substation,' ',36.77800449,-119.6737998,Airways,pge,SUBSTATION,36.77799944,-119.6737871,0.001262815702329044,True
2187,66,Substation,' ',36.70367654,-119.8810706,Fresno Waste Water,pge_assumed,SUBSTATION ASSUMED,36.70367152,-119.88105787,0.0012647180413926347,True
2188,66,Substation,' ',36.72636077,-119.7927116,Danish Creamery,pge_assumed,SUBSTATION,36.72635573,-119.79269892,0.0012614070176075866,True
2189,66,Substation,' ',36.2379017,-120.3676133,Oil City ,pge_assumed,SUBSTATION,36.23789675,-120.3676006,0.001265036707042893,True
2190,66,Substation,' ',36.13397773,-120.2520369,CA State Dept Of Corrections,pge_assumed,SUBSTATION,36.13397278,-120.25202419,0.001267207369566793,True
2191,66,Substation,' ',36.30036393,-119.8122866,Leprino Foods,pge_assumed,SUBSTATION,36.30035894,-119.81227399,0.0012589148848333696,True
2192,66,Substation,' ',36.30522614,-119.7930855,Candlewick (Dixie) Yarn,pge_assumed,SUBSTATION,36.30522115,-119.79307285,0.001262070038220043,True
2193,66,Substation,' ',36.30400018,-119.7910976,Leprino - (Other),pge_assumed,SUBSTATION,36.30399518,-119.79108497,0.0012609664467804953,True
2194,66,Substation,' ',36.32061231,-119.6912126,Grangeville,sce,SUBSTATION ASSUMED,36.32060731,-119.69119994,0.0012631628685126144,True
2195,115,Substation,' ',35.28258257,-119.3099896,Arco Western Energy,pge_assumed,SUBSTATION,35.28257764,-119.3099771,0.0012601127566530949,True
2196,115,Substation,' ',35.4207551,-118.9637524,Cal Resources Llc,pge_assumed,SUBSTATION,35.42075014,-118.96373997,0.0012541237426527505,True
2197,115,Substation,' ',35.35813714,-118.9249094,Bolthouse Farms,sce_assumed,SUBSTATION,35.35813219,-118.92489701,0.0012511626157650044,True
2198,115,Substation,' ',35.37708756,-119.0773347,Texaco Refining & Manufacturing,pge_assumed,SUBSTATION,35.37708261,-119.07732228,0.0012533688038206343,True
2199,66,Substation,' ',35.08231476,-119.3041211,Pentland,pge_assumed,SUBSTATION,35.08230986,-119.3041087,0.0012529888562758222,True
2200,66,Substation,' ',35.08324767,-119.2966802,Texaco Basic Training,pge_assumed,SUBSTATION,35.08324277,-119.29666778,0.0012546162718137645,True
2201,66,Substation,' ',35.42202686,-118.9007632,Cal Water,pge,SUBSTATION,35.42202189,-118.90075075,0.0012562244069990692,True
2202,66,Substation,' ',35.24729651,-118.8608581,Grimmway-Malaga,pge,SUBSTATION,35.24729157,-118.86084568,0.0012545064130454655,True
2203,66,Substation,' ',35.07545753,-118.3725027,Unknown - 2896,sce,SUBSTATION ASSUMED,35.07545257,-118.37249036,0.0012510863690938902,True
2204,66,Substation,' ',35.03525039,-118.3524329,Oakwind,sce,SUBSTATION,35.03524544,-118.35242064,0.0012445563992692977,True
2205,66,Substation,' ',35.03161988,-118.3514755,Southwind,sce,SUBSTATION,35.03161492,-118.35146322,0.0012467258938323495,True
2206,66,Substation,' ',34.88938647,-120.2601902,Garey,pge_assumed,SUBSTATION,34.88938164,-120.26017763,0.00126605191265423,True
2207,115,Substation,' ',34.6427778,-120.4548466,Lompoc - Control Building,pge,SUBSTATION,34.64277301,-120.45483396,0.0012730969881291517,True
2208,230,Substation,' ',40.89028086,-121.7968934,Hatchet Ridge Wind,pge,SUBSTATION,40.89027562,-121.79687987,0.001277888958279864,True
2209,66,Substation,' ',34.43159118,-119.9114558,Onshore - (SCE),sce,SUBSTATION,34.43158638,-119.91144335,0.0012604224053259336,True
2210,66,Substation,' ',34.4195105,-119.8513903,Colegio,sce_assumed,SUBSTATION,34.4195057,-119.85137785,0.0012605718985330818,True
2211,66,Substation,' ',34.26343147,-119.0118563,Shellsom,sce,SUBSTATION,34.26342664,-119.01184393,0.001257262203092313,True
2212,66,Substation,' ',34.43109571,-118.5987892,Colossus,sce,SUBSTATION,34.43109083,-118.59877689,0.001252636151613124,True
2213,66,Substation,' ',34.19286589,-118.9194514,Pharmacy,sce,SUBSTATION,34.19286106,-118.91943904,0.0012572921595009417,True
2214,66,Substation,' ',33.82471019,-118.344446,Haveda,sce,SUBSTATION,33.82470537,-118.3444338,0.0012479237023213527,True
2215,66,Substation,' ',33.84751172,-118.3111216,Moog,sce,SUBSTATION,33.84750689,-118.31110938,0.0012497978171415415,True
2216,66,Substation,' ',33.79629417,-118.2157604,Larder,sce,SUBSTATION,33.79628934,-118.21574828,0.0012420699350842149,True
2217,66,Substation,' ',33.76772237,-118.2135059,Thumsgen,sce,SUBSTATION,33.76771754,-118.21349376,0.0012440742100970328,True
2218,66,Substation,' ',33.99707836,-117.9143016,Santee - (SCE),sce,SUBSTATION,33.99707349,-117.91428943,0.0012457784709049653,True
2219,66,Substation,' ',33.86946944,-117.9596958,Basta,sce,SUBSTATION,33.86946459,-117.9596837,0.0012405066576691595,True
2220,230,Substation,' ',39.91096984,-121.3275804,Grizzly - (PG&E),pge,SUBSTATION,39.91096464,-121.3275671,0.0012732374306050121,True
2221,66,Substation,' ',39.00090033,-120.724844,Ralston - (Other),pge_assumed,SUBSTATION,39.00089516,-120.72483088,0.0012711668578112032,True
2222,66,Substation,' ',38.78137265,-121.3195751,Foothills,pge_assumed,SUBSTATION,38.78136754,-121.31956196,0.0012728530666749707,True
2223,66,Substation,' ',38.79227077,-121.362327,West Plan,pge_assumed,SUBSTATION,38.79226566,-121.36231386,0.0012726972862750795,True
2224,66,Substation,' ',33.75349535,-117.993784,Cedarwood,sce,SUBSTATION,33.75349051,-117.9937719,0.0012413891183140134,True
2225,66,Substation,' ',33.85880824,-117.4407018,El Sobrante,sce,SUBSTATION,33.85880336,-117.44068973,0.0012395947851446042,True
2226,66,Substation,' ',33.68720303,-117.9425958,Orcosan,sce,SUBSTATION,33.6871982,-117.94258373,0.0012391845492177274,True
2227,66,Substation,' ',33.72690426,-117.8685382,Edinger,sce,SUBSTATION,33.72689942,-117.86852614,0.0012383690166929211,True
2228,66,Substation,' ',33.92346139,-117.2846982,Edgemont - (SCE),sce,SUBSTATION,33.9234565,-117.28468618,0.0012351790254210863,True
2229,66,Substation,' ',33.93382056,-116.9837522,Beaumont,sce,SUBSTATION,33.93381564,-116.98374019,0.0012357028836420486,True
2230,115,Substation,' ',33.78334936,-116.9593832,San Jacinto,sce,SUBSTATION,33.78334447,-116.95937124,0.0012318360049117186,True
2231,115,Substation,' ',33.92158621,-116.6501837,Whitewater,sce,SUBSTATION,33.92158128,-116.65017182,0.001225598297083787,True
2232,66,Substation,' ',33.84555142,-116.5459043,Holiday,sce,SUBSTATION,33.84554649,-116.54589241,0.001227298698773573,True
2233,66,Substation,' ',33.82514048,-116.5460938,Palm Springs,sce,SUBSTATION,33.82513556,-116.54608192,0.0012262103912647271,True
2234,66,Substation,' ',33.83019433,-116.5148399,Belding,sce,SUBSTATION,33.8301894,-116.51482807,0.0012225190369456241,True
2235,230,Substation,' ',33.80964288,-115.4510934,Unknown - 2935,sce_assumed,SUBSTATION,33.80963789,-115.45108174,0.0012117751235880515,True
2236,230,Substation,' ',37.79994499,-121.907854,Tassajara,pge,SUBSTATION,37.79994,-121.90784082,0.0012840810520832497,True
2237,66,Substation,' ',38.25707836,-120.8503822,Pardee - (PG&E),pge,SUBSTATION,38.25707326,-120.85036922,0.001267307323841413,True
2238,66,Substation,' ',38.03273648,-122.0743277,Urich - (Other),pge_assumed,SUBSTATION ASSUMED,38.03273149,-122.07431452,0.00128078217755101,True
2239,66,Substation,' ',41.29428709,-124.0568714,Orick,pge,SUBSTATION,41.29428202,-124.05685746,0.0012938805957321878,True
2240,66,Substation,' ',33.89149927,-118.071162,Southpac,sce,SUBSTATION,33.89149442,-118.0711499,0.0012402469534366395,True
2241,66,Substation,' ',34.11395095,-117.9234422,Kirkwall,sce_assumed,SUBSTATION,34.11394607,-117.92343005,0.0012432139962702704,True
2242,66,Substation,' ',35.75233608,-120.6839668,San Miguel - (PG&E),pge,SUBSTATION,35.7523312,-120.68395411,0.0012672074650636668,True
2243,66,Substation,' ',37.9633121,-121.3234312,Stockton Acres,pge,SUBSTATION,37.96330706,-121.32341813,0.0012755144621150133,True
2244,66,Substation,' ',37.62724201,-120.934895,Mariposa - (Other),pge_assumed,SUBSTATION,37.62723697,-120.93488202,0.0012730879517352793,True
2245,230,Substation,' ',37.79748937,-121.6033106,Kelso,pge,SUBSTATION,37.79748436,-121.60329746,0.001281912022507591,True
2246,66,Substation,' ',32.79525102,-116.996787,Garfield - (SDG&E),sdge,SUBSTATION,32.79524624,-116.99677512,0.0012310934683313684,True
2247,66,Substation,' ',37.35009541,-118.4630219,Bishop Creek 6,sce,SUBSTATION,37.35009022,-118.46300935,0.0012504730338389054,True
2248,115,Substation,' ',37.94620721,-120.5276303,Melones - (Other),pge_assumed,SUBSTATION,37.94620211,-120.5276174,0.0012653556527722253,True
2249,66,Substation,' ',40.6238604,-122.4619985,Keswick - (PG&E),pge,SUBSTATION,40.62385523,-122.46198494,0.0012806984502540077,True
2250,230,Substation,' ',38.82389103,-122.7813165,Lake View / Geysers 17,pge,SUBSTATION,38.82388603,-122.78130306,0.0012902322828926012,True
2251,115,Substation,' ',35.40593792,-119.336836,Golden Valley,pge,SUBSTATION,35.40593299,-119.3368235,0.0012585542664782345,True
2252,66,Substation,' ',37.99529965,-121.7018916,Contra Costa - (WAPA),wapa,SUBSTATION,37.99529463,-121.70187851,0.0012756657132958016,True
2253,66,Substation,' ',37.9833716,-121.7279044,Contra Costa 3,wapa,SUBSTATION,37.98336659,-121.7278913,0.001276135771678835,True
2254,115,Substation,' ',37.09834375,-121.0484791,O'Neill,wapa,SUBSTATION,37.09833877,-121.04846621,0.0012702580861821188,True
2255,66,Substation,' ',40.70230013,-122.9248397,Weaverville,wapa,SUBSTATION,40.702295,-122.92482601,0.0012873192992718867,True
2256,230,Substation,' ',38.6563236,-121.1898018,Sacramento Operations Ce,wapa,SUBSTATION,38.65631849,-121.1897887,0.0012715300735837711,True
2257,66,Substation,' ',37.80813517,-121.5948502,Bethany Byron,pge_assumed,SUBSTATION,37.80813016,-121.59483713,0.0012762265476097471,True
2258,66,Substation,' ',33.60621266,-114.5998554,Blythe,sce,SUBSTATION,33.60620765,-114.59984385,0.001206020574572274,True
2259,66,Substation,' ',35.26250712,-116.7022796,Military,sce,SUBSTATION,35.26250204,-116.7022676,0.001227235725628067,True
2260,66,Substation,' ',36.34224774,-119.5924108,Mascot,sce,SUBSTATION,36.34224272,-119.59239823,0.0012566335899838205,True
2261,230,Substation,'IMPORT',34.31514963,-114.1576556,Black Meadows,wapa,SUBSTATION,34.31514451,-114.15764407,0.0012022719654168174,True
2262,66,Substation,' ',35.00019441,-117.6491998,Amargo,sce,SUBSTATION,35.00018941,-117.64918768,0.0012360513256416475,True
2263,66,Substation,' ',35.01359157,-117.8813046,North Muroc,sce,SUBSTATION,35.01358659,-117.88129238,0.0012430378161390134,True
2264,500,Substation,' ',35.03484956,-118.2806898,Windhub,sce,SUBSTATION,35.0348446,-118.28067751,0.0012475028586306327,True
2265,66,Substation,' ',33.72935002,-114.5171768,North Intake,sce,SUBSTATION,33.729345,-114.51716531,0.0012002634039959559,True
2266,66,Substation,' ',33.69094936,-114.5724676,Second Ave.,sce,SUBSTATION,33.69094435,-114.57245608,0.0012026267261057472,True
2267,66,Substation,' ',33.66046487,-114.62376,Defrain,sce,SUBSTATION,33.66045986,-114.62374851,0.0012005014702305863,True
2268,66,Substation,' ',33.6112788,-114.551017,Olive Lake,sce,SUBSTATION,33.61127379,-114.55100551,0.0012010396575617699,True
2269,66,Substation,' ',33.61086405,-114.6799559,Dunes,sce,SUBSTATION ASSUMED,33.61085905,-114.67994435,0.0012054561387526723,True
2270,66,Substation,' ',34.08755227,-116.9205846,Forest Home,sce,SUBSTATION,34.08754734,-116.92057268,0.0012269790769496589,True
2271,66,Substation,' ',34.23438741,-117.2014241,Burnt Mill,sce,SUBSTATION,34.23438247,-117.20141211,0.0012315269873128887,True
2272,66,Substation,' ',34.1957231,-116.9123756,Converse Flats,sce,SUBSTATION,34.19571816,-116.91236362,0.0012311566254797042,True
2273,66,Substation,' ',34.9030172,-116.8293583,Yermo,sce,SUBSTATION,34.90301216,-116.82934626,0.001232723683960354,True
2274,66,Substation,' ',34.95748592,-116.6531954,Harvard,sce,SUBSTATION,34.95748087,-116.65318341,0.0012285262779394223,True
2275,66,Substation,' ',34.83674776,-116.6626696,Cady,sce,SUBSTATION,34.83674273,-116.66265763,0.0012273173033826665,True
2276,66,Substation,' ',34.74052045,-117.3239307,Helendale,sce,SUBSTATION,34.74051547,-117.32391858,0.0012381749597655384,True
2277,66,Substation,' ',34.68212804,-117.3389005,Bryman,sce,SUBSTATION,34.68212307,-117.3388884,0.001236741633930784,True
2278,66,Substation,' ',33.74644555,-116.715478,Idyllwild,sce,SUBSTATION,33.74644064,-116.71546613,0.0012257902226332517,True
2279,66,Substation,' ',35.64848234,-117.8165945,Inyokern Town,sce,SUBSTATION,35.64847728,-117.81658229,0.0012384566589396287,True
2280,66,Substation,' ',35.62634452,-117.6728936,Ridgecrest,sce,SUBSTATION,35.62633946,-117.67288133,0.00124356268112219,True
2281,66,Substation,' ',34.20804986,-117.1039999,Running Springs,sce,SUBSTATION,34.20804492,-117.10398786,0.0012359526452966469,True
2282,66,Substation,' ',33.77735982,-118.21534,Arco - (SCE),sce,SUBSTATION,33.777355,-118.21532786,0.0012434806841870817,True
2283,66,Substation,' ',34.09743511,-117.5461089,Forge,sce,SUBSTATION,34.09743021,-117.54609679,0.0012410723126557509,True
2284,66,Substation,' ',34.08269139,-118.7094311,Reclaim - SCE,sce,SUBSTATION,34.08268655,-118.70941885,0.001249957272145787,True
2285,115,Substation,' ',33.5841918,-117.2554484,Tenaja,sce,SUBSTATION,33.58418694,-117.25543641,0.0012351692217912368,True
2286,66,Substation,' ',33.64037384,-117.8499344,University - (SCE),sce,SUBSTATION,33.64036901,-117.84992229,0.0012430710086115228,True
2287,66,Substation,' ',36.20500203,-119.3410815,Dairymans,sce,SUBSTATION,36.20499701,-119.34106896,0.001255996754725784,True
2288,230,Substation,' ',34.00046963,-118.3737029,Stanhill,sce,SUBSTATION,34.00046478,-118.37369069,0.0012480973780817901,True
2289,115,Substation,' ',37.41853023,-122.0676159,Ames Distribution,pge,SUBSTATION,37.41852529,-122.06760274,0.001285473212855818,True
2290,66,Substation,' ',37.37717118,-122.0063579,Applied Materials,pge_assumed,SUBSTATION,37.37716624,-122.00634479,0.0012820598409218234,True
2291,66,Substation,' ',37.93956363,-122.3472345,Barrett - (PG&E),pge,SUBSTATION,37.93955867,-122.34722127,0.0012846229046577942,True
2292,66,Substation,' ',38.04166454,-122.0293338,Bay Point,pge,SUBSTATION,38.04165954,-122.02932065,0.0012787711156518214,True
2293,66,Substation,' ',36.06874235,-119.5716755,Boswell Dairy Ave.,pge,SUBSTATION,36.06873736,-119.57166291,0.0012603054279561304,True
2294,230,Substation,' ',38.21363614,-121.0244583,Camanche,pge,SUBSTATION,38.21363106,-121.02444524,0.0012731799333661332,True
2295,66,Substation,' ',35.99695674,-119.9613971,Chevron Kettleman,pge,SUBSTATION,35.99695178,-119.96138445,0.0012646230621321647,True
2296,66,Substation,' ',40.40095412,-122.1410592,Coleman Hatchery,pge,SUBSTATION,40.40094895,-122.1410457,0.0012795636800754329,True
2297,66,Substation,' ',37.91116804,-121.2558883,Dana,pge_assumed,SUBSTATION,37.911163,-121.25587524,0.0012754568541772345,True
2298,66,Substation,' ',39.55334858,-122.0032163,Glenn-Colusa Irrigation,pge_assumed,SUBSTATION,39.55334346,-122.00320294,0.0012791029865557124,True
2299,66,Substation,' ',37.74023807,-121.4155718,H J Heinz Co.,pge_assumed,SUBSTATION ASSUMED,37.74023306,-121.41555875,0.0012755934679096917,True
2300,115,Substation,' ',37.42573614,-121.9336799,Svp,svp,SUBSTATION,37.42573119,-121.93366684,0.001277872732767021,True
2301,66,Substation,' ',39.47336845,-121.5608867,Louisiana Pacific Corp.,pge_assumed,SUBSTATION ASSUMED,39.4733633,-121.56087342,0.0012756319198582427,True
2302,66,Substation,' ',37.94211221,-121.3377044,Pacific Ethanol,pge_assumed,SUBSTATION,37.94210717,-121.33769133,0.0012758115534360246,True
2303,66,Substation,' ',37.59365534,-119.9858686,Saxon Creek,pge_assumed,SUBSTATION,37.59365024,-119.98585582,0.0012607389739903844,True
2304,66,Substation,' ',38.64677997,-121.0705589,Video Products Distribution,pge_assumed,SUBSTATION,38.64677486,-121.0705458,0.0012716656457838953,True
2305,66,Substation,' ',37.77697497,-121.6253239,South Bay 2,pge,SUBSTATION,37.77696997,-121.62531077,0.0012809261561037594,True
2306,115,Substation,' ',39.57223521,-121.1281804,Yuba Co Water Agency,pge_assumed,SUBSTATION,39.57223002,-121.12816718,0.0012716036001598748,True
2307,66,Substation,' ',32.8293907,-116.9663913,Clark Helicopter,sdge,SUBSTATION,32.82938592,-116.96637944,0.0012290235604566265,True
2308,66,Substation,' ',41.2012439,-122.2764098,South Dunsmuir,pacificorp,SUBSTATION,41.20123868,-122.27639617,0.001279553371193566,True
2309,66,Substation,' ',34.18507227,-118.3451326,Unknown - 3041,sce_assumed,SUBSTATION,34.1850674,-118.34512042,0.0012443657234673517,True
2310,66,Substation,' ',34.18813539,-118.3455304,Unknown - 3042,sce_assumed,SUBSTATION,34.18813053,-118.34551821,0.0012446741079617729,True
2311,66,Substation,' ',37.41164719,-118.1861367,White Mt.,sce,SUBSTATION ASSUMED,37.41164197,-118.18612423,0.0012449545928320653,True
2312,66,Substation,' ',37.33466081,-118.47958,Bishop Creek 5,sce,SUBSTATION ASSUMED,37.33465563,-118.47956751,0.0012454568886620867,True
2313,66,Substation,' ',36.46509547,-118.8619812,Kaweah 1,sce,SUBSTATION,36.4650904,-118.86196871,0.0012511323353094738,True
2314,500,Substation,' ',34.85927794,-118.4352171,Whirlwind,sce,SUBSTATION,34.85927301,-118.43520486,0.0012440892930138455,True
2315,66,Substation,' ',33.97018662,-117.618598,Kimball,sce,SUBSTATION,33.97018174,-117.61858593,0.001238286139871458,True
2316,66,Substation,' ',34.55764538,-118.1802498,Ritter Ranch - (SCE),sce,TAP,34.55764046,-118.18023758,0.0012456191847025192,True
2317,115,Substation,' ',38.52593005,-120.2291523,Km Green,pge_assumed,SUBSTATION ASSUMED,38.52592488,-120.2291393,0.0012686105382174117,True
2318,66,Substation,' ',38.68746574,-120.0658613,Km Blue,pge_assumed,SUBSTATION,38.68746054,-120.06584835,0.0012640014162201257,True
2319,66,Substation,' ',37.96116501,-121.2815144,Aurora,pge,SUBSTATION,37.96115996,-121.28150137,0.0012728854660126855,True
2320,66,Substation,' ',37.94996587,-121.3463298,Port Of Stockton,pge_assumed,SUBSTATION,37.94996083,-121.34631677,0.0012725516983632364,True
2321,66,Substation,' ',37.98676821,-122.0402689,Gill,pge,SUBSTATION,37.98676322,-122.04025571,0.0012822248255870022,True
2322,66,Substation,' ',37.78310949,-122.400223,Moscone - Other,pge_assumed,SUBSTATION,37.78310455,-122.40020974,0.001288282756140775,True
2323,115,Substation,' ',37.79212554,-122.4036251,Bank Of America,pge_assumed,SUBSTATION,37.7921206,-122.40361192,0.0012817991942438388,True
2324,115,Substation,' ',37.74620312,-122.420327,Bart,pge_assumed,SUBSTATION ASSUMED,37.74619818,-122.42031377,0.0012864232126411207,True
2325,115,Substation,' ',33.24305707,-115.5001896,Niland Ss,iid,SUBSTATION ASSUMED,33.24305216,-115.50017799,0.0012098971029190226,True
2326,66,Substation,' ',35.19487109,-118.8155537,Sycamore Grimmway Farm,sce,SUBSTATION,35.19486614,-118.81554129,0.0012548320268046746,True
2327,115,Substation,' ',36.0934423,-117.9576142,Coso Little Lake,sce,SUBSTATION,36.09343721,-117.95760183,0.0012472755510118427,True
2328,66,Substation,' ',37.60912941,-120.9928722,Crows Landing - (Other),pge_assumed,SUBSTATION,37.60912438,-120.99285918,0.0012760150760045743,True
2329,66,Substation,' ',33.70191633,-117.3752229,Dryden,sce,SUBSTATION,33.70191147,-117.37521087,0.0012371322324636511,True
2330,66,Substation,' ',39.40007937,-120.1499392,Hobart,pge_assumed,SUBSTATION,39.40007412,-120.1499261,0.00126798083081785,True
2331,66,Substation,' ',39.67078544,-120.2479684,Cemetery,pge_assumed,SUBSTATION,39.67078017,-120.24795532,0.0012636051400223103,True
2332,115,Substation,' ',33.16867618,-115.4925094,Calipatria - (IID) North,iid,SUBSTATION,33.16867128,-115.49249781,0.0012085532900415394,True
2333,66,Substation,' ',33.9988765,-117.3488524,Hunter,sce_assumed,SUBSTATION,33.99887159,-117.34884035,0.0012377593847026076,True
2334,66,Substation,' ',33.9718988,-117.3323483,University - 92521,sce_assumed,SUBSTATION,33.9718939,-117.33233628,0.001235102621337904,True
2335,66,Substation,' ',41.13235472,-121.1143557,Unknown - 3097,pge_assumed,SUBSTATION,41.1323494,-121.11434228,0.0012701108029556814,True
2336,66,Substation,' ',40.55124879,-124.0792155,Rio Dell Tap,pge,TAP,40.55124377,-124.07920165,0.001296487042469408,True
2337,66,Substation,' ',40.08983849,-120.1723133,Herlong,nve_assumed,SUBSTATION,40.08983318,-120.17230015,0.0012649081697066128,True
2338,66,Substation,' ',40.29968726,-121.2448944,Collins Pine Co.,pge_assumed,SUBSTATION,40.29968203,-121.24488102,0.0012750414344008373,True
2339,66,Substation,' ',38.62741805,-121.229413,Gold Country,smud,SUBSTATION,38.62741294,-121.22939991,0.0012711634916881625,True
2340,66,Substation,' ',38.41951217,-121.3954859,West Stockton,smud,SUBSTATION,38.41950709,-121.39547272,0.001279653595648275,True
2341,66,Substation,' ',38.5953278,-121.3756089,Arden,smud,SUBSTATION,38.59532271,-121.37559571,0.0012784131710239309,True
2342,66,Substation,' ',38.39508861,-121.41834,Bruceville,smud,SUBSTATION,38.39508354,-121.41832691,0.0012724752178430543,True
2343,66,Substation,' ',38.43766004,-121.3755445,Sheldon,smud,SUBSTATION,38.43765497,-121.37553136,0.0012757779525711585,True
2344,66,Substation,' ',38.42171757,-121.448745,Laguna Pointe-Franklin,smud,SUBSTATION,38.4217125,-121.44873185,0.001276786225282396,True
2345,66,Substation,' ',38.65923885,-121.1071492,Golflinks,smud,SUBSTATION,38.65923373,-121.10713611,0.0012712095503252638,True
2346,66,Substation,' ',38.4159142,-121.4821271,Maritime,smud,SUBSTATION,38.41590914,-121.48211391,0.0012795072499351165,True
2347,66,Substation,' ',38.4534286,-121.4066181,Power Inn-Geneva Pointe,smud,SUBSTATION,38.45342352,-121.40660492,0.001279169706001818,True
2348,66,Substation,' ',38.67138727,-121.2647745,Macy Plaza,smud,SUBSTATION,38.67138216,-121.26476133,0.0012767551990291533,True
2349,66,Substation,' ',38.58605279,-121.2124628,White Rock-Nike,smud,SUBSTATION,38.58604769,-121.21244968,0.0012735878978367289,True
2350,66,Substation,' ',38.56923017,-121.4849919,Q-19Th,smud,SUBSTATION ASSUMED,38.56922509,-121.48497869,0.001279855019486584,True
2351,66,Substation,' ',38.386891,-121.3738271,Promanade,smud,SUBSTATION,38.38688593,-121.37381398,0.0012749358753097971,True
2352,66,Substation,' ',38.58460932,-121.4201776,American River Parkway,smud,SUBSTATION,38.58460424,-121.42016441,0.0012780747884379925,True
2353,66,Substation,' ',38.51878132,-121.3963467,Midway-Siena,smud,SUBSTATION,38.51877623,-121.3963335,0.0012802886887340775,True
2354,66,Substation,' ',38.40208663,-121.335074,Bradshaw-Grant Line,smud,SUBSTATION,38.40208155,-121.33506086,0.001276775235696988,True
2355,115,Substation,' ',38.65217913,-121.1182589,Cavitt,smud,SUBSTATION,38.65217401,-121.11824581,0.0012713097137629743,True
2356,66,Substation,' ',38.68711998,-121.1517604,Cimmaron-E Natomas,smud,SUBSTATION,38.68711486,-121.15174723,0.0012770254949175375,True
2357,66,Substation,' ',38.50138226,-121.3160589,Knox-Florin,smud,SUBSTATION,38.50137718,-121.31604578,0.001273803132923563,True
2358,66,Substation,' ',39.32735867,-120.2818904,Donner Lake,pge_assumed,SUBSTATION,39.32735344,-120.28187736,0.0012634165665160297,True
2359,66,Substation,' ',33.70479568,-116.7312309,Mountain Center,sce_assumed,SUBSTATION,33.70479078,-116.73121897,0.0012307467892407632,True
2360,66,Substation,' ',33.51518854,-116.7884555,Lake Riverside,sce_assumed,SUBSTATION,33.51518367,-116.78844359,0.0012297906145893429,True
2361,115,Substation,' ',37.76698524,-119.1233382,June Lake,sce,SUBSTATION ASSUMED,37.76698005,-119.12332555,0.001252780705742612,True
2362,66,Substation,' ',33.81699412,-117.9763665,Clair,sce_assumed,SUBSTATION,33.81698927,-117.9763544,0.0012411247198781481,True
2363,66,Substation,' ',33.86437216,-117.7463946,Park - (Other),sce_assumed,SUBSTATION ASSUMED,33.86436729,-117.74638256,0.0012365523070751122,True
2364,66,Substation,' ',33.85647208,-117.7683222,Fairmont - (Other),sce_assumed,SUBSTATION,33.85646722,-117.76831011,0.0012403123532888525,True
2365,66,Substation,' ',33.85839882,-117.8622674,Canyon - (Other),sce_assumed,SUBSTATION,33.85839396,-117.86225533,0.0012386276957875853,True
2366,66,Substation,' ',37.40332926,-121.9732165,Tasman,svp,SUBSTATION ASSUMED,37.40332431,-121.97320342,0.0012797788051908787,True
2367,66,Substation,' ',37.32734247,-121.9962031,Serra - SVP,svp,SUBSTATION,37.32733753,-121.99618998,0.001283553976906098,True
2368,66,Substation,' ',37.37706603,-121.9978537,Zeno,svp,SUBSTATION,37.37706109,-121.99784058,0.001282859770258638,True
2369,66,Substation,' ',37.33909296,-121.978458,Homestead,svp,SUBSTATION,37.33908802,-121.97844492,0.0012801948979398819,True
2370,66,Substation,' ',37.37699607,-121.955302,Raymond,svp,SUBSTATION,37.37699113,-121.95528892,0.0012796675656986788,True
2371,66,Substation,' ',37.3758027,-121.9543269,Kenneth,svp,SUBSTATION,37.37579775,-121.95431379,0.0012825557462700816,True
2372,66,Substation,' ',37.38169967,-121.978366,Central - (SVP),svp,SUBSTATION,37.38169473,-121.97835285,0.0012851909243301156,True
2373,66,Substation,' ',37.38658303,-121.9675138,Juliette,svp,SUBSTATION,37.38657809,-121.96750071,0.0012803321320642527,True
2374,66,Substation,' ',37.38516906,-121.9565774,Norman Avenue,svp,SUBSTATION,37.38516411,-121.95656427,0.0012840213087612525,True
2375,66,Substation,' ',37.39136113,-121.9676557,Agnew,svp,SUBSTATION,37.39135618,-121.96764262,0.001279945382259598,True
2376,66,Substation,' ',37.39437509,-121.9575378,Palm,svp,SUBSTATION,37.39437014,-121.95752473,0.0012791059406416269,True
2377,66,Substation,' ',37.37399652,-121.9741934,Northwestern,svp,SUBSTATION,37.37399158,-121.97418027,0.0012837012571278899,True
2378,66,Substation,' ',37.37593549,-121.9509503,Lafayette - (SVP),svp,SUBSTATION,37.37593055,-121.95093722,0.0012796823292830876,True
2379,500,Substation,' ',33.57898011,-114.8159277,Colorado River,sce,SUBSTATION,33.57897512,-114.81591613,0.0012069398172387202,True
2380,66,Substation,' ',34.00301487,-118.2343272,Bj,sce_assumed,SUBSTATION,34.00301002,-118.23431497,0.001249729845881823,True
2381,66,Substation,' ',34.00326263,-118.2325784,Kinetic - (Other),sce_assumed,SUBSTATION,34.00325777,-118.23256622,0.0012460524851025656,True
2382,66,Substation,' ',34.08661106,-117.3265084,North,sce_assumed,SUBSTATION,34.08660615,-117.32649636,0.0012359024369527486,True
2383,66,Substation,' ',34.5901071,-117.3712162,Cement,sce,SUBSTATION ASSUMED,34.59010213,-117.37120413,0.0012353837959016751,True
2384,66,Substation,' ',36.68448148,-119.5536121,Sanger Power And Feed,pge_assumed,SUBSTATION,36.68447643,-119.55359949,0.0012568656280785382,True
2385,66,Substation,' ',34.26865171,-116.8148676,Palomino,sce_assumed,SUBSTATION,34.26864675,-116.81485562,0.0012312975875711269,True
2386,66,Substation,' ',34.25062959,-116.8270485,Maple - Other,sce_assumed,SUBSTATION,34.25062463,-116.82703659,0.001225759314179322,True
2387,66,Substation,' ',34.26634071,-116.8310392,Maltby,sce_assumed,SUBSTATION,34.26633575,-116.83102722,0.0012313246365242407,True
2388,66,Substation,' ',34.26538392,-116.8496005,Bear City,sce_assumed,SUBSTATION,34.26537896,-116.84958853,0.0012305142806536254,True
2389,66,Substation,' ',34.22430904,-116.857889,Bear Mt.,sce_assumed,SUBSTATION,34.22430409,-116.85787703,0.0012304965122871881,True
2390,66,Substation,' ',34.22675718,-116.8637969,Moonridge,sce_assumed,SUBSTATION,34.22675222,-116.86378497,0.0012276790653862335,True
2391,66,Substation,' ',34.26184786,-116.8666181,Division - (Other),sce_assumed,SUBSTATION,34.2618429,-116.86660611,0.0012321989465995653,True
2392,66,Substation,' ',34.2614109,-116.8821987,Fawnskin,sce_assumed,SUBSTATION,34.26140595,-116.88218676,0.0012275978012381483,True
2393,66,Substation,' ',34.2526932,-116.8914217,Lake - (Other),sce_assumed,SUBSTATION,34.25268825,-116.89140978,0.0012260566170400305,True
2394,66,Substation,' ',34.24704552,-116.8853968,Meadow,sce_assumed,SUBSTATION,34.24704057,-116.88538487,0.0012269437321758398,True
2395,66,Substation,' ',34.23620135,-116.8896699,Summit - (Other),sce_assumed,SUBSTATION,34.2361964,-116.88965795,0.0012287134831044646,True
2396,66,Substation,' ',34.2453792,-116.9003541,Pine Knot,sce_assumed,SUBSTATION,34.24537425,-116.90034214,0.0012294282518185177,True
2397,66,Substation,' ',34.24017994,-116.9104415,Village,sce_assumed,SUBSTATION,34.24017499,-116.9104295,0.0012327779671023893,True
2398,66,Substation,' ',34.3037656,-116.8201577,Goldhill,sce,SUBSTATION,34.30376063,-116.82014575,0.0012289231688589208,True
2399,230,Substation,' ',35.20709103,-118.2479019,Unknown - 3193,sce,SUBSTATION,35.20708605,-118.24788964,0.0012439285607906418,True
2400,230,Substation,' ',38.12482122,-121.8318147,Shiloh IV,pge,SUBSTATION,38.1248162,-121.83180154,0.0012793488256352134,True
2401,66,Substation,' ',33.76483417,-118.0988825,Alamitos,sce,SUBSTATION ASSUMED,33.76482934,-118.09887037,0.0012432745685471939,True
2402,115,Substation,' ',36.13838951,-119.577214,Waukena,pge,SUBSTATION,36.13842863,-119.57649121,0.0650524569723488,True
2403,115,Substation,' ',39.14379082,-123.1988789,Orchard Street,pge,SUBSTATION,39.14378583,-123.1988654,0.0012896859075974489,True
2404,66,Substation,' ',33.93260512,-116.5043504,Aventura P.T.,sce,SUBSTATION ASSUMED,33.93260018,-116.50433854,0.0012243199925983561,True
2405,230,Substation,' ',33.20491247,-115.5731889,Bannister,iid,SUBSTATION,33.20490756,-115.57317723,0.001215302059450193,True
2406,115,Substation,' ',33.91373651,-116.7196241,Transwind,sce,SUBSTATION,33.91373159,-116.7196122,0.0012268433395152777,True
2407,115,Substation,' ',33.90196491,-116.5557961,Hugo,sce,SUBSTATION,33.90195998,-116.55578418,0.001229127073457987,True
2408,115,Substation,' ',32.71983423,-114.7107632,Yucca Axis Plant,iid,SUBSTATION ASSUMED,32.71982935,-114.71075177,0.001199092849911775,True
2409,66,Substation,' ',37.36428512,-121.9442823,Unknown - 3254,svp,SUBSTATION ASSUMED,37.36428018,-121.94426925,0.0012774502681757094,True
7623,230,Substation,' ',36.10797845,-118.9380686,Springville,sce,SUBSTATION,36.10795255,-118.93804584,0.0035319541757665375,True
7624,66,Substation,' ',36.10795571,-118.9380569,Springville,sce,SUBSTATION,36.10795255,-118.93804584,0.0010538798320579486,True
7625,230,Substation,' ',36.30432534,-119.2445438,Rector,sce,SUBSTATION,36.30430053,-119.24455689,0.0029977663012939575,True
7626,66,Substation,' ',36.30427691,-119.2445756,Rector,sce,SUBSTATION,36.30430053,-119.24455689,0.0031159452728413964,True
7627,230,Substation,' ',33.68537943,-117.9431138,Ellis - (SCE),sce,SUBSTATION,33.68533416,-117.94308589,0.005657535827270595,True
7628,66,Substation,' ',33.68529538,-117.9431194,Ellis - (SCE),sce,SUBSTATION,33.68533416,-117.94308589,0.005311092250396036,True
7631,230,Substation,' ',37.79799347,-121.5804434,Tracy - (WAPA),wapa,SUBSTATION,37.79803285,-121.5803923,0.006271598764433859,True
7632,500,Substation,' ',37.7980376,-121.5803659,Tracy - (WAPA),wapa,SUBSTATION,37.79803285,-121.5803923,0.002378971477175745,True
7633,66,Substation,' ',37.79807877,-121.5804202,Tracy - (WAPA),wapa,SUBSTATION,37.79803285,-121.5803923,0.005664034606145508,True
7634,66,Substation,' ',35.38277387,-119.6961467,Temblor,pge,SUBSTATION,35.38274321,-119.69617506,0.00427003134438248,True
7635,115,Substation,' ',35.38270685,-119.6961461,Temblor,pge,SUBSTATION,35.38274321,-119.69617506,0.004820702610399212,True
7636,230,Substation,' ',35.3743397,-120.8560494,Morro Bay (Proposed),pge,SUBSTATION,35.37432993,-120.85598887,0.005594560475807367,True
7637,115,Substation,' ',35.3743576,-120.8560621,Morro Bay (Proposed),pge,SUBSTATION,35.37432993,-120.85598887,0.007317782211930418,True
7638,230,Substation,' ',37.63210964,-122.1018261,Mt. Eden,pge,SUBSTATION,37.63205515,-122.10183496,0.006109039142248447,True
7639,66,Substation,' ',37.63209122,-122.1018886,Mt. Eden,pge,SUBSTATION,37.63205515,-122.10183496,0.006196663778107007,True
7642,230,Substation,' ',33.81852556,-116.370064,Mirage,sce,SUBSTATION,33.81849739,-116.37009851,0.0044693986470961304,True
7643,115,Substation,' ',33.81852727,-116.3701257,Mirage,sce,SUBSTATION,33.81849739,-116.37009851,0.00416514213644937,True
7646,66,Substation,' ',40.61905419,-122.3220371,Oregon Trail,pge,SUBSTATION,40.61904041,-122.32204667,0.001732131297775318,True
7647,115,Substation,' ',40.61900976,-122.3220492,Oregon Trail,pge,SUBSTATION,40.61904041,-122.32204667,0.0034148077353035136,True
7648,66,Substation,' ',38.54516943,-121.7342428,Davis - In Davis,pge,SUBSTATION,38.54520313,-121.73421525,0.004447765242609388,True
7649,115,Substation,' ',38.54517286,-121.7342632,Davis - In Davis,pge,SUBSTATION,38.54520313,-121.73421525,0.00535898522247183,True
7650,66,Substation,' ',41.45176067,-122.3622029,Weed Junction,pacificorp,SUBSTATION,41.45174036,-122.36216703,0.0037466286746694714,True
7651,115,Substation,' ',41.45175834,-122.3621313,Weed Junction,pacificorp,SUBSTATION,41.45174036,-122.36216703,0.003586713017832098,True
7652,230,Substation,' ',38.6503711,-121.4863474,Natomas,smud,SUBSTATION,38.65038063,-121.48630072,0.004189914335339955,True
7653,66,Substation,' ',38.65042713,-121.4862918,Natomas,smud,SUBSTATION,38.65038063,-121.48630072,0.005228265360739948,True
7654,230,Substation,' ',33.82885513,-117.7896549,Serrano,sce,SUBSTATION,33.82885994,-117.78968273,0.0026257099616610593,True
7655,500,Substation,' ',33.82888121,-117.7897284,Serrano,sce,SUBSTATION,33.82885994,-117.78968273,0.004836307017162781,True
7656,230,Substation,' ',32.91742171,-117.0311398,Sycamore Canyon,sdge,SUBSTATION,32.91739381,-117.03111566,0.0038343027164335726,True
7657,66,Substation,' ',32.91739502,-117.0311349,Sycamore Canyon,sdge,SUBSTATION,32.91739381,-117.03111566,0.0018009546588205682,True
7658,115,Substation,' ',32.91740534,-117.0310899,Sycamore Canyon,sdge,SUBSTATION,32.91739381,-117.03111566,0.0027249648891826805,True
7659,230,Substation,' ',34.50498671,-117.3883741,Victor - (SCE),sce,SUBSTATION,34.50493544,-117.38837479,0.005701314489441567,True
7660,66,Substation,' ',34.50489089,-117.3883733,Victor - (SCE),sce,SUBSTATION,34.50493544,-117.38837479,0.0049556151756581625,True
7661,115,Substation,' ',34.50495636,-117.388347,Victor - (SCE),sce,SUBSTATION,34.50493544,-117.38837479,0.0034490277822121535,True
7662,230,Substation,' ',33.81923151,-118.2224963,Hinson,sce,SUBSTATION,33.81926415,-118.22252687,0.004598688828388222,True
7663,66,Substation,' ',33.8192585,-118.2225237,Hinson,sce,SUBSTATION,33.81926415,-118.22252687,0.0006931511748040459,True
7666,230,Substation,' ',38.76171235,-121.2641887,Berry - (Other),pge_assumed,SUBSTATION,38.76173289,-121.26413846,0.004918498938979767,True
7667,66,Substation,' ',38.7617769,-121.2641137,Berry - (Other),pge_assumed,SUBSTATION,38.76173289,-121.26413846,0.00534387486314767,True
7668,115,Substation,' ',38.76171806,-121.2641437,Berry - (Other),pge_assumed,SUBSTATION,38.76173289,-121.26413846,0.0017104645024778413,True
7669,66,Substation,' ',32.73888735,-114.6334904,Winterhaven,iid,SUBSTATION,32.738859,-114.63345521,0.0045574650684399205,True
7670,115,Substation,' ',32.73883866,-114.6334837,Winterhaven,iid,SUBSTATION,32.738859,-114.63345521,0.0034951282644891638,True
7673,66,Substation,' ',34.05897335,-117.314488,Colton (Century),sce,SUBSTATION,34.05897352,-117.31448112,0.0006340724098678784,True
7674,115,Substation,' ',34.0589893,-117.3144659,Colton (Century),sce,SUBSTATION,34.05897352,-117.31448112,0.002246027194887176,True
7675,230,Substation,' ',33.97773257,-118.436901,Tahiti,sce,SUBSTATION,33.97775559,-118.43691647,0.0029303452472438075,True
7676,66,Substation,' ',33.97777802,-118.4369308,Tahiti,sce,SUBSTATION,33.97775559,-118.43691647,0.002822502564154376,True
7677,66,Substation,' ',37.90841915,-122.0573089,Lakewood - (PG&E),pge,SUBSTATION,37.90840515,-122.05732168,0.0019184711227901434,True
7678,115,Substation,' ',37.90841279,-122.0573036,Lakewood - (PG&E),pge,SUBSTATION,37.90840515,-122.05732168,0.0017993665728281343,True
7679,230,Substation,' ',38.25097444,-122.5815961,Lakeville,pge,SUBSTATION,38.2509507,-122.58163211,0.004105612910521226,True
7680,66,Substation,' ',38.25098877,-122.5816254,Lakeville,pge,SUBSTATION,38.2509507,-122.58163211,0.00427354890689689,True
7681,115,Substation,' ',38.25095423,-122.581694,Lakeville,pge,SUBSTATION,38.2509507,-122.58163211,0.005418601153680533,True
7682,230,Substation,' ',38.80558507,-122.808212,Mccabe,pge,SUBSTATION,38.80561501,-122.80820873,0.0033412125340197595,True
7683,66,Substation,' ',38.80557669,-122.8081843,Mccabe,pge,SUBSTATION,38.80561501,-122.80820873,0.004757866563674769,True
7684,66,Substation,' ',37.89867204,-122.5245658,Alto,pge,SUBSTATION,37.89862256,-122.52459298,0.005996566432106541,True
7685,115,Substation,' ',37.89861964,-122.52465,Alto,pge,SUBSTATION,37.89862256,-122.52459298,0.005013675547979469,True
7690,230,Substation,' ',34.03327651,-118.4600633,Station K (Olympic),ladwp,SUBSTATION,34.03329117,-118.46002278,0.004074188785776999,True
7691,66,Substation,' ',34.03328084,-118.4600374,Station K (Olympic),ladwp,SUBSTATION,34.03329117,-118.46002278,0.0017704137978331715,True
7692,115,Substation,' ',34.03327747,-118.4600247,Station K (Olympic),ladwp,SUBSTATION,34.03329117,-118.46002278,0.001533610202897506,True
7695,66,Substation,' ',36.68231075,-121.6513715,Salinas - (PG&E),pge,SUBSTATION,36.68227081,-121.65137249,0.004442002734792674,True
7696,115,Substation,' ',36.68232165,-121.6513961,Salinas - (PG&E),pge,SUBSTATION,36.68227081,-121.65137249,0.006032478628117432,True
7697,66,Substation,' ',34.06068628,-117.3535257,Drews,sce_assumed,SUBSTATION,34.06068041,-117.35356196,0.0034034060157368466,True
7698,115,Substation,' ',34.0606834,-117.3535713,Drews,sce_assumed,SUBSTATION,34.06068041,-117.35356196,0.0009223933534832026,True
7699,230,Substation,' ',34.4687799,-119.8843541,Goleta,sce,SUBSTATION,34.46876858,-119.88435881,0.001330723954805185,True
7700,66,Substation,' ',34.46874197,-119.8843313,Goleta,sce,SUBSTATION,34.46876858,-119.88435881,0.003887823411645299,True
7707,230,Substation,' ',36.24195533,-119.9032943,Henrietta,pge,SUBSTATION,36.24191457,-119.90325931,0.005512587679531077,True
7708,66,Substation,' ',36.24192858,-119.9033148,Henrietta,pge,SUBSTATION,36.24191457,-119.90325931,0.005214581878647349,True
7709,230,Substation,' ',33.86978862,-118.3328685,La Fresa,sce,SUBSTATION,33.86973754,-118.33283066,0.0066682729660193975,True
7710,66,Substation,' ',33.86978338,-118.3328875,La Fresa,sce,SUBSTATION,33.86973754,-118.33283066,0.0073157795623599,True
7715,66,Substation,' ',35.37800345,-119.0954011,Kern Pp Dist.,pge,SUBSTATION ASSUMED,35.37804784,-119.095382,0.005230886542232428,True
7716,115,Substation,' ',35.37801241,-119.0954143,Kern Pp Dist.,pge,SUBSTATION ASSUMED,35.37804784,-119.095382,0.004908798599351954,True
7725,230,Substation,' ',33.90157971,-118.3915996,Airchem,sce,SUBSTATION,33.90160916,-118.39161633,0.0036204480972592784,True
7726,66,Substation,' ',33.90160172,-118.3916633,Airchem,sce,SUBSTATION,33.90160916,-118.39161633,0.004413163133915715,True
7727,66,Substation,' ',38.54814056,-121.4077324,Brighton - (PG&E),pge,SUBSTATION,38.5481369,-121.40773039,0.0004429238042104635,True
7728,115,Substation,' ',38.54812503,-121.4077433,Brighton - (PG&E),pge,SUBSTATION,38.5481369,-121.40773039,0.0017327887062647499,True
7731,230,Substation,' ',33.66701748,-117.6423751,Viejo - (SCE),sce,SUBSTATION,33.66700203,-117.642363,0.0020506878390439552,True
7732,66,Substation,' ',33.66696983,-117.6424057,Viejo - (SCE),sce,SUBSTATION,33.66700203,-117.642363,0.0053324843669455045,True
7745,230,Substation,' ',40.67896254,-122.4251023,Flannigan,pge_assumed,SUBSTATION,40.67898349,-122.42504878,0.005078944157710085,True
7746,66,Substation,' ',40.67896998,-122.4250914,Flannigan,pge_assumed,SUBSTATION,40.67898349,-122.42504878,0.0038953537962855686,True
7747,230,Substation,' ',33.85268118,-118.3938368,Redondo 1,sce,SUBSTATION,33.85263428,-118.39381072,0.005744281558927023,True
7748,66,Substation,' ',33.85261435,-118.3938607,Redondo 1,sce,SUBSTATION,33.85263428,-118.39381072,0.005119847273626287,True
7751,230,Substation,' ',32.80233773,-115.5371291,El Centro,iid,SUBSTATION,32.80233661,-115.53713548,0.0006091683103564677,True
7752,66,Substation,' ',32.80231892,-115.537175,El Centro,iid,SUBSTATION,32.80233661,-115.53713548,0.004184820794401766,True
7753,115,Substation,' ',32.80237428,-115.5371749,El Centro,iid,SUBSTATION,32.80233661,-115.53713548,0.00557851540784081,True
7754,230,Substation,' ',37.99234052,-121.3486474,Stagg,pge,SUBSTATION,37.99229399,-121.34861425,0.005933655342446449,True
7755,66,Substation,' ',37.99229623,-121.3486288,Stagg,pge,SUBSTATION,37.99229399,-121.34861425,0.0012991460939267704,True
7758,66,Substation,' ',37.80116217,-121.2238314,Manteca - (PG&E),pge,SUBSTATION,37.80112896,-121.22385696,0.004322014619327244,True
7759,115,Substation,' ',37.80115769,-121.2239054,Manteca - (PG&E),pge,SUBSTATION,37.80112896,-121.22385696,0.005321524208413318,True
7764,66,Substation,' ',32.7603857,-114.7486701,Knob,wapa,SUBSTATION,32.76036331,-114.74864523,0.0034068427439131743,True
7765,115,Substation,' ',32.76037313,-114.7486325,Knob,wapa,SUBSTATION,32.76036331,-114.74864523,0.0016153269970229013,True
7770,230,Substation,' ',34.56366841,-117.3220928,Victorville - (LADWP),ladwp,SUBSTATION,34.56367717,-117.32206851,0.0024281431883725344,True
7771,500,Substation,' ',34.56368448,-117.3221111,Victorville - (LADWP),ladwp,SUBSTATION,34.56367717,-117.32206851,0.003983713190956965,True
7772,66,Substation,' ',34.56364104,-117.3220901,Victorville - (LADWP),ladwp,SUBSTATION,34.56367717,-117.32206851,0.004477553272236937,True
7773,230,Substation,' ',33.91924041,-118.425367,Station L (Scattergood),ladwp,SUBSTATION,33.91922295,-118.42535557,0.0022094376781012824,True
7774,66,Substation,' ',33.91919279,-118.4254139,Station L (Scattergood),ladwp,SUBSTATION,33.91922295,-118.42535557,0.006341567151043638,True
7775,115,Substation,' ',33.91922262,-118.4254107,Station L (Scattergood),ladwp,SUBSTATION,33.91922295,-118.42535557,0.005087106597501667,True
7778,230,Substation,' ',38.33152352,-120.6697894,Electra 1,pge,SUBSTATION,38.33154007,-120.66978625,0.0018606742396667054,True
7779,66,Substation,' ',38.33153169,-120.6697873,Electra 1,pge,SUBSTATION,38.33154007,-120.66978625,0.0009363036110994256,True
7780,230,Substation,' ',33.13693016,-117.3355562,Encina,sdge,SUBSTATION,33.1369612,-117.33550504,0.00588253585561042,True
7781,66,Substation,' ',33.13699045,-117.3355222,Encina,sdge,SUBSTATION,33.1369612,-117.33550504,0.0036237204785022304,True
7782,115,Substation,' ',33.13692609,-117.3355207,Encina,sdge,SUBSTATION,33.1369612,-117.33550504,0.0041674621599378315,True
7785,230,Substation,' ',33.9983907,-117.6785606,Chino,sce,SUBSTATION,33.99835416,-117.67853128,0.00487997915515107,True
7786,500,Substation,' ',33.99832191,-117.6785285,Chino,sce,SUBSTATION,33.99835416,-117.67853128,0.0035951822918606252,True
7787,66,Substation,' ',33.99838617,-117.6785196,Chino,sce,SUBSTATION,33.99835416,-117.67853128,0.00371864707011575,True
7788,230,Substation,' ',37.7447448,-121.9358634,San Ramon,pge,SUBSTATION,37.74472078,-121.93589666,0.003960571126370725,True
7789,66,Substation,' ',37.74468834,-121.935896,San Ramon,pge,SUBSTATION,37.74472078,-121.93589666,0.003607630196031792,True
7792,66,Substation,' ',35.44253822,-119.7395888,Kernridge,pge,SUBSTATION,35.44250495,-119.73961732,0.004512331178381426,True
7793,115,Substation,' ',35.44248833,-119.7396103,Kernridge,pge,SUBSTATION,35.44250495,-119.73961732,0.001954417819051609,True
7800,230,Substation,' ',33.45690796,-117.5892211,Pico - (SDG&E),sdge,SUBSTATION,33.45686953,-117.58923059,0.004362969195646285,True
7801,66,Substation,' ',33.45691855,-117.5892519,Pico - (SDG&E),sdge,SUBSTATION,33.45686953,-117.58923059,0.005798206632720357,True
7802,115,Substation,' ',33.45687089,-117.5892392,Pico - (SDG&E),sdge,SUBSTATION,33.45686953,-117.58923059,0.0008129395658473507,True
7805,230,Substation,' ',33.94829445,-118.2551678,Station B (Century),ladwp,SUBSTATION,33.94827714,-118.25514983,0.0025401429994614992,True
7806,115,Substation,' ',33.94825012,-118.2551749,Station B (Century),ladwp,SUBSTATION,33.94827714,-118.25514983,0.0037913718106859784,True
7807,66,Substation,' ',34.07945249,-117.240419,Mountainview,sce,SUBSTATION ASSUMED,34.07946794,-117.24037656,0.004269543455570875,True
7808,115,Substation,' ',34.07947877,-117.2403642,Mountainview,sce,SUBSTATION ASSUMED,34.07946794,-117.24037656,0.00165710799188116,True
7809,66,Substation,' ',39.12053554,-122.2233849,Cortina,pge,SUBSTATION,39.12053967,-122.22332156,0.0054834337458822815,True
7810,115,Substation,' ',39.12052808,-122.2233561,Cortina,pge,SUBSTATION,39.12053967,-122.22332156,0.0032464318689724237,True
7817,66,Substation,' ',38.50888149,-121.40971,Power Inn-Elder Creek,smud,SUBSTATION,38.50885988,-121.40969299,0.0028221661878544825,True
7818,115,Substation,' ',38.5088237,-121.4096816,Power Inn-Elder Creek,smud,SUBSTATION,38.50885988,-121.40969299,0.004143306539883904,True
7819,230,Substation,' ',34.01543658,-118.2037922,Station F (Velasco & Kinetic),ladwp,SUBSTATION,34.01543304,-118.20382818,0.003339485318763767,True
7820,66,Substation,' ',34.01543272,-118.2038146,Station F (Velasco & Kinetic),ladwp,SUBSTATION,34.01543304,-118.20382818,0.0012521473928309925,True
7821,230,Substation,' ',37.45763021,-122.2863257,Jefferson - (PG&E),pge,SUBSTATION,37.45761189,-122.28635778,0.003488224847564895,True
7822,66,Substation,' ',37.4575755,-122.2864161,Jefferson - (PG&E),pge,SUBSTATION,37.45761189,-122.28635778,0.006547696002615058,True
7823,230,Substation,' ',37.62506173,-122.1165823,Eastshore,pge,SUBSTATION,37.62507363,-122.11659806,0.001917644206787289,True
7824,115,Substation,' ',37.62504401,-122.1165892,Eastshore,pge,SUBSTATION,37.62507363,-122.11659806,0.003384761873726492,True
7827,230,Substation,' ',38.50824083,-121.3553738,Hedge,smud,SUBSTATION,38.50824312,-121.35535264,0.0018587008220071442,True
7828,66,Substation,' ',38.50826589,-121.3553692,Hedge,smud,SUBSTATION,38.50824312,-121.35535264,0.0029132132217561803,True
7829,115,Substation,' ',38.50826651,-121.3553338,Hedge,smud,SUBSTATION,38.50824312,-121.35535264,0.0030743693339386965,True
7830,230,Substation,' ',34.0891351,-117.527049,Etiwanda,sce,SUBSTATION,34.08916516,-117.52703438,0.003603474476937109,True
7831,66,Substation,' ',34.0891736,-117.527047,Etiwanda,sce,SUBSTATION,34.08916516,-117.52703438,0.0014937687747872605,True
7832,230,Substation,' ',38.76299123,-121.3572333,Fiddyment Receiving,pge_assumed,SUBSTATION,38.76301456,-121.357211,0.003235448204671536,True
7833,66,Substation,' ',38.7629841,-121.3572386,Fiddyment Receiving,pge_assumed,SUBSTATION,38.76301456,-121.357211,0.004147079420920809,True
7834,230,Substation,' ',38.65743918,-121.1367682,Gold Hill,pge,SUBSTATION,38.65748247,-121.13674421,0.0052450235471887905,True
7835,66,Substation,' ',38.65749333,-121.136732,Gold Hill,pge,SUBSTATION,38.65748247,-121.13674421,0.0016069510919808384,True
7836,115,Substation,' ',38.65749942,-121.1367753,Gold Hill,pge,SUBSTATION,38.65748247,-121.13674421,0.0032924283138920877,True
7837,66,Substation,' ',39.3192471,-120.3788903,Summit - (PG&E),pge,SUBSTATION,39.3192799,-120.37883663,0.00588367016925135,True
7838,115,Substation,' ',39.31925294,-120.3788044,Summit - (PG&E),pge,SUBSTATION,39.3192799,-120.37883663,0.004083361983926308,True
7839,230,Substation,' ',37.99953661,-121.7828376,Contra Costa - (PG&E),pge,SUBSTATION,37.99954967,-121.78280995,0.0028246753584287216,True
7840,66,Substation,' ',37.99953097,-121.782776,Contra Costa - (PG&E),pge,SUBSTATION,37.99954967,-121.78280995,0.00362948844734014,True
7841,115,Substation,' ',37.99955629,-121.7827931,Contra Costa - (PG&E),pge,SUBSTATION,37.99954967,-121.78280995,0.0016497795095736746,True
7844,230,Substation,' ',36.821906,-119.8589773,Fig Garden,pge,SUBSTATION,36.82191363,-119.85891522,0.005590603763670613,True
7845,115,Substation,' ',36.82195601,-119.8589138,Fig Garden,pge,SUBSTATION,36.82191363,-119.85891522,0.004714135787541702,True
7848,230,Substation,' ',39.77794836,-122.1428552,Glenn,pge,SUBSTATION,39.77790792,-122.14289063,0.0054210384896668335,True
7849,66,Substation,' ',39.7779599,-122.1428682,Glenn,pge,SUBSTATION,39.77790792,-122.14289063,0.006089456374398779,True
7850,230,Substation,' ',38.01554628,-121.0136589,Bellota,pge,SUBSTATION,38.01550727,-121.01367355,0.004523592003621201,True
7851,115,Substation,' ',38.01550268,-121.0136681,Bellota,pge,SUBSTATION,38.01550727,-121.01367355,0.0006988881361151069,True
7866,230,Substation,' ',33.81546184,-117.8344187,Villa Park,sce,SUBSTATION,33.81547675,-117.83438559,0.0034792622124665044,True
7867,66,Substation,' ',33.8154625,-117.8343681,Villa Park,sce,SUBSTATION,33.81547675,-117.83438559,0.0022630856153632384,True
7868,230,Substation,' ',33.97594301,-118.147888,Laguna Bell,sce,SUBSTATION,33.97589397,-118.14786172,0.005967209970379114,True
7869,66,Substation,' ',33.97591181,-118.1478911,Laguna Bell,sce,SUBSTATION,33.97589397,-118.14786172,0.0033577767969364242,True
7870,230,Substation,' ',33.66489011,-117.7680577,Santiago,sce,SUBSTATION,33.66490015,-117.76800793,0.004739420430100984,True
7871,66,Substation,' ',33.66488581,-117.768026,Santiago,sce,SUBSTATION,33.66490015,-117.76800793,0.0023106715320716834,True
7874,230,Substation,' ',37.64250706,-121.0429726,Rosemore B,pge_assumed,SUBSTATION,37.64253977,-121.04294204,0.004524298393649616,True
7875,66,Substation,' ',37.64259383,-121.0429188,Rosemore B,pge_assumed,SUBSTATION,37.64253977,-121.04294204,0.006349928602788759,True
7880,66,Substation,' ',34.82826787,-120.4484566,Divide,pge,SUBSTATION,34.82822077,-120.44840982,0.006757308399508266,True
7881,115,Substation,' ',34.82817718,-120.4484135,Divide,pge,SUBSTATION,34.82822077,-120.44840982,0.004858611778163243,True
7882,230,Substation,' ',38.51106842,-121.4750191,South City,smud,SUBSTATION,38.51108194,-121.47505083,0.003143566873519639,True
7883,115,Substation,' ',38.51110946,-121.4750838,South City,smud,SUBSTATION,38.51108194,-121.47505083,0.004194450352731675,True
7884,230,Substation,' ',34.31192399,-118.4804278,Sylmar East,sce,SUBSTATION,34.31189,-118.48040208,0.004457013424201344,True
7885,66,Substation,' ',34.3118678,-118.4803652,Sylmar East,sce,SUBSTATION,34.31189,-118.48040208,0.004191304462614572,True
7888,230,Substation,' ',32.71792376,-115.7156357,Imperial Valley - (SDG&E),sdge,SUBSTATION,32.71794293,-115.71564984,0.00250871452276557,True
7889,500,Substation,' ',32.71798545,-115.715688,Imperial Valley - (SDG&E),sdge,SUBSTATION,32.71794293,-115.71564984,0.005924424643258427,True
7892,230,Substation,' ',38.28545467,-121.9706952,Peabody,pge,SUBSTATION,38.28545909,-121.97069289,0.0005312288306166522,True
7893,66,Substation,' ',38.2854921,-121.9706995,Peabody,pge,SUBSTATION,38.28545909,-121.97069289,0.003715607549290283,True
7896,66,Substation,' ',37.35623222,-121.9397986,Brokaw,svp,SUBSTATION,37.35618719,-121.9398061,0.005050797997803371,True
7897,115,Substation,' ',37.35615633,-121.9398365,Brokaw,svp,SUBSTATION,37.35618719,-121.9398061,0.004358293676903976,True
7900,66,Substation,' ',40.64643682,-122.9466795,Douglas City,pge_assumed,SUBSTATION,40.64638475,-122.94669442,0.00592517449316481,True
7901,115,Substation,' ',40.64634829,-122.9467281,Douglas City,pge_assumed,SUBSTATION,40.64638475,-122.94669442,0.004950815582356489,True
7904,230,Substation,' ',34.98945554,-117.5423921,Kramer - SCE,sce,SUBSTATION,34.98947498,-117.54238387,0.0022879548733514164,True
7905,66,Substation,' ',34.98949717,-117.5423492,Kramer - SCE,sce,SUBSTATION,34.98947498,-117.54238387,0.004007899905731672,True
7906,115,Substation,' ',34.98948531,-117.5423634,Kramer - SCE,sce,SUBSTATION,34.98947498,-117.54238387,0.0021901404899340765,True
7907,230,Substation,' ',40.3824504,-122.3822466,Olinda - (Other),pge_assumed,SUBSTATION,40.38245323,-122.38220487,0.0035485640763970893,True
7908,500,Substation,' ',40.38246713,-122.3822499,Olinda - (Other),pge_assumed,SUBSTATION,40.38245323,-122.38220487,0.004115367325431344,True
7911,230,Substation,' ',35.02669316,-117.348207,Harper Lake,sce,SUBSTATION,35.02664502,-117.34820186,0.005373345535385815,True
7912,66,Substation,' ',35.02665085,-117.348244,Harper Lake,sce,SUBSTATION,35.02664502,-117.34820186,0.0038914708314157463,True
7913,66,Substation,' ',37.27333607,-120.4872542,Merced - (PG&E),pge,SUBSTATION,37.27330296,-120.48722615,0.004440141158345857,True
7914,115,Substation,' ',37.27330581,-120.4872857,Merced - (PG&E),pge,SUBSTATION,37.27330296,-120.48722615,0.005278743454101318,True
7917,230,Substation,' ',37.28102858,-122.0151755,Saratoga,pge,SUBSTATION,37.28103169,-122.01520672,0.0027837503292632137,True
7918,66,Substation,' ',37.28103367,-122.0151969,Saratoga,pge,SUBSTATION,37.28103169,-122.01520672,0.0008962854687648215,True
7919,230,Substation,' ',35.25223227,-115.5157519,Cima,sce,SUBSTATION,35.25221207,-115.51570103,0.005136350328750824,True
7920,500,Substation,' ',35.25222325,-115.5157004,Cima,sce,SUBSTATION,35.25221207,-115.51570103,0.0012444748194754107,True
7927,230,Substation,' ',35.40371172,-119.4523725,Midway - (PG&E),pge,SUBSTATION,35.40367602,-119.45236362,0.0040504248816968106,True
7928,500,Substation,' ',35.40364658,-119.4523314,Midway - (PG&E),pge,SUBSTATION,35.40367602,-119.45236362,0.00438680270478604,True
7929,115,Substation,' ',35.40372729,-119.4523721,Midway - (PG&E),pge,SUBSTATION,35.40367602,-119.45236362,0.00575253837037542,True
7930,66,Substation,' ',37.63934049,-120.91968,Claus - (Other) South,pge_assumed,SUBSTATION,37.6393834,-120.91969754,0.0050151052775416465,True
7931,115,Substation,' ',37.63938144,-120.9196894,Claus - (Other) South,pge_assumed,SUBSTATION,37.6393834,-120.91969754,0.0007491454502639402,True
7934,230,Substation,' ',33.453114,-117.5714875,Talega,sdge,SUBSTATION,33.4531076,-117.57144142,0.004333856867786411,True
7935,66,Substation,' ',33.453147,-117.5714813,Talega,sdge,SUBSTATION,33.4531076,-117.57144142,0.005734335036467127,True
7936,115,Substation,' ',33.45312814,-117.571433,Talega,sdge,SUBSTATION,33.4531076,-117.57144142,0.002413836451908382,True
7937,230,Substation,' ',36.26518293,-121.1458146,Coburn,pge,SUBSTATION,36.26513395,-121.14582401,0.0055112827010946495,True
7938,66,Substation,' ',36.26513946,-121.1458666,Coburn,pge,SUBSTATION,36.26513395,-121.14582401,0.0038672556838073397,True
7939,230,Substation,' ',32.91869913,-117.2190936,Penasquitos,sdge,SUBSTATION ASSUMED,32.91870708,-117.21912669,0.0032126920199267842,True
7940,115,Substation,' ',32.91870837,-117.2191148,Penasquitos,sdge,SUBSTATION ASSUMED,32.91870708,-117.21912669,0.0011190645532557957,True
7941,230,Substation,' ',33.98913921,-118.3594038,La Brea,ladwp,SUBSTATION,33.9891787,-118.35937698,0.00503943953922782,True
7942,115,Substation,' ',33.98918122,-118.3594185,La Brea,ladwp,SUBSTATION,33.9891787,-118.35937698,0.0038382412967991994,True
7945,66,Substation,' ',37.63755084,-120.9540703,Lapham,pge_assumed,SUBSTATION,37.63751297,-120.95405305,0.004476524908525936,True
7946,115,Substation,' ',37.63748009,-120.9541107,Lapham,pge_assumed,SUBSTATION,37.63751297,-120.95405305,0.006255880600074759,True
7947,230,Substation,' ',34.22153233,-118.1869461,Gould,sce,SUBSTATION,34.22147877,-118.18694796,0.0059580551202457685,True
7948,500,Substation,' ',34.22148197,-118.1870023,Gould,sce,SUBSTATION,34.22147877,-118.18694796,0.005008876651013812,True
7949,66,Substation,' ',34.22146811,-118.1869762,Gould,sce,SUBSTATION,34.22147877,-118.18694796,0.0028542585058925823,True
7950,230,Substation,' ',34.42200505,-118.5758575,Saugus,sce,SUBSTATION,34.42198163,-118.57581456,0.004721724422747471,True
7951,66,Substation,' ',34.42202916,-118.5757956,Saugus,sce,SUBSTATION,34.42198163,-118.57581456,0.005563871967636622,True
7954,230,Substation,' ',34.10598475,-118.3587368,Nichols Canyon,ladwp,SUBSTATION,34.10597094,-118.35874086,0.0015804435083895966,True
7955,115,Substation,' ',34.10597119,-118.3587988,Nichols Canyon,ladwp,SUBSTATION,34.10597094,-118.35874086,0.005334585686578347,True
7956,230,Substation,' ',37.70359732,-122.4095626,Martin,pge,SUBSTATION,37.70357221,-122.40952413,0.004387505542669611,True
7957,115,Substation,' ',37.70358291,-122.4095784,Martin,pge,SUBSTATION,37.70357221,-122.40952413,0.004920460272204006,True
7960,230,Substation,' ',37.70086232,-121.7332009,Las Positas,pge,SUBSTATION,37.70081925,-121.73323137,0.005488385357266103,True
7961,66,Substation,' ',37.70082538,-121.7332444,Las Positas,pge,SUBSTATION,37.70081925,-121.73323137,0.001333705497780169,True
7970,230,Substation,' ',36.80608967,-121.7757438,Moss Landing,pge,SUBSTATION,36.80612492,-121.77571436,0.004715222485467531,True
7971,500,Substation,' ',36.80615242,-121.7756983,Moss Landing,pge,SUBSTATION,36.80612492,-121.77571436,0.0033756343156061664,True
7972,66,Substation,' ',36.80617723,-121.7757661,Moss Landing,pge,SUBSTATION,36.80612492,-121.77571436,0.00741970353394435,True
7973,115,Substation,' ',36.8061037,-121.7757005,Moss Landing,pge,SUBSTATION,36.80612492,-121.77571436,0.002662735142482326,True
7974,230,Substation,' ',34.17616905,-118.359841,Station E (Toluca),ladwp,SUBSTATION,34.17621254,-118.3598283,0.004974994245346243,True
7975,500,Substation,' ',34.17622937,-118.359843,Station E (Toluca),ladwp,SUBSTATION,34.17621254,-118.3598283,0.002308871784354652,True
7976,66,Substation,' ',34.17625687,-118.3598815,Station E (Toluca),ladwp,SUBSTATION,34.17621254,-118.3598283,0.0069461688302468625,True
7977,230,Substation,' ',37.41569443,-122.2056977,S.L.A.C,pge_assumed,SUBSTATION,37.41569749,-122.20564267,0.004871946146029384,True
7978,66,Substation,' ',37.41572847,-122.2056812,S.L.A.C,pge_assumed,SUBSTATION,37.41569749,-122.20564267,0.004842109236788928,True
7981,230,Substation,' ',33.88058552,-118.1750582,Lighthipe,sce,SUBSTATION,33.88057202,-118.1750217,0.003688726815826307,True
7982,66,Substation,' ',33.88059892,-118.1750826,Lighthipe,sce,SUBSTATION,33.88057202,-118.1750217,0.006368128929976609,True
7987,66,Substation,' ',37.97056407,-122.5272379,San Rafael,pge,SUBSTATION,37.9705732,-122.52720274,0.0032449506896483,True
7988,115,Substation,' ',37.97057855,-122.5271901,San Rafael,pge,SUBSTATION,37.9705732,-122.52720274,0.001257598321638168,True
7989,230,Substation,' ',34.00829608,-117.9499737,Walnut - (SCE),sce,SUBSTATION,34.00826577,-117.94991566,0.006322996755395466,True
7990,66,Substation,' ',34.00827438,-117.9499671,Walnut - (SCE),sce,SUBSTATION,34.00826577,-117.94991566,0.00483721327815727,True
7991,66,Substation,' ',40.57580175,-122.3536629,Canby,pge_assumed,SUBSTATION,40.57576989,-122.35361139,0.005610403727881667,True
7992,115,Substation,' ',40.57578422,-122.3536475,Canby,pge_assumed,SUBSTATION,40.57576989,-122.35361139,0.00344094180100714,True
7995,66,Substation,' ',39.31766925,-120.3288463,Summit Meter,pge_assumed,SUBSTATION ASSUMED,39.31769143,-120.32880163,0.004566114869901725,True
7996,115,Substation,' ',39.31773495,-120.3288614,Summit Meter,pge_assumed,SUBSTATION ASSUMED,39.31769143,-120.32880163,0.007060829602046321,True
7999,66,Substation,' ',37.71308642,-120.9210263,Claus - (Other) North,pge_assumed,SUBSTATION,37.71308875,-120.92103302,0.0006454062534301545,True
8000,115,Substation,' ',37.71305522,-120.9210526,Claus - (Other) North,pge_assumed,SUBSTATION,37.71308875,-120.92103302,0.004106967980975596,True
8001,66,Substation,' ',41.86754757,-122.4641555,Ager,pacificorp,SUBSTATION,41.86750995,-122.46410877,0.0056984116175761,True
8002,115,Substation,' ',41.86756326,-122.4641137,Ager,pacificorp,SUBSTATION,41.86750995,-122.46410877,0.005941841857446313,True
8003,230,Substation,' ',32.57416997,-116.9113077,Otay Mesa - SDG&E,sdge,SUBSTATION,32.57412782,-116.91130947,0.004689799814483659,True
8004,66,Substation,' ',32.57413358,-116.9112988,Otay Mesa - SDG&E,sdge,SUBSTATION,32.57412782,-116.91130947,0.0011873711785216274,True
8005,66,Substation,' ',34.35457104,-116.8542721,Permanente - (SCE),sce,SUBSTATION,34.35455407,-116.85428835,0.0024053934510209086,True
8006,115,Substation,' ',34.35459231,-116.8542637,Permanente - (SCE),sce,SUBSTATION,34.35455407,-116.85428835,0.004816708910677036,True
8007,66,Substation,' ',37.84734821,-122.2285846,Claremont - (PG&E),pge,SUBSTATION,37.84736849,-122.22857188,0.0025164639079237067,True
8008,115,Substation,' ',37.84734752,-122.228551,Claremont - (PG&E),pge,SUBSTATION,37.84736849,-122.22857188,0.0029661967371681043,True
8009,230,Substation,' ',34.43865977,-118.5152949,Haskell,sce,SUBSTATION,34.43870171,-118.5152366,0.007094575985870235,True
8010,66,Substation,' ',34.43874185,-118.5152723,Haskell,sce,SUBSTATION,34.43870171,-118.5152366,0.005535346441832457,True
8011,66,Substation,' ',38.43675609,-122.7134315,Santa Rosa A,pge,SUBSTATION,38.43677053,-122.71341952,0.0019149129933869924,True
8012,115,Substation,' ',38.43680758,-122.7134131,Santa Rosa A,pge,SUBSTATION,38.43677053,-122.71341952,0.004157546681748005,True
8013,230,Substation,' ',38.49778049,-122.7606879,Fulton,pge,SUBSTATION,38.49781345,-122.76065559,0.004619324229868779,True
8014,66,Substation,' ',38.49780272,-122.7606887,Fulton,pge,SUBSTATION,38.49781345,-122.76065559,0.003118643246502869,True
8015,115,Substation,' ',38.49776857,-122.7607143,Fulton,pge,SUBSTATION,38.49781345,-122.76065559,0.007142024941992979,True
8018,230,Substation,' ',34.24290772,-118.3925348,Station M (Valley),ladwp,SUBSTATION,34.24292802,-118.39254264,0.0023695048641496413,True
8019,66,Substation,' ',34.24295395,-118.3925786,Station M (Valley),ladwp,SUBSTATION,34.24292802,-118.39254264,0.004386268837421781,True
8020,230,Substation,' ',33.80930521,-117.8991273,Lewis,sce,SUBSTATION,33.80925851,-117.8990747,0.0071121484341809555,True
8021,66,Substation,' ',33.80931046,-117.8990897,Lewis,sce,SUBSTATION,33.80925851,-117.8990747,0.00594049381936162,True
8022,230,Substation,' ',40.00743437,-121.2493849,Belden,pge,SUBSTATION,40.00740046,-121.24940873,0.004282166793477217,True
8023,115,Substation,' ',40.00736313,-121.2494541,Belden,pge,SUBSTATION,40.00740046,-121.24940873,0.005671168089872228,True
8028,230,Substation,' ',38.21655716,-120.7640145,Valley Springs - (PG&E),pge,SUBSTATION,38.21657995,-120.76399746,0.002939042837109752,True
8029,66,Substation,' ',38.21662754,-120.7640446,Valley Springs - (PG&E),pge,SUBSTATION,38.21657995,-120.76399746,0.006705465236558265,True
8032,230,Substation,' ',38.22141505,-121.8669239,Lambie Energy,pge,SUBSTATION,38.22145263,-121.86691168,0.004312905619525075,True
8033,66,Substation,' ',38.22145509,-121.866913,Lambie Energy,pge,SUBSTATION,38.22145263,-121.86691168,0.00029685133836192154,True
8036,66,Substation,' ',34.859027,-116.8664211,Gale,sce,SUBSTATION,34.85900887,-116.86641298,0.0021477951703052956,True
8037,115,Substation,' ',34.85902113,-116.8664701,Gale,sce,SUBSTATION,34.85900887,-116.86641298,0.005387099622029515,True
8040,230,Substation,' ',32.80906143,-116.6828609,Suncrest,sdge,SUBSTATION,32.8090995,-116.68286701,0.00427153047865389,True
8041,500,Substation,' ',32.80911016,-116.6828361,Suncrest,sdge,SUBSTATION,32.8090995,-116.68286701,0.0031224936477252407,True
8042,66,Substation,' ',33.13725894,-116.2944972,Narrows - (SDG&E),sdge,SUBSTATION,33.13722813,-116.29446501,0.004551953796550512,True
8043,115,Substation,' ',33.13719683,-116.2945132,Narrows - (SDG&E),sdge,SUBSTATION,33.13722813,-116.29446501,0.005678588324412942,True
8044,66,Substation,' ',38.49986786,-122.4591484,Silverado,pge,SUBSTATION,38.49981294,-122.45909737,0.0075507308067282244,True
8045,115,Substation,' ',38.49983256,-122.4591125,Silverado,pge,SUBSTATION,38.49981294,-122.45909737,0.002548162428965556,True
8052,66,Substation,' ',36.99232964,-121.9822104,Paul Sweet,pge,SUBSTATION,36.99231782,-121.98216624,0.004136357579531014,True
8053,115,Substation,' ',36.99234523,-121.982187,Paul Sweet,pge,SUBSTATION,36.99231782,-121.98216624,0.0035621431565374126,True
8064,230,Substation,' ',41.9769811,-122.3613405,Copco 2 A,pacificorp,SUBSTATION,41.97693238,-122.36136668,0.00583368712091136,True
8065,66,Substation,' ',41.97698731,-122.3613697,Copco 2 A,pacificorp,SUBSTATION,41.97693238,-122.36136668,0.0061130369578707355,True
8066,115,Substation,' ',41.97692732,-122.3613426,Copco 2 A,pacificorp,SUBSTATION,41.97693238,-122.36136668,0.002068537116022674,True
8071,66,Substation,' ',37.3353314,-118.4819329,Oxbow,sce,SUBSTATION,37.33530963,-118.48195979,0.0033928982277978853,True
8072,115,Substation,' ',37.33529047,-118.4819686,Oxbow,sce,SUBSTATION,37.33530963,-118.48195979,0.002268412626508241,True
8073,230,Substation,' ',33.71347564,-117.8526388,Johanna,sce,SUBSTATION,33.71345628,-117.85265178,0.0024648841885287565,True
8074,66,Substation,' ',33.7134483,-117.8526845,Johanna,sce,SUBSTATION,33.71345628,-117.85265178,0.0031538231267864993,True
8075,66,Substation,' ',41.43143181,-122.3896996,Weed,pacificorp,SUBSTATION,41.43140654,-122.38972662,0.0036013555369998566,True
8076,115,Substation,' ',41.43141499,-122.389723,Weed,pacificorp,SUBSTATION,41.43140654,-122.38972662,0.0009868747418100546,True
8081,230,Substation,' ',34.00822245,-117.5643647,Mira Loma,sce,SUBSTATION,34.008175,-117.56435152,0.0054142596277468365,True
8082,500,Substation,' ',34.00820338,-117.5643559,Mira Loma,sce,SUBSTATION,34.008175,-117.56435152,0.0031814330973272244,True
8083,66,Substation,' ',34.00817797,-117.5643533,Mira Loma,sce,SUBSTATION,34.008175,-117.56435152,0.0003687605432603031,True
8084,230,Substation,' ',37.90545914,-122.2081305,Sobrante,pge,SUBSTATION,37.90545308,-122.20808187,0.004319467951468013,True
8085,115,Substation,' ',37.90541336,-122.2080877,Sobrante,pge,SUBSTATION,37.90545308,-122.20808187,0.004446182485696014,True
8086,66,Substation,' ',38.60127897,-121.4239517,Jamestown-Middleberry,smud,SUBSTATION,38.60128659,-121.42389079,0.005360440925991452,True
8087,115,Substation,' ',38.60128858,-121.4239139,Jamestown-Middleberry,smud,SUBSTATION,38.60128659,-121.42389079,0.0020204025827961344,True
8088,66,Substation,' ',32.79567294,-115.5493929,Terminal Station,iid,SUBSTATION,32.79565373,-115.54941774,0.003154934250045097,True
8089,115,Substation,' ',32.7956247,-115.5494571,Terminal Station,iid,SUBSTATION,32.79565373,-115.54941774,0.004894403250671502,True
8094,230,Substation,' ',33.90849087,-118.4230673,El Segundo,sce,SUBSTATION,33.90843881,-118.42306272,0.005804217323448464,True
8095,66,Substation,' ',33.90848003,-118.4231042,El Segundo,sce,SUBSTATION,33.90843881,-118.42306272,0.0059716986593345844,True
8098,66,Substation,' ',34.28345226,-117.2162423,Arrowhead - (SCE),sce,SUBSTATION,34.28345907,-117.21625397,0.0013126335894302395,True
8099,115,Substation,' ',34.28345857,-117.2162844,Arrowhead - (SCE),sce,SUBSTATION,34.28345907,-117.21625397,0.0027963402160990857,True
8100,230,Substation,' ',38.05344487,-122.2345158,Unocal,pge,SUBSTATION,38.05340283,-122.23451897,0.0046828677411380176,True
8101,66,Substation,' ',38.05339499,-122.2345441,Unocal,pge,SUBSTATION,38.05340283,-122.23451897,0.0023667591809303254,True
8102,230,Substation,' ',34.03775241,-118.2299066,River,ladwp,SUBSTATION,34.03772532,-118.22987707,0.004059267086918029,True
8103,66,Substation,' ',34.03769967,-118.2298788,River,ladwp,SUBSTATION,34.03772532,-118.22987707,0.0028566011349940913,True
8104,66,Substation,' ',41.18487088,-122.2859514,Crag View,pacificorp,SUBSTATION,41.18483909,-122.28593006,0.0039603750888393624,True
8105,115,Substation,' ',41.18484456,-122.285989,Crag View,pacificorp,SUBSTATION,41.18483909,-122.28593006,0.004969701662531229,True
8106,230,Substation,' ',34.04133601,-117.319218,Vista - SCE,sce,SUBSTATION,34.0413401,-117.31919396,0.0022612488516190288,True
8107,66,Substation,' ',34.04133443,-117.3192143,Vista - SCE,sce,SUBSTATION,34.0413401,-117.31919396,0.0019773327210399192,True
8108,115,Substation,' ',34.04131771,-117.3192148,Vista - SCE,sce,SUBSTATION,34.0413401,-117.31919396,0.003144126206358301,True
8111,230,Substation,' ',38.03680624,-121.8967809,Pittsburg,pge,SUBSTATION,38.03681699,-121.89678284,0.0012073598292522427,True
8112,115,Substation,' ',38.03680732,-121.896811,Pittsburg,pge,SUBSTATION,38.03681699,-121.89678284,0.0026904291099718283,True
8113,230,Substation,' ',33.77130371,-118.1002907,Stadium,sce,SUBSTATION,33.77132772,-118.10023527,0.005777388004231107,True
8114,66,Substation,' ',33.77135575,-118.1002338,Stadium,sce,SUBSTATION,33.77132772,-118.10023527,0.0031197541007748466,True
8115,230,Substation,' ',33.84771626,-118.0968754,Del Amo,sce,SUBSTATION,33.84773053,-118.09685474,0.0024815386760385573,True
8116,66,Substation,' ',33.84773136,-118.0969143,Del Amo,sce,SUBSTATION,33.84773053,-118.09685474,0.005501122019867822,True
8117,66,Substation,' ',33.96181488,-118.3761915,Station N (Airport),ladwp,SUBSTATION,33.96181017,-118.37616379,0.002608700886904291,True
8118,115,Substation,' ',33.96177035,-118.3762102,Station N (Airport),ladwp,SUBSTATION,33.96181017,-118.37616379,0.0061583704093397165,True
8121,66,Substation,' ',34.87858246,-120.3307075,Sisquoc,pge,SUBSTATION,34.87859381,-120.33066486,0.004089268418976793,True
8122,115,Substation,' ',34.87857878,-120.3306964,Sisquoc,pge,SUBSTATION,34.87859381,-120.33066486,0.0033272784723902223,True
8123,230,Substation,' ',34.03729609,-118.1105004,Mesa - (SCE),sce,SUBSTATION,34.03725796,-118.11045806,0.00576170766155754,True
8124,500,Substation,' ',34.03727333,-118.1105018,Mesa - (SCE),sce,SUBSTATION,34.03725796,-118.11045806,0.004377781115005765,True
8125,66,Substation,' ',34.03725496,-118.1104625,Mesa - (SCE),sce,SUBSTATION,34.03725796,-118.11045806,0.0005278812551639203,True
8130,230,Substation,' ',38.57187037,-121.4830384,Station B - (SMUD),smud,SUBSTATION,38.57189194,-121.48300681,0.0036461954332714765,True
8131,66,Substation,' ',38.57190517,-121.4829759,Station B - (SMUD),smud,SUBSTATION,38.57189194,-121.48300681,0.003063497290716551,True
8132,115,Substation,' ',38.57190888,-121.4830087,Station B - (SMUD),smud,SUBSTATION,38.57189194,-121.48300681,0.0018907946259885255,True
8135,66,Substation,' ',34.06211064,-117.2440974,Timoteo,sce,SUBSTATION,34.06214779,-117.24411791,0.004542446072140887,True
8136,115,Substation,' ',34.06215802,-117.244171,Timoteo,sce,SUBSTATION,34.06214779,-117.24411791,0.00502105638985964,True
8141,66,Substation,' ',32.79377875,-115.7784542,Dixieland,iid,SUBSTATION,32.79375664,-115.77840838,0.004938415608802656,True
8142,115,Substation,' ',32.79380112,-115.7784054,Dixieland,iid,SUBSTATION,32.79375664,-115.77840838,0.004953787950110885,True
8143,230,Substation,' ',33.99598484,-118.3591931,Windsor Hills,sce,SUBSTATION,33.99600058,-118.35918766,0.0018206426457201134,True
8144,115,Substation,' ',33.99596715,-118.3591906,Windsor Hills,sce,SUBSTATION,33.99600058,-118.35918766,0.003727114341673173,True
8147,66,Substation,' ',38.02083705,-121.9059675,Kirker,pge,SUBSTATION,38.02078399,-121.90594183,0.006313985234972115,True
8148,115,Substation,' ',38.02081145,-121.905937,Kirker,pge,SUBSTATION,38.02078399,-121.90594183,0.003082586738737747,True
8153,66,Substation,' ',40.71180671,-122.8079309,Lewiston,pge_assumed,SUBSTATION,40.71176054,-122.80793489,0.0051448728458942244,True
8154,115,Substation,' ',40.7117163,-122.8079954,Lewiston,pge_assumed,SUBSTATION,40.71176054,-122.80793489,0.007085939576843236,True
8157,230,Substation,' ',35.36110593,-118.9217104,Magunden,pge,SUBSTATION,35.36112187,-118.92171932,0.0019482961648275945,True
8158,66,Substation,' ',35.36115758,-118.9217673,Magunden,pge,SUBSTATION,35.36112187,-118.92171932,0.005890453184041946,True
8159,115,Substation,' ',35.36114738,-118.9216825,Magunden,pge,SUBSTATION,35.36112187,-118.92171932,0.004381149049562632,True
8160,66,Substation,' ',37.94749523,-121.2886975,Stockton Station A,pge,SUBSTATION,37.94745296,-121.28870892,0.004805695472446549,True
8161,115,Substation,' ',37.94746451,-121.2887683,Stockton Station A,pge,SUBSTATION,37.94745296,-121.28870892,0.005362821615135274,True
8168,230,Substation,' ',40.85914692,-121.7528026,Carberry - (PG&E),pge,SUBSTATION,40.85914487,-121.75277277,0.0025190070178958478,True
8169,66,Substation,' ',40.85919517,-121.7527774,Carberry - (PG&E),pge,SUBSTATION,40.85914487,-121.75277277,0.005606642192631226,True
8172,230,Substation,' ',38.37271291,-121.3530735,Elk Grove,smud,SUBSTATION,38.37271879,-121.35302054,0.004662887705343876,True
8173,66,Substation,' ',38.37267761,-121.3530003,Elk Grove,smud,SUBSTATION,38.37271879,-121.35302054,0.004907192314386765,True
8176,66,Substation,' ',40.78254664,-124.1124043,Humboldt (Proposed),pge,SUBSTATION,40.78257954,-124.11236616,0.0048677835305248615,True
8177,115,Substation,' ',40.78259192,-124.1124003,Humboldt (Proposed),pge,SUBSTATION,40.78257954,-124.11236616,0.003187082890686464,True
8181,66,Substation,' ',37.3770073,-121.9514124,Duane,svp,SUBSTATION,37.37695278,-121.95142851,0.0062272338995307455,True
8182,115,Substation,' ',37.37699069,-121.9514523,Duane,svp,SUBSTATION,37.37695278,-121.95142851,0.004710472853628455,True
8183,230,Substation,' ',34.30230885,-119.1849098,Santa Clara,sce,SUBSTATION,34.30226125,-119.18492599,0.005497831120281551,True
8184,66,Substation,' ',34.30223437,-119.1849092,Santa Clara,sce,SUBSTATION,34.30226125,-119.18492599,0.003363359403242807,True
8185,230,Substation,' ',33.6160965,-114.6846051,Blythe-Bucks,sce,SUBSTATION,33.61612028,-114.68458233,0.0033819505501593737,True
8186,115,Substation,' ',33.61610174,-114.6846245,Blythe-Bucks,sce,SUBSTATION,33.61612028,-114.68458233,0.004415693528801873,True
8195,66,Substation,' ',36.76312693,-121.7347624,Castroville,pge,SUBSTATION,36.76311499,-121.73472246,0.003797508229725452,True
8196,115,Substation,' ',36.76314858,-121.7347287,Castroville,pge,SUBSTATION,36.76311499,-121.73472246,0.0037761734565346103,True
8199,230,Substation,' ',32.78399006,-117.1374709,Mission - (SDG&E),sdge,SUBSTATION,32.7840155,-117.13743125,0.004662741409937648,True
8200,66,Substation,' ',32.78405663,-117.137467,Mission - (SDG&E),sdge,SUBSTATION,32.7840155,-117.13743125,0.005664417386060863,True
8201,115,Substation,' ',32.78398502,-117.1373994,Mission - (SDG&E),sdge,SUBSTATION,32.7840155,-117.13743125,0.004511323306049502,True
8204,230,Substation,' ',41.5007235,-120.5330095,Warner - (Other),nve_assumed,SUBSTATION,41.50073495,-120.53299434,0.0017930220512090438,True
8205,66,Substation,' ',41.5007026,-120.5330177,Warner - (Other),nve_assumed,SUBSTATION,41.50073495,-120.53299434,0.004089512860003155,True
8206,115,Substation,' ',41.50070523,-120.5329751,Warner - (Other),nve_assumed,SUBSTATION,41.50073495,-120.53299434,0.0036726646248161094,True
8207,230,Substation,' ',33.76291827,-118.0962613,Haynes,ladwp,SUBSTATION,33.76290206,-118.09621092,0.004993829374771633,True
8208,66,Substation,' ',33.7629479,-118.0962038,Haynes,ladwp,SUBSTATION,33.76290206,-118.09621092,0.005139494208477143,True
8209,230,Substation,' ',34.12018656,-117.6395048,Padua,sce,SUBSTATION,34.12015163,-117.63946366,0.0054247529565060945,True
8210,66,Substation,' ',34.12015321,-117.6394756,Padua,sce,SUBSTATION,34.12015163,-117.63946366,0.0011130795660027413,True
8215,230,Substation,' ',38.86348125,-120.4428066,Union Valley,smud,SUBSTATION,38.86342685,-120.44283842,0.006646845291212286,True
8216,66,Substation,' ',38.86343042,-120.4428983,Union Valley,smud,SUBSTATION,38.86342685,-120.44283842,0.005199659993128908,True
8223,230,Substation,' ',33.81087081,-115.45362,Eagle Mt.,sce,SUBSTATION,33.81082577,-115.45364504,0.005516723681113569,True
8224,66,Substation,' ',33.81082713,-115.4536123,Eagle Mt.,sce,SUBSTATION,33.81082577,-115.45364504,0.0030286122803789943,True
8225,230,Substation,' ',34.08817118,-118.3474096,Station H (Hollywood),ladwp,SUBSTATION,34.08818659,-118.34736649,0.004323965263727313,True
8226,66,Substation,' ',34.08818462,-118.3473318,Station H (Hollywood),ladwp,SUBSTATION,34.08818659,-118.34736649,0.0032020675971764566,True
8227,115,Substation,' ',34.08816094,-118.3473925,Station H (Hollywood),ladwp,SUBSTATION,34.08818659,-118.34736649,0.0037245007399349253,True
8228,66,Substation,' ',32.75932322,-115.5340727,Valley - (IID),iid,SUBSTATION,32.75929921,-115.53402396,0.005282043007639688,True
8229,115,Substation,' ',32.75931175,-115.5340182,Valley - (IID),iid,SUBSTATION,32.75929921,-115.53402396,0.0014947955102023742,True
8230,66,Substation,' ',36.40198898,-120.1387582,Schindler,pge,SUBSTATION,36.40193944,-120.13870949,0.007024909568849508,True
8231,115,Substation,' ',36.4019601,-120.1387436,Schindler,pge,SUBSTATION,36.40193944,-120.13870949,0.00382059492642596,True
8234,230,Substation,' ',33.67284506,-116.1154293,Coachella Valley,iid,SUBSTATION,33.67281342,-116.115398,0.004557104774180201,True
8235,115,Substation,' ',33.67278428,-116.115383,Coachella Valley,iid,SUBSTATION,33.67281342,-116.115398,0.0035250219718343375,True
8238,66,Substation,' ',35.13596914,-119.4819906,Taft - Other,pge,SUBSTATION,35.13594121,-119.48201534,0.0038348911777291088,True
8239,115,Substation,' ',35.1359516,-119.4820609,Taft - Other,pge,SUBSTATION,35.13594121,-119.48201534,0.004301023211366528,True
8240,66,Substation,' ',35.22291284,-116.7331298,Tiefort,sce,SUBSTATION,35.22290052,-116.73316571,0.0035379349841495136,True
8241,115,Substation,' ',35.2229005,-116.7332055,Tiefort,sce,SUBSTATION,35.22290052,-116.73316571,0.0036143946157583587,True
8244,230,Substation,' ',35.08879566,-118.9759424,Wheeler Ridge,pge,SUBSTATION,35.08874779,-118.97595226,0.005397973269472447,True
8245,66,Substation,' ',35.08870717,-118.976007,Wheeler Ridge,pge,SUBSTATION,35.08874779,-118.97595226,0.006723645101938263,True
8252,230,Substation,' ',37.23376178,-121.9010635,Hicks,pge,SUBSTATION,37.23370852,-121.90105523,0.005967326644125365,True
8253,66,Substation,' ',37.23373796,-121.9011125,Hicks,pge,SUBSTATION,37.23370852,-121.90105523,0.006035118471591891,True
8254,115,Substation,' ',37.23373669,-121.9010775,Hicks,pge,SUBSTATION,37.23370852,-121.90105523,0.003701187793510904,True
8261,230,Substation,' ',34.08851994,-117.534522,Rancho Vista,sce,SUBSTATION,34.08849549,-117.5345205,0.002722222832987572,True
8262,500,Substation,' ',34.08854029,-117.5345531,Rancho Vista,sce,SUBSTATION,34.08849549,-117.5345205,0.00581620173071622,True
8263,66,Substation,' ',34.08851642,-117.5345019,Rancho Vista,sce,SUBSTATION,34.08849549,-117.5345205,0.0028896747024928747,True
8264,66,Substation,' ',41.56430483,-120.4138646,Cedarville Junction,nve_assumed,SUBSTATION,41.56433458,-120.41381857,0.005060515017090495,True
8265,115,Substation,' ',41.56435256,-120.4138075,Cedarville Junction,nve_assumed,SUBSTATION,41.56433458,-120.41381857,0.0022012199798906733,True
8268,230,Substation,' ',36.14021389,-120.1254164,Gates,pge,SUBSTATION,36.14024003,-120.12545097,0.004252691940861396,True
8269,500,Substation,' ',36.14026966,-120.125482,Gates,pge,SUBSTATION,36.14024003,-120.12545097,0.004315013840005558,True
8270,66,Substation,' ',36.14023443,-120.1254345,Gates,pge,SUBSTATION,36.14024003,-120.12545097,0.0016047189410123878,True
8271,115,Substation,' ',36.14021189,-120.1254768,Gates,pge,SUBSTATION,36.14024003,-120.12545097,0.003894976251545234,True
8276,66,Substation,' ',41.72855044,-122.6307269,Yreka,pacificorp,SUBSTATION,41.72857292,-122.63075856,0.003626447862855395,True
8277,115,Substation,' ',41.72860387,-122.6308085,Yreka,pacificorp,SUBSTATION,41.72857292,-122.63075856,0.005386926442626362,True
8282,230,Substation,' ',38.64367357,-121.3290901,Carmichael,smud,SUBSTATION,38.64363958,-121.32907765,0.00393114003565235,True
8283,66,Substation,' ',38.64368733,-121.3290436,Carmichael,smud,SUBSTATION,38.64363958,-121.32907765,0.0060775264842768744,True
8284,230,Substation,' ',37.42747865,-121.9329329,Los Esteros,pge,SUBSTATION,37.42746526,-121.93291779,0.001999261825596341,True
8285,115,Substation,' ',37.42749883,-121.9329641,Los Esteros,pge,SUBSTATION,37.42746526,-121.93291779,0.00553680139709872,True
8288,230,Substation,' ',34.43923345,-118.5828382,Pardee - (SCE),sce,SUBSTATION,34.43926556,-118.58282378,0.0038074885414256412,True
8289,500,Substation,' ',34.43925998,-118.5828189,Pardee - (SCE),sce,SUBSTATION,34.43926556,-118.58282378,0.0007650204258450654,True
8290,66,Substation,' ',37.59511548,-120.8469633,Hughson,pge_assumed,SUBSTATION,37.59506369,-120.84695596,0.0057949815142359085,True
8291,115,Substation,' ',37.59511516,-120.8469852,Hughson,pge_assumed,SUBSTATION,37.59506369,-120.84695596,0.006276282112285421,True
8292,230,Substation,' ',37.489961,-120.9060456,Walnut - (Other),pge_assumed,SUBSTATION,37.48994766,-120.90606962,0.0025868004889380565,True
8293,66,Substation,' ',37.4899619,-120.9060986,Walnut - (Other),pge_assumed,SUBSTATION,37.48994766,-120.90606962,0.003007454556336601,True
8294,115,Substation,' ',37.48998406,-120.9061044,Walnut - (Other),pge_assumed,SUBSTATION,37.48994766,-120.90606962,0.005079221688786723,True
8295,66,Substation,' ',32.6870771,-115.490716,Perry - (IID),iid,SUBSTATION,32.68709793,-115.49074671,0.0036911561509252186,True
8296,115,Substation,' ',32.68714021,-115.4907895,Perry - (IID),iid,SUBSTATION,32.68709793,-115.49074671,0.006175640933086147,True
8299,66,Substation,' ',35.39836562,-118.9399035,Columbus,pge,SUBSTATION,35.3984006,-118.93986814,0.005039957579720917,True
8300,115,Substation,' ',35.39839949,-118.9398774,Columbus,pge,SUBSTATION,35.3984006,-118.93986814,0.0008483518829468237,True
8301,66,Substation,' ',36.4884467,-119.5825258,Kingsburg,pge,SUBSTATION,36.4884271,-119.58247758,0.004830392140718297,True
8302,115,Substation,' ',36.4884244,-119.5825009,Kingsburg,pge,SUBSTATION,36.4884271,-119.58247758,0.0021062719910540464,True
8303,66,Substation,' ',32.7147703,-115.5346013,Heber - (IID),iid,SUBSTATION,32.71477671,-115.53454476,0.005337474226585726,True
8304,115,Substation,' ',32.71476646,-115.534599,Heber - (IID),iid,SUBSTATION,32.71477671,-115.53454476,0.0052009113135709426,True
8309,230,Substation,' ',33.3696416,-117.5542123,San Onofre,sce,SUBSTATION,33.36968096,-117.55422612,0.0045609153786648725,True
8310,115,Substation,' ',33.36970546,-117.5542174,San Onofre,sce,SUBSTATION,33.36968096,-117.55422612,0.002842076887040735,True
8311,66,Substation,' ',34.98448153,-117.891046,Edwards,sce,SUBSTATION,34.9844728,-117.89108225,0.003442190818158867,True
8312,115,Substation,' ',34.98449275,-117.8911405,Edwards,sce,SUBSTATION,34.9844728,-117.89108225,0.005751739677699328,True
8313,66,Substation,' ',34.06040819,-117.1766405,Redlands,sce,SUBSTATION,34.06037413,-117.17661655,0.004383057583730688,True
8314,115,Substation,' ',34.06037091,-117.1766238,Redlands,sce,SUBSTATION,34.06037413,-117.17661655,0.0007577867393081099,True
8315,230,Substation,' ',34.07961234,-117.238605,San Bernardino,sce,SUBSTATION,34.07960241,-117.2386418,0.003564544031615941,True
8316,66,Substation,' ',34.07962257,-117.2386887,San Bernardino,sce,SUBSTATION,34.07960241,-117.2386418,0.00486646398703798,True
8317,115,Substation,' ',34.07959675,-117.2386173,San Bernardino,sce,SUBSTATION,34.07960241,-117.2386418,0.0023425363713016015,True
8318,66,Substation,' ',40.7180208,-122.9344386,Trinity - (PG&E),pge,SUBSTATION,40.71802497,-122.9344172,0.0018621982069957782,True
8319,115,Substation,' ',40.71799795,-122.9343846,Trinity - (PG&E),pge,SUBSTATION,40.71802497,-122.9344172,0.004071298859576037,True
8320,66,Substation,' ',37.47357983,-122.1280211,Cooley Landing - (PGE GBA),pge,SUBSTATION,37.4735817,-122.12799053,0.0027057451279128898,True
8321,115,Substation,' ',37.47361584,-122.1279624,Cooley Landing - (PGE GBA),pge,SUBSTATION,37.4735817,-122.12799053,0.004535801151011697,True
8328,230,Substation,' ',32.77030948,-115.2736733,Highline,iid,SUBSTATION,32.77028817,-115.2737003,0.003462319219447647,True
8329,115,Substation,' ',32.7702638,-115.2737414,Highline,iid,SUBSTATION,32.77028817,-115.2737003,0.0047021254631775845,True
8330,230,Substation,' ',32.9587576,-117.2206707,North City West,sdge,SUBSTATION,32.95874613,-117.22065418,0.0020005721333704587,True
8331,66,Substation,' ',32.95873532,-117.2206304,North City West,sdge,SUBSTATION,32.95874613,-117.22065418,0.0025233522695650218,True
8332,115,Substation,' ',32.95870614,-117.2207073,North City West,sdge,SUBSTATION,32.95874613,-117.22065418,0.0066585013536785385,True
8335,230,Substation,' ',37.50084138,-121.9862901,Newark,pge,SUBSTATION,37.50086816,-121.9862493,0.004671357867706924,True
8336,115,Substation,' ',37.50083754,-121.9863065,Newark,pge,SUBSTATION,37.50086816,-121.9862493,0.006087213501775539,True
8337,66,Substation,' ',36.6903365,-121.6792844,Boronda,pge,SUBSTATION,36.69028178,-121.67924483,0.007033540926713064,True
8338,115,Substation,' ',36.69026246,-121.6792619,Boronda,pge,SUBSTATION,36.69028178,-121.67924483,0.0026328199657869606,True
8339,230,Substation,' ',34.68754958,-118.3005464,Antelope - (SCE),sce,SUBSTATION,34.68750792,-118.30052909,0.004895288829317164,True
8340,500,Substation,' ',34.68752411,-118.300543,Antelope - (SCE),sce,SUBSTATION,34.68750792,-118.30052909,0.0022041801950315318,True
8341,66,Substation,' ',34.68752178,-118.3005353,Antelope - (SCE),sce,SUBSTATION,34.68750792,-118.30052909,0.0016424275248093853,True
8342,115,Substation,' ',34.68746465,-118.3004924,Antelope - (SCE),sce,SUBSTATION,34.68750792,-118.30052909,0.00586542753732624,True
8343,230,Substation,' ',33.64597906,-117.9778602,Huntington Beach,sce,SUBSTATION,33.64596303,-117.97780972,0.005001213755469682,True
8344,66,Substation,' ',33.64593073,-117.9778035,Huntington Beach,sce,SUBSTATION,33.64596303,-117.97780972,0.003637454031056661,True
8347,230,Substation,' ',33.76455073,-118.2264619,Fuel,sce,SUBSTATION,33.76457244,-118.22647038,0.002538124670205212,True
8348,66,Substation,' ',33.76453527,-118.2265286,Fuel,sce,SUBSTATION,33.76457244,-118.22647038,0.00678577314049036,True
8349,66,Substation,' ',38.50853962,-121.4639282,48th-Martin Luther King,smud,SUBSTATION,38.50856343,-121.46393602,0.0027335900662858025,True
8350,115,Substation,' ',38.50852695,-121.463996,48th-Martin Luther King,smud,SUBSTATION,38.50856343,-121.46393602,0.006609984058401858,True
8355,230,Substation,' ',35.38002776,-119.0973342,Kern Power,pge,SUBSTATION,35.37999622,-119.097354,0.003939793612287148,True
8356,115,Substation,' ',35.38003617,-119.0973611,Kern Power,pge,SUBSTATION,35.37999622,-119.097354,0.004488631079014404,True
8357,230,Substation,' ',33.56499904,-114.9065748,Midpoint,sce_assumed,SUBSTATION,33.56495444,-114.90661031,0.005951444243995359,True
8358,66,Substation,' ',33.56494013,-114.9066377,Midpoint,sce_assumed,SUBSTATION,33.56495444,-114.90661031,0.0029953869819326047,True
8367,230,Substation,' ',34.00073226,-118.3783013,La Cienega,sce,SUBSTATION,34.00073315,-118.37831478,0.0012465744913701233,True
8368,66,Substation,' ',34.00073879,-118.3783068,La Cienega,sce,SUBSTATION,34.00073315,-118.37831478,0.0009666708440855852,True
8376,66,Substation,' ',38.82906686,-122.8101656,Eagle Rock - (PG&E),pge,SUBSTATION,38.82904336,-122.81013875,0.003498238902283707,True
8377,115,Substation,' ',38.82903937,-122.8101098,Eagle Rock - (PG&E),pge,SUBSTATION,38.82904336,-122.81013875,0.002546683093888139,True
8378,230,Substation,' ',33.77896895,-118.2273047,Harborgen,sce,SUBSTATION,33.7789243,-118.22730532,0.004965184150139878,True
8379,66,Substation,' ',33.77888915,-118.2273491,Harborgen,sce,SUBSTATION,33.7789243,-118.22730532,0.005625755163083686,True
8380,66,Substation,' ',37.30225073,-118.5317627,Bishop Creek 3,sce,SUBSTATION,37.30224712,-118.5317442,0.001684841436081983,True
8381,115,Substation,' ',37.30227706,-118.5317174,Bishop Creek 3,sce,SUBSTATION,37.30224712,-118.5317442,0.004086867799818981,True
8382,66,Substation,' ',40.76794332,-123.8736664,Maple Creek,pge,SUBSTATION,40.76789405,-123.87368638,0.00573113840956148,True
8383,115,Substation,' ',40.76785126,-123.873659,Maple Creek,pge,SUBSTATION,40.76789405,-123.87368638,0.00528730266979903,True
8384,66,Substation,' ',38.26499209,-122.6573229,Corona - (PG&E),pge,SUBSTATION,38.26500774,-122.65735523,0.0033159079878107684,True
8385,115,Substation,' ',38.26497414,-122.6573428,Corona - (PG&E),pge,SUBSTATION,38.26500774,-122.65735523,0.003890563130677568,True
8386,66,Substation,' ',33.12658062,-115.5101921,Calipatria - (IID) South,iid,SUBSTATION,33.1265563,-115.51013579,0.005899945433313014,True
8387,115,Substation,' ',33.12653677,-115.5101084,Calipatria - (IID) South,iid,SUBSTATION,33.1265563,-115.51013579,0.0033498680647988557,True
8390,230,Substation,' ',40.51940693,-122.3155182,Airport,wapa,SUBSTATION,40.51939968,-122.31553586,0.0016965519200772047,True
8391,115,Substation,' ',40.51940232,-122.315524,Airport,wapa,SUBSTATION,40.51939968,-122.31553586,0.001044607299568129,True
8394,230,Substation,' ',36.84476083,-119.922183,Herndon,pge,SUBSTATION,36.84471282,-119.922122,0.007613376697653184,True
8395,115,Substation,' ',36.84467104,-119.9220922,Herndon,pge,SUBSTATION,36.84471282,-119.922122,0.005349260745121877,True
8398,230,Substation,' ',38.71385135,-121.4784815,Elverta,wapa,SUBSTATION,38.71385392,-121.47848567,0.0004610485773506006,True
8399,66,Substation,' ',38.7138629,-121.4785298,Elverta,wapa,SUBSTATION,38.71385392,-121.47848567,0.003956917060977009,True
8400,230,Substation,' ',39.53264548,-121.4862328,Edward C Hyatt,pge,SUBSTATION,39.53267075,-121.48621612,0.003153061662169491,True
8401,66,Substation,' ',39.53267582,-121.4862419,Edward C Hyatt,pge,SUBSTATION,39.53267075,-121.48621612,0.0022816474323728757,True
8402,230,Substation,' ',33.93693288,-116.5773326,Devers - SCE,sce,SUBSTATION,33.93473565,-116.57788157,0.2495146692797565,True
8403,500,Substation,' ',33.93689257,-116.5773748,Devers - SCE,sce,SUBSTATION,33.93473565,-116.57788157,0.24435273956028716,True
8404,115,Substation,' ',33.9368735,-116.5772801,Devers - SCE,sce,SUBSTATION,33.93473565,-116.57788157,0.24410822959002715,True
8405,230,Substation,' ',35.55499422,-120.6802926,Templeton,pge,SUBSTATION,35.55501158,-120.68029392,0.0019340338298543687,True
8406,66,Substation,' ',35.55502392,-120.6802628,Templeton,pge,SUBSTATION,35.55501158,-120.68029392,0.00313181489295884,True
8407,230,Substation,' ',40.3978799,-122.2642135,Cottonwood - (PG&E),pge,SUBSTATION,40.39787486,-122.2642114,0.0005879604507766721,True
8408,66,Substation,' ',40.39792069,-122.2642201,Cottonwood - (PG&E),pge,SUBSTATION,40.39787486,-122.2642114,0.005149042350664765,True
8409,115,Substation,' ',40.39786299,-122.2642504,Cottonwood - (PG&E),pge,SUBSTATION,40.39787486,-122.2642114,0.003556573488140217,True
8410,230,Substation,' ',38.63728455,-121.3836257,Auburn Watt,smud,SUBSTATION,38.6372815,-121.38357884,0.004084175320445979,True
8411,66,Substation,' ',38.63726397,-121.3836048,Auburn Watt,smud,SUBSTATION,38.6372815,-121.38357884,0.002980536986671608,True
8412,230,Substation,' ',34.20745048,-119.2491156,Mandalay,sce,SUBSTATION,34.20734748,-119.24911042,0.011462979125860634,True
8413,66,Substation,' ',34.20744275,-119.2491721,Mandalay,sce,SUBSTATION,34.20734748,-119.24911042,0.012016451556527434,True
8414,230,Substation,' ',40.6103267,-122.4440906,Keswick - (WAPA),wapa,SUBSTATION,40.61034413,-122.44406909,0.0026558000274726256,True
8415,115,Substation,' ',40.61038968,-122.4440358,Keswick - (WAPA),wapa,SUBSTATION,40.61034413,-122.44406909,0.0057922713615896244,True
8416,230,Substation,' ',34.8631524,-116.8542005,Cool Water,sce,SUBSTATION,34.863107,-116.85419496,0.005073491014397861,True
8417,66,Substation,' ',34.86314396,-116.8541907,Cool Water,sce,SUBSTATION,34.863107,-116.85419496,0.004128102517185287,True
8418,115,Substation,' ',34.86312887,-116.8542106,Cool Water,sce,SUBSTATION,34.863107,-116.85419496,0.0028195776848211128,True
8419,230,Substation,' ',37.05356146,-121.0211092,Los Banos,pge,SUBSTATION,37.05350814,-121.02108969,0.006176535170216299,True
8420,500,Substation,' ',37.05350878,-121.0211078,Los Banos,pge,SUBSTATION,37.05350814,-121.02108969,0.0016086867324469382,True
8421,66,Substation,' ',37.0535541,-121.0211108,Los Banos,pge,SUBSTATION,37.05350814,-121.02108969,0.005443049866033902,True
8422,115,Substation,' ',37.05350336,-121.0210853,Los Banos,pge,SUBSTATION,37.05350814,-121.02108969,0.0006589948416182671,True
8427,230,Substation,' ',40.96096373,-121.5486459,Hat Creek 2,pge,SUBSTATION,40.96097797,-121.54858504,0.005350070907986918,True
8428,66,Substation,' ',40.96095737,-121.5485503,Hat Creek 2,pge,SUBSTATION,40.96097797,-121.54858504,0.003708962814218591,True
8433,66,Substation,' ',38.04445436,-122.2570372,Oleum,pge,SUBSTATION,38.04448063,-122.25700265,0.004205545072574009,True
8434,115,Substation,' ',38.04452863,-122.2570108,Oleum,pge,SUBSTATION,38.04448063,-122.25700265,0.005384861256266669,True
8435,66,Substation,' ',37.12067402,-120.4726946,El Nido - (PG&E),pge,SUBSTATION,37.12062842,-120.47268443,0.0051500412525473105,True
8436,115,Substation,' ',37.12064102,-120.4726993,El Nido - (PG&E),pge,SUBSTATION,37.12062842,-120.47268443,0.0019238480106932316,True
8439,66,Substation,' ',35.01409884,-117.7039948,Holgate,sce,SUBSTATION,35.01411771,-117.70402272,0.003296637188389741,True
8440,115,Substation,' ',35.01410239,-117.7039961,Holgate,sce,SUBSTATION,35.01411771,-117.70402272,0.002962948406766071,True
8443,230,Substation,' ',37.74200457,-120.8024239,Warnerville,pge,SUBSTATION,37.74197461,-120.80244785,0.003941212822371612,True
8444,115,Substation,' ',37.7419919,-120.8024826,Warnerville,pge,SUBSTATION,37.74197461,-120.80244785,0.003610093050366874,True
8445,66,Substation,' ',35.60507136,-119.2037009,Famoso - (PG&E),pge,SUBSTATION,35.60503537,-119.20364064,0.006759816791122926,True
8446,115,Substation,' ',35.60508518,-119.203664,Famoso - (PG&E),pge,SUBSTATION,35.60503537,-119.20364064,0.005927600978990553,True
8453,230,Substation,' ',33.90312312,-118.3978623,Rosecrans,sce,SUBSTATION,33.90314921,-118.3978325,0.003997503173725801,True
8454,66,Substation,' ',33.90320093,-118.3978271,Rosecrans,sce,SUBSTATION,33.90314921,-118.3978325,0.005772554601266478,True
8455,66,Substation,' ',33.92229008,-116.872771,Banning,sce,SUBSTATION,33.92232566,-116.87277975,0.004037852442742685,True
8456,115,Substation,' ',33.9223429,-116.8727578,Banning,sce,SUBSTATION,33.92232566,-116.87277975,0.0027886819777713863,True
8459,66,Substation,' ',36.70718981,-119.6108803,Sanger,pge,SUBSTATION,36.70938156,-119.6110322,0.24408736703641595,True
8460,115,Substation,' ',36.70726213,-119.6108905,Sanger,pge,SUBSTATION,36.70938156,-119.6110322,0.23600814288606148,True
8461,230,Substation,' ',36.65357586,-120.5817931,Panoche - PG&E,pge,SUBSTATION,36.65353128,-120.58174326,0.006658846768588786,True
8462,115,Substation,' ',36.65353109,-120.5817603,Panoche - PG&E,pge,SUBSTATION,36.65353128,-120.58174326,0.0015202383547712236,True
8463,66,Substation,' ',37.65081497,-122.4542636,Serramonte,pge,SUBSTATION,37.65079499,-122.45424984,0.002530483805084854,True
8464,115,Substation,' ',37.65081013,-122.454267,Serramonte,pge,SUBSTATION,37.65079499,-122.45424984,0.002261962560958002,True
8467,66,Substation,' ',35.45465829,-118.992237,Petrol,pge,SUBSTATION,35.4546256,-118.99217923,0.006371276319865366,True
8468,115,Substation,' ',35.45463751,-118.9921864,Petrol,pge,SUBSTATION,35.4546256,-118.99217923,0.0014749979943164005,True
8469,66,Substation,' ',37.37704703,-121.9542021,Scott,svp,SUBSTATION,37.3770882,-121.95418391,0.004851860119502831,True
8470,115,Substation,' ',37.37704667,-121.9541796,Scott,svp,SUBSTATION,37.3770882,-121.95418391,0.004633602600876881,True
8471,66,Substation,' ',32.90609709,-115.5138901,Mesquite Research Recovery,iid,SUBSTATION,32.90608274,-115.51387927,0.0018889897083771813,True
8472,115,Substation,' ',32.90606633,-115.5138748,Mesquite Research Recovery,iid,SUBSTATION,32.90608274,-115.51387927,0.0018718170081806532,True
8475,230,Substation,' ',38.58729426,-121.4181505,Hurley,smud,SUBSTATION,38.58730943,-121.41817976,0.0030517423332187665,True
8476,66,Substation,' ',38.58734227,-121.4182254,Hurley,smud,SUBSTATION,38.58730943,-121.41817976,0.005391708327561333,True
8477,115,Substation,' ',38.58730278,-121.4181639,Hurley,smud,SUBSTATION,38.58730943,-121.41817976,0.0015642986357261805,True
8480,230,Substation,' ',34.77653852,-118.7747463,Bailey,sce,SUBSTATION,34.77650703,-118.77470327,0.005263674945835906,True
8481,66,Substation,' ',34.77647168,-118.7747613,Bailey,sce,SUBSTATION,34.77650703,-118.77470327,0.0065986134572162455,True
8486,230,Substation,' ',33.19231968,-115.4344433,Midway - (IID),iid,SUBSTATION,33.19235778,-115.43446264,0.004602913987193227,True
8487,115,Substation,' ',33.19240512,-115.4344666,Midway - (IID),iid,SUBSTATION,33.19235778,-115.43446264,0.005276849369905092,True
8488,230,Substation,' ',37.71241873,-121.5648323,Tesla,pge,SUBSTATION,37.71239139,-121.56484479,0.003232512034948544,True
8489,500,Substation,' ',37.71239956,-121.564845,Tesla,pge,SUBSTATION,37.71239139,-121.56484479,0.0009086503444298131,True
8490,66,Substation,' ',37.71244148,-121.5648307,Tesla,pge,SUBSTATION,37.71239139,-121.56484479,0.005705992271600773,True
8491,115,Substation,' ',37.7123613,-121.5648526,Tesla,pge,SUBSTATION,37.71239139,-121.56484479,0.0034156595109162166,True
8492,230,Substation,' ',34.29117261,-114.1712965,Gene,sce_assumed,SUBSTATION,34.29115679,-114.17127466,0.0026683403807951744,True
8493,66,Substation,' ',34.29119485,-114.1712708,Gene,sce_assumed,SUBSTATION,34.29115679,-114.17127466,0.004246909387753372,True
8494,66,Substation,' ',32.95547516,-115.5360384,Unknown - 2591,iid,SUBSTATION,32.9554748,-115.53601419,0.0022592190036500397,True
8495,115,Substation,' ',32.95550966,-115.5360311,Unknown - 2591,iid,SUBSTATION,32.9554748,-115.53601419,0.004185051605986101,True
8496,230,Substation,' ',35.65249117,-117.7957761,Inyokern,sce,SUBSTATION,35.65251377,-117.79578864,0.002756620119927646,True
8497,66,Substation,' ',35.65256098,-117.7958443,Inyokern,sce,SUBSTATION,35.65251377,-117.79578864,0.007269722568028977,True
8498,115,Substation,' ',35.6524786,-117.7958421,Inyokern,sce,SUBSTATION,35.65251377,-117.79578864,0.006214939173649966,True
8501,66,Substation,' ',33.93261159,-116.5051758,Coffee,sce,SUBSTATION,33.93261085,-116.50515284,0.0021198376167684317,True
8502,115,Substation,' ',33.93263853,-116.5051906,Coffee,sce,SUBSTATION,33.93261085,-116.50515284,0.0046485668575955074,True
8503,230,Substation,' ',39.55524025,-121.644835,Table Mt.,pge,SUBSTATION,39.55527542,-121.64477404,0.006527441164931638,True
8504,500,Substation,' ',39.55531107,-121.6447716,Table Mt.,pge,SUBSTATION,39.55527542,-121.64477404,0.003969614744789255,True
8505,66,Substation,' ',39.55523152,-121.644793,Table Mt.,pge,SUBSTATION,39.55527542,-121.64477404,0.005144981685319135,True
8506,115,Substation,' ',39.55526209,-121.6447486,Table Mt.,pge,SUBSTATION,39.55527542,-121.64477404,0.0026370268687798877,True
8507,230,Substation,' ',37.82120821,-121.6609017,Wind Driven,pge,SUBSTATION,37.8212365,-121.6609238,0.0036964330854399167,True
8508,66,Substation,' ',37.82122073,-121.6609024,Wind Driven,pge,SUBSTATION,37.8212365,-121.6609238,0.002570632266835346,True
8511,230,Substation,' ',38.07693736,-122.5405147,Ignacio,pge,SUBSTATION,38.07692364,-122.54055045,0.003481306414190053,True
8512,66,Substation,' ',38.07696184,-122.540554,Ignacio,pge,SUBSTATION,38.07692364,-122.54055045,0.004258996833500674,True
8513,115,Substation,' ',38.07689652,-122.5406123,Ignacio,pge,SUBSTATION,38.07692364,-122.54055045,0.006197008343822612,True
8522,230,Substation,' ',42.00660274,-121.3166427,Malin,bpa,SUBSTATION ASSUMED,42.00660694,-121.3165859,0.004716299852110939,True
8523,500,Substation,' ',42.00665191,-121.3166395,Malin,bpa,SUBSTATION ASSUMED,42.00660694,-121.3165859,0.0066796629126455315,True
8524,66,Substation,' ',37.98526516,-122.3368032,San Pablo,pge,SUBSTATION,37.98529144,-122.33681203,0.00302293481135632,True
8525,115,Substation,' ',37.98526683,-122.3368173,San Pablo,pge,SUBSTATION,37.98529144,-122.33681203,0.002775209986389074,True
8526,230,Substation,' ',33.76401376,-118.2276395,Main Oil,sce,SUBSTATION ASSUMED,33.76399405,-118.22759189,0.004916582528767134,True
8527,66,Substation,' ',33.76397222,-118.2275881,Main Oil,sce,SUBSTATION ASSUMED,33.76399405,-118.22759189,0.002452538055282009,True
8528,230,Substation,' ',40.79219236,-122.7673924,Trinity - (WAPA),wapa,SUBSTATION,40.7921975,-122.76738409,0.0009033581387092693,True
8529,66,Substation,' ',40.79216603,-122.7674276,Trinity - (WAPA),wapa,SUBSTATION,40.7921975,-122.76738409,0.005065722660483796,True
8532,66,Substation,' ',32.97036114,-115.5342611,Rio Vista - (IID),iid,SUBSTATION,32.97039175,-115.53420659,0.006119077853351658,True
8533,115,Substation,' ',32.97039541,-115.534179,Rio Vista - (IID),iid,SUBSTATION,32.97039175,-115.53420659,0.0026057707548120573,True
8534,230,Substation,' ',38.12736919,-121.8308081,High Winds,pge,SUBSTATION,38.12739084,-121.83076389,0.0045551759863996085,True
8535,500,Substation,' ',38.12735372,-121.8307367,High Winds,pge,SUBSTATION,38.12739084,-121.83076389,0.004763729835135444,True
8540,66,Substation,' ',38.29545728,-122.2788672,Napa,pge,SUBSTATION,38.29544687,-122.27890179,0.0032329511822443767,True
8541,115,Substation,' ',38.29545198,-122.2788719,Napa,pge,SUBSTATION,38.29544687,-122.27890179,0.002669628706783768,True
8542,230,Substation,' ',40.0861195,-121.1486435,Caribou,pge,SUBSTATION ASSUMED,40.08603093,-121.14894052,0.027119762824262088,True
8543,66,Substation,' ',40.08611134,-121.1487146,Caribou,pge,SUBSTATION ASSUMED,40.08603093,-121.14894052,0.021197629636598353,True
8544,115,Substation,' ',40.08608078,-121.1486931,Caribou,pge,SUBSTATION ASSUMED,40.08603093,-121.14894052,0.021766349168130358,True
8545,66,Substation,' ',32.67000086,-115.4362865,Border - (IID),iid,SUBSTATION,32.6700103,-115.43627644,0.0014101521110837483,True
8546,115,Substation,' ',32.66999279,-115.436283,Border - (IID),iid,SUBSTATION,32.6700103,-115.43627644,0.0020415534243708976,True
8551,230,Substation,' ',33.89569461,-118.3732787,El Nido - (SCE),sce,SUBSTATION,33.89565377,-118.37330991,0.0053777737400368935,True
8552,66,Substation,' ',33.89569302,-118.3733574,El Nido - (SCE),sce,SUBSTATION,33.89565377,-118.37330991,0.00618551942144451,True
8553,230,Substation,' ',40.99101788,-121.4978393,Pit 1,pge,SUBSTATION,40.99102969,-121.49777812,0.005300179287552176,True
8554,66,Substation,' ',40.99102695,-121.4977594,Pit 1,pge,SUBSTATION,40.99102969,-121.49777812,0.0016004613686565845,True
8555,230,Substation,' ',32.85966256,-116.8991849,Los Coches - (SDG&E),sdge,SUBSTATION,32.85960893,-116.89919737,0.006076066592103042,True
8556,66,Substation,' ',32.85962802,-116.8992008,Los Coches - (SDG&E),sdge,SUBSTATION,32.85960893,-116.89919737,0.002146751792735377,True
8561,66,Substation,' ',38.90969662,-121.542537,East Nicolaus,pge,SUBSTATION,38.90969743,-121.54248504,0.004496734390941282,True
8562,115,Substation,' ',38.90971428,-121.5424499,East Nicolaus,pge,SUBSTATION,38.90969743,-121.54248504,0.0035714208256009796,True
8565,230,Substation,' ',39.02426495,-120.5964417,Middle Fork,pge,SUBSTATION,39.02424224,-120.59639709,0.0046073140292703365,True
8566,66,Substation,' ',39.0242176,-120.596375,Middle Fork,pge,SUBSTATION,39.02424224,-120.59639709,0.0033388837451629083,True
8569,230,Substation,' ',33.92880827,-118.1057578,Center,sce,SUBSTATION,33.92882516,-118.10574248,0.002350540964404351,True
8570,66,Substation,' ',33.92887029,-118.1057597,Center,sce,SUBSTATION,33.92882516,-118.10574248,0.005263718257080879,True
8571,66,Substation,' ',33.84774654,-118.3033435,Halldale,ladwp,SUBSTATION,33.8477688,-118.30330746,0.004147779050455285,True
8572,115,Substation,' ',33.84778553,-118.3032851,Halldale,ladwp,SUBSTATION,33.8477688,-118.30330746,0.0027793258509592215,True
8573,230,Substation,' ',36.61081221,-119.6391792,McCall,pge,SUBSTATION,36.61082397,-119.63919798,0.00212596769466199,True
8574,115,Substation,' ',36.61084886,-119.6392455,McCall,pge,SUBSTATION,36.61082397,-119.63919798,0.005064580483581383,True
8575,230,Substation,' ',38.01838518,-122.0612753,Tesoro,pge_assumed,SUBSTATION,38.01842007,-122.06130268,0.0045611486188967924,True
8576,66,Substation,' ',38.01838543,-122.061269,Tesoro,pge_assumed,SUBSTATION,38.01842007,-122.06130268,0.004851920752553072,True
8577,66,Substation,' ',39.25664803,-120.7667715,Drum 1,pge,SUBSTATION,39.25666204,-120.7667826,0.0018276371635459806,True
8578,115,Substation,' ',39.25668413,-120.7667659,Drum 1,pge,SUBSTATION,39.25666204,-120.7667826,0.002846203803851155,True
8579,230,Substation,' ',34.15084119,-118.1843115,Eagle Rock - (SCE),sce,SUBSTATION,34.15085125,-118.18430624,0.0012188507154185801,True
8580,66,Substation,' ',34.15090533,-118.1843309,Eagle Rock - (SCE),sce,SUBSTATION,34.15085125,-118.18430624,0.0064273360117798155,True
8581,66,Substation,' ',39.33739981,-120.2212791,Truckee Donner,pge_assumed,SUBSTATION,39.33736165,-120.22124954,0.00494646148174357,True
8582,115,Substation,' ',39.3373937,-120.2212761,Truckee Donner,pge_assumed,SUBSTATION,39.33736165,-120.22124954,0.004232986814034377,True
8583,230,Substation,' ',34.06832037,-118.4883739,Kenter Canyon,ladwp,SUBSTATION,34.06827944,-118.48838572,0.004679622604124219,True
8584,115,Substation,' ',34.06832049,-118.4883642,Kenter Canyon,ladwp,SUBSTATION,34.06827944,-118.48838572,0.0049763769830910186,True
8587,66,Substation,' ',37.55159911,-122.2928268,Bay Meadows,pge,SUBSTATION,37.55157542,-122.29284459,0.0030657126848257546,True
8588,115,Substation,' ',37.55156531,-122.2928937,Bay Meadows,pge,SUBSTATION,37.55157542,-122.29284459,0.004472911381949918,True
8589,230,Substation,' ',33.21143869,-117.3345195,San Luis Rey,sdge,SUBSTATION,33.2114699,-117.33453713,0.0038384534215796786,True
8590,66,Substation,' ',33.21149374,-117.3345537,San Luis Rey,sdge,SUBSTATION,33.2114699,-117.33453713,0.0030665184420111606,True
8591,66,Substation,' ',37.49041743,-122.2130487,Redwood City,pge,SUBSTATION,37.49046173,-122.21305076,0.00492928708428035,True
8592,115,Substation,' ',37.49050174,-122.2130761,Redwood City,pge,SUBSTATION,37.49046173,-122.21305076,0.004979070931322659,True
8593,230,Substation,' ',35.0994889,-118.3781251,Highwind,sce,SUBSTATION,35.09945022,-118.37811143,0.0044772057879048,True
8594,66,Substation,' ',35.09949439,-118.3781208,Highwind,sce,SUBSTATION,35.09945022,-118.37811143,0.004984904873810592,True
8599,66,Substation,' ',33.79818926,-118.2578819,Station C (Wilmington),ladwp,SUBSTATION,33.7981904,-118.25786888,0.0012097494584161162,True
8600,115,Substation,' ',33.7982105,-118.2579099,Station C (Wilmington),ladwp,SUBSTATION,33.7981904,-118.25786888,0.004400259140116701,True
8603,500,Substation,' ',32.74652429,-114.4904054,North Gila,sdge,SUBSTATION ASSUMED,32.7464981,-114.4903456,0.006305462271495101,True
8604,115,Substation,' ',32.74652769,-114.490333,North Gila,sdge,SUBSTATION ASSUMED,32.7464981,-114.4903456,0.003494910216869452,True
8607,230,Substation,' ',34.03829757,-118.3707365,Station D (Fairfax),ladwp,SUBSTATION,34.03824695,-118.37074556,0.0056902583222988405,True
8608,115,Substation,' ',34.03820636,-118.3707952,Station D (Fairfax),ladwp,SUBSTATION,34.03824695,-118.37074556,0.006425900626151105,True
8609,230,Substation,' ',37.91908243,-121.6767862,Brentwood,pge,SUBSTATION,37.91905242,-121.67675008,0.004601545184977868,True
8610,66,Substation,' ',37.91909304,-121.6767672,Brentwood,pge,SUBSTATION,37.91905242,-121.67675008,0.004759852218165923,True
8615,66,Substation,' ',40.65478853,-122.3893884,Knauf,pge_assumed,SUBSTATION,40.65481914,-122.38941739,0.004191139925158426,True
8616,115,Substation,' ',40.65483902,-122.3894407,Knauf,pge_assumed,SUBSTATION,40.65481914,-122.38941739,0.0029585821694525635,True
8617,230,Substation,' ',35.00890637,-120.4531634,Mesa - (PG&E),pge,SUBSTATION,35.00885973,-120.45318625,0.00558809878197303,True
8618,115,Substation,' ',35.00881883,-120.4532025,Mesa - (PG&E),pge,SUBSTATION,35.00885973,-120.45318625,0.004782623335095896,True
8621,66,Substation,' ',33.92646362,-118.3096525,Imperial Terminal Tower,ladwp,SUBSTATION,33.92644252,-118.30962721,0.0033089769503730944,True
8622,115,Substation,' ',33.92648364,-118.3096682,Imperial Terminal Tower,ladwp,SUBSTATION,33.92644252,-118.30962721,0.005933732726943319,True
8623,230,Substation,' ',38.44917123,-120.4923149,Tiger Creek,pge,SUBSTATION,38.4491701,-120.49226391,0.00444216154053005,True
8624,66,Substation,' ',38.44916405,-120.4922447,Tiger Creek,pge,SUBSTATION,38.4491701,-120.49226391,0.0018030718420685911,True
8625,115,Substation,' ',38.44916049,-120.4922426,Tiger Creek,pge,SUBSTATION,38.4491701,-120.49226391,0.002141417976371233,True
8628,230,Substation,' ',34.28094947,-118.9029903,Moorpark,sce,SUBSTATION,34.28092277,-118.9029943,0.002991565067571145,True
8629,66,Substation,' ',34.28089975,-118.9029754,Moorpark,sce,SUBSTATION,34.28092277,-118.9029943,0.0030931482842614507,True
8632,230,Substation,' ',39.45432184,-121.5176791,Palermo,pge,SUBSTATION,39.4543379,-121.51764826,0.0031937541254280404,True
8633,115,Substation,' ',39.4543164,-121.517684,Palermo,pge,SUBSTATION,39.4543379,-121.51764826,0.0038898964886562473,True
8638,66,Substation,' ',37.9162045,-122.3022292,El Cerrito Station G,pge,SUBSTATION,37.91624728,-122.30220899,0.005076551353235476,True
8639,115,Substation,' ',37.91622278,-122.3022692,El Cerrito Station G,pge,SUBSTATION,37.91624728,-122.30220899,0.005942976891870149,True
8640,230,Substation,' ',32.81590355,-117.0885222,Elliott,sdge,SUBSTATION,32.81592857,-117.08847978,0.004842989082221387,True
8641,66,Substation,' ',32.81597238,-117.0885274,Elliott,sdge,SUBSTATION,32.81592857,-117.08847978,0.006598052871023858,True
8646,230,Substation,' ',37.58304641,-122.3187042,San Mateo - (PG&E),pge,SUBSTATION,37.58306967,-122.31865074,0.00537413114961136,True
8647,66,Substation,' ',37.58310442,-122.3186317,San Mateo - (PG&E),pge,SUBSTATION,37.58306967,-122.31865074,0.004212554975336781,True
8648,115,Substation,' ',37.58302613,-122.3187099,San Mateo - (PG&E),pge,SUBSTATION,37.58306967,-122.31865074,0.007114480036034012,True
8651,230,Substation,' ',38.65715308,-121.1324092,Lake - (SMUD),smud,SUBSTATION,38.65712261,-121.13240395,0.0034186401543239166,True
8652,115,Substation,' ',38.65711911,-121.1323839,Lake - (SMUD),smud,SUBSTATION,38.65712261,-121.13240395,0.0017839488013007428,True
8653,66,Substation,' ',37.45755591,-121.9212843,Dixon Landing - (PG&E),pge,SUBSTATION,37.45754919,-121.92126489,0.0018691228527423066,True
8654,115,Substation,' ',37.45752676,-121.9213194,Dixon Landing - (PG&E),pge,SUBSTATION,37.45754919,-121.92126489,0.005419450983545966,True
8657,230,Substation,' ',34.15782472,-118.2801985,Air Way (Glendale),ladwp,SUBSTATION,34.15778706,-118.28017913,0.004551107247933817,True
8658,66,Substation,' ',34.15776976,-118.280179,Air Way (Glendale),ladwp,SUBSTATION,34.15778706,-118.28017913,0.001923709420238408,True
8659,230,Substation,' ',38.24787405,-122.2679095,Tulucay,pge,SUBSTATION,38.24782403,-122.26793574,0.006015493730770848,True
8660,66,Substation,' ',38.24781104,-122.2679742,Tulucay,pge,SUBSTATION,38.24782403,-122.26793574,0.0036559863155909266,True
8661,66,Substation,' ',38.58951476,-121.5448685,West Sacramento,pge,SUBSTATION,38.5895099,-121.54488796,0.001775578853069971,True
8662,115,Substation,' ',38.58953223,-121.5449386,West Sacramento,pge,SUBSTATION,38.5895099,-121.54488796,0.0050533923649757105,True
8663,230,Substation,' ',34.29373966,-114.1724425,Whipple,sce,SUBSTATION ASSUMED,34.29377789,-114.17245801,0.004483410253446541,True
8664,66,Substation,' ',34.29381921,-114.1724881,Whipple,sce,SUBSTATION ASSUMED,34.29377789,-114.17245801,0.005361992868542763,True
8667,66,Substation,' ',32.7810311,-115.5778831,Dahlia,iid,SUBSTATION,32.78105363,-115.5778221,0.006228705413509115,True
8668,115,Substation,' ',32.78108706,-115.5777981,Dahlia,iid,SUBSTATION,32.78105363,-115.5778221,0.004341891014191907,True
8669,66,Substation,' ',35.59266833,-118.9590675,Vedder,pge,SUBSTATION,35.59265733,-118.9590362,0.0030831768613476915,True
8670,115,Substation,' ',35.5926818,-118.9590414,Vedder,pge,SUBSTATION,35.59265733,-118.9590362,0.0027612662648888882,True
8671,230,Substation,' ',39.33097077,-121.1914929,New Colgate,pge,SUBSTATION,39.33096262,-121.19149152,0.0009139783333693385,True
8672,66,Substation,' ',39.330918,-121.1914985,New Colgate,pge,SUBSTATION,39.33096262,-121.19149152,0.004997706391625721,True
8673,230,Substation,' ',38.1176994,-121.1605966,Lockeford,pge,SUBSTATION,38.11774302,-121.16054706,0.006504455347128549,True
8674,66,Substation,' ',38.11776038,-121.160554,Lockeford,pge,SUBSTATION,38.11774302,-121.16054706,0.0020235681032434115,True
8675,115,Substation,' ',38.11769914,-121.1605893,Lockeford,pge,SUBSTATION,38.11774302,-121.16054706,0.0061205964791476155,True
8680,230,Substation,' ',35.04377294,-118.2764293,Westwind - (SCE),sce,SUBSTATION,35.04379469,-118.27637848,0.005220488236861611,True
8681,66,Substation,' ',35.04376668,-118.2764183,Westwind - (SCE),sce,SUBSTATION,35.04379469,-118.27637848,0.004779308198234828,True
8684,230,Substation,' ',38.70751704,-121.161118,Folsom,wapa,SUBSTATION,38.70746531,-121.16113102,0.005862009798322264,True
8685,115,Substation,' ',38.70745141,-121.1610947,Folsom,wapa,SUBSTATION,38.70746531,-121.16113102,0.003510123932434152,True
8688,230,Substation,' ',34.06713747,-118.2261373,Station A (St. John),ladwp,SUBSTATION,34.06709741,-118.22610741,0.0052366528723708965,True
8689,66,Substation,' ',34.06705972,-118.2261318,Station A (St. John),ladwp,SUBSTATION,34.06709741,-118.22610741,0.00475512414372624,True
8690,66,Substation,' ',35.57824487,-119.5442403,North Generator,pge,SUBSTATION,35.57819779,-119.54424744,0.005274730366270638,True
8691,115,Substation,' ',35.57817465,-119.5442801,North Generator,pge,SUBSTATION,35.57819779,-119.54424744,0.003917247920012646,True
8692,66,Substation,' ',36.95191401,-121.7602529,Green Valley - (PG&E),pge,SUBSTATION,36.95193511,-121.7602839,0.0036184146043339647,True
8693,115,Substation,' ',36.95196933,-121.7603222,Green Valley - (PG&E),pge,SUBSTATION,36.95193511,-121.7602839,0.005105046666980265,True
8694,230,Substation,' ',38.50839452,-121.4376099,Wire-48Th,smud,SUBSTATION,38.50838973,-121.43764367,0.0029862749546474623,True
8695,66,Substation,' ',38.50837589,-121.4376332,Wire-48Th,smud,SUBSTATION,38.50838973,-121.43764367,0.0017883728997339864,True
8702,230,Substation,' ',40.80747176,-121.9358253,Round Mt.,pge,SUBSTATION,40.8077762,-121.93584909,0.033911346322100265,True
8703,500,Substation,' ',40.80750267,-121.9358596,Round Mt.,pge,SUBSTATION,40.8077762,-121.93584909,0.030428008545303177,True
8704,230,Substation,' ',38.4011652,-121.9207885,Vaca-Dixon & Gc Yard,pge,SUBSTATION,38.40116261,-121.9207726,0.001415161504662177,True
8705,66,Substation,' ',38.40115074,-121.9207975,Vaca-Dixon & Gc Yard,pge,SUBSTATION,38.40116261,-121.9207726,0.002539726265472034,True
8706,115,Substation,' ',38.40111887,-121.92076,Vaca-Dixon & Gc Yard,pge,SUBSTATION,38.40116261,-121.9207726,0.004986061618481474,True
8711,66,Substation,' ',36.42965585,-121.3324869,Soledad - (PGE GBA),pge,SUBSTATION,36.42963391,-121.33248337,0.0024599732920281827,True
8712,115,Substation,' ',36.42967611,-121.3325053,Soledad - (PGE GBA),pge,SUBSTATION,36.42963391,-121.33248337,0.005086084763859817,True
8715,66,Substation,' ',38.00283792,-122.2083731,Christie,pge,SUBSTATION,38.00285704,-122.20835479,0.002663435760376732,True
8716,115,Substation,' ',38.0028542,-122.208412,Christie,pge,SUBSTATION,38.00285704,-122.20835479,0.005022642497125652,True
8719,66,Substation,' ',35.70007801,-117.3987748,Searles,sce,SUBSTATION,35.70011846,-117.39873637,0.005680920894050974,True
8720,115,Substation,' ',35.70010308,-117.3987834,Searles,sce,SUBSTATION,35.70011846,-117.39873637,0.004578195364654034,True
8721,230,Substation,' ',37.32640152,-122.0753827,Monta Vista (Upper),pge,SUBSTATION,37.32640273,-122.07541299,0.00268166629757331,True
8722,66,Substation,' ',37.32638893,-122.0754593,Monta Vista (Upper),pge,SUBSTATION,37.32640273,-122.07541299,0.004372878657929575,True
8723,115,Substation,' ',37.32641515,-122.0753798,Monta Vista (Upper),pge,SUBSTATION,37.32640273,-122.07541299,0.003243424709943839,True
8724,230,Substation,' ',34.29329752,-114.1422911,Parker - (WAPA),wapa,SUBSTATION ASSUMED,34.29328655,-114.14224964,0.003999298601163849,True
8725,66,Substation,' ',34.29328846,-114.1422158,Parker - (WAPA),wapa,SUBSTATION ASSUMED,34.29328655,-114.14224964,0.003115967411665652,True
8726,115,Substation,' ',34.29328317,-114.1423012,Parker - (WAPA),wapa,SUBSTATION ASSUMED,34.29328655,-114.14224964,0.004751461652156328,True
8727,230,Substation,' ',32.61511768,-117.0949415,South Bay,sdge,SUBSTATION,32.61514376,-117.09491153,0.004035973953935172,True
8728,66,Substation,' ',32.61518937,-117.0948944,South Bay,sdge,SUBSTATION,32.61514376,-117.09491153,0.005319327961247499,True
8729,115,Substation,' ',32.61517797,-117.0949084,South Bay,sdge,SUBSTATION,32.61514376,-117.09491153,0.0038152579670878923,True
8730,230,Substation,' ',33.93170701,-118.4258922,Hyperion,ladwp,SUBSTATION,33.93168557,-118.42591732,0.0033248380363664004,True
8731,66,Substation,' ',33.9317079,-118.4259472,Hyperion,ladwp,SUBSTATION,33.93168557,-118.42591732,0.003710062579376253,True
8732,115,Substation,' ',33.93164154,-118.4258892,Hyperion,ladwp,SUBSTATION,33.93168557,-118.42591732,0.0055407989775352485,True
8739,230,Substation,' ',37.22439742,-121.7419328,Metcalf 1,pge,SUBSTATION,37.22438153,-121.74189781,0.0035664971705880112,True
8740,115,Substation,' ',37.22442234,-121.7419435,Metcalf 1,pge,SUBSTATION,37.22438153,-121.74189781,0.006079305391252235,True
8741,230,Substation,' ',38.935181,-121.4668864,Rio Oso,pge,SUBSTATION,38.93517384,-121.46682974,0.004964987948531143,True
8742,66,Substation,' ',38.93519013,-121.4668926,Rio Oso,pge,SUBSTATION,38.93517384,-121.46682974,0.005730795274704314,True
8743,115,Substation,' ',38.93513981,-121.4668323,Rio Oso,pge,SUBSTATION,38.93517384,-121.46682974,0.0037904362989064793,True
8744,66,Substation,' ',36.59820852,-121.8530391,Del Monte,pge,SUBSTATION,36.59823294,-121.85302316,0.0030656440739307168,True
8745,115,Substation,' ',36.59819644,-121.8530802,Del Monte,pge,SUBSTATION,36.59823294,-121.85302316,0.006511618223839052,True
8752,230,Substation,' ',33.12096162,-117.1172519,Calpeak Power Enterprise 7,sdge,SUBSTATION,33.12093686,-117.11725752,0.0028024918216167922,True
8753,66,Substation,' ',33.12091339,-117.1173133,Calpeak Power Enterprise 7,sdge,SUBSTATION,33.12093686,-117.11725752,0.005813381314802012,True
8754,500,Substation,' ',38.40522235,-121.9181383,Calpeak Power Vaca Dixon 1,pge,SUBSTATION,38.40518339,-121.91809816,0.005567869471865045,True
8755,66,Substation,' ',38.40519523,-121.9181347,Calpeak Power Vaca Dixon 1,pge,SUBSTATION,38.40518339,-121.91809816,0.0034454236775645353,True
8756,115,Substation,' ',38.40516442,-121.9180629,Calpeak Power Vaca Dixon 1,pge,SUBSTATION,38.40518339,-121.91809816,0.0037268319836243373,True
8757,230,Substation,' ',32.6782604,-116.9829554,Salt Creek - SDGE Imperial,sdge,SUBSTATION ASSUMED,32.67824322,-116.98282028,0.012789961740685267,True
8758,500,Substation,' ',32.67831021,-116.9829426,Salt Creek - SDGE Imperial,sdge,SUBSTATION ASSUMED,32.67824322,-116.98282028,0.013658495592906793,True
8759,66,Substation,' ',32.67830054,-116.9829894,Salt Creek - SDGE Imperial,sdge,SUBSTATION ASSUMED,32.67824322,-116.98282028,0.017063756550231866,True
8760,115,Substation,' ',32.67825697,-116.982985,Salt Creek - SDGE Imperial,sdge,SUBSTATION ASSUMED,32.67824322,-116.98282028,0.015492518788714014,True
8761,230,Substation,' ',34.48592872,-118.1185145,Vincent,sce,SUBSTATION,34.48596106,-118.11846856,0.005537200912919946,True
8762,500,Substation,' ',34.48598213,-118.118475,Vincent,sce,SUBSTATION,34.48596106,-118.11846856,0.002416085840659865,True
8763,66,Substation,' ',40.65224465,-122.3341835,Cascade,pge,SUBSTATION,40.65219256,-122.33418755,0.005802211845228441,True
8764,115,Substation,' ',40.65224065,-122.3342342,Cascade,pge,SUBSTATION,40.65219256,-122.33418755,0.0066394310307157966,True
8765,66,Substation,' ',36.88672556,-120.6549209,Oro Loma,pge,SUBSTATION,36.88674558,-120.65490319,0.0027269841775175866,True
8766,115,Substation,' ',36.88678244,-120.6549626,Oro Loma,pge,SUBSTATION,36.88674558,-120.65490319,0.006687034775435172,True
8767,66,Substation,' ',33.61126719,-114.6805,Blythe Walc,sce_assumed,SUBSTATION,33.61125337,-114.68046584,0.003516873914817032,True
8768,115,Substation,' ',33.61123182,-114.6804928,Blythe Walc,sce_assumed,SUBSTATION,33.61125337,-114.68046584,0.0034605087360240626,True
8769,66,Substation,' ',37.33627258,-118.4808665,Control,sce,SUBSTATION,37.33631483,-118.48087292,0.004732148502371773,True
8770,115,Substation,' ',37.33631044,-118.4808509,Control,sce,SUBSTATION,37.33631483,-118.48087292,0.002007052886808923,True
8771,66,Substation,' ',40.94012133,-122.4309918,Dog Creek,pacificorp,SUBSTATION,40.94012782,-122.43099432,0.0007520573588632492,True
8772,115,Substation,' ',40.94011893,-122.4310412,Dog Creek,pacificorp,SUBSTATION,40.94012782,-122.43099432,0.004059918639172429,True
8773,66,Substation,' ',33.77298576,-118.2399988,Station 119,ladwp,SUBSTATION,33.77294526,-118.23998979,0.004579750554309035,True
8774,115,Substation,' ',33.77298297,-118.2400074,Station 119,ladwp,SUBSTATION,33.77294526,-118.23998979,0.004497999965621068,True
8775,230,Substation,' ',38.58812471,-121.4742515,North City,smud,SUBSTATION,38.58811994,-121.47426234,0.0010812015553843671,True
8776,66,Substation,' ',38.58809802,-121.4742531,North City,smud,SUBSTATION,38.58811994,-121.47426234,0.0025662915047612424,True
8777,115,Substation,' ',38.58810274,-121.4743057,North City,smud,SUBSTATION,38.58811994,-121.47426234,0.004226183622156514,True
8778,230,Substation,' ',37.49291926,-122.1379289,Ravenswood,pge,SUBSTATION,37.49296318,-122.13793301,0.004897124121292007,True
8779,115,Substation,' ',37.49299496,-122.1379112,Ravenswood,pge,SUBSTATION,37.49296318,-122.13793301,0.004023689123578923,True
8780,230,Substation,' ',37.69333978,-121.6950855,Lawrence Livermore,wapa,SUBSTATION,37.69332045,-121.69507411,0.0023715568558260332,True
8781,115,Substation,' ',37.69328365,-121.6950968,Lawrence Livermore,wapa,SUBSTATION,37.69332045,-121.69507411,0.004553026268498822,True
8782,230,Substation,' ',34.10944715,-118.2544033,Station G (Atwater),ladwp,SUBSTATION,34.10941325,-118.25441763,0.003993714135585781,True
8783,66,Substation,' ',34.10942599,-118.2544145,Station G (Atwater),ladwp,SUBSTATION,34.10941325,-118.25441763,0.0014456353204432956,True
8788,230,Substation,' ',37.51696477,-121.2311782,Westley - (Other),pge,SUBSTATION,37.51693802,-121.23112332,0.0056811428203496364,True
8789,115,Substation,' ',37.51692296,-121.2311406,Westley - (Other),pge,SUBSTATION,37.51693802,-121.23112332,0.0022642821508664546,True
8790,230,Substation,' ',33.1414468,-117.2388142,Shadowridge,sdge,SUBSTATION,33.1414813,-117.2387575,0.00652577103494389,True
8791,66,Substation,' ',33.14148562,-117.2388064,Shadowridge,sdge,SUBSTATION,33.1414813,-117.2387575,0.004578158063864306,True
8792,230,Substation,' ',34.1513409,-118.0878857,Goodrich,sce,SUBSTATION,34.15135145,-118.08790942,0.00247799155135686,True
8793,66,Substation,' ',34.15138288,-118.0878953,Goodrich,sce,SUBSTATION,34.15135145,-118.08790942,0.003728574476627496,True
8796,230,Substation,' ',37.66795895,-120.9171077,Parker - (Other),pge_assumed,SUBSTATION,37.66791063,-120.91706377,0.006619617341930006,True
8797,66,Substation,' ',37.66792123,-120.9170827,Parker - (Other),pge_assumed,SUBSTATION,37.66791063,-120.91706377,0.002040935822834237,True
8798,115,Substation,' ',37.66790077,-120.917063,Parker - (Other),pge_assumed,SUBSTATION,37.66791063,-120.91706377,0.0010984747366879863,True
8805,230,Substation,' ',34.10514835,-117.9808049,Rio Hondo,sce,SUBSTATION,34.1051297,-117.98078743,0.0026244557010716187,True
8806,500,Substation,' ',34.10512387,-117.9808133,Rio Hondo,sce,SUBSTATION,34.1051297,-117.98078743,0.0024685073086139885,True
8807,66,Substation,' ',34.10508699,-117.9808239,Rio Hondo,sce,SUBSTATION,34.1051297,-117.98078743,0.005816286965924197,True
8808,230,Substation,' ',32.76607333,-117.1923717,Old Town,sdge,SUBSTATION,32.76607024,-117.19237208,0.0003454245654168263,True
8809,66,Substation,' ',32.76608849,-117.1924158,Old Town,sdge,SUBSTATION,32.76607024,-117.19237208,0.004563903359991432,True
8810,115,Substation,' ',32.76609084,-117.1923431,Old Town,sdge,SUBSTATION,32.76607024,-117.19237208,0.0035481528475493898,True
8813,66,Substation,' ',37.4019383,-121.9665303,Northern Receiving Station,svp,SUBSTATION,37.40195988,-121.96649495,0.0039380674649854945,True
8814,115,Substation,' ',37.40201017,-121.9664657,Northern Receiving Station,svp,SUBSTATION,37.40195988,-121.96649495,0.006160034710973502,True
8823,66,Substation,' ',33.40941449,-117.5906247,San Mateo - (SDG&E),sdge,SUBSTATION,33.40945562,-117.59059984,0.005122605648614388,True
8824,115,Substation,' ',33.40950895,-117.5906592,San Mateo - (SDG&E),sdge,SUBSTATION,33.40945562,-117.59059984,0.00809465952498563,True
8829,66,Substation,' ',37.9198224,-121.2403159,Weber,pge,SUBSTATION,37.91984596,-121.24026094,0.0054868229870869535,True
8830,115,Substation,' ',37.91982164,-121.2402435,Weber,pge,SUBSTATION,37.91984596,-121.24026094,0.003106983408865444,True
8831,230,Substation,' ',34.31207749,-118.4901154,Sylmar West,ladwp,SUBSTATION,34.31211684,-118.49007399,0.005797429443095485,True
8832,500,Substation,' ',34.31208957,-118.4901225,Sylmar West,ladwp,SUBSTATION,34.31211684,-118.49007399,0.005389362157847456,True
8833,230,Substation,' ',34.28062227,-118.4783448,Rinaldi,ladwp,SUBSTATION,34.28064796,-118.47831924,0.0036980094930261684,True
8834,500,Substation,' ',34.28066368,-118.4783664,Rinaldi,ladwp,SUBSTATION,34.28064796,-118.47831924,0.004672311289184077,True
8835,66,Substation,' ',34.28061616,-118.4782958,Rinaldi,ladwp,SUBSTATION,34.28064796,-118.47831924,0.004140227011188365,True
8836,66,Substation,' ',32.9170824,-117.2190472,Doublett,sdge,SUBSTATION,32.91704485,-117.21907745,0.005040501399825533,True
8837,115,Substation,' ',32.9170598,-117.2190911,Doublett,sdge,SUBSTATION,32.91704485,-117.21907745,0.0020944889180966966,True
8838,230,Substation,' ',33.12586972,-117.1167459,Escondido,sdge,SUBSTATION,33.12588403,-117.11669124,0.0053329976330214746,True
8839,66,Substation,' ',33.12591326,-117.1167512,Escondido,sdge,SUBSTATION,33.12588403,-117.11669124,0.006460721743694023,True
8842,66,Substation,' ',35.26170308,-120.6348653,San Luis Obispo,pge,SUBSTATION,35.26168595,-120.63485317,0.0022002402084425983,True
8843,115,Substation,' ',35.26169829,-120.6349069,San Luis Obispo,pge,SUBSTATION,35.26168595,-120.63485317,0.0050676254867674485,True
8846,230,Substation,' ',40.79119302,-121.9377536,Cedar Creek,pge,SUBSTATION,40.79120843,-121.93777475,0.0024711066041449414,True
8847,66,Substation,' ',40.79119112,-121.9377684,Cedar Creek,pge,SUBSTATION,40.79120843,-121.93777475,0.0019976399693249934,True
8848,230,Substation,' ',37.84780829,-122.1608615,Moraga - (PG&E),pge,SUBSTATION,37.84775896,-122.16081867,0.0066506007302931745,True
8849,115,Substation,' ',37.84775964,-122.1608387,Moraga - (PG&E),pge,SUBSTATION,37.84775896,-122.16081867,0.0017603465719278316,True
8850,66,Substation,' ',32.81236596,-115.3880192,Holtville,iid,SUBSTATION,32.81240903,-115.38798285,0.005871627076188113,True
8851,115,Substation,' ',32.81244195,-115.388001,Holtville,iid,SUBSTATION,32.81240903,-115.38798285,0.004034423375545516,True
8852,230,Substation,' ',38.79556257,-120.6219014,El Dorado,pge,SUBSTATION ASSUMED,38.79560026,-120.6219084,0.0042346158313877535,True
8853,115,Substation,' ',38.79562108,-120.621932,El Dorado,pge,SUBSTATION ASSUMED,38.79560026,-120.6219084,0.0030891254786503636,True
8856,66,Substation,' ',34.07460077,-117.2917341,Homart,sce,SUBSTATION,34.07455508,-117.29170399,0.005788119295802607,True
8857,115,Substation,' ',34.0745972,-117.2917426,Homart,sce,SUBSTATION,34.07455508,-117.29170399,0.005880602850999469,True
8860,230,Substation,' ',32.69645166,-117.1434555,Main Street,sdge,SUBSTATION ASSUMED,32.69649223,-117.14346709,0.004639714843262242,True
8861,66,Substation,' ',32.69651586,-117.1435039,Main Street,sdge,SUBSTATION ASSUMED,32.69649223,-117.14346709,0.004332273899016106,True
8862,115,Substation,' ',32.69651413,-117.143455,Main Street,sdge,SUBSTATION ASSUMED,32.69649223,-117.14346709,0.002685134497160313,True
8863,230,Substation,' ',34.36666329,-117.3686289,Lugo,sce,SUBSTATION,34.36662345,-117.36861843,0.004533040005229371,True
8864,500,Substation,' ',34.36659965,-117.3686115,Lugo,sce,SUBSTATION,34.36662345,-117.36861843,0.0027218056659887397,True
8865,230,Substation,' ',35.84170572,-119.0850329,Vestal,sce,SUBSTATION,35.84173851,-119.08503548,0.0036534907450057334,True
8866,66,Substation,' ',35.84173559,-119.085093,Vestal,sce,SUBSTATION,35.84173851,-119.08503548,0.005194939059577446,True
8867,66,Substation,' ',38.90126467,-121.0878419,Placer,pge,SUBSTATION,38.90125009,-121.08784534,0.0016483248515485704,True
8868,115,Substation,' ',38.90129874,-121.0878804,Placer,pge,SUBSTATION,38.90125009,-121.08784534,0.00620232321039361,True
